strategy,up,score,nikkei,tp,sl,hold,dev_signals,dev_losses,dev_holds,dev_avg_return,dev_pf,dev_dd,dev_annual_signals,dev_positive_months,dev_months,dev_monthly_positive_ratio,dev_monthly_plus5_ratio,dev_avg_month_return,dev_avg_month_profit_jpy,dev_worst_month_return,dev_oos_cumulative_return,dev_compound_return,dev_compound_final_capital,dev_expected_value,dev_avg_win,dev_avg_loss,devh1_signals,devh1_losses,devh1_holds,devh1_avg_return,devh1_pf,devh1_dd,devh1_annual_signals,devh1_positive_months,devh1_months,devh1_monthly_positive_ratio,devh1_monthly_plus5_ratio,devh1_avg_month_return,devh1_avg_month_profit_jpy,devh1_worst_month_return,devh1_oos_cumulative_return,devh1_compound_return,devh1_compound_final_capital,devh1_expected_value,devh1_avg_win,devh1_avg_loss,devh2_signals,devh2_losses,devh2_holds,devh2_avg_return,devh2_pf,devh2_dd,devh2_annual_signals,devh2_positive_months,devh2_months,devh2_monthly_positive_ratio,devh2_monthly_plus5_ratio,devh2_avg_month_return,devh2_avg_month_profit_jpy,devh2_worst_month_return,devh2_oos_cumulative_return,devh2_compound_return,devh2_compound_final_capital,devh2_expected_value,devh2_avg_win,devh2_avg_loss,dev_objective,devh1_objective,devh2_objective,stability_objective,validation_signals,validation_losses,validation_holds,validation_avg_return,validation_pf,validation_dd,validation_annual_signals,validation_positive_months,validation_months,validation_monthly_positive_ratio,validation_monthly_plus5_ratio,validation_avg_month_return,validation_avg_month_profit_jpy,validation_worst_month_return,validation_oos_cumulative_return,validation_compound_return,validation_compound_final_capital,validation_expected_value,validation_avg_win,validation_avg_loss,validation_avg_lower,validation_pass,oos_signals,oos_losses,oos_holds,oos_avg_return,oos_pf,oos_dd,oos_annual_signals,oos_positive_months,oos_months,oos_monthly_positive_ratio,oos_monthly_plus5_ratio,oos_avg_month_return,oos_avg_month_profit_jpy,oos_worst_month_return,oos_oos_cumulative_return,oos_compound_return,oos_compound_final_capital,oos_expected_value,oos_avg_win,oos_avg_loss,oos_pf_ratio,oos_insufficient_data,oos_pass,diagnostic_fold,fold
UP25_SCORE80_NIKKEION_TP3.5_SL2.0_H1,25,80,True,3.5,2.0,1,116,9,45,7.177511357065897,33.970624098581304,-10.33622129121242,55.0962288686606,20,27,74.07407407407408,74.07407407407408,43.10458185134493,431045.8185134493,-3.752010572651909,278068.1775941826,278068.1775941826,2781681775.941826,7.177511357065897,8.017232117751883,-2.8058354644230428,47,5,20,6.245457681698634,18.208180565528576,-10.33622129121242,46.903688524590166,10,14,71.42857142857143,71.42857142857143,26.19495379105432,261949.5379105432,-3.752010572651909,1555.4790546992144,1555.4790546992144,16554790.546992144,6.245457681698634,7.3951065298161245,-3.411592642488284,69,4,25,7.812388498258091,66.78206415656224,-4.894810173949993,85.7219387755102,10,13,76.92307692307693,76.92307692307693,61.3149505316579,613149.505316579,0.0,16702.881124021413,16702.881124021413,168028811.24021414,7.812388498258091,8.419220959187292,-2.048638991841492,156.50472817607843,155.9756276469779,157.23777107939688,155.9756276469779,66,11,19,7.056969031586117,11.966254629049502,-19.47297609778608,48.50402414486921,10,18,55.55555555555556,50.0,35.421008975521765,354210.08975521766,-12.028968154932995,8018.286532495462,8018.286532495462,81182865.32495461,7.056969031586117,9.240582991853689,-3.861100769751748,4.223510100866262,True,58,12,13,5.002454939444261,7.604996978951056,-15.941576232891974,61.5828488372093,8,13,61.53846153846154,61.53846153846154,29.55582241154812,295558.2241154812,-14.194243420966137,1472.761973235372,1472.761973235372,15727619.73235372,5.002454939444261,7.26239338428473,-3.660642432444193,0.6355369507589304,False,True,1,1
UP20_SCORE80_NIKKEION_TP3.5_SL2.0_H1,20,80,True,3.5,2.0,1,116,9,45,7.177511357065897,33.970624098581304,-10.33622129121242,55.0962288686606,20,27,74.07407407407408,74.07407407407408,43.10458185134493,431045.8185134493,-3.752010572651909,278068.1775941826,278068.1775941826,2781681775.941826,7.177511357065897,8.017232117751883,-2.8058354644230428,47,5,20,6.245457681698634,18.208180565528576,-10.33622129121242,46.903688524590166,10,14,71.42857142857143,71.42857142857143,26.19495379105432,261949.5379105432,-3.752010572651909,1555.4790546992144,1555.4790546992144,16554790.546992144,6.245457681698634,7.3951065298161245,-3.411592642488284,69,4,25,7.812388498258091,66.78206415656224,-4.894810173949993,85.7219387755102,10,13,76.92307692307693,76.92307692307693,61.3149505316579,613149.505316579,0.0,16702.881124021413,16702.881124021413,168028811.24021414,7.812388498258091,8.419220959187292,-2.048638991841492,156.50472817607843,155.9756276469779,157.23777107939688,155.9756276469779,66,11,19,7.056969031586117,11.966254629049502,-19.47297609778608,48.50402414486921,10,18,55.55555555555556,50.0,35.421008975521765,354210.08975521766,-12.028968154932995,8018.286532495462,8018.286532495462,81182865.32495461,7.056969031586117,9.240582991853689,-3.861100769751748,4.223510100866262,True,58,12,13,5.002454939444261,7.604996978951056,-15.941576232891974,61.5828488372093,8,13,61.53846153846154,61.53846153846154,29.55582241154812,295558.2241154812,-14.194243420966137,1472.761973235372,1472.761973235372,15727619.73235372,5.002454939444261,7.26239338428473,-3.660642432444193,0.6355369507589304,False,True,1,1
UP30_SCORE80_NIKKEION_TP3.5_SL2.0_H1,30,80,True,3.5,2.0,1,116,9,45,7.177511357065897,33.970624098581304,-10.33622129121242,55.0962288686606,20,27,74.07407407407408,74.07407407407408,43.10458185134493,431045.8185134493,-3.752010572651909,278068.1775941826,278068.1775941826,2781681775.941826,7.177511357065897,8.017232117751883,-2.8058354644230428,47,5,20,6.245457681698634,18.208180565528576,-10.33622129121242,46.903688524590166,10,14,71.42857142857143,71.42857142857143,26.19495379105432,261949.5379105432,-3.752010572651909,1555.4790546992144,1555.4790546992144,16554790.546992144,6.245457681698634,7.3951065298161245,-3.411592642488284,69,4,25,7.812388498258091,66.78206415656224,-4.894810173949993,85.7219387755102,10,13,76.92307692307693,76.92307692307693,61.3149505316579,613149.505316579,0.0,16702.881124021413,16702.881124021413,168028811.24021414,7.812388498258091,8.419220959187292,-2.048638991841492,156.50472817607843,155.9756276469779,157.23777107939688,155.9756276469779,66,11,19,7.056969031586117,11.966254629049502,-19.47297609778608,48.50402414486921,10,18,55.55555555555556,50.0,35.421008975521765,354210.08975521766,-12.028968154932995,8018.286532495462,8018.286532495462,81182865.32495461,7.056969031586117,9.240582991853689,-3.861100769751748,4.223510100866262,True,58,12,13,5.002454939444261,7.604996978951056,-15.941576232891974,61.5828488372093,8,13,61.53846153846154,61.53846153846154,29.55582241154812,295558.2241154812,-14.194243420966137,1472.761973235372,1472.761973235372,15727619.73235372,5.002454939444261,7.26239338428473,-3.660642432444193,0.6355369507589304,False,True,1,1
UP30_SCORE80_NIKKEION_TP3.0_SL1.0_H1,30,80,True,3.0,1.0,1,116,11,37,6.484328498729967,28.79861615972471,-5.495802470218536,55.0962288686606,19,27,70.37037037037037,70.37037037037037,37.59786303374003,375978.6303374004,-3.98707766101809,133221.04676796906,133221.04676796906,1333210467.6796908,6.484328498729967,7.421336790977447,-2.4598415636323376,47,7,14,5.589246797925659,14.48066406299722,-5.495802470218536,46.903688524590166,9,14,64.28571428571429,64.28571428571429,22.890772998160088,228907.7299816009,-3.98707766101809,1136.6178948615238,1136.6178948615238,12366178.948615238,5.589246797925659,7.054534236560498,-2.783824279987709,69,4,23,7.094021831161889,65.64879234841993,-4.271741446625765,85.7219387755102,10,13,76.92307692307693,76.92307692307693,53.43626768744151,534362.676874415,0.0,10681.102822622372,10681.102822622372,107811028.22622374,7.094021831161889,7.647061439849416,-1.8928718100104376,155.9091999999675,154.6922687830363,157.2564631412166,154.6922687830363,66,11,13,6.632990435196908,18.166278631059704,-10.589238550065616,48.50402414486921,10,18,55.55555555555556,50.0,31.898693954492405,318986.93954492407,-6.410312276979468,6353.381786438427,6353.381786438427,64533817.86438428,6.632990435196908,8.423264353982065,-2.318379158728863,4.319301069340973,True,58,12,10,4.64319545220575,10.909404820116118,-10.647765133080334,61.5828488372093,8,13,61.53846153846154,53.84615384615385,26.22455976924677,262245.59769246774,-8.79038921755707,1224.330702783153,1224.330702783153,13243307.027831526,4.64319545220575,6.4452625659123095,-2.2647284836693973,0.6005305237069202,False,True,1,1
UP20_SCORE80_NIKKEION_TP3.0_SL1.0_H1,20,80,True,3.0,1.0,1,116,11,37,6.484328498729967,28.79861615972471,-5.495802470218536,55.0962288686606,19,27,70.37037037037037,70.37037037037037,37.59786303374003,375978.6303374004,-3.98707766101809,133221.04676796906,133221.04676796906,1333210467.6796908,6.484328498729967,7.421336790977447,-2.4598415636323376,47,7,14,5.589246797925659,14.48066406299722,-5.495802470218536,46.903688524590166,9,14,64.28571428571429,64.28571428571429,22.890772998160088,228907.7299816009,-3.98707766101809,1136.6178948615238,1136.6178948615238,12366178.948615238,5.589246797925659,7.054534236560498,-2.783824279987709,69,4,23,7.094021831161889,65.64879234841993,-4.271741446625765,85.7219387755102,10,13,76.92307692307693,76.92307692307693,53.43626768744151,534362.676874415,0.0,10681.102822622372,10681.102822622372,107811028.22622374,7.094021831161889,7.647061439849416,-1.8928718100104376,155.9091999999675,154.6922687830363,157.2564631412166,154.6922687830363,66,11,13,6.632990435196908,18.166278631059704,-10.589238550065616,48.50402414486921,10,18,55.55555555555556,50.0,31.898693954492405,318986.93954492407,-6.410312276979468,6353.381786438427,6353.381786438427,64533817.86438428,6.632990435196908,8.423264353982065,-2.318379158728863,4.319301069340973,True,58,12,10,4.64319545220575,10.909404820116118,-10.647765133080334,61.5828488372093,8,13,61.53846153846154,53.84615384615385,26.22455976924677,262245.59769246774,-8.79038921755707,1224.330702783153,1224.330702783153,13243307.027831526,4.64319545220575,6.4452625659123095,-2.2647284836693973,0.6005305237069202,False,True,1,1
UP25_SCORE80_NIKKEION_TP4.0_SL1.0_H1,25,80,True,4.0,1.0,1,116,11,53,7.667732783945666,33.871925060241985,-5.495802470218536,55.0962288686606,19,27,70.37037037037037,70.37037037037037,46.27005328095275,462700.53280952753,-3.98707766101809,461150.269031264,461150.269031264,4612502690.31264,7.667732783945666,8.728716763215742,-2.4598415636323376,47,7,24,6.198724223665609,15.950658272848516,-5.495802470218536,46.903688524590166,9,14,64.28571428571429,64.28571428571429,25.9892411070586,259892.411070586,-3.98707766101809,1511.1404006413657,1511.1404006413657,16111404.006413655,6.198724223665609,7.770670211804941,-2.783824279987709,69,4,29,8.668361803266864,79.99596809227607,-4.271741446625765,85.7219387755102,10,13,76.92307692307693,76.92307692307693,68.11092792976184,681109.2792976184,0.0,28528.806579963413,28528.806579963413,286288065.7996341,8.668361803266864,9.318283871776236,-1.8928718100104376,155.9091999999675,154.6922687830363,157.2564631412166,154.6922687830363,66,11,27,7.801367625864917,21.190056306775045,-10.589238550065616,48.50402414486921,10,18,55.55555555555556,50.0,39.59043733944866,395904.3733944866,-6.410312276979468,12676.44696335634,12676.44696335634,127764469.63356338,7.801367625864917,9.825316982783674,-2.318379158728863,5.386706696664515,True,58,12,17,5.856612897043891,13.499053436131184,-10.647765133080323,61.5828488372093,8,13,61.53846153846154,61.53846153846154,34.710310408282275,347103.10408282274,-8.79038921755707,2419.750821277906,2419.750821277906,25197508.212779064,5.856612897043891,7.975223692012576,-2.2647284836693973,0.63704660528982,False,True,1,1
UP25_SCORE80_NIKKEION_TP3.0_SL1.0_H1,25,80,True,3.0,1.0,1,116,11,37,6.484328498729967,28.79861615972471,-5.495802470218536,55.0962288686606,19,27,70.37037037037037,70.37037037037037,37.59786303374003,375978.6303374004,-3.98707766101809,133221.04676796906,133221.04676796906,1333210467.6796908,6.484328498729967,7.421336790977447,-2.4598415636323376,47,7,14,5.589246797925659,14.48066406299722,-5.495802470218536,46.903688524590166,9,14,64.28571428571429,64.28571428571429,22.890772998160088,228907.7299816009,-3.98707766101809,1136.6178948615238,1136.6178948615238,12366178.948615238,5.589246797925659,7.054534236560498,-2.783824279987709,69,4,23,7.094021831161889,65.64879234841993,-4.271741446625765,85.7219387755102,10,13,76.92307692307693,76.92307692307693,53.43626768744151,534362.676874415,0.0,10681.102822622372,10681.102822622372,107811028.22622374,7.094021831161889,7.647061439849416,-1.8928718100104376,155.9091999999675,154.6922687830363,157.2564631412166,154.6922687830363,66,11,13,6.632990435196908,18.166278631059704,-10.589238550065616,48.50402414486921,10,18,55.55555555555556,50.0,31.898693954492405,318986.93954492407,-6.410312276979468,6353.381786438427,6353.381786438427,64533817.86438428,6.632990435196908,8.423264353982065,-2.318379158728863,4.319301069340973,True,58,12,10,4.64319545220575,10.909404820116118,-10.647765133080334,61.5828488372093,8,13,61.53846153846154,53.84615384615385,26.22455976924677,262245.59769246774,-8.79038921755707,1224.330702783153,1224.330702783153,13243307.027831526,4.64319545220575,6.4452625659123095,-2.2647284836693973,0.6005305237069202,False,True,1,1
UP25_SCORE80_NIKKEION_TP3.5_SL1.0_H1,25,80,True,3.5,1.0,1,116,11,44,7.2168975900339,31.939173733824312,-5.495802470218525,55.0962288686606,19,27,70.37037037037037,70.37037037037037,43.35215902990953,433521.59029909526,-3.98707766101809,289298.804651491,289298.804651491,2893988046.5149097,7.2168975900339,8.230651215656076,-2.4598415636323376,47,7,20,5.943967168255556,15.3362115672681,-5.495802470218525,46.903688524590166,9,14,64.28571428571429,64.28571428571429,24.76999192313445,247699.9192313445,-3.98707766101809,1341.4536164740375,1341.4536164740375,14414536.164740378,5.943967168255556,7.4713306716981265,-2.783824279987709,69,4,24,8.083966138201758,74.67029037386918,-4.271741446625765,85.7219387755102,10,13,76.92307692307693,76.92307692307693,63.36372360643652,633637.2360643653,0.0,19976.87249482186,19976.87249482186,200768724.94821855,8.083966138201758,8.697925396553275,-1.8928718100104376,155.9091999999675,154.6922687830363,157.2564631412166,154.6922687830363,66,11,20,7.318425460727049,19.94019474728106,-10.589238550065604,48.50402414486921,10,18,55.55555555555556,50.0,36.30795907261272,363079.5907261272,-6.410312276979468,9586.850680761128,9586.850680761128,96868506.80761129,7.318425460727049,9.245786384618231,-2.318379158728863,5.051250400059536,True,58,12,13,5.294625883781953,12.29967320857368,-10.647765133080313,61.5828488372093,8,13,61.53846153846154,61.53846153846154,30.638402630996463,306384.0263099646,-8.79038921755707,1774.0043969977612,1774.0043969977612,18740043.969977614,5.294625883781953,7.266631370943177,-2.2647284836693973,0.6168281385642334,False,True,1,1
UP30_SCORE80_NIKKEION_TP4.0_SL1.0_H1,30,80,True,4.0,1.0,1,116,11,53,7.667732783945666,33.871925060241985,-5.495802470218536,55.0962288686606,19,27,70.37037037037037,70.37037037037037,46.27005328095275,462700.53280952753,-3.98707766101809,461150.269031264,461150.269031264,4612502690.31264,7.667732783945666,8.728716763215742,-2.4598415636323376,47,7,24,6.198724223665609,15.950658272848516,-5.495802470218536,46.903688524590166,9,14,64.28571428571429,64.28571428571429,25.9892411070586,259892.411070586,-3.98707766101809,1511.1404006413657,1511.1404006413657,16111404.006413655,6.198724223665609,7.770670211804941,-2.783824279987709,69,4,29,8.668361803266864,79.99596809227607,-4.271741446625765,85.7219387755102,10,13,76.92307692307693,76.92307692307693,68.11092792976184,681109.2792976184,0.0,28528.806579963413,28528.806579963413,286288065.7996341,8.668361803266864,9.318283871776236,-1.8928718100104376,155.9091999999675,154.6922687830363,157.2564631412166,154.6922687830363,66,11,27,7.801367625864917,21.190056306775045,-10.589238550065616,48.50402414486921,10,18,55.55555555555556,50.0,39.59043733944866,395904.3733944866,-6.410312276979468,12676.44696335634,12676.44696335634,127764469.63356338,7.801367625864917,9.825316982783674,-2.318379158728863,5.386706696664515,True,58,12,17,5.856612897043891,13.499053436131184,-10.647765133080323,61.5828488372093,8,13,61.53846153846154,61.53846153846154,34.710310408282275,347103.10408282274,-8.79038921755707,2419.750821277906,2419.750821277906,25197508.212779064,5.856612897043891,7.975223692012576,-2.2647284836693973,0.63704660528982,False,True,1,1
UP30_SCORE80_NIKKEION_TP3.5_SL1.0_H1,30,80,True,3.5,1.0,1,116,11,44,7.2168975900339,31.939173733824312,-5.495802470218525,55.0962288686606,19,27,70.37037037037037,70.37037037037037,43.35215902990953,433521.59029909526,-3.98707766101809,289298.804651491,289298.804651491,2893988046.5149097,7.2168975900339,8.230651215656076,-2.4598415636323376,47,7,20,5.943967168255556,15.3362115672681,-5.495802470218525,46.903688524590166,9,14,64.28571428571429,64.28571428571429,24.76999192313445,247699.9192313445,-3.98707766101809,1341.4536164740375,1341.4536164740375,14414536.164740378,5.943967168255556,7.4713306716981265,-2.783824279987709,69,4,24,8.083966138201758,74.67029037386918,-4.271741446625765,85.7219387755102,10,13,76.92307692307693,76.92307692307693,63.36372360643652,633637.2360643653,0.0,19976.87249482186,19976.87249482186,200768724.94821855,8.083966138201758,8.697925396553275,-1.8928718100104376,155.9091999999675,154.6922687830363,157.2564631412166,154.6922687830363,66,11,20,7.318425460727049,19.94019474728106,-10.589238550065604,48.50402414486921,10,18,55.55555555555556,50.0,36.30795907261272,363079.5907261272,-6.410312276979468,9586.850680761128,9586.850680761128,96868506.80761129,7.318425460727049,9.245786384618231,-2.318379158728863,5.051250400059536,True,58,12,13,5.294625883781953,12.29967320857368,-10.647765133080313,61.5828488372093,8,13,61.53846153846154,61.53846153846154,30.638402630996463,306384.0263099646,-8.79038921755707,1774.0043969977612,1774.0043969977612,18740043.969977614,5.294625883781953,7.266631370943177,-2.2647284836693973,0.6168281385642334,False,True,1,1
UP20_SCORE80_NIKKEION_TP4.0_SL1.0_H1,20,80,True,4.0,1.0,1,116,11,53,7.667732783945666,33.871925060241985,-5.495802470218536,55.0962288686606,19,27,70.37037037037037,70.37037037037037,46.27005328095275,462700.53280952753,-3.98707766101809,461150.269031264,461150.269031264,4612502690.31264,7.667732783945666,8.728716763215742,-2.4598415636323376,47,7,24,6.198724223665609,15.950658272848516,-5.495802470218536,46.903688524590166,9,14,64.28571428571429,64.28571428571429,25.9892411070586,259892.411070586,-3.98707766101809,1511.1404006413657,1511.1404006413657,16111404.006413655,6.198724223665609,7.770670211804941,-2.783824279987709,69,4,29,8.668361803266864,79.99596809227607,-4.271741446625765,85.7219387755102,10,13,76.92307692307693,76.92307692307693,68.11092792976184,681109.2792976184,0.0,28528.806579963413,28528.806579963413,286288065.7996341,8.668361803266864,9.318283871776236,-1.8928718100104376,155.9091999999675,154.6922687830363,157.2564631412166,154.6922687830363,66,11,27,7.801367625864917,21.190056306775045,-10.589238550065616,48.50402414486921,10,18,55.55555555555556,50.0,39.59043733944866,395904.3733944866,-6.410312276979468,12676.44696335634,12676.44696335634,127764469.63356338,7.801367625864917,9.825316982783674,-2.318379158728863,5.386706696664515,True,58,12,17,5.856612897043891,13.499053436131184,-10.647765133080323,61.5828488372093,8,13,61.53846153846154,61.53846153846154,34.710310408282275,347103.10408282274,-8.79038921755707,2419.750821277906,2419.750821277906,25197508.212779064,5.856612897043891,7.975223692012576,-2.2647284836693973,0.63704660528982,False,True,1,1
UP25_SCORE80_NIKKEION_TP2.5_SL1.0_H1,25,80,True,2.5,1.0,1,116,10,25,5.768349850454793,30.329218991487217,-5.495802470218559,55.0962288686606,19,27,70.37037037037037,70.37037037037037,32.38196211312809,323819.6211312809,-3.98707766101809,62500.32778080367,62500.32778080367,626003277.8080367,5.768349850454793,6.527764003017071,-2.2814401667053263,47,6,9,5.107209915552921,16.74757026816483,-5.495802470218559,46.903688524590166,9,14,64.28571428571429,64.28571428571429,20.61101507171514,206110.15071715135,-3.98707766101809,911.057598901612,911.057598901612,10110575.98901612,5.107209915552921,6.2263848892194815,-2.5404857378352523,69,4,16,6.218691545243028,57.67178759181306,-4.271741446625765,85.7219387755102,10,13,76.92307692307693,76.92307692307693,45.05836661926512,450583.6661926512,0.0,6091.568892693267,6091.568892693267,61915688.92693268,6.218691545243028,6.717864674797088,-1.8928718100104376,155.9091999999675,154.6922687830363,157.2564631412166,154.6922687830363,66,11,8,5.630546442087383,15.57193855686972,-10.589238550065616,48.50402414486921,10,18,55.55555555555556,50.0,26.13658816236199,261365.88162361988,-6.410312276979468,3422.224233916871,3422.224233916871,35222242.339168705,5.630546442087383,7.220331562250634,-2.318379158728863,3.5064579049199964,True,58,12,8,3.88430131325623,9.289789769258894,-10.6477651330803,61.5828488372093,8,13,61.53846153846154,53.84615384615385,21.190895878183746,211908.95878183743,-8.79038921755707,778.5068576633927,778.5068576633927,8785068.576633926,3.88430131325623,5.488396042889002,-2.2647284836693973,0.596572464971653,False,True,1,1
UP20_SCORE80_NIKKEION_TP2.5_SL1.0_H1,20,80,True,2.5,1.0,1,116,10,25,5.768349850454793,30.329218991487217,-5.495802470218559,55.0962288686606,19,27,70.37037037037037,70.37037037037037,32.38196211312809,323819.6211312809,-3.98707766101809,62500.32778080367,62500.32778080367,626003277.8080367,5.768349850454793,6.527764003017071,-2.2814401667053263,47,6,9,5.107209915552921,16.74757026816483,-5.495802470218559,46.903688524590166,9,14,64.28571428571429,64.28571428571429,20.61101507171514,206110.15071715135,-3.98707766101809,911.057598901612,911.057598901612,10110575.98901612,5.107209915552921,6.2263848892194815,-2.5404857378352523,69,4,16,6.218691545243028,57.67178759181306,-4.271741446625765,85.7219387755102,10,13,76.92307692307693,76.92307692307693,45.05836661926512,450583.6661926512,0.0,6091.568892693267,6091.568892693267,61915688.92693268,6.218691545243028,6.717864674797088,-1.8928718100104376,155.9091999999675,154.6922687830363,157.2564631412166,154.6922687830363,66,11,8,5.630546442087383,15.57193855686972,-10.589238550065616,48.50402414486921,10,18,55.55555555555556,50.0,26.13658816236199,261365.88162361988,-6.410312276979468,3422.224233916871,3422.224233916871,35222242.339168705,5.630546442087383,7.220331562250634,-2.318379158728863,3.5064579049199964,True,58,12,8,3.88430131325623,9.289789769258894,-10.6477651330803,61.5828488372093,8,13,61.53846153846154,53.84615384615385,21.190895878183746,211908.95878183743,-8.79038921755707,778.5068576633927,778.5068576633927,8785068.576633926,3.88430131325623,5.488396042889002,-2.2647284836693973,0.596572464971653,False,True,1,1
UP30_SCORE80_NIKKEION_TP2.5_SL1.0_H1,30,80,True,2.5,1.0,1,116,10,25,5.768349850454793,30.329218991487217,-5.495802470218559,55.0962288686606,19,27,70.37037037037037,70.37037037037037,32.38196211312809,323819.6211312809,-3.98707766101809,62500.32778080367,62500.32778080367,626003277.8080367,5.768349850454793,6.527764003017071,-2.2814401667053263,47,6,9,5.107209915552921,16.74757026816483,-5.495802470218559,46.903688524590166,9,14,64.28571428571429,64.28571428571429,20.61101507171514,206110.15071715135,-3.98707766101809,911.057598901612,911.057598901612,10110575.98901612,5.107209915552921,6.2263848892194815,-2.5404857378352523,69,4,16,6.218691545243028,57.67178759181306,-4.271741446625765,85.7219387755102,10,13,76.92307692307693,76.92307692307693,45.05836661926512,450583.6661926512,0.0,6091.568892693267,6091.568892693267,61915688.92693268,6.218691545243028,6.717864674797088,-1.8928718100104376,155.9091999999675,154.6922687830363,157.2564631412166,154.6922687830363,66,11,8,5.630546442087383,15.57193855686972,-10.589238550065616,48.50402414486921,10,18,55.55555555555556,50.0,26.13658816236199,261365.88162361988,-6.410312276979468,3422.224233916871,3422.224233916871,35222242.339168705,5.630546442087383,7.220331562250634,-2.318379158728863,3.5064579049199964,True,58,12,8,3.88430131325623,9.289789769258894,-10.6477651330803,61.5828488372093,8,13,61.53846153846154,53.84615384615385,21.190895878183746,211908.95878183743,-8.79038921755707,778.5068576633927,778.5068576633927,8785068.576633926,3.88430131325623,5.488396042889002,-2.2647284836693973,0.596572464971653,False,True,1,1
UP20_SCORE80_NIKKEION_TP3.5_SL1.0_H1,20,80,True,3.5,1.0,1,116,11,44,7.2168975900339,31.939173733824312,-5.495802470218525,55.0962288686606,19,27,70.37037037037037,70.37037037037037,43.35215902990953,433521.59029909526,-3.98707766101809,289298.804651491,289298.804651491,2893988046.5149097,7.2168975900339,8.230651215656076,-2.4598415636323376,47,7,20,5.943967168255556,15.3362115672681,-5.495802470218525,46.903688524590166,9,14,64.28571428571429,64.28571428571429,24.76999192313445,247699.9192313445,-3.98707766101809,1341.4536164740375,1341.4536164740375,14414536.164740378,5.943967168255556,7.4713306716981265,-2.783824279987709,69,4,24,8.083966138201758,74.67029037386918,-4.271741446625765,85.7219387755102,10,13,76.92307692307693,76.92307692307693,63.36372360643652,633637.2360643653,0.0,19976.87249482186,19976.87249482186,200768724.94821855,8.083966138201758,8.697925396553275,-1.8928718100104376,155.9091999999675,154.6922687830363,157.2564631412166,154.6922687830363,66,11,20,7.318425460727049,19.94019474728106,-10.589238550065604,48.50402414486921,10,18,55.55555555555556,50.0,36.30795907261272,363079.5907261272,-6.410312276979468,9586.850680761128,9586.850680761128,96868506.80761129,7.318425460727049,9.245786384618231,-2.318379158728863,5.051250400059536,True,58,12,13,5.294625883781953,12.29967320857368,-10.647765133080313,61.5828488372093,8,13,61.53846153846154,61.53846153846154,30.638402630996463,306384.0263099646,-8.79038921755707,1774.0043969977612,1774.0043969977612,18740043.969977614,5.294625883781953,7.266631370943177,-2.2647284836693973,0.6168281385642334,False,True,1,1
UP20_SCORE80_NIKKEION_TP2.5_SL1.25_H1,20,80,True,2.5,1.25,1,116,9,25,5.761832983461197,34.257444253755764,-6.738026301386945,55.0962288686606,20,27,74.07407407407408,70.37037037037037,32.26060012166008,322606.0012166008,-2.4141996640588137,62165.83492228217,62165.83492228217,622658349.2228217,5.761832983461197,6.434294943889539,-2.2329925460757543,47,5,9,5.240205264008522,21.692475838949367,-6.738026301386945,46.903688524590166,10,14,71.42857142857143,64.28571428571429,21.030318330694254,210303.18330694252,-2.4141996640588137,976.8396831050636,976.8396831050636,10768396.831050636,5.240205264008522,6.14742915132658,-2.380475389463164,69,4,16,6.117144618450703,52.50773029728558,-4.894810173949981,85.7219387755102,10,13,76.92307692307693,76.92307692307693,44.35474974270019,443547.4974270019,0.0,5682.275291224299,5682.275291224299,57822752.912242986,6.117144618450703,6.619654379084068,-2.048638991841492,155.87193328503247,154.65500206810125,157.23777107939688,154.65500206810125,66,11,8,5.558049517250736,13.878804114976532,-12.916338484278478,48.50402414486921,10,18,55.55555555555556,50.0,25.86369714828586,258636.9714828586,-7.859085803371146,3259.323012885416,3259.323012885416,33593230.12885416,5.558049517250736,7.187538205187158,-2.589393922431375,3.274402528643973,True,58,12,8,3.74418893432256,7.958411431994294,-11.808651494466172,61.5828488372093,8,13,61.53846153846154,53.84615384615385,20.436134188481105,204361.34188481103,-9.97540706677318,711.3420339855871,711.3420339855871,8113420.339855871,3.74418893432256,5.39938382164091,-2.6007248003977868,0.5734219869424068,False,True,1,1
UP30_SCORE80_NIKKEION_TP3.0_SL1.25_H1,30,80,True,3.0,1.25,1,116,10,38,6.46336845883428,32.47845251154139,-6.738026301386968,55.0962288686606,19,27,70.37037037037037,70.37037037037037,37.40424179892911,374042.4179892911,-3.720970489238229,131019.92055176852,131019.92055176852,1311199205.5176852,6.46336845883428,7.297817402157513,-2.3817903403920018,47,6,14,5.810235835095278,18.479038046004693,-6.738026301386968,46.903688524590166,9,14,64.28571428571429,64.28571428571429,24.24524295389131,242452.4295389131,-3.720970489238229,1270.4795661554576,1270.4795661554576,13704795.661554577,5.810235835095278,7.0415715045373695,-2.603891239425675,69,4,24,6.90825589819273,59.16906478808485,-4.894810173949981,85.7219387755102,10,13,76.92307692307693,76.92307692307693,51.57547132435442,515754.7132435443,0.0,9467.44805174973,9467.44805174973,95674480.5174973,6.90825589819273,7.459449429887144,-2.048638991841492,155.87193328503247,154.65500206810125,157.23777107939688,154.65500206810125,66,11,12,6.589658341079982,16.269190872802685,-12.916338484278478,48.50402414486921,10,18,55.55555555555556,50.0,31.88724160465676,318872.4160465676,-7.859085803371146,6173.177184733395,6173.177184733395,62731771.847333945,6.589658341079982,8.425468793782255,-2.589393922431375,4.1410376444101695,True,58,12,9,4.598140862868162,9.32224945399406,-12.565557535085858,61.5828488372093,8,13,61.53846153846154,53.84615384615385,26.204855326597148,262048.55326597148,-10.748047006519778,1187.1430395353036,1187.1430395353036,12871430.395353036,4.598140862868162,6.494301158919846,-2.6704736053299576,0.5730001895532572,False,True,1,1
UP20_SCORE80_NIKKEION_TP4.0_SL1.25_H1,20,80,True,4.0,1.25,1,116,11,55,7.533090389980564,31.031163972586825,-6.738026301386957,55.0962288686606,19,27,70.37037037037037,70.37037037037037,45.44545986527602,454454.59865276027,-3.720970489238229,397240.07465082017,397240.07465082017,3973400746.5082016,7.533090389980564,8.59939245769327,-2.6452475290952795,47,7,24,6.168588119564159,14.869842960293605,-6.738026301386957,46.903688524590166,9,14,64.28571428571429,64.28571428571429,25.854841028607165,258548.4102860716,-3.720970489238229,1487.793049479203,1487.793049479203,15877930.494792031,6.168588119564159,7.770670211804941,-2.986166693240301,69,4,31,8.462533965481592,72.25643487500903,-4.894810173949981,85.7219387755102,10,13,76.92307692307693,76.92307692307693,66.54304938168862,665430.4938168862,0.0,24924.676533327063,24924.676533327063,250246765.33327064,8.462533965481592,9.109375378239934,-2.048638991841492,155.87193328503247,154.65500206810125,157.23777107939688,154.65500206810125,66,11,27,7.756198498581166,18.97223303428076,-12.9163384842785,48.50402414486921,10,18,55.55555555555556,50.0,39.4780079303963,394780.0793039631,-7.859085803371146,12292.554019714977,12292.554019714977,123925540.19714975,7.756198498581166,9.825316982783674,-2.589393922431375,5.291034049771082,True,58,12,17,5.772665630493429,11.448040811324242,-12.565557535085848,61.5828488372093,8,13,61.53846153846154,61.53846153846154,34.35240949459938,343524.0949459938,-10.748047006519778,2296.8378531779995,2296.8378531779995,23968378.531779997,5.772665630493429,7.975223692012576,-2.6704736053299576,0.6034102991798002,False,True,1,1
UP20_SCORE80_NIKKEION_TP3.0_SL1.25_H1,20,80,True,3.0,1.25,1,116,10,38,6.46336845883428,32.47845251154139,-6.738026301386968,55.0962288686606,19,27,70.37037037037037,70.37037037037037,37.40424179892911,374042.4179892911,-3.720970489238229,131019.92055176852,131019.92055176852,1311199205.5176852,6.46336845883428,7.297817402157513,-2.3817903403920018,47,6,14,5.810235835095278,18.479038046004693,-6.738026301386968,46.903688524590166,9,14,64.28571428571429,64.28571428571429,24.24524295389131,242452.4295389131,-3.720970489238229,1270.4795661554576,1270.4795661554576,13704795.661554577,5.810235835095278,7.0415715045373695,-2.603891239425675,69,4,24,6.90825589819273,59.16906478808485,-4.894810173949981,85.7219387755102,10,13,76.92307692307693,76.92307692307693,51.57547132435442,515754.7132435443,0.0,9467.44805174973,9467.44805174973,95674480.5174973,6.90825589819273,7.459449429887144,-2.048638991841492,155.87193328503247,154.65500206810125,157.23777107939688,154.65500206810125,66,11,12,6.589658341079982,16.269190872802685,-12.916338484278478,48.50402414486921,10,18,55.55555555555556,50.0,31.88724160465676,318872.4160465676,-7.859085803371146,6173.177184733395,6173.177184733395,62731771.847333945,6.589658341079982,8.425468793782255,-2.589393922431375,4.1410376444101695,True,58,12,9,4.598140862868162,9.32224945399406,-12.565557535085858,61.5828488372093,8,13,61.53846153846154,53.84615384615385,26.204855326597148,262048.55326597148,-10.748047006519778,1187.1430395353036,1187.1430395353036,12871430.395353036,4.598140862868162,6.494301158919846,-2.6704736053299576,0.5730001895532572,False,True,1,1
UP20_SCORE80_NIKKEION_TP3.5_SL1.25_H1,20,80,True,3.5,1.25,1,116,11,45,7.12675396690218,29.411276898653444,-6.738026301386968,55.0962288686606,19,27,70.37037037037037,70.37037037037037,42.82071659520625,428207.1659520625,-3.720970489238229,261367.66023424803,261367.66023424803,2614676602.34248,7.12675396690218,8.150487456959059,-2.6452475290952795,47,7,20,5.913831064154104,14.297031113712746,-6.738026301386968,46.903688524590166,9,14,64.28571428571429,64.28571428571429,24.635324605758143,246353.24605758145,-3.720970489238229,1320.5652297422596,1320.5652297422596,14205652.297422595,5.913831064154104,7.4713306716981265,-2.986166693240301,69,4,25,7.952947828194349,67.96560525436249,-4.894810173949981,85.7219387755102,10,13,76.92307692307693,76.92307692307693,62.40498489153499,624049.8489153498,0.0,18305.88906161581,18305.88906161581,184058890.6161581,7.952947828194349,8.568430094042707,-2.048638991841492,155.87193328503247,154.65500206810125,157.23777107939688,154.65500206810125,66,11,20,7.273256333443297,17.853186231194737,-12.916338484278487,48.50402414486921,10,18,55.55555555555556,50.0,36.19738139381045,361973.8139381045,-7.859085803371146,9295.790604895192,9295.790604895192,93957906.04895192,7.273256333443297,9.245786384618231,-2.589393922431375,4.82721768540172,True,58,12,13,5.210678617231492,10.430891434270674,-12.565557535085835,61.5828488372093,8,13,61.53846153846154,61.53846153846154,30.28050171731357,302805.01717313565,-10.748047006519778,1682.5908172413108,1682.5908172413108,17825908.172413107,5.210678617231492,7.266631370943177,-2.6704736053299576,0.5842593752842199,False,True,1,1
UP30_SCORE80_NIKKEION_TP4.0_SL1.25_H1,30,80,True,4.0,1.25,1,116,11,55,7.533090389980564,31.031163972586825,-6.738026301386957,55.0962288686606,19,27,70.37037037037037,70.37037037037037,45.44545986527602,454454.59865276027,-3.720970489238229,397240.07465082017,397240.07465082017,3973400746.5082016,7.533090389980564,8.59939245769327,-2.6452475290952795,47,7,24,6.168588119564159,14.869842960293605,-6.738026301386957,46.903688524590166,9,14,64.28571428571429,64.28571428571429,25.854841028607165,258548.4102860716,-3.720970489238229,1487.793049479203,1487.793049479203,15877930.494792031,6.168588119564159,7.770670211804941,-2.986166693240301,69,4,31,8.462533965481592,72.25643487500903,-4.894810173949981,85.7219387755102,10,13,76.92307692307693,76.92307692307693,66.54304938168862,665430.4938168862,0.0,24924.676533327063,24924.676533327063,250246765.33327064,8.462533965481592,9.109375378239934,-2.048638991841492,155.87193328503247,154.65500206810125,157.23777107939688,154.65500206810125,66,11,27,7.756198498581166,18.97223303428076,-12.9163384842785,48.50402414486921,10,18,55.55555555555556,50.0,39.4780079303963,394780.0793039631,-7.859085803371146,12292.554019714977,12292.554019714977,123925540.19714975,7.756198498581166,9.825316982783674,-2.589393922431375,5.291034049771082,True,58,12,17,5.772665630493429,11.448040811324242,-12.565557535085848,61.5828488372093,8,13,61.53846153846154,61.53846153846154,34.35240949459938,343524.0949459938,-10.748047006519778,2296.8378531779995,2296.8378531779995,23968378.531779997,5.772665630493429,7.975223692012576,-2.6704736053299576,0.6034102991798002,False,True,1,1
UP25_SCORE80_NIKKEION_TP3.5_SL1.25_H1,25,80,True,3.5,1.25,1,116,11,45,7.12675396690218,29.411276898653444,-6.738026301386968,55.0962288686606,19,27,70.37037037037037,70.37037037037037,42.82071659520625,428207.1659520625,-3.720970489238229,261367.66023424803,261367.66023424803,2614676602.34248,7.12675396690218,8.150487456959059,-2.6452475290952795,47,7,20,5.913831064154104,14.297031113712746,-6.738026301386968,46.903688524590166,9,14,64.28571428571429,64.28571428571429,24.635324605758143,246353.24605758145,-3.720970489238229,1320.5652297422596,1320.5652297422596,14205652.297422595,5.913831064154104,7.4713306716981265,-2.986166693240301,69,4,25,7.952947828194349,67.96560525436249,-4.894810173949981,85.7219387755102,10,13,76.92307692307693,76.92307692307693,62.40498489153499,624049.8489153498,0.0,18305.88906161581,18305.88906161581,184058890.6161581,7.952947828194349,8.568430094042707,-2.048638991841492,155.87193328503247,154.65500206810125,157.23777107939688,154.65500206810125,66,11,20,7.273256333443297,17.853186231194737,-12.916338484278487,48.50402414486921,10,18,55.55555555555556,50.0,36.19738139381045,361973.8139381045,-7.859085803371146,9295.790604895192,9295.790604895192,93957906.04895192,7.273256333443297,9.245786384618231,-2.589393922431375,4.82721768540172,True,58,12,13,5.210678617231492,10.430891434270674,-12.565557535085835,61.5828488372093,8,13,61.53846153846154,61.53846153846154,30.28050171731357,302805.01717313565,-10.748047006519778,1682.5908172413108,1682.5908172413108,17825908.172413107,5.210678617231492,7.266631370943177,-2.6704736053299576,0.5842593752842199,False,True,1,1
UP25_SCORE80_NIKKEION_TP4.0_SL1.25_H1,25,80,True,4.0,1.25,1,116,11,55,7.533090389980564,31.031163972586825,-6.738026301386957,55.0962288686606,19,27,70.37037037037037,70.37037037037037,45.44545986527602,454454.59865276027,-3.720970489238229,397240.07465082017,397240.07465082017,3973400746.5082016,7.533090389980564,8.59939245769327,-2.6452475290952795,47,7,24,6.168588119564159,14.869842960293605,-6.738026301386957,46.903688524590166,9,14,64.28571428571429,64.28571428571429,25.854841028607165,258548.4102860716,-3.720970489238229,1487.793049479203,1487.793049479203,15877930.494792031,6.168588119564159,7.770670211804941,-2.986166693240301,69,4,31,8.462533965481592,72.25643487500903,-4.894810173949981,85.7219387755102,10,13,76.92307692307693,76.92307692307693,66.54304938168862,665430.4938168862,0.0,24924.676533327063,24924.676533327063,250246765.33327064,8.462533965481592,9.109375378239934,-2.048638991841492,155.87193328503247,154.65500206810125,157.23777107939688,154.65500206810125,66,11,27,7.756198498581166,18.97223303428076,-12.9163384842785,48.50402414486921,10,18,55.55555555555556,50.0,39.4780079303963,394780.0793039631,-7.859085803371146,12292.554019714977,12292.554019714977,123925540.19714975,7.756198498581166,9.825316982783674,-2.589393922431375,5.291034049771082,True,58,12,17,5.772665630493429,11.448040811324242,-12.565557535085848,61.5828488372093,8,13,61.53846153846154,61.53846153846154,34.35240949459938,343524.0949459938,-10.748047006519778,2296.8378531779995,2296.8378531779995,23968378.531779997,5.772665630493429,7.975223692012576,-2.6704736053299576,0.6034102991798002,False,True,1,1
UP25_SCORE80_NIKKEION_TP2.5_SL1.25_H1,25,80,True,2.5,1.25,1,116,9,25,5.761832983461197,34.257444253755764,-6.738026301386945,55.0962288686606,20,27,74.07407407407408,70.37037037037037,32.26060012166008,322606.0012166008,-2.4141996640588137,62165.83492228217,62165.83492228217,622658349.2228217,5.761832983461197,6.434294943889539,-2.2329925460757543,47,5,9,5.240205264008522,21.692475838949367,-6.738026301386945,46.903688524590166,10,14,71.42857142857143,64.28571428571429,21.030318330694254,210303.18330694252,-2.4141996640588137,976.8396831050636,976.8396831050636,10768396.831050636,5.240205264008522,6.14742915132658,-2.380475389463164,69,4,16,6.117144618450703,52.50773029728558,-4.894810173949981,85.7219387755102,10,13,76.92307692307693,76.92307692307693,44.35474974270019,443547.4974270019,0.0,5682.275291224299,5682.275291224299,57822752.912242986,6.117144618450703,6.619654379084068,-2.048638991841492,155.87193328503247,154.65500206810125,157.23777107939688,154.65500206810125,66,11,8,5.558049517250736,13.878804114976532,-12.916338484278478,48.50402414486921,10,18,55.55555555555556,50.0,25.86369714828586,258636.9714828586,-7.859085803371146,3259.323012885416,3259.323012885416,33593230.12885416,5.558049517250736,7.187538205187158,-2.589393922431375,3.274402528643973,True,58,12,8,3.74418893432256,7.958411431994294,-11.808651494466172,61.5828488372093,8,13,61.53846153846154,53.84615384615385,20.436134188481105,204361.34188481103,-9.97540706677318,711.3420339855871,711.3420339855871,8113420.339855871,3.74418893432256,5.39938382164091,-2.6007248003977868,0.5734219869424068,False,True,1,1
UP30_SCORE80_NIKKEION_TP2.5_SL1.25_H1,30,80,True,2.5,1.25,1,116,9,25,5.761832983461197,34.257444253755764,-6.738026301386945,55.0962288686606,20,27,74.07407407407408,70.37037037037037,32.26060012166008,322606.0012166008,-2.4141996640588137,62165.83492228217,62165.83492228217,622658349.2228217,5.761832983461197,6.434294943889539,-2.2329925460757543,47,5,9,5.240205264008522,21.692475838949367,-6.738026301386945,46.903688524590166,10,14,71.42857142857143,64.28571428571429,21.030318330694254,210303.18330694252,-2.4141996640588137,976.8396831050636,976.8396831050636,10768396.831050636,5.240205264008522,6.14742915132658,-2.380475389463164,69,4,16,6.117144618450703,52.50773029728558,-4.894810173949981,85.7219387755102,10,13,76.92307692307693,76.92307692307693,44.35474974270019,443547.4974270019,0.0,5682.275291224299,5682.275291224299,57822752.912242986,6.117144618450703,6.619654379084068,-2.048638991841492,155.87193328503247,154.65500206810125,157.23777107939688,154.65500206810125,66,11,8,5.558049517250736,13.878804114976532,-12.916338484278478,48.50402414486921,10,18,55.55555555555556,50.0,25.86369714828586,258636.9714828586,-7.859085803371146,3259.323012885416,3259.323012885416,33593230.12885416,5.558049517250736,7.187538205187158,-2.589393922431375,3.274402528643973,True,58,12,8,3.74418893432256,7.958411431994294,-11.808651494466172,61.5828488372093,8,13,61.53846153846154,53.84615384615385,20.436134188481105,204361.34188481103,-9.97540706677318,711.3420339855871,711.3420339855871,8113420.339855871,3.74418893432256,5.39938382164091,-2.6007248003977868,0.5734219869424068,False,True,1,1
UP25_SCORE80_NIKKEION_TP3.0_SL1.25_H1,25,80,True,3.0,1.25,1,116,10,38,6.46336845883428,32.47845251154139,-6.738026301386968,55.0962288686606,19,27,70.37037037037037,70.37037037037037,37.40424179892911,374042.4179892911,-3.720970489238229,131019.92055176852,131019.92055176852,1311199205.5176852,6.46336845883428,7.297817402157513,-2.3817903403920018,47,6,14,5.810235835095278,18.479038046004693,-6.738026301386968,46.903688524590166,9,14,64.28571428571429,64.28571428571429,24.24524295389131,242452.4295389131,-3.720970489238229,1270.4795661554576,1270.4795661554576,13704795.661554577,5.810235835095278,7.0415715045373695,-2.603891239425675,69,4,24,6.90825589819273,59.16906478808485,-4.894810173949981,85.7219387755102,10,13,76.92307692307693,76.92307692307693,51.57547132435442,515754.7132435443,0.0,9467.44805174973,9467.44805174973,95674480.5174973,6.90825589819273,7.459449429887144,-2.048638991841492,155.87193328503247,154.65500206810125,157.23777107939688,154.65500206810125,66,11,12,6.589658341079982,16.269190872802685,-12.916338484278478,48.50402414486921,10,18,55.55555555555556,50.0,31.88724160465676,318872.4160465676,-7.859085803371146,6173.177184733395,6173.177184733395,62731771.847333945,6.589658341079982,8.425468793782255,-2.589393922431375,4.1410376444101695,True,58,12,9,4.598140862868162,9.32224945399406,-12.565557535085858,61.5828488372093,8,13,61.53846153846154,53.84615384615385,26.204855326597148,262048.55326597148,-10.748047006519778,1187.1430395353036,1187.1430395353036,12871430.395353036,4.598140862868162,6.494301158919846,-2.6704736053299576,0.5730001895532572,False,True,1,1
UP30_SCORE80_NIKKEION_TP3.5_SL1.25_H1,30,80,True,3.5,1.25,1,116,11,45,7.12675396690218,29.411276898653444,-6.738026301386968,55.0962288686606,19,27,70.37037037037037,70.37037037037037,42.82071659520625,428207.1659520625,-3.720970489238229,261367.66023424803,261367.66023424803,2614676602.34248,7.12675396690218,8.150487456959059,-2.6452475290952795,47,7,20,5.913831064154104,14.297031113712746,-6.738026301386968,46.903688524590166,9,14,64.28571428571429,64.28571428571429,24.635324605758143,246353.24605758145,-3.720970489238229,1320.5652297422596,1320.5652297422596,14205652.297422595,5.913831064154104,7.4713306716981265,-2.986166693240301,69,4,25,7.952947828194349,67.96560525436249,-4.894810173949981,85.7219387755102,10,13,76.92307692307693,76.92307692307693,62.40498489153499,624049.8489153498,0.0,18305.88906161581,18305.88906161581,184058890.6161581,7.952947828194349,8.568430094042707,-2.048638991841492,155.87193328503247,154.65500206810125,157.23777107939688,154.65500206810125,66,11,20,7.273256333443297,17.853186231194737,-12.916338484278487,48.50402414486921,10,18,55.55555555555556,50.0,36.19738139381045,361973.8139381045,-7.859085803371146,9295.790604895192,9295.790604895192,93957906.04895192,7.273256333443297,9.245786384618231,-2.589393922431375,4.82721768540172,True,58,12,13,5.210678617231492,10.430891434270674,-12.565557535085835,61.5828488372093,8,13,61.53846153846154,61.53846153846154,30.28050171731357,302805.01717313565,-10.748047006519778,1682.5908172413108,1682.5908172413108,17825908.172413107,5.210678617231492,7.266631370943177,-2.6704736053299576,0.5842593752842199,False,True,1,1
UP30_SCORE80_NIKKEION_TP3.5_SL2.0_H3,30,80,True,3.5,2.0,3,85,11,20,7.705780444705707,21.904817539758795,-10.33622129121241,40.26750972762646,20,27,74.07407407407408,70.37037037037037,30.71808649275216,307180.8649275216,-3.752010572651909,49470.85619412167,49470.85619412167,495708561.9412167,7.705780444705707,9.27464073082663,-2.8483705710168548,33,6,9,5.863083413190198,11.753728413011284,-10.33622129121241,32.93237704918033,10,14,71.42857142857143,71.42857142857143,15.487567826395347,154875.67826395348,-3.752010572651909,531.4161291482334,531.4161291482334,6314161.291482334,5.863083413190198,7.832363519810333,-2.998677066600404,52,5,11,8.87518433009055,35.595884926466354,-9.245021645021644,64.60204081632652,10,13,76.92307692307693,69.23076923076923,47.1201835180595,471201.835180595,0.0,7750.742783683977,7750.742783683977,78507427.83683977,8.87518433009055,10.103182958431734,-2.6680027763165954,155.7639874353377,154.6218979948965,155.5688031968032,154.6218979948965,52,11,6,7.352484397928913,9.623117819731718,-19.47297609778608,38.36969696969697,10,18,55.55555555555556,55.55555555555556,27.02253685754935,270225.3685754935,-13.401269558238448,3487.972438387653,3487.972438387653,35879724.383876525,7.352484397928913,10.406509417328085,-4.030699765286166,4.006915662430606,True,47,12,4,5.260253972864618,6.570004335881688,-14.080710381640582,49.903343023255815,8,13,61.53846153846154,61.53846153846154,23.69742977394397,236974.29773943967,-14.080710381640582,932.4381086540174,932.4381086540174,10324381.086540174,5.260253972864618,8.331949893957828,-3.698859130323912,0.6827313620134864,False,True,1,1
UP25_SCORE80_NIKKEION_TP3.5_SL2.0_H3,25,80,True,3.5,2.0,3,85,11,20,7.705780444705707,21.904817539758795,-10.33622129121241,40.26750972762646,20,27,74.07407407407408,70.37037037037037,30.71808649275216,307180.8649275216,-3.752010572651909,49470.85619412167,49470.85619412167,495708561.9412167,7.705780444705707,9.27464073082663,-2.8483705710168548,33,6,9,5.863083413190198,11.753728413011284,-10.33622129121241,32.93237704918033,10,14,71.42857142857143,71.42857142857143,15.487567826395347,154875.67826395348,-3.752010572651909,531.4161291482334,531.4161291482334,6314161.291482334,5.863083413190198,7.832363519810333,-2.998677066600404,52,5,11,8.87518433009055,35.595884926466354,-9.245021645021644,64.60204081632652,10,13,76.92307692307693,69.23076923076923,47.1201835180595,471201.835180595,0.0,7750.742783683977,7750.742783683977,78507427.83683977,8.87518433009055,10.103182958431734,-2.6680027763165954,155.7639874353377,154.6218979948965,155.5688031968032,154.6218979948965,52,11,6,7.352484397928913,9.623117819731718,-19.47297609778608,38.36969696969697,10,18,55.55555555555556,55.55555555555556,27.02253685754935,270225.3685754935,-13.401269558238448,3487.972438387653,3487.972438387653,35879724.383876525,7.352484397928913,10.406509417328085,-4.030699765286166,4.006915662430606,True,47,12,4,5.260253972864618,6.570004335881688,-14.080710381640582,49.903343023255815,8,13,61.53846153846154,61.53846153846154,23.69742977394397,236974.29773943967,-14.080710381640582,932.4381086540174,932.4381086540174,10324381.086540174,5.260253972864618,8.331949893957828,-3.698859130323912,0.6827313620134864,False,True,1,1
UP20_SCORE80_NIKKEION_TP3.5_SL2.0_H3,20,80,True,3.5,2.0,3,85,11,20,7.705780444705707,21.904817539758795,-10.33622129121241,40.26750972762646,20,27,74.07407407407408,70.37037037037037,30.71808649275216,307180.8649275216,-3.752010572651909,49470.85619412167,49470.85619412167,495708561.9412167,7.705780444705707,9.27464073082663,-2.8483705710168548,33,6,9,5.863083413190198,11.753728413011284,-10.33622129121241,32.93237704918033,10,14,71.42857142857143,71.42857142857143,15.487567826395347,154875.67826395348,-3.752010572651909,531.4161291482334,531.4161291482334,6314161.291482334,5.863083413190198,7.832363519810333,-2.998677066600404,52,5,11,8.87518433009055,35.595884926466354,-9.245021645021644,64.60204081632652,10,13,76.92307692307693,69.23076923076923,47.1201835180595,471201.835180595,0.0,7750.742783683977,7750.742783683977,78507427.83683977,8.87518433009055,10.103182958431734,-2.6680027763165954,155.7639874353377,154.6218979948965,155.5688031968032,154.6218979948965,52,11,6,7.352484397928913,9.623117819731718,-19.47297609778608,38.36969696969697,10,18,55.55555555555556,55.55555555555556,27.02253685754935,270225.3685754935,-13.401269558238448,3487.972438387653,3487.972438387653,35879724.383876525,7.352484397928913,10.406509417328085,-4.030699765286166,4.006915662430606,True,47,12,4,5.260253972864618,6.570004335881688,-14.080710381640582,49.903343023255815,8,13,61.53846153846154,61.53846153846154,23.69742977394397,236974.29773943967,-14.080710381640582,932.4381086540174,932.4381086540174,10324381.086540174,5.260253972864618,8.331949893957828,-3.698859130323912,0.6827313620134864,False,True,1,1
UP25_SCORE80_NIKKEION_TP4.0_SL1.5_H1,25,80,True,4.0,1.5,1,116,11,55,7.50921224438106,28.333999306325204,-7.958523346240042,55.0962288686606,19,27,70.37037037037037,70.37037037037037,45.27572476456581,452757.2476456581,-3.720970489238229,385962.613542656,385962.613542656,3860626135.42656,7.50921224438106,8.59939245769327,-2.897053428144586,47,7,24,6.10965482404198,13.12999584746006,-7.958523346240042,46.903688524590166,9,14,64.28571428571429,64.28571428571429,25.52749476295176,255274.9476295176,-3.720970489238229,1442.727687322992,1442.727687322992,15427276.87322992,6.10965482404198,7.770670211804941,-3.3818616774606407,69,4,31,8.462533965481592,72.25643487500903,-4.894810173949981,85.7219387755102,10,13,76.92307692307693,76.92307692307693,66.54304938168862,665430.4938168862,0.0,24924.676533327063,24924.676533327063,250246765.33327064,8.462533965481592,9.109375378239934,-2.048638991841492,155.83531837368687,154.61838715675566,157.23777107939688,154.61838715675566,66,11,27,7.684777011096928,16.27827727845019,-15.170926134429584,48.50402414486921,10,18,55.55555555555556,50.0,39.19259809383651,391925.9809383651,-9.277941847088169,11704.067178092831,11704.067178092831,118040671.78092831,7.684777011096928,9.825316982783674,-3.0179228473368025,5.162460871849864,True,58,12,17,5.689657782727503,9.952764840686813,-14.431983594254715,61.5828488372093,8,13,61.53846153846154,61.53846153846154,34.001847097599786,340018.4709759978,-12.653270694148269,2180.560042009504,2180.560042009504,22805600.42009504,5.689657782727503,7.975223692012576,-3.071678202865273,0.6114138904528101,False,True,1,1
UP25_SCORE80_NIKKEION_TP3.0_SL1.5_H1,25,80,True,3.0,1.5,1,116,10,39,6.37629520692288,29.9470846022416,-7.958523346240042,55.0962288686606,19,27,70.37037037037037,70.37037037037037,36.85524227873498,368552.4227873497,-3.720970489238229,119129.46751980846,119129.46751980846,1192294675.1980846,6.37629520692288,7.218887249181988,-2.5551804410236776,47,6,15,5.59533163888842,16.151052765841495,-7.958523346240042,46.903688524590166,9,14,64.28571428571429,64.28571428571429,23.186458164945485,231864.58164945483,-3.720970489238229,1146.199267295769,1146.199267295769,12461992.67295769,5.59533163888842,6.837508182210404,-2.8928747404784683,69,4,24,6.90825589819273,59.16906478808485,-4.894810173949981,85.7219387755102,10,13,76.92307692307693,76.92307692307693,51.57547132435442,515754.7132435443,0.0,9467.44805174973,9467.44805174973,95674480.5174973,6.90825589819273,7.459449429887144,-2.048638991841492,155.83531837368687,154.61838715675566,157.23777107939688,154.61838715675566,66,11,13,6.46002069410129,13.843311815877607,-15.170926134429596,48.50402414486921,10,18,55.55555555555556,50.0,31.28043459817748,312804.3459817748,-9.277941847088169,5670.038974912436,5670.038974912436,57700389.74912436,6.46002069410129,8.355609402388911,-3.0179228473368025,3.8665909365476097,True,58,12,9,4.507620246259099,8.092810428491326,-14.431983594254705,61.5828488372093,8,13,61.53846153846154,53.84615384615385,25.80969220184912,258096.92201849123,-12.653270694148269,1119.6619439864965,1119.6619439864965,12196619.439864963,4.507620246259099,6.48482853733502,-3.071678202865273,0.5846007469982193,False,True,1,1
UP25_SCORE80_NIKKEION_TP2.5_SL1.5_H1,25,80,True,2.5,1.5,1,116,8,24,5.839472399022252,40.99633021326081,-7.958523346240054,55.0962288686606,20,27,74.07407407407408,70.37037037037037,32.79028555595674,327902.85555956746,-2.8642455645568443,67958.00765043065,67958.00765043065,680580076.5043064,5.839472399022252,6.428840944755831,-2.1170029683810707,47,5,9,5.141578174862131,18.721417460117525,-7.958523346240054,46.903688524590166,10,14,71.42857142857143,64.28571428571429,20.498886075219893,204988.86075219893,-2.8642455645568443,929.31232230325,929.31232230325,10293123.2230325,5.141578174862131,6.078344099336968,-2.727255590726516,69,3,15,6.314849624174798,133.04793682515378,-2.404964539007093,85.7219387755102,10,13,76.92307692307693,76.92307692307693,46.02717730444259,460271.77304442594,0.0,6511.988040533708,6511.988040533708,66119880.40533709,6.314849624174798,6.651884391840564,-1.0999152644719956,155.83531837368687,154.61838715675566,157.31246644844518,154.61838715675566,66,11,8,5.486628029766497,11.908088060517976,-15.170926134429584,48.50402414486921,10,18,55.55555555555556,50.0,25.591781598509524,255917.81598509525,-9.277941847088169,3099.7983994202264,3099.7983994202264,31997983.994202264,5.486628029766497,7.187538205187158,-3.0179228473368025,3.0633153497069303,True,58,12,8,3.6638751533607343,6.924815840190755,-13.547287100483906,61.5828488372093,8,13,61.53846153846154,53.84615384615385,20.095606164485066,200956.06164485065,-11.750183905355485,673.2689212229066,673.2689212229066,7732689.212229066,3.6638751533607343,5.39938382164091,-2.9889080750466097,0.581522055009857,False,True,1,1
UP30_SCORE80_NIKKEION_TP4.0_SL1.5_H1,30,80,True,4.0,1.5,1,116,11,55,7.50921224438106,28.333999306325204,-7.958523346240042,55.0962288686606,19,27,70.37037037037037,70.37037037037037,45.27572476456581,452757.2476456581,-3.720970489238229,385962.613542656,385962.613542656,3860626135.42656,7.50921224438106,8.59939245769327,-2.897053428144586,47,7,24,6.10965482404198,13.12999584746006,-7.958523346240042,46.903688524590166,9,14,64.28571428571429,64.28571428571429,25.52749476295176,255274.9476295176,-3.720970489238229,1442.727687322992,1442.727687322992,15427276.87322992,6.10965482404198,7.770670211804941,-3.3818616774606407,69,4,31,8.462533965481592,72.25643487500903,-4.894810173949981,85.7219387755102,10,13,76.92307692307693,76.92307692307693,66.54304938168862,665430.4938168862,0.0,24924.676533327063,24924.676533327063,250246765.33327064,8.462533965481592,9.109375378239934,-2.048638991841492,155.83531837368687,154.61838715675566,157.23777107939688,154.61838715675566,66,11,27,7.684777011096928,16.27827727845019,-15.170926134429584,48.50402414486921,10,18,55.55555555555556,50.0,39.19259809383651,391925.9809383651,-9.277941847088169,11704.067178092831,11704.067178092831,118040671.78092831,7.684777011096928,9.825316982783674,-3.0179228473368025,5.162460871849864,True,58,12,17,5.689657782727503,9.952764840686813,-14.431983594254715,61.5828488372093,8,13,61.53846153846154,61.53846153846154,34.001847097599786,340018.4709759978,-12.653270694148269,2180.560042009504,2180.560042009504,22805600.42009504,5.689657782727503,7.975223692012576,-3.071678202865273,0.6114138904528101,False,True,1,1
UP25_SCORE80_NIKKEION_TP3.5_SL1.5_H1,25,80,True,3.5,1.5,1,116,11,45,7.070184962441314,26.735912712224952,-7.958523346240032,55.0962288686606,19,27,70.37037037037037,70.37037037037037,42.439397845250944,424393.97845250944,-3.720970489238229,245527.2967568057,245527.2967568057,2456272967.568057,7.070184962441314,8.114371841455075,-2.897053428144586,47,7,20,5.836636190806999,12.58794969546016,-7.958523346240032,46.903688524590166,9,14,64.28571428571429,64.28571428571429,24.241239805054285,242412.39805054283,-3.720970489238229,1269.2227847788165,1269.2227847788165,13692227.847788166,5.836636190806999,7.449873317753836,-3.3818616774606407,69,4,25,7.910428328627009,67.60758152716724,-4.894810173949981,85.7219387755102,10,13,76.92307692307693,76.92307692307693,62.03741419623195,620374.1419623195,0.0,17839.176844510694,17839.176844510694,179391768.44510695,7.910428328627009,8.523294009886607,-2.048638991841492,155.83531837368687,154.61838715675566,157.23777107939688,154.61838715675566,66,11,20,7.201834845959058,15.318129144317377,-15.170926134429584,48.50402414486921,10,18,55.55555555555556,50.0,35.916634247850304,359166.34247850307,-9.277941847088169,8849.61146144974,8849.61146144974,89496114.61449741,7.201834845959058,9.245786384618231,-3.0179228473368025,4.615716723655947,True,58,12,13,5.127670769465566,9.068469551692798,-14.431983594254715,61.5828488372093,8,13,61.53846153846154,61.53846153846154,29.92993932031398,299299.39320313977,-12.653270694148269,1596.111976729404,1596.111976729404,16961119.767294038,5.127670769465566,7.266631370943177,-3.071678202865273,0.5920089500653519,False,True,1,1
UP20_SCORE80_NIKKEION_TP3.5_SL1.5_H1,20,80,True,3.5,1.5,1,116,11,45,7.070184962441314,26.735912712224952,-7.958523346240032,55.0962288686606,19,27,70.37037037037037,70.37037037037037,42.439397845250944,424393.97845250944,-3.720970489238229,245527.2967568057,245527.2967568057,2456272967.568057,7.070184962441314,8.114371841455075,-2.897053428144586,47,7,20,5.836636190806999,12.58794969546016,-7.958523346240032,46.903688524590166,9,14,64.28571428571429,64.28571428571429,24.241239805054285,242412.39805054283,-3.720970489238229,1269.2227847788165,1269.2227847788165,13692227.847788166,5.836636190806999,7.449873317753836,-3.3818616774606407,69,4,25,7.910428328627009,67.60758152716724,-4.894810173949981,85.7219387755102,10,13,76.92307692307693,76.92307692307693,62.03741419623195,620374.1419623195,0.0,17839.176844510694,17839.176844510694,179391768.44510695,7.910428328627009,8.523294009886607,-2.048638991841492,155.83531837368687,154.61838715675566,157.23777107939688,154.61838715675566,66,11,20,7.201834845959058,15.318129144317377,-15.170926134429584,48.50402414486921,10,18,55.55555555555556,50.0,35.916634247850304,359166.34247850307,-9.277941847088169,8849.61146144974,8849.61146144974,89496114.61449741,7.201834845959058,9.245786384618231,-3.0179228473368025,4.615716723655947,True,58,12,13,5.127670769465566,9.068469551692798,-14.431983594254715,61.5828488372093,8,13,61.53846153846154,61.53846153846154,29.92993932031398,299299.39320313977,-12.653270694148269,1596.111976729404,1596.111976729404,16961119.767294038,5.127670769465566,7.266631370943177,-3.071678202865273,0.5920089500653519,False,True,1,1
UP30_SCORE80_NIKKEION_TP2.5_SL1.5_H1,30,80,True,2.5,1.5,1,116,8,24,5.839472399022252,40.99633021326081,-7.958523346240054,55.0962288686606,20,27,74.07407407407408,70.37037037037037,32.79028555595674,327902.85555956746,-2.8642455645568443,67958.00765043065,67958.00765043065,680580076.5043064,5.839472399022252,6.428840944755831,-2.1170029683810707,47,5,9,5.141578174862131,18.721417460117525,-7.958523346240054,46.903688524590166,10,14,71.42857142857143,64.28571428571429,20.498886075219893,204988.86075219893,-2.8642455645568443,929.31232230325,929.31232230325,10293123.2230325,5.141578174862131,6.078344099336968,-2.727255590726516,69,3,15,6.314849624174798,133.04793682515378,-2.404964539007093,85.7219387755102,10,13,76.92307692307693,76.92307692307693,46.02717730444259,460271.77304442594,0.0,6511.988040533708,6511.988040533708,66119880.40533709,6.314849624174798,6.651884391840564,-1.0999152644719956,155.83531837368687,154.61838715675566,157.31246644844518,154.61838715675566,66,11,8,5.486628029766497,11.908088060517976,-15.170926134429584,48.50402414486921,10,18,55.55555555555556,50.0,25.591781598509524,255917.81598509525,-9.277941847088169,3099.7983994202264,3099.7983994202264,31997983.994202264,5.486628029766497,7.187538205187158,-3.0179228473368025,3.0633153497069303,True,58,12,8,3.6638751533607343,6.924815840190755,-13.547287100483906,61.5828488372093,8,13,61.53846153846154,53.84615384615385,20.095606164485066,200956.06164485065,-11.750183905355485,673.2689212229066,673.2689212229066,7732689.212229066,3.6638751533607343,5.39938382164091,-2.9889080750466097,0.581522055009857,False,True,1,1
UP20_SCORE80_NIKKEION_TP3.0_SL1.5_H1,20,80,True,3.0,1.5,1,116,10,39,6.37629520692288,29.9470846022416,-7.958523346240042,55.0962288686606,19,27,70.37037037037037,70.37037037037037,36.85524227873498,368552.4227873497,-3.720970489238229,119129.46751980846,119129.46751980846,1192294675.1980846,6.37629520692288,7.218887249181988,-2.5551804410236776,47,6,15,5.59533163888842,16.151052765841495,-7.958523346240042,46.903688524590166,9,14,64.28571428571429,64.28571428571429,23.186458164945485,231864.58164945483,-3.720970489238229,1146.199267295769,1146.199267295769,12461992.67295769,5.59533163888842,6.837508182210404,-2.8928747404784683,69,4,24,6.90825589819273,59.16906478808485,-4.894810173949981,85.7219387755102,10,13,76.92307692307693,76.92307692307693,51.57547132435442,515754.7132435443,0.0,9467.44805174973,9467.44805174973,95674480.5174973,6.90825589819273,7.459449429887144,-2.048638991841492,155.83531837368687,154.61838715675566,157.23777107939688,154.61838715675566,66,11,13,6.46002069410129,13.843311815877607,-15.170926134429596,48.50402414486921,10,18,55.55555555555556,50.0,31.28043459817748,312804.3459817748,-9.277941847088169,5670.038974912436,5670.038974912436,57700389.74912436,6.46002069410129,8.355609402388911,-3.0179228473368025,3.8665909365476097,True,58,12,9,4.507620246259099,8.092810428491326,-14.431983594254705,61.5828488372093,8,13,61.53846153846154,53.84615384615385,25.80969220184912,258096.92201849123,-12.653270694148269,1119.6619439864965,1119.6619439864965,12196619.439864963,4.507620246259099,6.48482853733502,-3.071678202865273,0.5846007469982193,False,True,1,1
UP30_SCORE80_NIKKEION_TP3.0_SL1.5_H1,30,80,True,3.0,1.5,1,116,10,39,6.37629520692288,29.9470846022416,-7.958523346240042,55.0962288686606,19,27,70.37037037037037,70.37037037037037,36.85524227873498,368552.4227873497,-3.720970489238229,119129.46751980846,119129.46751980846,1192294675.1980846,6.37629520692288,7.218887249181988,-2.5551804410236776,47,6,15,5.59533163888842,16.151052765841495,-7.958523346240042,46.903688524590166,9,14,64.28571428571429,64.28571428571429,23.186458164945485,231864.58164945483,-3.720970489238229,1146.199267295769,1146.199267295769,12461992.67295769,5.59533163888842,6.837508182210404,-2.8928747404784683,69,4,24,6.90825589819273,59.16906478808485,-4.894810173949981,85.7219387755102,10,13,76.92307692307693,76.92307692307693,51.57547132435442,515754.7132435443,0.0,9467.44805174973,9467.44805174973,95674480.5174973,6.90825589819273,7.459449429887144,-2.048638991841492,155.83531837368687,154.61838715675566,157.23777107939688,154.61838715675566,66,11,13,6.46002069410129,13.843311815877607,-15.170926134429596,48.50402414486921,10,18,55.55555555555556,50.0,31.28043459817748,312804.3459817748,-9.277941847088169,5670.038974912436,5670.038974912436,57700389.74912436,6.46002069410129,8.355609402388911,-3.0179228473368025,3.8665909365476097,True,58,12,9,4.507620246259099,8.092810428491326,-14.431983594254705,61.5828488372093,8,13,61.53846153846154,53.84615384615385,25.80969220184912,258096.92201849123,-12.653270694148269,1119.6619439864965,1119.6619439864965,12196619.439864963,4.507620246259099,6.48482853733502,-3.071678202865273,0.5846007469982193,False,True,1,1
UP20_SCORE80_NIKKEION_TP4.0_SL1.5_H1,20,80,True,4.0,1.5,1,116,11,55,7.50921224438106,28.333999306325204,-7.958523346240042,55.0962288686606,19,27,70.37037037037037,70.37037037037037,45.27572476456581,452757.2476456581,-3.720970489238229,385962.613542656,385962.613542656,3860626135.42656,7.50921224438106,8.59939245769327,-2.897053428144586,47,7,24,6.10965482404198,13.12999584746006,-7.958523346240042,46.903688524590166,9,14,64.28571428571429,64.28571428571429,25.52749476295176,255274.9476295176,-3.720970489238229,1442.727687322992,1442.727687322992,15427276.87322992,6.10965482404198,7.770670211804941,-3.3818616774606407,69,4,31,8.462533965481592,72.25643487500903,-4.894810173949981,85.7219387755102,10,13,76.92307692307693,76.92307692307693,66.54304938168862,665430.4938168862,0.0,24924.676533327063,24924.676533327063,250246765.33327064,8.462533965481592,9.109375378239934,-2.048638991841492,155.83531837368687,154.61838715675566,157.23777107939688,154.61838715675566,66,11,27,7.684777011096928,16.27827727845019,-15.170926134429584,48.50402414486921,10,18,55.55555555555556,50.0,39.19259809383651,391925.9809383651,-9.277941847088169,11704.067178092831,11704.067178092831,118040671.78092831,7.684777011096928,9.825316982783674,-3.0179228473368025,5.162460871849864,True,58,12,17,5.689657782727503,9.952764840686813,-14.431983594254715,61.5828488372093,8,13,61.53846153846154,61.53846153846154,34.001847097599786,340018.4709759978,-12.653270694148269,2180.560042009504,2180.560042009504,22805600.42009504,5.689657782727503,7.975223692012576,-3.071678202865273,0.6114138904528101,False,True,1,1
UP30_SCORE80_NIKKEION_TP3.5_SL1.5_H1,30,80,True,3.5,1.5,1,116,11,45,7.070184962441314,26.735912712224952,-7.958523346240032,55.0962288686606,19,27,70.37037037037037,70.37037037037037,42.439397845250944,424393.97845250944,-3.720970489238229,245527.2967568057,245527.2967568057,2456272967.568057,7.070184962441314,8.114371841455075,-2.897053428144586,47,7,20,5.836636190806999,12.58794969546016,-7.958523346240032,46.903688524590166,9,14,64.28571428571429,64.28571428571429,24.241239805054285,242412.39805054283,-3.720970489238229,1269.2227847788165,1269.2227847788165,13692227.847788166,5.836636190806999,7.449873317753836,-3.3818616774606407,69,4,25,7.910428328627009,67.60758152716724,-4.894810173949981,85.7219387755102,10,13,76.92307692307693,76.92307692307693,62.03741419623195,620374.1419623195,0.0,17839.176844510694,17839.176844510694,179391768.44510695,7.910428328627009,8.523294009886607,-2.048638991841492,155.83531837368687,154.61838715675566,157.23777107939688,154.61838715675566,66,11,20,7.201834845959058,15.318129144317377,-15.170926134429584,48.50402414486921,10,18,55.55555555555556,50.0,35.916634247850304,359166.34247850307,-9.277941847088169,8849.61146144974,8849.61146144974,89496114.61449741,7.201834845959058,9.245786384618231,-3.0179228473368025,4.615716723655947,True,58,12,13,5.127670769465566,9.068469551692798,-14.431983594254715,61.5828488372093,8,13,61.53846153846154,61.53846153846154,29.92993932031398,299299.39320313977,-12.653270694148269,1596.111976729404,1596.111976729404,16961119.767294038,5.127670769465566,7.266631370943177,-3.071678202865273,0.5920089500653519,False,True,1,1
UP20_SCORE80_NIKKEION_TP2.5_SL1.5_H1,20,80,True,2.5,1.5,1,116,8,24,5.839472399022252,40.99633021326081,-7.958523346240054,55.0962288686606,20,27,74.07407407407408,70.37037037037037,32.79028555595674,327902.85555956746,-2.8642455645568443,67958.00765043065,67958.00765043065,680580076.5043064,5.839472399022252,6.428840944755831,-2.1170029683810707,47,5,9,5.141578174862131,18.721417460117525,-7.958523346240054,46.903688524590166,10,14,71.42857142857143,64.28571428571429,20.498886075219893,204988.86075219893,-2.8642455645568443,929.31232230325,929.31232230325,10293123.2230325,5.141578174862131,6.078344099336968,-2.727255590726516,69,3,15,6.314849624174798,133.04793682515378,-2.404964539007093,85.7219387755102,10,13,76.92307692307693,76.92307692307693,46.02717730444259,460271.77304442594,0.0,6511.988040533708,6511.988040533708,66119880.40533709,6.314849624174798,6.651884391840564,-1.0999152644719956,155.83531837368687,154.61838715675566,157.31246644844518,154.61838715675566,66,11,8,5.486628029766497,11.908088060517976,-15.170926134429584,48.50402414486921,10,18,55.55555555555556,50.0,25.591781598509524,255917.81598509525,-9.277941847088169,3099.7983994202264,3099.7983994202264,31997983.994202264,5.486628029766497,7.187538205187158,-3.0179228473368025,3.0633153497069303,True,58,12,8,3.6638751533607343,6.924815840190755,-13.547287100483906,61.5828488372093,8,13,61.53846153846154,53.84615384615385,20.095606164485066,200956.06164485065,-11.750183905355485,673.2689212229066,673.2689212229066,7732689.212229066,3.6638751533607343,5.39938382164091,-2.9889080750466097,0.581522055009857,False,True,1,1
UP25_SCORE80_NIKKEION_TP4.0_SL1.75_H1,25,80,True,4.0,1.75,1,116,11,55,7.526979926500695,28.44694158452693,-9.157767757157163,55.0962288686606,19,27,70.37037037037037,70.37037037037037,46.04616958303594,460461.69583035936,-3.720970489238229,395723.8001343876,395723.8001343876,3958238001.3438754,7.526979926500695,8.618487794731573,-2.891958815703144,47,7,24,6.089976805488236,13.11961802385755,-9.157767757157163,46.903688524590166,9,14,64.28571428571429,64.28571428571429,25.497729245056476,254977.29245056477,-3.720970489238229,1430.3895310559612,1430.3895310559612,15303895.310559612,6.089976805488236,7.746147521582893,-3.373855857909802,69,4,31,8.505808139364254,72.62081312927867,-4.894810173949981,85.7219387755102,10,13,76.92307692307693,76.92307692307693,68.17525917778306,681752.5917778306,0.0,25764.251688997854,25764.251688997854,258642516.8899786,8.505808139364254,9.155312578207685,-2.048638991841492,155.79934104135936,154.58240982442814,157.23777107939688,154.58240982442814,66,11,26,7.733925581501708,14.482351499627056,-17.355631572498844,48.50402414486921,10,18,55.55555555555556,50.0,39.6420976469655,396420.9764696551,-10.66765306371452,12004.672339542443,12004.672339542443,121046723.39542446,7.733925581501708,9.969070639912946,-3.441799710554486,5.062969389201685,True,58,12,17,5.638586128853757,9.212434786523277,-14.670513642973392,61.5828488372093,8,13,61.53846153846154,61.53846153846154,33.78234235486589,337823.42354865884,-12.89675909637966,2111.4255004061533,2111.4255004061533,22114255.00406153,5.638586128853757,7.975223692012576,-3.318524529921707,0.6361145692921837,False,True,1,1
UP25_SCORE80_NIKKEION_TP3.0_SL1.75_H1,25,80,True,3.0,1.75,1,116,9,39,6.335972865270378,32.20997438962009,-9.157767757157176,55.0962288686606,20,27,74.07407407407408,70.37037037037037,36.43148228025368,364314.8228025368,-3.310163690743584,114173.42396132008,114173.42396132008,1142734239.613201,6.335972865270378,7.088992019089253,-2.6165881856873554,47,5,15,5.638585187740234,18.25939634630529,-9.157767757157176,46.903688524590166,10,14,71.42857142857143,64.28571428571429,23.00588401371905,230058.84013719056,-3.310163690743584,1174.553573991389,1174.553573991389,12745535.739913888,5.638585187740234,6.675434322085981,-3.0709475407640463,69,4,24,6.8110050514140985,58.350190836348034,-4.894810173949993,85.7219387755102,10,13,76.92307692307693,76.92307692307693,50.88981887498326,508898.1887498327,0.0,8865.760741108883,8865.760741108883,89657607.41108884,6.8110050514140985,7.356213915614443,-2.048638991841492,155.79934104135936,154.58240982442814,157.23777107939688,154.58240982442814,66,11,13,6.363251523960956,12.092891032178883,-17.35563157249883,48.50402414486921,10,18,55.55555555555556,50.0,30.841731469210558,308417.3146921055,-10.66765306371452,5309.6781224586575,5309.6781224586575,54096781.224586576,6.363251523960956,8.324261770864045,-3.441799710554486,3.645894223925308,True,58,12,9,4.445294516136236,7.370028063170452,-15.24321240999651,61.5828488372093,8,13,61.53846153846154,53.84615384615385,25.545217957049296,255452.1795704929,-13.481362623236723,1074.7504827742018,1074.7504827742018,11747504.827742018,4.445294516136236,6.48482853733502,-3.372919231792436,0.6094512919664115,False,True,1,1
UP30_SCORE80_NIKKEION_TP2.5_SL1.75_H1,30,80,True,2.5,1.75,1,116,8,24,5.774056580069946,36.90507147449821,-9.157767757157186,55.0962288686606,20,27,74.07407407407408,70.37037037037037,32.41115340098351,324111.5340098351,-3.310163690743584,63125.11798762987,63125.11798762987,632251179.8762987,5.774056580069946,6.3744911739384245,-2.331810437154527,47,5,8,5.127070926444185,16.693679578969505,-9.157767757157186,46.903688524590166,10,14,71.42857142857143,64.28571428571429,20.411003065971965,204110.03065971963,-3.310163690743584,921.4014972729271,921.4014972729271,10214014.972729271,5.127070926444185,6.103025505873736,-3.0709475407640463,69,3,16,6.2147569528295215,130.95492883144573,-2.404964539007093,85.7219387755102,10,13,76.92307692307693,76.92307692307693,45.33439222330362,453343.92223303625,0.0,6090.035765214426,6090.035765214426,61900357.65214426,6.2147569528295215,6.547242053615955,-1.0999152644719956,155.79934104135936,154.58240982442814,157.31246644844518,154.58240982442814,66,11,8,5.3316191306038005,10.368947622307346,-17.097110157065266,48.50402414486921,10,18,55.55555555555556,50.0,24.947785183059374,249477.8518305937,-10.388210855934432,2789.697392721712,2789.697392721712,28896973.92721712,5.3316191306038005,7.080831069098158,-3.414440561867984,2.7789053662599428,True,58,12,8,3.5908727425765044,6.14565684196056,-15.24321240999651,61.5828488372093,8,13,61.53846153846154,53.84615384615385,19.81098488290511,198109.8488290511,-13.481362623236723,639.7683830957125,639.7683830957125,7397683.830957124,3.5908727425765044,5.407514127194489,-3.372919231792436,0.5926982241417669,False,True,1,1
UP20_SCORE80_NIKKEION_TP3.5_SL1.75_H1,20,80,True,3.5,1.75,1,116,11,45,7.070668072241796,26.783011969931323,-9.157767757157176,55.0962288686606,19,27,70.37037037037037,70.37037037037037,42.456848979092086,424568.48979092087,-3.720970489238229,245784.82108967067,245784.82108967067,2458848210.896707,7.070668072241796,8.114371841455075,-2.891958815703144,47,7,20,5.837828546910315,12.617819630045725,-9.157767757157176,46.903688524590166,9,14,64.28571428571429,64.28571428571429,24.27489556317648,242748.95563176484,-3.720970489238229,1270.6583263039213,1270.6583263039213,13706583.263039216,5.837828546910315,7.449873317753836,-3.373855857909802,69,4,25,7.910428328627009,67.60758152716724,-4.894810173949981,85.7219387755102,10,13,76.92307692307693,76.92307692307693,62.03741419623195,620374.1419623195,0.0,17839.176844510694,17839.176844510694,179391768.44510695,7.910428328627009,8.523294009886607,-2.048638991841492,155.79934104135936,154.58240982442814,157.23777107939688,154.58240982442814,66,11,19,7.203440841961756,13.55757123787065,-17.355631572498844,48.50402414486921,10,18,55.55555555555556,50.0,36.10683906873712,361068.39068737125,-10.66765306371452,8819.622049696589,8819.622049696589,89196220.4969659,7.203440841961756,9.332488952465006,-3.441799710554486,4.4300390751819965,True,58,12,14,5.017054069651776,8.307191630298325,-14.670513642973404,61.5828488372093,8,13,61.53846153846154,61.53846153846154,29.341450283643987,293414.5028364399,-12.89675909637966,1491.575406682974,1491.575406682974,15915754.06682974,5.017054069651776,7.191552834757902,-3.318524529921707,0.6127344997527043,False,True,1,1
UP30_SCORE80_NIKKEION_TP4.0_SL1.75_H1,30,80,True,4.0,1.75,1,116,11,55,7.526979926500695,28.44694158452693,-9.157767757157163,55.0962288686606,19,27,70.37037037037037,70.37037037037037,46.04616958303594,460461.69583035936,-3.720970489238229,395723.8001343876,395723.8001343876,3958238001.3438754,7.526979926500695,8.618487794731573,-2.891958815703144,47,7,24,6.089976805488236,13.11961802385755,-9.157767757157163,46.903688524590166,9,14,64.28571428571429,64.28571428571429,25.497729245056476,254977.29245056477,-3.720970489238229,1430.3895310559612,1430.3895310559612,15303895.310559612,6.089976805488236,7.746147521582893,-3.373855857909802,69,4,31,8.505808139364254,72.62081312927867,-4.894810173949981,85.7219387755102,10,13,76.92307692307693,76.92307692307693,68.17525917778306,681752.5917778306,0.0,25764.251688997854,25764.251688997854,258642516.8899786,8.505808139364254,9.155312578207685,-2.048638991841492,155.79934104135936,154.58240982442814,157.23777107939688,154.58240982442814,66,11,26,7.733925581501708,14.482351499627056,-17.355631572498844,48.50402414486921,10,18,55.55555555555556,50.0,39.6420976469655,396420.9764696551,-10.66765306371452,12004.672339542443,12004.672339542443,121046723.39542446,7.733925581501708,9.969070639912946,-3.441799710554486,5.062969389201685,True,58,12,17,5.638586128853757,9.212434786523277,-14.670513642973392,61.5828488372093,8,13,61.53846153846154,61.53846153846154,33.78234235486589,337823.42354865884,-12.89675909637966,2111.4255004061533,2111.4255004061533,22114255.00406153,5.638586128853757,7.975223692012576,-3.318524529921707,0.6361145692921837,False,True,1,1
UP30_SCORE80_NIKKEION_TP3.5_SL1.75_H1,30,80,True,3.5,1.75,1,116,11,45,7.070668072241796,26.783011969931323,-9.157767757157176,55.0962288686606,19,27,70.37037037037037,70.37037037037037,42.456848979092086,424568.48979092087,-3.720970489238229,245784.82108967067,245784.82108967067,2458848210.896707,7.070668072241796,8.114371841455075,-2.891958815703144,47,7,20,5.837828546910315,12.617819630045725,-9.157767757157176,46.903688524590166,9,14,64.28571428571429,64.28571428571429,24.27489556317648,242748.95563176484,-3.720970489238229,1270.6583263039213,1270.6583263039213,13706583.263039216,5.837828546910315,7.449873317753836,-3.373855857909802,69,4,25,7.910428328627009,67.60758152716724,-4.894810173949981,85.7219387755102,10,13,76.92307692307693,76.92307692307693,62.03741419623195,620374.1419623195,0.0,17839.176844510694,17839.176844510694,179391768.44510695,7.910428328627009,8.523294009886607,-2.048638991841492,155.79934104135936,154.58240982442814,157.23777107939688,154.58240982442814,66,11,19,7.203440841961756,13.55757123787065,-17.355631572498844,48.50402414486921,10,18,55.55555555555556,50.0,36.10683906873712,361068.39068737125,-10.66765306371452,8819.622049696589,8819.622049696589,89196220.4969659,7.203440841961756,9.332488952465006,-3.441799710554486,4.4300390751819965,True,58,12,14,5.017054069651776,8.307191630298325,-14.670513642973404,61.5828488372093,8,13,61.53846153846154,61.53846153846154,29.341450283643987,293414.5028364399,-12.89675909637966,1491.575406682974,1491.575406682974,15915754.06682974,5.017054069651776,7.191552834757902,-3.318524529921707,0.6127344997527043,False,True,1,1
UP25_SCORE80_NIKKEION_TP3.5_SL1.75_H1,25,80,True,3.5,1.75,1,116,11,45,7.070668072241796,26.783011969931323,-9.157767757157176,55.0962288686606,19,27,70.37037037037037,70.37037037037037,42.456848979092086,424568.48979092087,-3.720970489238229,245784.82108967067,245784.82108967067,2458848210.896707,7.070668072241796,8.114371841455075,-2.891958815703144,47,7,20,5.837828546910315,12.617819630045725,-9.157767757157176,46.903688524590166,9,14,64.28571428571429,64.28571428571429,24.27489556317648,242748.95563176484,-3.720970489238229,1270.6583263039213,1270.6583263039213,13706583.263039216,5.837828546910315,7.449873317753836,-3.373855857909802,69,4,25,7.910428328627009,67.60758152716724,-4.894810173949981,85.7219387755102,10,13,76.92307692307693,76.92307692307693,62.03741419623195,620374.1419623195,0.0,17839.176844510694,17839.176844510694,179391768.44510695,7.910428328627009,8.523294009886607,-2.048638991841492,155.79934104135936,154.58240982442814,157.23777107939688,154.58240982442814,66,11,19,7.203440841961756,13.55757123787065,-17.355631572498844,48.50402414486921,10,18,55.55555555555556,50.0,36.10683906873712,361068.39068737125,-10.66765306371452,8819.622049696589,8819.622049696589,89196220.4969659,7.203440841961756,9.332488952465006,-3.441799710554486,4.4300390751819965,True,58,12,14,5.017054069651776,8.307191630298325,-14.670513642973404,61.5828488372093,8,13,61.53846153846154,61.53846153846154,29.341450283643987,293414.5028364399,-12.89675909637966,1491.575406682974,1491.575406682974,15915754.06682974,5.017054069651776,7.191552834757902,-3.318524529921707,0.6127344997527043,False,True,1,1
UP30_SCORE80_NIKKEION_TP3.0_SL1.75_H1,30,80,True,3.0,1.75,1,116,9,39,6.335972865270378,32.20997438962009,-9.157767757157176,55.0962288686606,20,27,74.07407407407408,70.37037037037037,36.43148228025368,364314.8228025368,-3.310163690743584,114173.42396132008,114173.42396132008,1142734239.613201,6.335972865270378,7.088992019089253,-2.6165881856873554,47,5,15,5.638585187740234,18.25939634630529,-9.157767757157176,46.903688524590166,10,14,71.42857142857143,64.28571428571429,23.00588401371905,230058.84013719056,-3.310163690743584,1174.553573991389,1174.553573991389,12745535.739913888,5.638585187740234,6.675434322085981,-3.0709475407640463,69,4,24,6.8110050514140985,58.350190836348034,-4.894810173949993,85.7219387755102,10,13,76.92307692307693,76.92307692307693,50.88981887498326,508898.1887498327,0.0,8865.760741108883,8865.760741108883,89657607.41108884,6.8110050514140985,7.356213915614443,-2.048638991841492,155.79934104135936,154.58240982442814,157.23777107939688,154.58240982442814,66,11,13,6.363251523960956,12.092891032178883,-17.35563157249883,48.50402414486921,10,18,55.55555555555556,50.0,30.841731469210558,308417.3146921055,-10.66765306371452,5309.6781224586575,5309.6781224586575,54096781.224586576,6.363251523960956,8.324261770864045,-3.441799710554486,3.645894223925308,True,58,12,9,4.445294516136236,7.370028063170452,-15.24321240999651,61.5828488372093,8,13,61.53846153846154,53.84615384615385,25.545217957049296,255452.1795704929,-13.481362623236723,1074.7504827742018,1074.7504827742018,11747504.827742018,4.445294516136236,6.48482853733502,-3.372919231792436,0.6094512919664115,False,True,1,1
UP30_SCORE70_NIKKEIOFF_TP4.0_SL1.0_H1,30,70,False,4.0,1.0,1,449,151,144,5.44260709590942,6.627393629069246,-39.206445515869625,163.8334165834166,30,34,88.23529411764706,82.35294117647058,143.5148183402977,1435148.183402977,-25.074576951417114,753897187759.3905,753897187759.3905,7538971878593906.0,5.44260709590942,9.65767378636856,-2.875868889235103,221,75,89,4.451442992532731,5.835902279384187,-39.206445515869625,159.8420792079208,15,18,83.33333333333334,72.22222222222221,90.12922865329271,901292.2865329272,-21.55821666979349,1037976.4811222329,1037976.4811222329,10380764811.222328,4.451442992532731,8.131501166491331,-2.7124035861066758,229,76,56,6.394167140200243,7.343586502900048,-35.485224404612424,169.3162955465587,16,17,94.11764705882352,94.11764705882352,190.17147011046055,1901714.7011046056,-25.074576951417114,75749067.82448031,75749067.82448031,757491678244.8031,6.394167140200243,11.079020970080752,-3.037183333111841,157.29439486981803,154.44541556776747,159.7589726796263,154.44541556776747,291,84,99,5.607612099065566,8.769111590358095,-17.52348144155713,164.53212074303406,21,23,91.30434782608695,82.6086956521739,110.23033237722412,1102303.3237722411,-4.757604825596429,473076087.66020536,473076087.66020536,4730761876602.054,5.607612099065566,8.897845180699584,-2.5004622806754098,3.866353469902641,True,183,80,85,2.142792056519771,2.6500930559442173,-48.94045138654936,188.81567796610167,8,13,61.53846153846154,61.53846153846154,48.38105089172924,483810.5089172924,-31.668614490829704,3583.0293538489145,3583.0293538489145,36830293.53848914,2.142792056519771,6.114297698352107,-2.9705214573393617,0.3022077012747876,False,False,2,2
UP25_SCORE70_NIKKEIOFF_TP4.0_SL1.0_H1,25,70,False,4.0,1.0,1,449,151,144,5.44260709590942,6.627393629069246,-39.206445515869625,163.8334165834166,30,34,88.23529411764706,82.35294117647058,143.5148183402977,1435148.183402977,-25.074576951417114,753897187759.3905,753897187759.3905,7538971878593906.0,5.44260709590942,9.65767378636856,-2.875868889235103,221,75,89,4.451442992532731,5.835902279384187,-39.206445515869625,159.8420792079208,15,18,83.33333333333334,72.22222222222221,90.12922865329271,901292.2865329272,-21.55821666979349,1037976.4811222329,1037976.4811222329,10380764811.222328,4.451442992532731,8.131501166491331,-2.7124035861066758,229,76,56,6.394167140200243,7.343586502900048,-35.485224404612424,169.3162955465587,16,17,94.11764705882352,94.11764705882352,190.17147011046055,1901714.7011046056,-25.074576951417114,75749067.82448031,75749067.82448031,757491678244.8031,6.394167140200243,11.079020970080752,-3.037183333111841,157.29439486981803,154.44541556776747,159.7589726796263,154.44541556776747,291,84,99,5.607612099065566,8.769111590358095,-17.52348144155713,164.53212074303406,21,23,91.30434782608695,82.6086956521739,110.23033237722412,1102303.3237722411,-4.757604825596429,473076087.66020536,473076087.66020536,4730761876602.054,5.607612099065566,8.897845180699584,-2.5004622806754098,3.866353469902641,True,183,80,85,2.142792056519771,2.6500930559442173,-48.94045138654936,188.81567796610167,8,13,61.53846153846154,61.53846153846154,48.38105089172924,483810.5089172924,-31.668614490829704,3583.0293538489145,3583.0293538489145,36830293.53848914,2.142792056519771,6.114297698352107,-2.9705214573393617,0.3022077012747876,False,False,2,2
UP20_SCORE70_NIKKEIOFF_TP4.0_SL1.0_H1,20,70,False,4.0,1.0,1,449,151,144,5.44260709590942,6.627393629069246,-39.206445515869625,163.8334165834166,30,34,88.23529411764706,82.35294117647058,143.5148183402977,1435148.183402977,-25.074576951417114,753897187759.3905,753897187759.3905,7538971878593906.0,5.44260709590942,9.65767378636856,-2.875868889235103,221,75,89,4.451442992532731,5.835902279384187,-39.206445515869625,159.8420792079208,15,18,83.33333333333334,72.22222222222221,90.12922865329271,901292.2865329272,-21.55821666979349,1037976.4811222329,1037976.4811222329,10380764811.222328,4.451442992532731,8.131501166491331,-2.7124035861066758,229,76,56,6.394167140200243,7.343586502900048,-35.485224404612424,169.3162955465587,16,17,94.11764705882352,94.11764705882352,190.17147011046055,1901714.7011046056,-25.074576951417114,75749067.82448031,75749067.82448031,757491678244.8031,6.394167140200243,11.079020970080752,-3.037183333111841,157.29439486981803,154.44541556776747,159.7589726796263,154.44541556776747,291,84,99,5.607612099065566,8.769111590358095,-17.52348144155713,164.53212074303406,21,23,91.30434782608695,82.6086956521739,110.23033237722412,1102303.3237722411,-4.757604825596429,473076087.66020536,473076087.66020536,4730761876602.054,5.607612099065566,8.897845180699584,-2.5004622806754098,3.866353469902641,True,183,80,85,2.142792056519771,2.6500930559442173,-48.94045138654936,188.81567796610167,8,13,61.53846153846154,61.53846153846154,48.38105089172924,483810.5089172924,-31.668614490829704,3583.0293538489145,3583.0293538489145,36830293.53848914,2.142792056519771,6.114297698352107,-2.9705214573393617,0.3022077012747876,False,False,2,2
UP30_SCORE80_NIKKEION_TP3.5_SL2.0_H1,30,80,True,3.5,2.0,1,149,14,48,7.479329875608166,24.99737150408657,-19.472976097786088,55.083248987854255,24,34,70.58823529411765,70.58823529411765,46.59318539455455,465931.8539455455,-12.028968154932995,3923950.575464448,3923950.575464448,39240505754.64447,7.479329875608166,8.598958596309574,-3.3170899311554054,54,5,23,6.625551853822226,21.974356413516563,-10.33622129121242,40.08841463414634,11,18,61.11111111111112,61.11111111111112,25.08386855480003,250838.6855480003,-3.752010572651909,2958.9988477065745,2958.9988477065745,30589988.477065746,6.625551853822226,7.649750271813096,-3.411592642488284,95,9,25,7.964635277465436,26.752449990582143,-19.472976097786088,70.52591463414635,14,17,82.35294117647058,82.35294117647058,65.03667808978597,650366.7808978596,-12.028968154932995,128178.91643066244,128178.91643066244,1282789164.3066244,7.964635277465436,9.139786595150593,-3.264588424859362,155.53345777588996,153.91213558348585,157.88639895236054,153.91213558348585,90,14,25,5.944284054146955,11.656189345923824,-13.762785523566013,52.17857142857143,14,23,60.86956521739131,56.52173913043478,30.92772405707165,309277.2405707165,-9.96801364840193,16209.241223906924,16209.241223906924,163092412.23906925,5.944284054146955,7.699865455340024,-3.586014980901131,4.015898646145239,True,57,18,23,2.790251614050117,3.030534850861286,-25.749440227524637,58.8114406779661,6,13,46.15384615384615,38.46153846153847,17.658788093397444,176587.88093397443,-19.42421917074052,339.12014693322845,339.12014693322845,4391201.469332284,2.790251614050117,6.086427477046175,-4.351462755774675,0.2599936189198115,False,False,2,2
UP25_SCORE80_NIKKEION_TP3.5_SL2.0_H1,25,80,True,3.5,2.0,1,149,14,48,7.479329875608166,24.99737150408657,-19.472976097786088,55.083248987854255,24,34,70.58823529411765,70.58823529411765,46.59318539455455,465931.8539455455,-12.028968154932995,3923950.575464448,3923950.575464448,39240505754.64447,7.479329875608166,8.598958596309574,-3.3170899311554054,54,5,23,6.625551853822226,21.974356413516563,-10.33622129121242,40.08841463414634,11,18,61.11111111111112,61.11111111111112,25.08386855480003,250838.6855480003,-3.752010572651909,2958.9988477065745,2958.9988477065745,30589988.477065746,6.625551853822226,7.649750271813096,-3.411592642488284,95,9,25,7.964635277465436,26.752449990582143,-19.472976097786088,70.52591463414635,14,17,82.35294117647058,82.35294117647058,65.03667808978597,650366.7808978596,-12.028968154932995,128178.91643066244,128178.91643066244,1282789164.3066244,7.964635277465436,9.139786595150593,-3.264588424859362,155.53345777588996,153.91213558348585,157.88639895236054,153.91213558348585,90,14,25,5.944284054146955,11.656189345923824,-13.762785523566013,52.17857142857143,14,23,60.86956521739131,56.52173913043478,30.92772405707165,309277.2405707165,-9.96801364840193,16209.241223906924,16209.241223906924,163092412.23906925,5.944284054146955,7.699865455340024,-3.586014980901131,4.015898646145239,True,57,18,23,2.790251614050117,3.030534850861286,-25.749440227524637,58.8114406779661,6,13,46.15384615384615,38.46153846153847,17.658788093397444,176587.88093397443,-19.42421917074052,339.12014693322845,339.12014693322845,4391201.469332284,2.790251614050117,6.086427477046175,-4.351462755774675,0.2599936189198115,False,False,2,2
UP20_SCORE80_NIKKEION_TP3.5_SL2.0_H1,20,80,True,3.5,2.0,1,149,14,48,7.479329875608166,24.99737150408657,-19.472976097786088,55.083248987854255,24,34,70.58823529411765,70.58823529411765,46.59318539455455,465931.8539455455,-12.028968154932995,3923950.575464448,3923950.575464448,39240505754.64447,7.479329875608166,8.598958596309574,-3.3170899311554054,54,5,23,6.625551853822226,21.974356413516563,-10.33622129121242,40.08841463414634,11,18,61.11111111111112,61.11111111111112,25.08386855480003,250838.6855480003,-3.752010572651909,2958.9988477065745,2958.9988477065745,30589988.477065746,6.625551853822226,7.649750271813096,-3.411592642488284,95,9,25,7.964635277465436,26.752449990582143,-19.472976097786088,70.52591463414635,14,17,82.35294117647058,82.35294117647058,65.03667808978597,650366.7808978596,-12.028968154932995,128178.91643066244,128178.91643066244,1282789164.3066244,7.964635277465436,9.139786595150593,-3.264588424859362,155.53345777588996,153.91213558348585,157.88639895236054,153.91213558348585,90,14,25,5.944284054146955,11.656189345923824,-13.762785523566013,52.17857142857143,14,23,60.86956521739131,56.52173913043478,30.92772405707165,309277.2405707165,-9.96801364840193,16209.241223906924,16209.241223906924,163092412.23906925,5.944284054146955,7.699865455340024,-3.586014980901131,4.015898646145239,True,57,18,23,2.790251614050117,3.030534850861286,-25.749440227524637,58.8114406779661,6,13,46.15384615384615,38.46153846153847,17.658788093397444,176587.88093397443,-19.42421917074052,339.12014693322845,339.12014693322845,4391201.469332284,2.790251614050117,6.086427477046175,-4.351462755774675,0.2599936189198115,False,False,2,2
UP25_SCORE70_NIKKEIOFF_TP3.5_SL1.0_H1,25,70,False,3.5,1.0,1,449,150,123,4.921035381914624,6.156777759451169,-43.03895769415422,163.8334165834166,30,34,88.23529411764706,79.41176470588235,119.4816589519204,1194816.589519204,-25.879004881865075,96879006611.85751,96879006611.85751,968790067118575.4,4.921035381914624,8.822805441147297,-2.8564929361558358,221,75,75,4.17110523099661,5.593027335667737,-43.03895769415422,159.8420792079208,15,18,83.33333333333334,72.22222222222221,82.4156380328383,824156.380328383,-25.879004881865075,596125.1696596714,596125.1696596714,5962251696.596713,4.17110523099661,7.688444368676294,-2.6759816236865097,229,76,48,5.611242412670968,6.573966533998275,-36.70105485643522,169.3162955465587,16,17,94.11764705882352,88.23529411764706,149.8454997145966,1498454.997145966,-25.795969511368032,15800793.996710544,15800793.996710544,158008939967.10544,5.611242412670968,9.905267641021588,-3.0333083759822523,156.47273728322375,153.90993356011472,158.54602717783635,153.90993356011472,291,84,79,5.068348869527148,8.109600788038987,-15.43810999815447,164.53212074303406,20,23,86.95652173913044,82.6086956521739,95.64011339358962,956401.1339358962,-4.757604825596429,116656502.3421782,116656502.3421782,1166566023421.782,5.068348869527148,8.127245991053906,-2.469647608520936,3.508093844248031,True,183,80,77,2.045269436081185,2.571979602988528,-52.49194124846301,188.81567796610167,9,13,69.23076923076923,61.53846153846154,47.07457077640943,470745.7077640944,-36.916085023571696,3055.4293291145277,3055.4293291145277,31554293.291145276,2.045269436081185,5.945453775865281,-2.976217901390836,0.317152430830133,False,False,2,2
UP20_SCORE70_NIKKEIOFF_TP3.5_SL1.0_H1,20,70,False,3.5,1.0,1,449,150,123,4.921035381914624,6.156777759451169,-43.03895769415422,163.8334165834166,30,34,88.23529411764706,79.41176470588235,119.4816589519204,1194816.589519204,-25.879004881865075,96879006611.85751,96879006611.85751,968790067118575.4,4.921035381914624,8.822805441147297,-2.8564929361558358,221,75,75,4.17110523099661,5.593027335667737,-43.03895769415422,159.8420792079208,15,18,83.33333333333334,72.22222222222221,82.4156380328383,824156.380328383,-25.879004881865075,596125.1696596714,596125.1696596714,5962251696.596713,4.17110523099661,7.688444368676294,-2.6759816236865097,229,76,48,5.611242412670968,6.573966533998275,-36.70105485643522,169.3162955465587,16,17,94.11764705882352,88.23529411764706,149.8454997145966,1498454.997145966,-25.795969511368032,15800793.996710544,15800793.996710544,158008939967.10544,5.611242412670968,9.905267641021588,-3.0333083759822523,156.47273728322375,153.90993356011472,158.54602717783635,153.90993356011472,291,84,79,5.068348869527148,8.109600788038987,-15.43810999815447,164.53212074303406,20,23,86.95652173913044,82.6086956521739,95.64011339358962,956401.1339358962,-4.757604825596429,116656502.3421782,116656502.3421782,1166566023421.782,5.068348869527148,8.127245991053906,-2.469647608520936,3.508093844248031,True,183,80,77,2.045269436081185,2.571979602988528,-52.49194124846301,188.81567796610167,9,13,69.23076923076923,61.53846153846154,47.07457077640943,470745.7077640944,-36.916085023571696,3055.4293291145277,3055.4293291145277,31554293.291145276,2.045269436081185,5.945453775865281,-2.976217901390836,0.317152430830133,False,False,2,2
UP30_SCORE70_NIKKEIOFF_TP3.5_SL1.0_H1,30,70,False,3.5,1.0,1,449,150,123,4.921035381914624,6.156777759451169,-43.03895769415422,163.8334165834166,30,34,88.23529411764706,79.41176470588235,119.4816589519204,1194816.589519204,-25.879004881865075,96879006611.85751,96879006611.85751,968790067118575.4,4.921035381914624,8.822805441147297,-2.8564929361558358,221,75,75,4.17110523099661,5.593027335667737,-43.03895769415422,159.8420792079208,15,18,83.33333333333334,72.22222222222221,82.4156380328383,824156.380328383,-25.879004881865075,596125.1696596714,596125.1696596714,5962251696.596713,4.17110523099661,7.688444368676294,-2.6759816236865097,229,76,48,5.611242412670968,6.573966533998275,-36.70105485643522,169.3162955465587,16,17,94.11764705882352,88.23529411764706,149.8454997145966,1498454.997145966,-25.795969511368032,15800793.996710544,15800793.996710544,158008939967.10544,5.611242412670968,9.905267641021588,-3.0333083759822523,156.47273728322375,153.90993356011472,158.54602717783635,153.90993356011472,291,84,79,5.068348869527148,8.109600788038987,-15.43810999815447,164.53212074303406,20,23,86.95652173913044,82.6086956521739,95.64011339358962,956401.1339358962,-4.757604825596429,116656502.3421782,116656502.3421782,1166566023421.782,5.068348869527148,8.127245991053906,-2.469647608520936,3.508093844248031,True,183,80,77,2.045269436081185,2.571979602988528,-52.49194124846301,188.81567796610167,9,13,69.23076923076923,61.53846153846154,47.07457077640943,470745.7077640944,-36.916085023571696,3055.4293291145277,3055.4293291145277,31554293.291145276,2.045269436081185,5.945453775865281,-2.976217901390836,0.317152430830133,False,False,2,2
UP30_SCORE70_NIKKEIOFF_TP3.0_SL1.0_H5,30,70,False,3.0,1.0,5,304,111,29,4.620964228826776,5.198481102641947,-39.2724134379386,111.59396984924624,27,34,79.41176470588235,79.41176470588235,61.44826953840719,614482.6953840719,-25.879004881865075,51350263.8809235,51350263.8809235,513503638809.235,4.620964228826776,9.012248287691024,-3.014331477126376,139,52,18,4.062820374806549,5.064299377859686,-39.2724134379386,101.7429859719439,13,18,72.22222222222221,72.22222222222221,43.92812768548461,439281.2768548461,-25.879004881865075,20134.43896419046,20134.43896419046,202344389.6419046,4.062820374806549,8.088292526941183,-2.672104187418708,166,60,11,5.043885394804009,5.22023967164571,-35.00477544058851,122.73582995951418,15,17,88.23529411764706,88.23529411764706,75.54558877663473,755455.8877663473,-23.08486382445737,246682.6628867796,246682.6628867796,2467826628.867796,5.043885394804009,9.770589336608348,-3.306624902383649,156.13562688127848,153.86050260351612,158.59691556031177,153.86050260351612,205,68,14,4.364231700101946,5.794116656347423,-25.984781265888024,115.72836166924266,20,23,86.95652173913044,82.6086956521739,50.04070849799063,500407.0849799063,-8.147955461327438,478577.7685519982,478577.7685519982,4786777685.519981,4.364231700101946,7.892593412506653,-2.7443793969487125,2.5549829579392145,True,100,59,12,1.383994735112835,1.7340814151097788,-48.40746590213416,103.47025495750708,8,13,61.53846153846154,53.84615384615385,14.120302041749111,141203.02041749112,-27.840337472596964,234.2748402148042,234.2748402148042,3342748.402148042,1.383994735112835,7.973992740533879,-3.195495404247553,0.2992831380448825,False,False,2,2
UP25_SCORE70_NIKKEIOFF_TP3.0_SL1.0_H5,25,70,False,3.0,1.0,5,304,111,29,4.620964228826776,5.198481102641947,-39.2724134379386,111.59396984924624,27,34,79.41176470588235,79.41176470588235,61.44826953840719,614482.6953840719,-25.879004881865075,51350263.8809235,51350263.8809235,513503638809.235,4.620964228826776,9.012248287691024,-3.014331477126376,139,52,18,4.062820374806549,5.064299377859686,-39.2724134379386,101.7429859719439,13,18,72.22222222222221,72.22222222222221,43.92812768548461,439281.2768548461,-25.879004881865075,20134.43896419046,20134.43896419046,202344389.6419046,4.062820374806549,8.088292526941183,-2.672104187418708,166,60,11,5.043885394804009,5.22023967164571,-35.00477544058851,122.73582995951418,15,17,88.23529411764706,88.23529411764706,75.54558877663473,755455.8877663473,-23.08486382445737,246682.6628867796,246682.6628867796,2467826628.867796,5.043885394804009,9.770589336608348,-3.306624902383649,156.13562688127848,153.86050260351612,158.59691556031177,153.86050260351612,205,68,14,4.364231700101946,5.794116656347423,-25.984781265888024,115.72836166924266,20,23,86.95652173913044,82.6086956521739,50.04070849799063,500407.0849799063,-8.147955461327438,478577.7685519982,478577.7685519982,4786777685.519981,4.364231700101946,7.892593412506653,-2.7443793969487125,2.5549829579392145,True,100,59,12,1.383994735112835,1.7340814151097788,-48.40746590213416,103.47025495750708,8,13,61.53846153846154,53.84615384615385,14.120302041749111,141203.02041749112,-27.840337472596964,234.2748402148042,234.2748402148042,3342748.402148042,1.383994735112835,7.973992740533879,-3.195495404247553,0.2992831380448825,False,False,2,2
UP20_SCORE70_NIKKEIOFF_TP3.0_SL1.0_H5,20,70,False,3.0,1.0,5,304,111,29,4.620964228826776,5.198481102641947,-39.2724134379386,111.59396984924624,27,34,79.41176470588235,79.41176470588235,61.44826953840719,614482.6953840719,-25.879004881865075,51350263.8809235,51350263.8809235,513503638809.235,4.620964228826776,9.012248287691024,-3.014331477126376,139,52,18,4.062820374806549,5.064299377859686,-39.2724134379386,101.7429859719439,13,18,72.22222222222221,72.22222222222221,43.92812768548461,439281.2768548461,-25.879004881865075,20134.43896419046,20134.43896419046,202344389.6419046,4.062820374806549,8.088292526941183,-2.672104187418708,166,60,11,5.043885394804009,5.22023967164571,-35.00477544058851,122.73582995951418,15,17,88.23529411764706,88.23529411764706,75.54558877663473,755455.8877663473,-23.08486382445737,246682.6628867796,246682.6628867796,2467826628.867796,5.043885394804009,9.770589336608348,-3.306624902383649,156.13562688127848,153.86050260351612,158.59691556031177,153.86050260351612,205,68,14,4.364231700101946,5.794116656347423,-25.984781265888024,115.72836166924266,20,23,86.95652173913044,82.6086956521739,50.04070849799063,500407.0849799063,-8.147955461327438,478577.7685519982,478577.7685519982,4786777685.519981,4.364231700101946,7.892593412506653,-2.7443793969487125,2.5549829579392145,True,100,59,12,1.383994735112835,1.7340814151097788,-48.40746590213416,103.47025495750708,8,13,61.53846153846154,53.84615384615385,14.120302041749111,141203.02041749112,-27.840337472596964,234.2748402148042,234.2748402148042,3342748.402148042,1.383994735112835,7.973992740533879,-3.195495404247553,0.2992831380448825,False,False,2,2
UP25_SCORE80_NIKKEIOFF_TP3.0_SL1.0_H5,25,80,False,3.0,1.0,5,230,77,22,4.846595416461442,5.6922048542844905,-29.515216609256733,84.42964824120602,25,34,73.52941176470588,73.52941176470588,45.66051929220536,456605.1929220536,-20.07809009401187,3517573.2668104903,3517573.2668104903,35176732668.104904,4.846595416461442,8.838462615585321,-3.085296550628863,92,30,11,4.398614327700799,6.132840421745687,-29.515216609256733,67.34068136272545,12,18,66.66666666666666,66.66666666666666,30.151341023913837,301513.41023913835,-20.07809009401187,4488.956430922021,4488.956430922021,45889564.30922021,4.398614327700799,7.79858705194994,-2.627995969080759,139,48,11,5.088405105826575,5.379926115675986,-21.761891582381452,102.77277327935224,14,17,82.35294117647058,82.35294117647058,58.44390991462068,584439.0991462069,-15.435864724960824,74442.48247409183,74442.48247409183,745424824.7409182,5.088405105826575,9.5469492633369,-3.3642515261200785,155.59031897935566,153.54579832660684,157.81773148782267,153.54579832660684,157,47,11,4.540276819798557,6.467496076655135,-22.23792227463537,88.35785824345146,20,23,86.95652173913044,82.6086956521739,37.551199494844006,375511.99494844006,-5.624340255238447,86890.40506065777,86890.40506065777,869904050.6065778,4.540276819798557,7.665438323376198,-2.773930954532093,2.4278193509909696,True,76,45,8,1.2361660493576854,1.6801857135333744,-44.54598070277256,78.41525423728814,7,13,53.84615384615385,46.15384615384615,8.674434082387645,86744.34082387645,-22.4394888088749,126.9685775388706,126.9685775388706,2269685.775388706,1.2361660493576854,7.486149433348063,-3.069378059613464,0.2597892126441511,False,False,2,2
UP20_SCORE80_NIKKEIOFF_TP3.0_SL1.0_H5,20,80,False,3.0,1.0,5,230,77,22,4.846595416461442,5.6922048542844905,-29.515216609256733,84.42964824120602,25,34,73.52941176470588,73.52941176470588,45.66051929220536,456605.1929220536,-20.07809009401187,3517573.2668104903,3517573.2668104903,35176732668.104904,4.846595416461442,8.838462615585321,-3.085296550628863,92,30,11,4.398614327700799,6.132840421745687,-29.515216609256733,67.34068136272545,12,18,66.66666666666666,66.66666666666666,30.151341023913837,301513.41023913835,-20.07809009401187,4488.956430922021,4488.956430922021,45889564.30922021,4.398614327700799,7.79858705194994,-2.627995969080759,139,48,11,5.088405105826575,5.379926115675986,-21.761891582381452,102.77277327935224,14,17,82.35294117647058,82.35294117647058,58.44390991462068,584439.0991462069,-15.435864724960824,74442.48247409183,74442.48247409183,745424824.7409182,5.088405105826575,9.5469492633369,-3.3642515261200785,155.59031897935566,153.54579832660684,157.81773148782267,153.54579832660684,157,47,11,4.540276819798557,6.467496076655135,-22.23792227463537,88.35785824345146,20,23,86.95652173913044,82.6086956521739,37.551199494844006,375511.99494844006,-5.624340255238447,86890.40506065777,86890.40506065777,869904050.6065778,4.540276819798557,7.665438323376198,-2.773930954532093,2.4278193509909696,True,76,45,8,1.2361660493576854,1.6801857135333744,-44.54598070277256,78.41525423728814,7,13,53.84615384615385,46.15384615384615,8.674434082387645,86744.34082387645,-22.4394888088749,126.9685775388706,126.9685775388706,2269685.775388706,1.2361660493576854,7.486149433348063,-3.069378059613464,0.2597892126441511,False,False,2,2
UP30_SCORE80_NIKKEIOFF_TP3.0_SL1.0_H5,30,80,False,3.0,1.0,5,230,77,22,4.846595416461442,5.6922048542844905,-29.515216609256733,84.42964824120602,25,34,73.52941176470588,73.52941176470588,45.66051929220536,456605.1929220536,-20.07809009401187,3517573.2668104903,3517573.2668104903,35176732668.104904,4.846595416461442,8.838462615585321,-3.085296550628863,92,30,11,4.398614327700799,6.132840421745687,-29.515216609256733,67.34068136272545,12,18,66.66666666666666,66.66666666666666,30.151341023913837,301513.41023913835,-20.07809009401187,4488.956430922021,4488.956430922021,45889564.30922021,4.398614327700799,7.79858705194994,-2.627995969080759,139,48,11,5.088405105826575,5.379926115675986,-21.761891582381452,102.77277327935224,14,17,82.35294117647058,82.35294117647058,58.44390991462068,584439.0991462069,-15.435864724960824,74442.48247409183,74442.48247409183,745424824.7409182,5.088405105826575,9.5469492633369,-3.3642515261200785,155.59031897935566,153.54579832660684,157.81773148782267,153.54579832660684,157,47,11,4.540276819798557,6.467496076655135,-22.23792227463537,88.35785824345146,20,23,86.95652173913044,82.6086956521739,37.551199494844006,375511.99494844006,-5.624340255238447,86890.40506065777,86890.40506065777,869904050.6065778,4.540276819798557,7.665438323376198,-2.773930954532093,2.4278193509909696,True,76,45,8,1.2361660493576854,1.6801857135333744,-44.54598070277256,78.41525423728814,7,13,53.84615384615385,46.15384615384615,8.674434082387645,86744.34082387645,-22.4394888088749,126.9685775388706,126.9685775388706,2269685.775388706,1.2361660493576854,7.486149433348063,-3.069378059613464,0.2597892126441511,False,False,2,2
UP30_SCORE70_NIKKEION_TP3.5_SL2.0_H1,30,70,True,3.5,2.0,1,220,40,66,6.124940935048326,9.156071131076317,-49.56389182409657,81.24873609706775,24,34,70.58823529411765,70.58823529411765,63.41552380740882,634155.2380740881,-24.33202474554015,33291633.597873915,33291633.597873915,332917335978.73914,6.124940935048326,8.403887575966738,-4.130318949084528,88,20,32,4.816020685974664,6.005975997548652,-25.943536580818904,65.19675456389453,11,18,61.11111111111112,61.11111111111112,35.01786015819877,350178.6015819877,-24.33202474554015,5409.949435486603,5409.949435486603,55099494.35486604,4.816020685974664,7.4775087929279325,-4.233038877666448,133,20,35,6.977291546895643,12.520260222197052,-49.563891824096565,98.33653846153848,14,17,82.35294117647058,82.35294117647058,87.35556369671245,873555.6369671245,-22.67429531545285,630107.9707924926,630107.9707924926,6302079707.924926,6.977291546895643,8.92505978891303,-4.027599020502609,154.63073030410064,153.16794715375966,156.98367148057122,153.16794715375966,147,36,40,4.794519685043154,5.904882006968126,-29.21912708423595,83.11416408668731,14,23,60.86956521739131,56.52173913043478,48.43105793606218,484310.5793606218,-21.9668994894497,77728.2318599546,77728.2318599546,778282318.599546,4.794519685043154,7.644025400650941,-3.9914562714141897,2.193681094783358,True,93,32,37,2.545806641117902,2.615355641943598,-46.49462188747682,95.95550847457626,6,13,46.15384615384615,46.15384615384615,35.19751644909827,351975.1644909827,-39.637254366317855,774.2511847603888,774.2511847603888,8742511.847603887,2.545806641117902,6.284071666572284,-4.580261063654513,0.4429141240853443,False,False,2,2
UP25_SCORE70_NIKKEION_TP3.5_SL2.0_H1,25,70,True,3.5,2.0,1,220,40,66,6.124940935048326,9.156071131076317,-49.56389182409657,81.24873609706775,24,34,70.58823529411765,70.58823529411765,63.41552380740882,634155.2380740881,-24.33202474554015,33291633.597873915,33291633.597873915,332917335978.73914,6.124940935048326,8.403887575966738,-4.130318949084528,88,20,32,4.816020685974664,6.005975997548652,-25.943536580818904,65.19675456389453,11,18,61.11111111111112,61.11111111111112,35.01786015819877,350178.6015819877,-24.33202474554015,5409.949435486603,5409.949435486603,55099494.35486604,4.816020685974664,7.4775087929279325,-4.233038877666448,133,20,35,6.977291546895643,12.520260222197052,-49.563891824096565,98.33653846153848,14,17,82.35294117647058,82.35294117647058,87.35556369671245,873555.6369671245,-22.67429531545285,630107.9707924926,630107.9707924926,6302079707.924926,6.977291546895643,8.92505978891303,-4.027599020502609,154.63073030410064,153.16794715375966,156.98367148057122,153.16794715375966,147,36,40,4.794519685043154,5.904882006968126,-29.21912708423595,83.11416408668731,14,23,60.86956521739131,56.52173913043478,48.43105793606218,484310.5793606218,-21.9668994894497,77728.2318599546,77728.2318599546,778282318.599546,4.794519685043154,7.644025400650941,-3.9914562714141897,2.193681094783358,True,93,32,37,2.545806641117902,2.615355641943598,-46.49462188747682,95.95550847457626,6,13,46.15384615384615,46.15384615384615,35.19751644909827,351975.1644909827,-39.637254366317855,774.2511847603888,774.2511847603888,8742511.847603887,2.545806641117902,6.284071666572284,-4.580261063654513,0.4429141240853443,False,False,2,2
UP20_SCORE70_NIKKEION_TP3.5_SL2.0_H1,20,70,True,3.5,2.0,1,220,40,66,6.124940935048326,9.156071131076317,-49.56389182409657,81.24873609706775,24,34,70.58823529411765,70.58823529411765,63.41552380740882,634155.2380740881,-24.33202474554015,33291633.597873915,33291633.597873915,332917335978.73914,6.124940935048326,8.403887575966738,-4.130318949084528,88,20,32,4.816020685974664,6.005975997548652,-25.943536580818904,65.19675456389453,11,18,61.11111111111112,61.11111111111112,35.01786015819877,350178.6015819877,-24.33202474554015,5409.949435486603,5409.949435486603,55099494.35486604,4.816020685974664,7.4775087929279325,-4.233038877666448,133,20,35,6.977291546895643,12.520260222197052,-49.563891824096565,98.33653846153848,14,17,82.35294117647058,82.35294117647058,87.35556369671245,873555.6369671245,-22.67429531545285,630107.9707924926,630107.9707924926,6302079707.924926,6.977291546895643,8.92505978891303,-4.027599020502609,154.63073030410064,153.16794715375966,156.98367148057122,153.16794715375966,147,36,40,4.794519685043154,5.904882006968126,-29.21912708423595,83.11416408668731,14,23,60.86956521739131,56.52173913043478,48.43105793606218,484310.5793606218,-21.9668994894497,77728.2318599546,77728.2318599546,778282318.599546,4.794519685043154,7.644025400650941,-3.9914562714141897,2.193681094783358,True,93,32,37,2.545806641117902,2.615355641943598,-46.49462188747682,95.95550847457626,6,13,46.15384615384615,46.15384615384615,35.19751644909827,351975.1644909827,-39.637254366317855,774.2511847603888,774.2511847603888,8742511.847603887,2.545806641117902,6.284071666572284,-4.580261063654513,0.4429141240853443,False,False,2,2
UP30_SCORE80_NIKKEIOFF_TP4.0_SL1.0_H3,30,80,False,4.0,1.0,3,233,80,45,5.979175199637188,6.727458832682927,-33.08736907471162,85.53090452261307,24,34,70.58823529411765,67.64705882352942,61.4874451884204,614874.4518842039,-20.59232669830784,41370103.99994239,41370103.99994239,413702039999.4238,5.979175199637188,10.695346077477112,-3.040501604231673,95,32,22,4.954950808558228,6.591111858120137,-33.08736907471162,69.53657314629258,12,18,66.66666666666666,61.11111111111112,33.9380035923972,339380.035923972,-20.07809009401187,8253.091834866802,8253.091834866802,83530918.34866802,4.954950808558228,8.808113540176924,-2.630963319316078,139,49,23,6.61634084010553,6.683810693738213,-20.59232669830783,102.77277327935224,13,17,76.47058823529412,76.47058823529412,85.36012710066133,853601.2710066134,-20.59232669830784,481517.9827309281,481517.9827309281,4816179827.309281,6.61634084010553,12.016408853587246,-3.3021514295547645,154.53679069246454,153.1620273628182,156.6763478461096,153.1620273628182,148,44,30,5.399966918821899,7.80815721430685,-22.38953516281209,83.67956656346749,21,23,91.30434782608695,86.95652173913044,42.07971596606993,420797.1596606993,-5.624340255238447,188610.3951949461,188610.3951949461,1887103951.949461,5.399966918821899,8.813297869116901,-2.667906236420836,3.276445597569011,True,80,48,20,1.1863977478225471,1.6843919346863392,-47.62745627133166,82.54237288135593,7,13,53.84615384615385,53.84615384615385,8.546645583639938,85466.45583639939,-29.657665008805,125.47100993908636,125.47100993908636,2254710.099390864,1.1863977478225471,7.299760183023618,-2.889177208978167,0.2157220824908642,False,False,2,2
UP20_SCORE80_NIKKEIOFF_TP4.0_SL1.0_H3,20,80,False,4.0,1.0,3,233,80,45,5.979175199637188,6.727458832682927,-33.08736907471162,85.53090452261307,24,34,70.58823529411765,67.64705882352942,61.4874451884204,614874.4518842039,-20.59232669830784,41370103.99994239,41370103.99994239,413702039999.4238,5.979175199637188,10.695346077477112,-3.040501604231673,95,32,22,4.954950808558228,6.591111858120137,-33.08736907471162,69.53657314629258,12,18,66.66666666666666,61.11111111111112,33.9380035923972,339380.035923972,-20.07809009401187,8253.091834866802,8253.091834866802,83530918.34866802,4.954950808558228,8.808113540176924,-2.630963319316078,139,49,23,6.61634084010553,6.683810693738213,-20.59232669830783,102.77277327935224,13,17,76.47058823529412,76.47058823529412,85.36012710066133,853601.2710066134,-20.59232669830784,481517.9827309281,481517.9827309281,4816179827.309281,6.61634084010553,12.016408853587246,-3.3021514295547645,154.53679069246454,153.1620273628182,156.6763478461096,153.1620273628182,148,44,30,5.399966918821899,7.80815721430685,-22.38953516281209,83.67956656346749,21,23,91.30434782608695,86.95652173913044,42.07971596606993,420797.1596606993,-5.624340255238447,188610.3951949461,188610.3951949461,1887103951.949461,5.399966918821899,8.813297869116901,-2.667906236420836,3.276445597569011,True,80,48,20,1.1863977478225471,1.6843919346863392,-47.62745627133166,82.54237288135593,7,13,53.84615384615385,53.84615384615385,8.546645583639938,85466.45583639939,-29.657665008805,125.47100993908636,125.47100993908636,2254710.099390864,1.1863977478225471,7.299760183023618,-2.889177208978167,0.2157220824908642,False,False,2,2
UP25_SCORE80_NIKKEIOFF_TP4.0_SL1.0_H3,25,80,False,4.0,1.0,3,233,80,45,5.979175199637188,6.727458832682927,-33.08736907471162,85.53090452261307,24,34,70.58823529411765,67.64705882352942,61.4874451884204,614874.4518842039,-20.59232669830784,41370103.99994239,41370103.99994239,413702039999.4238,5.979175199637188,10.695346077477112,-3.040501604231673,95,32,22,4.954950808558228,6.591111858120137,-33.08736907471162,69.53657314629258,12,18,66.66666666666666,61.11111111111112,33.9380035923972,339380.035923972,-20.07809009401187,8253.091834866802,8253.091834866802,83530918.34866802,4.954950808558228,8.808113540176924,-2.630963319316078,139,49,23,6.61634084010553,6.683810693738213,-20.59232669830783,102.77277327935224,13,17,76.47058823529412,76.47058823529412,85.36012710066133,853601.2710066134,-20.59232669830784,481517.9827309281,481517.9827309281,4816179827.309281,6.61634084010553,12.016408853587246,-3.3021514295547645,154.53679069246454,153.1620273628182,156.6763478461096,153.1620273628182,148,44,30,5.399966918821899,7.80815721430685,-22.38953516281209,83.67956656346749,21,23,91.30434782608695,86.95652173913044,42.07971596606993,420797.1596606993,-5.624340255238447,188610.3951949461,188610.3951949461,1887103951.949461,5.399966918821899,8.813297869116901,-2.667906236420836,3.276445597569011,True,80,48,20,1.1863977478225471,1.6843919346863392,-47.62745627133166,82.54237288135593,7,13,53.84615384615385,53.84615384615385,8.546645583639938,85466.45583639939,-29.657665008805,125.47100993908636,125.47100993908636,2254710.099390864,1.1863977478225471,7.299760183023618,-2.889177208978167,0.2157220824908642,False,False,2,2
UP20_SCORE80_NIKKEION_TP3.5_SL1.0_H1,20,80,True,3.5,1.0,1,149,16,49,7.558254352780104,30.53951458572344,-10.589238550065604,55.083248987854255,23,34,67.64705882352942,67.64705882352942,46.79835580736415,467983.55807364144,-6.410312276979468,4402931.125554486,4402931.125554486,44030311255.54486,7.558254352780104,8.754168582001574,-2.3827826776233705,54,7,23,6.3631434439736205,18.632975946317,-5.495802470218525,40.08841463414634,10,18,55.55555555555556,55.55555555555556,23.97556487975125,239755.6487975125,-3.98707766101809,2563.522041731724,2563.522041731724,26635220.417317238,6.3631434439736205,7.725457785840202,-2.783824279987709,95,9,26,8.237580553575365,42.98843913972773,-10.589238550065616,70.52591463414635,14,17,82.35294117647058,82.35294117647058,66.62051692428032,666205.1692428032,-6.410312276979468,165208.60479351608,165208.60479351608,1653086047.9351606,8.237580553575365,9.316370993857207,-2.070861431339996,155.21173460820393,152.94623703700455,158.15291107879216,152.94623703700455,90,14,25,6.154343832760324,18.032983320560312,-7.356966937817111,52.17857142857143,14,23,60.86956521739131,56.52173913043478,31.60510713136403,316051.0713136403,-5.756277044516933,19713.61306983385,19713.61306983385,198136130.69833848,6.154343832760324,7.715916744160082,-2.322766257695503,4.535913261927388,True,57,19,22,3.298413734986997,4.692923831989602,-17.638280625330317,58.8114406779661,6,13,46.15384615384615,38.46153846153847,20.005661547105856,200056.61547105853,-13.913690253819578,493.39848714824353,493.39848714824353,5933984.871482436,3.298413734986997,6.287377615506924,-2.6795140260528547,0.2602411230890988,False,False,2,2
UP20_SCORE80_NIKKEION_TP3.0_SL1.0_H1,20,80,True,3.0,1.0,1,149,16,41,6.725720491316252,27.28576775530957,-10.589238550065636,55.083248987854255,23,34,67.64705882352942,67.64705882352942,40.06515581198488,400651.5581198488,-6.410312276979468,1428761.641336113,1428761.641336113,14288616413.36113,6.725720491316252,7.821480271038311,-2.3827826776233705,54,7,17,5.950919484618957,17.49065765288289,-5.495802470218536,40.08841463414634,10,18,55.55555555555556,55.55555555555556,22.001556644770087,220015.56644770087,-3.98707766101809,2070.971721630028,2070.971721630028,21709717.216300283,5.950919484618957,7.251838768709311,-2.783824279987709,95,9,24,7.166133695123136,37.5270805630219,-10.589238550065604,70.52591463414635,14,17,82.35294117647058,82.35294117647058,55.6376777553531,556376.777553531,-6.410312276979468,65716.68600746595,65716.68600746595,658166860.0746595,7.166133695123136,8.13279597579951,-2.070861431339996,155.21173460820393,152.94623703700455,158.15291107879216,152.94623703700455,90,14,17,5.527754040378739,16.29881087708115,-7.356966937817111,52.17857142857143,14,23,60.86956521739131,52.17391304347826,27.66090711520954,276609.0711520954,-5.756277044516933,11698.921523031238,11698.921523031238,117989215.23031238,5.527754040378739,6.973902516339784,-2.322766257695503,4.049128554359233,True,57,19,19,2.993307792582776,4.351325386035204,-17.638280625330303,58.8114406779661,6,13,46.15384615384615,38.46153846153847,17.755962080465448,177559.62080465446,-13.913690253819578,405.8873672727935,405.8873672727935,5058873.672727935,2.993307792582776,5.829718701900591,-2.6795140260528547,0.2669719538959676,False,False,2,2
UP25_SCORE80_NIKKEION_TP3.0_SL1.0_H1,25,80,True,3.0,1.0,1,149,16,41,6.725720491316252,27.28576775530957,-10.589238550065636,55.083248987854255,23,34,67.64705882352942,67.64705882352942,40.06515581198488,400651.5581198488,-6.410312276979468,1428761.641336113,1428761.641336113,14288616413.36113,6.725720491316252,7.821480271038311,-2.3827826776233705,54,7,17,5.950919484618957,17.49065765288289,-5.495802470218536,40.08841463414634,10,18,55.55555555555556,55.55555555555556,22.001556644770087,220015.56644770087,-3.98707766101809,2070.971721630028,2070.971721630028,21709717.216300283,5.950919484618957,7.251838768709311,-2.783824279987709,95,9,24,7.166133695123136,37.5270805630219,-10.589238550065604,70.52591463414635,14,17,82.35294117647058,82.35294117647058,55.6376777553531,556376.777553531,-6.410312276979468,65716.68600746595,65716.68600746595,658166860.0746595,7.166133695123136,8.13279597579951,-2.070861431339996,155.21173460820393,152.94623703700455,158.15291107879216,152.94623703700455,90,14,17,5.527754040378739,16.29881087708115,-7.356966937817111,52.17857142857143,14,23,60.86956521739131,52.17391304347826,27.66090711520954,276609.0711520954,-5.756277044516933,11698.921523031238,11698.921523031238,117989215.23031238,5.527754040378739,6.973902516339784,-2.322766257695503,4.049128554359233,True,57,19,19,2.993307792582776,4.351325386035204,-17.638280625330303,58.8114406779661,6,13,46.15384615384615,38.46153846153847,17.755962080465448,177559.62080465446,-13.913690253819578,405.8873672727935,405.8873672727935,5058873.672727935,2.993307792582776,5.829718701900591,-2.6795140260528547,0.2669719538959676,False,False,2,2
UP25_SCORE80_NIKKEION_TP4.0_SL1.0_H1,25,80,True,4.0,1.0,1,149,16,59,8.149216133883582,32.84913838742711,-10.589238550065629,55.083248987854255,23,34,67.64705882352942,67.64705882352942,51.26879312102045,512687.9312102045,-6.410312276979468,9620064.191260189,9620064.191260189,96201641912.60188,8.149216133883582,9.416223509703968,-2.3827826776233705,54,7,28,6.649187499578462,19.42563573726419,-5.495802470218536,40.08841463414634,10,18,55.55555555555556,55.55555555555556,25.25516820127607,252551.68201276072,-3.98707766101809,2973.148041030985,2973.148041030985,30731480.41030985,6.649187499578462,8.054104147598958,-2.783824279987709,95,9,31,9.001863989172808,46.88413015147227,-10.589238550065604,70.52591463414635,14,17,82.35294117647058,82.35294117647058,73.98603104463191,739860.3104463192,-6.410312276979468,312939.400081514,312939.400081514,3130394000.81514,9.001863989172808,10.160637579691588,-2.070861431339996,155.21173460820393,152.94623703700455,158.15291107879216,152.94623703700455,90,14,35,6.628287534270092,19.344686953322697,-7.3569669378171,52.17857142857143,14,23,60.86956521739131,56.52173913043478,34.62263521443618,346226.3521443618,-5.756277044516933,29050.410112959595,29050.410112959595,291504101.12959594,6.628287534270092,8.277165864369017,-2.322766257695503,4.929412497412391,True,57,19,28,3.3377499973228093,4.736964947602372,-17.638280625330292,58.8114406779661,6,13,46.15384615384615,38.46153846153847,20.256915667724904,202569.15667724903,-13.913690253819578,505.243619943514,505.243619943514,6052436.199435141,3.3377499973228093,6.346382009010641,-2.6795140260528547,0.2448716259421679,False,False,2,2
UP20_SCORE80_NIKKEION_TP4.0_SL1.0_H1,20,80,True,4.0,1.0,1,149,16,59,8.149216133883582,32.84913838742711,-10.589238550065629,55.083248987854255,23,34,67.64705882352942,67.64705882352942,51.26879312102045,512687.9312102045,-6.410312276979468,9620064.191260189,9620064.191260189,96201641912.60188,8.149216133883582,9.416223509703968,-2.3827826776233705,54,7,28,6.649187499578462,19.42563573726419,-5.495802470218536,40.08841463414634,10,18,55.55555555555556,55.55555555555556,25.25516820127607,252551.68201276072,-3.98707766101809,2973.148041030985,2973.148041030985,30731480.41030985,6.649187499578462,8.054104147598958,-2.783824279987709,95,9,31,9.001863989172808,46.88413015147227,-10.589238550065604,70.52591463414635,14,17,82.35294117647058,82.35294117647058,73.98603104463191,739860.3104463192,-6.410312276979468,312939.400081514,312939.400081514,3130394000.81514,9.001863989172808,10.160637579691588,-2.070861431339996,155.21173460820393,152.94623703700455,158.15291107879216,152.94623703700455,90,14,35,6.628287534270092,19.344686953322697,-7.3569669378171,52.17857142857143,14,23,60.86956521739131,56.52173913043478,34.62263521443618,346226.3521443618,-5.756277044516933,29050.410112959595,29050.410112959595,291504101.12959594,6.628287534270092,8.277165864369017,-2.322766257695503,4.929412497412391,True,57,19,28,3.3377499973228093,4.736964947602372,-17.638280625330292,58.8114406779661,6,13,46.15384615384615,38.46153846153847,20.256915667724904,202569.15667724903,-13.913690253819578,505.243619943514,505.243619943514,6052436.199435141,3.3377499973228093,6.346382009010641,-2.6795140260528547,0.2448716259421679,False,False,2,2
UP25_SCORE80_NIKKEION_TP3.5_SL1.0_H1,25,80,True,3.5,1.0,1,149,16,49,7.558254352780104,30.53951458572344,-10.589238550065604,55.083248987854255,23,34,67.64705882352942,67.64705882352942,46.79835580736415,467983.55807364144,-6.410312276979468,4402931.125554486,4402931.125554486,44030311255.54486,7.558254352780104,8.754168582001574,-2.3827826776233705,54,7,23,6.3631434439736205,18.632975946317,-5.495802470218525,40.08841463414634,10,18,55.55555555555556,55.55555555555556,23.97556487975125,239755.6487975125,-3.98707766101809,2563.522041731724,2563.522041731724,26635220.417317238,6.3631434439736205,7.725457785840202,-2.783824279987709,95,9,26,8.237580553575365,42.98843913972773,-10.589238550065616,70.52591463414635,14,17,82.35294117647058,82.35294117647058,66.62051692428032,666205.1692428032,-6.410312276979468,165208.60479351608,165208.60479351608,1653086047.9351606,8.237580553575365,9.316370993857207,-2.070861431339996,155.21173460820393,152.94623703700455,158.15291107879216,152.94623703700455,90,14,25,6.154343832760324,18.032983320560312,-7.356966937817111,52.17857142857143,14,23,60.86956521739131,56.52173913043478,31.60510713136403,316051.0713136403,-5.756277044516933,19713.61306983385,19713.61306983385,198136130.69833848,6.154343832760324,7.715916744160082,-2.322766257695503,4.535913261927388,True,57,19,22,3.298413734986997,4.692923831989602,-17.638280625330317,58.8114406779661,6,13,46.15384615384615,38.46153846153847,20.005661547105856,200056.61547105853,-13.913690253819578,493.39848714824353,493.39848714824353,5933984.871482436,3.298413734986997,6.287377615506924,-2.6795140260528547,0.2602411230890988,False,False,2,2
UP30_SCORE80_NIKKEION_TP4.0_SL1.0_H1,30,80,True,4.0,1.0,1,149,16,59,8.149216133883582,32.84913838742711,-10.589238550065629,55.083248987854255,23,34,67.64705882352942,67.64705882352942,51.26879312102045,512687.9312102045,-6.410312276979468,9620064.191260189,9620064.191260189,96201641912.60188,8.149216133883582,9.416223509703968,-2.3827826776233705,54,7,28,6.649187499578462,19.42563573726419,-5.495802470218536,40.08841463414634,10,18,55.55555555555556,55.55555555555556,25.25516820127607,252551.68201276072,-3.98707766101809,2973.148041030985,2973.148041030985,30731480.41030985,6.649187499578462,8.054104147598958,-2.783824279987709,95,9,31,9.001863989172808,46.88413015147227,-10.589238550065604,70.52591463414635,14,17,82.35294117647058,82.35294117647058,73.98603104463191,739860.3104463192,-6.410312276979468,312939.400081514,312939.400081514,3130394000.81514,9.001863989172808,10.160637579691588,-2.070861431339996,155.21173460820393,152.94623703700455,158.15291107879216,152.94623703700455,90,14,35,6.628287534270092,19.344686953322697,-7.3569669378171,52.17857142857143,14,23,60.86956521739131,56.52173913043478,34.62263521443618,346226.3521443618,-5.756277044516933,29050.410112959595,29050.410112959595,291504101.12959594,6.628287534270092,8.277165864369017,-2.322766257695503,4.929412497412391,True,57,19,28,3.3377499973228093,4.736964947602372,-17.638280625330292,58.8114406779661,6,13,46.15384615384615,38.46153846153847,20.256915667724904,202569.15667724903,-13.913690253819578,505.243619943514,505.243619943514,6052436.199435141,3.3377499973228093,6.346382009010641,-2.6795140260528547,0.2448716259421679,False,False,2,2
UP30_SCORE80_NIKKEION_TP3.5_SL1.0_H1,30,80,True,3.5,1.0,1,149,16,49,7.558254352780104,30.53951458572344,-10.589238550065604,55.083248987854255,23,34,67.64705882352942,67.64705882352942,46.79835580736415,467983.55807364144,-6.410312276979468,4402931.125554486,4402931.125554486,44030311255.54486,7.558254352780104,8.754168582001574,-2.3827826776233705,54,7,23,6.3631434439736205,18.632975946317,-5.495802470218525,40.08841463414634,10,18,55.55555555555556,55.55555555555556,23.97556487975125,239755.6487975125,-3.98707766101809,2563.522041731724,2563.522041731724,26635220.417317238,6.3631434439736205,7.725457785840202,-2.783824279987709,95,9,26,8.237580553575365,42.98843913972773,-10.589238550065616,70.52591463414635,14,17,82.35294117647058,82.35294117647058,66.62051692428032,666205.1692428032,-6.410312276979468,165208.60479351608,165208.60479351608,1653086047.9351606,8.237580553575365,9.316370993857207,-2.070861431339996,155.21173460820393,152.94623703700455,158.15291107879216,152.94623703700455,90,14,25,6.154343832760324,18.032983320560312,-7.356966937817111,52.17857142857143,14,23,60.86956521739131,56.52173913043478,31.60510713136403,316051.0713136403,-5.756277044516933,19713.61306983385,19713.61306983385,198136130.69833848,6.154343832760324,7.715916744160082,-2.322766257695503,4.535913261927388,True,57,19,22,3.298413734986997,4.692923831989602,-17.638280625330317,58.8114406779661,6,13,46.15384615384615,38.46153846153847,20.005661547105856,200056.61547105853,-13.913690253819578,493.39848714824353,493.39848714824353,5933984.871482436,3.298413734986997,6.287377615506924,-2.6795140260528547,0.2602411230890988,False,False,2,2
UP30_SCORE80_NIKKEION_TP3.0_SL1.0_H1,30,80,True,3.0,1.0,1,149,16,41,6.725720491316252,27.28576775530957,-10.589238550065636,55.083248987854255,23,34,67.64705882352942,67.64705882352942,40.06515581198488,400651.5581198488,-6.410312276979468,1428761.641336113,1428761.641336113,14288616413.36113,6.725720491316252,7.821480271038311,-2.3827826776233705,54,7,17,5.950919484618957,17.49065765288289,-5.495802470218536,40.08841463414634,10,18,55.55555555555556,55.55555555555556,22.001556644770087,220015.56644770087,-3.98707766101809,2070.971721630028,2070.971721630028,21709717.216300283,5.950919484618957,7.251838768709311,-2.783824279987709,95,9,24,7.166133695123136,37.5270805630219,-10.589238550065604,70.52591463414635,14,17,82.35294117647058,82.35294117647058,55.6376777553531,556376.777553531,-6.410312276979468,65716.68600746595,65716.68600746595,658166860.0746595,7.166133695123136,8.13279597579951,-2.070861431339996,155.21173460820393,152.94623703700455,158.15291107879216,152.94623703700455,90,14,17,5.527754040378739,16.29881087708115,-7.356966937817111,52.17857142857143,14,23,60.86956521739131,52.17391304347826,27.66090711520954,276609.0711520954,-5.756277044516933,11698.921523031238,11698.921523031238,117989215.23031238,5.527754040378739,6.973902516339784,-2.322766257695503,4.049128554359233,True,57,19,19,2.993307792582776,4.351325386035204,-17.638280625330303,58.8114406779661,6,13,46.15384615384615,38.46153846153847,17.755962080465448,177559.62080465446,-13.913690253819578,405.8873672727935,405.8873672727935,5058873.672727935,2.993307792582776,5.829718701900591,-2.6795140260528547,0.2669719538959676,False,False,2,2
UP20_SCORE70_NIKKEIOFF_TP2.5_SL1.0_H5,20,70,False,2.5,1.0,5,331,115,23,3.9427769060254496,4.842983731344678,-38.65057277988614,120.77697302697304,29,34,85.29411764705883,73.52941176470588,55.393206674842325,553932.0667484233,-24.954261428225887,22508960.94666144,22508960.94666144,225090609466.6144,3.9427769060254496,7.6141409305463235,-2.953002479161583,156,56,13,3.548828512171873,4.719864762133875,-37.8087881068349,112.82970297029703,14,18,77.77777777777779,72.22222222222221,41.10025679375178,411002.5679375178,-24.79758473710998,18834.703014450926,18834.703014450926,189347030.1445093,3.548828512171873,7.024444992371737,-2.6576294881850253,176,60,10,4.2538965344764055,4.868694338759309,-38.65057277988614,130.12955465587046,16,17,94.11764705882352,76.47058823529412,66.66125015892518,666612.5015892518,-24.954261428225887,115500.8872483173,115500.8872483173,1156008872.4831731,4.2538965344764055,8.122499497938211,-3.225402528216412,153.85061914052406,152.9373289029909,154.92353130250837,152.9373289029909,222,77,6,3.327154810526452,4.492254324286453,-26.98190744431377,125.32534775888718,19,23,82.6086956521739,82.6086956521739,40.144213281509394,401442.1328150939,-11.392629501225649,112959.3929011948,112959.3929011948,1130593929.011948,3.327154810526452,6.552642173200861,-2.746814898405875,1.8275598449451207,True,106,59,11,1.2514052653175844,1.7099983174647109,-47.52571693360553,109.67847025495752,7,13,53.84615384615385,53.84615384615385,13.950446360116256,139504.46360116257,-26.91009634492776,224.1344335482368,224.1344335482368,3241344.335482368,1.2514052653175844,6.797423815986459,-3.1666095123338924,0.3806548325236074,False,False,2,2
UP30_SCORE70_NIKKEIOFF_TP2.5_SL1.0_H5,30,70,False,2.5,1.0,5,331,115,23,3.9427769060254496,4.842983731344678,-38.65057277988614,120.77697302697304,29,34,85.29411764705883,73.52941176470588,55.393206674842325,553932.0667484233,-24.954261428225887,22508960.94666144,22508960.94666144,225090609466.6144,3.9427769060254496,7.6141409305463235,-2.953002479161583,156,56,13,3.548828512171873,4.719864762133875,-37.8087881068349,112.82970297029703,14,18,77.77777777777779,72.22222222222221,41.10025679375178,411002.5679375178,-24.79758473710998,18834.703014450926,18834.703014450926,189347030.1445093,3.548828512171873,7.024444992371737,-2.6576294881850253,176,60,10,4.2538965344764055,4.868694338759309,-38.65057277988614,130.12955465587046,16,17,94.11764705882352,76.47058823529412,66.66125015892518,666612.5015892518,-24.954261428225887,115500.8872483173,115500.8872483173,1156008872.4831731,4.2538965344764055,8.122499497938211,-3.225402528216412,153.85061914052406,152.9373289029909,154.92353130250837,152.9373289029909,222,77,6,3.327154810526452,4.492254324286453,-26.98190744431377,125.32534775888718,19,23,82.6086956521739,82.6086956521739,40.144213281509394,401442.1328150939,-11.392629501225649,112959.3929011948,112959.3929011948,1130593929.011948,3.327154810526452,6.552642173200861,-2.746814898405875,1.8275598449451207,True,106,59,11,1.2514052653175844,1.7099983174647109,-47.52571693360553,109.67847025495752,7,13,53.84615384615385,53.84615384615385,13.950446360116256,139504.46360116257,-26.91009634492776,224.1344335482368,224.1344335482368,3241344.335482368,1.2514052653175844,6.797423815986459,-3.1666095123338924,0.3806548325236074,False,False,2,2
UP25_SCORE70_NIKKEIOFF_TP2.5_SL1.0_H5,25,70,False,2.5,1.0,5,331,115,23,3.9427769060254496,4.842983731344678,-38.65057277988614,120.77697302697304,29,34,85.29411764705883,73.52941176470588,55.393206674842325,553932.0667484233,-24.954261428225887,22508960.94666144,22508960.94666144,225090609466.6144,3.9427769060254496,7.6141409305463235,-2.953002479161583,156,56,13,3.548828512171873,4.719864762133875,-37.8087881068349,112.82970297029703,14,18,77.77777777777779,72.22222222222221,41.10025679375178,411002.5679375178,-24.79758473710998,18834.703014450926,18834.703014450926,189347030.1445093,3.548828512171873,7.024444992371737,-2.6576294881850253,176,60,10,4.2538965344764055,4.868694338759309,-38.65057277988614,130.12955465587046,16,17,94.11764705882352,76.47058823529412,66.66125015892518,666612.5015892518,-24.954261428225887,115500.8872483173,115500.8872483173,1156008872.4831731,4.2538965344764055,8.122499497938211,-3.225402528216412,153.85061914052406,152.9373289029909,154.92353130250837,152.9373289029909,222,77,6,3.327154810526452,4.492254324286453,-26.98190744431377,125.32534775888718,19,23,82.6086956521739,82.6086956521739,40.144213281509394,401442.1328150939,-11.392629501225649,112959.3929011948,112959.3929011948,1130593929.011948,3.327154810526452,6.552642173200861,-2.746814898405875,1.8275598449451207,True,106,59,11,1.2514052653175844,1.7099983174647109,-47.52571693360553,109.67847025495752,7,13,53.84615384615385,53.84615384615385,13.950446360116256,139504.46360116257,-26.91009634492776,224.1344335482368,224.1344335482368,3241344.335482368,1.2514052653175844,6.797423815986459,-3.1666095123338924,0.3806548325236074,False,False,2,2
UP25_SCORE80_NIKKEION_TP2.5_SL1.0_H1,25,80,True,2.5,1.0,1,149,15,28,5.882028962627787,26.867917754880825,-10.589238550065616,55.083248987854255,23,34,67.64705882352942,67.64705882352942,33.79949217673628,337994.9217673628,-6.410312276979468,454330.8031208334,454330.8031208334,4544308031.208334,5.882028962627787,6.793305841347849,-2.258711153938098,54,6,11,5.470749788158882,20.380840191366147,-5.495802470218559,40.08841463414634,10,18,55.55555555555556,55.55555555555556,19.92991208306214,199299.1208306214,-3.98707766101809,1620.6603518587433,1620.6603518587433,17206603.518587433,5.470749788158882,6.472154228908149,-2.5404857378352523,95,9,17,6.115808703904849,32.17338396680924,-10.589238550065629,70.52591463414635,14,17,82.35294117647058,82.35294117647058,45.58464773607658,455846.47736076586,-6.410312276979468,26310.25595957588,26310.25595957588,264102559.5957588,6.115808703904849,6.9725532529421015,-2.070861431339996,155.21173460820393,152.9252106619232,158.15291107879216,152.9252106619232,90,14,12,4.672160904774268,13.930840545238237,-7.3569669378171,52.17857142857143,14,23,60.86956521739131,52.17391304347826,22.601041478690377,226010.41478690377,-5.756277044516933,5670.385469440553,5670.385469440553,57703854.694405526,4.672160904774268,5.960700118913436,-2.322766257695503,3.406619434946345,True,57,19,17,2.5202003040939567,3.821631399862183,-17.638280625330317,58.8114406779661,6,13,46.15384615384615,38.46153846153847,14.57884996637269,145788.49966372692,-13.913690253819578,293.78919448031,293.78919448031,3937891.9448031,2.5202003040939567,5.120057469167362,-2.6795140260528547,0.2743288452302666,False,False,2,2
UP30_SCORE80_NIKKEION_TP2.5_SL1.0_H1,30,80,True,2.5,1.0,1,149,15,28,5.882028962627787,26.867917754880825,-10.589238550065616,55.083248987854255,23,34,67.64705882352942,67.64705882352942,33.79949217673628,337994.9217673628,-6.410312276979468,454330.8031208334,454330.8031208334,4544308031.208334,5.882028962627787,6.793305841347849,-2.258711153938098,54,6,11,5.470749788158882,20.380840191366147,-5.495802470218559,40.08841463414634,10,18,55.55555555555556,55.55555555555556,19.92991208306214,199299.1208306214,-3.98707766101809,1620.6603518587433,1620.6603518587433,17206603.518587433,5.470749788158882,6.472154228908149,-2.5404857378352523,95,9,17,6.115808703904849,32.17338396680924,-10.589238550065629,70.52591463414635,14,17,82.35294117647058,82.35294117647058,45.58464773607658,455846.47736076586,-6.410312276979468,26310.25595957588,26310.25595957588,264102559.5957588,6.115808703904849,6.9725532529421015,-2.070861431339996,155.21173460820393,152.9252106619232,158.15291107879216,152.9252106619232,90,14,12,4.672160904774268,13.930840545238237,-7.3569669378171,52.17857142857143,14,23,60.86956521739131,52.17391304347826,22.601041478690377,226010.41478690377,-5.756277044516933,5670.385469440553,5670.385469440553,57703854.694405526,4.672160904774268,5.960700118913436,-2.322766257695503,3.406619434946345,True,57,19,17,2.5202003040939567,3.821631399862183,-17.638280625330317,58.8114406779661,6,13,46.15384615384615,38.46153846153847,14.57884996637269,145788.49966372692,-13.913690253819578,293.78919448031,293.78919448031,3937891.9448031,2.5202003040939567,5.120057469167362,-2.6795140260528547,0.2743288452302666,False,False,2,2
UP20_SCORE80_NIKKEION_TP2.5_SL1.0_H1,20,80,True,2.5,1.0,1,149,15,28,5.882028962627787,26.867917754880825,-10.589238550065616,55.083248987854255,23,34,67.64705882352942,67.64705882352942,33.79949217673628,337994.9217673628,-6.410312276979468,454330.8031208334,454330.8031208334,4544308031.208334,5.882028962627787,6.793305841347849,-2.258711153938098,54,6,11,5.470749788158882,20.380840191366147,-5.495802470218559,40.08841463414634,10,18,55.55555555555556,55.55555555555556,19.92991208306214,199299.1208306214,-3.98707766101809,1620.6603518587433,1620.6603518587433,17206603.518587433,5.470749788158882,6.472154228908149,-2.5404857378352523,95,9,17,6.115808703904849,32.17338396680924,-10.589238550065629,70.52591463414635,14,17,82.35294117647058,82.35294117647058,45.58464773607658,455846.47736076586,-6.410312276979468,26310.25595957588,26310.25595957588,264102559.5957588,6.115808703904849,6.9725532529421015,-2.070861431339996,155.21173460820393,152.9252106619232,158.15291107879216,152.9252106619232,90,14,12,4.672160904774268,13.930840545238237,-7.3569669378171,52.17857142857143,14,23,60.86956521739131,52.17391304347826,22.601041478690377,226010.41478690377,-5.756277044516933,5670.385469440553,5670.385469440553,57703854.694405526,4.672160904774268,5.960700118913436,-2.322766257695503,3.406619434946345,True,57,19,17,2.5202003040939567,3.821631399862183,-17.638280625330317,58.8114406779661,6,13,46.15384615384615,38.46153846153847,14.57884996637269,145788.49966372692,-13.913690253819578,293.78919448031,293.78919448031,3937891.9448031,2.5202003040939567,5.120057469167362,-2.6795140260528547,0.2743288452302666,False,False,2,2
UP30_SCORE80_NIKKEION_TP2.5_SL1.0_H1,30,80,True,2.5,1.0,1,174,20,32,5.755123872475969,23.5745330913074,-10.589238550065616,52.3504942339374,27,42,64.28571428571429,64.28571428571429,30.92133490842444,309213.34908424434,-6.410312276979468,1510476.176763557,1510476.176763557,15105761767.635569,5.755123872475969,6.790590267033383,-2.217967365616117,73,7,14,5.511116510265718,26.603702923779284,-5.495802470218559,44.07148760330578,14,22,63.63636363636363,63.63636363636363,22.39523924850556,223952.39248505564,-3.98707766101809,4749.719549772571,4749.719549772571,48497195.4977257,5.511116510265718,6.333704933426402,-2.2447171938207258,101,13,18,5.931485629321001,21.912979506602465,-10.589238550065604,60.875,14,21,66.66666666666666,66.66666666666666,38.36173686904743,383617.3686904743,-6.410312276979468,31047.70166110729,31047.70166110729,311477016.61107296,5.931485629321001,7.133254267238618,-2.203563611967481,154.5394657006409,154.56239865316616,155.01565617683138,154.56239865316616,132,31,29,3.579659974159166,7.189937458908187,-23.052799132138336,63.27165354330709,16,27,59.25925925925925,51.85185185185185,22.369551006696675,223695.5100669668,-13.373122506398085,9355.823703232443,9355.823703232443,94558237.03232446,3.579659974159166,5.434169552315741,-2.462451877254193,1.522417544203339,True,56,8,40,2.3774597207724697,7.439753225554135,-6.526914018586282,61.23952095808383,9,12,75.0,50.0,12.621901819576903,126219.01819576904,-1.7363555489423144,262.83225703684525,262.83225703684525,3628322.570368453,2.3774597207724697,3.2044187369472787,-2.5842943762763886,1.034745193275142,False,True,3,3
UP30_SCORE80_NIKKEION_TP3.0_SL1.0_H1,30,80,True,3.0,1.0,1,174,21,48,6.5854820944963866,24.576098227340427,-10.589238550065636,52.3504942339374,27,42,64.28571428571429,64.28571428571429,36.5720798559295,365720.798559295,-6.410312276979468,5642373.112499859,5642373.112499859,56424731124.9986,6.5854820944963866,7.807039786193439,-2.3144382307249898,73,8,21,6.112147556960535,23.35754604705313,-5.495802470218536,44.07148760330578,14,22,63.63636363636363,63.63636363636363,25.31832650899963,253183.2650899963,-3.98707766101809,7134.632661457365,7134.632661457365,72346326.61457366,6.112147556960535,7.171440731504101,-2.494609486205941,101,13,27,6.927595176081705,25.42502013850776,-10.589238550065616,60.875,14,21,66.66666666666666,66.66666666666666,46.59764030181967,465976.4030181967,-6.410312276979468,77892.53087942163,77892.53087942163,779925308.7942163,6.927595176081705,8.27651636067988,-2.203563611967481,154.5394657006409,154.56239865316616,155.01565617683138,154.56239865316616,132,31,34,4.221722387257025,8.300189888044267,-23.052799132138336,63.27165354330709,16,27,59.25925925925925,51.85185185185185,27.254299800770987,272542.99800770986,-13.373122506398085,20720.03395790092,20720.03395790092,208200339.5790092,4.221722387257025,6.273300626859476,-2.462451877254193,1.871741921789008,True,56,8,44,2.4597650874080013,8.975497090881085,-4.427371146662862,61.23952095808383,9,12,75.0,58.333333333333336,12.994270571244174,129942.70571244176,-1.7363555489423144,279.5509635779648,279.5509635779648,3795509.635779648,2.4597650874080013,3.2295437501249755,-2.1589068888938465,1.081360452224056,False,True,3,3
UP20_SCORE80_NIKKEION_TP2.5_SL1.0_H1,20,80,True,2.5,1.0,1,174,20,32,5.755123872475969,23.5745330913074,-10.589238550065616,52.3504942339374,27,42,64.28571428571429,64.28571428571429,30.92133490842444,309213.34908424434,-6.410312276979468,1510476.176763557,1510476.176763557,15105761767.635569,5.755123872475969,6.790590267033383,-2.217967365616117,73,7,14,5.511116510265718,26.603702923779284,-5.495802470218559,44.07148760330578,14,22,63.63636363636363,63.63636363636363,22.39523924850556,223952.39248505564,-3.98707766101809,4749.719549772571,4749.719549772571,48497195.4977257,5.511116510265718,6.333704933426402,-2.2447171938207258,101,13,18,5.931485629321001,21.912979506602465,-10.589238550065604,60.875,14,21,66.66666666666666,66.66666666666666,38.36173686904743,383617.3686904743,-6.410312276979468,31047.70166110729,31047.70166110729,311477016.61107296,5.931485629321001,7.133254267238618,-2.203563611967481,154.5394657006409,154.56239865316616,155.01565617683138,154.56239865316616,132,31,29,3.579659974159166,7.189937458908187,-23.052799132138336,63.27165354330709,16,27,59.25925925925925,51.85185185185185,22.369551006696675,223695.5100669668,-13.373122506398085,9355.823703232443,9355.823703232443,94558237.03232446,3.579659974159166,5.434169552315741,-2.462451877254193,1.522417544203339,True,56,8,40,2.3774597207724697,7.439753225554135,-6.526914018586282,61.23952095808383,9,12,75.0,50.0,12.621901819576903,126219.01819576904,-1.7363555489423144,262.83225703684525,262.83225703684525,3628322.570368453,2.3774597207724697,3.2044187369472787,-2.5842943762763886,1.034745193275142,False,True,3,3
UP20_SCORE80_NIKKEION_TP3.5_SL1.0_H1,20,80,True,3.5,1.0,1,174,21,60,7.32749112853968,27.232498718778785,-10.589238550065604,52.3504942339374,27,42,64.28571428571429,64.28571428571429,42.15761236111079,421576.1236111078,-6.410312276979468,18175982.521813545,18175982.521813545,181760825218.13547,7.32749112853968,8.65089319745836,-2.3144382307249898,73,8,28,6.63168767435318,25.25796516973441,-5.495802470218525,44.07148760330578,14,22,63.63636363636363,63.63636363636363,28.129168380509928,281291.6838050993,-3.98707766101809,10152.442023381076,10152.442023381076,102524420.23381075,6.63168767435318,7.754924247960456,-2.494609486205941,101,13,32,7.830398575624973,28.608085928941225,-10.589238550065629,60.875,14,21,66.66666666666666,66.66666666666666,54.82019300363587,548201.9300363587,-6.410312276979468,177185.39678997747,177185.39678997747,1772853967.8997748,7.830398575624973,9.312688444246588,-2.203563611967481,154.5394657006409,154.56239865316616,155.01565617683138,154.56239865316616,132,31,42,4.733801361030823,9.185675337657743,-23.05279913213836,63.27165354330709,16,27,59.25925925925925,55.55555555555556,31.416517476311927,314165.17476311926,-13.373122506398085,38653.26843022156,38653.26843022156,387532684.3022156,4.733801361030823,6.942552354959886,-2.462451877254193,2.1636605479156974,True,56,8,44,2.526413337668349,9.191596152041374,-4.427371146662862,61.23952095808383,9,12,75.0,66.66666666666666,13.37223279518162,133722.3279518162,-1.7363555489423144,293.1224676382626,293.1224676382626,3931224.6763826255,2.526413337668349,3.3073000420953824,-2.1589068888938465,1.0006445703953148,False,True,3,3
UP25_SCORE80_NIKKEION_TP3.5_SL1.0_H1,25,80,True,3.5,1.0,1,174,21,60,7.32749112853968,27.232498718778785,-10.589238550065604,52.3504942339374,27,42,64.28571428571429,64.28571428571429,42.15761236111079,421576.1236111078,-6.410312276979468,18175982.521813545,18175982.521813545,181760825218.13547,7.32749112853968,8.65089319745836,-2.3144382307249898,73,8,28,6.63168767435318,25.25796516973441,-5.495802470218525,44.07148760330578,14,22,63.63636363636363,63.63636363636363,28.129168380509928,281291.6838050993,-3.98707766101809,10152.442023381076,10152.442023381076,102524420.23381075,6.63168767435318,7.754924247960456,-2.494609486205941,101,13,32,7.830398575624973,28.608085928941225,-10.589238550065629,60.875,14,21,66.66666666666666,66.66666666666666,54.82019300363587,548201.9300363587,-6.410312276979468,177185.39678997747,177185.39678997747,1772853967.8997748,7.830398575624973,9.312688444246588,-2.203563611967481,154.5394657006409,154.56239865316616,155.01565617683138,154.56239865316616,132,31,42,4.733801361030823,9.185675337657743,-23.05279913213836,63.27165354330709,16,27,59.25925925925925,55.55555555555556,31.416517476311927,314165.17476311926,-13.373122506398085,38653.26843022156,38653.26843022156,387532684.3022156,4.733801361030823,6.942552354959886,-2.462451877254193,2.1636605479156974,True,56,8,44,2.526413337668349,9.191596152041374,-4.427371146662862,61.23952095808383,9,12,75.0,66.66666666666666,13.37223279518162,133722.3279518162,-1.7363555489423144,293.1224676382626,293.1224676382626,3931224.6763826255,2.526413337668349,3.3073000420953824,-2.1589068888938465,1.0006445703953148,False,True,3,3
UP25_SCORE80_NIKKEION_TP4.0_SL1.0_H1,25,80,True,4.0,1.0,1,174,21,73,7.838611199788125,29.062314187533783,-10.589238550065629,52.3504942339374,27,42,64.28571428571429,64.28571428571429,45.77035713942438,457703.5713942437,-6.410312276979468,39915753.74996688,39915753.74996688,399158537499.6688,7.838611199788125,9.2321670039762,-2.3144382307249898,73,8,33,7.090143982485216,26.93494661105306,-5.495802470218536,44.07148760330578,14,22,63.63636363636363,63.63636363636363,30.448456925308918,304484.56925308914,-3.98707766101809,13852.71559366796,13852.71559366796,139527155.9366796,7.090143982485216,8.269805947862588,-2.494609486205941,101,13,40,8.379582554868447,30.544375422166876,-10.589238550065604,60.875,14,21,66.66666666666666,66.66666666666666,59.61213087969996,596121.3087969996,-6.410312276979468,285979.4623240336,285979.4623240336,2860794623.240336,8.379582554868447,9.94300187496921,-2.203563611967481,154.5394657006409,154.56239865316616,155.01565617683138,154.56239865316616,132,31,55,5.037730873189132,9.71122935277571,-23.052799132138336,63.27165354330709,16,27,59.25925925925925,55.55555555555556,33.85757859397932,338575.7859397932,-13.373122506398085,55664.29943176397,55664.29943176397,557642994.3176397,5.037730873189132,7.3397671629291645,-2.462451877254193,2.2737240800888894,True,56,7,47,2.551355777986877,9.543037106589637,-4.427371146662851,61.23952095808383,9,12,75.0,66.66666666666666,13.563184321276788,135631.84321276788,-1.7363555489423144,298.7654415422824,298.7654415422824,3987654.415422824,2.551355777986877,3.2571464835092967,-2.389179160670061,0.9826806431939537,False,True,3,3
UP30_SCORE80_NIKKEION_TP4.0_SL1.0_H1,30,80,True,4.0,1.0,1,174,21,73,7.838611199788125,29.062314187533783,-10.589238550065629,52.3504942339374,27,42,64.28571428571429,64.28571428571429,45.77035713942438,457703.5713942437,-6.410312276979468,39915753.74996688,39915753.74996688,399158537499.6688,7.838611199788125,9.2321670039762,-2.3144382307249898,73,8,33,7.090143982485216,26.93494661105306,-5.495802470218536,44.07148760330578,14,22,63.63636363636363,63.63636363636363,30.448456925308918,304484.56925308914,-3.98707766101809,13852.71559366796,13852.71559366796,139527155.9366796,7.090143982485216,8.269805947862588,-2.494609486205941,101,13,40,8.379582554868447,30.544375422166876,-10.589238550065604,60.875,14,21,66.66666666666666,66.66666666666666,59.61213087969996,596121.3087969996,-6.410312276979468,285979.4623240336,285979.4623240336,2860794623.240336,8.379582554868447,9.94300187496921,-2.203563611967481,154.5394657006409,154.56239865316616,155.01565617683138,154.56239865316616,132,31,55,5.037730873189132,9.71122935277571,-23.052799132138336,63.27165354330709,16,27,59.25925925925925,55.55555555555556,33.85757859397932,338575.7859397932,-13.373122506398085,55664.29943176397,55664.29943176397,557642994.3176397,5.037730873189132,7.3397671629291645,-2.462451877254193,2.2737240800888894,True,56,7,47,2.551355777986877,9.543037106589637,-4.427371146662851,61.23952095808383,9,12,75.0,66.66666666666666,13.563184321276788,135631.84321276788,-1.7363555489423144,298.7654415422824,298.7654415422824,3987654.415422824,2.551355777986877,3.2571464835092967,-2.389179160670061,0.9826806431939537,False,True,3,3
UP30_SCORE80_NIKKEION_TP3.5_SL1.0_H1,30,80,True,3.5,1.0,1,174,21,60,7.32749112853968,27.232498718778785,-10.589238550065604,52.3504942339374,27,42,64.28571428571429,64.28571428571429,42.15761236111079,421576.1236111078,-6.410312276979468,18175982.521813545,18175982.521813545,181760825218.13547,7.32749112853968,8.65089319745836,-2.3144382307249898,73,8,28,6.63168767435318,25.25796516973441,-5.495802470218525,44.07148760330578,14,22,63.63636363636363,63.63636363636363,28.129168380509928,281291.6838050993,-3.98707766101809,10152.442023381076,10152.442023381076,102524420.23381075,6.63168767435318,7.754924247960456,-2.494609486205941,101,13,32,7.830398575624973,28.608085928941225,-10.589238550065629,60.875,14,21,66.66666666666666,66.66666666666666,54.82019300363587,548201.9300363587,-6.410312276979468,177185.39678997747,177185.39678997747,1772853967.8997748,7.830398575624973,9.312688444246588,-2.203563611967481,154.5394657006409,154.56239865316616,155.01565617683138,154.56239865316616,132,31,42,4.733801361030823,9.185675337657743,-23.05279913213836,63.27165354330709,16,27,59.25925925925925,55.55555555555556,31.416517476311927,314165.17476311926,-13.373122506398085,38653.26843022156,38653.26843022156,387532684.3022156,4.733801361030823,6.942552354959886,-2.462451877254193,2.1636605479156974,True,56,8,44,2.526413337668349,9.191596152041374,-4.427371146662862,61.23952095808383,9,12,75.0,66.66666666666666,13.37223279518162,133722.3279518162,-1.7363555489423144,293.1224676382626,293.1224676382626,3931224.6763826255,2.526413337668349,3.3073000420953824,-2.1589068888938465,1.0006445703953148,False,True,3,3
UP20_SCORE80_NIKKEION_TP4.0_SL1.0_H1,20,80,True,4.0,1.0,1,174,21,73,7.838611199788125,29.062314187533783,-10.589238550065629,52.3504942339374,27,42,64.28571428571429,64.28571428571429,45.77035713942438,457703.5713942437,-6.410312276979468,39915753.74996688,39915753.74996688,399158537499.6688,7.838611199788125,9.2321670039762,-2.3144382307249898,73,8,33,7.090143982485216,26.93494661105306,-5.495802470218536,44.07148760330578,14,22,63.63636363636363,63.63636363636363,30.448456925308918,304484.56925308914,-3.98707766101809,13852.71559366796,13852.71559366796,139527155.9366796,7.090143982485216,8.269805947862588,-2.494609486205941,101,13,40,8.379582554868447,30.544375422166876,-10.589238550065604,60.875,14,21,66.66666666666666,66.66666666666666,59.61213087969996,596121.3087969996,-6.410312276979468,285979.4623240336,285979.4623240336,2860794623.240336,8.379582554868447,9.94300187496921,-2.203563611967481,154.5394657006409,154.56239865316616,155.01565617683138,154.56239865316616,132,31,55,5.037730873189132,9.71122935277571,-23.052799132138336,63.27165354330709,16,27,59.25925925925925,55.55555555555556,33.85757859397932,338575.7859397932,-13.373122506398085,55664.29943176397,55664.29943176397,557642994.3176397,5.037730873189132,7.3397671629291645,-2.462451877254193,2.2737240800888894,True,56,7,47,2.551355777986877,9.543037106589637,-4.427371146662851,61.23952095808383,9,12,75.0,66.66666666666666,13.563184321276788,135631.84321276788,-1.7363555489423144,298.7654415422824,298.7654415422824,3987654.415422824,2.551355777986877,3.2571464835092967,-2.389179160670061,0.9826806431939537,False,True,3,3
UP20_SCORE80_NIKKEION_TP3.0_SL1.0_H1,20,80,True,3.0,1.0,1,174,21,48,6.5854820944963866,24.576098227340427,-10.589238550065636,52.3504942339374,27,42,64.28571428571429,64.28571428571429,36.5720798559295,365720.798559295,-6.410312276979468,5642373.112499859,5642373.112499859,56424731124.9986,6.5854820944963866,7.807039786193439,-2.3144382307249898,73,8,21,6.112147556960535,23.35754604705313,-5.495802470218536,44.07148760330578,14,22,63.63636363636363,63.63636363636363,25.31832650899963,253183.2650899963,-3.98707766101809,7134.632661457365,7134.632661457365,72346326.61457366,6.112147556960535,7.171440731504101,-2.494609486205941,101,13,27,6.927595176081705,25.42502013850776,-10.589238550065616,60.875,14,21,66.66666666666666,66.66666666666666,46.59764030181967,465976.4030181967,-6.410312276979468,77892.53087942163,77892.53087942163,779925308.7942163,6.927595176081705,8.27651636067988,-2.203563611967481,154.5394657006409,154.56239865316616,155.01565617683138,154.56239865316616,132,31,34,4.221722387257025,8.300189888044267,-23.052799132138336,63.27165354330709,16,27,59.25925925925925,51.85185185185185,27.254299800770987,272542.99800770986,-13.373122506398085,20720.03395790092,20720.03395790092,208200339.5790092,4.221722387257025,6.273300626859476,-2.462451877254193,1.871741921789008,True,56,8,44,2.4597650874080013,8.975497090881085,-4.427371146662862,61.23952095808383,9,12,75.0,58.333333333333336,12.994270571244174,129942.70571244176,-1.7363555489423144,279.5509635779648,279.5509635779648,3795509.635779648,2.4597650874080013,3.2295437501249755,-2.1589068888938465,1.081360452224056,False,True,3,3
UP25_SCORE80_NIKKEION_TP2.5_SL1.0_H1,25,80,True,2.5,1.0,1,174,20,32,5.755123872475969,23.5745330913074,-10.589238550065616,52.3504942339374,27,42,64.28571428571429,64.28571428571429,30.92133490842444,309213.34908424434,-6.410312276979468,1510476.176763557,1510476.176763557,15105761767.635569,5.755123872475969,6.790590267033383,-2.217967365616117,73,7,14,5.511116510265718,26.603702923779284,-5.495802470218559,44.07148760330578,14,22,63.63636363636363,63.63636363636363,22.39523924850556,223952.39248505564,-3.98707766101809,4749.719549772571,4749.719549772571,48497195.4977257,5.511116510265718,6.333704933426402,-2.2447171938207258,101,13,18,5.931485629321001,21.912979506602465,-10.589238550065604,60.875,14,21,66.66666666666666,66.66666666666666,38.36173686904743,383617.3686904743,-6.410312276979468,31047.70166110729,31047.70166110729,311477016.61107296,5.931485629321001,7.133254267238618,-2.203563611967481,154.5394657006409,154.56239865316616,155.01565617683138,154.56239865316616,132,31,29,3.579659974159166,7.189937458908187,-23.052799132138336,63.27165354330709,16,27,59.25925925925925,51.85185185185185,22.369551006696675,223695.5100669668,-13.373122506398085,9355.823703232443,9355.823703232443,94558237.03232446,3.579659974159166,5.434169552315741,-2.462451877254193,1.522417544203339,True,56,8,40,2.3774597207724697,7.439753225554135,-6.526914018586282,61.23952095808383,9,12,75.0,50.0,12.621901819576903,126219.01819576904,-1.7363555489423144,262.83225703684525,262.83225703684525,3628322.570368453,2.3774597207724697,3.2044187369472787,-2.5842943762763886,1.034745193275142,False,True,3,3
UP25_SCORE80_NIKKEION_TP3.0_SL1.0_H1,25,80,True,3.0,1.0,1,174,21,48,6.5854820944963866,24.576098227340427,-10.589238550065636,52.3504942339374,27,42,64.28571428571429,64.28571428571429,36.5720798559295,365720.798559295,-6.410312276979468,5642373.112499859,5642373.112499859,56424731124.9986,6.5854820944963866,7.807039786193439,-2.3144382307249898,73,8,21,6.112147556960535,23.35754604705313,-5.495802470218536,44.07148760330578,14,22,63.63636363636363,63.63636363636363,25.31832650899963,253183.2650899963,-3.98707766101809,7134.632661457365,7134.632661457365,72346326.61457366,6.112147556960535,7.171440731504101,-2.494609486205941,101,13,27,6.927595176081705,25.42502013850776,-10.589238550065616,60.875,14,21,66.66666666666666,66.66666666666666,46.59764030181967,465976.4030181967,-6.410312276979468,77892.53087942163,77892.53087942163,779925308.7942163,6.927595176081705,8.27651636067988,-2.203563611967481,154.5394657006409,154.56239865316616,155.01565617683138,154.56239865316616,132,31,34,4.221722387257025,8.300189888044267,-23.052799132138336,63.27165354330709,16,27,59.25925925925925,51.85185185185185,27.254299800770987,272542.99800770986,-13.373122506398085,20720.03395790092,20720.03395790092,208200339.5790092,4.221722387257025,6.273300626859476,-2.462451877254193,1.871741921789008,True,56,8,44,2.4597650874080013,8.975497090881085,-4.427371146662862,61.23952095808383,9,12,75.0,58.333333333333336,12.994270571244174,129942.70571244176,-1.7363555489423144,279.5509635779648,279.5509635779648,3795509.635779648,2.4597650874080013,3.2295437501249755,-2.1589068888938465,1.081360452224056,False,True,3,3
UP25_SCORE80_NIKKEION_TP2.5_SL1.25_H1,25,80,True,2.5,1.25,1,174,19,32,5.7130236434465385,22.4202714484874,-12.916338484278478,52.3504942339374,28,42,66.66666666666666,64.28571428571429,30.65946412279255,306594.6412279255,-7.859085803371146,1406771.7879337454,1406771.7879337454,14068717879.337456,5.7130236434465385,6.712734459103362,-2.4425119579643844,73,6,14,5.509296128841978,33.50589403938433,-6.738026301386945,44.07148760330578,15,22,68.18181818181817,63.63636363636363,22.2916412643873,222916.41264387305,-2.4141996640588137,4755.408511987316,4755.408511987316,48554085.119873166,5.509296128841978,6.187329854962892,-2.062080479508231,101,13,18,5.86027224311122,18.390428901140563,-12.916338484278487,60.875,14,21,66.66666666666666,66.66666666666666,37.94652651924086,379465.26519240864,-7.859085803371146,28875.35365892235,28875.35365892235,289753536.5892235,5.86027224311122,7.112758419073945,-2.618095717251838,154.4696527026145,154.5251319382311,154.94584317880498,154.5251319382311,132,31,29,3.473619579226862,6.264772223491143,-27.103154867003244,63.27165354330709,16,27,59.25925925925925,51.85185185185185,21.792297033288687,217922.97033288688,-16.012690824701114,8111.669292731151,8111.669292731151,82116692.92731151,3.473619579226862,5.402073767669326,-2.809408583117944,1.3732694164714456,True,56,8,39,2.3729603559343304,7.971203792236702,-5.50921393332856,61.23952095808383,9,12,75.0,58.333333333333336,12.620589360553184,126205.89360553183,-2.2045938717253244,262.44594943342025,262.44594943342025,3624459.494334202,2.3729603559343304,3.1655808203409976,-2.382762430505676,1.272385253265381,False,True,3,3
UP25_SCORE80_NIKKEION_TP3.5_SL1.25_H1,25,80,True,3.5,1.25,1,174,21,61,7.240005445064672,23.735871906038778,-12.916338484278478,52.3504942339374,27,42,64.28571428571429,64.28571428571429,41.69084446183025,416908.4446183025,-7.859085803371146,15637718.71956676,15637718.71956676,156378187195.6676,7.240005445064672,8.595878853254524,-2.638500814604266,73,8,28,6.612284977191972,23.58413151083444,-6.738026301386968,44.07148760330578,14,22,63.63636363636363,63.63636363636363,28.043470996725,280434.70996725,-3.720970489238229,10003.87187760464,10003.87187760464,101038718.7760464,6.612284977191972,7.754924247960456,-2.6716590978019594,101,13,33,7.693704397091474,23.831161037149872,-12.916338484278478,60.875,14,21,66.66666666666666,66.66666666666666,53.97643541665903,539764.3541665903,-7.859085803371146,154670.55636689323,154670.55636689323,1547705563.6689322,7.693704397091474,9.217038504892187,-2.618095717251838,154.4696527026145,154.5251319382311,154.94584317880498,154.5251319382311,132,31,42,4.645978303902321,7.9746223103421,-27.7287951747917,63.27165354330709,16,27,59.25925925925925,55.55555555555556,30.990416008745328,309904.16008745326,-16.73351551700285,34285.66960492511,34285.66960492511,343856696.04925114,4.645978303902321,6.942552354959886,-2.8364081205110416,2.000026262582575,True,56,8,44,2.549090363537444,9.921068205974356,-5.50921393332856,61.23952095808383,9,12,75.0,66.66666666666666,13.477223159801952,134772.2315980195,-0.6572051819854874,298.2037977888603,298.2037977888603,3982037.977888603,2.549090363537444,3.3073000420953824,-2.000167707810191,1.2440800102981624,False,True,3,3
UP20_SCORE80_NIKKEION_TP2.5_SL1.25_H1,20,80,True,2.5,1.25,1,174,19,32,5.7130236434465385,22.4202714484874,-12.916338484278478,52.3504942339374,28,42,66.66666666666666,64.28571428571429,30.65946412279255,306594.6412279255,-7.859085803371146,1406771.7879337454,1406771.7879337454,14068717879.337456,5.7130236434465385,6.712734459103362,-2.4425119579643844,73,6,14,5.509296128841978,33.50589403938433,-6.738026301386945,44.07148760330578,15,22,68.18181818181817,63.63636363636363,22.2916412643873,222916.41264387305,-2.4141996640588137,4755.408511987316,4755.408511987316,48554085.119873166,5.509296128841978,6.187329854962892,-2.062080479508231,101,13,18,5.86027224311122,18.390428901140563,-12.916338484278487,60.875,14,21,66.66666666666666,66.66666666666666,37.94652651924086,379465.26519240864,-7.859085803371146,28875.35365892235,28875.35365892235,289753536.5892235,5.86027224311122,7.112758419073945,-2.618095717251838,154.4696527026145,154.5251319382311,154.94584317880498,154.5251319382311,132,31,29,3.473619579226862,6.264772223491143,-27.103154867003244,63.27165354330709,16,27,59.25925925925925,51.85185185185185,21.792297033288687,217922.97033288688,-16.012690824701114,8111.669292731151,8111.669292731151,82116692.92731151,3.473619579226862,5.402073767669326,-2.809408583117944,1.3732694164714456,True,56,8,39,2.3729603559343304,7.971203792236702,-5.50921393332856,61.23952095808383,9,12,75.0,58.333333333333336,12.620589360553184,126205.89360553183,-2.2045938717253244,262.44594943342025,262.44594943342025,3624459.494334202,2.3729603559343304,3.1655808203409976,-2.382762430505676,1.272385253265381,False,True,3,3
UP25_SCORE80_NIKKEION_TP3.0_SL1.25_H1,25,80,True,3.0,1.25,1,174,20,48,6.544815605529365,23.717484551299805,-12.916338484278478,52.3504942339374,27,42,64.28571428571429,64.28571428571429,36.357961743799066,363579.6174379907,-7.859085803371146,5295846.299452164,5295846.299452164,52959462994.521645,6.544815605529365,7.720302682160201,-2.506434884528076,73,7,21,6.254428169932756,29.370123305015174,-6.738026301386968,44.07148760330578,14,22,63.63636363636363,63.63636363636363,26.18026193537404,261802.6193537404,-3.720970489238229,7917.768683735944,7917.768683735944,80177686.83735944,6.254428169932756,7.161616814717861,-2.299064766612517,101,13,27,6.754699593633846,21.04465290323937,-12.916338484278478,60.875,14,21,66.66666666666666,66.66666666666666,45.26642410707131,452664.2410707131,-7.859085803371146,65952.62022830604,65952.62022830604,660526202.2830604,6.754699593633846,8.139317082741956,-2.618095717251838,154.4696527026145,154.5251319382311,154.94584317880498,154.5251319382311,132,31,33,4.138556417169692,7.212871871475721,-27.72879517479173,63.27165354330709,16,27,59.25925925925925,51.85185185185185,26.882704925188342,268827.04925188347,-16.73351551700285,18502.67559504933,18502.67559504933,186026755.9504933,4.138556417169692,6.279387116853878,-2.8364081205110416,1.7323886221870033,True,56,8,44,2.482442113277095,9.687818888929232,-5.50921393332856,61.23952095808383,9,12,75.0,58.333333333333336,13.100396265584138,131003.96265584136,-0.6572051819854874,284.4568743657749,284.4568743657749,3844568.743657749,2.482442113277095,3.2295437501249755,-2.000167707810191,1.3431292086638922,False,True,3,3
UP20_SCORE80_NIKKEION_TP3.5_SL1.25_H1,20,80,True,3.5,1.25,1,174,21,61,7.240005445064672,23.735871906038778,-12.916338484278478,52.3504942339374,27,42,64.28571428571429,64.28571428571429,41.69084446183025,416908.4446183025,-7.859085803371146,15637718.71956676,15637718.71956676,156378187195.6676,7.240005445064672,8.595878853254524,-2.638500814604266,73,8,28,6.612284977191972,23.58413151083444,-6.738026301386968,44.07148760330578,14,22,63.63636363636363,63.63636363636363,28.043470996725,280434.70996725,-3.720970489238229,10003.87187760464,10003.87187760464,101038718.7760464,6.612284977191972,7.754924247960456,-2.6716590978019594,101,13,33,7.693704397091474,23.831161037149872,-12.916338484278478,60.875,14,21,66.66666666666666,66.66666666666666,53.97643541665903,539764.3541665903,-7.859085803371146,154670.55636689323,154670.55636689323,1547705563.6689322,7.693704397091474,9.217038504892187,-2.618095717251838,154.4696527026145,154.5251319382311,154.94584317880498,154.5251319382311,132,31,42,4.645978303902321,7.9746223103421,-27.7287951747917,63.27165354330709,16,27,59.25925925925925,55.55555555555556,30.990416008745328,309904.16008745326,-16.73351551700285,34285.66960492511,34285.66960492511,343856696.04925114,4.645978303902321,6.942552354959886,-2.8364081205110416,2.000026262582575,True,56,8,44,2.549090363537444,9.921068205974356,-5.50921393332856,61.23952095808383,9,12,75.0,66.66666666666666,13.477223159801952,134772.2315980195,-0.6572051819854874,298.2037977888603,298.2037977888603,3982037.977888603,2.549090363537444,3.3073000420953824,-2.000167707810191,1.2440800102981624,False,True,3,3
UP20_SCORE80_NIKKEION_TP3.0_SL1.25_H1,20,80,True,3.0,1.25,1,174,20,48,6.544815605529365,23.717484551299805,-12.916338484278478,52.3504942339374,27,42,64.28571428571429,64.28571428571429,36.357961743799066,363579.6174379907,-7.859085803371146,5295846.299452164,5295846.299452164,52959462994.521645,6.544815605529365,7.720302682160201,-2.506434884528076,73,7,21,6.254428169932756,29.370123305015174,-6.738026301386968,44.07148760330578,14,22,63.63636363636363,63.63636363636363,26.18026193537404,261802.6193537404,-3.720970489238229,7917.768683735944,7917.768683735944,80177686.83735944,6.254428169932756,7.161616814717861,-2.299064766612517,101,13,27,6.754699593633846,21.04465290323937,-12.916338484278478,60.875,14,21,66.66666666666666,66.66666666666666,45.26642410707131,452664.2410707131,-7.859085803371146,65952.62022830604,65952.62022830604,660526202.2830604,6.754699593633846,8.139317082741956,-2.618095717251838,154.4696527026145,154.5251319382311,154.94584317880498,154.5251319382311,132,31,33,4.138556417169692,7.212871871475721,-27.72879517479173,63.27165354330709,16,27,59.25925925925925,51.85185185185185,26.882704925188342,268827.04925188347,-16.73351551700285,18502.67559504933,18502.67559504933,186026755.9504933,4.138556417169692,6.279387116853878,-2.8364081205110416,1.7323886221870033,True,56,8,44,2.482442113277095,9.687818888929232,-5.50921393332856,61.23952095808383,9,12,75.0,58.333333333333336,13.100396265584138,131003.96265584136,-0.6572051819854874,284.4568743657749,284.4568743657749,3844568.743657749,2.482442113277095,3.2295437501249755,-2.000167707810191,1.3431292086638922,False,True,3,3
UP20_SCORE80_NIKKEION_TP4.0_SL1.25_H1,20,80,True,4.0,1.25,1,174,21,75,7.72145966909086,25.247788112337016,-12.916338484278466,52.3504942339374,27,42,64.28571428571429,64.28571428571429,45.11238532899465,451123.8532899465,-7.859085803371146,32743452.79382898,32743452.79382898,327435527938.2898,7.72145966909086,9.143415029598035,-2.638500814604266,73,8,34,7.017835810587655,24.96928254218429,-6.738026301386957,44.07148760330578,14,22,63.63636363636363,63.63636363636363,30.10215719082189,301021.57190821896,-3.720970489238229,13166.97404579049,13166.97404579049,132669740.4579049,7.017835810587655,8.21038903008176,-2.6716590978019594,101,13,41,8.23001948761298,25.4226825677898,-12.916338484278478,60.875,14,21,66.66666666666666,66.66666666666666,58.65897745687456,586589.7745687455,-7.859085803371146,246704.9811570881,246704.9811570881,2468049811.570881,8.23001948761298,9.83258196105892,-2.618095717251838,154.4696527026145,154.5251319382311,154.94584317880498,154.5251319382311,132,31,55,4.979589051900809,8.475444486805088,-27.72879517479171,63.27165354330709,16,27,59.25925925925925,55.55555555555556,33.77383009433962,337738.3009433962,-16.73351551700285,51279.59128058295,51279.59128058295,513795912.8058295,4.979589051900809,7.378558481056922,-2.8364081205110416,2.147541085486888,True,56,7,47,2.5740328038559706,10.327207160612794,-5.50921393332856,61.23952095808383,9,12,75.0,66.66666666666666,13.672624906536171,136726.2490653617,-0.6572051819854874,303.9197103209104,303.9197103209104,4039197.103209103,2.5740328038559706,3.2571464835092967,-2.207762953717312,1.2184856117800789,False,True,3,3
UP30_SCORE80_NIKKEION_TP3.0_SL1.25_H1,30,80,True,3.0,1.25,1,174,20,48,6.544815605529365,23.717484551299805,-12.916338484278478,52.3504942339374,27,42,64.28571428571429,64.28571428571429,36.357961743799066,363579.6174379907,-7.859085803371146,5295846.299452164,5295846.299452164,52959462994.521645,6.544815605529365,7.720302682160201,-2.506434884528076,73,7,21,6.254428169932756,29.370123305015174,-6.738026301386968,44.07148760330578,14,22,63.63636363636363,63.63636363636363,26.18026193537404,261802.6193537404,-3.720970489238229,7917.768683735944,7917.768683735944,80177686.83735944,6.254428169932756,7.161616814717861,-2.299064766612517,101,13,27,6.754699593633846,21.04465290323937,-12.916338484278478,60.875,14,21,66.66666666666666,66.66666666666666,45.26642410707131,452664.2410707131,-7.859085803371146,65952.62022830604,65952.62022830604,660526202.2830604,6.754699593633846,8.139317082741956,-2.618095717251838,154.4696527026145,154.5251319382311,154.94584317880498,154.5251319382311,132,31,33,4.138556417169692,7.212871871475721,-27.72879517479173,63.27165354330709,16,27,59.25925925925925,51.85185185185185,26.882704925188342,268827.04925188347,-16.73351551700285,18502.67559504933,18502.67559504933,186026755.9504933,4.138556417169692,6.279387116853878,-2.8364081205110416,1.7323886221870033,True,56,8,44,2.482442113277095,9.687818888929232,-5.50921393332856,61.23952095808383,9,12,75.0,58.333333333333336,13.100396265584138,131003.96265584136,-0.6572051819854874,284.4568743657749,284.4568743657749,3844568.743657749,2.482442113277095,3.2295437501249755,-2.000167707810191,1.3431292086638922,False,True,3,3
UP30_SCORE80_NIKKEION_TP3.5_SL1.25_H1,30,80,True,3.5,1.25,1,174,21,61,7.240005445064672,23.735871906038778,-12.916338484278478,52.3504942339374,27,42,64.28571428571429,64.28571428571429,41.69084446183025,416908.4446183025,-7.859085803371146,15637718.71956676,15637718.71956676,156378187195.6676,7.240005445064672,8.595878853254524,-2.638500814604266,73,8,28,6.612284977191972,23.58413151083444,-6.738026301386968,44.07148760330578,14,22,63.63636363636363,63.63636363636363,28.043470996725,280434.70996725,-3.720970489238229,10003.87187760464,10003.87187760464,101038718.7760464,6.612284977191972,7.754924247960456,-2.6716590978019594,101,13,33,7.693704397091474,23.831161037149872,-12.916338484278478,60.875,14,21,66.66666666666666,66.66666666666666,53.97643541665903,539764.3541665903,-7.859085803371146,154670.55636689323,154670.55636689323,1547705563.6689322,7.693704397091474,9.217038504892187,-2.618095717251838,154.4696527026145,154.5251319382311,154.94584317880498,154.5251319382311,132,31,42,4.645978303902321,7.9746223103421,-27.7287951747917,63.27165354330709,16,27,59.25925925925925,55.55555555555556,30.990416008745328,309904.16008745326,-16.73351551700285,34285.66960492511,34285.66960492511,343856696.04925114,4.645978303902321,6.942552354959886,-2.8364081205110416,2.000026262582575,True,56,8,44,2.549090363537444,9.921068205974356,-5.50921393332856,61.23952095808383,9,12,75.0,66.66666666666666,13.477223159801952,134772.2315980195,-0.6572051819854874,298.2037977888603,298.2037977888603,3982037.977888603,2.549090363537444,3.3073000420953824,-2.000167707810191,1.2440800102981624,False,True,3,3
UP25_SCORE80_NIKKEION_TP4.0_SL1.25_H1,25,80,True,4.0,1.25,1,174,21,75,7.72145966909086,25.247788112337016,-12.916338484278466,52.3504942339374,27,42,64.28571428571429,64.28571428571429,45.11238532899465,451123.8532899465,-7.859085803371146,32743452.79382898,32743452.79382898,327435527938.2898,7.72145966909086,9.143415029598035,-2.638500814604266,73,8,34,7.017835810587655,24.96928254218429,-6.738026301386957,44.07148760330578,14,22,63.63636363636363,63.63636363636363,30.10215719082189,301021.57190821896,-3.720970489238229,13166.97404579049,13166.97404579049,132669740.4579049,7.017835810587655,8.21038903008176,-2.6716590978019594,101,13,41,8.23001948761298,25.4226825677898,-12.916338484278478,60.875,14,21,66.66666666666666,66.66666666666666,58.65897745687456,586589.7745687455,-7.859085803371146,246704.9811570881,246704.9811570881,2468049811.570881,8.23001948761298,9.83258196105892,-2.618095717251838,154.4696527026145,154.5251319382311,154.94584317880498,154.5251319382311,132,31,55,4.979589051900809,8.475444486805088,-27.72879517479171,63.27165354330709,16,27,59.25925925925925,55.55555555555556,33.77383009433962,337738.3009433962,-16.73351551700285,51279.59128058295,51279.59128058295,513795912.8058295,4.979589051900809,7.378558481056922,-2.8364081205110416,2.147541085486888,True,56,7,47,2.5740328038559706,10.327207160612794,-5.50921393332856,61.23952095808383,9,12,75.0,66.66666666666666,13.672624906536171,136726.2490653617,-0.6572051819854874,303.9197103209104,303.9197103209104,4039197.103209103,2.5740328038559706,3.2571464835092967,-2.207762953717312,1.2184856117800789,False,True,3,3
UP30_SCORE80_NIKKEION_TP4.0_SL1.25_H1,30,80,True,4.0,1.25,1,174,21,75,7.72145966909086,25.247788112337016,-12.916338484278466,52.3504942339374,27,42,64.28571428571429,64.28571428571429,45.11238532899465,451123.8532899465,-7.859085803371146,32743452.79382898,32743452.79382898,327435527938.2898,7.72145966909086,9.143415029598035,-2.638500814604266,73,8,34,7.017835810587655,24.96928254218429,-6.738026301386957,44.07148760330578,14,22,63.63636363636363,63.63636363636363,30.10215719082189,301021.57190821896,-3.720970489238229,13166.97404579049,13166.97404579049,132669740.4579049,7.017835810587655,8.21038903008176,-2.6716590978019594,101,13,41,8.23001948761298,25.4226825677898,-12.916338484278478,60.875,14,21,66.66666666666666,66.66666666666666,58.65897745687456,586589.7745687455,-7.859085803371146,246704.9811570881,246704.9811570881,2468049811.570881,8.23001948761298,9.83258196105892,-2.618095717251838,154.4696527026145,154.5251319382311,154.94584317880498,154.5251319382311,132,31,55,4.979589051900809,8.475444486805088,-27.72879517479171,63.27165354330709,16,27,59.25925925925925,55.55555555555556,33.77383009433962,337738.3009433962,-16.73351551700285,51279.59128058295,51279.59128058295,513795912.8058295,4.979589051900809,7.378558481056922,-2.8364081205110416,2.147541085486888,True,56,7,47,2.5740328038559706,10.327207160612794,-5.50921393332856,61.23952095808383,9,12,75.0,66.66666666666666,13.672624906536171,136726.2490653617,-0.6572051819854874,303.9197103209104,303.9197103209104,4039197.103209103,2.5740328038559706,3.2571464835092967,-2.207762953717312,1.2184856117800789,False,True,3,3
UP30_SCORE80_NIKKEION_TP2.5_SL1.25_H1,30,80,True,2.5,1.25,1,174,19,32,5.7130236434465385,22.4202714484874,-12.916338484278478,52.3504942339374,28,42,66.66666666666666,64.28571428571429,30.65946412279255,306594.6412279255,-7.859085803371146,1406771.7879337454,1406771.7879337454,14068717879.337456,5.7130236434465385,6.712734459103362,-2.4425119579643844,73,6,14,5.509296128841978,33.50589403938433,-6.738026301386945,44.07148760330578,15,22,68.18181818181817,63.63636363636363,22.2916412643873,222916.41264387305,-2.4141996640588137,4755.408511987316,4755.408511987316,48554085.119873166,5.509296128841978,6.187329854962892,-2.062080479508231,101,13,18,5.86027224311122,18.390428901140563,-12.916338484278487,60.875,14,21,66.66666666666666,66.66666666666666,37.94652651924086,379465.26519240864,-7.859085803371146,28875.35365892235,28875.35365892235,289753536.5892235,5.86027224311122,7.112758419073945,-2.618095717251838,154.4696527026145,154.5251319382311,154.94584317880498,154.5251319382311,132,31,29,3.473619579226862,6.264772223491143,-27.103154867003244,63.27165354330709,16,27,59.25925925925925,51.85185185185185,21.792297033288687,217922.97033288688,-16.012690824701114,8111.669292731151,8111.669292731151,82116692.92731151,3.473619579226862,5.402073767669326,-2.809408583117944,1.3732694164714456,True,56,8,39,2.3729603559343304,7.971203792236702,-5.50921393332856,61.23952095808383,9,12,75.0,58.333333333333336,12.620589360553184,126205.89360553183,-2.2045938717253244,262.44594943342025,262.44594943342025,3624459.494334202,2.3729603559343304,3.1655808203409976,-2.382762430505676,1.272385253265381,False,True,3,3
