date,ticker,company,rank,score,testa_score,up_prob,flat_prob,down_prob,nikkei_uptrend,price,take_profit,stop_loss,result,return,hold_days,exit_price,phase,threshold,nikkei_filter,testa_threshold,strategy
2019-05-31,6701.T,,1,66.90710666751677,85.0,51.403002915552754,30.77351253692347,17.823484547523787,True,724.491455078125,771.0,701.0,LOSS,-3.2424751062925674,2,701.0,DEV,50,True,,UP50_NIKKEION_BASE
2019-05-31,9433.T,,2,66.90363020137504,85.0,51.333473592718256,29.230765442114926,19.435760965166818,True,1090.1092529296875,1140.0,1065.0,LOSS,-2.3033703146914815,3,1065.0,DEV,50,True,,UP50_NIKKEION_BASE
2019-05-31,4661.T,,3,66.86470094020171,85.0,50.55488836925184,31.001457383270388,18.443654247477788,True,2591.773193359375,2729.0,2523.0,LOSS,-2.6535189705482427,2,2523.0,DEV,50,True,,UP50_NIKKEION_BASE
2019-05-31,9009.T,,4,62.53778969194589,75.0,54.01666340413512,28.68546290871495,17.297873687149952,True,1268.4100341796875,1344.0,1230.0,LOSS,-3.028203273756678,2,1230.0,DEV,50,True,,UP50_NIKKEION_BASE
2019-05-31,8725.T,,5,62.40341912974047,75.0,51.329252160026805,29.681361663813473,18.989386176159726,True,827.1231689453125,867.0,807.0,HOLD,1.5380118607519444,5,839.8444213867188,DEV,50,True,,UP50_NIKKEION_BASE
2019-05-31,9766.T,,6,57.929032388431054,65.0,51.841517333838524,30.393607640704364,17.764875025457115,True,4664.2294921875,4965.0,4514.0,HOLD,0.1953028901184652,5,4673.3388671875,DEV,50,True,,UP50_NIKKEION_BASE
2019-05-31,9005.T,,7,56.15538308087339,85.0,53.75983553051137,28.495404587451002,17.744759882037652,True,1756.6318359375,1858.0,1706.0,HOLD,1.5576503885109498,5,1783.9940185546875,DEV,50,True,,UP50_NIKKEION_BASE
2019-05-31,7832.T,,8,56.11400669802855,85.0,52.93230787361447,29.31742325203895,17.75026887434661,True,1560.746337890625,1681.0,1501.0,LOSS,-3.8280620264900436,3,1501.0,DEV,50,True,,UP50_NIKKEION_BASE
2019-05-31,7011.T,,9,56.109604140127274,85.0,52.84425671558894,29.113415085366157,18.042328199044913,True,406.5148620605469,430.0,395.0,LOSS,-2.832580831652801,5,395.0,DEV,50,True,,UP50_NIKKEION_BASE
2019-05-31,6326.T,,10,54.89978713339772,65.0,52.12617745056314,29.365565978441694,18.508256570995172,True,1410.4456787109375,1500.0,1366.0,HOLD,3.6434609897847317,5,1461.834716796875,DEV,50,True,,UP50_NIKKEION_BASE
2019-08-06,2269.T,,1,43.56993969438819,40.0,50.52922867037244,28.97142863298655,20.499342696641012,True,3158.322509765625,3347.0,3064.0,HOLD,0.786380292210661,5,3183.158935546875,DEV,50,True,,UP50_NIKKEION_BASE
2019-08-06,9202.T,,2,29.412849320727478,25.0,50.21350815367995,29.25036825162359,20.536123594696434,True,3353.899658203125,3480.0,3291.0,HOLD,0.194888864284834,5,3360.43603515625,DEV,50,True,,UP50_NIKKEION_BASE
2019-08-06,8267.T,,3,17.273350300265218,25.0,50.901788614,30.493716267966953,18.60449511803305,True,567.0579833984375,600.0,551.0,HOLD,2.522151774068588,5,581.3600463867188,DEV,50,True,,UP50_NIKKEION_BASE
2019-10-16,5333.T,,1,66.00037280802009,85.0,50.659630073445285,28.434297133080268,20.906072793474483,True,1279.611572265625,1347.0,1246.0,HOLD,4.6975658087161385,5,1339.72216796875,DEV,50,True,,UP50_NIKKEION_BASE
2019-10-16,8316.T,,2,59.55364859395159,90.0,50.638189270336184,28.98386640047919,20.37794432918465,True,455.3744201660156,475.0,445.0,HOLD,1.994168362350452,5,464.4553527832031,DEV,50,True,,UP50_NIKKEION_BASE
2019-10-16,2871.T,,3,53.5375114061127,65.0,50.96761942660179,28.725569018116826,20.306811555281406,True,1096.8060302734375,1159.0,1066.0,TIMEOUT_LOSS,-1.5624980870970453,5,1079.66845703125,DEV,50,True,,UP50_NIKKEION_BASE
2019-10-16,8306.T,三菱UFJ,4,49.33016924828867,75.0,50.73381974838216,29.49265973500258,19.773520516615275,True,420.6357421875,441.0,410.0,HOLD,2.5258949321037956,5,431.26055908203125,DEV,50,True,,UP50_NIKKEION_BASE
2019-10-16,2002.T,,5,49.27421951734435,70.0,51.13656425993035,28.16335423427443,20.700081505795257,True,1733.58447265625,1827.0,1687.0,HOLD,0.822453984516028,5,1747.8424072265625,DEV,50,True,,UP50_NIKKEION_BASE
2019-12-13,6902.T,,1,79.9474220305637,85.0,51.339744959100095,26.88473019745516,21.775524843444742,True,1062.3533935546875,1111.0,1038.0,LOSS,-2.2924004104886255,4,1038.0,DEV,50,True,,UP50_NIKKEION_BASE
2019-12-13,7751.T,,2,75.76102436613135,100.0,50.003096018279244,28.68153099017649,21.315372991544262,True,2363.890625,2434.0,2329.0,HOLD,0.16231351915869627,5,2367.7275390625,DEV,50,True,,UP50_NIKKEION_BASE
2019-12-13,8802.T,,3,62.209283586272136,65.0,50.49001955152964,27.80799197816039,21.70198847030996,True,1869.0274658203125,1949.0,1829.0,HOLD,0.9252911275388733,5,1886.3214111328125,DEV,50,True,,UP50_NIKKEION_BASE
2019-12-13,8830.T,,4,54.70030874000767,55.0,51.18008784363162,28.161330315791528,20.658581840576836,True,1789.542236328125,1861.0,1754.0,TIMEOUT_LOSS,-1.1722770845426955,5,1768.5638427734375,DEV,50,True,,UP50_NIKKEION_BASE
2019-12-13,2802.T,,5,52.40145264607675,50.0,50.202965965013156,29.630354526385787,20.166679508601078,True,829.836669921875,863.0,813.0,TIMEOUT_LOSS,-0.08212683042214339,5,829.1551513671875,DEV,50,True,,UP50_NIKKEION_BASE
2019-12-13,9503.T,,6,51.21229275484661,55.0,50.98498553171474,28.011326108294387,21.003688359990857,True,989.6854858398438,1038.0,965.0,HOLD,1.8577173602206893,5,1008.071044921875,DEV,50,True,,UP50_NIKKEION_BASE
2019-12-13,5108.T,,7,48.76549505544919,40.0,50.09250980463613,27.776272926749478,22.131217268614403,True,1697.922607421875,1762.0,1666.0,LOSS,-1.8800979080163303,3,1666.0,DEV,50,True,,UP50_NIKKEION_BASE
2019-12-13,8801.T,,8,48.76311743077678,40.0,50.044957311187765,27.43779414031175,22.517248548500486,True,776.784912109375,813.0,759.0,HOLD,1.1790747179740713,5,785.9437866210938,DEV,50,True,,UP50_NIKKEION_BASE
2019-12-13,4902.T,,9,44.46843509455071,40.0,51.107832325796934,28.603023248318767,20.289144425884295,True,597.9044189453125,632.0,581.0,TIMEOUT_LOSS,-2.5991862447639695,5,582.36376953125,DEV,50,True,,UP50_NIKKEION_BASE
2019-12-13,2269.T,,10,34.43917057084872,10.0,50.95732446045259,29.169565570925453,19.87310996862195,True,3106.588134765625,3232.0,3044.0,TIMEOUT_LOSS,-1.0752649300546935,5,3073.18408203125,DEV,50,True,,UP50_NIKKEION_BASE
2021-01-08,8630.T,,1,77.95780953516322,100.0,50.4605385293513,27.95931592604394,21.580145544604772,True,1132.0400390625,1193.0,1101.0,TIMEOUT_LOSS,-0.30681481941565325,5,1128.5667724609375,DEV,50,True,,UP50_NIKKEION_BASE
2021-01-08,6479.T,,2,73.19149749507702,70.0,51.221254249366474,27.975961407023814,20.8027843436097,True,1978.4683837890625,2125.0,1905.0,TIMEOUT_LOSS,-2.202853683636202,5,1934.8856201171875,DEV,50,True,,UP50_NIKKEION_BASE
2021-01-08,9735.T,,3,73.1652231620605,70.0,50.695767589036066,28.06803561904885,21.236196791915063,True,4299.490234375,4539.0,4180.0,TIMEOUT_LOSS,-0.248723617761735,5,4288.79638671875,DEV,50,True,,UP50_NIKKEION_BASE
2021-01-08,2282.T,,4,69.07305927734993,85.0,51.24379424265088,27.305470310900116,21.450735446449002,True,1336.1334228515625,1409.0,1300.0,LOSS,-2.704327444668431,5,1300.0,DEV,50,True,,UP50_NIKKEION_BASE
2021-01-08,1332.T,,5,64.51561432575595,70.0,51.61663434120579,27.561307978456657,20.822057680337544,True,370.64129638671875,390.0,361.0,TIMEOUT_LOSS,-0.9174261315646857,5,367.2409362792969,DEV,50,True,,UP50_NIKKEION_BASE
2021-01-08,6701.T,,6,62.20782193432847,65.0,50.46078651265628,27.87929111372243,21.659922373621292,True,1050.2379150390625,1114.0,1018.0,HOLD,0.1754159824044705,5,1052.0802001953125,DEV,50,True,,UP50_NIKKEION_BASE
2021-01-08,6471.T,,7,61.48729351264076,75.0,50.398044165858636,28.578519009119656,21.02343682502171,True,743.6954345703125,804.0,714.0,HOLD,0.10821762954313383,5,744.500244140625,DEV,50,True,,UP50_NIKKEION_BASE
2021-01-08,9502.T,,8,59.31854492836027,70.0,52.023072480248864,27.13027321430087,20.84665430545025,True,1067.59326171875,1119.0,1042.0,HOLD,1.1157909854004084,5,1079.50537109375,DEV,50,True,,UP50_NIKKEION_BASE
2021-01-08,9602.T,,9,53.52958632047289,65.0,50.80911771380546,27.266881892794974,21.924000393399556,True,813.47021484375,863.0,789.0,LOSS,-3.0081267140739993,2,789.0,DEV,50,True,,UP50_NIKKEION_BASE
2021-01-08,7267.T,,10,53.26704667598913,50.0,50.12354221543478,27.893142295245422,21.98331548931978,True,767.950439453125,822.0,741.0,LOSS,-3.5093982721485286,5,741.0,DEV,50,True,,UP50_NIKKEION_BASE
2021-02-08,8316.T,,1,86.6785606705024,100.0,50.962517757874416,27.58434517107836,21.453137071047212,True,461.5956115722656,489.0,448.0,WIN,5.9368823577829986,4,489.0,DEV,50,True,,UP50_NIKKEION_BASE
2021-02-08,8053.T,,2,86.66960088868237,100.0,50.783322121473375,28.123537323913183,21.09314055461344,True,289.6702880859375,308.0,281.0,HOLD,4.330316450335212,5,302.21392822265625,DEV,50,True,,UP50_NIKKEION_BASE
2021-02-08,1721.T,,3,86.66486905860837,100.0,50.68868551999351,27.960302180264897,21.351012299741583,True,2813.673095703125,2995.0,2723.0,LOSS,-3.2225881479122642,5,2723.0,DEV,50,True,,UP50_NIKKEION_BASE
2021-02-08,8331.T,,4,86.63168907119703,100.0,50.02508577176658,27.964037163651252,22.010877064582175,True,540.8916015625,577.0,523.0,WIN,6.67571807977641,5,577.0,DEV,50,True,,UP50_NIKKEION_BASE
2021-02-08,2501.T,,5,79.17088127550281,90.0,51.67849507527361,27.43953525645638,20.88196966827001,True,409.2459716796875,431.0,399.0,HOLD,2.379850161504267,5,418.98541259765625,DEV,50,True,,UP50_NIKKEION_BASE
2021-02-08,2502.T,,6,79.1356410747135,90.0,50.97369105948742,27.026080849545597,22.00022809096696,True,1281.2196044921875,1367.0,1238.0,HOLD,5.947292385270954,5,1357.41748046875,DEV,50,True,,UP50_NIKKEION_BASE
2021-02-08,8267.T,,7,78.0572989763375,100.0,52.45032735283702,26.847088609042665,20.7025840381203,True,1074.799072265625,1131.0,1047.0,WIN,5.228970622007156,4,1131.0,DEV,50,True,,UP50_NIKKEION_BASE
2021-02-08,4704.T,,8,77.99862884951816,100.0,51.276924816449984,27.224834005760023,21.49824117778996,True,4925.25244140625,5259.0,4758.0,HOLD,1.663897898634439,5,5007.20361328125,DEV,50,True,,UP50_NIKKEION_BASE
2021-02-08,8630.T,,9,77.98637083402653,100.0,51.031764506617286,27.96319862862032,21.00503686476241,True,1166.7735595703125,1229.0,1136.0,TIMEOUT_LOSS,-1.465567450973294,5,1149.6737060546875,DEV,50,True,,UP50_NIKKEION_BASE
2021-02-08,4578.T,,10,77.98630109321283,100.0,51.03036969034363,27.199344586730284,21.770285722926072,True,4261.3779296875,4483.0,4151.0,LOSS,-2.5901933953929865,3,4151.0,DEV,50,True,,UP50_NIKKEION_BASE
2021-02-26,7004.T,,1,66.87697589323062,85.0,50.80038742982998,28.591335046760996,20.608277523409,True,601.1643676757812,672.0,566.0,WIN,11.783072339780071,3,672.0,DEV,50,True,,UP50_NIKKEION_BASE
2021-02-26,7011.T,,2,23.7329346624646,20.0,51.18043237972674,26.380435844214063,22.43913177605921,True,273.43255615234375,296.0,262.0,HOLD,6.453721596305647,5,291.0791320800781,DEV,50,True,,UP50_NIKKEION_BASE
2021-03-01,3402.T,,1,49.173693281996265,65.0,50.64777868340351,30.365401026895228,18.98682028970127,True,622.3734741210938,671.0,598.0,TIMEOUT_LOSS,-1.1321797942466618,5,615.3270874023438,DEV,50,True,,UP50_NIKKEION_BASE
2021-03-02,6302.T,,1,58.224898518700236,85.0,51.67188341748297,29.18540642930762,19.142710153209418,True,2450.734619140625,2680.0,2336.0,TIMEOUT_LOSS,-0.7308973144512134,5,2432.822265625,DEV,50,True,,UP50_NIKKEION_BASE
2021-03-02,4183.T,,2,58.18236160039458,85.0,50.82114505136987,28.26775918555992,20.9110957630702,True,1364.8817138671875,1484.0,1305.0,HOLD,6.627409387135143,5,1455.3380126953125,DEV,50,True,,UP50_NIKKEION_BASE
2021-03-02,7011.T,,3,43.85873726257766,60.0,50.218223512422725,27.713579118676723,22.068197368900556,True,278.869140625,301.0,268.0,HOLD,7.254707384035691,5,299.10028076171875,DEV,50,True,,UP50_NIKKEION_BASE
2021-03-03,7011.T,,1,70.2030310867498,75.0,50.79975216977882,25.855716319850792,23.344531510370377,True,291.8812561035156,315.0,280.0,HOLD,1.0381766066016929,5,294.9114990234375,DEV,50,True,,UP50_NIKKEION_BASE
2021-03-03,7186.T,,2,64.53514691573227,75.0,50.48554701029766,29.4175863389569,20.09686665074543,True,347.6304626464844,376.0,333.0,WIN,8.160831803271924,4,376.0,DEV,50,True,,UP50_NIKKEION_BASE
2021-03-03,1803.T,,3,63.77861957898373,80.0,51.2245654927181,28.900397118745154,19.87503738853674,True,715.743896484375,768.0,689.0,HOLD,4.491714156388455,5,747.89306640625,DEV,50,True,,UP50_NIKKEION_BASE
2021-03-03,8591.T,,4,58.214564518799456,85.0,51.46520341946742,29.255309836891215,19.279486743641367,True,1452.7554931640625,1569.0,1395.0,HOLD,2.0706542229782388,5,1482.8370361328125,DEV,50,True,,UP50_NIKKEION_BASE
2021-03-03,6302.T,,5,58.21112041532453,85.0,51.39632134996882,28.193371439774523,20.41030721025665,True,2519.94140625,2751.0,2405.0,LOSS,-4.5612729710667255,2,2405.0,DEV,50,True,,UP50_NIKKEION_BASE
2021-03-03,8015.T,,6,58.18505217843413,85.0,50.87495661216077,30.479798768593902,18.645244619245343,True,1283.881591796875,1400.0,1226.0,HOLD,0.8638982547089353,5,1294.9730224609375,DEV,50,True,,UP50_NIKKEION_BASE
2021-03-03,543A.T,,7,58.17363861145022,85.0,50.64668527248271,29.106370454919915,20.246944272597382,True,1012.5596923828125,1125.0,956.0,TIMEOUT_LOSS,-0.7684973240751022,5,1004.7781982421875,DEV,50,True,,UP50_NIKKEION_BASE
2021-03-03,6902.T,,8,58.16455649467092,85.0,50.46504293689667,29.41359157844043,20.121365484662885,True,1447.410400390625,1565.0,1389.0,HOLD,4.040697345896404,5,1505.8958740234375,DEV,50,True,,UP50_NIKKEION_BASE
2021-03-03,5214.T,,9,58.1629031074877,85.0,50.431975193232326,29.368782241468967,20.199242565298682,True,2020.201416015625,2166.0,1947.0,TIMEOUT_LOSS,-0.3605790873313921,5,2012.9169921875,DEV,50,True,,UP50_NIKKEION_BASE
2021-03-03,9009.T,,10,53.694158402090515,75.0,51.05708108528858,27.65954139172261,21.283377522988815,True,1206.8773193359375,1307.0,1157.0,HOLD,3.911350345144137,5,1254.08251953125,DEV,50,True,,UP50_NIKKEION_BASE
2021-04-01,7532.T,,1,55.82187855863012,75.0,50.13322334651542,29.454565965874917,20.41221068760967,True,499.1876525878906,542.0,478.0,TIMEOUT_LOSS,-1.4885329136736498,5,491.757080078125,DEV,50,True,,UP50_NIKKEION_BASE
2021-04-07,6981.T,,1,39.20777242245497,40.0,50.24240497083857,29.05650202341816,20.70109300574326,True,2773.927978515625,2980.0,2671.0,TIMEOUT_LOSS,-1.6750206763610203,5,2727.464111328125,DEV,50,True,,UP50_NIKKEION_BASE
2022-12-21,3086.T,,1,52.66339384574037,65.0,50.87657256698144,31.403845682291458,17.719581750727144,True,1034.563720703125,1111.0,996.0,WIN,7.388262101915412,3,1111.0,DEV,50,True,,UP50_NIKKEION_BASE
2022-12-21,8015.T,,2,51.43083858718586,55.0,55.355902178499846,27.92253984692571,16.721557974574452,True,1459.350830078125,1565.0,1406.0,TIMEOUT_LOSS,-0.9118609934151413,5,1446.0435791015625,DEV,50,True,,UP50_NIKKEION_BASE
2022-12-21,2914.T,,3,51.17191527894296,55.0,50.177436013641874,32.66966366687578,17.152900319482377,True,2259.087646484375,2332.0,2223.0,TIMEOUT_LOSS,-0.3124857144370129,5,2252.0283203125,DEV,50,True,,UP50_NIKKEION_BASE
2022-12-21,3382.T,,4,50.96650624401474,35.0,52.156211836816446,30.29993549781876,17.54385266536481,True,1693.1978759765625,1783.0,1648.0,HOLD,2.239883460627048,5,1731.12353515625,DEV,50,True,,UP50_NIKKEION_BASE
2022-12-21,7272.T,,5,48.11129355799754,30.0,57.44326246429867,26.450994884646096,16.10574265105526,True,873.996337890625,942.0,840.0,HOLD,1.15356230318873,5,884.0784301757812,DEV,50,True,,UP50_NIKKEION_BASE
2022-12-21,6841.T,,6,48.06660550925821,30.0,56.54950148951205,25.735395454396464,17.715103056091493,True,2101.445556640625,2267.0,2019.0,LOSS,-3.923278258629866,3,2019.0,DEV,50,True,,UP50_NIKKEION_BASE
2022-12-21,3092.T,,7,47.064341253163875,65.0,51.938998976320946,31.528526902020186,16.53247412165889,True,945.614013671875,1020.0,908.0,HOLD,2.507832599880978,5,969.3284301757812,DEV,50,True,,UP50_NIKKEION_BASE
2022-12-21,5802.T,,8,46.80482236561887,40.0,54.357316877594755,28.144673782346995,17.49800934005827,True,333.4462890625,352.0,324.0,TIMEOUT_LOSS,-0.26604448980667683,5,332.5591735839844,DEV,50,True,,UP50_NIKKEION_BASE
2022-12-21,1928.T,,9,46.75841477790755,40.0,53.42916512336839,27.767434427364137,18.803400449267485,True,1979.63720703125,2087.0,1926.0,HOLD,0.7084582111276012,5,1993.662109375,DEV,50,True,,UP50_NIKKEION_BASE
2022-12-21,6723.T,,10,44.72811909172416,30.0,59.34499053013537,25.81961720639147,14.83539226347315,True,1150.0635986328125,1249.0,1100.0,TIMEOUT_LOSS,-0.7534612184427215,5,1141.3983154296875,DEV,50,True,,UP50_NIKKEION_BASE
2022-12-23,2501.T,,1,54.65157769208212,45.0,53.2489451459902,29.3661662894785,17.384888564531302,True,623.0504150390625,664.0,602.0,TIMEOUT_LOSS,-1.7007054622926319,5,612.4541625976562,DEV,50,True,,UP50_NIKKEION_BASE
2022-12-23,8015.T,,2,42.230144540810244,30.0,52.863760381422345,29.579743220491338,17.55649639808633,True,1437.1722412109375,1542.0,1385.0,TIMEOUT_LOSS,-1.2345630776038865,5,1419.429443359375,DEV,50,True,,UP50_NIKKEION_BASE
2022-12-23,5802.T,,3,42.111898724443435,30.0,50.49884405408602,31.30607401037782,18.19508193553617,True,331.6720275878906,350.0,322.0,TIMEOUT_LOSS,-1.7385445227552712,5,325.90576171875,DEV,50,True,,UP50_NIKKEION_BASE
2022-12-23,8630.T,,4,37.97681292871847,40.0,51.71017161784774,30.77680626162977,17.513022120522503,True,1708.719970703125,1811.0,1658.0,TIMEOUT_LOSS,-0.9004393108248033,5,1693.333984375,DEV,50,True,,UP50_NIKKEION_BASE
2022-12-23,8604.T,,5,35.74665885965821,40.0,50.585351106207725,30.98315008234673,18.431498811445586,True,412.1207275390625,428.0,404.0,HOLD,1.3863065975966895,5,417.833984375,DEV,50,True,,UP50_NIKKEION_BASE
2022-12-23,4523.T,,6,34.961580777630665,45.0,50.75335468304804,31.825374418840546,17.42127089811141,True,7737.0986328125,8517.0,7347.0,LOSS,-5.041923999238147,5,7347.0,DEV,50,True,,UP50_NIKKEION_BASE
2022-12-23,6963.T,,7,34.805680011358525,20.0,55.24403500977915,28.335922355532965,16.420042634687874,True,2240.783935546875,2422.0,2150.0,TIMEOUT_LOSS,-3.505155829798073,5,2162.240966796875,DEV,50,True,,UP50_NIKKEION_BASE
2022-12-23,6841.T,,8,34.77605691893668,20.0,54.651573161342334,26.368658132515936,18.97976870614169,True,2056.4140625,2213.0,1978.0,LOSS,-3.813145607683278,3,1978.0,DEV,50,True,,UP50_NIKKEION_BASE
2022-12-23,7272.T,,9,34.72677245279337,20.0,53.665883838476034,28.615343788594227,17.71877237292975,True,876.8807983398438,942.0,844.0,TIMEOUT_LOSS,-1.9367967082474438,5,859.8973999023438,DEV,50,True,,UP50_NIKKEION_BASE
2022-12-23,7202.T,,10,34.68677497594891,20.0,52.86593430158686,28.949576784790494,18.184488913622655,True,1338.275390625,1432.0,1291.0,LOSS,-3.532560708818048,2,1291.0,DEV,50,True,,UP50_NIKKEION_BASE
2022-12-27,3099.T,,1,82.37088347790652,100.0,51.76549564508672,29.029021532398836,19.205482822514387,True,674.3696899414062,731.0,646.0,LOSS,-4.206845349747436,3,646.0,DEV,50,True,,UP50_NIKKEION_BASE
2022-12-27,7453.T,,2,74.83214837285773,90.0,51.86035876150249,27.97561723820773,20.164024000289732,True,745.5569458007812,801.0,718.0,HOLD,0.06321629477360388,5,746.0282592773438,DEV,50,True,,UP50_NIKKEION_BASE
2022-12-27,8267.T,,3,73.76290354990253,100.0,53.51894056326799,26.629714641588098,19.851344795143845,True,918.2265014648438,957.0,899.0,LOSS,-2.093873508788058,2,899.0,DEV,50,True,,UP50_NIKKEION_BASE
2022-12-27,8233.T,,4,71.25031751857497,80.0,52.83243732802123,28.102473521172204,19.065089150806493,True,849.6592407226562,919.0,815.0,TIMEOUT_LOSS,-1.3661267151202405,5,838.0518188476562,DEV,50,True,,UP50_NIKKEION_BASE
2022-12-27,8304.T,,5,69.11992857493576,90.0,50.65944106393259,29.283256535200884,20.057302400866497,True,2334.877685546875,2430.0,2288.0,LOSS,-2.0077148296483593,2,2288.0,DEV,50,True,,UP50_NIKKEION_BASE
2022-12-27,3086.T,,6,68.21442522053451,80.0,52.98415658460311,26.896355572191045,20.11948784320579,True,1121.6087646484375,1205.0,1080.0,LOSS,-3.7097396133026437,1,1080.0,DEV,50,True,,UP50_NIKKEION_BASE
2022-12-27,9201.T,,7,64.8483248638085,85.0,53.705627710952754,24.501122668775473,21.793249620271723,True,2432.251220703125,2564.0,2366.0,LOSS,-2.723864218432701,4,2366.0,DEV,50,True,,UP50_NIKKEION_BASE
2022-12-27,2914.T,,8,58.30826323536948,90.0,51.8174386204331,29.17548057969433,19.007080799872522,True,2301.109375,2369.0,2267.0,LOSS,-1.4823013356329489,2,2267.0,DEV,50,True,,UP50_NIKKEION_BASE
2022-12-27,1332.T,,9,58.02035000644034,70.0,52.14613056358927,27.80677996031754,20.047089476093163,True,490.6078796386719,510.0,481.0,LOSS,-1.9583622761517792,4,481.0,DEV,50,True,,UP50_NIKKEION_BASE
2022-12-27,9021.T,,10,56.169332402069855,85.0,54.03882195444053,25.574412665058695,20.38676538050074,True,2576.462890625,2726.0,2502.0,LOSS,-2.890120827897379,5,2502.0,DEV,50,True,,UP50_NIKKEION_BASE
2022-12-28,5401.T,,1,73.66627688561661,100.0,51.586407277549704,27.92041157245474,20.493181149995493,True,357.5216369628906,377.0,348.0,LOSS,-2.663233767828976,3,348.0,DEV,50,True,,UP50_NIKKEION_BASE
2022-12-28,8304.T,,2,71.45654785325047,95.0,52.391826630226966,26.640597731041616,20.96757563873137,True,2323.53515625,2419.0,2276.0,LOSS,-2.0458117933846087,2,2276.0,DEV,50,True,,UP50_NIKKEION_BASE
2022-12-28,2914.T,,3,69.22734405456788,95.0,51.28601152614032,28.167738610768904,20.546249863090715,True,2297.47265625,2365.0,2264.0,LOSS,-1.4569338250421233,1,2264.0,DEV,50,True,,UP50_NIKKEION_BASE
2022-12-28,5406.T,,4,69.19400839222706,90.0,52.14103740975864,27.62713059931048,20.23183199093085,True,540.18017578125,566.0,527.0,LOSS,-2.439959178840249,2,527.0,DEV,50,True,,UP50_NIKKEION_BASE
2022-12-28,3099.T,,5,69.14910444101784,90.0,51.24295838557433,29.37578516946201,19.38125644496359,True,677.1017456054688,734.0,649.0,LOSS,-4.1502987974635905,1,649.0,DEV,50,True,,UP50_NIKKEION_BASE
2022-12-28,8316.T,,6,69.1108655415504,90.0,50.478180396225206,30.896651142292058,18.625168461482687,True,766.4431762695312,816.0,741.0,TIMEOUT_LOSS,-1.1023933686936116,5,757.9939575195312,DEV,50,True,,UP50_NIKKEION_BASE
2022-12-28,3086.T,,7,68.9258272309475,75.0,51.342631575472,27.5868056342686,21.070562790259366,True,1114.35498046875,1201.0,1071.0,LOSS,-3.890589733848801,2,1071.0,DEV,50,True,,UP50_NIKKEION_BASE
2022-12-28,8233.T,,8,66.7451944662339,70.0,52.72997628119981,28.37083622645852,18.89918749234159,True,859.8736572265625,929.0,825.0,LOSS,-4.0556722413202,2,825.0,DEV,50,True,,UP50_NIKKEION_BASE
2022-12-28,3382.T,,9,62.477547231323115,80.0,51.290075061244934,27.70003279982364,21.00989213893141,True,1755.591796875,1838.0,1714.0,LOSS,-2.369104079264582,3,1714.0,DEV,50,True,,UP50_NIKKEION_BASE
2022-12-28,7532.T,,10,57.928872317067594,65.0,51.838315906569264,29.061183756542246,19.100500336888413,True,487.9347839355469,529.0,468.0,LOSS,-4.085542697890572,1,468.0,DEV,50,True,,UP50_NIKKEION_BASE
2022-12-29,8725.T,,1,80.29732754666867,95.0,55.29437702032982,29.91601422813946,14.789608751530661,True,1185.1563720703125,1255.0,1150.0,TIMEOUT_LOSS,-1.5490687264060723,5,1166.7974853515625,DEV,50,True,,UP50_NIKKEION_BASE
2022-12-29,3659.T,,2,71.49958176533386,100.0,51.73076574145977,31.58923016224811,16.680004096292063,True,2513.8583984375,2698.0,2422.0,TIMEOUT_LOSS,-0.6611397522561457,5,2497.23828125,DEV,50,True,,UP50_NIKKEION_BASE
2022-12-29,8306.T,三菱UFJ,3,71.38044550169312,95.0,50.86977959907991,34.12257793939973,15.007642461520303,True,774.2227172851562,831.0,746.0,HOLD,1.3386346642238605,5,784.5867309570312,DEV,50,True,,UP50_NIKKEION_BASE
2022-12-29,8309.T,,4,67.02447896385337,85.0,53.75044884228463,30.647801402938818,15.601749754776502,True,490.4980773925781,521.0,475.0,TIMEOUT_LOSS,-0.4152957811973776,5,488.4610595703125,DEV,50,True,,UP50_NIKKEION_BASE
2022-12-29,8304.T,,5,67.01124243632849,85.0,53.48571829178712,31.542134734304767,14.972146973908043,True,2277.5068359375,2379.0,2227.0,HOLD,0.42751012255983384,5,2287.243408203125,DEV,50,True,,UP50_NIKKEION_BASE
2022-12-29,3099.T,,6,66.9951200079009,85.0,53.16326972323532,32.44068001296604,14.396050263798637,True,647.504150390625,707.0,618.0,TIMEOUT_LOSS,-3.2348613987678796,5,626.5582885742188,DEV,50,True,,UP50_NIKKEION_BASE
2022-12-29,5401.T,,7,66.91722101877866,85.0,51.60528994079072,31.884270765542333,16.51043929366689,True,353.89703369140625,373.0,344.0,LOSS,-2.796585658877361,3,344.0,DEV,50,True,,UP50_NIKKEION_BASE
2022-12-29,8354.T,,8,66.86607755453268,85.0,50.58242065587104,34.27629612553861,15.1412832185903,True,2619.1865234375,2849.0,2504.0,LOSS,-4.397797652315563,5,2504.0,DEV,50,True,,UP50_NIKKEION_BASE
2022-12-29,5406.T,,9,63.982979435238995,85.0,53.79002348738854,30.175288176660263,16.034688335951174,True,531.8825073242188,559.0,518.0,HOLD,1.40406131807913,5,539.3504638671875,DEV,50,True,,UP50_NIKKEION_BASE
2022-12-29,8604.T,,10,55.858506902475774,60.0,55.43100761473286,29.654479472251616,14.914512913015516,True,416.8106384277344,433.0,409.0,TIMEOUT_LOSS,-0.28640250354900565,5,415.61688232421875,DEV,50,True,,UP50_NIKKEION_BASE
2023-08-18,3401.T,,1,46.739141237764365,40.0,53.04369432050468,31.948021447961477,15.008284231533825,True,1252.429443359375,1335.0,1211.0,HOLD,3.1597767697976065,5,1292.00341796875,VALIDATION,50,True,,UP50_NIKKEION_BASE
2023-08-18,9147.T,,2,43.46818243631634,20.0,54.5810400306746,31.63183392865911,13.78712604066627,True,2206.185546875,2356.0,2131.0,TIMEOUT_LOSS,-0.2455365640108112,5,2200.7685546875,VALIDATION,50,True,,UP50_NIKKEION_BASE
2023-08-18,4661.T,,3,39.266115308407024,30.0,54.45274095074921,31.994237544964278,13.553021504286505,True,4956.1240234375,5295.0,4786.0,HOLD,1.0739948268704023,5,5009.3525390625,VALIDATION,50,True,,UP50_NIKKEION_BASE
2023-08-18,9202.T,,4,35.831493051337766,40.0,52.28203493979874,31.076069153928078,16.64189590627313,True,3058.846435546875,3219.0,2979.0,HOLD,0.36630115567559673,5,3070.051025390625,VALIDATION,50,True,,UP50_NIKKEION_BASE
2023-08-18,5713.T,,5,34.639813408020004,20.0,51.92670294300865,33.74714628123776,14.326150775753547,True,3980.643798828125,4250.0,3846.0,HOLD,2.4529956576369893,5,4078.288818359375,VALIDATION,50,True,,UP50_NIKKEION_BASE
2023-08-18,2768.T,,6,28.22562014512075,30.0,51.03414203284977,33.53201265321688,15.43384531393333,True,2628.534912109375,2804.0,2541.0,HOLD,2.1880783866294635,5,2686.04931640625,VALIDATION,50,True,,UP50_NIKKEION_BASE
2023-08-18,6506.T,,7,21.47723939890207,10.0,52.588266238910975,33.384433069775895,14.02730069131312,True,5221.369140625,5675.0,4994.0,TIMEOUT_LOSS,-1.6381374467379954,5,5135.8359375,VALIDATION,50,True,,UP50_NIKKEION_BASE
2023-08-18,6273.T,,8,16.87402459691794,0.0,50.523970199228366,34.19042881351041,15.28560098726119,True,63741.3203125,68291.0,61467.0,TIMEOUT_LOSS,-0.41562644129611276,5,63476.39453125,VALIDATION,50,True,,UP50_NIKKEION_BASE
2023-08-18,9843.T,,9,15.084584450814802,20.0,52.12647162499169,32.80095648333536,15.072571891672935,True,3144.42138671875,3351.0,3041.0,HOLD,0.7076877685943996,5,3166.674072265625,VALIDATION,50,True,,UP50_NIKKEION_BASE
2023-08-18,2503.T,,10,10.657529604111577,10.0,53.5853746909272,32.17713914096844,14.237486168104354,True,1802.0771484375,1872.0,1767.0,HOLD,0.2512495075398561,5,1806.6048583984375,VALIDATION,50,True,,UP50_NIKKEION_BASE
2024-03-11,9432.T,,1,62.31084513495702,70.0,50.99951139479266,31.772843532347682,17.227645072859676,True,165.33480834960938,173.0,162.0,TIMEOUT_LOSS,-0.8223798662566765,5,163.97512817382812,VALIDATION,50,True,,UP50_NIKKEION_BASE
2024-04-18,7011.T,,1,51.47446599656932,75.0,50.141493844429796,34.256522256011415,15.601983899558775,True,1357.47998046875,1516.0,1278.0,TIMEOUT_LOSS,-4.046247660621721,5,1302.552978515625,VALIDATION,50,True,,UP50_NIKKEION_BASE
2024-04-18,2002.T,,2,41.342998017835995,35.0,50.99039513932866,37.19563795316016,11.813966907511182,True,1841.3701171875,1969.0,1778.0,HOLD,1.885849213205817,5,1876.0955810546875,VALIDATION,50,True,,UP50_NIKKEION_BASE
2024-04-19,1605.T,,1,64.6810965736226,85.0,50.36106190723439,36.312945637736746,13.325992455028846,True,2184.22216796875,2408.0,2072.0,TIMEOUT_LOSS,-1.4944156277028502,5,2151.580810546875,VALIDATION,50,True,,UP50_NIKKEION_BASE
2024-04-19,6098.T,,2,62.45456541832792,55.0,58.43913445351488,31.550096959299733,10.010768587185384,True,6068.63232421875,6639.0,5784.0,HOLD,8.672896029217867,5,6594.95849609375,VALIDATION,50,True,,UP50_NIKKEION_BASE
2024-04-19,7752.T,,3,56.00719676123394,85.0,50.79610913772221,34.24232314972737,14.961567712550375,True,1267.7342529296875,1356.0,1224.0,TIMEOUT_LOSS,-1.1812393292467156,5,1252.75927734375,VALIDATION,50,True,,UP50_NIKKEION_BASE
2024-04-19,6723.T,,4,54.79155256645503,45.0,56.04844263344842,36.00792071507794,7.943636651473638,True,2332.778564453125,2610.0,2194.0,HOLD,5.967036735819898,5,2471.976318359375,VALIDATION,50,True,,UP50_NIKKEION_BASE
2024-04-19,7202.T,,5,53.658406748593464,55.0,56.42900453708668,32.98365149125108,10.58734397166221,True,1727.7291259765625,1842.0,1671.0,HOLD,0.9841978239109787,5,1744.7333984375,VALIDATION,50,True,,UP50_NIKKEION_BASE
2024-04-19,5631.T,,6,51.595191136897,75.0,52.5559966509834,33.800027847986925,13.643975501029654,True,3611.031494140625,3923.0,3455.0,HOLD,0.9919622251286866,5,3646.8515625,VALIDATION,50,True,,UP50_NIKKEION_BASE
2024-04-19,8053.T,,7,51.58232969937823,75.0,52.29876790060802,33.2463810972382,14.454851002153738,True,860.1566162109375,919.0,831.0,WIN,6.841008100161175,4,919.0,VALIDATION,50,True,,UP50_NIKKEION_BASE
2024-04-19,5713.T,,8,51.582077063989786,75.0,52.29371519283909,34.848784785062435,12.857500022098467,True,4783.14892578125,5200.0,4575.0,HOLD,2.8281659786059232,5,4918.42431640625,VALIDATION,50,True,,UP50_NIKKEION_BASE
2024-04-19,8802.T,,9,51.56110367289243,75.0,51.874247370892014,36.67713967966294,11.44861294944505,True,2698.864501953125,2988.0,2554.0,HOLD,0.3395344305769507,5,2708.028076171875,VALIDATION,50,True,,UP50_NIKKEION_BASE
2024-04-19,7011.T,,10,51.54658546378247,75.0,51.583883188692866,35.236011215448535,13.180105595858596,True,1332.958740234375,1493.0,1253.0,TIMEOUT_LOSS,-0.9933699024451267,5,1319.717529296875,VALIDATION,50,True,,UP50_NIKKEION_BASE
2024-04-22,2502.T,,1,46.97059700354404,65.0,50.06411398392435,34.9903925646119,14.945493451463754,True,1694.5330810546875,1797.0,1643.0,TIMEOUT_LOSS,-1.2424635029857836,5,1673.4791259765625,VALIDATION,50,True,,UP50_NIKKEION_BASE
2024-04-22,6723.T,,2,46.061021927184484,45.0,55.350873326298355,36.13847405676792,8.510652616933708,True,2255.879150390625,2534.0,2117.0,WIN,12.328712269946552,3,2534.0,VALIDATION,50,True,,UP50_NIKKEION_BASE
2024-04-22,7201.T,,3,43.84095729528577,45.0,54.427841557889245,36.26436808844692,9.307790353663812,True,550.4000244140625,598.0,527.0,HOLD,5.686770785718927,5,581.7000122070312,VALIDATION,50,True,,UP50_NIKKEION_BASE
2024-04-22,6305.T,,4,42.5958626344167,55.0,52.56942660137738,32.33403424813916,15.09653915048346,True,4111.08203125,4433.0,3950.0,LOSS,-3.918239286532115,4,3950.0,VALIDATION,50,True,,UP50_NIKKEION_BASE
2024-04-22,8001.T,,5,42.523287072404685,55.0,51.11791536113706,35.40647594605038,13.475608692812555,True,1240.2322998046875,1331.0,1195.0,WIN,7.3186047653819895,5,1331.0,VALIDATION,50,True,,UP50_NIKKEION_BASE
2024-04-22,8252.T,,6,42.501998005664376,55.0,50.692134026331026,34.48201835725704,14.825847616411963,True,2165.060791015625,2288.0,2103.0,HOLD,0.4985403281360844,5,2175.8544921875,VALIDATION,50,True,,UP50_NIKKEION_BASE
2024-04-22,6501.T,,7,38.27304557334051,45.0,56.113085379853736,29.839052282880463,14.047862337265807,True,2585.90576171875,2820.0,2469.0,WIN,9.05269796551506,5,2820.0,VALIDATION,50,True,,UP50_NIKKEION_BASE
2024-04-22,8015.T,,8,38.25276793159782,45.0,55.70753254499991,32.29883814636848,11.993629308631583,True,2916.68701171875,3182.0,2784.0,WIN,9.096381861175635,5,3182.0,VALIDATION,50,True,,UP50_NIKKEION_BASE
2024-04-22,7203.T,トヨタ自動車,9,38.16884492442595,45.0,54.02907240156238,32.60092929784166,13.36999830059594,True,3248.0654296875,3512.0,3116.0,HOLD,3.440441861576858,5,3359.813232421875,VALIDATION,50,True,,UP50_NIKKEION_BASE
2024-04-22,3099.T,,10,38.16830063663492,45.0,54.01818664574181,33.82664897844909,12.155164375809118,True,1083.927978515625,1180.0,1036.0,LOSS,-4.4216940115578085,3,1036.0,VALIDATION,50,True,,UP50_NIKKEION_BASE
2024-07-26,4502.T,,1,56.05324883697834,85.0,51.71715065261034,33.79688956815208,14.4859597792376,True,3831.575927734375,3975.0,3760.0,LOSS,-1.8680545311990753,5,3760.0,VALIDATION,50,True,,UP50_NIKKEION_BASE
2024-07-26,7731.T,,2,55.78299820805584,65.0,52.3990945958993,31.44836990439645,16.15253549970425,True,1571.0390625,1672.0,1520.0,LOSS,-3.248745605267215,5,1520.0,VALIDATION,50,True,,UP50_NIKKEION_BASE
2024-07-26,6841.T,,3,53.929354043120625,55.0,61.84795042763,29.254178226708476,8.897871345661475,True,3567.303466796875,3819.0,3442.0,LOSS,-3.51255417328951,5,3442.0,VALIDATION,50,True,,UP50_NIKKEION_BASE
2024-07-26,3402.T,,4,51.497496489778776,75.0,50.60210370861897,36.493799773622534,12.9040965177585,True,730.1334838867188,772.0,709.0,LOSS,-2.894468525702848,5,709.0,VALIDATION,50,True,,UP50_NIKKEION_BASE
2024-07-26,3861.T,,5,51.42291895294717,55.0,55.197509493726095,31.184893323728343,13.617597182545607,True,572.7911376953125,603.0,557.0,LOSS,-2.75687535230553,5,557.0,VALIDATION,50,True,,UP50_NIKKEION_BASE
2024-07-26,4452.T,,6,49.07644302420082,45.0,54.78973004923383,33.010709234843866,12.19956071592232,True,3178.029052734375,3337.0,3098.0,LOSS,-2.518197644087553,4,3098.0,VALIDATION,50,True,,UP50_NIKKEION_BASE
2024-07-26,4901.T,,7,48.582666813112496,30.0,66.87072756659781,27.235192453113257,5.894079980288894,True,3224.876708984375,3465.0,3105.0,LOSS,-3.7172493649262117,5,3105.0,VALIDATION,50,True,,UP50_NIKKEION_BASE
2024-07-26,3436.T,,8,48.46227286828178,55.0,56.85415301780951,32.16025559311843,10.985591389072082,True,2286.02880859375,2538.0,2160.0,LOSS,-5.513001766205939,5,2160.0,VALIDATION,50,True,,UP50_NIKKEION_BASE
2024-07-26,6988.T,,9,48.36598258976396,55.0,54.928347447453106,32.93361486208859,12.138037690458315,True,2444.229736328125,2601.0,2366.0,WIN,6.413892333516288,1,2601.0,VALIDATION,50,True,,UP50_NIKKEION_BASE
2024-07-26,2282.T,,10,48.31348844128566,55.0,53.878464477887015,31.051834952756614,15.06970056935642,True,1547.8548583984375,1630.0,1507.0,LOSS,-2.6394502156817174,4,1507.0,VALIDATION,50,True,,UP50_NIKKEION_BASE
2024-08-02,8308.T,,1,59.03874184906674,55.0,50.99222828568259,38.49427891091153,10.513492803405878,True,983.9251098632812,1096.0,928.0,LOSS,-5.683878712176801,1,928.0,VALIDATION,50,True,,UP50_NIKKEION_BASE
2024-08-02,9766.T,,2,55.90335579265583,65.0,54.80624628789917,35.62767765723519,9.56607605486564,True,11125.8408203125,12092.0,10643.0,LOSS,-4.339814204702401,1,10643.0,VALIDATION,50,True,,UP50_NIKKEION_BASE
2024-08-02,3092.T,,3,55.78874663786898,65.0,52.51406319216213,38.372176212965975,9.113760594871884,True,1292.2855224609375,1388.0,1244.0,LOSS,-3.7364438138242044,1,1244.0,VALIDATION,50,True,,UP50_NIKKEION_BASE
2024-08-02,2802.T,,4,55.69875505246911,65.0,50.714231484164706,37.54334267954383,11.742425836291446,True,2889.31591796875,3102.0,2783.0,LOSS,-3.6796224776795032,1,2783.0,VALIDATION,50,True,,UP50_NIKKEION_BASE
2024-08-02,2914.T,,5,55.64534657552045,40.0,57.254757597365526,33.82478454658735,8.920457856047124,True,3780.9912109375,4005.0,3669.0,LOSS,-2.961953749417251,1,3669.0,VALIDATION,50,True,,UP50_NIKKEION_BASE
2024-08-02,8591.T,,6,55.14877273546914,45.0,63.19284601373061,29.164124701842166,7.643029284427219,True,2905.513916015625,3173.0,2772.0,LOSS,-4.595191070318969,1,2772.0,VALIDATION,50,True,,UP50_NIKKEION_BASE
2024-08-02,7532.T,,7,55.1005584117165,45.0,62.22855953867775,29.937952412319618,7.833488049002621,True,693.0521850585938,757.0,661.0,LOSS,-4.624786668248353,1,661.0,VALIDATION,50,True,,UP50_NIKKEION_BASE
2024-08-02,7731.T,,8,55.03200206478225,45.0,60.85743259999281,31.93335587762862,7.209211522378562,True,1455.6253662109375,1593.0,1387.0,LOSS,-4.7144937017395225,1,1387.0,VALIDATION,50,True,,UP50_NIKKEION_BASE
2024-08-02,6479.T,,9,55.001137910234604,45.0,60.24014950903985,30.675222372156707,9.084628118803446,True,3042.86962890625,3393.0,2868.0,LOSS,-5.746865631213597,1,2868.0,VALIDATION,50,True,,UP50_NIKKEION_BASE
2024-08-02,6103.T,,10,54.99437353163188,45.0,60.10486193698546,31.85394743631516,8.041190626699365,True,3067.743408203125,3418.0,2893.0,LOSS,-5.696154630659863,1,2893.0,VALIDATION,50,True,,UP50_NIKKEION_BASE
2024-08-05,2802.T,,1,62.286652609165955,55.0,55.080878270275704,38.639191244546915,6.279930485177372,True,2742.714599609375,3002.0,2613.0,LOSS,-4.72942389367998,1,2613.0,VALIDATION,50,True,,UP50_NIKKEION_BASE
2024-08-05,8252.T,,2,55.01926766225733,45.0,60.6027445494944,33.66620633844937,5.731049112056206,True,1839.8968505859375,1995.0,1763.0,WIN,8.429991570705067,1,1995.0,VALIDATION,50,True,,UP50_NIKKEION_BASE
2024-08-05,4502.T,,3,54.883201672262885,45.0,57.881424749605536,35.780790448810976,6.337784801583488,True,3522.883544921875,3754.0,3407.0,HOLD,5.687936940751009,5,3723.262939453125,VALIDATION,50,True,,UP50_NIKKEION_BASE
2024-08-05,7751.T,,4,54.812043583883906,45.0,56.458262982025886,35.10978012013563,8.431956897838475,True,3581.461669921875,4025.0,3360.0,WIN,12.384282478941069,2,4025.0,VALIDATION,50,True,,UP50_NIKKEION_BASE
2024-08-05,4151.T,,5,54.73168047179899,45.0,54.85100074032755,36.52205708654551,8.626942173126936,True,2678.021240234375,2911.0,2562.0,WIN,8.699660639929622,5,2911.0,VALIDATION,50,True,,UP50_NIKKEION_BASE
2024-08-05,9433.T,,6,54.50161999698378,45.0,50.24979124402332,37.956646523228486,11.793562232748183,True,1986.9482421875,2100.0,1930.0,WIN,5.689718303282898,2,2100.0,VALIDATION,50,True,,UP50_NIKKEION_BASE
2024-08-05,6724.T,,7,51.51341130423587,45.0,60.050834780369556,33.6419946243997,6.307170595230728,True,2000.5855712890625,2254.0,1874.0,WIN,12.667012716064516,1,2254.0,VALIDATION,50,True,,UP50_NIKKEION_BASE
2024-08-05,3092.T,,8,51.47442132424628,55.0,56.227556919708256,37.8691677793055,5.903275300986258,True,1234.6025390625,1340.0,1182.0,WIN,8.536954817664148,2,1340.0,VALIDATION,50,True,,UP50_NIKKEION_BASE
2024-08-05,4568.T,,9,51.29821567434229,45.0,55.74692218249792,37.47618883482083,6.7768889826812355,True,4623.05712890625,5298.0,4286.0,WIN,14.599492333191911,2,5298.0,VALIDATION,50,True,,UP50_NIKKEION_BASE
2024-08-05,6702.T,,10,51.269615604435025,45.0,55.17492078435268,37.084740898506126,7.74033831714119,True,2102.229248046875,2403.0,1952.0,WIN,14.307228968132904,2,2403.0,VALIDATION,50,True,,UP50_NIKKEION_BASE
2024-08-06,2802.T,,1,54.531559451071836,45.0,50.84858032578449,37.5002533986373,11.651166275578234,True,2535.43310546875,2833.0,2387.0,LOSS,-5.854349110950325,1,2387.0,VALIDATION,50,True,,UP50_NIKKEION_BASE
2024-08-06,4502.T,,2,48.06005764163747,30.0,56.41854413709715,36.54629770525503,7.0351581576478095,True,3531.90966796875,3795.0,3400.0,WIN,7.448954156932243,5,3795.0,VALIDATION,50,True,,UP50_NIKKEION_BASE
2024-08-06,2914.T,,3,48.02354669573168,30.0,55.688325218981504,34.99614462367758,9.315530157340918,True,3430.47802734375,3843.0,3224.0,HOLD,8.386406948626163,5,3718.171875,VALIDATION,50,True,,UP50_NIKKEION_BASE
2024-08-06,9434.T,,4,47.9792089976397,30.0,54.80157125714182,36.499783213223616,8.698645529634558,True,161.77059936523438,174.0,155.0,WIN,7.55971770071454,1,174.0,VALIDATION,50,True,,UP50_NIKKEION_BASE
2024-08-06,8304.T,,5,44.70339677143664,30.0,58.85054412438492,33.092055757651075,8.057400117964008,True,2074.13525390625,2294.0,1964.0,HOLD,5.425995255458729,5,2186.677734375,VALIDATION,50,True,,UP50_NIKKEION_BASE
2024-08-06,9432.T,,6,44.52663993495703,30.0,55.315407394792906,37.859137211032014,6.8254553941751,True,134.14523315429688,144.0,129.0,HOLD,1.0966357582266735,5,135.61631774902344,VALIDATION,50,True,,UP50_NIKKEION_BASE
2024-08-06,8001.T,,7,44.43909737630575,30.0,53.564556221767305,39.1713440464507,7.264099731782006,True,1206.855224609375,1373.0,1124.0,HOLD,9.406246339727133,5,1320.375,VALIDATION,50,True,,UP50_NIKKEION_BASE
2024-08-06,8308.T,,8,44.41691400622453,30.0,53.120888820142866,38.42661226123367,8.452498918623471,True,777.49658203125,942.0,695.0,WIN,21.158088893326877,5,942.0,VALIDATION,50,True,,UP50_NIKKEION_BASE
2024-08-06,6971.T,,9,44.40727560276268,30.0,52.92812075090576,39.23871224640123,7.833167002693023,True,1489.751220703125,1685.0,1392.0,HOLD,4.1719292673689585,5,1551.902587890625,VALIDATION,50,True,,UP50_NIKKEION_BASE
2024-08-06,6479.T,,10,44.37416151977276,30.0,52.26583909110746,39.530221082659125,8.203939826233416,True,2621.497802734375,3091.0,2386.0,HOLD,10.089400339273332,5,2885.9912109375,VALIDATION,50,True,,UP50_NIKKEION_BASE
2024-08-07,8795.T,,1,44.52353974681124,30.0,55.25340363187687,38.21430175201183,6.532294616111306,True,2029.26904296875,2404.0,1842.0,HOLD,9.815534043657479,5,2228.45263671875,VALIDATION,50,True,,UP50_NIKKEION_BASE
2024-08-07,7012.T,,2,44.33619330112191,30.0,51.50647471809039,40.7630042291956,7.730521052714002,True,803.8964233398438,1021.0,696.0,HOLD,15.439601993434232,5,928.0148315429688,VALIDATION,50,True,,UP50_NIKKEION_BASE
2024-08-07,6963.T,,3,44.30818368115615,30.0,50.94628231877524,42.05834293014592,6.9953747510788515,True,1549.7822265625,1826.0,1412.0,HOLD,2.943883244684706,5,1595.406005859375,VALIDATION,50,True,,UP50_NIKKEION_BASE
2024-08-07,6103.T,,4,39.993337550338836,20.0,54.6493597024289,37.825774862407386,7.524865435163722,True,2835.345947265625,3339.0,2584.0,HOLD,3.909312350535929,5,2946.1884765625,VALIDATION,50,True,,UP50_NIKKEION_BASE
2024-08-07,9984.T,ソフトバンクG,5,39.87806692919179,20.0,52.3439472794879,40.480267380095675,7.175785340416452,True,1869.7237548828125,2277.0,1666.0,HOLD,8.52333359687877,5,2029.0865478515625,VALIDATION,50,True,,UP50_NIKKEION_BASE
2024-08-07,3086.T,,6,39.877155433220835,20.0,52.325717360068836,39.881100267890076,7.793182372041082,True,1369.9822998046875,1644.0,1233.0,HOLD,2.1627218289042176,5,1399.6112060546875,VALIDATION,50,True,,UP50_NIKKEION_BASE
2024-08-07,5020.T,,7,39.86321069393283,20.0,52.04682257430867,38.8278973365655,9.125280089125853,True,621.4635620117188,725.0,570.0,HOLD,8.495364248036669,5,674.2591552734375,VALIDATION,50,True,,UP50_NIKKEION_BASE
2024-08-07,8750.T,,8,39.824370781740484,20.0,51.27002433046181,41.12332933804446,7.606646331493754,True,835.63427734375,988.0,760.0,HOLD,10.00818638069066,5,919.26611328125,VALIDATION,50,True,,UP50_NIKKEION_BASE
2024-08-07,4901.T,,9,37.05559367912206,30.0,53.72056923461511,37.78771769520467,8.49171307018023,True,3122.348876953125,3580.0,2894.0,HOLD,7.205839704167778,5,3347.34033203125,VALIDATION,50,True,,UP50_NIKKEION_BASE
2024-08-07,2801.T,,10,36.97835304880871,30.0,52.17575662834801,38.44100896773017,9.383234403921827,True,1645.4996337890625,1905.0,1516.0,LOSS,-7.8699278401457935,2,1516.0,VALIDATION,50,True,,UP50_NIKKEION_BASE
2024-08-08,3436.T,,1,44.716696749935295,30.0,59.116543694358036,37.31505618832498,3.568400117317008,True,1647.385986328125,2134.0,1404.0,HOLD,5.186720854075608,5,1732.831298828125,VALIDATION,50,True,,UP50_NIKKEION_BASE
2024-08-08,9532.T,,2,42.46018041714488,50.0,51.37752138637596,37.57729640030939,11.045182213314666,True,3243.051025390625,3591.0,3069.0,TIMEOUT_LOSS,-0.17380912930042652,5,3237.414306640625,VALIDATION,50,True,,UP50_NIKKEION_BASE
2024-08-08,7202.T,,3,41.59062073851784,40.0,54.42111042253075,40.37831432968508,5.200575247784161,True,1800.2213134765625,2052.0,1674.0,HOLD,6.487680246020099,5,1917.013916015625,VALIDATION,50,True,,UP50_NIKKEION_BASE
2024-08-08,9984.T,ソフトバンクG,4,40.289531759480724,20.0,60.57324388526658,36.22374130247144,3.203014812262022,True,1793.1402587890625,2201.0,1589.0,HOLD,16.793362290712253,5,2094.268798828125,VALIDATION,50,True,,UP50_NIKKEION_BASE
2024-08-08,8316.T,,5,40.22577967342011,20.0,59.29820216405427,36.554098948932335,4.147698887013421,True,1310.570556640625,1539.0,1196.0,WIN,17.42977073625905,5,1539.0,VALIDATION,50,True,,UP50_NIKKEION_BASE
2024-08-08,4151.T,,6,38.31478000826666,45.0,56.947774078376604,34.73946164038051,8.31276428124287,True,2814.892333984375,3094.0,2676.0,HOLD,6.702684062402128,5,3003.565673828125,VALIDATION,50,True,,UP50_NIKKEION_BASE
2024-08-08,4519.T,,7,37.99656495230499,45.0,50.583472959143364,41.456774285590896,7.959752755265701,True,5667.97021484375,6420.0,5292.0,WIN,13.268061698467859,5,6420.0,VALIDATION,50,True,,UP50_NIKKEION_BASE
2024-08-08,7733.T,,8,37.458414385871365,30.0,61.77698336960113,32.26662298556333,5.95639364483554,True,2289.33837890625,2595.0,2137.0,HOLD,7.865178364808849,5,2469.39892578125,VALIDATION,50,True,,UP50_NIKKEION_BASE
2024-08-08,9766.T,,9,35.76621542502651,40.0,50.976482413573656,41.00867348729294,8.014844099133391,True,10994.318359375,12529.0,10227.0,HOLD,5.006634286068568,5,11544.763671875,VALIDATION,50,True,,UP50_NIKKEION_BASE
2024-08-08,2802.T,,10,35.128934987061584,20.0,61.709134523840426,32.41768099581191,5.873184480347695,True,2484.46240234375,2801.0,2326.0,HOLD,7.698314072677082,5,2675.72412109375,VALIDATION,50,True,,UP50_NIKKEION_BASE
2026-01-20,2269.T,,1,84.47765326064271,100.0,50.42263043024576,25.15765555075134,24.4197140190029,True,3623.312744140625,3793.0,3538.0,LOSS,-2.354550936255419,1,3538.0,VALIDATION,50,True,,UP50_NIKKEION_BASE
2026-01-20,4043.T,,2,82.29019369955006,95.0,51.673439208392416,24.68232207081759,23.644238720789996,True,4189.13330078125,4424.0,4072.0,HOLD,4.399170332933341,5,4373.42041015625,VALIDATION,50,True,,UP50_NIKKEION_BASE
2026-01-20,5411.T,,3,77.72938380406609,85.0,50.45724129871303,25.28009660999787,24.26266209128909,True,2082.379150390625,2189.0,2029.0,LOSS,-2.5633732637311426,1,2029.0,VALIDATION,50,True,,UP50_NIKKEION_BASE
2026-01-20,9202.T,,4,75.8062548701477,100.0,50.907706098606134,25.334638279897803,23.757655621496067,True,2998.502685546875,3120.0,2938.0,LOSS,-2.017763260260024,1,2938.0,VALIDATION,50,True,,UP50_NIKKEION_BASE
2026-01-20,2282.T,,5,71.31069983770317,90.0,50.996605449715695,24.300715544778203,24.7026790055061,True,2351.8681640625,2480.0,2288.0,LOSS,-2.7156353846032473,2,2288.0,VALIDATION,50,True,,UP50_NIKKEION_BASE
2026-01-20,5332.T,,6,71.27550422086189,90.0,50.29269311288993,25.01416551233956,24.693141374770505,True,4738.37060546875,5026.0,4595.0,LOSS,-3.0257364272705907,1,4595.0,VALIDATION,50,True,,UP50_NIKKEION_BASE
2026-01-20,1802.T,,7,69.13872469963124,85.0,52.55710268827701,24.050082845775208,23.392814465947765,True,3520.3984375,3730.0,3416.0,TIMEOUT_LOSS,-1.2987088641866267,5,3474.6787109375,VALIDATION,50,True,,UP50_NIKKEION_BASE
2026-01-20,9532.T,,8,69.12852457552947,85.0,52.353100206241635,24.596418256601424,23.05048153715694,True,5461.76904296875,5731.0,5327.0,HOLD,2.816157375177939,5,5615.5810546875,VALIDATION,50,True,,UP50_NIKKEION_BASE
2026-01-20,8354.T,,9,69.11374708992655,85.0,52.057550494183204,23.87640541667495,24.06604408914185,True,5408.185546875,5701.0,5262.0,LOSS,-2.7030423717520207,1,5262.0,VALIDATION,50,True,,UP50_NIKKEION_BASE
2026-01-20,4042.T,,10,69.08658539608987,85.0,51.51431661744964,24.78630058569175,23.699382796858607,True,2433.625244140625,2556.0,2372.0,HOLD,0.09867448545258592,5,2436.026611328125,VALIDATION,50,True,,UP50_NIKKEION_BASE
2026-01-26,1332.T,,1,84.67231603335435,100.0,54.31588588447841,23.620752780682707,22.063361334838934,True,1214.62939453125,1286.0,1179.0,WIN,5.875916208687948,5,1286.0,VALIDATION,50,True,,UP50_NIKKEION_BASE
2026-01-26,2871.T,,2,82.27638918578538,95.0,51.39734893309891,26.197342242824167,22.40530882407694,True,1863.5736083984375,1979.0,1806.0,HOLD,0.36687770753999227,5,1870.41064453125,VALIDATION,50,True,,UP50_NIKKEION_BASE
2026-01-26,4578.T,,3,77.73300318657229,85.0,50.52962894883729,26.333876545384864,23.136494505777847,True,9374.162109375,10055.0,9034.0,LOSS,-3.6287201501967568,1,9034.0,VALIDATION,50,True,,UP50_NIKKEION_BASE
2026-01-26,9531.T,,4,73.77124051324128,95.0,55.207418960477874,23.821963255945874,20.970617783576298,True,6588.18603515625,6988.0,6388.0,HOLD,4.668164524196773,5,6895.7333984375,VALIDATION,50,True,,UP50_NIKKEION_BASE
2026-01-26,7731.T,,5,71.11465537684647,75.0,51.640933623886035,26.646789010799143,21.71227736531484,True,1891.7274169921875,2044.0,1815.0,HOLD,0.8087678213975309,5,1907.027099609375,VALIDATION,50,True,,UP50_NIKKEION_BASE
2026-01-26,9532.T,,6,69.34721017764426,85.0,56.726812248537186,23.282514004194326,19.990673747268524,True,5632.2353515625,5900.0,5498.0,HOLD,2.104714612748983,5,5750.77783203125,VALIDATION,50,True,,UP50_NIKKEION_BASE
2026-01-26,4043.T,,7,69.28178958797619,85.0,55.418400455176034,23.029393313154316,21.552206231669686,True,4340.4423828125,4607.0,4207.0,LOSS,-3.0743959035353585,4,4207.0,VALIDATION,50,True,,UP50_NIKKEION_BASE
2026-01-26,4151.T,,8,69.27216297848747,85.0,55.225868265401616,24.04946113638813,20.724670598210288,True,2575.634765625,2707.0,2510.0,LOSS,-2.548294754402927,2,2510.0,VALIDATION,50,True,,UP50_NIKKEION_BASE
2026-01-26,2269.T,,9,69.25604465941447,85.0,54.90350188394173,24.79491761317777,20.301580502880554,True,3599.936767578125,3782.0,3509.0,LOSS,-2.526065690851097,3,3509.0,VALIDATION,50,True,,UP50_NIKKEION_BASE
2026-01-26,4183.T,,10,69.23474918886664,85.0,54.47759247298514,23.99929297762026,21.52311454939465,True,2152.869140625,2287.0,2086.0,TIMEOUT_LOSS,-0.04474860492311768,5,2151.90576171875,VALIDATION,50,True,,UP50_NIKKEION_BASE
2026-01-27,4043.T,,1,71.18816426945189,85.0,50.06763321512471,23.67682573995364,26.25554104492168,True,4373.42041015625,4645.0,4238.0,LOSS,-3.096441628199467,2,4238.0,VALIDATION,50,True,,UP50_NIKKEION_BASE
2026-01-28,1605.T,,1,77.95025034079603,100.0,50.30935464200733,25.929465032049464,23.761180325943215,True,3298.93310546875,3516.0,3190.0,WIN,6.579911977342344,5,3516.0,VALIDATION,50,True,,UP50_NIKKEION_BASE
2026-01-28,7741.T,,2,73.52988099049362,95.0,50.38022850552466,27.183213985766553,22.436557508708795,True,25231.77734375,27134.0,24281.0,WIN,7.538995887347537,4,27134.0,VALIDATION,50,True,,UP50_NIKKEION_BASE
2026-01-28,9532.T,,3,71.51984878590886,85.0,56.70132354426395,23.737248406152382,19.56142804958368,True,5641.052734375,5913.0,5505.0,WIN,4.820860191003522,4,5913.0,VALIDATION,50,True,,UP50_NIKKEION_BASE
2026-01-28,4043.T,,4,71.4058763887596,85.0,54.42187560127888,24.265947219924755,21.312177178796368,True,4301.64501953125,4574.0,4166.0,LOSS,-3.1533289919406515,2,4166.0,VALIDATION,50,True,,UP50_NIKKEION_BASE
2026-01-28,9531.T,,5,71.39240860346604,85.0,54.15251989540744,24.17758376305838,21.669896341534205,True,6538.07470703125,6947.0,6333.0,WIN,6.2545215723671514,3,6947.0,VALIDATION,50,True,,UP50_NIKKEION_BASE
2026-01-28,1332.T,,6,71.35842051227198,85.0,53.47275807152641,27.45585038745915,19.071391541014464,True,1236.0411376953125,1316.0,1196.0,WIN,6.46894831136256,5,1316.0,VALIDATION,50,True,,UP50_NIKKEION_BASE
2026-01-28,5201.T,,7,71.33478291291777,85.0,53.000006084442184,28.329790988338083,18.670202927219755,True,5511.80419921875,5818.0,5359.0,WIN,5.5552735495330285,5,5818.0,VALIDATION,50,True,,UP50_NIKKEION_BASE
2026-01-28,4183.T,,8,71.3188371428243,85.0,52.68109068257269,26.567167617485698,20.75174169994164,True,2143.71826171875,2277.0,2077.0,WIN,6.217315990693193,5,2277.0,VALIDATION,50,True,,UP50_NIKKEION_BASE
2026-01-28,6301.T,,9,71.31580124567569,85.0,52.62037273960078,27.112238415074085,20.267388845325147,True,5493.1259765625,5846.0,5316.0,WIN,6.423920094734879,3,5846.0,VALIDATION,50,True,,UP50_NIKKEION_BASE
2026-01-28,4507.T,,10,71.25983680936454,85.0,51.50108401337771,24.842835076900325,23.656080909721975,True,3005.07421875,3242.0,2887.0,WIN,7.884190672287368,4,3242.0,VALIDATION,50,True,,UP50_NIKKEION_BASE
2026-01-29,6301.T,,1,84.54473402439498,100.0,51.764245705291046,25.661067908149192,22.574686386559787,True,5660.439453125,6033.0,5474.0,WIN,6.581830791765077,2,6033.0,VALIDATION,50,True,,UP50_NIKKEION_BASE
2026-01-29,1605.T,,2,75.76378960728043,100.0,50.0584008412607,26.35136816826831,23.590230990470985,True,3376.613037109375,3609.0,3260.0,HOLD,3.6109478058338293,5,3498.540771484375,VALIDATION,50,True,,UP50_NIKKEION_BASE
2026-01-29,5019.T,,3,73.7562581703712,100.0,53.38603297264144,24.75242419702314,21.861542830335416,True,1264.226806640625,1343.0,1225.0,WIN,6.230938384283718,4,1343.0,VALIDATION,50,True,,UP50_NIKKEION_BASE
2026-01-29,5201.T,,4,71.45443402621098,90.0,53.87128921987161,27.20128258913917,18.927428190989247,True,5607.37890625,5932.0,5445.0,WIN,5.789177067884185,4,5932.0,VALIDATION,50,True,,UP50_NIKKEION_BASE
2026-01-29,1963.T,,5,71.34276151232409,95.0,50.11609981169912,25.651366930681284,24.232533257619586,True,2080.51611328125,2270.0,1986.0,HOLD,1.407790425349404,5,2109.805419921875,VALIDATION,50,True,,UP50_NIKKEION_BASE
2026-01-29,9532.T,,6,69.26152047945709,85.0,55.013018284793894,23.34559702421564,21.64138469099048,True,5644.97119140625,5930.0,5502.0,WIN,5.049251784095374,3,5930.0,VALIDATION,50,True,,UP50_NIKKEION_BASE
2026-01-29,9531.T,,7,69.21479324828508,85.0,54.07847366135389,26.958110947543585,18.963415391102558,True,6601.9423828125,7020.0,6393.0,WIN,6.332342709864773,3,7020.0,VALIDATION,50,True,,UP50_NIKKEION_BASE
2026-01-29,4183.T,,8,69.16482949598142,85.0,53.07919861528061,26.62287969387016,20.297921690849254,True,2158.648681640625,2298.0,2089.0,WIN,6.455488544502972,4,2298.0,VALIDATION,50,True,,UP50_NIKKEION_BASE
2026-01-29,3401.T,,9,69.10778680787216,85.0,51.93834485309543,27.82849708613078,20.233158060773793,True,1421.8724365234375,1507.0,1379.0,WIN,5.987004269152615,4,1507.0,VALIDATION,50,True,,UP50_NIKKEION_BASE
2026-01-29,1332.T,,10,69.08151403256207,85.0,51.41288934689371,30.236937947233166,18.350172705873124,True,1241.8807373046875,1322.0,1202.0,WIN,6.45144580221118,4,1322.0,VALIDATION,50,True,,UP50_NIKKEION_BASE
2026-01-30,1963.T,,1,84.73798977079257,100.0,55.62936063324274,24.894306164747288,19.476333202009968,True,2111.269775390625,2306.0,2014.0,HOLD,3.4913314556218653,5,2184.981201171875,VALIDATION,50,True,,UP50_NIKKEION_BASE
2026-01-30,9531.T,,2,84.72956026651897,100.0,55.46077054777094,25.328079478148553,19.211149974080527,True,6726.7294921875,7185.0,6498.0,WIN,6.812679301951127,4,7185.0,VALIDATION,50,True,,UP50_NIKKEION_BASE
2026-01-30,5020.T,,3,84.68182730554463,100.0,54.506111328284135,24.500324023210677,20.9935646485052,True,1267.8419189453125,1354.0,1225.0,WIN,6.79564855580421,4,1354.0,VALIDATION,50,True,,UP50_NIKKEION_BASE
2026-01-30,6301.T,,4,84.61187199521953,100.0,53.10700512178198,25.696667076808065,21.19632780140997,True,5767.4423828125,6181.0,5561.0,WIN,7.170554809874462,2,6181.0,VALIDATION,50,True,,UP50_NIKKEION_BASE
2026-01-30,4507.T,,5,84.58398083988284,100.0,52.54918201504821,27.51690065496034,19.933917329991456,True,3098.799560546875,3360.0,2968.0,WIN,8.42908469391381,4,3360.0,VALIDATION,50,True,,UP50_NIKKEION_BASE
2026-01-30,4519.T,,6,84.49734590197855,100.0,50.81648325696237,27.515861581094576,21.66765516194305,True,8722.86328125,9453.0,8358.0,TIMEOUT_LOSS,-2.1929282466649918,5,8531.5771484375,VALIDATION,50,True,,UP50_NIKKEION_BASE
2026-01-30,7741.T,,7,82.43601411936412,95.0,54.58984760467368,25.0904083204542,20.319744074872133,True,25708.787109375,27937.0,24594.0,HOLD,2.222648673365951,5,26280.203125,VALIDATION,50,True,,UP50_NIKKEION_BASE
2026-01-30,4183.T,,8,76.15311036838357,100.0,57.844816063323556,23.75755364616829,18.397630290508154,True,2173.097412109375,2310.0,2105.0,WIN,6.299882698665443,3,2310.0,VALIDATION,50,True,,UP50_NIKKEION_BASE
2026-01-30,5019.T,,9,76.1460399471245,100.0,57.70340763814242,23.942083090471325,18.35450927138626,True,1277.4263916015625,1358.0,1237.0,WIN,6.3074952050598405,3,1358.0,VALIDATION,50,True,,UP50_NIKKEION_BASE
2026-01-30,9532.T,,10,76.13490790534765,100.0,57.48076680260503,23.21109644605235,19.30813675134265,True,5676.3212890625,5961.0,5534.0,WIN,5.015197280781783,2,5961.0,VALIDATION,50,True,,UP50_NIKKEION_BASE
2026-02-02,9532.T,,1,84.88441589131735,100.0,58.55788304373826,23.429083557348456,18.01303339891333,True,5750.77783203125,6075.0,5589.0,WIN,5.637883733968392,1,6075.0,VALIDATION,50,True,,UP50_NIKKEION_BASE
2026-02-02,6301.T,,2,84.65983043592772,100.0,54.06617393594573,25.88803352052157,20.045792543532723,True,6043.70361328125,6506.0,5813.0,WIN,7.649223328934224,1,6506.0,VALIDATION,50,True,,UP50_NIKKEION_BASE
2026-02-02,2282.T,,3,82.59540525752445,95.0,57.777670367880226,23.268767226381645,18.95356240573815,True,2333.949951171875,2464.0,2269.0,LOSS,-2.782833930918856,1,2269.0,VALIDATION,50,True,,UP50_NIKKEION_BASE
2026-02-02,7741.T,,4,82.4022606221872,95.0,53.91477766113538,26.641470340487995,19.443751998376648,True,25654.12890625,28108.0,24427.0,HOLD,6.0817375736148716,5,27214.345703125,VALIDATION,50,True,,UP50_NIKKEION_BASE
2026-02-02,8233.T,,5,73.62976301465972,100.0,50.856129858411805,25.91591865805804,23.22795148353017,True,1969.732177734375,2100.0,1905.0,WIN,6.613478915466652,1,2100.0,VALIDATION,50,True,,UP50_NIKKEION_BASE
2026-02-02,5802.T,,6,73.54815070273018,95.0,50.74562275025586,27.513089394507205,21.74128785523696,True,1667.8099365234375,1880.0,1562.0,WIN,12.7226765370444,1,1880.0,VALIDATION,50,True,,UP50_NIKKEION_BASE
2026-02-02,4502.T,,7,71.74687723556745,90.0,59.72015340700122,23.344886590552065,16.93496000244672,True,5160.21484375,5442.0,5019.0,WIN,5.460725275640322,5,5442.0,VALIDATION,50,True,,UP50_NIKKEION_BASE
2026-02-02,5201.T,,8,71.63410164397408,90.0,57.464641575133804,26.85965389241609,15.675704532450144,True,5623.14404296875,5945.0,5462.0,WIN,5.72377222727742,2,5945.0,VALIDATION,50,True,,UP50_NIKKEION_BASE
2026-02-02,9531.T,,9,71.5142742390583,90.0,55.068093476818056,24.68244135857944,20.24946516460255,True,6895.7333984375,7374.0,6657.0,WIN,6.935688692240773,5,7374.0,VALIDATION,50,True,,UP50_NIKKEION_BASE
2026-02-02,6305.T,,10,71.41551516680717,95.0,51.57117290136082,28.1975399519152,20.231287146724,True,5043.65087890625,5416.0,4858.0,WIN,7.382531623094746,2,5416.0,VALIDATION,50,True,,UP50_NIKKEION_BASE
2026-02-03,9107.T,,1,75.7801870488361,95.0,51.90808880280887,25.312408008043903,22.779503189147228,True,2216.328369140625,2337.0,2156.0,HOLD,0.997402424587311,5,2238.43408203125,VALIDATION,50,True,,UP50_NIKKEION_BASE
2026-02-03,4042.T,,2,75.77194003742416,100.0,50.22140944413529,23.87272468782055,25.905865868044202,True,2515.7548828125,2649.0,2449.0,LOSS,-2.6534732484697026,2,2449.0,VALIDATION,50,True,,UP50_NIKKEION_BASE
2026-02-03,4502.T,,3,73.52020366368009,90.0,51.708421099688564,26.582494165352188,21.709084734959248,True,5234.5947265625,5522.0,5091.0,HOLD,2.9894827176098016,5,5391.08203125,VALIDATION,50,True,,UP50_NIKKEION_BASE
2026-02-03,3086.T,,4,73.46461908835289,90.0,50.59672959314463,28.416231936739177,20.98703847011621,True,2300.668212890625,2422.0,2240.0,WIN,5.273762919379422,2,2422.0,VALIDATION,50,True,,UP50_NIKKEION_BASE
2026-02-03,9147.T,,5,73.43825516276496,90.0,50.06945108138604,26.143485883662777,23.787063034951178,True,3545.50927734375,3718.0,3459.0,WIN,4.865047844000505,4,3718.0,VALIDATION,50,True,,UP50_NIKKEION_BASE
2026-02-03,9735.T,,6,64.86921237707489,95.0,51.07989971541086,25.130917568236335,23.789182716352855,True,5759.3369140625,6050.0,5614.0,WIN,5.046815115604569,4,6050.0,VALIDATION,50,True,,UP50_NIKKEION_BASE
2026-02-03,8309.T,,7,62.616284479909424,90.0,51.02134177210148,26.829971264604126,22.148686963294395,True,1257.5576171875,1333.0,1220.0,WIN,5.999119386770145,4,1333.0,VALIDATION,50,True,,UP50_NIKKEION_BASE
2026-02-03,3861.T,,8,62.61304361351414,90.0,50.956524444195686,26.842237178512327,22.20123837729201,True,898.7462768554688,939.0,879.0,LOSS,-2.1970913664929967,3,879.0,VALIDATION,50,True,,UP50_NIKKEION_BASE
2026-02-03,2269.T,,9,62.576940609002605,90.0,50.23446435396524,26.721612183484368,23.043923462550413,True,3647.663330078125,3839.0,3552.0,HOLD,2.2429812964193623,5,3729.479736328125,VALIDATION,50,True,,UP50_NIKKEION_BASE
2026-02-03,1721.T,,10,60.341404597135536,85.0,50.52374411662387,26.513909641927214,22.962346241448923,True,4814.111328125,5080.0,4681.0,WIN,5.5231101599505035,3,5080.0,VALIDATION,50,True,,UP50_NIKKEION_BASE
2026-02-04,9107.T,,1,86.87152110133113,100.0,54.8217263744488,24.64073876160942,20.537534863941804,True,2239.395263671875,2365.0,2176.0,HOLD,0.5150250807762236,5,2250.9287109375,VALIDATION,50,True,,UP50_NIKKEION_BASE
2026-02-04,3086.T,,2,86.8472304580226,100.0,54.33591350827801,25.57524805700443,20.08883843471758,True,2364.439453125,2493.0,2300.0,WIN,5.437252652212593,1,2493.0,VALIDATION,50,True,,UP50_NIKKEION_BASE
2026-02-04,4042.T,,3,86.77779164736947,100.0,52.94713729521546,26.0375453034867,21.015317401297857,True,2632.465087890625,2781.0,2558.0,LOSS,-2.82872081507046,1,2558.0,VALIDATION,50,True,,UP50_NIKKEION_BASE
2026-02-04,9101.T,,4,84.5555758020516,95.0,53.502820388858275,26.019453976073255,20.4777256350685,True,5021.54833984375,5304.0,4880.0,LOSS,-2.818818624539108,1,4880.0,VALIDATION,50,True,,UP50_NIKKEION_BASE
2026-02-04,9202.T,,5,82.30913753251079,90.0,53.57405499804192,26.25333358871821,20.1726114132399,True,3137.9677734375,3301.0,3056.0,HOLD,2.0678954426304097,5,3202.857666015625,VALIDATION,50,True,,UP50_NIKKEION_BASE
2026-02-04,9022.T,,6,79.99401721198132,85.0,52.27164858745238,26.890339970799438,20.8380114417482,True,4586.88623046875,4897.0,4432.0,HOLD,0.8866777241462931,5,4627.55712890625,VALIDATION,50,True,,UP50_NIKKEION_BASE
2026-02-04,5301.T,,7,78.15646443869566,100.0,54.43363660000021,24.69434555824536,20.87201784175445,True,1098.6429443359375,1166.0,1065.0,LOSS,-3.0622273150147614,2,1065.0,VALIDATION,50,True,,UP50_NIKKEION_BASE
2026-02-04,8354.T,,8,78.09987100228813,100.0,53.30176787184923,24.337604181862815,22.360627946287977,True,5884.462890625,6265.0,5694.0,WIN,6.466811269746701,1,6265.0,VALIDATION,50,True,,UP50_NIKKEION_BASE
2026-02-04,7186.T,,9,77.98307946657565,100.0,50.96593715759982,25.19516647158043,23.838896370819775,True,1452.181884765625,1553.0,1402.0,WIN,6.942526710464134,3,1553.0,VALIDATION,50,True,,UP50_NIKKEION_BASE
2026-02-04,4208.T,,10,75.99234735964838,100.0,54.62955588861965,23.742318983283564,21.628125128096816,True,2674.761474609375,2830.0,2597.0,LOSS,-2.9072302464178184,1,2597.0,VALIDATION,50,True,,UP50_NIKKEION_BASE
2026-02-05,9201.T,,1,86.7484346136186,100.0,52.35999662019789,26.103148689226025,21.536854690576117,True,3006.998291015625,3166.0,2928.0,TIMEOUT_LOSS,-0.16066849264796923,5,3002.1669921875,VALIDATION,50,True,,UP50_NIKKEION_BASE
2026-02-05,9021.T,,2,86.72253530963584,100.0,51.84201054054288,25.765113284394904,22.392876175062238,True,3368.97705078125,3536.0,3286.0,LOSS,-2.4629746516678708,5,3286.0,VALIDATION,50,True,,UP50_NIKKEION_BASE
2026-02-05,7186.T,,3,86.6719749464378,100.0,50.83080327658216,23.788608198318535,25.38058852509933,True,1498.9166259765625,1603.0,1447.0,LOSS,-3.4636099884967373,1,1447.0,VALIDATION,50,True,,UP50_NIKKEION_BASE
2026-02-05,6472.T,,4,86.66135116107033,100.0,50.618327569232726,26.01974668074681,23.3619257500205,True,374.8567199707031,404.0,360.0,WIN,7.774511827232165,2,404.0,VALIDATION,50,True,,UP50_NIKKEION_BASE
2026-02-05,9001.T,,5,86.65186688922347,100.0,50.42864213229563,24.482088879947966,25.089268987756423,True,2865.47412109375,3005.0,2796.0,HOLD,2.3975498982617505,5,2934.17529296875,VALIDATION,50,True,,UP50_NIKKEION_BASE
2026-02-05,2801.T,,6,86.6343495990333,100.0,50.07829632849202,27.454467962037022,22.467235709470977,True,1489.268798828125,1587.0,1440.0,LOSS,-3.3082542833700406,1,1440.0,VALIDATION,50,True,,UP50_NIKKEION_BASE
2026-02-05,7951.T,,7,84.40524553730862,95.0,50.49621509399845,26.57137137933603,22.932413526665545,True,1142.1702880859375,1219.0,1104.0,WIN,6.726642490658258,2,1219.0,VALIDATION,50,True,,UP50_NIKKEION_BASE
2026-02-05,9202.T,,8,82.2324558548892,90.0,52.040421445609944,26.558381763701515,21.401196790688573,True,3190.267333984375,3358.0,3106.0,HOLD,1.5482651971499928,5,3239.6611328125,VALIDATION,50,True,,UP50_NIKKEION_BASE
2026-02-05,3861.T,,9,78.13090301440758,100.0,53.922408114238365,24.30392090066812,21.77367098509353,True,915.1428833007812,957.0,894.0,LOSS,-2.3103368541229417,1,894.0,VALIDATION,50,True,,UP50_NIKKEION_BASE
2026-02-05,1928.T,,10,77.99936761523942,100.0,51.29170013087527,26.237866986659547,22.4704328824652,True,3514.206298828125,3666.0,3438.0,WIN,4.319430570211354,4,3666.0,VALIDATION,50,True,,UP50_NIKKEION_BASE
2026-02-06,7186.T,,1,86.8596525456048,100.0,54.58435525992219,24.57846546710389,20.837179272973934,True,1509.1397705078125,1628.0,1450.0,WIN,7.876025257235919,2,1628.0,VALIDATION,50,True,,UP50_NIKKEION_BASE
2026-02-06,1812.T,,2,86.85315336505876,100.0,54.454371649001246,24.061214472076635,21.484413878922144,True,6757.44580078125,7283.0,6495.0,WIN,7.777409019810251,1,7283.0,VALIDATION,50,True,,UP50_NIKKEION_BASE
2026-02-06,5201.T,,3,86.84778843288753,100.0,54.347073005576654,25.577812370450104,20.075114623973278,True,6017.2666015625,6420.0,5816.0,HOLD,4.290152313954585,5,6275.41650390625,VALIDATION,50,True,,UP50_NIKKEION_BASE
2026-02-06,6472.T,,4,86.80479113005586,100.0,53.48712694894311,25.743088157947742,20.76978489310917,True,391.5879211425781,422.0,376.0,HOLD,3.087186718552306,5,403.6769714355469,VALIDATION,50,True,,UP50_NIKKEION_BASE
2026-02-06,1802.T,,5,86.78465372831809,100.0,53.08437891418809,25.35154585302254,21.564075232789392,True,3859.8896484375,4131.0,3724.0,WIN,7.023785036762558,1,4131.0,VALIDATION,50,True,,UP50_NIKKEION_BASE
2026-02-06,7203.T,トヨタ自動車,6,86.7661917207333,100.0,52.715138762492266,26.18562083798434,21.0992403995234,True,3662.18603515625,3964.0,3511.0,TIMEOUT_LOSS,-1.772489562551824,5,3597.274169921875,VALIDATION,50,True,,UP50_NIKKEION_BASE
2026-02-06,1801.T,,7,86.73773202705411,100.0,52.14594488890815,25.722156489017294,22.131898622074583,True,17298.3203125,18953.0,16471.0,TIMEOUT_LOSS,-2.476769104659277,5,16869.880859375,VALIDATION,50,True,,UP50_NIKKEION_BASE
2026-02-06,3086.T,,8,86.69882787480053,100.0,51.36786184383667,26.180114829601152,22.45202332656219,True,2634.731201171875,2816.0,2544.0,TIMEOUT_LOSS,-3.2023769028116473,5,2550.357177734375,VALIDATION,50,True,,UP50_NIKKEION_BASE
2026-02-06,1332.T,,9,86.64756604296481,100.0,50.342625207122346,26.600838027493563,23.056536765384113,True,1386.8966064453125,1503.0,1329.0,WIN,8.371452710686667,3,1503.0,VALIDATION,50,True,,UP50_NIKKEION_BASE
2026-02-06,8354.T,,10,82.25466656700758,90.0,52.484635687977445,25.58118694680857,21.934177365213994,True,6673.7236328125,7199.0,6411.0,TIMEOUT_LOSS,-2.6361767736193706,5,6497.79248046875,VALIDATION,50,True,,UP50_NIKKEION_BASE
2026-02-24,2269.T,,1,62.58321654092171,90.0,50.359982992347355,27.38934259088354,22.250674416769105,True,3802.53076171875,3997.0,3705.0,HOLD,1.5368760756707183,5,3860.970947265625,VALIDATION,50,True,,UP50_NIKKEION_BASE
2026-03-03,9531.T,,1,73.70194726629961,100.0,52.29981489120955,25.94784480243491,21.75234030635557,True,7724.04638671875,8329.0,7422.0,LOSS,-3.9104683166857863,1,7422.0,VALIDATION,50,True,,UP50_NIKKEION_BASE
2026-03-03,2269.T,,2,69.21608304174408,85.0,54.10426953053389,25.985731634832486,19.909998834633665,True,3860.970947265625,4066.0,3759.0,LOSS,-2.6410700483991403,1,3759.0,VALIDATION,50,True,,UP50_NIKKEION_BASE
2026-03-03,9147.T,,3,69.18296099876922,85.0,53.44182867103656,26.835565551397156,19.722605777566276,True,3712.83447265625,3935.0,3602.0,LOSS,-2.9851713959377344,1,3602.0,VALIDATION,50,True,,UP50_NIKKEION_BASE
2026-03-03,2871.T,,4,69.17380544003383,85.0,53.25871749632874,27.786167863075796,18.95511464059547,True,2041.3358154296875,2141.0,1991.0,LOSS,-2.4658272808039743,3,1991.0,VALIDATION,50,True,,UP50_NIKKEION_BASE
2026-03-03,9101.T,,5,69.14202971547988,85.0,52.623203005249806,26.827598165353194,20.54919882939701,True,5355.22509765625,5662.0,5202.0,LOSS,-2.8612260896990116,1,5202.0,VALIDATION,50,True,,UP50_NIKKEION_BASE
2026-03-03,2282.T,,6,69.08749361342139,85.0,51.53248096407985,28.63065578906905,19.836863246851085,True,2313.099609375,2445.0,2247.0,LOSS,-2.8576205325139514,1,2247.0,VALIDATION,50,True,,UP50_NIKKEION_BASE
2026-03-03,9008.T,,7,69.02580415898169,85.0,50.298691875285904,30.649968640300628,19.051339484413454,True,787.9111328125,827.0,768.0,LOSS,-2.52707849696525,1,768.0,VALIDATION,50,True,,UP50_NIKKEION_BASE
2026-03-03,9532.T,,8,62.64764960543492,95.0,50.12690515217666,28.60871727158824,21.2643775762351,True,6512.9765625,6986.0,6277.0,LOSS,-3.6231753674455205,4,6277.0,VALIDATION,50,True,,UP50_NIKKEION_BASE
2026-03-03,8252.T,,9,57.87881621676097,65.0,50.83719390043668,29.868680297234835,19.294125802328505,True,2993.501220703125,3144.0,2918.0,HOLD,1.1497970742447363,5,3027.92041015625,VALIDATION,50,True,,UP50_NIKKEION_BASE
2026-03-03,4502.T,,10,53.76961775264362,75.0,52.56626809635061,28.635757111180187,18.797974792469198,True,5532.11376953125,5846.0,5375.0,LOSS,-2.8400314251773358,1,5375.0,VALIDATION,50,True,,UP50_NIKKEION_BASE
2019-05-31,6701.T,,1,66.90710666751677,85.0,51.403002915552754,30.77351253692347,17.823484547523787,True,724.491455078125,771.0,701.0,LOSS,-3.2424751062925674,2,701.0,DEV,50,True,55,UP50_NIKKEION_TESTA55
2019-05-31,9433.T,,2,66.90363020137504,85.0,51.333473592718256,29.230765442114926,19.435760965166818,True,1090.1092529296875,1140.0,1065.0,LOSS,-2.3033703146914815,3,1065.0,DEV,50,True,55,UP50_NIKKEION_TESTA55
2019-05-31,4661.T,,3,66.86470094020171,85.0,50.55488836925184,31.001457383270388,18.443654247477788,True,2591.773193359375,2729.0,2523.0,LOSS,-2.6535189705482427,2,2523.0,DEV,50,True,55,UP50_NIKKEION_TESTA55
2019-05-31,9009.T,,4,62.53778969194589,75.0,54.01666340413512,28.68546290871495,17.297873687149952,True,1268.4100341796875,1344.0,1230.0,LOSS,-3.028203273756678,2,1230.0,DEV,50,True,55,UP50_NIKKEION_TESTA55
2019-05-31,8725.T,,5,62.40341912974047,75.0,51.329252160026805,29.681361663813473,18.989386176159726,True,827.1231689453125,867.0,807.0,HOLD,1.5380118607519444,5,839.8444213867188,DEV,50,True,55,UP50_NIKKEION_TESTA55
2019-05-31,9766.T,,6,57.929032388431054,65.0,51.841517333838524,30.393607640704364,17.764875025457115,True,4664.2294921875,4965.0,4514.0,HOLD,0.1953028901184652,5,4673.3388671875,DEV,50,True,55,UP50_NIKKEION_TESTA55
2019-05-31,9005.T,,7,56.15538308087339,85.0,53.75983553051137,28.495404587451002,17.744759882037652,True,1756.6318359375,1858.0,1706.0,HOLD,1.5576503885109498,5,1783.9940185546875,DEV,50,True,55,UP50_NIKKEION_TESTA55
2019-05-31,7832.T,,8,56.11400669802855,85.0,52.93230787361447,29.31742325203895,17.75026887434661,True,1560.746337890625,1681.0,1501.0,LOSS,-3.8280620264900436,3,1501.0,DEV,50,True,55,UP50_NIKKEION_TESTA55
2019-05-31,7011.T,,9,56.109604140127274,85.0,52.84425671558894,29.113415085366157,18.042328199044913,True,406.5148620605469,430.0,395.0,LOSS,-2.832580831652801,5,395.0,DEV,50,True,55,UP50_NIKKEION_TESTA55
2019-05-31,6326.T,,10,54.89978713339772,65.0,52.12617745056314,29.365565978441694,18.508256570995172,True,1410.4456787109375,1500.0,1366.0,HOLD,3.6434609897847317,5,1461.834716796875,DEV,50,True,55,UP50_NIKKEION_TESTA55
2019-10-16,5333.T,,1,66.00037280802009,85.0,50.659630073445285,28.434297133080268,20.906072793474483,True,1279.611572265625,1347.0,1246.0,HOLD,4.6975658087161385,5,1339.72216796875,DEV,50,True,55,UP50_NIKKEION_TESTA55
2019-10-16,8316.T,,2,59.55364859395159,90.0,50.638189270336184,28.98386640047919,20.37794432918465,True,455.3744201660156,475.0,445.0,HOLD,1.994168362350452,5,464.4553527832031,DEV,50,True,55,UP50_NIKKEION_TESTA55
2019-10-16,2871.T,,3,53.5375114061127,65.0,50.96761942660179,28.725569018116826,20.306811555281406,True,1096.8060302734375,1159.0,1066.0,TIMEOUT_LOSS,-1.5624980870970453,5,1079.66845703125,DEV,50,True,55,UP50_NIKKEION_TESTA55
2019-10-16,8306.T,三菱UFJ,4,49.33016924828867,75.0,50.73381974838216,29.49265973500258,19.773520516615275,True,420.6357421875,441.0,410.0,HOLD,2.5258949321037956,5,431.26055908203125,DEV,50,True,55,UP50_NIKKEION_TESTA55
2019-10-16,2002.T,,5,49.27421951734435,70.0,51.13656425993035,28.16335423427443,20.700081505795257,True,1733.58447265625,1827.0,1687.0,HOLD,0.822453984516028,5,1747.8424072265625,DEV,50,True,55,UP50_NIKKEION_TESTA55
2019-12-13,6902.T,,1,79.9474220305637,85.0,51.339744959100095,26.88473019745516,21.775524843444742,True,1062.3533935546875,1111.0,1038.0,LOSS,-2.2924004104886255,4,1038.0,DEV,50,True,55,UP50_NIKKEION_TESTA55
2019-12-13,7751.T,,2,75.76102436613135,100.0,50.003096018279244,28.68153099017649,21.315372991544262,True,2363.890625,2434.0,2329.0,HOLD,0.16231351915869627,5,2367.7275390625,DEV,50,True,55,UP50_NIKKEION_TESTA55
2019-12-13,8802.T,,3,62.209283586272136,65.0,50.49001955152964,27.80799197816039,21.70198847030996,True,1869.0274658203125,1949.0,1829.0,HOLD,0.9252911275388733,5,1886.3214111328125,DEV,50,True,55,UP50_NIKKEION_TESTA55
2019-12-13,8830.T,,4,54.70030874000767,55.0,51.18008784363162,28.161330315791528,20.658581840576836,True,1789.542236328125,1861.0,1754.0,TIMEOUT_LOSS,-1.1722770845426955,5,1768.5638427734375,DEV,50,True,55,UP50_NIKKEION_TESTA55
2019-12-13,9503.T,,5,51.21229275484661,55.0,50.98498553171474,28.011326108294387,21.003688359990857,True,989.6854858398438,1038.0,965.0,HOLD,1.8577173602206893,5,1008.071044921875,DEV,50,True,55,UP50_NIKKEION_TESTA55
2021-01-08,8630.T,,1,77.95780953516322,100.0,50.4605385293513,27.95931592604394,21.580145544604772,True,1132.0400390625,1193.0,1101.0,TIMEOUT_LOSS,-0.30681481941565325,5,1128.5667724609375,DEV,50,True,55,UP50_NIKKEION_TESTA55
2021-01-08,6479.T,,2,73.19149749507702,70.0,51.221254249366474,27.975961407023814,20.8027843436097,True,1978.4683837890625,2125.0,1905.0,TIMEOUT_LOSS,-2.202853683636202,5,1934.8856201171875,DEV,50,True,55,UP50_NIKKEION_TESTA55
2021-01-08,9735.T,,3,73.1652231620605,70.0,50.695767589036066,28.06803561904885,21.236196791915063,True,4299.490234375,4539.0,4180.0,TIMEOUT_LOSS,-0.248723617761735,5,4288.79638671875,DEV,50,True,55,UP50_NIKKEION_TESTA55
2021-01-08,2282.T,,4,69.07305927734993,85.0,51.24379424265088,27.305470310900116,21.450735446449002,True,1336.1334228515625,1409.0,1300.0,LOSS,-2.704327444668431,5,1300.0,DEV,50,True,55,UP50_NIKKEION_TESTA55
2021-01-08,1332.T,,5,64.51561432575595,70.0,51.61663434120579,27.561307978456657,20.822057680337544,True,370.64129638671875,390.0,361.0,TIMEOUT_LOSS,-0.9174261315646857,5,367.2409362792969,DEV,50,True,55,UP50_NIKKEION_TESTA55
2021-01-08,6701.T,,6,62.20782193432847,65.0,50.46078651265628,27.87929111372243,21.659922373621292,True,1050.2379150390625,1114.0,1018.0,HOLD,0.1754159824044705,5,1052.0802001953125,DEV,50,True,55,UP50_NIKKEION_TESTA55
2021-01-08,6471.T,,7,61.48729351264076,75.0,50.398044165858636,28.578519009119656,21.02343682502171,True,743.6954345703125,804.0,714.0,HOLD,0.10821762954313383,5,744.500244140625,DEV,50,True,55,UP50_NIKKEION_TESTA55
2021-01-08,9502.T,,8,59.31854492836027,70.0,52.023072480248864,27.13027321430087,20.84665430545025,True,1067.59326171875,1119.0,1042.0,HOLD,1.1157909854004084,5,1079.50537109375,DEV,50,True,55,UP50_NIKKEION_TESTA55
2021-01-08,9602.T,,9,53.52958632047289,65.0,50.80911771380546,27.266881892794974,21.924000393399556,True,813.47021484375,863.0,789.0,LOSS,-3.0081267140739993,2,789.0,DEV,50,True,55,UP50_NIKKEION_TESTA55
2021-01-08,7912.T,,10,51.32619276757812,55.0,53.26298578634495,27.435353180462833,19.30166103319219,True,869.8496704101562,926.0,842.0,LOSS,-3.201664765478893,1,842.0,DEV,50,True,55,UP50_NIKKEION_TESTA55
2021-02-08,8316.T,,1,86.6785606705024,100.0,50.962517757874416,27.58434517107836,21.453137071047212,True,461.5956115722656,489.0,448.0,WIN,5.9368823577829986,4,489.0,DEV,50,True,55,UP50_NIKKEION_TESTA55
2021-02-08,8053.T,,2,86.66960088868237,100.0,50.783322121473375,28.123537323913183,21.09314055461344,True,289.6702880859375,308.0,281.0,HOLD,4.330316450335212,5,302.21392822265625,DEV,50,True,55,UP50_NIKKEION_TESTA55
2021-02-08,1721.T,,3,86.66486905860837,100.0,50.68868551999351,27.960302180264897,21.351012299741583,True,2813.673095703125,2995.0,2723.0,LOSS,-3.2225881479122642,5,2723.0,DEV,50,True,55,UP50_NIKKEION_TESTA55
2021-02-08,8331.T,,4,86.63168907119703,100.0,50.02508577176658,27.964037163651252,22.010877064582175,True,540.8916015625,577.0,523.0,WIN,6.67571807977641,5,577.0,DEV,50,True,55,UP50_NIKKEION_TESTA55
2021-02-08,2501.T,,5,79.17088127550281,90.0,51.67849507527361,27.43953525645638,20.88196966827001,True,409.2459716796875,431.0,399.0,HOLD,2.379850161504267,5,418.98541259765625,DEV,50,True,55,UP50_NIKKEION_TESTA55
2021-02-08,2502.T,,6,79.1356410747135,90.0,50.97369105948742,27.026080849545597,22.00022809096696,True,1281.2196044921875,1367.0,1238.0,HOLD,5.947292385270954,5,1357.41748046875,DEV,50,True,55,UP50_NIKKEION_TESTA55
2021-02-08,8267.T,,7,78.0572989763375,100.0,52.45032735283702,26.847088609042665,20.7025840381203,True,1074.799072265625,1131.0,1047.0,WIN,5.228970622007156,4,1131.0,DEV,50,True,55,UP50_NIKKEION_TESTA55
2021-02-08,4704.T,,8,77.99862884951816,100.0,51.276924816449984,27.224834005760023,21.49824117778996,True,4925.25244140625,5259.0,4758.0,HOLD,1.663897898634439,5,5007.20361328125,DEV,50,True,55,UP50_NIKKEION_TESTA55
2021-02-08,8630.T,,9,77.98637083402653,100.0,51.031764506617286,27.96319862862032,21.00503686476241,True,1166.7735595703125,1229.0,1136.0,TIMEOUT_LOSS,-1.465567450973294,5,1149.6737060546875,DEV,50,True,55,UP50_NIKKEION_TESTA55
2021-02-08,4578.T,,10,77.98630109321283,100.0,51.03036969034363,27.199344586730284,21.770285722926072,True,4261.3779296875,4483.0,4151.0,LOSS,-2.5901933953929865,3,4151.0,DEV,50,True,55,UP50_NIKKEION_TESTA55
2021-02-26,7004.T,,1,66.87697589323062,85.0,50.80038742982998,28.591335046760996,20.608277523409,True,601.1643676757812,672.0,566.0,WIN,11.783072339780071,3,672.0,DEV,50,True,55,UP50_NIKKEION_TESTA55
2021-03-01,3402.T,,1,49.173693281996265,65.0,50.64777868340351,30.365401026895228,18.98682028970127,True,622.3734741210938,671.0,598.0,TIMEOUT_LOSS,-1.1321797942466618,5,615.3270874023438,DEV,50,True,55,UP50_NIKKEION_TESTA55
2021-03-02,6302.T,,1,58.224898518700236,85.0,51.67188341748297,29.18540642930762,19.142710153209418,True,2450.734619140625,2680.0,2336.0,TIMEOUT_LOSS,-0.7308973144512134,5,2432.822265625,DEV,50,True,55,UP50_NIKKEION_TESTA55
2021-03-02,4183.T,,2,58.18236160039458,85.0,50.82114505136987,28.26775918555992,20.9110957630702,True,1364.8817138671875,1484.0,1305.0,HOLD,6.627409387135143,5,1455.3380126953125,DEV,50,True,55,UP50_NIKKEION_TESTA55
2021-03-02,7011.T,,3,43.85873726257766,60.0,50.218223512422725,27.713579118676723,22.068197368900556,True,278.869140625,301.0,268.0,HOLD,7.254707384035691,5,299.10028076171875,DEV,50,True,55,UP50_NIKKEION_TESTA55
2021-03-03,7011.T,,1,70.2030310867498,75.0,50.79975216977882,25.855716319850792,23.344531510370377,True,291.8812561035156,315.0,280.0,HOLD,1.0381766066016929,5,294.9114990234375,DEV,50,True,55,UP50_NIKKEION_TESTA55
2021-03-03,7186.T,,2,64.53514691573227,75.0,50.48554701029766,29.4175863389569,20.09686665074543,True,347.6304626464844,376.0,333.0,WIN,8.160831803271924,4,376.0,DEV,50,True,55,UP50_NIKKEION_TESTA55
2021-03-03,1803.T,,3,63.77861957898373,80.0,51.2245654927181,28.900397118745154,19.87503738853674,True,715.743896484375,768.0,689.0,HOLD,4.491714156388455,5,747.89306640625,DEV,50,True,55,UP50_NIKKEION_TESTA55
2021-03-03,8591.T,,4,58.214564518799456,85.0,51.46520341946742,29.255309836891215,19.279486743641367,True,1452.7554931640625,1569.0,1395.0,HOLD,2.0706542229782388,5,1482.8370361328125,DEV,50,True,55,UP50_NIKKEION_TESTA55
2021-03-03,6302.T,,5,58.21112041532453,85.0,51.39632134996882,28.193371439774523,20.41030721025665,True,2519.94140625,2751.0,2405.0,LOSS,-4.5612729710667255,2,2405.0,DEV,50,True,55,UP50_NIKKEION_TESTA55
2021-03-03,8015.T,,6,58.18505217843413,85.0,50.87495661216077,30.479798768593902,18.645244619245343,True,1283.881591796875,1400.0,1226.0,HOLD,0.8638982547089353,5,1294.9730224609375,DEV,50,True,55,UP50_NIKKEION_TESTA55
2021-03-03,543A.T,,7,58.17363861145022,85.0,50.64668527248271,29.106370454919915,20.246944272597382,True,1012.5596923828125,1125.0,956.0,TIMEOUT_LOSS,-0.7684973240751022,5,1004.7781982421875,DEV,50,True,55,UP50_NIKKEION_TESTA55
2021-03-03,6902.T,,8,58.16455649467092,85.0,50.46504293689667,29.41359157844043,20.121365484662885,True,1447.410400390625,1565.0,1389.0,HOLD,4.040697345896404,5,1505.8958740234375,DEV,50,True,55,UP50_NIKKEION_TESTA55
2021-03-03,5214.T,,9,58.1629031074877,85.0,50.431975193232326,29.368782241468967,20.199242565298682,True,2020.201416015625,2166.0,1947.0,TIMEOUT_LOSS,-0.3605790873313921,5,2012.9169921875,DEV,50,True,55,UP50_NIKKEION_TESTA55
2021-03-03,9009.T,,10,53.694158402090515,75.0,51.05708108528858,27.65954139172261,21.283377522988815,True,1206.8773193359375,1307.0,1157.0,HOLD,3.911350345144137,5,1254.08251953125,DEV,50,True,55,UP50_NIKKEION_TESTA55
2021-04-01,7532.T,,1,55.82187855863012,75.0,50.13322334651542,29.454565965874917,20.41221068760967,True,499.1876525878906,542.0,478.0,TIMEOUT_LOSS,-1.4885329136736498,5,491.757080078125,DEV,50,True,55,UP50_NIKKEION_TESTA55
2022-12-21,3086.T,,1,52.66339384574037,65.0,50.87657256698144,31.403845682291458,17.719581750727144,True,1034.563720703125,1111.0,996.0,WIN,7.388262101915412,3,1111.0,DEV,50,True,55,UP50_NIKKEION_TESTA55
2022-12-21,8015.T,,2,51.43083858718586,55.0,55.355902178499846,27.92253984692571,16.721557974574452,True,1459.350830078125,1565.0,1406.0,TIMEOUT_LOSS,-0.9118609934151413,5,1446.0435791015625,DEV,50,True,55,UP50_NIKKEION_TESTA55
2022-12-21,2914.T,,3,51.17191527894296,55.0,50.177436013641874,32.66966366687578,17.152900319482377,True,2259.087646484375,2332.0,2223.0,TIMEOUT_LOSS,-0.3124857144370129,5,2252.0283203125,DEV,50,True,55,UP50_NIKKEION_TESTA55
2022-12-21,3092.T,,4,47.064341253163875,65.0,51.938998976320946,31.528526902020186,16.53247412165889,True,945.614013671875,1020.0,908.0,HOLD,2.507832599880978,5,969.3284301757812,DEV,50,True,55,UP50_NIKKEION_TESTA55
2022-12-21,4043.T,,5,42.5785110582346,55.0,52.22239507773535,29.829087400379606,17.948517521885062,True,1579.33740234375,1660.0,1539.0,HOLD,0.167051426765885,5,1581.9757080078125,DEV,50,True,55,UP50_NIKKEION_TESTA55
2022-12-21,8001.T,,6,42.53613726423201,55.0,51.37491919768359,30.166895495305518,18.45818530701091,True,758.406005859375,798.0,739.0,TIMEOUT_LOSS,-0.7375666802191969,5,752.812255859375,DEV,50,True,55,UP50_NIKKEION_TESTA55
2022-12-21,8031.T,三井物産,7,42.502935325929144,55.0,50.710880431626315,32.687282565912824,16.601837002460883,True,1738.1497802734375,1843.0,1686.0,TIMEOUT_LOSS,-0.9470168495187453,5,1721.689208984375,DEV,50,True,55,UP50_NIKKEION_TESTA55
2022-12-21,2802.T,,8,42.49509583355284,55.0,50.55409058410012,29.957385247804357,19.488524168095555,True,2024.55029296875,2137.0,1969.0,LOSS,-2.743833687988676,4,1969.0,DEV,50,True,55,UP50_NIKKEION_TESTA55
2022-12-21,1802.T,,9,42.483059242856434,55.0,50.313358770172144,32.446078748630576,17.2405624811973,True,861.604248046875,905.0,840.0,HOLD,0.4990109463207798,5,865.9037475585938,DEV,50,True,55,UP50_NIKKEION_TESTA55
2022-12-27,3099.T,,1,82.37088347790652,100.0,51.76549564508672,29.029021532398836,19.205482822514387,True,674.3696899414062,731.0,646.0,LOSS,-4.206845349747436,3,646.0,DEV,50,True,55,UP50_NIKKEION_TESTA55
2022-12-27,7453.T,,2,74.83214837285773,90.0,51.86035876150249,27.97561723820773,20.164024000289732,True,745.5569458007812,801.0,718.0,HOLD,0.06321629477360388,5,746.0282592773438,DEV,50,True,55,UP50_NIKKEION_TESTA55
2022-12-27,8267.T,,3,73.76290354990253,100.0,53.51894056326799,26.629714641588098,19.851344795143845,True,918.2265014648438,957.0,899.0,LOSS,-2.093873508788058,2,899.0,DEV,50,True,55,UP50_NIKKEION_TESTA55
2022-12-27,8233.T,,4,71.25031751857497,80.0,52.83243732802123,28.102473521172204,19.065089150806493,True,849.6592407226562,919.0,815.0,TIMEOUT_LOSS,-1.3661267151202405,5,838.0518188476562,DEV,50,True,55,UP50_NIKKEION_TESTA55
2022-12-27,8304.T,,5,69.11992857493576,90.0,50.65944106393259,29.283256535200884,20.057302400866497,True,2334.877685546875,2430.0,2288.0,LOSS,-2.0077148296483593,2,2288.0,DEV,50,True,55,UP50_NIKKEION_TESTA55
2022-12-27,3086.T,,6,68.21442522053451,80.0,52.98415658460311,26.896355572191045,20.11948784320579,True,1121.6087646484375,1205.0,1080.0,LOSS,-3.7097396133026437,1,1080.0,DEV,50,True,55,UP50_NIKKEION_TESTA55
2022-12-27,9201.T,,7,64.8483248638085,85.0,53.705627710952754,24.501122668775473,21.793249620271723,True,2432.251220703125,2564.0,2366.0,LOSS,-2.723864218432701,4,2366.0,DEV,50,True,55,UP50_NIKKEION_TESTA55
2022-12-27,2914.T,,8,58.30826323536948,90.0,51.8174386204331,29.17548057969433,19.007080799872522,True,2301.109375,2369.0,2267.0,LOSS,-1.4823013356329489,2,2267.0,DEV,50,True,55,UP50_NIKKEION_TESTA55
2022-12-27,1332.T,,9,58.02035000644034,70.0,52.14613056358927,27.80677996031754,20.047089476093163,True,490.6078796386719,510.0,481.0,LOSS,-1.9583622761517792,4,481.0,DEV,50,True,55,UP50_NIKKEION_TESTA55
2022-12-27,9021.T,,10,56.169332402069855,85.0,54.03882195444053,25.574412665058695,20.38676538050074,True,2576.462890625,2726.0,2502.0,LOSS,-2.890120827897379,5,2502.0,DEV,50,True,55,UP50_NIKKEION_TESTA55
2022-12-28,5401.T,,1,73.66627688561661,100.0,51.586407277549704,27.92041157245474,20.493181149995493,True,357.5216369628906,377.0,348.0,LOSS,-2.663233767828976,3,348.0,DEV,50,True,55,UP50_NIKKEION_TESTA55
2022-12-28,8304.T,,2,71.45654785325047,95.0,52.391826630226966,26.640597731041616,20.96757563873137,True,2323.53515625,2419.0,2276.0,LOSS,-2.0458117933846087,2,2276.0,DEV,50,True,55,UP50_NIKKEION_TESTA55
2022-12-28,2914.T,,3,69.22734405456788,95.0,51.28601152614032,28.167738610768904,20.546249863090715,True,2297.47265625,2365.0,2264.0,LOSS,-1.4569338250421233,1,2264.0,DEV,50,True,55,UP50_NIKKEION_TESTA55
2022-12-28,5406.T,,4,69.19400839222706,90.0,52.14103740975864,27.62713059931048,20.23183199093085,True,540.18017578125,566.0,527.0,LOSS,-2.439959178840249,2,527.0,DEV,50,True,55,UP50_NIKKEION_TESTA55
2022-12-28,3099.T,,5,69.14910444101784,90.0,51.24295838557433,29.37578516946201,19.38125644496359,True,677.1017456054688,734.0,649.0,LOSS,-4.1502987974635905,1,649.0,DEV,50,True,55,UP50_NIKKEION_TESTA55
2022-12-28,8316.T,,6,69.1108655415504,90.0,50.478180396225206,30.896651142292058,18.625168461482687,True,766.4431762695312,816.0,741.0,TIMEOUT_LOSS,-1.1023933686936116,5,757.9939575195312,DEV,50,True,55,UP50_NIKKEION_TESTA55
2022-12-28,3086.T,,7,68.9258272309475,75.0,51.342631575472,27.5868056342686,21.070562790259366,True,1114.35498046875,1201.0,1071.0,LOSS,-3.890589733848801,2,1071.0,DEV,50,True,55,UP50_NIKKEION_TESTA55
2022-12-28,8233.T,,8,66.7451944662339,70.0,52.72997628119981,28.37083622645852,18.89918749234159,True,859.8736572265625,929.0,825.0,LOSS,-4.0556722413202,2,825.0,DEV,50,True,55,UP50_NIKKEION_TESTA55
2022-12-28,3382.T,,9,62.477547231323115,80.0,51.290075061244934,27.70003279982364,21.00989213893141,True,1755.591796875,1838.0,1714.0,LOSS,-2.369104079264582,3,1714.0,DEV,50,True,55,UP50_NIKKEION_TESTA55
2022-12-28,7532.T,,10,57.928872317067594,65.0,51.838315906569264,29.061183756542246,19.100500336888413,True,487.9347839355469,529.0,468.0,LOSS,-4.085542697890572,1,468.0,DEV,50,True,55,UP50_NIKKEION_TESTA55
2022-12-29,8725.T,,1,80.29732754666867,95.0,55.29437702032982,29.91601422813946,14.789608751530661,True,1185.1563720703125,1255.0,1150.0,TIMEOUT_LOSS,-1.5490687264060723,5,1166.7974853515625,DEV,50,True,55,UP50_NIKKEION_TESTA55
2022-12-29,3659.T,,2,71.49958176533386,100.0,51.73076574145977,31.58923016224811,16.680004096292063,True,2513.8583984375,2698.0,2422.0,TIMEOUT_LOSS,-0.6611397522561457,5,2497.23828125,DEV,50,True,55,UP50_NIKKEION_TESTA55
2022-12-29,8306.T,三菱UFJ,3,71.38044550169312,95.0,50.86977959907991,34.12257793939973,15.007642461520303,True,774.2227172851562,831.0,746.0,HOLD,1.3386346642238605,5,784.5867309570312,DEV,50,True,55,UP50_NIKKEION_TESTA55
2022-12-29,8309.T,,4,67.02447896385337,85.0,53.75044884228463,30.647801402938818,15.601749754776502,True,490.4980773925781,521.0,475.0,TIMEOUT_LOSS,-0.4152957811973776,5,488.4610595703125,DEV,50,True,55,UP50_NIKKEION_TESTA55
2022-12-29,8304.T,,5,67.01124243632849,85.0,53.48571829178712,31.542134734304767,14.972146973908043,True,2277.5068359375,2379.0,2227.0,HOLD,0.42751012255983384,5,2287.243408203125,DEV,50,True,55,UP50_NIKKEION_TESTA55
2022-12-29,3099.T,,6,66.9951200079009,85.0,53.16326972323532,32.44068001296604,14.396050263798637,True,647.504150390625,707.0,618.0,TIMEOUT_LOSS,-3.2348613987678796,5,626.5582885742188,DEV,50,True,55,UP50_NIKKEION_TESTA55
2022-12-29,5401.T,,7,66.91722101877866,85.0,51.60528994079072,31.884270765542333,16.51043929366689,True,353.89703369140625,373.0,344.0,LOSS,-2.796585658877361,3,344.0,DEV,50,True,55,UP50_NIKKEION_TESTA55
2022-12-29,8354.T,,8,66.86607755453268,85.0,50.58242065587104,34.27629612553861,15.1412832185903,True,2619.1865234375,2849.0,2504.0,LOSS,-4.397797652315563,5,2504.0,DEV,50,True,55,UP50_NIKKEION_TESTA55
2022-12-29,5406.T,,9,63.982979435238995,85.0,53.79002348738854,30.175288176660263,16.034688335951174,True,531.8825073242188,559.0,518.0,HOLD,1.40406131807913,5,539.3504638671875,DEV,50,True,55,UP50_NIKKEION_TESTA55
2022-12-29,8604.T,,10,55.858506902475774,60.0,55.43100761473286,29.654479472251616,14.914512913015516,True,416.8106384277344,433.0,409.0,TIMEOUT_LOSS,-0.28640250354900565,5,415.61688232421875,DEV,50,True,55,UP50_NIKKEION_TESTA55
2024-03-11,9432.T,,1,62.31084513495702,70.0,50.99951139479266,31.772843532347682,17.227645072859676,True,165.33480834960938,173.0,162.0,TIMEOUT_LOSS,-0.8223798662566765,5,163.97512817382812,VALIDATION,50,True,55,UP50_NIKKEION_TESTA55
2024-04-18,7011.T,,1,51.47446599656932,75.0,50.141493844429796,34.256522256011415,15.601983899558775,True,1357.47998046875,1516.0,1278.0,TIMEOUT_LOSS,-4.046247660621721,5,1302.552978515625,VALIDATION,50,True,55,UP50_NIKKEION_TESTA55
2024-04-19,1605.T,,1,64.6810965736226,85.0,50.36106190723439,36.312945637736746,13.325992455028846,True,2184.22216796875,2408.0,2072.0,TIMEOUT_LOSS,-1.4944156277028502,5,2151.580810546875,VALIDATION,50,True,55,UP50_NIKKEION_TESTA55
2024-04-19,6098.T,,2,62.45456541832792,55.0,58.43913445351488,31.550096959299733,10.010768587185384,True,6068.63232421875,6639.0,5784.0,HOLD,8.672896029217867,5,6594.95849609375,VALIDATION,50,True,55,UP50_NIKKEION_TESTA55
2024-04-19,7752.T,,3,56.00719676123394,85.0,50.79610913772221,34.24232314972737,14.961567712550375,True,1267.7342529296875,1356.0,1224.0,TIMEOUT_LOSS,-1.1812393292467156,5,1252.75927734375,VALIDATION,50,True,55,UP50_NIKKEION_TESTA55
2024-04-19,7202.T,,4,53.658406748593464,55.0,56.42900453708668,32.98365149125108,10.58734397166221,True,1727.7291259765625,1842.0,1671.0,HOLD,0.9841978239109787,5,1744.7333984375,VALIDATION,50,True,55,UP50_NIKKEION_TESTA55
2024-04-19,5631.T,,5,51.595191136897,75.0,52.5559966509834,33.800027847986925,13.643975501029654,True,3611.031494140625,3923.0,3455.0,HOLD,0.9919622251286866,5,3646.8515625,VALIDATION,50,True,55,UP50_NIKKEION_TESTA55
2024-04-19,8053.T,,6,51.58232969937823,75.0,52.29876790060802,33.2463810972382,14.454851002153738,True,860.1566162109375,919.0,831.0,WIN,6.841008100161175,4,919.0,VALIDATION,50,True,55,UP50_NIKKEION_TESTA55
2024-04-19,5713.T,,7,51.582077063989786,75.0,52.29371519283909,34.848784785062435,12.857500022098467,True,4783.14892578125,5200.0,4575.0,HOLD,2.8281659786059232,5,4918.42431640625,VALIDATION,50,True,55,UP50_NIKKEION_TESTA55
2024-04-19,8802.T,,8,51.56110367289243,75.0,51.874247370892014,36.67713967966294,11.44861294944505,True,2698.864501953125,2988.0,2554.0,HOLD,0.3395344305769507,5,2708.028076171875,VALIDATION,50,True,55,UP50_NIKKEION_TESTA55
2024-04-19,7011.T,,9,51.54658546378247,75.0,51.583883188692866,35.236011215448535,13.180105595858596,True,1332.958740234375,1493.0,1253.0,TIMEOUT_LOSS,-0.9933699024451267,5,1319.717529296875,VALIDATION,50,True,55,UP50_NIKKEION_TESTA55
2024-04-19,5802.T,,10,51.53810202368416,75.0,51.4142143867266,34.42049998736966,14.165285625903703,True,556.1520385742188,598.0,535.0,TIMEOUT_LOSS,-0.6290609246383476,5,552.6535034179688,VALIDATION,50,True,55,UP50_NIKKEION_TESTA55
2024-04-22,2502.T,,1,46.97059700354404,65.0,50.06411398392435,34.9903925646119,14.945493451463754,True,1694.5330810546875,1797.0,1643.0,TIMEOUT_LOSS,-1.2424635029857836,5,1673.4791259765625,VALIDATION,50,True,55,UP50_NIKKEION_TESTA55
2024-04-22,6305.T,,2,42.5958626344167,55.0,52.56942660137738,32.33403424813916,15.09653915048346,True,4111.08203125,4433.0,3950.0,LOSS,-3.918239286532115,4,3950.0,VALIDATION,50,True,55,UP50_NIKKEION_TESTA55
2024-04-22,8001.T,,3,42.523287072404685,55.0,51.11791536113706,35.40647594605038,13.475608692812555,True,1240.2322998046875,1331.0,1195.0,WIN,7.3186047653819895,5,1331.0,VALIDATION,50,True,55,UP50_NIKKEION_TESTA55
2024-04-22,8252.T,,4,42.501998005664376,55.0,50.692134026331026,34.48201835725704,14.825847616411963,True,2165.060791015625,2288.0,2103.0,HOLD,0.4985403281360844,5,2175.8544921875,VALIDATION,50,True,55,UP50_NIKKEION_TESTA55
2024-07-26,4502.T,,1,56.05324883697834,85.0,51.71715065261034,33.79688956815208,14.4859597792376,True,3831.575927734375,3975.0,3760.0,LOSS,-1.8680545311990753,5,3760.0,VALIDATION,50,True,55,UP50_NIKKEION_TESTA55
2024-07-26,7731.T,,2,55.78299820805584,65.0,52.3990945958993,31.44836990439645,16.15253549970425,True,1571.0390625,1672.0,1520.0,LOSS,-3.248745605267215,5,1520.0,VALIDATION,50,True,55,UP50_NIKKEION_TESTA55
2024-07-26,6841.T,,3,53.929354043120625,55.0,61.84795042763,29.254178226708476,8.897871345661475,True,3567.303466796875,3819.0,3442.0,LOSS,-3.51255417328951,5,3442.0,VALIDATION,50,True,55,UP50_NIKKEION_TESTA55
2024-07-26,3402.T,,4,51.497496489778776,75.0,50.60210370861897,36.493799773622534,12.9040965177585,True,730.1334838867188,772.0,709.0,LOSS,-2.894468525702848,5,709.0,VALIDATION,50,True,55,UP50_NIKKEION_TESTA55
2024-07-26,3861.T,,5,51.42291895294717,55.0,55.197509493726095,31.184893323728343,13.617597182545607,True,572.7911376953125,603.0,557.0,LOSS,-2.75687535230553,5,557.0,VALIDATION,50,True,55,UP50_NIKKEION_TESTA55
2024-07-26,3436.T,,6,48.46227286828178,55.0,56.85415301780951,32.16025559311843,10.985591389072082,True,2286.02880859375,2538.0,2160.0,LOSS,-5.513001766205939,5,2160.0,VALIDATION,50,True,55,UP50_NIKKEION_TESTA55
2024-07-26,6988.T,,7,48.36598258976396,55.0,54.928347447453106,32.93361486208859,12.138037690458315,True,2444.229736328125,2601.0,2366.0,WIN,6.413892333516288,1,2601.0,VALIDATION,50,True,55,UP50_NIKKEION_TESTA55
2024-07-26,2282.T,,8,48.31348844128566,55.0,53.878464477887015,31.051834952756614,15.06970056935642,True,1547.8548583984375,1630.0,1507.0,LOSS,-2.6394502156817174,4,1507.0,VALIDATION,50,True,55,UP50_NIKKEION_TESTA55
2024-07-26,8750.T,,9,47.31302105888574,65.0,56.91259509075818,31.702527680516823,11.38487722872501,True,991.7317504882812,1076.0,950.0,LOSS,-4.207967574672741,5,950.0,VALIDATION,50,True,55,UP50_NIKKEION_TESTA55
2024-07-26,8316.T,,10,47.29905706205323,65.0,56.63331515410799,31.1468263568359,12.2198584890561,True,1598.2384033203125,1711.0,1542.0,LOSS,-3.5187743707996377,5,1542.0,VALIDATION,50,True,55,UP50_NIKKEION_TESTA55
2024-08-02,8308.T,,1,59.03874184906674,55.0,50.99222828568259,38.49427891091153,10.513492803405878,True,983.9251098632812,1096.0,928.0,LOSS,-5.683878712176801,1,928.0,VALIDATION,50,True,55,UP50_NIKKEION_TESTA55
2024-08-02,9766.T,,2,55.90335579265583,65.0,54.80624628789917,35.62767765723519,9.56607605486564,True,11125.8408203125,12092.0,10643.0,LOSS,-4.339814204702401,1,10643.0,VALIDATION,50,True,55,UP50_NIKKEION_TESTA55
2024-08-02,3092.T,,3,55.78874663786898,65.0,52.51406319216213,38.372176212965975,9.113760594871884,True,1292.2855224609375,1388.0,1244.0,LOSS,-3.7364438138242044,1,1244.0,VALIDATION,50,True,55,UP50_NIKKEION_TESTA55
2024-08-02,2802.T,,4,55.69875505246911,65.0,50.714231484164706,37.54334267954383,11.742425836291446,True,2889.31591796875,3102.0,2783.0,LOSS,-3.6796224776795032,1,2783.0,VALIDATION,50,True,55,UP50_NIKKEION_TESTA55
2024-08-02,8252.T,,5,51.34014209242075,55.0,53.54197228319764,35.20413783388337,11.253889882918958,True,2041.8311767578125,2159.0,1983.0,LOSS,-2.881294860588302,1,1983.0,VALIDATION,50,True,55,UP50_NIKKEION_TESTA55
2024-08-02,4188.T,,6,51.324313518692804,55.0,53.22540080863857,37.240835716817486,9.533763474543978,True,789.5475463867188,861.0,754.0,LOSS,-4.502267982390466,1,754.0,VALIDATION,50,True,55,UP50_NIKKEION_TESTA55
2024-08-05,2802.T,,1,62.286652609165955,55.0,55.080878270275704,38.639191244546915,6.279930485177372,True,2742.714599609375,3002.0,2613.0,LOSS,-4.72942389367998,1,2613.0,VALIDATION,50,True,55,UP50_NIKKEION_TESTA55
2024-08-05,3092.T,,2,51.47442132424628,55.0,56.227556919708256,37.8691677793055,5.903275300986258,True,1234.6025390625,1340.0,1182.0,WIN,8.536954817664148,2,1340.0,VALIDATION,50,True,55,UP50_NIKKEION_TESTA55
2026-01-20,2269.T,,1,84.47765326064271,100.0,50.42263043024576,25.15765555075134,24.4197140190029,True,3623.312744140625,3793.0,3538.0,LOSS,-2.354550936255419,1,3538.0,VALIDATION,50,True,55,UP50_NIKKEION_TESTA55
2026-01-20,4043.T,,2,82.29019369955006,95.0,51.673439208392416,24.68232207081759,23.644238720789996,True,4189.13330078125,4424.0,4072.0,HOLD,4.399170332933341,5,4373.42041015625,VALIDATION,50,True,55,UP50_NIKKEION_TESTA55
2026-01-20,5411.T,,3,77.72938380406609,85.0,50.45724129871303,25.28009660999787,24.26266209128909,True,2082.379150390625,2189.0,2029.0,LOSS,-2.5633732637311426,1,2029.0,VALIDATION,50,True,55,UP50_NIKKEION_TESTA55
2026-01-20,9202.T,,4,75.8062548701477,100.0,50.907706098606134,25.334638279897803,23.757655621496067,True,2998.502685546875,3120.0,2938.0,LOSS,-2.017763260260024,1,2938.0,VALIDATION,50,True,55,UP50_NIKKEION_TESTA55
2026-01-20,2282.T,,5,71.31069983770317,90.0,50.996605449715695,24.300715544778203,24.7026790055061,True,2351.8681640625,2480.0,2288.0,LOSS,-2.7156353846032473,2,2288.0,VALIDATION,50,True,55,UP50_NIKKEION_TESTA55
2026-01-20,5332.T,,6,71.27550422086189,90.0,50.29269311288993,25.01416551233956,24.693141374770505,True,4738.37060546875,5026.0,4595.0,LOSS,-3.0257364272705907,1,4595.0,VALIDATION,50,True,55,UP50_NIKKEION_TESTA55
2026-01-20,1802.T,,7,69.13872469963124,85.0,52.55710268827701,24.050082845775208,23.392814465947765,True,3520.3984375,3730.0,3416.0,TIMEOUT_LOSS,-1.2987088641866267,5,3474.6787109375,VALIDATION,50,True,55,UP50_NIKKEION_TESTA55
2026-01-20,9532.T,,8,69.12852457552947,85.0,52.353100206241635,24.596418256601424,23.05048153715694,True,5461.76904296875,5731.0,5327.0,HOLD,2.816157375177939,5,5615.5810546875,VALIDATION,50,True,55,UP50_NIKKEION_TESTA55
2026-01-20,8354.T,,9,69.11374708992655,85.0,52.057550494183204,23.87640541667495,24.06604408914185,True,5408.185546875,5701.0,5262.0,LOSS,-2.7030423717520207,1,5262.0,VALIDATION,50,True,55,UP50_NIKKEION_TESTA55
2026-01-20,4042.T,,10,69.08658539608987,85.0,51.51431661744964,24.78630058569175,23.699382796858607,True,2433.625244140625,2556.0,2372.0,HOLD,0.09867448545258592,5,2436.026611328125,VALIDATION,50,True,55,UP50_NIKKEION_TESTA55
2026-01-26,1332.T,,1,84.67231603335435,100.0,54.31588588447841,23.620752780682707,22.063361334838934,True,1214.62939453125,1286.0,1179.0,WIN,5.875916208687948,5,1286.0,VALIDATION,50,True,55,UP50_NIKKEION_TESTA55
2026-01-26,2871.T,,2,82.27638918578538,95.0,51.39734893309891,26.197342242824167,22.40530882407694,True,1863.5736083984375,1979.0,1806.0,HOLD,0.36687770753999227,5,1870.41064453125,VALIDATION,50,True,55,UP50_NIKKEION_TESTA55
2026-01-26,4578.T,,3,77.73300318657229,85.0,50.52962894883729,26.333876545384864,23.136494505777847,True,9374.162109375,10055.0,9034.0,LOSS,-3.6287201501967568,1,9034.0,VALIDATION,50,True,55,UP50_NIKKEION_TESTA55
2026-01-26,9531.T,,4,73.77124051324128,95.0,55.207418960477874,23.821963255945874,20.970617783576298,True,6588.18603515625,6988.0,6388.0,HOLD,4.668164524196773,5,6895.7333984375,VALIDATION,50,True,55,UP50_NIKKEION_TESTA55
2026-01-26,7731.T,,5,71.11465537684647,75.0,51.640933623886035,26.646789010799143,21.71227736531484,True,1891.7274169921875,2044.0,1815.0,HOLD,0.8087678213975309,5,1907.027099609375,VALIDATION,50,True,55,UP50_NIKKEION_TESTA55
2026-01-26,9532.T,,6,69.34721017764426,85.0,56.726812248537186,23.282514004194326,19.990673747268524,True,5632.2353515625,5900.0,5498.0,HOLD,2.104714612748983,5,5750.77783203125,VALIDATION,50,True,55,UP50_NIKKEION_TESTA55
2026-01-26,4043.T,,7,69.28178958797619,85.0,55.418400455176034,23.029393313154316,21.552206231669686,True,4340.4423828125,4607.0,4207.0,LOSS,-3.0743959035353585,4,4207.0,VALIDATION,50,True,55,UP50_NIKKEION_TESTA55
2026-01-26,4151.T,,8,69.27216297848747,85.0,55.225868265401616,24.04946113638813,20.724670598210288,True,2575.634765625,2707.0,2510.0,LOSS,-2.548294754402927,2,2510.0,VALIDATION,50,True,55,UP50_NIKKEION_TESTA55
2026-01-26,2269.T,,9,69.25604465941447,85.0,54.90350188394173,24.79491761317777,20.301580502880554,True,3599.936767578125,3782.0,3509.0,LOSS,-2.526065690851097,3,3509.0,VALIDATION,50,True,55,UP50_NIKKEION_TESTA55
2026-01-26,4183.T,,10,69.23474918886664,85.0,54.47759247298514,23.99929297762026,21.52311454939465,True,2152.869140625,2287.0,2086.0,TIMEOUT_LOSS,-0.04474860492311768,5,2151.90576171875,VALIDATION,50,True,55,UP50_NIKKEION_TESTA55
2026-01-27,4043.T,,1,71.18816426945189,85.0,50.06763321512471,23.67682573995364,26.25554104492168,True,4373.42041015625,4645.0,4238.0,LOSS,-3.096441628199467,2,4238.0,VALIDATION,50,True,55,UP50_NIKKEION_TESTA55
2026-01-28,1605.T,,1,77.95025034079603,100.0,50.30935464200733,25.929465032049464,23.761180325943215,True,3298.93310546875,3516.0,3190.0,WIN,6.579911977342344,5,3516.0,VALIDATION,50,True,55,UP50_NIKKEION_TESTA55
2026-01-28,7741.T,,2,73.52988099049362,95.0,50.38022850552466,27.183213985766553,22.436557508708795,True,25231.77734375,27134.0,24281.0,WIN,7.538995887347537,4,27134.0,VALIDATION,50,True,55,UP50_NIKKEION_TESTA55
2026-01-28,9532.T,,3,71.51984878590886,85.0,56.70132354426395,23.737248406152382,19.56142804958368,True,5641.052734375,5913.0,5505.0,WIN,4.820860191003522,4,5913.0,VALIDATION,50,True,55,UP50_NIKKEION_TESTA55
2026-01-28,4043.T,,4,71.4058763887596,85.0,54.42187560127888,24.265947219924755,21.312177178796368,True,4301.64501953125,4574.0,4166.0,LOSS,-3.1533289919406515,2,4166.0,VALIDATION,50,True,55,UP50_NIKKEION_TESTA55
2026-01-28,9531.T,,5,71.39240860346604,85.0,54.15251989540744,24.17758376305838,21.669896341534205,True,6538.07470703125,6947.0,6333.0,WIN,6.2545215723671514,3,6947.0,VALIDATION,50,True,55,UP50_NIKKEION_TESTA55
2026-01-28,1332.T,,6,71.35842051227198,85.0,53.47275807152641,27.45585038745915,19.071391541014464,True,1236.0411376953125,1316.0,1196.0,WIN,6.46894831136256,5,1316.0,VALIDATION,50,True,55,UP50_NIKKEION_TESTA55
2026-01-28,5201.T,,7,71.33478291291777,85.0,53.000006084442184,28.329790988338083,18.670202927219755,True,5511.80419921875,5818.0,5359.0,WIN,5.5552735495330285,5,5818.0,VALIDATION,50,True,55,UP50_NIKKEION_TESTA55
2026-01-28,4183.T,,8,71.3188371428243,85.0,52.68109068257269,26.567167617485698,20.75174169994164,True,2143.71826171875,2277.0,2077.0,WIN,6.217315990693193,5,2277.0,VALIDATION,50,True,55,UP50_NIKKEION_TESTA55
2026-01-28,6301.T,,9,71.31580124567569,85.0,52.62037273960078,27.112238415074085,20.267388845325147,True,5493.1259765625,5846.0,5316.0,WIN,6.423920094734879,3,5846.0,VALIDATION,50,True,55,UP50_NIKKEION_TESTA55
2026-01-28,4507.T,,10,71.25983680936454,85.0,51.50108401337771,24.842835076900325,23.656080909721975,True,3005.07421875,3242.0,2887.0,WIN,7.884190672287368,4,3242.0,VALIDATION,50,True,55,UP50_NIKKEION_TESTA55
2026-01-29,6301.T,,1,84.54473402439498,100.0,51.764245705291046,25.661067908149192,22.574686386559787,True,5660.439453125,6033.0,5474.0,WIN,6.581830791765077,2,6033.0,VALIDATION,50,True,55,UP50_NIKKEION_TESTA55
2026-01-29,1605.T,,2,75.76378960728043,100.0,50.0584008412607,26.35136816826831,23.590230990470985,True,3376.613037109375,3609.0,3260.0,HOLD,3.6109478058338293,5,3498.540771484375,VALIDATION,50,True,55,UP50_NIKKEION_TESTA55
2026-01-29,5019.T,,3,73.7562581703712,100.0,53.38603297264144,24.75242419702314,21.861542830335416,True,1264.226806640625,1343.0,1225.0,WIN,6.230938384283718,4,1343.0,VALIDATION,50,True,55,UP50_NIKKEION_TESTA55
2026-01-29,5201.T,,4,71.45443402621098,90.0,53.87128921987161,27.20128258913917,18.927428190989247,True,5607.37890625,5932.0,5445.0,WIN,5.789177067884185,4,5932.0,VALIDATION,50,True,55,UP50_NIKKEION_TESTA55
2026-01-29,1963.T,,5,71.34276151232409,95.0,50.11609981169912,25.651366930681284,24.232533257619586,True,2080.51611328125,2270.0,1986.0,HOLD,1.407790425349404,5,2109.805419921875,VALIDATION,50,True,55,UP50_NIKKEION_TESTA55
2026-01-29,9532.T,,6,69.26152047945709,85.0,55.013018284793894,23.34559702421564,21.64138469099048,True,5644.97119140625,5930.0,5502.0,WIN,5.049251784095374,3,5930.0,VALIDATION,50,True,55,UP50_NIKKEION_TESTA55
2026-01-29,9531.T,,7,69.21479324828508,85.0,54.07847366135389,26.958110947543585,18.963415391102558,True,6601.9423828125,7020.0,6393.0,WIN,6.332342709864773,3,7020.0,VALIDATION,50,True,55,UP50_NIKKEION_TESTA55
2026-01-29,4183.T,,8,69.16482949598142,85.0,53.07919861528061,26.62287969387016,20.297921690849254,True,2158.648681640625,2298.0,2089.0,WIN,6.455488544502972,4,2298.0,VALIDATION,50,True,55,UP50_NIKKEION_TESTA55
2026-01-29,3401.T,,9,69.10778680787216,85.0,51.93834485309543,27.82849708613078,20.233158060773793,True,1421.8724365234375,1507.0,1379.0,WIN,5.987004269152615,4,1507.0,VALIDATION,50,True,55,UP50_NIKKEION_TESTA55
2026-01-29,1332.T,,10,69.08151403256207,85.0,51.41288934689371,30.236937947233166,18.350172705873124,True,1241.8807373046875,1322.0,1202.0,WIN,6.45144580221118,4,1322.0,VALIDATION,50,True,55,UP50_NIKKEION_TESTA55
2026-01-30,1963.T,,1,84.73798977079257,100.0,55.62936063324274,24.894306164747288,19.476333202009968,True,2111.269775390625,2306.0,2014.0,HOLD,3.4913314556218653,5,2184.981201171875,VALIDATION,50,True,55,UP50_NIKKEION_TESTA55
2026-01-30,9531.T,,2,84.72956026651897,100.0,55.46077054777094,25.328079478148553,19.211149974080527,True,6726.7294921875,7185.0,6498.0,WIN,6.812679301951127,4,7185.0,VALIDATION,50,True,55,UP50_NIKKEION_TESTA55
2026-01-30,5020.T,,3,84.68182730554463,100.0,54.506111328284135,24.500324023210677,20.9935646485052,True,1267.8419189453125,1354.0,1225.0,WIN,6.79564855580421,4,1354.0,VALIDATION,50,True,55,UP50_NIKKEION_TESTA55
2026-01-30,6301.T,,4,84.61187199521953,100.0,53.10700512178198,25.696667076808065,21.19632780140997,True,5767.4423828125,6181.0,5561.0,WIN,7.170554809874462,2,6181.0,VALIDATION,50,True,55,UP50_NIKKEION_TESTA55
2026-01-30,4507.T,,5,84.58398083988284,100.0,52.54918201504821,27.51690065496034,19.933917329991456,True,3098.799560546875,3360.0,2968.0,WIN,8.42908469391381,4,3360.0,VALIDATION,50,True,55,UP50_NIKKEION_TESTA55
2026-01-30,4519.T,,6,84.49734590197855,100.0,50.81648325696237,27.515861581094576,21.66765516194305,True,8722.86328125,9453.0,8358.0,TIMEOUT_LOSS,-2.1929282466649918,5,8531.5771484375,VALIDATION,50,True,55,UP50_NIKKEION_TESTA55
2026-01-30,7741.T,,7,82.43601411936412,95.0,54.58984760467368,25.0904083204542,20.319744074872133,True,25708.787109375,27937.0,24594.0,HOLD,2.222648673365951,5,26280.203125,VALIDATION,50,True,55,UP50_NIKKEION_TESTA55
2026-01-30,4183.T,,8,76.15311036838357,100.0,57.844816063323556,23.75755364616829,18.397630290508154,True,2173.097412109375,2310.0,2105.0,WIN,6.299882698665443,3,2310.0,VALIDATION,50,True,55,UP50_NIKKEION_TESTA55
2026-01-30,5019.T,,9,76.1460399471245,100.0,57.70340763814242,23.942083090471325,18.35450927138626,True,1277.4263916015625,1358.0,1237.0,WIN,6.3074952050598405,3,1358.0,VALIDATION,50,True,55,UP50_NIKKEION_TESTA55
2026-01-30,9532.T,,10,76.13490790534765,100.0,57.48076680260503,23.21109644605235,19.30813675134265,True,5676.3212890625,5961.0,5534.0,WIN,5.015197280781783,2,5961.0,VALIDATION,50,True,55,UP50_NIKKEION_TESTA55
2026-02-02,9532.T,,1,84.88441589131735,100.0,58.55788304373826,23.429083557348456,18.01303339891333,True,5750.77783203125,6075.0,5589.0,WIN,5.637883733968392,1,6075.0,VALIDATION,50,True,55,UP50_NIKKEION_TESTA55
2026-02-02,6301.T,,2,84.65983043592772,100.0,54.06617393594573,25.88803352052157,20.045792543532723,True,6043.70361328125,6506.0,5813.0,WIN,7.649223328934224,1,6506.0,VALIDATION,50,True,55,UP50_NIKKEION_TESTA55
2026-02-02,2282.T,,3,82.59540525752445,95.0,57.777670367880226,23.268767226381645,18.95356240573815,True,2333.949951171875,2464.0,2269.0,LOSS,-2.782833930918856,1,2269.0,VALIDATION,50,True,55,UP50_NIKKEION_TESTA55
2026-02-02,7741.T,,4,82.4022606221872,95.0,53.91477766113538,26.641470340487995,19.443751998376648,True,25654.12890625,28108.0,24427.0,HOLD,6.0817375736148716,5,27214.345703125,VALIDATION,50,True,55,UP50_NIKKEION_TESTA55
2026-02-02,8233.T,,5,73.62976301465972,100.0,50.856129858411805,25.91591865805804,23.22795148353017,True,1969.732177734375,2100.0,1905.0,WIN,6.613478915466652,1,2100.0,VALIDATION,50,True,55,UP50_NIKKEION_TESTA55
2026-02-02,5802.T,,6,73.54815070273018,95.0,50.74562275025586,27.513089394507205,21.74128785523696,True,1667.8099365234375,1880.0,1562.0,WIN,12.7226765370444,1,1880.0,VALIDATION,50,True,55,UP50_NIKKEION_TESTA55
2026-02-02,4502.T,,7,71.74687723556745,90.0,59.72015340700122,23.344886590552065,16.93496000244672,True,5160.21484375,5442.0,5019.0,WIN,5.460725275640322,5,5442.0,VALIDATION,50,True,55,UP50_NIKKEION_TESTA55
2026-02-02,5201.T,,8,71.63410164397408,90.0,57.464641575133804,26.85965389241609,15.675704532450144,True,5623.14404296875,5945.0,5462.0,WIN,5.72377222727742,2,5945.0,VALIDATION,50,True,55,UP50_NIKKEION_TESTA55
2026-02-02,9531.T,,9,71.5142742390583,90.0,55.068093476818056,24.68244135857944,20.24946516460255,True,6895.7333984375,7374.0,6657.0,WIN,6.935688692240773,5,7374.0,VALIDATION,50,True,55,UP50_NIKKEION_TESTA55
2026-02-02,6305.T,,10,71.41551516680717,95.0,51.57117290136082,28.1975399519152,20.231287146724,True,5043.65087890625,5416.0,4858.0,WIN,7.382531623094746,2,5416.0,VALIDATION,50,True,55,UP50_NIKKEION_TESTA55
2026-02-03,9107.T,,1,75.7801870488361,95.0,51.90808880280887,25.312408008043903,22.779503189147228,True,2216.328369140625,2337.0,2156.0,HOLD,0.997402424587311,5,2238.43408203125,VALIDATION,50,True,55,UP50_NIKKEION_TESTA55
2026-02-03,4042.T,,2,75.77194003742416,100.0,50.22140944413529,23.87272468782055,25.905865868044202,True,2515.7548828125,2649.0,2449.0,LOSS,-2.6534732484697026,2,2449.0,VALIDATION,50,True,55,UP50_NIKKEION_TESTA55
2026-02-03,4502.T,,3,73.52020366368009,90.0,51.708421099688564,26.582494165352188,21.709084734959248,True,5234.5947265625,5522.0,5091.0,HOLD,2.9894827176098016,5,5391.08203125,VALIDATION,50,True,55,UP50_NIKKEION_TESTA55
2026-02-03,3086.T,,4,73.46461908835289,90.0,50.59672959314463,28.416231936739177,20.98703847011621,True,2300.668212890625,2422.0,2240.0,WIN,5.273762919379422,2,2422.0,VALIDATION,50,True,55,UP50_NIKKEION_TESTA55
2026-02-03,9147.T,,5,73.43825516276496,90.0,50.06945108138604,26.143485883662777,23.787063034951178,True,3545.50927734375,3718.0,3459.0,WIN,4.865047844000505,4,3718.0,VALIDATION,50,True,55,UP50_NIKKEION_TESTA55
2026-02-03,9735.T,,6,64.86921237707489,95.0,51.07989971541086,25.130917568236335,23.789182716352855,True,5759.3369140625,6050.0,5614.0,WIN,5.046815115604569,4,6050.0,VALIDATION,50,True,55,UP50_NIKKEION_TESTA55
2026-02-03,8309.T,,7,62.616284479909424,90.0,51.02134177210148,26.829971264604126,22.148686963294395,True,1257.5576171875,1333.0,1220.0,WIN,5.999119386770145,4,1333.0,VALIDATION,50,True,55,UP50_NIKKEION_TESTA55
2026-02-03,3861.T,,8,62.61304361351414,90.0,50.956524444195686,26.842237178512327,22.20123837729201,True,898.7462768554688,939.0,879.0,LOSS,-2.1970913664929967,3,879.0,VALIDATION,50,True,55,UP50_NIKKEION_TESTA55
2026-02-03,2269.T,,9,62.576940609002605,90.0,50.23446435396524,26.721612183484368,23.043923462550413,True,3647.663330078125,3839.0,3552.0,HOLD,2.2429812964193623,5,3729.479736328125,VALIDATION,50,True,55,UP50_NIKKEION_TESTA55
2026-02-03,1721.T,,10,60.341404597135536,85.0,50.52374411662387,26.513909641927214,22.962346241448923,True,4814.111328125,5080.0,4681.0,WIN,5.5231101599505035,3,5080.0,VALIDATION,50,True,55,UP50_NIKKEION_TESTA55
2026-02-04,9107.T,,1,86.87152110133113,100.0,54.8217263744488,24.64073876160942,20.537534863941804,True,2239.395263671875,2365.0,2176.0,HOLD,0.5150250807762236,5,2250.9287109375,VALIDATION,50,True,55,UP50_NIKKEION_TESTA55
2026-02-04,3086.T,,2,86.8472304580226,100.0,54.33591350827801,25.57524805700443,20.08883843471758,True,2364.439453125,2493.0,2300.0,WIN,5.437252652212593,1,2493.0,VALIDATION,50,True,55,UP50_NIKKEION_TESTA55
2026-02-04,4042.T,,3,86.77779164736947,100.0,52.94713729521546,26.0375453034867,21.015317401297857,True,2632.465087890625,2781.0,2558.0,LOSS,-2.82872081507046,1,2558.0,VALIDATION,50,True,55,UP50_NIKKEION_TESTA55
2026-02-04,9101.T,,4,84.5555758020516,95.0,53.502820388858275,26.019453976073255,20.4777256350685,True,5021.54833984375,5304.0,4880.0,LOSS,-2.818818624539108,1,4880.0,VALIDATION,50,True,55,UP50_NIKKEION_TESTA55
2026-02-04,9202.T,,5,82.30913753251079,90.0,53.57405499804192,26.25333358871821,20.1726114132399,True,3137.9677734375,3301.0,3056.0,HOLD,2.0678954426304097,5,3202.857666015625,VALIDATION,50,True,55,UP50_NIKKEION_TESTA55
2026-02-04,9022.T,,6,79.99401721198132,85.0,52.27164858745238,26.890339970799438,20.8380114417482,True,4586.88623046875,4897.0,4432.0,HOLD,0.8866777241462931,5,4627.55712890625,VALIDATION,50,True,55,UP50_NIKKEION_TESTA55
2026-02-04,5301.T,,7,78.15646443869566,100.0,54.43363660000021,24.69434555824536,20.87201784175445,True,1098.6429443359375,1166.0,1065.0,LOSS,-3.0622273150147614,2,1065.0,VALIDATION,50,True,55,UP50_NIKKEION_TESTA55
2026-02-04,8354.T,,8,78.09987100228813,100.0,53.30176787184923,24.337604181862815,22.360627946287977,True,5884.462890625,6265.0,5694.0,WIN,6.466811269746701,1,6265.0,VALIDATION,50,True,55,UP50_NIKKEION_TESTA55
2026-02-04,7186.T,,9,77.98307946657565,100.0,50.96593715759982,25.19516647158043,23.838896370819775,True,1452.181884765625,1553.0,1402.0,WIN,6.942526710464134,3,1553.0,VALIDATION,50,True,55,UP50_NIKKEION_TESTA55
2026-02-04,4208.T,,10,75.99234735964838,100.0,54.62955588861965,23.742318983283564,21.628125128096816,True,2674.761474609375,2830.0,2597.0,LOSS,-2.9072302464178184,1,2597.0,VALIDATION,50,True,55,UP50_NIKKEION_TESTA55
2026-02-05,9201.T,,1,86.7484346136186,100.0,52.35999662019789,26.103148689226025,21.536854690576117,True,3006.998291015625,3166.0,2928.0,TIMEOUT_LOSS,-0.16066849264796923,5,3002.1669921875,VALIDATION,50,True,55,UP50_NIKKEION_TESTA55
2026-02-05,9021.T,,2,86.72253530963584,100.0,51.84201054054288,25.765113284394904,22.392876175062238,True,3368.97705078125,3536.0,3286.0,LOSS,-2.4629746516678708,5,3286.0,VALIDATION,50,True,55,UP50_NIKKEION_TESTA55
2026-02-05,7186.T,,3,86.6719749464378,100.0,50.83080327658216,23.788608198318535,25.38058852509933,True,1498.9166259765625,1603.0,1447.0,LOSS,-3.4636099884967373,1,1447.0,VALIDATION,50,True,55,UP50_NIKKEION_TESTA55
2026-02-05,6472.T,,4,86.66135116107033,100.0,50.618327569232726,26.01974668074681,23.3619257500205,True,374.8567199707031,404.0,360.0,WIN,7.774511827232165,2,404.0,VALIDATION,50,True,55,UP50_NIKKEION_TESTA55
2026-02-05,9001.T,,5,86.65186688922347,100.0,50.42864213229563,24.482088879947966,25.089268987756423,True,2865.47412109375,3005.0,2796.0,HOLD,2.3975498982617505,5,2934.17529296875,VALIDATION,50,True,55,UP50_NIKKEION_TESTA55
2026-02-05,2801.T,,6,86.6343495990333,100.0,50.07829632849202,27.454467962037022,22.467235709470977,True,1489.268798828125,1587.0,1440.0,LOSS,-3.3082542833700406,1,1440.0,VALIDATION,50,True,55,UP50_NIKKEION_TESTA55
2026-02-05,7951.T,,7,84.40524553730862,95.0,50.49621509399845,26.57137137933603,22.932413526665545,True,1142.1702880859375,1219.0,1104.0,WIN,6.726642490658258,2,1219.0,VALIDATION,50,True,55,UP50_NIKKEION_TESTA55
2026-02-05,9202.T,,8,82.2324558548892,90.0,52.040421445609944,26.558381763701515,21.401196790688573,True,3190.267333984375,3358.0,3106.0,HOLD,1.5482651971499928,5,3239.6611328125,VALIDATION,50,True,55,UP50_NIKKEION_TESTA55
2026-02-05,3861.T,,9,78.13090301440758,100.0,53.922408114238365,24.30392090066812,21.77367098509353,True,915.1428833007812,957.0,894.0,LOSS,-2.3103368541229417,1,894.0,VALIDATION,50,True,55,UP50_NIKKEION_TESTA55
2026-02-05,1928.T,,10,77.99936761523942,100.0,51.29170013087527,26.237866986659547,22.4704328824652,True,3514.206298828125,3666.0,3438.0,WIN,4.319430570211354,4,3666.0,VALIDATION,50,True,55,UP50_NIKKEION_TESTA55
2026-02-06,7186.T,,1,86.8596525456048,100.0,54.58435525992219,24.57846546710389,20.837179272973934,True,1509.1397705078125,1628.0,1450.0,WIN,7.876025257235919,2,1628.0,VALIDATION,50,True,55,UP50_NIKKEION_TESTA55
2026-02-06,1812.T,,2,86.85315336505876,100.0,54.454371649001246,24.061214472076635,21.484413878922144,True,6757.44580078125,7283.0,6495.0,WIN,7.777409019810251,1,7283.0,VALIDATION,50,True,55,UP50_NIKKEION_TESTA55
2026-02-06,5201.T,,3,86.84778843288753,100.0,54.347073005576654,25.577812370450104,20.075114623973278,True,6017.2666015625,6420.0,5816.0,HOLD,4.290152313954585,5,6275.41650390625,VALIDATION,50,True,55,UP50_NIKKEION_TESTA55
2026-02-06,6472.T,,4,86.80479113005586,100.0,53.48712694894311,25.743088157947742,20.76978489310917,True,391.5879211425781,422.0,376.0,HOLD,3.087186718552306,5,403.6769714355469,VALIDATION,50,True,55,UP50_NIKKEION_TESTA55
2026-02-06,1802.T,,5,86.78465372831809,100.0,53.08437891418809,25.35154585302254,21.564075232789392,True,3859.8896484375,4131.0,3724.0,WIN,7.023785036762558,1,4131.0,VALIDATION,50,True,55,UP50_NIKKEION_TESTA55
2026-02-06,7203.T,トヨタ自動車,6,86.7661917207333,100.0,52.715138762492266,26.18562083798434,21.0992403995234,True,3662.18603515625,3964.0,3511.0,TIMEOUT_LOSS,-1.772489562551824,5,3597.274169921875,VALIDATION,50,True,55,UP50_NIKKEION_TESTA55
2026-02-06,1801.T,,7,86.73773202705411,100.0,52.14594488890815,25.722156489017294,22.131898622074583,True,17298.3203125,18953.0,16471.0,TIMEOUT_LOSS,-2.476769104659277,5,16869.880859375,VALIDATION,50,True,55,UP50_NIKKEION_TESTA55
2026-02-06,3086.T,,8,86.69882787480053,100.0,51.36786184383667,26.180114829601152,22.45202332656219,True,2634.731201171875,2816.0,2544.0,TIMEOUT_LOSS,-3.2023769028116473,5,2550.357177734375,VALIDATION,50,True,55,UP50_NIKKEION_TESTA55
2026-02-06,1332.T,,9,86.64756604296481,100.0,50.342625207122346,26.600838027493563,23.056536765384113,True,1386.8966064453125,1503.0,1329.0,WIN,8.371452710686667,3,1503.0,VALIDATION,50,True,55,UP50_NIKKEION_TESTA55
2026-02-06,8354.T,,10,82.25466656700758,90.0,52.484635687977445,25.58118694680857,21.934177365213994,True,6673.7236328125,7199.0,6411.0,TIMEOUT_LOSS,-2.6361767736193706,5,6497.79248046875,VALIDATION,50,True,55,UP50_NIKKEION_TESTA55
2026-02-24,2269.T,,1,62.58321654092171,90.0,50.359982992347355,27.38934259088354,22.250674416769105,True,3802.53076171875,3997.0,3705.0,HOLD,1.5368760756707183,5,3860.970947265625,VALIDATION,50,True,55,UP50_NIKKEION_TESTA55
2026-03-03,9531.T,,1,73.70194726629961,100.0,52.29981489120955,25.94784480243491,21.75234030635557,True,7724.04638671875,8329.0,7422.0,LOSS,-3.9104683166857863,1,7422.0,VALIDATION,50,True,55,UP50_NIKKEION_TESTA55
2026-03-03,2269.T,,2,69.21608304174408,85.0,54.10426953053389,25.985731634832486,19.909998834633665,True,3860.970947265625,4066.0,3759.0,LOSS,-2.6410700483991403,1,3759.0,VALIDATION,50,True,55,UP50_NIKKEION_TESTA55
2026-03-03,9147.T,,3,69.18296099876922,85.0,53.44182867103656,26.835565551397156,19.722605777566276,True,3712.83447265625,3935.0,3602.0,LOSS,-2.9851713959377344,1,3602.0,VALIDATION,50,True,55,UP50_NIKKEION_TESTA55
2026-03-03,2871.T,,4,69.17380544003383,85.0,53.25871749632874,27.786167863075796,18.95511464059547,True,2041.3358154296875,2141.0,1991.0,LOSS,-2.4658272808039743,3,1991.0,VALIDATION,50,True,55,UP50_NIKKEION_TESTA55
2026-03-03,9101.T,,5,69.14202971547988,85.0,52.623203005249806,26.827598165353194,20.54919882939701,True,5355.22509765625,5662.0,5202.0,LOSS,-2.8612260896990116,1,5202.0,VALIDATION,50,True,55,UP50_NIKKEION_TESTA55
2026-03-03,2282.T,,6,69.08749361342139,85.0,51.53248096407985,28.63065578906905,19.836863246851085,True,2313.099609375,2445.0,2247.0,LOSS,-2.8576205325139514,1,2247.0,VALIDATION,50,True,55,UP50_NIKKEION_TESTA55
2026-03-03,9008.T,,7,69.02580415898169,85.0,50.298691875285904,30.649968640300628,19.051339484413454,True,787.9111328125,827.0,768.0,LOSS,-2.52707849696525,1,768.0,VALIDATION,50,True,55,UP50_NIKKEION_TESTA55
2026-03-03,9532.T,,8,62.64764960543492,95.0,50.12690515217666,28.60871727158824,21.2643775762351,True,6512.9765625,6986.0,6277.0,LOSS,-3.6231753674455205,4,6277.0,VALIDATION,50,True,55,UP50_NIKKEION_TESTA55
2026-03-03,8252.T,,9,57.87881621676097,65.0,50.83719390043668,29.868680297234835,19.294125802328505,True,2993.501220703125,3144.0,2918.0,HOLD,1.1497970742447363,5,3027.92041015625,VALIDATION,50,True,55,UP50_NIKKEION_TESTA55
2026-03-03,4502.T,,10,53.76961775264362,75.0,52.56626809635061,28.635757111180187,18.797974792469198,True,5532.11376953125,5846.0,5375.0,LOSS,-2.8400314251773358,1,5375.0,VALIDATION,50,True,55,UP50_NIKKEION_TESTA55
2019-05-31,6701.T,,1,66.90710666751677,85.0,51.403002915552754,30.77351253692347,17.823484547523787,True,724.491455078125,771.0,701.0,LOSS,-3.2424751062925674,2,701.0,DEV,50,True,65,UP50_NIKKEION_TESTA65
2019-05-31,9433.T,,2,66.90363020137504,85.0,51.333473592718256,29.230765442114926,19.435760965166818,True,1090.1092529296875,1140.0,1065.0,LOSS,-2.3033703146914815,3,1065.0,DEV,50,True,65,UP50_NIKKEION_TESTA65
2019-05-31,4661.T,,3,66.86470094020171,85.0,50.55488836925184,31.001457383270388,18.443654247477788,True,2591.773193359375,2729.0,2523.0,LOSS,-2.6535189705482427,2,2523.0,DEV,50,True,65,UP50_NIKKEION_TESTA65
2019-05-31,9009.T,,4,62.53778969194589,75.0,54.01666340413512,28.68546290871495,17.297873687149952,True,1268.4100341796875,1344.0,1230.0,LOSS,-3.028203273756678,2,1230.0,DEV,50,True,65,UP50_NIKKEION_TESTA65
2019-05-31,8725.T,,5,62.40341912974047,75.0,51.329252160026805,29.681361663813473,18.989386176159726,True,827.1231689453125,867.0,807.0,HOLD,1.5380118607519444,5,839.8444213867188,DEV,50,True,65,UP50_NIKKEION_TESTA65
2019-05-31,9766.T,,6,57.929032388431054,65.0,51.841517333838524,30.393607640704364,17.764875025457115,True,4664.2294921875,4965.0,4514.0,HOLD,0.1953028901184652,5,4673.3388671875,DEV,50,True,65,UP50_NIKKEION_TESTA65
2019-05-31,9005.T,,7,56.15538308087339,85.0,53.75983553051137,28.495404587451002,17.744759882037652,True,1756.6318359375,1858.0,1706.0,HOLD,1.5576503885109498,5,1783.9940185546875,DEV,50,True,65,UP50_NIKKEION_TESTA65
2019-05-31,7832.T,,8,56.11400669802855,85.0,52.93230787361447,29.31742325203895,17.75026887434661,True,1560.746337890625,1681.0,1501.0,LOSS,-3.8280620264900436,3,1501.0,DEV,50,True,65,UP50_NIKKEION_TESTA65
2019-05-31,7011.T,,9,56.109604140127274,85.0,52.84425671558894,29.113415085366157,18.042328199044913,True,406.5148620605469,430.0,395.0,LOSS,-2.832580831652801,5,395.0,DEV,50,True,65,UP50_NIKKEION_TESTA65
2019-05-31,6326.T,,10,54.89978713339772,65.0,52.12617745056314,29.365565978441694,18.508256570995172,True,1410.4456787109375,1500.0,1366.0,HOLD,3.6434609897847317,5,1461.834716796875,DEV,50,True,65,UP50_NIKKEION_TESTA65
2019-10-16,5333.T,,1,66.00037280802009,85.0,50.659630073445285,28.434297133080268,20.906072793474483,True,1279.611572265625,1347.0,1246.0,HOLD,4.6975658087161385,5,1339.72216796875,DEV,50,True,65,UP50_NIKKEION_TESTA65
2019-10-16,8316.T,,2,59.55364859395159,90.0,50.638189270336184,28.98386640047919,20.37794432918465,True,455.3744201660156,475.0,445.0,HOLD,1.994168362350452,5,464.4553527832031,DEV,50,True,65,UP50_NIKKEION_TESTA65
2019-10-16,2871.T,,3,53.5375114061127,65.0,50.96761942660179,28.725569018116826,20.306811555281406,True,1096.8060302734375,1159.0,1066.0,TIMEOUT_LOSS,-1.5624980870970453,5,1079.66845703125,DEV,50,True,65,UP50_NIKKEION_TESTA65
2019-10-16,8306.T,三菱UFJ,4,49.33016924828867,75.0,50.73381974838216,29.49265973500258,19.773520516615275,True,420.6357421875,441.0,410.0,HOLD,2.5258949321037956,5,431.26055908203125,DEV,50,True,65,UP50_NIKKEION_TESTA65
2019-10-16,2002.T,,5,49.27421951734435,70.0,51.13656425993035,28.16335423427443,20.700081505795257,True,1733.58447265625,1827.0,1687.0,HOLD,0.822453984516028,5,1747.8424072265625,DEV,50,True,65,UP50_NIKKEION_TESTA65
2019-12-13,6902.T,,1,79.9474220305637,85.0,51.339744959100095,26.88473019745516,21.775524843444742,True,1062.3533935546875,1111.0,1038.0,LOSS,-2.2924004104886255,4,1038.0,DEV,50,True,65,UP50_NIKKEION_TESTA65
2019-12-13,7751.T,,2,75.76102436613135,100.0,50.003096018279244,28.68153099017649,21.315372991544262,True,2363.890625,2434.0,2329.0,HOLD,0.16231351915869627,5,2367.7275390625,DEV,50,True,65,UP50_NIKKEION_TESTA65
2019-12-13,8802.T,,3,62.209283586272136,65.0,50.49001955152964,27.80799197816039,21.70198847030996,True,1869.0274658203125,1949.0,1829.0,HOLD,0.9252911275388733,5,1886.3214111328125,DEV,50,True,65,UP50_NIKKEION_TESTA65
2021-01-08,8630.T,,1,77.95780953516322,100.0,50.4605385293513,27.95931592604394,21.580145544604772,True,1132.0400390625,1193.0,1101.0,TIMEOUT_LOSS,-0.30681481941565325,5,1128.5667724609375,DEV,50,True,65,UP50_NIKKEION_TESTA65
2021-01-08,6479.T,,2,73.19149749507702,70.0,51.221254249366474,27.975961407023814,20.8027843436097,True,1978.4683837890625,2125.0,1905.0,TIMEOUT_LOSS,-2.202853683636202,5,1934.8856201171875,DEV,50,True,65,UP50_NIKKEION_TESTA65
2021-01-08,9735.T,,3,73.1652231620605,70.0,50.695767589036066,28.06803561904885,21.236196791915063,True,4299.490234375,4539.0,4180.0,TIMEOUT_LOSS,-0.248723617761735,5,4288.79638671875,DEV,50,True,65,UP50_NIKKEION_TESTA65
2021-01-08,2282.T,,4,69.07305927734993,85.0,51.24379424265088,27.305470310900116,21.450735446449002,True,1336.1334228515625,1409.0,1300.0,LOSS,-2.704327444668431,5,1300.0,DEV,50,True,65,UP50_NIKKEION_TESTA65
2021-01-08,1332.T,,5,64.51561432575595,70.0,51.61663434120579,27.561307978456657,20.822057680337544,True,370.64129638671875,390.0,361.0,TIMEOUT_LOSS,-0.9174261315646857,5,367.2409362792969,DEV,50,True,65,UP50_NIKKEION_TESTA65
2021-01-08,6701.T,,6,62.20782193432847,65.0,50.46078651265628,27.87929111372243,21.659922373621292,True,1050.2379150390625,1114.0,1018.0,HOLD,0.1754159824044705,5,1052.0802001953125,DEV,50,True,65,UP50_NIKKEION_TESTA65
2021-01-08,6471.T,,7,61.48729351264076,75.0,50.398044165858636,28.578519009119656,21.02343682502171,True,743.6954345703125,804.0,714.0,HOLD,0.10821762954313383,5,744.500244140625,DEV,50,True,65,UP50_NIKKEION_TESTA65
2021-01-08,9502.T,,8,59.31854492836027,70.0,52.023072480248864,27.13027321430087,20.84665430545025,True,1067.59326171875,1119.0,1042.0,HOLD,1.1157909854004084,5,1079.50537109375,DEV,50,True,65,UP50_NIKKEION_TESTA65
2021-01-08,9602.T,,9,53.52958632047289,65.0,50.80911771380546,27.266881892794974,21.924000393399556,True,813.47021484375,863.0,789.0,LOSS,-3.0081267140739993,2,789.0,DEV,50,True,65,UP50_NIKKEION_TESTA65
2021-01-08,4208.T,,10,48.289365164889354,65.0,50.35252068909147,28.334751356088606,21.31272795481992,True,1475.4757080078125,1570.0,1428.0,TIMEOUT_LOSS,-0.7299271280771553,5,1464.705810546875,DEV,50,True,65,UP50_NIKKEION_TESTA65
2021-02-08,8316.T,,1,86.6785606705024,100.0,50.962517757874416,27.58434517107836,21.453137071047212,True,461.5956115722656,489.0,448.0,WIN,5.9368823577829986,4,489.0,DEV,50,True,65,UP50_NIKKEION_TESTA65
2021-02-08,8053.T,,2,86.66960088868237,100.0,50.783322121473375,28.123537323913183,21.09314055461344,True,289.6702880859375,308.0,281.0,HOLD,4.330316450335212,5,302.21392822265625,DEV,50,True,65,UP50_NIKKEION_TESTA65
2021-02-08,1721.T,,3,86.66486905860837,100.0,50.68868551999351,27.960302180264897,21.351012299741583,True,2813.673095703125,2995.0,2723.0,LOSS,-3.2225881479122642,5,2723.0,DEV,50,True,65,UP50_NIKKEION_TESTA65
2021-02-08,8331.T,,4,86.63168907119703,100.0,50.02508577176658,27.964037163651252,22.010877064582175,True,540.8916015625,577.0,523.0,WIN,6.67571807977641,5,577.0,DEV,50,True,65,UP50_NIKKEION_TESTA65
2021-02-08,2501.T,,5,79.17088127550281,90.0,51.67849507527361,27.43953525645638,20.88196966827001,True,409.2459716796875,431.0,399.0,HOLD,2.379850161504267,5,418.98541259765625,DEV,50,True,65,UP50_NIKKEION_TESTA65
2021-02-08,2502.T,,6,79.1356410747135,90.0,50.97369105948742,27.026080849545597,22.00022809096696,True,1281.2196044921875,1367.0,1238.0,HOLD,5.947292385270954,5,1357.41748046875,DEV,50,True,65,UP50_NIKKEION_TESTA65
2021-02-08,8267.T,,7,78.0572989763375,100.0,52.45032735283702,26.847088609042665,20.7025840381203,True,1074.799072265625,1131.0,1047.0,WIN,5.228970622007156,4,1131.0,DEV,50,True,65,UP50_NIKKEION_TESTA65
2021-02-08,4704.T,,8,77.99862884951816,100.0,51.276924816449984,27.224834005760023,21.49824117778996,True,4925.25244140625,5259.0,4758.0,HOLD,1.663897898634439,5,5007.20361328125,DEV,50,True,65,UP50_NIKKEION_TESTA65
2021-02-08,8630.T,,9,77.98637083402653,100.0,51.031764506617286,27.96319862862032,21.00503686476241,True,1166.7735595703125,1229.0,1136.0,TIMEOUT_LOSS,-1.465567450973294,5,1149.6737060546875,DEV,50,True,65,UP50_NIKKEION_TESTA65
2021-02-08,4578.T,,10,77.98630109321283,100.0,51.03036969034363,27.199344586730284,21.770285722926072,True,4261.3779296875,4483.0,4151.0,LOSS,-2.5901933953929865,3,4151.0,DEV,50,True,65,UP50_NIKKEION_TESTA65
2021-02-26,7004.T,,1,66.87697589323062,85.0,50.80038742982998,28.591335046760996,20.608277523409,True,601.1643676757812,672.0,566.0,WIN,11.783072339780071,3,672.0,DEV,50,True,65,UP50_NIKKEION_TESTA65
2021-03-01,3402.T,,1,49.173693281996265,65.0,50.64777868340351,30.365401026895228,18.98682028970127,True,622.3734741210938,671.0,598.0,TIMEOUT_LOSS,-1.1321797942466618,5,615.3270874023438,DEV,50,True,65,UP50_NIKKEION_TESTA65
2021-03-02,6302.T,,1,58.224898518700236,85.0,51.67188341748297,29.18540642930762,19.142710153209418,True,2450.734619140625,2680.0,2336.0,TIMEOUT_LOSS,-0.7308973144512134,5,2432.822265625,DEV,50,True,65,UP50_NIKKEION_TESTA65
2021-03-02,4183.T,,2,58.18236160039458,85.0,50.82114505136987,28.26775918555992,20.9110957630702,True,1364.8817138671875,1484.0,1305.0,HOLD,6.627409387135143,5,1455.3380126953125,DEV,50,True,65,UP50_NIKKEION_TESTA65
2021-03-03,7011.T,,1,70.2030310867498,75.0,50.79975216977882,25.855716319850792,23.344531510370377,True,291.8812561035156,315.0,280.0,HOLD,1.0381766066016929,5,294.9114990234375,DEV,50,True,65,UP50_NIKKEION_TESTA65
2021-03-03,7186.T,,2,64.53514691573227,75.0,50.48554701029766,29.4175863389569,20.09686665074543,True,347.6304626464844,376.0,333.0,WIN,8.160831803271924,4,376.0,DEV,50,True,65,UP50_NIKKEION_TESTA65
2021-03-03,1803.T,,3,63.77861957898373,80.0,51.2245654927181,28.900397118745154,19.87503738853674,True,715.743896484375,768.0,689.0,HOLD,4.491714156388455,5,747.89306640625,DEV,50,True,65,UP50_NIKKEION_TESTA65
2021-03-03,8591.T,,4,58.214564518799456,85.0,51.46520341946742,29.255309836891215,19.279486743641367,True,1452.7554931640625,1569.0,1395.0,HOLD,2.0706542229782388,5,1482.8370361328125,DEV,50,True,65,UP50_NIKKEION_TESTA65
2021-03-03,6302.T,,5,58.21112041532453,85.0,51.39632134996882,28.193371439774523,20.41030721025665,True,2519.94140625,2751.0,2405.0,LOSS,-4.5612729710667255,2,2405.0,DEV,50,True,65,UP50_NIKKEION_TESTA65
2021-03-03,8015.T,,6,58.18505217843413,85.0,50.87495661216077,30.479798768593902,18.645244619245343,True,1283.881591796875,1400.0,1226.0,HOLD,0.8638982547089353,5,1294.9730224609375,DEV,50,True,65,UP50_NIKKEION_TESTA65
2021-03-03,543A.T,,7,58.17363861145022,85.0,50.64668527248271,29.106370454919915,20.246944272597382,True,1012.5596923828125,1125.0,956.0,TIMEOUT_LOSS,-0.7684973240751022,5,1004.7781982421875,DEV,50,True,65,UP50_NIKKEION_TESTA65
2021-03-03,6902.T,,8,58.16455649467092,85.0,50.46504293689667,29.41359157844043,20.121365484662885,True,1447.410400390625,1565.0,1389.0,HOLD,4.040697345896404,5,1505.8958740234375,DEV,50,True,65,UP50_NIKKEION_TESTA65
2021-03-03,5214.T,,9,58.1629031074877,85.0,50.431975193232326,29.368782241468967,20.199242565298682,True,2020.201416015625,2166.0,1947.0,TIMEOUT_LOSS,-0.3605790873313921,5,2012.9169921875,DEV,50,True,65,UP50_NIKKEION_TESTA65
2021-03-03,9009.T,,10,53.694158402090515,75.0,51.05708108528858,27.65954139172261,21.283377522988815,True,1206.8773193359375,1307.0,1157.0,HOLD,3.911350345144137,5,1254.08251953125,DEV,50,True,65,UP50_NIKKEION_TESTA65
2021-04-01,7532.T,,1,55.82187855863012,75.0,50.13322334651542,29.454565965874917,20.41221068760967,True,499.1876525878906,542.0,478.0,TIMEOUT_LOSS,-1.4885329136736498,5,491.757080078125,DEV,50,True,65,UP50_NIKKEION_TESTA65
2022-12-21,3086.T,,1,52.66339384574037,65.0,50.87657256698144,31.403845682291458,17.719581750727144,True,1034.563720703125,1111.0,996.0,WIN,7.388262101915412,3,1111.0,DEV,50,True,65,UP50_NIKKEION_TESTA65
2022-12-21,3092.T,,2,47.064341253163875,65.0,51.938998976320946,31.528526902020186,16.53247412165889,True,945.614013671875,1020.0,908.0,HOLD,2.507832599880978,5,969.3284301757812,DEV,50,True,65,UP50_NIKKEION_TESTA65
2022-12-27,3099.T,,1,82.37088347790652,100.0,51.76549564508672,29.029021532398836,19.205482822514387,True,674.3696899414062,731.0,646.0,LOSS,-4.206845349747436,3,646.0,DEV,50,True,65,UP50_NIKKEION_TESTA65
2022-12-27,7453.T,,2,74.83214837285773,90.0,51.86035876150249,27.97561723820773,20.164024000289732,True,745.5569458007812,801.0,718.0,HOLD,0.06321629477360388,5,746.0282592773438,DEV,50,True,65,UP50_NIKKEION_TESTA65
2022-12-27,8267.T,,3,73.76290354990253,100.0,53.51894056326799,26.629714641588098,19.851344795143845,True,918.2265014648438,957.0,899.0,LOSS,-2.093873508788058,2,899.0,DEV,50,True,65,UP50_NIKKEION_TESTA65
2022-12-27,8233.T,,4,71.25031751857497,80.0,52.83243732802123,28.102473521172204,19.065089150806493,True,849.6592407226562,919.0,815.0,TIMEOUT_LOSS,-1.3661267151202405,5,838.0518188476562,DEV,50,True,65,UP50_NIKKEION_TESTA65
2022-12-27,8304.T,,5,69.11992857493576,90.0,50.65944106393259,29.283256535200884,20.057302400866497,True,2334.877685546875,2430.0,2288.0,LOSS,-2.0077148296483593,2,2288.0,DEV,50,True,65,UP50_NIKKEION_TESTA65
2022-12-27,3086.T,,6,68.21442522053451,80.0,52.98415658460311,26.896355572191045,20.11948784320579,True,1121.6087646484375,1205.0,1080.0,LOSS,-3.7097396133026437,1,1080.0,DEV,50,True,65,UP50_NIKKEION_TESTA65
2022-12-27,9201.T,,7,64.8483248638085,85.0,53.705627710952754,24.501122668775473,21.793249620271723,True,2432.251220703125,2564.0,2366.0,LOSS,-2.723864218432701,4,2366.0,DEV,50,True,65,UP50_NIKKEION_TESTA65
2022-12-27,2914.T,,8,58.30826323536948,90.0,51.8174386204331,29.17548057969433,19.007080799872522,True,2301.109375,2369.0,2267.0,LOSS,-1.4823013356329489,2,2267.0,DEV,50,True,65,UP50_NIKKEION_TESTA65
2022-12-27,1332.T,,9,58.02035000644034,70.0,52.14613056358927,27.80677996031754,20.047089476093163,True,490.6078796386719,510.0,481.0,LOSS,-1.9583622761517792,4,481.0,DEV,50,True,65,UP50_NIKKEION_TESTA65
2022-12-27,9021.T,,10,56.169332402069855,85.0,54.03882195444053,25.574412665058695,20.38676538050074,True,2576.462890625,2726.0,2502.0,LOSS,-2.890120827897379,5,2502.0,DEV,50,True,65,UP50_NIKKEION_TESTA65
2022-12-28,5401.T,,1,73.66627688561661,100.0,51.586407277549704,27.92041157245474,20.493181149995493,True,357.5216369628906,377.0,348.0,LOSS,-2.663233767828976,3,348.0,DEV,50,True,65,UP50_NIKKEION_TESTA65
2022-12-28,8304.T,,2,71.45654785325047,95.0,52.391826630226966,26.640597731041616,20.96757563873137,True,2323.53515625,2419.0,2276.0,LOSS,-2.0458117933846087,2,2276.0,DEV,50,True,65,UP50_NIKKEION_TESTA65
2022-12-28,2914.T,,3,69.22734405456788,95.0,51.28601152614032,28.167738610768904,20.546249863090715,True,2297.47265625,2365.0,2264.0,LOSS,-1.4569338250421233,1,2264.0,DEV,50,True,65,UP50_NIKKEION_TESTA65
2022-12-28,5406.T,,4,69.19400839222706,90.0,52.14103740975864,27.62713059931048,20.23183199093085,True,540.18017578125,566.0,527.0,LOSS,-2.439959178840249,2,527.0,DEV,50,True,65,UP50_NIKKEION_TESTA65
2022-12-28,3099.T,,5,69.14910444101784,90.0,51.24295838557433,29.37578516946201,19.38125644496359,True,677.1017456054688,734.0,649.0,LOSS,-4.1502987974635905,1,649.0,DEV,50,True,65,UP50_NIKKEION_TESTA65
2022-12-28,8316.T,,6,69.1108655415504,90.0,50.478180396225206,30.896651142292058,18.625168461482687,True,766.4431762695312,816.0,741.0,TIMEOUT_LOSS,-1.1023933686936116,5,757.9939575195312,DEV,50,True,65,UP50_NIKKEION_TESTA65
2022-12-28,3086.T,,7,68.9258272309475,75.0,51.342631575472,27.5868056342686,21.070562790259366,True,1114.35498046875,1201.0,1071.0,LOSS,-3.890589733848801,2,1071.0,DEV,50,True,65,UP50_NIKKEION_TESTA65
2022-12-28,8233.T,,8,66.7451944662339,70.0,52.72997628119981,28.37083622645852,18.89918749234159,True,859.8736572265625,929.0,825.0,LOSS,-4.0556722413202,2,825.0,DEV,50,True,65,UP50_NIKKEION_TESTA65
2022-12-28,3382.T,,9,62.477547231323115,80.0,51.290075061244934,27.70003279982364,21.00989213893141,True,1755.591796875,1838.0,1714.0,LOSS,-2.369104079264582,3,1714.0,DEV,50,True,65,UP50_NIKKEION_TESTA65
2022-12-28,7532.T,,10,57.928872317067594,65.0,51.838315906569264,29.061183756542246,19.100500336888413,True,487.9347839355469,529.0,468.0,LOSS,-4.085542697890572,1,468.0,DEV,50,True,65,UP50_NIKKEION_TESTA65
2022-12-29,8725.T,,1,80.29732754666867,95.0,55.29437702032982,29.91601422813946,14.789608751530661,True,1185.1563720703125,1255.0,1150.0,TIMEOUT_LOSS,-1.5490687264060723,5,1166.7974853515625,DEV,50,True,65,UP50_NIKKEION_TESTA65
2022-12-29,3659.T,,2,71.49958176533386,100.0,51.73076574145977,31.58923016224811,16.680004096292063,True,2513.8583984375,2698.0,2422.0,TIMEOUT_LOSS,-0.6611397522561457,5,2497.23828125,DEV,50,True,65,UP50_NIKKEION_TESTA65
2022-12-29,8306.T,三菱UFJ,3,71.38044550169312,95.0,50.86977959907991,34.12257793939973,15.007642461520303,True,774.2227172851562,831.0,746.0,HOLD,1.3386346642238605,5,784.5867309570312,DEV,50,True,65,UP50_NIKKEION_TESTA65
2022-12-29,8309.T,,4,67.02447896385337,85.0,53.75044884228463,30.647801402938818,15.601749754776502,True,490.4980773925781,521.0,475.0,TIMEOUT_LOSS,-0.4152957811973776,5,488.4610595703125,DEV,50,True,65,UP50_NIKKEION_TESTA65
2022-12-29,8304.T,,5,67.01124243632849,85.0,53.48571829178712,31.542134734304767,14.972146973908043,True,2277.5068359375,2379.0,2227.0,HOLD,0.42751012255983384,5,2287.243408203125,DEV,50,True,65,UP50_NIKKEION_TESTA65
2022-12-29,3099.T,,6,66.9951200079009,85.0,53.16326972323532,32.44068001296604,14.396050263798637,True,647.504150390625,707.0,618.0,TIMEOUT_LOSS,-3.2348613987678796,5,626.5582885742188,DEV,50,True,65,UP50_NIKKEION_TESTA65
2022-12-29,5401.T,,7,66.91722101877866,85.0,51.60528994079072,31.884270765542333,16.51043929366689,True,353.89703369140625,373.0,344.0,LOSS,-2.796585658877361,3,344.0,DEV,50,True,65,UP50_NIKKEION_TESTA65
2022-12-29,8354.T,,8,66.86607755453268,85.0,50.58242065587104,34.27629612553861,15.1412832185903,True,2619.1865234375,2849.0,2504.0,LOSS,-4.397797652315563,5,2504.0,DEV,50,True,65,UP50_NIKKEION_TESTA65
2022-12-29,5406.T,,9,63.982979435238995,85.0,53.79002348738854,30.175288176660263,16.034688335951174,True,531.8825073242188,559.0,518.0,HOLD,1.40406131807913,5,539.3504638671875,DEV,50,True,65,UP50_NIKKEION_TESTA65
2022-12-29,8233.T,,10,55.81064567609374,65.0,52.952043956657356,32.055796925796955,14.992159117545656,True,851.5164794921875,921.0,817.0,TIMEOUT_LOSS,-1.4176726580550585,5,839.4447631835938,DEV,50,True,65,UP50_NIKKEION_TESTA65
2024-03-11,9432.T,,1,62.31084513495702,70.0,50.99951139479266,31.772843532347682,17.227645072859676,True,165.33480834960938,173.0,162.0,TIMEOUT_LOSS,-0.8223798662566765,5,163.97512817382812,VALIDATION,50,True,65,UP50_NIKKEION_TESTA65
2024-04-18,7011.T,,1,51.47446599656932,75.0,50.141493844429796,34.256522256011415,15.601983899558775,True,1357.47998046875,1516.0,1278.0,TIMEOUT_LOSS,-4.046247660621721,5,1302.552978515625,VALIDATION,50,True,65,UP50_NIKKEION_TESTA65
2024-04-19,1605.T,,1,64.6810965736226,85.0,50.36106190723439,36.312945637736746,13.325992455028846,True,2184.22216796875,2408.0,2072.0,TIMEOUT_LOSS,-1.4944156277028502,5,2151.580810546875,VALIDATION,50,True,65,UP50_NIKKEION_TESTA65
2024-04-19,7752.T,,2,56.00719676123394,85.0,50.79610913772221,34.24232314972737,14.961567712550375,True,1267.7342529296875,1356.0,1224.0,TIMEOUT_LOSS,-1.1812393292467156,5,1252.75927734375,VALIDATION,50,True,65,UP50_NIKKEION_TESTA65
2024-04-19,5631.T,,3,51.595191136897,75.0,52.5559966509834,33.800027847986925,13.643975501029654,True,3611.031494140625,3923.0,3455.0,HOLD,0.9919622251286866,5,3646.8515625,VALIDATION,50,True,65,UP50_NIKKEION_TESTA65
2024-04-19,8053.T,,4,51.58232969937823,75.0,52.29876790060802,33.2463810972382,14.454851002153738,True,860.1566162109375,919.0,831.0,WIN,6.841008100161175,4,919.0,VALIDATION,50,True,65,UP50_NIKKEION_TESTA65
2024-04-19,5713.T,,5,51.582077063989786,75.0,52.29371519283909,34.848784785062435,12.857500022098467,True,4783.14892578125,5200.0,4575.0,HOLD,2.8281659786059232,5,4918.42431640625,VALIDATION,50,True,65,UP50_NIKKEION_TESTA65
2024-04-19,8802.T,,6,51.56110367289243,75.0,51.874247370892014,36.67713967966294,11.44861294944505,True,2698.864501953125,2988.0,2554.0,HOLD,0.3395344305769507,5,2708.028076171875,VALIDATION,50,True,65,UP50_NIKKEION_TESTA65
2024-04-19,7011.T,,7,51.54658546378247,75.0,51.583883188692866,35.236011215448535,13.180105595858596,True,1332.958740234375,1493.0,1253.0,TIMEOUT_LOSS,-0.9933699024451267,5,1319.717529296875,VALIDATION,50,True,65,UP50_NIKKEION_TESTA65
2024-04-19,5802.T,,8,51.53810202368416,75.0,51.4142143867266,34.42049998736966,14.165285625903703,True,556.1520385742188,598.0,535.0,TIMEOUT_LOSS,-0.6290609246383476,5,552.6535034179688,VALIDATION,50,True,65,UP50_NIKKEION_TESTA65
2024-04-19,8308.T,,9,51.529095514628814,75.0,51.23408420561976,34.97233174407505,13.793584050305153,True,936.7577514648438,1023.0,894.0,HOLD,0.30578246227367906,5,939.6221923828125,VALIDATION,50,True,65,UP50_NIKKEION_TESTA65
2024-04-19,8331.T,,10,51.50097759412638,75.0,50.6717257955711,34.06389490529122,15.264379299137632,True,1198.6766357421875,1299.0,1149.0,HOLD,3.731053502504542,5,1243.39990234375,VALIDATION,50,True,65,UP50_NIKKEION_TESTA65
2024-04-22,2502.T,,1,46.97059700354404,65.0,50.06411398392435,34.9903925646119,14.945493451463754,True,1694.5330810546875,1797.0,1643.0,TIMEOUT_LOSS,-1.2424635029857836,5,1673.4791259765625,VALIDATION,50,True,65,UP50_NIKKEION_TESTA65
2024-07-26,4502.T,,1,56.05324883697834,85.0,51.71715065261034,33.79688956815208,14.4859597792376,True,3831.575927734375,3975.0,3760.0,LOSS,-1.8680545311990753,5,3760.0,VALIDATION,50,True,65,UP50_NIKKEION_TESTA65
2024-07-26,7731.T,,2,55.78299820805584,65.0,52.3990945958993,31.44836990439645,16.15253549970425,True,1571.0390625,1672.0,1520.0,LOSS,-3.248745605267215,5,1520.0,VALIDATION,50,True,65,UP50_NIKKEION_TESTA65
2024-07-26,3402.T,,3,51.497496489778776,75.0,50.60210370861897,36.493799773622534,12.9040965177585,True,730.1334838867188,772.0,709.0,LOSS,-2.894468525702848,5,709.0,VALIDATION,50,True,65,UP50_NIKKEION_TESTA65
2024-07-26,8750.T,,4,47.31302105888574,65.0,56.91259509075818,31.702527680516823,11.38487722872501,True,991.7317504882812,1076.0,950.0,LOSS,-4.207967574672741,5,950.0,VALIDATION,50,True,65,UP50_NIKKEION_TESTA65
2024-07-26,8316.T,,5,47.29905706205323,65.0,56.63331515410799,31.1468263568359,12.2198584890561,True,1598.2384033203125,1711.0,1542.0,LOSS,-3.5187743707996377,5,1542.0,VALIDATION,50,True,65,UP50_NIKKEION_TESTA65
2024-07-26,4568.T,,6,47.20115340699493,65.0,54.67524205294215,33.583210427621914,11.741547519435928,True,5343.6689453125,5761.0,5135.0,WIN,7.809822407759475,3,5761.0,VALIDATION,50,True,65,UP50_NIKKEION_TESTA65
2024-07-26,4063.T,,7,47.15091908345761,65.0,53.67055558219557,34.82709368639853,11.502350731405897,True,6033.89306640625,6475.0,5813.0,WIN,7.310486426244717,1,6475.0,VALIDATION,50,True,65,UP50_NIKKEION_TESTA65
2024-07-26,2502.T,,8,47.054263660956536,65.0,51.73744713217418,34.11666849554223,14.145884372283613,True,1795.699951171875,1906.0,1741.0,LOSS,-3.0461632042801905,2,1741.0,VALIDATION,50,True,65,UP50_NIKKEION_TESTA65
2024-07-26,1812.T,,9,46.986483303698414,65.0,50.38183998701168,33.08829998750096,16.52986002548737,True,2609.5673828125,2765.0,2532.0,LOSS,-2.972423066113763,5,2532.0,VALIDATION,50,True,65,UP50_NIKKEION_TESTA65
2024-07-26,4523.T,,10,45.01182381954402,75.0,51.32343291261954,35.6738766549498,13.002690432430658,True,6109.64208984375,6530.0,5899.0,LOSS,-3.447699337313179,1,5899.0,VALIDATION,50,True,65,UP50_NIKKEION_TESTA65
2024-08-02,9766.T,,1,55.90335579265583,65.0,54.80624628789917,35.62767765723519,9.56607605486564,True,11125.8408203125,12092.0,10643.0,LOSS,-4.339814204702401,1,10643.0,VALIDATION,50,True,65,UP50_NIKKEION_TESTA65
2024-08-02,3092.T,,2,55.78874663786898,65.0,52.51406319216213,38.372176212965975,9.113760594871884,True,1292.2855224609375,1388.0,1244.0,LOSS,-3.7364438138242044,1,1244.0,VALIDATION,50,True,65,UP50_NIKKEION_TESTA65
2024-08-02,2802.T,,3,55.69875505246911,65.0,50.714231484164706,37.54334267954383,11.742425836291446,True,2889.31591796875,3102.0,2783.0,LOSS,-3.6796224776795032,1,2783.0,VALIDATION,50,True,65,UP50_NIKKEION_TESTA65
2026-01-20,2269.T,,1,84.47765326064271,100.0,50.42263043024576,25.15765555075134,24.4197140190029,True,3623.312744140625,3793.0,3538.0,LOSS,-2.354550936255419,1,3538.0,VALIDATION,50,True,65,UP50_NIKKEION_TESTA65
2026-01-20,4043.T,,2,82.29019369955006,95.0,51.673439208392416,24.68232207081759,23.644238720789996,True,4189.13330078125,4424.0,4072.0,HOLD,4.399170332933341,5,4373.42041015625,VALIDATION,50,True,65,UP50_NIKKEION_TESTA65
2026-01-20,5411.T,,3,77.72938380406609,85.0,50.45724129871303,25.28009660999787,24.26266209128909,True,2082.379150390625,2189.0,2029.0,LOSS,-2.5633732637311426,1,2029.0,VALIDATION,50,True,65,UP50_NIKKEION_TESTA65
2026-01-20,9202.T,,4,75.8062548701477,100.0,50.907706098606134,25.334638279897803,23.757655621496067,True,2998.502685546875,3120.0,2938.0,LOSS,-2.017763260260024,1,2938.0,VALIDATION,50,True,65,UP50_NIKKEION_TESTA65
2026-01-20,2282.T,,5,71.31069983770317,90.0,50.996605449715695,24.300715544778203,24.7026790055061,True,2351.8681640625,2480.0,2288.0,LOSS,-2.7156353846032473,2,2288.0,VALIDATION,50,True,65,UP50_NIKKEION_TESTA65
2026-01-20,5332.T,,6,71.27550422086189,90.0,50.29269311288993,25.01416551233956,24.693141374770505,True,4738.37060546875,5026.0,4595.0,LOSS,-3.0257364272705907,1,4595.0,VALIDATION,50,True,65,UP50_NIKKEION_TESTA65
2026-01-20,1802.T,,7,69.13872469963124,85.0,52.55710268827701,24.050082845775208,23.392814465947765,True,3520.3984375,3730.0,3416.0,TIMEOUT_LOSS,-1.2987088641866267,5,3474.6787109375,VALIDATION,50,True,65,UP50_NIKKEION_TESTA65
2026-01-20,9532.T,,8,69.12852457552947,85.0,52.353100206241635,24.596418256601424,23.05048153715694,True,5461.76904296875,5731.0,5327.0,HOLD,2.816157375177939,5,5615.5810546875,VALIDATION,50,True,65,UP50_NIKKEION_TESTA65
2026-01-20,8354.T,,9,69.11374708992655,85.0,52.057550494183204,23.87640541667495,24.06604408914185,True,5408.185546875,5701.0,5262.0,LOSS,-2.7030423717520207,1,5262.0,VALIDATION,50,True,65,UP50_NIKKEION_TESTA65
2026-01-20,4042.T,,10,69.08658539608987,85.0,51.51431661744964,24.78630058569175,23.699382796858607,True,2433.625244140625,2556.0,2372.0,HOLD,0.09867448545258592,5,2436.026611328125,VALIDATION,50,True,65,UP50_NIKKEION_TESTA65
2026-01-26,1332.T,,1,84.67231603335435,100.0,54.31588588447841,23.620752780682707,22.063361334838934,True,1214.62939453125,1286.0,1179.0,WIN,5.875916208687948,5,1286.0,VALIDATION,50,True,65,UP50_NIKKEION_TESTA65
2026-01-26,2871.T,,2,82.27638918578538,95.0,51.39734893309891,26.197342242824167,22.40530882407694,True,1863.5736083984375,1979.0,1806.0,HOLD,0.36687770753999227,5,1870.41064453125,VALIDATION,50,True,65,UP50_NIKKEION_TESTA65
2026-01-26,4578.T,,3,77.73300318657229,85.0,50.52962894883729,26.333876545384864,23.136494505777847,True,9374.162109375,10055.0,9034.0,LOSS,-3.6287201501967568,1,9034.0,VALIDATION,50,True,65,UP50_NIKKEION_TESTA65
2026-01-26,9531.T,,4,73.77124051324128,95.0,55.207418960477874,23.821963255945874,20.970617783576298,True,6588.18603515625,6988.0,6388.0,HOLD,4.668164524196773,5,6895.7333984375,VALIDATION,50,True,65,UP50_NIKKEION_TESTA65
2026-01-26,7731.T,,5,71.11465537684647,75.0,51.640933623886035,26.646789010799143,21.71227736531484,True,1891.7274169921875,2044.0,1815.0,HOLD,0.8087678213975309,5,1907.027099609375,VALIDATION,50,True,65,UP50_NIKKEION_TESTA65
2026-01-26,9532.T,,6,69.34721017764426,85.0,56.726812248537186,23.282514004194326,19.990673747268524,True,5632.2353515625,5900.0,5498.0,HOLD,2.104714612748983,5,5750.77783203125,VALIDATION,50,True,65,UP50_NIKKEION_TESTA65
2026-01-26,4043.T,,7,69.28178958797619,85.0,55.418400455176034,23.029393313154316,21.552206231669686,True,4340.4423828125,4607.0,4207.0,LOSS,-3.0743959035353585,4,4207.0,VALIDATION,50,True,65,UP50_NIKKEION_TESTA65
2026-01-26,4151.T,,8,69.27216297848747,85.0,55.225868265401616,24.04946113638813,20.724670598210288,True,2575.634765625,2707.0,2510.0,LOSS,-2.548294754402927,2,2510.0,VALIDATION,50,True,65,UP50_NIKKEION_TESTA65
2026-01-26,2269.T,,9,69.25604465941447,85.0,54.90350188394173,24.79491761317777,20.301580502880554,True,3599.936767578125,3782.0,3509.0,LOSS,-2.526065690851097,3,3509.0,VALIDATION,50,True,65,UP50_NIKKEION_TESTA65
2026-01-26,4183.T,,10,69.23474918886664,85.0,54.47759247298514,23.99929297762026,21.52311454939465,True,2152.869140625,2287.0,2086.0,TIMEOUT_LOSS,-0.04474860492311768,5,2151.90576171875,VALIDATION,50,True,65,UP50_NIKKEION_TESTA65
2026-01-27,4043.T,,1,71.18816426945189,85.0,50.06763321512471,23.67682573995364,26.25554104492168,True,4373.42041015625,4645.0,4238.0,LOSS,-3.096441628199467,2,4238.0,VALIDATION,50,True,65,UP50_NIKKEION_TESTA65
2026-01-28,1605.T,,1,77.95025034079603,100.0,50.30935464200733,25.929465032049464,23.761180325943215,True,3298.93310546875,3516.0,3190.0,WIN,6.579911977342344,5,3516.0,VALIDATION,50,True,65,UP50_NIKKEION_TESTA65
2026-01-28,7741.T,,2,73.52988099049362,95.0,50.38022850552466,27.183213985766553,22.436557508708795,True,25231.77734375,27134.0,24281.0,WIN,7.538995887347537,4,27134.0,VALIDATION,50,True,65,UP50_NIKKEION_TESTA65
2026-01-28,9532.T,,3,71.51984878590886,85.0,56.70132354426395,23.737248406152382,19.56142804958368,True,5641.052734375,5913.0,5505.0,WIN,4.820860191003522,4,5913.0,VALIDATION,50,True,65,UP50_NIKKEION_TESTA65
2026-01-28,4043.T,,4,71.4058763887596,85.0,54.42187560127888,24.265947219924755,21.312177178796368,True,4301.64501953125,4574.0,4166.0,LOSS,-3.1533289919406515,2,4166.0,VALIDATION,50,True,65,UP50_NIKKEION_TESTA65
2026-01-28,9531.T,,5,71.39240860346604,85.0,54.15251989540744,24.17758376305838,21.669896341534205,True,6538.07470703125,6947.0,6333.0,WIN,6.2545215723671514,3,6947.0,VALIDATION,50,True,65,UP50_NIKKEION_TESTA65
2026-01-28,1332.T,,6,71.35842051227198,85.0,53.47275807152641,27.45585038745915,19.071391541014464,True,1236.0411376953125,1316.0,1196.0,WIN,6.46894831136256,5,1316.0,VALIDATION,50,True,65,UP50_NIKKEION_TESTA65
2026-01-28,5201.T,,7,71.33478291291777,85.0,53.000006084442184,28.329790988338083,18.670202927219755,True,5511.80419921875,5818.0,5359.0,WIN,5.5552735495330285,5,5818.0,VALIDATION,50,True,65,UP50_NIKKEION_TESTA65
2026-01-28,4183.T,,8,71.3188371428243,85.0,52.68109068257269,26.567167617485698,20.75174169994164,True,2143.71826171875,2277.0,2077.0,WIN,6.217315990693193,5,2277.0,VALIDATION,50,True,65,UP50_NIKKEION_TESTA65
2026-01-28,6301.T,,9,71.31580124567569,85.0,52.62037273960078,27.112238415074085,20.267388845325147,True,5493.1259765625,5846.0,5316.0,WIN,6.423920094734879,3,5846.0,VALIDATION,50,True,65,UP50_NIKKEION_TESTA65
2026-01-28,4507.T,,10,71.25983680936454,85.0,51.50108401337771,24.842835076900325,23.656080909721975,True,3005.07421875,3242.0,2887.0,WIN,7.884190672287368,4,3242.0,VALIDATION,50,True,65,UP50_NIKKEION_TESTA65
2026-01-29,6301.T,,1,84.54473402439498,100.0,51.764245705291046,25.661067908149192,22.574686386559787,True,5660.439453125,6033.0,5474.0,WIN,6.581830791765077,2,6033.0,VALIDATION,50,True,65,UP50_NIKKEION_TESTA65
2026-01-29,1605.T,,2,75.76378960728043,100.0,50.0584008412607,26.35136816826831,23.590230990470985,True,3376.613037109375,3609.0,3260.0,HOLD,3.6109478058338293,5,3498.540771484375,VALIDATION,50,True,65,UP50_NIKKEION_TESTA65
2026-01-29,5019.T,,3,73.7562581703712,100.0,53.38603297264144,24.75242419702314,21.861542830335416,True,1264.226806640625,1343.0,1225.0,WIN,6.230938384283718,4,1343.0,VALIDATION,50,True,65,UP50_NIKKEION_TESTA65
2026-01-29,5201.T,,4,71.45443402621098,90.0,53.87128921987161,27.20128258913917,18.927428190989247,True,5607.37890625,5932.0,5445.0,WIN,5.789177067884185,4,5932.0,VALIDATION,50,True,65,UP50_NIKKEION_TESTA65
2026-01-29,1963.T,,5,71.34276151232409,95.0,50.11609981169912,25.651366930681284,24.232533257619586,True,2080.51611328125,2270.0,1986.0,HOLD,1.407790425349404,5,2109.805419921875,VALIDATION,50,True,65,UP50_NIKKEION_TESTA65
2026-01-29,9532.T,,6,69.26152047945709,85.0,55.013018284793894,23.34559702421564,21.64138469099048,True,5644.97119140625,5930.0,5502.0,WIN,5.049251784095374,3,5930.0,VALIDATION,50,True,65,UP50_NIKKEION_TESTA65
2026-01-29,9531.T,,7,69.21479324828508,85.0,54.07847366135389,26.958110947543585,18.963415391102558,True,6601.9423828125,7020.0,6393.0,WIN,6.332342709864773,3,7020.0,VALIDATION,50,True,65,UP50_NIKKEION_TESTA65
2026-01-29,4183.T,,8,69.16482949598142,85.0,53.07919861528061,26.62287969387016,20.297921690849254,True,2158.648681640625,2298.0,2089.0,WIN,6.455488544502972,4,2298.0,VALIDATION,50,True,65,UP50_NIKKEION_TESTA65
2026-01-29,3401.T,,9,69.10778680787216,85.0,51.93834485309543,27.82849708613078,20.233158060773793,True,1421.8724365234375,1507.0,1379.0,WIN,5.987004269152615,4,1507.0,VALIDATION,50,True,65,UP50_NIKKEION_TESTA65
2026-01-29,1332.T,,10,69.08151403256207,85.0,51.41288934689371,30.236937947233166,18.350172705873124,True,1241.8807373046875,1322.0,1202.0,WIN,6.45144580221118,4,1322.0,VALIDATION,50,True,65,UP50_NIKKEION_TESTA65
2026-01-30,1963.T,,1,84.73798977079257,100.0,55.62936063324274,24.894306164747288,19.476333202009968,True,2111.269775390625,2306.0,2014.0,HOLD,3.4913314556218653,5,2184.981201171875,VALIDATION,50,True,65,UP50_NIKKEION_TESTA65
2026-01-30,9531.T,,2,84.72956026651897,100.0,55.46077054777094,25.328079478148553,19.211149974080527,True,6726.7294921875,7185.0,6498.0,WIN,6.812679301951127,4,7185.0,VALIDATION,50,True,65,UP50_NIKKEION_TESTA65
2026-01-30,5020.T,,3,84.68182730554463,100.0,54.506111328284135,24.500324023210677,20.9935646485052,True,1267.8419189453125,1354.0,1225.0,WIN,6.79564855580421,4,1354.0,VALIDATION,50,True,65,UP50_NIKKEION_TESTA65
2026-01-30,6301.T,,4,84.61187199521953,100.0,53.10700512178198,25.696667076808065,21.19632780140997,True,5767.4423828125,6181.0,5561.0,WIN,7.170554809874462,2,6181.0,VALIDATION,50,True,65,UP50_NIKKEION_TESTA65
2026-01-30,4507.T,,5,84.58398083988284,100.0,52.54918201504821,27.51690065496034,19.933917329991456,True,3098.799560546875,3360.0,2968.0,WIN,8.42908469391381,4,3360.0,VALIDATION,50,True,65,UP50_NIKKEION_TESTA65
2026-01-30,4519.T,,6,84.49734590197855,100.0,50.81648325696237,27.515861581094576,21.66765516194305,True,8722.86328125,9453.0,8358.0,TIMEOUT_LOSS,-2.1929282466649918,5,8531.5771484375,VALIDATION,50,True,65,UP50_NIKKEION_TESTA65
2026-01-30,7741.T,,7,82.43601411936412,95.0,54.58984760467368,25.0904083204542,20.319744074872133,True,25708.787109375,27937.0,24594.0,HOLD,2.222648673365951,5,26280.203125,VALIDATION,50,True,65,UP50_NIKKEION_TESTA65
2026-01-30,4183.T,,8,76.15311036838357,100.0,57.844816063323556,23.75755364616829,18.397630290508154,True,2173.097412109375,2310.0,2105.0,WIN,6.299882698665443,3,2310.0,VALIDATION,50,True,65,UP50_NIKKEION_TESTA65
2026-01-30,5019.T,,9,76.1460399471245,100.0,57.70340763814242,23.942083090471325,18.35450927138626,True,1277.4263916015625,1358.0,1237.0,WIN,6.3074952050598405,3,1358.0,VALIDATION,50,True,65,UP50_NIKKEION_TESTA65
2026-01-30,9532.T,,10,76.13490790534765,100.0,57.48076680260503,23.21109644605235,19.30813675134265,True,5676.3212890625,5961.0,5534.0,WIN,5.015197280781783,2,5961.0,VALIDATION,50,True,65,UP50_NIKKEION_TESTA65
2026-02-02,9532.T,,1,84.88441589131735,100.0,58.55788304373826,23.429083557348456,18.01303339891333,True,5750.77783203125,6075.0,5589.0,WIN,5.637883733968392,1,6075.0,VALIDATION,50,True,65,UP50_NIKKEION_TESTA65
2026-02-02,6301.T,,2,84.65983043592772,100.0,54.06617393594573,25.88803352052157,20.045792543532723,True,6043.70361328125,6506.0,5813.0,WIN,7.649223328934224,1,6506.0,VALIDATION,50,True,65,UP50_NIKKEION_TESTA65
2026-02-02,2282.T,,3,82.59540525752445,95.0,57.777670367880226,23.268767226381645,18.95356240573815,True,2333.949951171875,2464.0,2269.0,LOSS,-2.782833930918856,1,2269.0,VALIDATION,50,True,65,UP50_NIKKEION_TESTA65
2026-02-02,7741.T,,4,82.4022606221872,95.0,53.91477766113538,26.641470340487995,19.443751998376648,True,25654.12890625,28108.0,24427.0,HOLD,6.0817375736148716,5,27214.345703125,VALIDATION,50,True,65,UP50_NIKKEION_TESTA65
2026-02-02,8233.T,,5,73.62976301465972,100.0,50.856129858411805,25.91591865805804,23.22795148353017,True,1969.732177734375,2100.0,1905.0,WIN,6.613478915466652,1,2100.0,VALIDATION,50,True,65,UP50_NIKKEION_TESTA65
2026-02-02,5802.T,,6,73.54815070273018,95.0,50.74562275025586,27.513089394507205,21.74128785523696,True,1667.8099365234375,1880.0,1562.0,WIN,12.7226765370444,1,1880.0,VALIDATION,50,True,65,UP50_NIKKEION_TESTA65
2026-02-02,4502.T,,7,71.74687723556745,90.0,59.72015340700122,23.344886590552065,16.93496000244672,True,5160.21484375,5442.0,5019.0,WIN,5.460725275640322,5,5442.0,VALIDATION,50,True,65,UP50_NIKKEION_TESTA65
2026-02-02,5201.T,,8,71.63410164397408,90.0,57.464641575133804,26.85965389241609,15.675704532450144,True,5623.14404296875,5945.0,5462.0,WIN,5.72377222727742,2,5945.0,VALIDATION,50,True,65,UP50_NIKKEION_TESTA65
2026-02-02,9531.T,,9,71.5142742390583,90.0,55.068093476818056,24.68244135857944,20.24946516460255,True,6895.7333984375,7374.0,6657.0,WIN,6.935688692240773,5,7374.0,VALIDATION,50,True,65,UP50_NIKKEION_TESTA65
2026-02-02,6305.T,,10,71.41551516680717,95.0,51.57117290136082,28.1975399519152,20.231287146724,True,5043.65087890625,5416.0,4858.0,WIN,7.382531623094746,2,5416.0,VALIDATION,50,True,65,UP50_NIKKEION_TESTA65
2026-02-03,9107.T,,1,75.7801870488361,95.0,51.90808880280887,25.312408008043903,22.779503189147228,True,2216.328369140625,2337.0,2156.0,HOLD,0.997402424587311,5,2238.43408203125,VALIDATION,50,True,65,UP50_NIKKEION_TESTA65
2026-02-03,4042.T,,2,75.77194003742416,100.0,50.22140944413529,23.87272468782055,25.905865868044202,True,2515.7548828125,2649.0,2449.0,LOSS,-2.6534732484697026,2,2449.0,VALIDATION,50,True,65,UP50_NIKKEION_TESTA65
2026-02-03,4502.T,,3,73.52020366368009,90.0,51.708421099688564,26.582494165352188,21.709084734959248,True,5234.5947265625,5522.0,5091.0,HOLD,2.9894827176098016,5,5391.08203125,VALIDATION,50,True,65,UP50_NIKKEION_TESTA65
2026-02-03,3086.T,,4,73.46461908835289,90.0,50.59672959314463,28.416231936739177,20.98703847011621,True,2300.668212890625,2422.0,2240.0,WIN,5.273762919379422,2,2422.0,VALIDATION,50,True,65,UP50_NIKKEION_TESTA65
2026-02-03,9147.T,,5,73.43825516276496,90.0,50.06945108138604,26.143485883662777,23.787063034951178,True,3545.50927734375,3718.0,3459.0,WIN,4.865047844000505,4,3718.0,VALIDATION,50,True,65,UP50_NIKKEION_TESTA65
2026-02-03,9735.T,,6,64.86921237707489,95.0,51.07989971541086,25.130917568236335,23.789182716352855,True,5759.3369140625,6050.0,5614.0,WIN,5.046815115604569,4,6050.0,VALIDATION,50,True,65,UP50_NIKKEION_TESTA65
2026-02-03,8309.T,,7,62.616284479909424,90.0,51.02134177210148,26.829971264604126,22.148686963294395,True,1257.5576171875,1333.0,1220.0,WIN,5.999119386770145,4,1333.0,VALIDATION,50,True,65,UP50_NIKKEION_TESTA65
2026-02-03,3861.T,,8,62.61304361351414,90.0,50.956524444195686,26.842237178512327,22.20123837729201,True,898.7462768554688,939.0,879.0,LOSS,-2.1970913664929967,3,879.0,VALIDATION,50,True,65,UP50_NIKKEION_TESTA65
2026-02-03,2269.T,,9,62.576940609002605,90.0,50.23446435396524,26.721612183484368,23.043923462550413,True,3647.663330078125,3839.0,3552.0,HOLD,2.2429812964193623,5,3729.479736328125,VALIDATION,50,True,65,UP50_NIKKEION_TESTA65
2026-02-03,1721.T,,10,60.341404597135536,85.0,50.52374411662387,26.513909641927214,22.962346241448923,True,4814.111328125,5080.0,4681.0,WIN,5.5231101599505035,3,5080.0,VALIDATION,50,True,65,UP50_NIKKEION_TESTA65
2026-02-04,9107.T,,1,86.87152110133113,100.0,54.8217263744488,24.64073876160942,20.537534863941804,True,2239.395263671875,2365.0,2176.0,HOLD,0.5150250807762236,5,2250.9287109375,VALIDATION,50,True,65,UP50_NIKKEION_TESTA65
2026-02-04,3086.T,,2,86.8472304580226,100.0,54.33591350827801,25.57524805700443,20.08883843471758,True,2364.439453125,2493.0,2300.0,WIN,5.437252652212593,1,2493.0,VALIDATION,50,True,65,UP50_NIKKEION_TESTA65
2026-02-04,4042.T,,3,86.77779164736947,100.0,52.94713729521546,26.0375453034867,21.015317401297857,True,2632.465087890625,2781.0,2558.0,LOSS,-2.82872081507046,1,2558.0,VALIDATION,50,True,65,UP50_NIKKEION_TESTA65
2026-02-04,9101.T,,4,84.5555758020516,95.0,53.502820388858275,26.019453976073255,20.4777256350685,True,5021.54833984375,5304.0,4880.0,LOSS,-2.818818624539108,1,4880.0,VALIDATION,50,True,65,UP50_NIKKEION_TESTA65
2026-02-04,9202.T,,5,82.30913753251079,90.0,53.57405499804192,26.25333358871821,20.1726114132399,True,3137.9677734375,3301.0,3056.0,HOLD,2.0678954426304097,5,3202.857666015625,VALIDATION,50,True,65,UP50_NIKKEION_TESTA65
2026-02-04,9022.T,,6,79.99401721198132,85.0,52.27164858745238,26.890339970799438,20.8380114417482,True,4586.88623046875,4897.0,4432.0,HOLD,0.8866777241462931,5,4627.55712890625,VALIDATION,50,True,65,UP50_NIKKEION_TESTA65
2026-02-04,5301.T,,7,78.15646443869566,100.0,54.43363660000021,24.69434555824536,20.87201784175445,True,1098.6429443359375,1166.0,1065.0,LOSS,-3.0622273150147614,2,1065.0,VALIDATION,50,True,65,UP50_NIKKEION_TESTA65
2026-02-04,8354.T,,8,78.09987100228813,100.0,53.30176787184923,24.337604181862815,22.360627946287977,True,5884.462890625,6265.0,5694.0,WIN,6.466811269746701,1,6265.0,VALIDATION,50,True,65,UP50_NIKKEION_TESTA65
2026-02-04,7186.T,,9,77.98307946657565,100.0,50.96593715759982,25.19516647158043,23.838896370819775,True,1452.181884765625,1553.0,1402.0,WIN,6.942526710464134,3,1553.0,VALIDATION,50,True,65,UP50_NIKKEION_TESTA65
2026-02-04,4208.T,,10,75.99234735964838,100.0,54.62955588861965,23.742318983283564,21.628125128096816,True,2674.761474609375,2830.0,2597.0,LOSS,-2.9072302464178184,1,2597.0,VALIDATION,50,True,65,UP50_NIKKEION_TESTA65
2026-02-05,9201.T,,1,86.7484346136186,100.0,52.35999662019789,26.103148689226025,21.536854690576117,True,3006.998291015625,3166.0,2928.0,TIMEOUT_LOSS,-0.16066849264796923,5,3002.1669921875,VALIDATION,50,True,65,UP50_NIKKEION_TESTA65
2026-02-05,9021.T,,2,86.72253530963584,100.0,51.84201054054288,25.765113284394904,22.392876175062238,True,3368.97705078125,3536.0,3286.0,LOSS,-2.4629746516678708,5,3286.0,VALIDATION,50,True,65,UP50_NIKKEION_TESTA65
2026-02-05,7186.T,,3,86.6719749464378,100.0,50.83080327658216,23.788608198318535,25.38058852509933,True,1498.9166259765625,1603.0,1447.0,LOSS,-3.4636099884967373,1,1447.0,VALIDATION,50,True,65,UP50_NIKKEION_TESTA65
2026-02-05,6472.T,,4,86.66135116107033,100.0,50.618327569232726,26.01974668074681,23.3619257500205,True,374.8567199707031,404.0,360.0,WIN,7.774511827232165,2,404.0,VALIDATION,50,True,65,UP50_NIKKEION_TESTA65
2026-02-05,9001.T,,5,86.65186688922347,100.0,50.42864213229563,24.482088879947966,25.089268987756423,True,2865.47412109375,3005.0,2796.0,HOLD,2.3975498982617505,5,2934.17529296875,VALIDATION,50,True,65,UP50_NIKKEION_TESTA65
2026-02-05,2801.T,,6,86.6343495990333,100.0,50.07829632849202,27.454467962037022,22.467235709470977,True,1489.268798828125,1587.0,1440.0,LOSS,-3.3082542833700406,1,1440.0,VALIDATION,50,True,65,UP50_NIKKEION_TESTA65
2026-02-05,7951.T,,7,84.40524553730862,95.0,50.49621509399845,26.57137137933603,22.932413526665545,True,1142.1702880859375,1219.0,1104.0,WIN,6.726642490658258,2,1219.0,VALIDATION,50,True,65,UP50_NIKKEION_TESTA65
2026-02-05,9202.T,,8,82.2324558548892,90.0,52.040421445609944,26.558381763701515,21.401196790688573,True,3190.267333984375,3358.0,3106.0,HOLD,1.5482651971499928,5,3239.6611328125,VALIDATION,50,True,65,UP50_NIKKEION_TESTA65
2026-02-05,3861.T,,9,78.13090301440758,100.0,53.922408114238365,24.30392090066812,21.77367098509353,True,915.1428833007812,957.0,894.0,LOSS,-2.3103368541229417,1,894.0,VALIDATION,50,True,65,UP50_NIKKEION_TESTA65
2026-02-05,1928.T,,10,77.99936761523942,100.0,51.29170013087527,26.237866986659547,22.4704328824652,True,3514.206298828125,3666.0,3438.0,WIN,4.319430570211354,4,3666.0,VALIDATION,50,True,65,UP50_NIKKEION_TESTA65
2026-02-06,7186.T,,1,86.8596525456048,100.0,54.58435525992219,24.57846546710389,20.837179272973934,True,1509.1397705078125,1628.0,1450.0,WIN,7.876025257235919,2,1628.0,VALIDATION,50,True,65,UP50_NIKKEION_TESTA65
2026-02-06,1812.T,,2,86.85315336505876,100.0,54.454371649001246,24.061214472076635,21.484413878922144,True,6757.44580078125,7283.0,6495.0,WIN,7.777409019810251,1,7283.0,VALIDATION,50,True,65,UP50_NIKKEION_TESTA65
2026-02-06,5201.T,,3,86.84778843288753,100.0,54.347073005576654,25.577812370450104,20.075114623973278,True,6017.2666015625,6420.0,5816.0,HOLD,4.290152313954585,5,6275.41650390625,VALIDATION,50,True,65,UP50_NIKKEION_TESTA65
2026-02-06,6472.T,,4,86.80479113005586,100.0,53.48712694894311,25.743088157947742,20.76978489310917,True,391.5879211425781,422.0,376.0,HOLD,3.087186718552306,5,403.6769714355469,VALIDATION,50,True,65,UP50_NIKKEION_TESTA65
2026-02-06,1802.T,,5,86.78465372831809,100.0,53.08437891418809,25.35154585302254,21.564075232789392,True,3859.8896484375,4131.0,3724.0,WIN,7.023785036762558,1,4131.0,VALIDATION,50,True,65,UP50_NIKKEION_TESTA65
2026-02-06,7203.T,トヨタ自動車,6,86.7661917207333,100.0,52.715138762492266,26.18562083798434,21.0992403995234,True,3662.18603515625,3964.0,3511.0,TIMEOUT_LOSS,-1.772489562551824,5,3597.274169921875,VALIDATION,50,True,65,UP50_NIKKEION_TESTA65
2026-02-06,1801.T,,7,86.73773202705411,100.0,52.14594488890815,25.722156489017294,22.131898622074583,True,17298.3203125,18953.0,16471.0,TIMEOUT_LOSS,-2.476769104659277,5,16869.880859375,VALIDATION,50,True,65,UP50_NIKKEION_TESTA65
2026-02-06,3086.T,,8,86.69882787480053,100.0,51.36786184383667,26.180114829601152,22.45202332656219,True,2634.731201171875,2816.0,2544.0,TIMEOUT_LOSS,-3.2023769028116473,5,2550.357177734375,VALIDATION,50,True,65,UP50_NIKKEION_TESTA65
2026-02-06,1332.T,,9,86.64756604296481,100.0,50.342625207122346,26.600838027493563,23.056536765384113,True,1386.8966064453125,1503.0,1329.0,WIN,8.371452710686667,3,1503.0,VALIDATION,50,True,65,UP50_NIKKEION_TESTA65
2026-02-06,8354.T,,10,82.25466656700758,90.0,52.484635687977445,25.58118694680857,21.934177365213994,True,6673.7236328125,7199.0,6411.0,TIMEOUT_LOSS,-2.6361767736193706,5,6497.79248046875,VALIDATION,50,True,65,UP50_NIKKEION_TESTA65
2026-02-24,2269.T,,1,62.58321654092171,90.0,50.359982992347355,27.38934259088354,22.250674416769105,True,3802.53076171875,3997.0,3705.0,HOLD,1.5368760756707183,5,3860.970947265625,VALIDATION,50,True,65,UP50_NIKKEION_TESTA65
2026-03-03,9531.T,,1,73.70194726629961,100.0,52.29981489120955,25.94784480243491,21.75234030635557,True,7724.04638671875,8329.0,7422.0,LOSS,-3.9104683166857863,1,7422.0,VALIDATION,50,True,65,UP50_NIKKEION_TESTA65
2026-03-03,2269.T,,2,69.21608304174408,85.0,54.10426953053389,25.985731634832486,19.909998834633665,True,3860.970947265625,4066.0,3759.0,LOSS,-2.6410700483991403,1,3759.0,VALIDATION,50,True,65,UP50_NIKKEION_TESTA65
2026-03-03,9147.T,,3,69.18296099876922,85.0,53.44182867103656,26.835565551397156,19.722605777566276,True,3712.83447265625,3935.0,3602.0,LOSS,-2.9851713959377344,1,3602.0,VALIDATION,50,True,65,UP50_NIKKEION_TESTA65
2026-03-03,2871.T,,4,69.17380544003383,85.0,53.25871749632874,27.786167863075796,18.95511464059547,True,2041.3358154296875,2141.0,1991.0,LOSS,-2.4658272808039743,3,1991.0,VALIDATION,50,True,65,UP50_NIKKEION_TESTA65
2026-03-03,9101.T,,5,69.14202971547988,85.0,52.623203005249806,26.827598165353194,20.54919882939701,True,5355.22509765625,5662.0,5202.0,LOSS,-2.8612260896990116,1,5202.0,VALIDATION,50,True,65,UP50_NIKKEION_TESTA65
2026-03-03,2282.T,,6,69.08749361342139,85.0,51.53248096407985,28.63065578906905,19.836863246851085,True,2313.099609375,2445.0,2247.0,LOSS,-2.8576205325139514,1,2247.0,VALIDATION,50,True,65,UP50_NIKKEION_TESTA65
2026-03-03,9008.T,,7,69.02580415898169,85.0,50.298691875285904,30.649968640300628,19.051339484413454,True,787.9111328125,827.0,768.0,LOSS,-2.52707849696525,1,768.0,VALIDATION,50,True,65,UP50_NIKKEION_TESTA65
2026-03-03,9532.T,,8,62.64764960543492,95.0,50.12690515217666,28.60871727158824,21.2643775762351,True,6512.9765625,6986.0,6277.0,LOSS,-3.6231753674455205,4,6277.0,VALIDATION,50,True,65,UP50_NIKKEION_TESTA65
2026-03-03,8252.T,,9,57.87881621676097,65.0,50.83719390043668,29.868680297234835,19.294125802328505,True,2993.501220703125,3144.0,2918.0,HOLD,1.1497970742447363,5,3027.92041015625,VALIDATION,50,True,65,UP50_NIKKEION_TESTA65
2026-03-03,4502.T,,10,53.76961775264362,75.0,52.56626809635061,28.635757111180187,18.797974792469198,True,5532.11376953125,5846.0,5375.0,LOSS,-2.8400314251773358,1,5375.0,VALIDATION,50,True,65,UP50_NIKKEION_TESTA65
2019-05-31,6701.T,,1,66.90710666751677,85.0,51.403002915552754,30.77351253692347,17.823484547523787,True,724.491455078125,771.0,701.0,LOSS,-3.2424751062925674,2,701.0,DEV,50,True,75,UP50_NIKKEION_TESTA75
2019-05-31,9433.T,,2,66.90363020137504,85.0,51.333473592718256,29.230765442114926,19.435760965166818,True,1090.1092529296875,1140.0,1065.0,LOSS,-2.3033703146914815,3,1065.0,DEV,50,True,75,UP50_NIKKEION_TESTA75
2019-05-31,4661.T,,3,66.86470094020171,85.0,50.55488836925184,31.001457383270388,18.443654247477788,True,2591.773193359375,2729.0,2523.0,LOSS,-2.6535189705482427,2,2523.0,DEV,50,True,75,UP50_NIKKEION_TESTA75
2019-05-31,9009.T,,4,62.53778969194589,75.0,54.01666340413512,28.68546290871495,17.297873687149952,True,1268.4100341796875,1344.0,1230.0,LOSS,-3.028203273756678,2,1230.0,DEV,50,True,75,UP50_NIKKEION_TESTA75
2019-05-31,8725.T,,5,62.40341912974047,75.0,51.329252160026805,29.681361663813473,18.989386176159726,True,827.1231689453125,867.0,807.0,HOLD,1.5380118607519444,5,839.8444213867188,DEV,50,True,75,UP50_NIKKEION_TESTA75
2019-05-31,9005.T,,6,56.15538308087339,85.0,53.75983553051137,28.495404587451002,17.744759882037652,True,1756.6318359375,1858.0,1706.0,HOLD,1.5576503885109498,5,1783.9940185546875,DEV,50,True,75,UP50_NIKKEION_TESTA75
2019-05-31,7832.T,,7,56.11400669802855,85.0,52.93230787361447,29.31742325203895,17.75026887434661,True,1560.746337890625,1681.0,1501.0,LOSS,-3.8280620264900436,3,1501.0,DEV,50,True,75,UP50_NIKKEION_TESTA75
2019-05-31,7011.T,,8,56.109604140127274,85.0,52.84425671558894,29.113415085366157,18.042328199044913,True,406.5148620605469,430.0,395.0,LOSS,-2.832580831652801,5,395.0,DEV,50,True,75,UP50_NIKKEION_TESTA75
2019-05-31,8252.T,,9,53.031465284585806,85.0,52.15104482215095,28.93214044825016,18.9168147295989,True,1772.20361328125,1897.0,1710.0,HOLD,0.4858625480889374,5,1780.8140869140625,DEV,50,True,75,UP50_NIKKEION_TESTA75
2019-05-31,9432.T,,10,51.673578384741035,75.0,54.12374160786412,28.299216882068396,17.577041510067502,True,75.73210144042969,79.0,74.0,HOLD,2.0756152457930694,5,77.30400848388672,DEV,50,True,75,UP50_NIKKEION_TESTA75
2019-10-16,5333.T,,1,66.00037280802009,85.0,50.659630073445285,28.434297133080268,20.906072793474483,True,1279.611572265625,1347.0,1246.0,HOLD,4.6975658087161385,5,1339.72216796875,DEV,50,True,75,UP50_NIKKEION_TESTA75
2019-10-16,8316.T,,2,59.55364859395159,90.0,50.638189270336184,28.98386640047919,20.37794432918465,True,455.3744201660156,475.0,445.0,HOLD,1.994168362350452,5,464.4553527832031,DEV,50,True,75,UP50_NIKKEION_TESTA75
2019-10-16,8306.T,三菱UFJ,3,49.33016924828867,75.0,50.73381974838216,29.49265973500258,19.773520516615275,True,420.6357421875,441.0,410.0,HOLD,2.5258949321037956,5,431.26055908203125,DEV,50,True,75,UP50_NIKKEION_TESTA75
2019-12-13,6902.T,,1,79.9474220305637,85.0,51.339744959100095,26.88473019745516,21.775524843444742,True,1062.3533935546875,1111.0,1038.0,LOSS,-2.2924004104886255,4,1038.0,DEV,50,True,75,UP50_NIKKEION_TESTA75
2019-12-13,7751.T,,2,75.76102436613135,100.0,50.003096018279244,28.68153099017649,21.315372991544262,True,2363.890625,2434.0,2329.0,HOLD,0.16231351915869627,5,2367.7275390625,DEV,50,True,75,UP50_NIKKEION_TESTA75
2021-01-08,8630.T,,1,77.95780953516322,100.0,50.4605385293513,27.95931592604394,21.580145544604772,True,1132.0400390625,1193.0,1101.0,TIMEOUT_LOSS,-0.30681481941565325,5,1128.5667724609375,DEV,50,True,75,UP50_NIKKEION_TESTA75
2021-01-08,2282.T,,2,69.07305927734993,85.0,51.24379424265088,27.305470310900116,21.450735446449002,True,1336.1334228515625,1409.0,1300.0,LOSS,-2.704327444668431,5,1300.0,DEV,50,True,75,UP50_NIKKEION_TESTA75
2021-01-08,6471.T,,3,61.48729351264076,75.0,50.398044165858636,28.578519009119656,21.02343682502171,True,743.6954345703125,804.0,714.0,HOLD,0.10821762954313383,5,744.500244140625,DEV,50,True,75,UP50_NIKKEION_TESTA75
2021-02-08,8316.T,,1,86.6785606705024,100.0,50.962517757874416,27.58434517107836,21.453137071047212,True,461.5956115722656,489.0,448.0,WIN,5.9368823577829986,4,489.0,DEV,50,True,75,UP50_NIKKEION_TESTA75
2021-02-08,8053.T,,2,86.66960088868237,100.0,50.783322121473375,28.123537323913183,21.09314055461344,True,289.6702880859375,308.0,281.0,HOLD,4.330316450335212,5,302.21392822265625,DEV,50,True,75,UP50_NIKKEION_TESTA75
2021-02-08,1721.T,,3,86.66486905860837,100.0,50.68868551999351,27.960302180264897,21.351012299741583,True,2813.673095703125,2995.0,2723.0,LOSS,-3.2225881479122642,5,2723.0,DEV,50,True,75,UP50_NIKKEION_TESTA75
2021-02-08,8331.T,,4,86.63168907119703,100.0,50.02508577176658,27.964037163651252,22.010877064582175,True,540.8916015625,577.0,523.0,WIN,6.67571807977641,5,577.0,DEV,50,True,75,UP50_NIKKEION_TESTA75
2021-02-08,2501.T,,5,79.17088127550281,90.0,51.67849507527361,27.43953525645638,20.88196966827001,True,409.2459716796875,431.0,399.0,HOLD,2.379850161504267,5,418.98541259765625,DEV,50,True,75,UP50_NIKKEION_TESTA75
2021-02-08,2502.T,,6,79.1356410747135,90.0,50.97369105948742,27.026080849545597,22.00022809096696,True,1281.2196044921875,1367.0,1238.0,HOLD,5.947292385270954,5,1357.41748046875,DEV,50,True,75,UP50_NIKKEION_TESTA75
2021-02-08,8267.T,,7,78.0572989763375,100.0,52.45032735283702,26.847088609042665,20.7025840381203,True,1074.799072265625,1131.0,1047.0,WIN,5.228970622007156,4,1131.0,DEV,50,True,75,UP50_NIKKEION_TESTA75
2021-02-08,4704.T,,8,77.99862884951816,100.0,51.276924816449984,27.224834005760023,21.49824117778996,True,4925.25244140625,5259.0,4758.0,HOLD,1.663897898634439,5,5007.20361328125,DEV,50,True,75,UP50_NIKKEION_TESTA75
2021-02-08,8630.T,,9,77.98637083402653,100.0,51.031764506617286,27.96319862862032,21.00503686476241,True,1166.7735595703125,1229.0,1136.0,TIMEOUT_LOSS,-1.465567450973294,5,1149.6737060546875,DEV,50,True,75,UP50_NIKKEION_TESTA75
2021-02-08,4578.T,,10,77.98630109321283,100.0,51.03036969034363,27.199344586730284,21.770285722926072,True,4261.3779296875,4483.0,4151.0,LOSS,-2.5901933953929865,3,4151.0,DEV,50,True,75,UP50_NIKKEION_TESTA75
2021-02-26,7004.T,,1,66.87697589323062,85.0,50.80038742982998,28.591335046760996,20.608277523409,True,601.1643676757812,672.0,566.0,WIN,11.783072339780071,3,672.0,DEV,50,True,75,UP50_NIKKEION_TESTA75
2021-03-02,6302.T,,1,58.224898518700236,85.0,51.67188341748297,29.18540642930762,19.142710153209418,True,2450.734619140625,2680.0,2336.0,TIMEOUT_LOSS,-0.7308973144512134,5,2432.822265625,DEV,50,True,75,UP50_NIKKEION_TESTA75
2021-03-02,4183.T,,2,58.18236160039458,85.0,50.82114505136987,28.26775918555992,20.9110957630702,True,1364.8817138671875,1484.0,1305.0,HOLD,6.627409387135143,5,1455.3380126953125,DEV,50,True,75,UP50_NIKKEION_TESTA75
2021-03-03,7011.T,,1,70.2030310867498,75.0,50.79975216977882,25.855716319850792,23.344531510370377,True,291.8812561035156,315.0,280.0,HOLD,1.0381766066016929,5,294.9114990234375,DEV,50,True,75,UP50_NIKKEION_TESTA75
2021-03-03,7186.T,,2,64.53514691573227,75.0,50.48554701029766,29.4175863389569,20.09686665074543,True,347.6304626464844,376.0,333.0,WIN,8.160831803271924,4,376.0,DEV,50,True,75,UP50_NIKKEION_TESTA75
2021-03-03,1803.T,,3,63.77861957898373,80.0,51.2245654927181,28.900397118745154,19.87503738853674,True,715.743896484375,768.0,689.0,HOLD,4.491714156388455,5,747.89306640625,DEV,50,True,75,UP50_NIKKEION_TESTA75
2021-03-03,8591.T,,4,58.214564518799456,85.0,51.46520341946742,29.255309836891215,19.279486743641367,True,1452.7554931640625,1569.0,1395.0,HOLD,2.0706542229782388,5,1482.8370361328125,DEV,50,True,75,UP50_NIKKEION_TESTA75
2021-03-03,6302.T,,5,58.21112041532453,85.0,51.39632134996882,28.193371439774523,20.41030721025665,True,2519.94140625,2751.0,2405.0,LOSS,-4.5612729710667255,2,2405.0,DEV,50,True,75,UP50_NIKKEION_TESTA75
2021-03-03,8015.T,,6,58.18505217843413,85.0,50.87495661216077,30.479798768593902,18.645244619245343,True,1283.881591796875,1400.0,1226.0,HOLD,0.8638982547089353,5,1294.9730224609375,DEV,50,True,75,UP50_NIKKEION_TESTA75
2021-03-03,543A.T,,7,58.17363861145022,85.0,50.64668527248271,29.106370454919915,20.246944272597382,True,1012.5596923828125,1125.0,956.0,TIMEOUT_LOSS,-0.7684973240751022,5,1004.7781982421875,DEV,50,True,75,UP50_NIKKEION_TESTA75
2021-03-03,6902.T,,8,58.16455649467092,85.0,50.46504293689667,29.41359157844043,20.121365484662885,True,1447.410400390625,1565.0,1389.0,HOLD,4.040697345896404,5,1505.8958740234375,DEV,50,True,75,UP50_NIKKEION_TESTA75
2021-03-03,5214.T,,9,58.1629031074877,85.0,50.431975193232326,29.368782241468967,20.199242565298682,True,2020.201416015625,2166.0,1947.0,TIMEOUT_LOSS,-0.3605790873313921,5,2012.9169921875,DEV,50,True,75,UP50_NIKKEION_TESTA75
2021-03-03,9009.T,,10,53.694158402090515,75.0,51.05708108528858,27.65954139172261,21.283377522988815,True,1206.8773193359375,1307.0,1157.0,HOLD,3.911350345144137,5,1254.08251953125,DEV,50,True,75,UP50_NIKKEION_TESTA75
2021-04-01,7532.T,,1,55.82187855863012,75.0,50.13322334651542,29.454565965874917,20.41221068760967,True,499.1876525878906,542.0,478.0,TIMEOUT_LOSS,-1.4885329136736498,5,491.757080078125,DEV,50,True,75,UP50_NIKKEION_TESTA75
2022-12-27,3099.T,,1,82.37088347790652,100.0,51.76549564508672,29.029021532398836,19.205482822514387,True,674.3696899414062,731.0,646.0,LOSS,-4.206845349747436,3,646.0,DEV,50,True,75,UP50_NIKKEION_TESTA75
2022-12-27,7453.T,,2,74.83214837285773,90.0,51.86035876150249,27.97561723820773,20.164024000289732,True,745.5569458007812,801.0,718.0,HOLD,0.06321629477360388,5,746.0282592773438,DEV,50,True,75,UP50_NIKKEION_TESTA75
2022-12-27,8267.T,,3,73.76290354990253,100.0,53.51894056326799,26.629714641588098,19.851344795143845,True,918.2265014648438,957.0,899.0,LOSS,-2.093873508788058,2,899.0,DEV,50,True,75,UP50_NIKKEION_TESTA75
2022-12-27,8233.T,,4,71.25031751857497,80.0,52.83243732802123,28.102473521172204,19.065089150806493,True,849.6592407226562,919.0,815.0,TIMEOUT_LOSS,-1.3661267151202405,5,838.0518188476562,DEV,50,True,75,UP50_NIKKEION_TESTA75
2022-12-27,8304.T,,5,69.11992857493576,90.0,50.65944106393259,29.283256535200884,20.057302400866497,True,2334.877685546875,2430.0,2288.0,LOSS,-2.0077148296483593,2,2288.0,DEV,50,True,75,UP50_NIKKEION_TESTA75
2022-12-27,3086.T,,6,68.21442522053451,80.0,52.98415658460311,26.896355572191045,20.11948784320579,True,1121.6087646484375,1205.0,1080.0,LOSS,-3.7097396133026437,1,1080.0,DEV,50,True,75,UP50_NIKKEION_TESTA75
2022-12-27,9201.T,,7,64.8483248638085,85.0,53.705627710952754,24.501122668775473,21.793249620271723,True,2432.251220703125,2564.0,2366.0,LOSS,-2.723864218432701,4,2366.0,DEV,50,True,75,UP50_NIKKEION_TESTA75
2022-12-27,2914.T,,8,58.30826323536948,90.0,51.8174386204331,29.17548057969433,19.007080799872522,True,2301.109375,2369.0,2267.0,LOSS,-1.4823013356329489,2,2267.0,DEV,50,True,75,UP50_NIKKEION_TESTA75
2022-12-27,9021.T,,9,56.169332402069855,85.0,54.03882195444053,25.574412665058695,20.38676538050074,True,2576.462890625,2726.0,2502.0,LOSS,-2.890120827897379,5,2502.0,DEV,50,True,75,UP50_NIKKEION_TESTA75
2022-12-27,5301.T,,10,53.043713321895694,85.0,52.39600556834859,27.051560948063734,20.552433483587624,True,983.0342407226562,1049.0,950.0,LOSS,-3.3604364277659187,4,950.0,DEV,50,True,75,UP50_NIKKEION_TESTA75
2022-12-28,5401.T,,1,73.66627688561661,100.0,51.586407277549704,27.92041157245474,20.493181149995493,True,357.5216369628906,377.0,348.0,LOSS,-2.663233767828976,3,348.0,DEV,50,True,75,UP50_NIKKEION_TESTA75
2022-12-28,8304.T,,2,71.45654785325047,95.0,52.391826630226966,26.640597731041616,20.96757563873137,True,2323.53515625,2419.0,2276.0,LOSS,-2.0458117933846087,2,2276.0,DEV,50,True,75,UP50_NIKKEION_TESTA75
2022-12-28,2914.T,,3,69.22734405456788,95.0,51.28601152614032,28.167738610768904,20.546249863090715,True,2297.47265625,2365.0,2264.0,LOSS,-1.4569338250421233,1,2264.0,DEV,50,True,75,UP50_NIKKEION_TESTA75
2022-12-28,5406.T,,4,69.19400839222706,90.0,52.14103740975864,27.62713059931048,20.23183199093085,True,540.18017578125,566.0,527.0,LOSS,-2.439959178840249,2,527.0,DEV,50,True,75,UP50_NIKKEION_TESTA75
2022-12-28,3099.T,,5,69.14910444101784,90.0,51.24295838557433,29.37578516946201,19.38125644496359,True,677.1017456054688,734.0,649.0,LOSS,-4.1502987974635905,1,649.0,DEV,50,True,75,UP50_NIKKEION_TESTA75
2022-12-28,8316.T,,6,69.1108655415504,90.0,50.478180396225206,30.896651142292058,18.625168461482687,True,766.4431762695312,816.0,741.0,TIMEOUT_LOSS,-1.1023933686936116,5,757.9939575195312,DEV,50,True,75,UP50_NIKKEION_TESTA75
2022-12-28,3086.T,,7,68.9258272309475,75.0,51.342631575472,27.5868056342686,21.070562790259366,True,1114.35498046875,1201.0,1071.0,LOSS,-3.890589733848801,2,1071.0,DEV,50,True,75,UP50_NIKKEION_TESTA75
2022-12-28,3382.T,,8,62.477547231323115,80.0,51.290075061244934,27.70003279982364,21.00989213893141,True,1755.591796875,1838.0,1714.0,LOSS,-2.369104079264582,3,1714.0,DEV,50,True,75,UP50_NIKKEION_TESTA75
2022-12-28,9201.T,,9,51.60451174789743,75.0,52.74240887099214,25.09268564597206,22.164905483035756,True,2413.58251953125,2546.0,2347.0,LOSS,-2.7586593370000547,3,2347.0,DEV,50,True,75,UP50_NIKKEION_TESTA75
2022-12-28,2871.T,,10,51.56196786123597,75.0,51.891531137762925,28.056693383025394,20.051775479211642,True,1331.5797119140625,1398.0,1298.0,LOSS,-2.5217950989801254,4,1298.0,DEV,50,True,75,UP50_NIKKEION_TESTA75
2022-12-29,8725.T,,1,80.29732754666867,95.0,55.29437702032982,29.91601422813946,14.789608751530661,True,1185.1563720703125,1255.0,1150.0,TIMEOUT_LOSS,-1.5490687264060723,5,1166.7974853515625,DEV,50,True,75,UP50_NIKKEION_TESTA75
2022-12-29,3659.T,,2,71.49958176533386,100.0,51.73076574145977,31.58923016224811,16.680004096292063,True,2513.8583984375,2698.0,2422.0,TIMEOUT_LOSS,-0.6611397522561457,5,2497.23828125,DEV,50,True,75,UP50_NIKKEION_TESTA75
2022-12-29,8306.T,三菱UFJ,3,71.38044550169312,95.0,50.86977959907991,34.12257793939973,15.007642461520303,True,774.2227172851562,831.0,746.0,HOLD,1.3386346642238605,5,784.5867309570312,DEV,50,True,75,UP50_NIKKEION_TESTA75
2022-12-29,8309.T,,4,67.02447896385337,85.0,53.75044884228463,30.647801402938818,15.601749754776502,True,490.4980773925781,521.0,475.0,TIMEOUT_LOSS,-0.4152957811973776,5,488.4610595703125,DEV,50,True,75,UP50_NIKKEION_TESTA75
2022-12-29,8304.T,,5,67.01124243632849,85.0,53.48571829178712,31.542134734304767,14.972146973908043,True,2277.5068359375,2379.0,2227.0,HOLD,0.42751012255983384,5,2287.243408203125,DEV,50,True,75,UP50_NIKKEION_TESTA75
2022-12-29,3099.T,,6,66.9951200079009,85.0,53.16326972323532,32.44068001296604,14.396050263798637,True,647.504150390625,707.0,618.0,TIMEOUT_LOSS,-3.2348613987678796,5,626.5582885742188,DEV,50,True,75,UP50_NIKKEION_TESTA75
2022-12-29,5401.T,,7,66.91722101877866,85.0,51.60528994079072,31.884270765542333,16.51043929366689,True,353.89703369140625,373.0,344.0,LOSS,-2.796585658877361,3,344.0,DEV,50,True,75,UP50_NIKKEION_TESTA75
2022-12-29,8354.T,,8,66.86607755453268,85.0,50.58242065587104,34.27629612553861,15.1412832185903,True,2619.1865234375,2849.0,2504.0,LOSS,-4.397797652315563,5,2504.0,DEV,50,True,75,UP50_NIKKEION_TESTA75
2022-12-29,5406.T,,9,63.982979435238995,85.0,53.79002348738854,30.175288176660263,16.034688335951174,True,531.8825073242188,559.0,518.0,HOLD,1.40406131807913,5,539.3504638671875,DEV,50,True,75,UP50_NIKKEION_TESTA75
2022-12-29,1812.T,,10,53.83532248054932,80.0,52.358623524029944,31.392993943861747,16.248382532108263,True,1341.56884765625,1407.0,1309.0,LOSS,-2.427668748655612,2,1309.0,DEV,50,True,75,UP50_NIKKEION_TESTA75
2024-04-18,7011.T,,1,51.47446599656932,75.0,50.141493844429796,34.256522256011415,15.601983899558775,True,1357.47998046875,1516.0,1278.0,TIMEOUT_LOSS,-4.046247660621721,5,1302.552978515625,VALIDATION,50,True,75,UP50_NIKKEION_TESTA75
2024-04-19,1605.T,,1,64.6810965736226,85.0,50.36106190723439,36.312945637736746,13.325992455028846,True,2184.22216796875,2408.0,2072.0,TIMEOUT_LOSS,-1.4944156277028502,5,2151.580810546875,VALIDATION,50,True,75,UP50_NIKKEION_TESTA75
2024-04-19,7752.T,,2,56.00719676123394,85.0,50.79610913772221,34.24232314972737,14.961567712550375,True,1267.7342529296875,1356.0,1224.0,TIMEOUT_LOSS,-1.1812393292467156,5,1252.75927734375,VALIDATION,50,True,75,UP50_NIKKEION_TESTA75
2024-04-19,5631.T,,3,51.595191136897,75.0,52.5559966509834,33.800027847986925,13.643975501029654,True,3611.031494140625,3923.0,3455.0,HOLD,0.9919622251286866,5,3646.8515625,VALIDATION,50,True,75,UP50_NIKKEION_TESTA75
2024-04-19,8053.T,,4,51.58232969937823,75.0,52.29876790060802,33.2463810972382,14.454851002153738,True,860.1566162109375,919.0,831.0,WIN,6.841008100161175,4,919.0,VALIDATION,50,True,75,UP50_NIKKEION_TESTA75
2024-04-19,5713.T,,5,51.582077063989786,75.0,52.29371519283909,34.848784785062435,12.857500022098467,True,4783.14892578125,5200.0,4575.0,HOLD,2.8281659786059232,5,4918.42431640625,VALIDATION,50,True,75,UP50_NIKKEION_TESTA75
2024-04-19,8802.T,,6,51.56110367289243,75.0,51.874247370892014,36.67713967966294,11.44861294944505,True,2698.864501953125,2988.0,2554.0,HOLD,0.3395344305769507,5,2708.028076171875,VALIDATION,50,True,75,UP50_NIKKEION_TESTA75
2024-04-19,7011.T,,7,51.54658546378247,75.0,51.583883188692866,35.236011215448535,13.180105595858596,True,1332.958740234375,1493.0,1253.0,TIMEOUT_LOSS,-0.9933699024451267,5,1319.717529296875,VALIDATION,50,True,75,UP50_NIKKEION_TESTA75
2024-04-19,5802.T,,8,51.53810202368416,75.0,51.4142143867266,34.42049998736966,14.165285625903703,True,556.1520385742188,598.0,535.0,TIMEOUT_LOSS,-0.6290609246383476,5,552.6535034179688,VALIDATION,50,True,75,UP50_NIKKEION_TESTA75
2024-04-19,8308.T,,9,51.529095514628814,75.0,51.23408420561976,34.97233174407505,13.793584050305153,True,936.7577514648438,1023.0,894.0,HOLD,0.30578246227367906,5,939.6221923828125,VALIDATION,50,True,75,UP50_NIKKEION_TESTA75
2024-04-19,8331.T,,10,51.50097759412638,75.0,50.6717257955711,34.06389490529122,15.264379299137632,True,1198.6766357421875,1299.0,1149.0,HOLD,3.731053502504542,5,1243.39990234375,VALIDATION,50,True,75,UP50_NIKKEION_TESTA75
2024-07-26,4502.T,,1,56.05324883697834,85.0,51.71715065261034,33.79688956815208,14.4859597792376,True,3831.575927734375,3975.0,3760.0,LOSS,-1.8680545311990753,5,3760.0,VALIDATION,50,True,75,UP50_NIKKEION_TESTA75
2024-07-26,3402.T,,2,51.497496489778776,75.0,50.60210370861897,36.493799773622534,12.9040965177585,True,730.1334838867188,772.0,709.0,LOSS,-2.894468525702848,5,709.0,VALIDATION,50,True,75,UP50_NIKKEION_TESTA75
2024-07-26,4523.T,,3,45.01182381954402,75.0,51.32343291261954,35.6738766549498,13.002690432430658,True,6109.64208984375,6530.0,5899.0,LOSS,-3.447699337313179,1,5899.0,VALIDATION,50,True,75,UP50_NIKKEION_TESTA75
2026-01-20,2269.T,,1,84.47765326064271,100.0,50.42263043024576,25.15765555075134,24.4197140190029,True,3623.312744140625,3793.0,3538.0,LOSS,-2.354550936255419,1,3538.0,VALIDATION,50,True,75,UP50_NIKKEION_TESTA75
2026-01-20,4043.T,,2,82.29019369955006,95.0,51.673439208392416,24.68232207081759,23.644238720789996,True,4189.13330078125,4424.0,4072.0,HOLD,4.399170332933341,5,4373.42041015625,VALIDATION,50,True,75,UP50_NIKKEION_TESTA75
2026-01-20,5411.T,,3,77.72938380406609,85.0,50.45724129871303,25.28009660999787,24.26266209128909,True,2082.379150390625,2189.0,2029.0,LOSS,-2.5633732637311426,1,2029.0,VALIDATION,50,True,75,UP50_NIKKEION_TESTA75
2026-01-20,9202.T,,4,75.8062548701477,100.0,50.907706098606134,25.334638279897803,23.757655621496067,True,2998.502685546875,3120.0,2938.0,LOSS,-2.017763260260024,1,2938.0,VALIDATION,50,True,75,UP50_NIKKEION_TESTA75
2026-01-20,2282.T,,5,71.31069983770317,90.0,50.996605449715695,24.300715544778203,24.7026790055061,True,2351.8681640625,2480.0,2288.0,LOSS,-2.7156353846032473,2,2288.0,VALIDATION,50,True,75,UP50_NIKKEION_TESTA75
2026-01-20,5332.T,,6,71.27550422086189,90.0,50.29269311288993,25.01416551233956,24.693141374770505,True,4738.37060546875,5026.0,4595.0,LOSS,-3.0257364272705907,1,4595.0,VALIDATION,50,True,75,UP50_NIKKEION_TESTA75
2026-01-20,1802.T,,7,69.13872469963124,85.0,52.55710268827701,24.050082845775208,23.392814465947765,True,3520.3984375,3730.0,3416.0,TIMEOUT_LOSS,-1.2987088641866267,5,3474.6787109375,VALIDATION,50,True,75,UP50_NIKKEION_TESTA75
2026-01-20,9532.T,,8,69.12852457552947,85.0,52.353100206241635,24.596418256601424,23.05048153715694,True,5461.76904296875,5731.0,5327.0,HOLD,2.816157375177939,5,5615.5810546875,VALIDATION,50,True,75,UP50_NIKKEION_TESTA75
2026-01-20,8354.T,,9,69.11374708992655,85.0,52.057550494183204,23.87640541667495,24.06604408914185,True,5408.185546875,5701.0,5262.0,LOSS,-2.7030423717520207,1,5262.0,VALIDATION,50,True,75,UP50_NIKKEION_TESTA75
2026-01-20,4042.T,,10,69.08658539608987,85.0,51.51431661744964,24.78630058569175,23.699382796858607,True,2433.625244140625,2556.0,2372.0,HOLD,0.09867448545258592,5,2436.026611328125,VALIDATION,50,True,75,UP50_NIKKEION_TESTA75
2026-01-26,1332.T,,1,84.67231603335435,100.0,54.31588588447841,23.620752780682707,22.063361334838934,True,1214.62939453125,1286.0,1179.0,WIN,5.875916208687948,5,1286.0,VALIDATION,50,True,75,UP50_NIKKEION_TESTA75
2026-01-26,2871.T,,2,82.27638918578538,95.0,51.39734893309891,26.197342242824167,22.40530882407694,True,1863.5736083984375,1979.0,1806.0,HOLD,0.36687770753999227,5,1870.41064453125,VALIDATION,50,True,75,UP50_NIKKEION_TESTA75
2026-01-26,4578.T,,3,77.73300318657229,85.0,50.52962894883729,26.333876545384864,23.136494505777847,True,9374.162109375,10055.0,9034.0,LOSS,-3.6287201501967568,1,9034.0,VALIDATION,50,True,75,UP50_NIKKEION_TESTA75
2026-01-26,9531.T,,4,73.77124051324128,95.0,55.207418960477874,23.821963255945874,20.970617783576298,True,6588.18603515625,6988.0,6388.0,HOLD,4.668164524196773,5,6895.7333984375,VALIDATION,50,True,75,UP50_NIKKEION_TESTA75
2026-01-26,7731.T,,5,71.11465537684647,75.0,51.640933623886035,26.646789010799143,21.71227736531484,True,1891.7274169921875,2044.0,1815.0,HOLD,0.8087678213975309,5,1907.027099609375,VALIDATION,50,True,75,UP50_NIKKEION_TESTA75
2026-01-26,9532.T,,6,69.34721017764426,85.0,56.726812248537186,23.282514004194326,19.990673747268524,True,5632.2353515625,5900.0,5498.0,HOLD,2.104714612748983,5,5750.77783203125,VALIDATION,50,True,75,UP50_NIKKEION_TESTA75
2026-01-26,4043.T,,7,69.28178958797619,85.0,55.418400455176034,23.029393313154316,21.552206231669686,True,4340.4423828125,4607.0,4207.0,LOSS,-3.0743959035353585,4,4207.0,VALIDATION,50,True,75,UP50_NIKKEION_TESTA75
2026-01-26,4151.T,,8,69.27216297848747,85.0,55.225868265401616,24.04946113638813,20.724670598210288,True,2575.634765625,2707.0,2510.0,LOSS,-2.548294754402927,2,2510.0,VALIDATION,50,True,75,UP50_NIKKEION_TESTA75
2026-01-26,2269.T,,9,69.25604465941447,85.0,54.90350188394173,24.79491761317777,20.301580502880554,True,3599.936767578125,3782.0,3509.0,LOSS,-2.526065690851097,3,3509.0,VALIDATION,50,True,75,UP50_NIKKEION_TESTA75
2026-01-26,4183.T,,10,69.23474918886664,85.0,54.47759247298514,23.99929297762026,21.52311454939465,True,2152.869140625,2287.0,2086.0,TIMEOUT_LOSS,-0.04474860492311768,5,2151.90576171875,VALIDATION,50,True,75,UP50_NIKKEION_TESTA75
2026-01-27,4043.T,,1,71.18816426945189,85.0,50.06763321512471,23.67682573995364,26.25554104492168,True,4373.42041015625,4645.0,4238.0,LOSS,-3.096441628199467,2,4238.0,VALIDATION,50,True,75,UP50_NIKKEION_TESTA75
2026-01-28,1605.T,,1,77.95025034079603,100.0,50.30935464200733,25.929465032049464,23.761180325943215,True,3298.93310546875,3516.0,3190.0,WIN,6.579911977342344,5,3516.0,VALIDATION,50,True,75,UP50_NIKKEION_TESTA75
2026-01-28,7741.T,,2,73.52988099049362,95.0,50.38022850552466,27.183213985766553,22.436557508708795,True,25231.77734375,27134.0,24281.0,WIN,7.538995887347537,4,27134.0,VALIDATION,50,True,75,UP50_NIKKEION_TESTA75
2026-01-28,9532.T,,3,71.51984878590886,85.0,56.70132354426395,23.737248406152382,19.56142804958368,True,5641.052734375,5913.0,5505.0,WIN,4.820860191003522,4,5913.0,VALIDATION,50,True,75,UP50_NIKKEION_TESTA75
2026-01-28,4043.T,,4,71.4058763887596,85.0,54.42187560127888,24.265947219924755,21.312177178796368,True,4301.64501953125,4574.0,4166.0,LOSS,-3.1533289919406515,2,4166.0,VALIDATION,50,True,75,UP50_NIKKEION_TESTA75
2026-01-28,9531.T,,5,71.39240860346604,85.0,54.15251989540744,24.17758376305838,21.669896341534205,True,6538.07470703125,6947.0,6333.0,WIN,6.2545215723671514,3,6947.0,VALIDATION,50,True,75,UP50_NIKKEION_TESTA75
2026-01-28,1332.T,,6,71.35842051227198,85.0,53.47275807152641,27.45585038745915,19.071391541014464,True,1236.0411376953125,1316.0,1196.0,WIN,6.46894831136256,5,1316.0,VALIDATION,50,True,75,UP50_NIKKEION_TESTA75
2026-01-28,5201.T,,7,71.33478291291777,85.0,53.000006084442184,28.329790988338083,18.670202927219755,True,5511.80419921875,5818.0,5359.0,WIN,5.5552735495330285,5,5818.0,VALIDATION,50,True,75,UP50_NIKKEION_TESTA75
2026-01-28,4183.T,,8,71.3188371428243,85.0,52.68109068257269,26.567167617485698,20.75174169994164,True,2143.71826171875,2277.0,2077.0,WIN,6.217315990693193,5,2277.0,VALIDATION,50,True,75,UP50_NIKKEION_TESTA75
2026-01-28,6301.T,,9,71.31580124567569,85.0,52.62037273960078,27.112238415074085,20.267388845325147,True,5493.1259765625,5846.0,5316.0,WIN,6.423920094734879,3,5846.0,VALIDATION,50,True,75,UP50_NIKKEION_TESTA75
2026-01-28,4507.T,,10,71.25983680936454,85.0,51.50108401337771,24.842835076900325,23.656080909721975,True,3005.07421875,3242.0,2887.0,WIN,7.884190672287368,4,3242.0,VALIDATION,50,True,75,UP50_NIKKEION_TESTA75
2026-01-29,6301.T,,1,84.54473402439498,100.0,51.764245705291046,25.661067908149192,22.574686386559787,True,5660.439453125,6033.0,5474.0,WIN,6.581830791765077,2,6033.0,VALIDATION,50,True,75,UP50_NIKKEION_TESTA75
2026-01-29,1605.T,,2,75.76378960728043,100.0,50.0584008412607,26.35136816826831,23.590230990470985,True,3376.613037109375,3609.0,3260.0,HOLD,3.6109478058338293,5,3498.540771484375,VALIDATION,50,True,75,UP50_NIKKEION_TESTA75
2026-01-29,5019.T,,3,73.7562581703712,100.0,53.38603297264144,24.75242419702314,21.861542830335416,True,1264.226806640625,1343.0,1225.0,WIN,6.230938384283718,4,1343.0,VALIDATION,50,True,75,UP50_NIKKEION_TESTA75
2026-01-29,5201.T,,4,71.45443402621098,90.0,53.87128921987161,27.20128258913917,18.927428190989247,True,5607.37890625,5932.0,5445.0,WIN,5.789177067884185,4,5932.0,VALIDATION,50,True,75,UP50_NIKKEION_TESTA75
2026-01-29,1963.T,,5,71.34276151232409,95.0,50.11609981169912,25.651366930681284,24.232533257619586,True,2080.51611328125,2270.0,1986.0,HOLD,1.407790425349404,5,2109.805419921875,VALIDATION,50,True,75,UP50_NIKKEION_TESTA75
2026-01-29,9532.T,,6,69.26152047945709,85.0,55.013018284793894,23.34559702421564,21.64138469099048,True,5644.97119140625,5930.0,5502.0,WIN,5.049251784095374,3,5930.0,VALIDATION,50,True,75,UP50_NIKKEION_TESTA75
2026-01-29,9531.T,,7,69.21479324828508,85.0,54.07847366135389,26.958110947543585,18.963415391102558,True,6601.9423828125,7020.0,6393.0,WIN,6.332342709864773,3,7020.0,VALIDATION,50,True,75,UP50_NIKKEION_TESTA75
2026-01-29,4183.T,,8,69.16482949598142,85.0,53.07919861528061,26.62287969387016,20.297921690849254,True,2158.648681640625,2298.0,2089.0,WIN,6.455488544502972,4,2298.0,VALIDATION,50,True,75,UP50_NIKKEION_TESTA75
2026-01-29,3401.T,,9,69.10778680787216,85.0,51.93834485309543,27.82849708613078,20.233158060773793,True,1421.8724365234375,1507.0,1379.0,WIN,5.987004269152615,4,1507.0,VALIDATION,50,True,75,UP50_NIKKEION_TESTA75
2026-01-29,1332.T,,10,69.08151403256207,85.0,51.41288934689371,30.236937947233166,18.350172705873124,True,1241.8807373046875,1322.0,1202.0,WIN,6.45144580221118,4,1322.0,VALIDATION,50,True,75,UP50_NIKKEION_TESTA75
2026-01-30,1963.T,,1,84.73798977079257,100.0,55.62936063324274,24.894306164747288,19.476333202009968,True,2111.269775390625,2306.0,2014.0,HOLD,3.4913314556218653,5,2184.981201171875,VALIDATION,50,True,75,UP50_NIKKEION_TESTA75
2026-01-30,9531.T,,2,84.72956026651897,100.0,55.46077054777094,25.328079478148553,19.211149974080527,True,6726.7294921875,7185.0,6498.0,WIN,6.812679301951127,4,7185.0,VALIDATION,50,True,75,UP50_NIKKEION_TESTA75
2026-01-30,5020.T,,3,84.68182730554463,100.0,54.506111328284135,24.500324023210677,20.9935646485052,True,1267.8419189453125,1354.0,1225.0,WIN,6.79564855580421,4,1354.0,VALIDATION,50,True,75,UP50_NIKKEION_TESTA75
2026-01-30,6301.T,,4,84.61187199521953,100.0,53.10700512178198,25.696667076808065,21.19632780140997,True,5767.4423828125,6181.0,5561.0,WIN,7.170554809874462,2,6181.0,VALIDATION,50,True,75,UP50_NIKKEION_TESTA75
2026-01-30,4507.T,,5,84.58398083988284,100.0,52.54918201504821,27.51690065496034,19.933917329991456,True,3098.799560546875,3360.0,2968.0,WIN,8.42908469391381,4,3360.0,VALIDATION,50,True,75,UP50_NIKKEION_TESTA75
2026-01-30,4519.T,,6,84.49734590197855,100.0,50.81648325696237,27.515861581094576,21.66765516194305,True,8722.86328125,9453.0,8358.0,TIMEOUT_LOSS,-2.1929282466649918,5,8531.5771484375,VALIDATION,50,True,75,UP50_NIKKEION_TESTA75
2026-01-30,7741.T,,7,82.43601411936412,95.0,54.58984760467368,25.0904083204542,20.319744074872133,True,25708.787109375,27937.0,24594.0,HOLD,2.222648673365951,5,26280.203125,VALIDATION,50,True,75,UP50_NIKKEION_TESTA75
2026-01-30,4183.T,,8,76.15311036838357,100.0,57.844816063323556,23.75755364616829,18.397630290508154,True,2173.097412109375,2310.0,2105.0,WIN,6.299882698665443,3,2310.0,VALIDATION,50,True,75,UP50_NIKKEION_TESTA75
2026-01-30,5019.T,,9,76.1460399471245,100.0,57.70340763814242,23.942083090471325,18.35450927138626,True,1277.4263916015625,1358.0,1237.0,WIN,6.3074952050598405,3,1358.0,VALIDATION,50,True,75,UP50_NIKKEION_TESTA75
2026-01-30,9532.T,,10,76.13490790534765,100.0,57.48076680260503,23.21109644605235,19.30813675134265,True,5676.3212890625,5961.0,5534.0,WIN,5.015197280781783,2,5961.0,VALIDATION,50,True,75,UP50_NIKKEION_TESTA75
2026-02-02,9532.T,,1,84.88441589131735,100.0,58.55788304373826,23.429083557348456,18.01303339891333,True,5750.77783203125,6075.0,5589.0,WIN,5.637883733968392,1,6075.0,VALIDATION,50,True,75,UP50_NIKKEION_TESTA75
2026-02-02,6301.T,,2,84.65983043592772,100.0,54.06617393594573,25.88803352052157,20.045792543532723,True,6043.70361328125,6506.0,5813.0,WIN,7.649223328934224,1,6506.0,VALIDATION,50,True,75,UP50_NIKKEION_TESTA75
2026-02-02,2282.T,,3,82.59540525752445,95.0,57.777670367880226,23.268767226381645,18.95356240573815,True,2333.949951171875,2464.0,2269.0,LOSS,-2.782833930918856,1,2269.0,VALIDATION,50,True,75,UP50_NIKKEION_TESTA75
2026-02-02,7741.T,,4,82.4022606221872,95.0,53.91477766113538,26.641470340487995,19.443751998376648,True,25654.12890625,28108.0,24427.0,HOLD,6.0817375736148716,5,27214.345703125,VALIDATION,50,True,75,UP50_NIKKEION_TESTA75
2026-02-02,8233.T,,5,73.62976301465972,100.0,50.856129858411805,25.91591865805804,23.22795148353017,True,1969.732177734375,2100.0,1905.0,WIN,6.613478915466652,1,2100.0,VALIDATION,50,True,75,UP50_NIKKEION_TESTA75
2026-02-02,5802.T,,6,73.54815070273018,95.0,50.74562275025586,27.513089394507205,21.74128785523696,True,1667.8099365234375,1880.0,1562.0,WIN,12.7226765370444,1,1880.0,VALIDATION,50,True,75,UP50_NIKKEION_TESTA75
2026-02-02,4502.T,,7,71.74687723556745,90.0,59.72015340700122,23.344886590552065,16.93496000244672,True,5160.21484375,5442.0,5019.0,WIN,5.460725275640322,5,5442.0,VALIDATION,50,True,75,UP50_NIKKEION_TESTA75
2026-02-02,5201.T,,8,71.63410164397408,90.0,57.464641575133804,26.85965389241609,15.675704532450144,True,5623.14404296875,5945.0,5462.0,WIN,5.72377222727742,2,5945.0,VALIDATION,50,True,75,UP50_NIKKEION_TESTA75
2026-02-02,9531.T,,9,71.5142742390583,90.0,55.068093476818056,24.68244135857944,20.24946516460255,True,6895.7333984375,7374.0,6657.0,WIN,6.935688692240773,5,7374.0,VALIDATION,50,True,75,UP50_NIKKEION_TESTA75
2026-02-02,6305.T,,10,71.41551516680717,95.0,51.57117290136082,28.1975399519152,20.231287146724,True,5043.65087890625,5416.0,4858.0,WIN,7.382531623094746,2,5416.0,VALIDATION,50,True,75,UP50_NIKKEION_TESTA75
2026-02-03,9107.T,,1,75.7801870488361,95.0,51.90808880280887,25.312408008043903,22.779503189147228,True,2216.328369140625,2337.0,2156.0,HOLD,0.997402424587311,5,2238.43408203125,VALIDATION,50,True,75,UP50_NIKKEION_TESTA75
2026-02-03,4042.T,,2,75.77194003742416,100.0,50.22140944413529,23.87272468782055,25.905865868044202,True,2515.7548828125,2649.0,2449.0,LOSS,-2.6534732484697026,2,2449.0,VALIDATION,50,True,75,UP50_NIKKEION_TESTA75
2026-02-03,4502.T,,3,73.52020366368009,90.0,51.708421099688564,26.582494165352188,21.709084734959248,True,5234.5947265625,5522.0,5091.0,HOLD,2.9894827176098016,5,5391.08203125,VALIDATION,50,True,75,UP50_NIKKEION_TESTA75
2026-02-03,3086.T,,4,73.46461908835289,90.0,50.59672959314463,28.416231936739177,20.98703847011621,True,2300.668212890625,2422.0,2240.0,WIN,5.273762919379422,2,2422.0,VALIDATION,50,True,75,UP50_NIKKEION_TESTA75
2026-02-03,9147.T,,5,73.43825516276496,90.0,50.06945108138604,26.143485883662777,23.787063034951178,True,3545.50927734375,3718.0,3459.0,WIN,4.865047844000505,4,3718.0,VALIDATION,50,True,75,UP50_NIKKEION_TESTA75
2026-02-03,9735.T,,6,64.86921237707489,95.0,51.07989971541086,25.130917568236335,23.789182716352855,True,5759.3369140625,6050.0,5614.0,WIN,5.046815115604569,4,6050.0,VALIDATION,50,True,75,UP50_NIKKEION_TESTA75
2026-02-03,8309.T,,7,62.616284479909424,90.0,51.02134177210148,26.829971264604126,22.148686963294395,True,1257.5576171875,1333.0,1220.0,WIN,5.999119386770145,4,1333.0,VALIDATION,50,True,75,UP50_NIKKEION_TESTA75
2026-02-03,3861.T,,8,62.61304361351414,90.0,50.956524444195686,26.842237178512327,22.20123837729201,True,898.7462768554688,939.0,879.0,LOSS,-2.1970913664929967,3,879.0,VALIDATION,50,True,75,UP50_NIKKEION_TESTA75
2026-02-03,2269.T,,9,62.576940609002605,90.0,50.23446435396524,26.721612183484368,23.043923462550413,True,3647.663330078125,3839.0,3552.0,HOLD,2.2429812964193623,5,3729.479736328125,VALIDATION,50,True,75,UP50_NIKKEION_TESTA75
2026-02-03,1721.T,,10,60.341404597135536,85.0,50.52374411662387,26.513909641927214,22.962346241448923,True,4814.111328125,5080.0,4681.0,WIN,5.5231101599505035,3,5080.0,VALIDATION,50,True,75,UP50_NIKKEION_TESTA75
2026-02-04,9107.T,,1,86.87152110133113,100.0,54.8217263744488,24.64073876160942,20.537534863941804,True,2239.395263671875,2365.0,2176.0,HOLD,0.5150250807762236,5,2250.9287109375,VALIDATION,50,True,75,UP50_NIKKEION_TESTA75
2026-02-04,3086.T,,2,86.8472304580226,100.0,54.33591350827801,25.57524805700443,20.08883843471758,True,2364.439453125,2493.0,2300.0,WIN,5.437252652212593,1,2493.0,VALIDATION,50,True,75,UP50_NIKKEION_TESTA75
2026-02-04,4042.T,,3,86.77779164736947,100.0,52.94713729521546,26.0375453034867,21.015317401297857,True,2632.465087890625,2781.0,2558.0,LOSS,-2.82872081507046,1,2558.0,VALIDATION,50,True,75,UP50_NIKKEION_TESTA75
2026-02-04,9101.T,,4,84.5555758020516,95.0,53.502820388858275,26.019453976073255,20.4777256350685,True,5021.54833984375,5304.0,4880.0,LOSS,-2.818818624539108,1,4880.0,VALIDATION,50,True,75,UP50_NIKKEION_TESTA75
2026-02-04,9202.T,,5,82.30913753251079,90.0,53.57405499804192,26.25333358871821,20.1726114132399,True,3137.9677734375,3301.0,3056.0,HOLD,2.0678954426304097,5,3202.857666015625,VALIDATION,50,True,75,UP50_NIKKEION_TESTA75
2026-02-04,9022.T,,6,79.99401721198132,85.0,52.27164858745238,26.890339970799438,20.8380114417482,True,4586.88623046875,4897.0,4432.0,HOLD,0.8866777241462931,5,4627.55712890625,VALIDATION,50,True,75,UP50_NIKKEION_TESTA75
2026-02-04,5301.T,,7,78.15646443869566,100.0,54.43363660000021,24.69434555824536,20.87201784175445,True,1098.6429443359375,1166.0,1065.0,LOSS,-3.0622273150147614,2,1065.0,VALIDATION,50,True,75,UP50_NIKKEION_TESTA75
2026-02-04,8354.T,,8,78.09987100228813,100.0,53.30176787184923,24.337604181862815,22.360627946287977,True,5884.462890625,6265.0,5694.0,WIN,6.466811269746701,1,6265.0,VALIDATION,50,True,75,UP50_NIKKEION_TESTA75
2026-02-04,7186.T,,9,77.98307946657565,100.0,50.96593715759982,25.19516647158043,23.838896370819775,True,1452.181884765625,1553.0,1402.0,WIN,6.942526710464134,3,1553.0,VALIDATION,50,True,75,UP50_NIKKEION_TESTA75
2026-02-04,4208.T,,10,75.99234735964838,100.0,54.62955588861965,23.742318983283564,21.628125128096816,True,2674.761474609375,2830.0,2597.0,LOSS,-2.9072302464178184,1,2597.0,VALIDATION,50,True,75,UP50_NIKKEION_TESTA75
2026-02-05,9201.T,,1,86.7484346136186,100.0,52.35999662019789,26.103148689226025,21.536854690576117,True,3006.998291015625,3166.0,2928.0,TIMEOUT_LOSS,-0.16066849264796923,5,3002.1669921875,VALIDATION,50,True,75,UP50_NIKKEION_TESTA75
2026-02-05,9021.T,,2,86.72253530963584,100.0,51.84201054054288,25.765113284394904,22.392876175062238,True,3368.97705078125,3536.0,3286.0,LOSS,-2.4629746516678708,5,3286.0,VALIDATION,50,True,75,UP50_NIKKEION_TESTA75
2026-02-05,7186.T,,3,86.6719749464378,100.0,50.83080327658216,23.788608198318535,25.38058852509933,True,1498.9166259765625,1603.0,1447.0,LOSS,-3.4636099884967373,1,1447.0,VALIDATION,50,True,75,UP50_NIKKEION_TESTA75
2026-02-05,6472.T,,4,86.66135116107033,100.0,50.618327569232726,26.01974668074681,23.3619257500205,True,374.8567199707031,404.0,360.0,WIN,7.774511827232165,2,404.0,VALIDATION,50,True,75,UP50_NIKKEION_TESTA75
2026-02-05,9001.T,,5,86.65186688922347,100.0,50.42864213229563,24.482088879947966,25.089268987756423,True,2865.47412109375,3005.0,2796.0,HOLD,2.3975498982617505,5,2934.17529296875,VALIDATION,50,True,75,UP50_NIKKEION_TESTA75
2026-02-05,2801.T,,6,86.6343495990333,100.0,50.07829632849202,27.454467962037022,22.467235709470977,True,1489.268798828125,1587.0,1440.0,LOSS,-3.3082542833700406,1,1440.0,VALIDATION,50,True,75,UP50_NIKKEION_TESTA75
2026-02-05,7951.T,,7,84.40524553730862,95.0,50.49621509399845,26.57137137933603,22.932413526665545,True,1142.1702880859375,1219.0,1104.0,WIN,6.726642490658258,2,1219.0,VALIDATION,50,True,75,UP50_NIKKEION_TESTA75
2026-02-05,9202.T,,8,82.2324558548892,90.0,52.040421445609944,26.558381763701515,21.401196790688573,True,3190.267333984375,3358.0,3106.0,HOLD,1.5482651971499928,5,3239.6611328125,VALIDATION,50,True,75,UP50_NIKKEION_TESTA75
2026-02-05,3861.T,,9,78.13090301440758,100.0,53.922408114238365,24.30392090066812,21.77367098509353,True,915.1428833007812,957.0,894.0,LOSS,-2.3103368541229417,1,894.0,VALIDATION,50,True,75,UP50_NIKKEION_TESTA75
2026-02-05,1928.T,,10,77.99936761523942,100.0,51.29170013087527,26.237866986659547,22.4704328824652,True,3514.206298828125,3666.0,3438.0,WIN,4.319430570211354,4,3666.0,VALIDATION,50,True,75,UP50_NIKKEION_TESTA75
2026-02-06,7186.T,,1,86.8596525456048,100.0,54.58435525992219,24.57846546710389,20.837179272973934,True,1509.1397705078125,1628.0,1450.0,WIN,7.876025257235919,2,1628.0,VALIDATION,50,True,75,UP50_NIKKEION_TESTA75
2026-02-06,1812.T,,2,86.85315336505876,100.0,54.454371649001246,24.061214472076635,21.484413878922144,True,6757.44580078125,7283.0,6495.0,WIN,7.777409019810251,1,7283.0,VALIDATION,50,True,75,UP50_NIKKEION_TESTA75
2026-02-06,5201.T,,3,86.84778843288753,100.0,54.347073005576654,25.577812370450104,20.075114623973278,True,6017.2666015625,6420.0,5816.0,HOLD,4.290152313954585,5,6275.41650390625,VALIDATION,50,True,75,UP50_NIKKEION_TESTA75
2026-02-06,6472.T,,4,86.80479113005586,100.0,53.48712694894311,25.743088157947742,20.76978489310917,True,391.5879211425781,422.0,376.0,HOLD,3.087186718552306,5,403.6769714355469,VALIDATION,50,True,75,UP50_NIKKEION_TESTA75
2026-02-06,1802.T,,5,86.78465372831809,100.0,53.08437891418809,25.35154585302254,21.564075232789392,True,3859.8896484375,4131.0,3724.0,WIN,7.023785036762558,1,4131.0,VALIDATION,50,True,75,UP50_NIKKEION_TESTA75
2026-02-06,7203.T,トヨタ自動車,6,86.7661917207333,100.0,52.715138762492266,26.18562083798434,21.0992403995234,True,3662.18603515625,3964.0,3511.0,TIMEOUT_LOSS,-1.772489562551824,5,3597.274169921875,VALIDATION,50,True,75,UP50_NIKKEION_TESTA75
2026-02-06,1801.T,,7,86.73773202705411,100.0,52.14594488890815,25.722156489017294,22.131898622074583,True,17298.3203125,18953.0,16471.0,TIMEOUT_LOSS,-2.476769104659277,5,16869.880859375,VALIDATION,50,True,75,UP50_NIKKEION_TESTA75
2026-02-06,3086.T,,8,86.69882787480053,100.0,51.36786184383667,26.180114829601152,22.45202332656219,True,2634.731201171875,2816.0,2544.0,TIMEOUT_LOSS,-3.2023769028116473,5,2550.357177734375,VALIDATION,50,True,75,UP50_NIKKEION_TESTA75
2026-02-06,1332.T,,9,86.64756604296481,100.0,50.342625207122346,26.600838027493563,23.056536765384113,True,1386.8966064453125,1503.0,1329.0,WIN,8.371452710686667,3,1503.0,VALIDATION,50,True,75,UP50_NIKKEION_TESTA75
2026-02-06,8354.T,,10,82.25466656700758,90.0,52.484635687977445,25.58118694680857,21.934177365213994,True,6673.7236328125,7199.0,6411.0,TIMEOUT_LOSS,-2.6361767736193706,5,6497.79248046875,VALIDATION,50,True,75,UP50_NIKKEION_TESTA75
2026-02-24,2269.T,,1,62.58321654092171,90.0,50.359982992347355,27.38934259088354,22.250674416769105,True,3802.53076171875,3997.0,3705.0,HOLD,1.5368760756707183,5,3860.970947265625,VALIDATION,50,True,75,UP50_NIKKEION_TESTA75
2026-03-03,9531.T,,1,73.70194726629961,100.0,52.29981489120955,25.94784480243491,21.75234030635557,True,7724.04638671875,8329.0,7422.0,LOSS,-3.9104683166857863,1,7422.0,VALIDATION,50,True,75,UP50_NIKKEION_TESTA75
2026-03-03,2269.T,,2,69.21608304174408,85.0,54.10426953053389,25.985731634832486,19.909998834633665,True,3860.970947265625,4066.0,3759.0,LOSS,-2.6410700483991403,1,3759.0,VALIDATION,50,True,75,UP50_NIKKEION_TESTA75
2026-03-03,9147.T,,3,69.18296099876922,85.0,53.44182867103656,26.835565551397156,19.722605777566276,True,3712.83447265625,3935.0,3602.0,LOSS,-2.9851713959377344,1,3602.0,VALIDATION,50,True,75,UP50_NIKKEION_TESTA75
2026-03-03,2871.T,,4,69.17380544003383,85.0,53.25871749632874,27.786167863075796,18.95511464059547,True,2041.3358154296875,2141.0,1991.0,LOSS,-2.4658272808039743,3,1991.0,VALIDATION,50,True,75,UP50_NIKKEION_TESTA75
2026-03-03,9101.T,,5,69.14202971547988,85.0,52.623203005249806,26.827598165353194,20.54919882939701,True,5355.22509765625,5662.0,5202.0,LOSS,-2.8612260896990116,1,5202.0,VALIDATION,50,True,75,UP50_NIKKEION_TESTA75
2026-03-03,2282.T,,6,69.08749361342139,85.0,51.53248096407985,28.63065578906905,19.836863246851085,True,2313.099609375,2445.0,2247.0,LOSS,-2.8576205325139514,1,2247.0,VALIDATION,50,True,75,UP50_NIKKEION_TESTA75
2026-03-03,9008.T,,7,69.02580415898169,85.0,50.298691875285904,30.649968640300628,19.051339484413454,True,787.9111328125,827.0,768.0,LOSS,-2.52707849696525,1,768.0,VALIDATION,50,True,75,UP50_NIKKEION_TESTA75
2026-03-03,9532.T,,8,62.64764960543492,95.0,50.12690515217666,28.60871727158824,21.2643775762351,True,6512.9765625,6986.0,6277.0,LOSS,-3.6231753674455205,4,6277.0,VALIDATION,50,True,75,UP50_NIKKEION_TESTA75
2026-03-03,4502.T,,9,53.76961775264362,75.0,52.56626809635061,28.635757111180187,18.797974792469198,True,5532.11376953125,5846.0,5375.0,LOSS,-2.8400314251773358,1,5375.0,VALIDATION,50,True,75,UP50_NIKKEION_TESTA75
2019-05-31,6701.T,,1,66.90710666751677,85.0,51.403002915552754,30.77351253692347,17.823484547523787,True,724.491455078125,771.0,701.0,LOSS,-3.2424751062925674,2,701.0,DEV,50,False,,UP50_NIKKEIOFF_BASE
2019-05-31,9433.T,,2,66.90363020137504,85.0,51.333473592718256,29.230765442114926,19.435760965166818,True,1090.1092529296875,1140.0,1065.0,LOSS,-2.3033703146914815,3,1065.0,DEV,50,False,,UP50_NIKKEIOFF_BASE
2019-05-31,4661.T,,3,66.86470094020171,85.0,50.55488836925184,31.001457383270388,18.443654247477788,True,2591.773193359375,2729.0,2523.0,LOSS,-2.6535189705482427,2,2523.0,DEV,50,False,,UP50_NIKKEIOFF_BASE
2019-05-31,9009.T,,4,62.53778969194589,75.0,54.01666340413512,28.68546290871495,17.297873687149952,True,1268.4100341796875,1344.0,1230.0,LOSS,-3.028203273756678,2,1230.0,DEV,50,False,,UP50_NIKKEIOFF_BASE
2019-05-31,8725.T,,5,62.40341912974047,75.0,51.329252160026805,29.681361663813473,18.989386176159726,True,827.1231689453125,867.0,807.0,HOLD,1.5380118607519444,5,839.8444213867188,DEV,50,False,,UP50_NIKKEIOFF_BASE
2019-05-31,9766.T,,6,57.929032388431054,65.0,51.841517333838524,30.393607640704364,17.764875025457115,True,4664.2294921875,4965.0,4514.0,HOLD,0.1953028901184652,5,4673.3388671875,DEV,50,False,,UP50_NIKKEIOFF_BASE
2019-05-31,9005.T,,7,56.15538308087339,85.0,53.75983553051137,28.495404587451002,17.744759882037652,True,1756.6318359375,1858.0,1706.0,HOLD,1.5576503885109498,5,1783.9940185546875,DEV,50,False,,UP50_NIKKEIOFF_BASE
2019-05-31,7832.T,,8,56.11400669802855,85.0,52.93230787361447,29.31742325203895,17.75026887434661,True,1560.746337890625,1681.0,1501.0,LOSS,-3.8280620264900436,3,1501.0,DEV,50,False,,UP50_NIKKEIOFF_BASE
2019-05-31,7011.T,,9,56.109604140127274,85.0,52.84425671558894,29.113415085366157,18.042328199044913,True,406.5148620605469,430.0,395.0,LOSS,-2.832580831652801,5,395.0,DEV,50,False,,UP50_NIKKEIOFF_BASE
2019-05-31,6326.T,,10,54.89978713339772,65.0,52.12617745056314,29.365565978441694,18.508256570995172,True,1410.4456787109375,1500.0,1366.0,HOLD,3.6434609897847317,5,1461.834716796875,DEV,50,False,,UP50_NIKKEIOFF_BASE
2019-06-03,6503.T,,1,34.55374467291496,20.0,50.205328240907946,29.847190854695217,19.947480904396816,False,1139.9754638671875,1218.0,1101.0,HOLD,4.882585641930727,5,1195.6357421875,DEV,50,False,,UP50_NIKKEIOFF_BASE
2019-06-03,9101.T,,2,31.06705812659318,20.0,50.03681470577668,31.30050708884644,18.662678205376892,False,313.8265686035156,334.0,304.0,HOLD,1.17503149958443,5,317.5141296386719,DEV,50,False,,UP50_NIKKEIOFF_BASE
2019-06-03,6305.T,,3,28.77346779768242,10.0,50.6867472579962,29.323860836488645,19.98939190551516,False,1961.6160888671875,2141.0,1872.0,WIN,9.144700237262267,5,2141.0,DEV,50,False,,UP50_NIKKEIOFF_BASE
2019-06-03,9202.T,,4,27.78950440859401,0.0,51.44226208492372,30.59943284175067,17.958305073325636,False,3412.723876953125,3545.0,3347.0,HOLD,1.3679848870949616,5,3459.409423828125,DEV,50,False,,UP50_NIKKEIOFF_BASE
2019-06-03,7201.T,,5,24.244691280769523,0.0,50.11121691973827,32.838336686500135,17.050446393761604,False,689.9080200195312,750.0,660.0,HOLD,3.0343736555546346,5,710.8424072265625,DEV,50,False,,UP50_NIKKEIOFF_BASE
2019-06-03,6472.T,,6,17.95046565987897,10.0,51.61800884975328,30.19899318835914,18.182997961887583,False,239.22508239746094,262.0,228.0,WIN,9.520288330259465,5,262.0,DEV,50,False,,UP50_NIKKEIOFF_BASE
2019-06-03,6361.T,,7,17.935513906028483,10.0,51.318973772743604,30.741700420052474,17.93932580720391,False,457.36248779296875,496.0,438.0,HOLD,6.895296371072941,5,488.89898681640625,DEV,50,False,,UP50_NIKKEIOFF_BASE
2019-06-03,6920.T,,8,17.890798756832616,10.0,50.424670788826255,29.0956801690122,20.479649042161547,False,1807.491455078125,2062.0,1680.0,HOLD,2.7272831646177442,5,1856.786865234375,DEV,50,False,,UP50_NIKKEIOFF_BASE
2019-06-03,8316.T,,9,16.894024081608926,0.0,50.92395989304808,30.442765389316236,18.633274717635693,False,442.1824645996094,463.0,432.0,HOLD,1.1497687798040435,5,447.26654052734375,DEV,50,False,,UP50_NIKKEIOFF_BASE
2019-06-03,6178.T,,10,16.88944506906425,0.0,50.832379642154635,31.221138254941895,17.946482102903502,False,886.3060302734375,922.0,868.0,TIMEOUT_LOSS,-0.24792651976367303,5,884.108642578125,DEV,50,False,,UP50_NIKKEIOFF_BASE
2019-06-04,4568.T,,1,64.77064960518491,85.0,52.15212253848094,32.53088192918235,15.316995532336744,False,1661.9205322265625,1824.0,1581.0,WIN,9.752540186520898,3,1824.0,DEV,50,False,,UP50_NIKKEIOFF_BASE
2019-06-04,6326.T,,2,61.5563921624515,80.0,50.25827803163872,31.4332306281822,18.30849134017911,False,1411.2950439453125,1496.0,1369.0,HOLD,4.784830532891158,5,1478.8231201171875,DEV,50,False,,UP50_NIKKEIOFF_BASE
2019-06-04,9766.T,,3,56.075752447865185,85.0,52.16722287034706,32.824652962559696,15.008124167093253,False,4600.4609375,4915.0,4443.0,HOLD,0.0,5,4600.4609375,DEV,50,False,,UP50_NIKKEIOFF_BASE
2019-06-04,8630.T,,4,52.77069141842562,60.0,54.544263151121065,31.97474120966996,13.48099563920901,False,1045.9288330078125,1120.0,1009.0,HOLD,3.493969421290161,5,1082.4732666015625,DEV,50,False,,UP50_NIKKEIOFF_BASE
2019-06-04,9432.T,,5,51.61758109302525,75.0,53.003795773548546,32.4224493268473,14.573754899604172,False,75.62315368652344,79.0,74.0,HOLD,3.4369180710644125,5,78.22225952148438,DEV,50,False,,UP50_NIKKEIOFF_BASE
2019-06-04,9602.T,,6,51.563768180577895,75.0,51.92753752460136,32.96863355640636,15.103828918992324,False,846.458251953125,898.0,820.0,HOLD,2.7926926102068794,5,870.0972290039062,DEV,50,False,,UP50_NIKKEIOFF_BASE
2019-06-04,9433.T,,7,48.50025892081485,75.0,51.526917546731774,34.48170926244632,13.991373190821916,False,1066.848876953125,1119.0,1041.0,HOLD,0.7328917736296725,5,1074.667724609375,DEV,50,False,,UP50_NIKKEIOFF_BASE
2019-06-04,8801.T,,8,48.23751180842824,55.0,52.35893182073866,34.12908007875689,13.511988100504468,False,753.4099731445312,798.0,731.0,HOLD,2.7693991243750236,5,774.27490234375,DEV,50,False,,UP50_NIKKEIOFF_BASE
2019-06-04,4519.T,,9,48.217651974575006,55.0,51.961735143674105,32.463465203651126,15.574799652674793,False,2070.879638671875,2193.0,2010.0,TIMEOUT_LOSS,-0.6983346425265814,5,2056.41796875,DEV,50,False,,UP50_NIKKEIOFF_BASE
2019-06-04,6501.T,,10,47.06295378561771,65.0,51.911249625397616,32.38517632420243,15.703574050399952,False,659.091064453125,705.0,636.0,WIN,6.965492027261442,5,705.0,DEV,50,False,,UP50_NIKKEIOFF_BASE
2019-08-06,2269.T,,1,43.56993969438819,40.0,50.52922867037244,28.97142863298655,20.499342696641012,True,3158.322509765625,3347.0,3064.0,HOLD,0.786380292210661,5,3183.158935546875,DEV,50,False,,UP50_NIKKEIOFF_BASE
2019-08-06,9202.T,,2,29.412849320727478,25.0,50.21350815367995,29.25036825162359,20.536123594696434,True,3353.899658203125,3480.0,3291.0,HOLD,0.194888864284834,5,3360.43603515625,DEV,50,False,,UP50_NIKKEIOFF_BASE
2019-08-06,8267.T,,3,17.273350300265218,25.0,50.901788614,30.493716267966953,18.60449511803305,True,567.0579833984375,600.0,551.0,HOLD,2.522151774068588,5,581.3600463867188,DEV,50,False,,UP50_NIKKEIOFF_BASE
2019-10-16,5333.T,,1,66.00037280802009,85.0,50.659630073445285,28.434297133080268,20.906072793474483,True,1279.611572265625,1347.0,1246.0,HOLD,4.6975658087161385,5,1339.72216796875,DEV,50,False,,UP50_NIKKEIOFF_BASE
2019-10-16,8316.T,,2,59.55364859395159,90.0,50.638189270336184,28.98386640047919,20.37794432918465,True,455.3744201660156,475.0,445.0,HOLD,1.994168362350452,5,464.4553527832031,DEV,50,False,,UP50_NIKKEIOFF_BASE
2019-10-16,2871.T,,3,53.5375114061127,65.0,50.96761942660179,28.725569018116826,20.306811555281406,True,1096.8060302734375,1159.0,1066.0,TIMEOUT_LOSS,-1.5624980870970453,5,1079.66845703125,DEV,50,False,,UP50_NIKKEIOFF_BASE
2019-10-16,8306.T,三菱UFJ,4,49.33016924828867,75.0,50.73381974838216,29.49265973500258,19.773520516615275,True,420.6357421875,441.0,410.0,HOLD,2.5258949321037956,5,431.26055908203125,DEV,50,False,,UP50_NIKKEIOFF_BASE
2019-10-16,2002.T,,5,49.27421951734435,70.0,51.13656425993035,28.16335423427443,20.700081505795257,True,1733.58447265625,1827.0,1687.0,HOLD,0.822453984516028,5,1747.8424072265625,DEV,50,False,,UP50_NIKKEIOFF_BASE
2019-12-13,6902.T,,1,79.9474220305637,85.0,51.339744959100095,26.88473019745516,21.775524843444742,True,1062.3533935546875,1111.0,1038.0,LOSS,-2.2924004104886255,4,1038.0,DEV,50,False,,UP50_NIKKEIOFF_BASE
2019-12-13,7751.T,,2,75.76102436613135,100.0,50.003096018279244,28.68153099017649,21.315372991544262,True,2363.890625,2434.0,2329.0,HOLD,0.16231351915869627,5,2367.7275390625,DEV,50,False,,UP50_NIKKEIOFF_BASE
2019-12-13,8802.T,,3,62.209283586272136,65.0,50.49001955152964,27.80799197816039,21.70198847030996,True,1869.0274658203125,1949.0,1829.0,HOLD,0.9252911275388733,5,1886.3214111328125,DEV,50,False,,UP50_NIKKEIOFF_BASE
2019-12-13,8830.T,,4,54.70030874000767,55.0,51.18008784363162,28.161330315791528,20.658581840576836,True,1789.542236328125,1861.0,1754.0,TIMEOUT_LOSS,-1.1722770845426955,5,1768.5638427734375,DEV,50,False,,UP50_NIKKEIOFF_BASE
2019-12-13,2802.T,,5,52.40145264607675,50.0,50.202965965013156,29.630354526385787,20.166679508601078,True,829.836669921875,863.0,813.0,TIMEOUT_LOSS,-0.08212683042214339,5,829.1551513671875,DEV,50,False,,UP50_NIKKEIOFF_BASE
2019-12-13,9503.T,,6,51.21229275484661,55.0,50.98498553171474,28.011326108294387,21.003688359990857,True,989.6854858398438,1038.0,965.0,HOLD,1.8577173602206893,5,1008.071044921875,DEV,50,False,,UP50_NIKKEIOFF_BASE
2019-12-13,5108.T,,7,48.76549505544919,40.0,50.09250980463613,27.776272926749478,22.131217268614403,True,1697.922607421875,1762.0,1666.0,LOSS,-1.8800979080163303,3,1666.0,DEV,50,False,,UP50_NIKKEIOFF_BASE
2019-12-13,8801.T,,8,48.76311743077678,40.0,50.044957311187765,27.43779414031175,22.517248548500486,True,776.784912109375,813.0,759.0,HOLD,1.1790747179740713,5,785.9437866210938,DEV,50,False,,UP50_NIKKEIOFF_BASE
2019-12-13,4902.T,,9,44.46843509455071,40.0,51.107832325796934,28.603023248318767,20.289144425884295,True,597.9044189453125,632.0,581.0,TIMEOUT_LOSS,-2.5991862447639695,5,582.36376953125,DEV,50,False,,UP50_NIKKEIOFF_BASE
2019-12-13,2269.T,,10,34.43917057084872,10.0,50.95732446045259,29.169565570925453,19.87310996862195,True,3106.588134765625,3232.0,3044.0,TIMEOUT_LOSS,-1.0752649300546935,5,3073.18408203125,DEV,50,False,,UP50_NIKKEIOFF_BASE
2020-03-02,8804.T,,1,43.71838007303534,20.0,59.584992765054615,25.62429642247398,14.790710812471364,False,1198.7720947265625,1316.0,1140.0,LOSS,-4.902691260924645,4,1140.0,DEV,50,False,,UP50_NIKKEIOFF_BASE
2020-03-02,6701.T,,2,43.57785488523423,20.0,56.77448900903238,27.685112126197204,15.540398864770397,False,774.4931030273438,857.0,733.0,LOSS,-5.357452876617653,5,733.0,DEV,50,False,,UP50_NIKKEIOFF_BASE
2020-03-02,6758.T,,3,43.51769804804038,20.0,55.57135226515542,28.8318474777184,15.596800257126162,False,1312.86083984375,1430.0,1254.0,LOSS,-4.483402814479204,5,1254.0,DEV,50,False,,UP50_NIKKEIOFF_BASE
2020-03-02,6098.T,,4,43.46381831685218,20.0,54.49375764139146,28.920822356762915,16.5854200018456,False,3738.974609375,4121.0,3548.0,LOSS,-5.107673341673827,5,3548.0,DEV,50,False,,UP50_NIKKEIOFF_BASE
2020-03-02,8801.T,,5,43.35249348020699,20.0,52.267260908487565,29.507948159322815,18.22479093218961,False,716.6798706054688,781.0,685.0,LOSS,-4.420365619967088,4,685.0,DEV,50,False,,UP50_NIKKEIOFF_BASE
2020-03-02,1803.T,,6,39.20240240567948,30.0,53.17848289619821,30.253241916086903,16.56827518771489,False,793.5523681640625,853.0,764.0,LOSS,-3.724060232147491,3,764.0,DEV,50,False,,UP50_NIKKEIOFF_BASE
2020-03-02,6532.T,,7,36.95191051475861,30.0,51.64690594734599,29.280759710556794,19.072334342097175,False,630.2996826171875,726.0,583.0,LOSS,-7.50431642624116,5,583.0,DEV,50,False,,UP50_NIKKEIOFF_BASE
2020-03-02,6503.T,,8,34.8968095279749,20.0,57.06662534210671,28.106433862617152,14.826940795276144,False,1178.878173828125,1277.0,1130.0,LOSS,-4.146159875825406,5,1130.0,DEV,50,False,,UP50_NIKKEIOFF_BASE
2020-03-02,8802.T,,9,34.852440564371854,20.0,56.179246070045785,27.234530071259293,16.586223858694918,False,1665.4964599609375,1828.0,1584.0,LOSS,-4.893223247250187,5,1584.0,DEV,50,False,,UP50_NIKKEIOFF_BASE
2020-03-02,6752.T,,10,34.6681235668144,20.0,52.49290611889678,28.85942382927252,18.64767005183067,False,878.8181762695312,966.0,835.0,LOSS,-4.986034364415823,4,835.0,DEV,50,False,,UP50_NIKKEIOFF_BASE
2020-03-03,6758.T,,1,34.64082372335422,20.0,51.94690924969293,37.05503307034693,10.998057679960125,False,1299.8717041015625,1419.0,1240.0,LOSS,-4.605970259422199,4,1240.0,DEV,50,False,,UP50_NIKKEIOFF_BASE
2020-03-03,6146.T,,2,34.57760714849162,20.0,50.68257775244115,37.96060981670264,11.356812430856209,False,6694.87646484375,7564.0,6261.0,LOSS,-6.480723985306219,4,6261.0,DEV,50,False,,UP50_NIKKEIOFF_BASE
2020-03-03,8802.T,,3,34.564221822478586,20.0,50.41487123218034,39.11949047301312,10.465638294806503,False,1643.7686767578125,1806.0,1562.0,LOSS,-4.974463737750128,4,1562.0,DEV,50,False,,UP50_NIKKEIOFF_BASE
2020-03-03,9009.T,,4,26.625944802809137,10.0,51.21454823009576,36.31927800977975,12.466173760124464,False,1108.062744140625,1217.0,1054.0,LOSS,-4.879032746701919,3,1054.0,DEV,50,False,,UP50_NIKKEIOFF_BASE
2020-03-03,1721.T,,5,25.69665415376342,0.0,53.06351785787701,34.67261610883641,12.263866033286561,False,2183.724609375,2347.0,2102.0,LOSS,-3.7424411953845342,5,2102.0,DEV,50,False,,UP50_NIKKEIOFF_BASE
2020-03-03,6954.T,,6,25.61779669427401,0.0,51.48636866808888,36.53151641860356,11.98211491330754,False,3097.4228515625,3371.0,2961.0,LOSS,-4.404398692083042,4,2961.0,DEV,50,False,,UP50_NIKKEIOFF_BASE
2020-03-03,6920.T,,7,23.755893802593242,20.0,51.63961518229956,36.77397140557579,11.586413412124582,False,4867.9453125,5749.0,4427.0,LOSS,-9.058140225358171,4,4427.0,DEV,50,False,,UP50_NIKKEIOFF_BASE
2020-03-03,8795.T,,8,22.141605077548842,0.0,51.52775372488987,37.364953191735246,11.107293083374868,False,799.514404296875,883.0,758.0,LOSS,-5.192452327783191,3,758.0,DEV,50,False,,UP50_NIKKEIOFF_BASE
2020-03-03,9008.T,,9,22.1302946327414,0.0,51.301544828741065,39.11527379047092,9.583181380788002,False,948.1463012695312,1027.0,909.0,LOSS,-4.12871950427016,4,909.0,DEV,50,False,,UP50_NIKKEIOFF_BASE
2020-03-03,6506.T,,10,22.080755620478868,0.0,50.31076458349042,36.25880870157072,13.43042671493884,False,3035.805908203125,3394.0,2857.0,LOSS,-5.889899209958357,4,2857.0,DEV,50,False,,UP50_NIKKEIOFF_BASE
2020-03-04,4063.T,,1,43.9112677877513,20.0,63.44274705937386,24.311624437339955,12.245628503286198,False,2042.5911865234375,2247.0,1940.0,LOSS,-5.022600077798796,3,1940.0,DEV,50,False,,UP50_NIKKEIOFF_BASE
2020-03-04,8304.T,,2,43.903450855822555,20.0,63.28640842079899,23.138330913709268,13.575260665491756,False,1935.6949462890625,2092.0,1857.0,LOSS,-4.065462196919471,3,1857.0,DEV,50,False,,UP50_NIKKEIOFF_BASE
2020-03-04,4385.T,,3,40.587865054519554,65.0,52.844257612130185,34.48802267781136,12.667719710058451,False,2319.0,2679.0,2139.0,LOSS,-7.761966364812419,4,2139.0,DEV,50,False,,UP50_NIKKEIOFF_BASE
2020-03-04,3289.T,,4,40.39791970882193,30.0,59.69752461122126,26.811198582693844,13.491276806084867,False,585.0658569335938,638.0,559.0,LOSS,-4.455200491481129,3,559.0,DEV,50,False,,UP50_NIKKEIOFF_BASE
2020-03-04,9433.T,,5,40.38981087852713,30.0,59.5353480053251,26.487193520121476,13.977458474553432,False,1283.0970458984375,1377.0,1236.0,LOSS,-3.6705755070505734,5,1236.0,DEV,50,False,,UP50_NIKKEIOFF_BASE
2020-03-04,4519.T,,6,38.105337405808214,45.0,52.758922029207625,28.949936230320755,18.291141740471666,False,3316.41845703125,3581.0,3184.0,LOSS,-3.9928151030068353,3,3184.0,DEV,50,False,,UP50_NIKKEIOFF_BASE
2020-03-04,4307.T,,7,35.41049543869778,20.0,67.34034355656426,23.105220460975758,9.554435982460005,False,2087.195068359375,2312.0,1975.0,LOSS,-5.375399264792493,3,1975.0,DEV,50,False,,UP50_NIKKEIOFF_BASE
2020-03-04,8804.T,,8,35.40522844240385,20.0,67.23500363068567,21.750795596850374,11.014200772463974,False,1199.56640625,1318.0,1140.0,LOSS,-4.965661420630501,2,1140.0,DEV,50,False,,UP50_NIKKEIOFF_BASE
2020-03-04,8802.T,,9,35.33505604927835,20.0,65.8315557681756,24.12445673619334,10.043987495631079,False,1676.138671875,1842.0,1593.0,LOSS,-4.960130881175694,3,1593.0,DEV,50,False,,UP50_NIKKEIOFF_BASE
2020-03-04,6098.T,,10,35.30608387529256,20.0,65.25211228845973,25.93802491963097,8.809862791909309,False,3669.051025390625,4039.0,3484.0,LOSS,-5.0435664184017055,3,3484.0,DEV,50,False,,UP50_NIKKEIOFF_BASE
2020-03-06,3659.T,,1,51.838774547986226,75.0,57.427664872767956,32.83197854886459,9.740356578367436,False,1406.5872802734375,1532.0,1344.0,LOSS,-4.449583836793311,1,1344.0,DEV,50,False,,UP50_NIKKEIOFF_BASE
2020-03-06,7532.T,,2,47.43873909913687,65.0,59.42695589578081,31.317028104703148,9.256015999516046,False,355.3888244628906,389.0,339.0,LOSS,-4.611519365489201,2,339.0,DEV,50,False,,UP50_NIKKEIOFF_BASE
2020-03-06,7269.T,スズキ,3,45.163531095198294,30.0,68.05323059961803,26.228332617972995,5.718436782409006,False,850.0111083984375,945.0,803.0,LOSS,-5.530646356729886,1,803.0,DEV,50,False,,UP50_NIKKEIOFF_BASE
2020-03-06,7733.T,,4,43.14059629766764,55.0,63.464099866396296,26.831282296443614,9.704617837160075,False,1840.1376953125,2022.0,1749.0,LOSS,-4.952764977569932,1,1749.0,DEV,50,False,,UP50_NIKKEIOFF_BASE
2020-03-06,2871.T,,5,42.61884091598644,55.0,53.02899223277229,34.19064265262987,12.78036511459781,False,1215.01123046875,1293.0,1176.0,LOSS,-3.210771183876178,3,1176.0,DEV,50,False,,UP50_NIKKEIOFF_BASE
2020-03-06,4385.T,,6,41.048580374904034,65.0,62.05856401981975,28.41161347224887,9.529822507931376,False,2301.0,2659.0,2122.0,LOSS,-7.77922642329422,2,2122.0,DEV,50,False,,UP50_NIKKEIOFF_BASE
2020-03-06,8591.T,,7,40.13806415324986,30.0,71.89171784760589,20.61834849795286,7.489933654441305,False,1283.521484375,1387.0,1232.0,LOSS,-4.014072612122107,1,1232.0,DEV,50,False,,UP50_NIKKEIOFF_BASE
2020-03-06,6098.T,,8,40.10787194363885,30.0,71.28787365538564,23.718557742336497,4.9935686022778665,False,3652.54150390625,4036.0,3461.0,LOSS,-5.244060983329111,1,3461.0,DEV,50,False,,UP50_NIKKEIOFF_BASE
2020-03-06,4568.T,,9,40.09073359376873,30.0,70.94510665798333,23.149888375732928,5.905004966283743,False,2017.0662841796875,2231.0,1910.0,LOSS,-5.308020119092411,1,1910.0,DEV,50,False,,UP50_NIKKEIOFF_BASE
2020-03-06,4519.T,,10,38.62926096992703,45.0,63.23739331158416,24.61756723954636,12.14503944886946,False,3323.765869140625,3588.0,3192.0,LOSS,-3.964354720770199,1,3192.0,DEV,50,False,,UP50_NIKKEIOFF_BASE
2020-03-09,4751.T,,1,51.38064903314241,45.0,57.395589358500445,26.52282120242171,16.081589439077835,False,866.0684814453125,973.0,813.0,LOSS,-6.1275156159419115,4,813.0,DEV,50,False,,UP50_NIKKEIOFF_BASE
2020-03-09,2801.T,,2,44.66170653558838,30.0,58.016739407419706,27.495617543752964,14.487643048827348,False,846.6312255859375,953.0,794.0,LOSS,-6.216546708339563,3,794.0,DEV,50,False,,UP50_NIKKEIOFF_BASE
2020-03-09,8591.T,,3,44.58124493042541,30.0,56.407507304160376,28.89049421017178,14.70199848566785,False,1170.325439453125,1292.0,1110.0,LOSS,-5.154586700372347,1,1110.0,DEV,50,False,,UP50_NIKKEIOFF_BASE
2020-03-09,6098.T,,4,44.50895640664017,30.0,54.96173682845564,34.6667458058986,10.371517365645731,False,3293.211669921875,3737.0,3071.0,LOSS,-6.747567183470673,3,3071.0,DEV,50,False,,UP50_NIKKEIOFF_BASE
2020-03-09,9433.T,,5,44.50420827479337,40.0,51.82329593064996,29.245715104845495,18.93098896450453,False,1291.8634033203125,1390.0,1243.0,LOSS,-3.782397054884061,2,1243.0,DEV,50,False,,UP50_NIKKEIOFF_BASE
2020-03-09,6752.T,,6,44.48120764849067,30.0,54.40676166546552,34.920070648000795,10.673167686533693,False,748.0982055664062,848.0,698.0,LOSS,-6.696741844003687,3,698.0,DEV,50,False,,UP50_NIKKEIOFF_BASE
2020-03-09,8801.T,,7,44.40782426353476,30.0,52.93909396634754,37.01632363920656,10.044582394445895,False,617.2205200195312,692.0,580.0,LOSS,-6.0303439066402795,3,580.0,DEV,50,False,,UP50_NIKKEIOFF_BASE
2020-03-09,9984.T,ソフトバンクG,8,42.52920680629345,45.0,54.27978829978208,29.834974058263807,15.885237641954115,False,1026.867919921875,1191.0,945.0,LOSS,-7.972585211163631,3,945.0,DEV,50,False,,UP50_NIKKEIOFF_BASE
2020-03-09,4523.T,,9,41.84777419460438,40.0,59.56417954426156,26.31313011538096,14.122690340357465,False,6715.9130859375,7393.0,6377.0,LOSS,-5.04641858226475,3,6377.0,DEV,50,False,,UP50_NIKKEIOFF_BASE
2020-03-09,6702.T,,10,41.84095143308021,35.0,60.94946344421282,23.446366662464794,15.604169893322412,False,967.6693725585938,1078.0,913.0,LOSS,-5.6495921136827585,3,913.0,DEV,50,False,,UP50_NIKKEIOFF_BASE
2020-03-10,9434.T,,1,49.021879041401476,50.0,52.176711262812056,31.196406474158668,16.626882263029273,False,102.1190185546875,108.0,99.0,LOSS,-3.054297425525277,2,99.0,DEV,50,False,,UP50_NIKKEIOFF_BASE
2020-03-10,2801.T,,2,48.42564253257481,30.0,63.73024195584408,26.214320717443645,10.055437326712244,False,868.7654418945312,981.0,813.0,LOSS,-6.418929575849912,2,813.0,DEV,50,False,,UP50_NIKKEIOFF_BASE
2020-03-10,4901.T,,3,48.12800514186863,30.0,57.77749414172037,27.56225746474326,14.660248393536346,False,1463.62060546875,1612.0,1390.0,LOSS,-5.030033411231711,2,1390.0,DEV,50,False,,UP50_NIKKEIOFF_BASE
2020-03-10,2802.T,,4,46.53944440545895,45.0,64.91932289178777,26.01569159157085,9.064985516641373,False,793.5,863.0,759.0,LOSS,-4.3478260869565215,3,759.0,DEV,50,False,,UP50_NIKKEIOFF_BASE
2020-03-10,9433.T,,5,44.78518395623233,40.0,57.442809559429165,28.94018483262011,13.617005607950697,False,1283.8939208984375,1383.0,1234.0,LOSS,-3.8861404424691846,1,1234.0,DEV,50,False,,UP50_NIKKEIOFF_BASE
2020-03-10,8591.T,,6,44.63082212994176,30.0,57.399051294487435,32.036910315930236,10.564038389582333,False,1174.123779296875,1304.0,1109.0,LOSS,-5.546585500199512,2,1109.0,DEV,50,False,,UP50_NIKKEIOFF_BASE
2020-03-10,3289.T,,7,44.62887747977114,30.0,57.36015829107504,31.269668612318753,11.370173096606194,False,506.7373352050781,573.0,474.0,LOSS,-6.460415077138382,2,474.0,DEV,50,False,,UP50_NIKKEIOFF_BASE
2020-03-10,4751.T,,8,44.11876370941517,45.0,59.9839698404773,29.93286656909671,10.083163590425949,False,921.3494873046875,1044.0,860.0,LOSS,-6.658655390817991,2,860.0,DEV,50,False,,UP50_NIKKEIOFF_BASE
2020-03-10,3659.T,,9,42.73814785430528,55.0,55.415130999149156,33.440826516947055,11.144042483903789,False,1371.1546630859375,1517.0,1298.0,LOSS,-5.335259767216538,2,1298.0,DEV,50,False,,UP50_NIKKEIOFF_BASE
2020-03-10,6702.T,,10,42.088152959060224,35.0,65.89349396381323,24.90280579299809,9.203700243188653,False,971.7734985351562,1087.0,914.0,LOSS,-5.945160947715036,2,914.0,DEV,50,False,,UP50_NIKKEIOFF_BASE
2020-03-12,2871.T,,1,57.812971040020415,45.0,55.607246887364845,27.855922427445474,16.536830685189706,False,1135.9149169921875,1242.0,1083.0,LOSS,-4.65835215302058,1,1083.0,DEV,50,False,,UP50_NIKKEIOFF_BASE
2020-03-12,4063.T,,2,44.513977139321184,30.0,55.062151482075805,36.27281240304497,8.665036114879197,False,1799.3636474609375,2050.0,1674.0,LOSS,-6.96711015796261,1,1674.0,DEV,50,False,,UP50_NIKKEIOFF_BASE
2020-03-12,6702.T,,3,44.510671823083115,30.0,54.996045157314555,35.64207976493351,9.361875077751918,False,885.2213134765625,1005.0,825.0,LOSS,-6.802966959759827,1,825.0,DEV,50,False,,UP50_NIKKEIOFF_BASE
2020-03-12,6976.T,,4,44.39744720303578,30.0,52.7315527563678,37.843603533218065,9.424843710414093,False,2282.383056640625,2747.0,2050.0,LOSS,-10.18159751775686,1,2050.0,DEV,50,False,,UP50_NIKKEIOFF_BASE
2020-03-12,7733.T,,5,43.956251518372426,45.0,56.733726019622424,30.180200438014232,13.086073542363346,False,1684.1298828125,1893.0,1580.0,LOSS,-6.183007847269054,1,1580.0,DEV,50,False,,UP50_NIKKEIOFF_BASE
2020-03-12,2802.T,,6,39.862696253539156,30.0,66.3843598533917,24.426252584717613,9.189387561890646,False,790.5476684570312,861.0,755.0,LOSS,-4.496587603175428,1,755.0,DEV,50,False,,UP50_NIKKEIOFF_BASE
2020-03-12,4151.T,,7,39.59882900161118,30.0,61.10701481483218,28.694575954438633,10.198409230729172,False,1996.010498046875,2223.0,1882.0,LOSS,-5.711918757864045,1,1882.0,DEV,50,False,,UP50_NIKKEIOFF_BASE
2020-03-12,4568.T,,8,35.72618248801976,30.0,53.219301934308206,37.87102718360566,8.909670882086091,False,1780.88525390625,2018.0,1662.0,LOSS,-6.675626834771265,1,1662.0,DEV,50,False,,UP50_NIKKEIOFF_BASE
2020-03-12,3659.T,,9,35.4889842845397,45.0,61.30142482122868,26.903318203150654,11.795256975620655,False,1337.370361328125,1483.0,1264.0,LOSS,-5.486166244574305,1,1264.0,DEV,50,False,,UP50_NIKKEIOFF_BASE
2020-03-12,9433.T,,10,35.22907764740814,20.0,63.711987730771426,24.84433184579848,11.443680423430044,False,1216.1527099609375,1329.0,1160.0,LOSS,-4.617241691854726,1,1160.0,DEV,50,False,,UP50_NIKKEIOFF_BASE
2020-03-13,7733.T,,1,51.11847745955258,45.0,52.152157886703854,37.352359538965345,10.495482574330804,False,1516.8447265625,1755.0,1398.0,LOSS,-7.834996191853334,1,1398.0,DEV,50,False,,UP50_NIKKEIOFF_BASE
2020-03-13,2802.T,,2,48.251482260221735,30.0,60.2470365087825,26.957528768917715,12.795434722299765,False,767.1559448242188,845.0,728.0,HOLD,2.0722355003941018,5,783.05322265625,DEV,50,False,,UP50_NIKKEIOFF_BASE
2020-03-13,4519.T,,3,47.99226286552401,30.0,55.06264861482797,31.529887537626955,13.407463847545065,False,2999.0302734375,3351.0,2823.0,WIN,11.736117827149206,3,3351.0,DEV,50,False,,UP50_NIKKEIOFF_BASE
2020-03-13,9433.T,,4,47.86511124358672,30.0,52.519616176082216,32.28145020581738,15.198933618100385,False,1100.9927978515625,1234.0,1034.0,HOLD,5.627954971836609,5,1162.9561767578125,DEV,50,False,,UP50_NIKKEIOFF_BASE
2020-03-13,9434.T,,5,44.50099261809734,40.0,51.758982796729455,35.92327171905062,12.317745484219918,False,100.15248107910156,108.0,96.0,TIMEOUT_LOSS,-0.8415131773100496,5,99.30968475341797,DEV,50,False,,UP50_NIKKEIOFF_BASE
2020-03-13,6920.T,,6,44.382997312534386,30.0,52.44255494633984,39.22298027751401,8.334464776146097,False,4137.2802734375,5238.0,3587.0,HOLD,3.899057611395998,5,4298.59521484375,DEV,50,False,,UP50_NIKKEIOFF_BASE
2020-03-13,4523.T,,7,44.349032642725554,30.0,51.76326155016325,39.45739918753172,8.779339262304987,False,5745.26025390625,6612.0,5312.0,LOSS,-7.541177157495568,4,5312.0,DEV,50,False,,UP50_NIKKEIOFF_BASE
2020-03-13,3659.T,,8,43.98530973961408,45.0,57.314890444455614,30.849826646530186,11.835282909014166,False,1309.353759765625,1474.0,1227.0,LOSS,-6.289649313747445,2,1227.0,DEV,50,False,,UP50_NIKKEIOFF_BASE
2020-03-13,7532.T,,9,43.9826892143457,45.0,57.26247993908783,31.448356412747803,11.289163648164354,False,341.56707763671875,383.0,321.0,TIMEOUT_LOSS,-2.1064161887411803,5,334.37225341796875,DEV,50,False,,UP50_NIKKEIOFF_BASE
2020-03-13,2871.T,,10,43.62937795185699,20.0,57.804950341487526,28.485483470187006,13.709566188325468,False,1040.9990234375,1162.0,980.0,WIN,11.623543715049864,5,1162.0,DEV,50,False,,UP50_NIKKEIOFF_BASE
2020-03-16,2269.T,,1,13.523080954765373,0.0,53.07031474748134,35.92332053846165,11.006364714056987,False,2609.701171875,2872.0,2478.0,WIN,10.050914294395835,2,2872.0,DEV,50,False,,UP50_NIKKEIOFF_BASE
2020-03-16,9532.T,,2,13.390713038756576,0.0,50.42295642730542,37.35436943423492,12.222674138459638,False,1353.5098876953125,1492.0,1284.0,WIN,10.231924684384936,1,1492.0,DEV,50,False,,UP50_NIKKEIOFF_BASE
2020-03-17,3659.T,,1,48.27221754814527,30.0,60.661742267253224,32.30034392888378,7.037913803862965,False,1239.3131103515625,1414.0,1152.0,LOSS,-7.045282553881313,2,1152.0,DEV,50,False,,UP50_NIKKEIOFF_BASE
2020-03-17,4519.T,,2,44.75618105294582,40.0,56.86275149369896,32.43573329813025,10.701515208170745,False,3248.826416015625,3659.0,3044.0,WIN,12.62528468625953,3,3659.0,DEV,50,False,,UP50_NIKKEIOFF_BASE
2020-03-17,2871.T,,3,43.63535555807985,20.0,57.92450246594485,32.901787246336994,9.173710287718126,False,1067.8038330078125,1197.0,1003.0,HOLD,6.707829905610195,5,1139.4302978515625,DEV,50,False,,UP50_NIKKEIOFF_BASE
2020-03-17,4385.T,,4,33.73094972853709,30.0,56.79290761422012,33.36875170109427,9.838340684685571,False,1946.0,2426.0,1706.0,LOSS,-12.332990750256938,2,1706.0,DEV,50,False,,UP50_NIKKEIOFF_BASE
2020-03-17,9007.T,,5,31.20580599337356,20.0,52.81177204138419,34.72080882208111,12.467419136534673,False,1842.7591552734375,2060.0,1734.0,WIN,11.788889725761653,2,2060.0,DEV,50,False,,UP50_NIKKEIOFF_BASE
2020-03-17,9001.T,,6,31.16275598620679,20.0,51.95077189804883,36.073986733258536,11.975241368692597,False,2935.493408203125,3294.0,2756.0,WIN,12.212822239526817,2,3294.0,DEV,50,False,,UP50_NIKKEIOFF_BASE
2020-03-17,7203.T,トヨタ自動車,7,30.513079179801274,10.0,59.39201837863416,30.499844810940544,10.108136810425277,False,1034.8367919921875,1169.0,968.0,HOLD,8.789292639013714,5,1125.7916259765625,DEV,50,False,,UP50_NIKKEIOFF_BASE
2020-03-17,7741.T,,8,27.141759796332117,10.0,61.53084810055541,29.24745634049562,9.221695558948923,False,8079.35498046875,9306.0,7466.0,HOLD,5.276088583949289,5,8505.62890625,DEV,50,False,,UP50_NIKKEIOFF_BASE
2020-03-17,4543.T,,9,27.09666786411243,10.0,60.62900945616164,28.790273114904846,10.580717428933498,False,1411.2791748046875,1617.0,1309.0,WIN,14.576905042461426,5,1617.0,DEV,50,False,,UP50_NIKKEIOFF_BASE
2020-03-17,6861.T,,10,27.095052294590488,10.0,60.59669806572278,29.596326579643033,9.806975354634135,False,29452.18359375,33770.0,27293.0,HOLD,13.130326844664397,5,33319.3515625,DEV,50,False,,UP50_NIKKEIOFF_BASE
2020-03-18,2871.T,,1,34.70683333531173,20.0,53.26710148884326,36.15396385588075,10.57893465527596,False,1065.167236328125,1199.0,998.0,WIN,12.564483689268094,5,1199.0,DEV,50,False,,UP50_NIKKEIOFF_BASE
2020-03-18,4385.T,,2,31.0983972492106,20.0,50.66359715812503,40.58668366950424,8.749719172370702,False,1890.0,2355.0,1657.0,LOSS,-12.328042328042327,1,1657.0,DEV,50,False,,UP50_NIKKEIOFF_BASE
2020-03-18,4519.T,,3,23.71043737512662,20.0,50.73048663296718,36.570208378791605,12.699304988241176,False,3147.4384765625,3577.0,2932.0,WIN,13.647972045720463,2,3577.0,DEV,50,False,,UP50_NIKKEIOFF_BASE
2020-03-18,9005.T,,4,22.066851050378084,0.0,50.03267318147475,38.031959854217725,11.935366964307514,False,1462.226806640625,1632.0,1377.0,HOLD,6.210787238067474,5,1553.0426025390625,DEV,50,False,,UP50_NIKKEIOFF_BASE
2020-03-18,7741.T,,5,14.724382885317514,0.0,51.00939683678506,37.91717133419968,11.073431829015222,False,8422.2705078125,9747.0,7760.0,LOSS,-7.863325064163846,3,7760.0,DEV,50,False,,UP50_NIKKEIOFF_BASE
2020-03-18,9735.T,,6,13.3851633553498,0.0,50.311962759169916,39.268971032610125,10.41906620821992,False,3370.185546875,3783.0,3164.0,WIN,12.249012625069906,4,3783.0,DEV,50,False,,UP50_NIKKEIOFF_BASE
2020-03-18,9602.T,,7,13.379410523935439,0.0,50.19690613088268,39.97378236849805,9.829311500619243,False,581.051025390625,665.0,539.0,HOLD,5.079349239596048,5,610.5646362304688,DEV,50,False,,UP50_NIKKEIOFF_BASE
2020-03-18,4911.T,,8,11.214987855494856,0.0,50.38671363163626,39.3513994168097,10.261886951554017,False,5391.611328125,6258.0,4958.0,HOLD,6.6175210695144555,5,5748.40234375,DEV,50,False,,UP50_NIKKEIOFF_BASE
2020-03-18,9843.T,,9,5.983328196645633,0.0,50.10134654160831,36.90279020718717,12.99586325120451,False,2683.665771484375,2990.0,2530.0,LOSS,-5.7259653238927815,1,2530.0,DEV,50,False,,UP50_NIKKEIOFF_BASE
2020-03-19,9531.T,,1,40.09369008299332,40.0,50.56945383377942,34.85564633643477,14.574899829785783,False,2018.484375,2257.0,1899.0,HOLD,9.841247493865293,5,2217.12841796875,DEV,50,False,,UP50_NIKKEIOFF_BASE
2020-03-19,2802.T,,2,37.42368505597841,30.0,61.08239677174213,28.823623014469018,10.093980213788797,False,791.22900390625,882.0,746.0,WIN,11.47215226509886,5,882.0,DEV,50,False,,UP50_NIKKEIOFF_BASE
2020-03-19,7532.T,,3,37.38152628471478,30.0,60.2392213464695,31.52964074116979,8.231137912360705,False,336.644287109375,386.0,312.0,HOLD,14.285714285714285,5,384.736328125,DEV,50,False,,UP50_NIKKEIOFF_BASE
2020-03-19,9532.T,,4,35.65870195723724,30.0,51.86969131865777,34.21835598449675,13.911952696845464,False,1492.203125,1696.0,1390.0,WIN,13.65744861310353,5,1696.0,DEV,50,False,,UP50_NIKKEIOFF_BASE
2020-03-19,2269.T,,5,35.5792330427214,30.0,50.280313028341006,35.54362814186433,14.176058829794643,False,2935.3916015625,3248.0,2779.0,HOLD,8.961593444230749,5,3198.449462890625,DEV,50,False,,UP50_NIKKEIOFF_BASE
2020-03-19,3659.T,,6,32.947339266708696,20.0,61.55548098634777,30.232259984589017,8.212259029063192,False,1222.832763671875,1451.0,1109.0,WIN,18.65890766967948,5,1451.0,DEV,50,False,,UP50_NIKKEIOFF_BASE
2020-03-19,4751.T,,7,31.443411417827804,20.0,57.563880530469135,32.77326874703459,9.662850722496254,False,781.9954223632812,937.0,704.0,HOLD,19.145794719460252,5,931.7146606445312,DEV,50,False,,UP50_NIKKEIOFF_BASE
2020-03-19,5803.T,フジクラ,8,31.135815708218818,20.0,51.41196633828942,39.45735613389157,9.13067752781902,False,44.36116027832031,53.0,40.0,HOLD,4.34784141593456,5,46.289913177490234,DEV,50,False,,UP50_NIKKEIOFF_BASE
2020-03-19,8233.T,,9,31.101515322447142,20.0,50.72595862285587,37.22809059498755,12.045950782156545,False,434.1688232421875,497.0,403.0,HOLD,2.7327986445904657,5,446.0337829589844,DEV,50,False,,UP50_NIKKEIOFF_BASE
2020-03-19,5406.T,,10,28.77775824124057,10.0,50.77255612915916,39.44902388819311,9.778419982647705,False,255.92654418945312,307.0,230.0,HOLD,7.017527960515137,5,273.8862609863281,DEV,50,False,,UP50_NIKKEIOFF_BASE
2020-03-23,2802.T,,1,28.21335989980641,30.0,50.78893712656296,37.11661546536961,12.094447408067403,False,783.05322265625,878.0,736.0,WIN,12.125201020394801,4,878.0,DEV,50,False,,UP50_NIKKEIOFF_BASE
2020-03-23,7532.T,,2,23.748618183204837,20.0,51.49410279453151,34.764880450327624,13.741016755140878,False,334.37225341796875,384.0,310.0,WIN,14.842064816902154,4,384.0,DEV,50,False,,UP50_NIKKEIOFF_BASE
2020-03-23,7741.T,,3,17.93532848180081,10.0,51.31526528819006,35.48483722183118,13.19989748997874,False,8051.8837890625,9522.0,7317.0,WIN,18.25804059584756,4,9522.0,DEV,50,False,,UP50_NIKKEIOFF_BASE
2020-03-23,7203.T,トヨタ自動車,4,17.89661353538976,10.0,50.540966359969154,38.64063150114845,10.818402138882382,False,1004.2471313476562,1144.0,935.0,HOLD,12.03913311293557,5,1125.1497802734375,DEV,50,False,,UP50_NIKKEIOFF_BASE
2020-03-23,9735.T,,5,17.87142796972768,10.0,50.037255046727495,38.64210281201933,11.320642141253142,False,3398.1865234375,3843.0,3176.0,WIN,13.089731051977113,2,3843.0,DEV,50,False,,UP50_NIKKEIOFF_BASE
2020-03-23,4183.T,,6,13.488549200452312,0.0,52.379679661220145,35.36625516557014,12.254065173209673,False,774.2420654296875,901.0,711.0,HOLD,7.215119183942336,5,830.1045532226562,DEV,50,False,,UP50_NIKKEIOFF_BASE
2020-03-23,3382.T,,7,13.435888366300663,0.0,51.32646297818715,35.5388743669979,13.134662654814901,False,936.4404907226562,1090.0,860.0,HOLD,12.84032520867822,5,1056.6824951171875,DEV,50,False,,UP50_NIKKEIOFF_BASE
2020-03-23,4543.T,,8,7.0522327871683235,10.0,51.04465574336646,38.13699853968171,10.8183457169518,False,1460.748779296875,1696.0,1343.0,WIN,16.10483774057043,4,1696.0,DEV,50,False,,UP50_NIKKEIOFF_BASE
2020-04-08,4751.T,,1,39.21410506061254,40.0,50.369057733989855,30.117590936205307,19.513351329804824,False,922.501220703125,1078.0,845.0,HOLD,2.996256515370253,5,950.1417236328125,DEV,50,False,,UP50_NIKKEIOFF_BASE
2020-05-28,9432.T,,1,39.20887508451972,40.0,50.26445821213342,30.63054666013261,19.104995127733957,False,79.45585632324219,84.0,77.0,HOLD,1.481645000911235,5,80.63311004638672,DEV,50,False,,UP50_NIKKEIOFF_BASE
2021-01-08,8630.T,,1,77.95780953516322,100.0,50.4605385293513,27.95931592604394,21.580145544604772,True,1132.0400390625,1193.0,1101.0,TIMEOUT_LOSS,-0.30681481941565325,5,1128.5667724609375,DEV,50,False,,UP50_NIKKEIOFF_BASE
2021-01-08,6479.T,,2,73.19149749507702,70.0,51.221254249366474,27.975961407023814,20.8027843436097,True,1978.4683837890625,2125.0,1905.0,TIMEOUT_LOSS,-2.202853683636202,5,1934.8856201171875,DEV,50,False,,UP50_NIKKEIOFF_BASE
2021-01-08,9735.T,,3,73.1652231620605,70.0,50.695767589036066,28.06803561904885,21.236196791915063,True,4299.490234375,4539.0,4180.0,TIMEOUT_LOSS,-0.248723617761735,5,4288.79638671875,DEV,50,False,,UP50_NIKKEIOFF_BASE
2021-01-08,2282.T,,4,69.07305927734993,85.0,51.24379424265088,27.305470310900116,21.450735446449002,True,1336.1334228515625,1409.0,1300.0,LOSS,-2.704327444668431,5,1300.0,DEV,50,False,,UP50_NIKKEIOFF_BASE
2021-01-08,1332.T,,5,64.51561432575595,70.0,51.61663434120579,27.561307978456657,20.822057680337544,True,370.64129638671875,390.0,361.0,TIMEOUT_LOSS,-0.9174261315646857,5,367.2409362792969,DEV,50,False,,UP50_NIKKEIOFF_BASE
2021-01-08,6701.T,,6,62.20782193432847,65.0,50.46078651265628,27.87929111372243,21.659922373621292,True,1050.2379150390625,1114.0,1018.0,HOLD,0.1754159824044705,5,1052.0802001953125,DEV,50,False,,UP50_NIKKEIOFF_BASE
2021-01-08,6471.T,,7,61.48729351264076,75.0,50.398044165858636,28.578519009119656,21.02343682502171,True,743.6954345703125,804.0,714.0,HOLD,0.10821762954313383,5,744.500244140625,DEV,50,False,,UP50_NIKKEIOFF_BASE
2021-01-08,9502.T,,8,59.31854492836027,70.0,52.023072480248864,27.13027321430087,20.84665430545025,True,1067.59326171875,1119.0,1042.0,HOLD,1.1157909854004084,5,1079.50537109375,DEV,50,False,,UP50_NIKKEIOFF_BASE
2021-01-08,9602.T,,9,53.52958632047289,65.0,50.80911771380546,27.266881892794974,21.924000393399556,True,813.47021484375,863.0,789.0,LOSS,-3.0081267140739993,2,789.0,DEV,50,False,,UP50_NIKKEIOFF_BASE
2021-01-08,7267.T,,10,53.26704667598913,50.0,50.12354221543478,27.893142295245422,21.98331548931978,True,767.950439453125,822.0,741.0,LOSS,-3.5093982721485286,5,741.0,DEV,50,False,,UP50_NIKKEIOFF_BASE
2021-02-08,8316.T,,1,86.6785606705024,100.0,50.962517757874416,27.58434517107836,21.453137071047212,True,461.5956115722656,489.0,448.0,WIN,5.9368823577829986,4,489.0,DEV,50,False,,UP50_NIKKEIOFF_BASE
2021-02-08,8053.T,,2,86.66960088868237,100.0,50.783322121473375,28.123537323913183,21.09314055461344,True,289.6702880859375,308.0,281.0,HOLD,4.330316450335212,5,302.21392822265625,DEV,50,False,,UP50_NIKKEIOFF_BASE
2021-02-08,1721.T,,3,86.66486905860837,100.0,50.68868551999351,27.960302180264897,21.351012299741583,True,2813.673095703125,2995.0,2723.0,LOSS,-3.2225881479122642,5,2723.0,DEV,50,False,,UP50_NIKKEIOFF_BASE
2021-02-08,8331.T,,4,86.63168907119703,100.0,50.02508577176658,27.964037163651252,22.010877064582175,True,540.8916015625,577.0,523.0,WIN,6.67571807977641,5,577.0,DEV,50,False,,UP50_NIKKEIOFF_BASE
2021-02-08,2501.T,,5,79.17088127550281,90.0,51.67849507527361,27.43953525645638,20.88196966827001,True,409.2459716796875,431.0,399.0,HOLD,2.379850161504267,5,418.98541259765625,DEV,50,False,,UP50_NIKKEIOFF_BASE
2021-02-08,2502.T,,6,79.1356410747135,90.0,50.97369105948742,27.026080849545597,22.00022809096696,True,1281.2196044921875,1367.0,1238.0,HOLD,5.947292385270954,5,1357.41748046875,DEV,50,False,,UP50_NIKKEIOFF_BASE
2021-02-08,8267.T,,7,78.0572989763375,100.0,52.45032735283702,26.847088609042665,20.7025840381203,True,1074.799072265625,1131.0,1047.0,WIN,5.228970622007156,4,1131.0,DEV,50,False,,UP50_NIKKEIOFF_BASE
2021-02-08,4704.T,,8,77.99862884951816,100.0,51.276924816449984,27.224834005760023,21.49824117778996,True,4925.25244140625,5259.0,4758.0,HOLD,1.663897898634439,5,5007.20361328125,DEV,50,False,,UP50_NIKKEIOFF_BASE
2021-02-08,8630.T,,9,77.98637083402653,100.0,51.031764506617286,27.96319862862032,21.00503686476241,True,1166.7735595703125,1229.0,1136.0,TIMEOUT_LOSS,-1.465567450973294,5,1149.6737060546875,DEV,50,False,,UP50_NIKKEIOFF_BASE
2021-02-08,4578.T,,10,77.98630109321283,100.0,51.03036969034363,27.199344586730284,21.770285722926072,True,4261.3779296875,4483.0,4151.0,LOSS,-2.5901933953929865,3,4151.0,DEV,50,False,,UP50_NIKKEIOFF_BASE
2021-02-26,7004.T,,1,66.87697589323062,85.0,50.80038742982998,28.591335046760996,20.608277523409,True,601.1643676757812,672.0,566.0,WIN,11.783072339780071,3,672.0,DEV,50,False,,UP50_NIKKEIOFF_BASE
2021-02-26,7011.T,,2,23.7329346624646,20.0,51.18043237972674,26.380435844214063,22.43913177605921,True,273.43255615234375,296.0,262.0,HOLD,6.453721596305647,5,291.0791320800781,DEV,50,False,,UP50_NIKKEIOFF_BASE
2021-03-01,3402.T,,1,49.173693281996265,65.0,50.64777868340351,30.365401026895228,18.98682028970127,True,622.3734741210938,671.0,598.0,TIMEOUT_LOSS,-1.1321797942466618,5,615.3270874023438,DEV,50,False,,UP50_NIKKEIOFF_BASE
2021-03-02,6302.T,,1,58.224898518700236,85.0,51.67188341748297,29.18540642930762,19.142710153209418,True,2450.734619140625,2680.0,2336.0,TIMEOUT_LOSS,-0.7308973144512134,5,2432.822265625,DEV,50,False,,UP50_NIKKEIOFF_BASE
2021-03-02,4183.T,,2,58.18236160039458,85.0,50.82114505136987,28.26775918555992,20.9110957630702,True,1364.8817138671875,1484.0,1305.0,HOLD,6.627409387135143,5,1455.3380126953125,DEV,50,False,,UP50_NIKKEIOFF_BASE
2021-03-02,7011.T,,3,43.85873726257766,60.0,50.218223512422725,27.713579118676723,22.068197368900556,True,278.869140625,301.0,268.0,HOLD,7.254707384035691,5,299.10028076171875,DEV,50,False,,UP50_NIKKEIOFF_BASE
2021-03-03,7011.T,,1,70.2030310867498,75.0,50.79975216977882,25.855716319850792,23.344531510370377,True,291.8812561035156,315.0,280.0,HOLD,1.0381766066016929,5,294.9114990234375,DEV,50,False,,UP50_NIKKEIOFF_BASE
2021-03-03,7186.T,,2,64.53514691573227,75.0,50.48554701029766,29.4175863389569,20.09686665074543,True,347.6304626464844,376.0,333.0,WIN,8.160831803271924,4,376.0,DEV,50,False,,UP50_NIKKEIOFF_BASE
2021-03-03,1803.T,,3,63.77861957898373,80.0,51.2245654927181,28.900397118745154,19.87503738853674,True,715.743896484375,768.0,689.0,HOLD,4.491714156388455,5,747.89306640625,DEV,50,False,,UP50_NIKKEIOFF_BASE
2021-03-03,8591.T,,4,58.214564518799456,85.0,51.46520341946742,29.255309836891215,19.279486743641367,True,1452.7554931640625,1569.0,1395.0,HOLD,2.0706542229782388,5,1482.8370361328125,DEV,50,False,,UP50_NIKKEIOFF_BASE
2021-03-03,6302.T,,5,58.21112041532453,85.0,51.39632134996882,28.193371439774523,20.41030721025665,True,2519.94140625,2751.0,2405.0,LOSS,-4.5612729710667255,2,2405.0,DEV,50,False,,UP50_NIKKEIOFF_BASE
2021-03-03,8015.T,,6,58.18505217843413,85.0,50.87495661216077,30.479798768593902,18.645244619245343,True,1283.881591796875,1400.0,1226.0,HOLD,0.8638982547089353,5,1294.9730224609375,DEV,50,False,,UP50_NIKKEIOFF_BASE
2021-03-03,543A.T,,7,58.17363861145022,85.0,50.64668527248271,29.106370454919915,20.246944272597382,True,1012.5596923828125,1125.0,956.0,TIMEOUT_LOSS,-0.7684973240751022,5,1004.7781982421875,DEV,50,False,,UP50_NIKKEIOFF_BASE
2021-03-03,6902.T,,8,58.16455649467092,85.0,50.46504293689667,29.41359157844043,20.121365484662885,True,1447.410400390625,1565.0,1389.0,HOLD,4.040697345896404,5,1505.8958740234375,DEV,50,False,,UP50_NIKKEIOFF_BASE
2021-03-03,5214.T,,9,58.1629031074877,85.0,50.431975193232326,29.368782241468967,20.199242565298682,True,2020.201416015625,2166.0,1947.0,TIMEOUT_LOSS,-0.3605790873313921,5,2012.9169921875,DEV,50,False,,UP50_NIKKEIOFF_BASE
2021-03-03,9009.T,,10,53.694158402090515,75.0,51.05708108528858,27.65954139172261,21.283377522988815,True,1206.8773193359375,1307.0,1157.0,HOLD,3.911350345144137,5,1254.08251953125,DEV,50,False,,UP50_NIKKEIOFF_BASE
2021-04-01,7532.T,,1,55.82187855863012,75.0,50.13322334651542,29.454565965874917,20.41221068760967,True,499.1876525878906,542.0,478.0,TIMEOUT_LOSS,-1.4885329136736498,5,491.757080078125,DEV,50,False,,UP50_NIKKEIOFF_BASE
2021-04-07,6981.T,,1,39.20777242245497,40.0,50.24240497083857,29.05650202341816,20.70109300574326,True,2773.927978515625,2980.0,2671.0,TIMEOUT_LOSS,-1.6750206763610203,5,2727.464111328125,DEV,50,False,,UP50_NIKKEIOFF_BASE
2021-09-03,1802.T,,1,54.722738334722195,60.0,50.106940607487495,29.124815386496405,20.768244006016065,False,766.955078125,810.0,745.0,HOLD,1.8008574389899181,5,780.766845703125,DEV,50,False,,UP50_NIKKEIOFF_BASE
2021-09-03,9735.T,,2,52.46973600274709,55.0,50.04689396798532,28.653275668107515,21.299830363907144,False,3804.28662109375,3970.0,3722.0,HOLD,1.0279894737369017,5,3843.394287109375,DEV,50,False,,UP50_NIKKEIOFF_BASE
2021-09-03,8604.T,,3,51.19270965551316,55.0,50.59332354504581,29.06288380361355,20.34379265134064,False,455.454345703125,478.0,444.0,HOLD,2.5636598177150756,5,467.1306457519531,DEV,50,False,,UP50_NIKKEIOFF_BASE
2021-09-03,6762.T,,4,44.56452077168263,40.0,53.02954586843516,27.9747076807637,18.995746450801118,False,733.0488891601562,779.0,710.0,HOLD,4.691358805915569,5,767.4388427734375,DEV,50,False,,UP50_NIKKEIOFF_BASE
2021-09-03,7011.T,,5,43.72837084874494,50.0,50.654373496637916,29.439182628166062,19.906443875196047,False,273.29931640625,288.0,266.0,HOLD,1.0996293662690253,5,276.3045959472656,DEV,50,False,,UP50_NIKKEIOFF_BASE
2021-09-03,2282.T,,6,41.54108702712763,45.0,51.90869706429177,28.169556365855264,19.921746569852925,False,1284.7843017578125,1344.0,1255.0,HOLD,3.4364333978498527,5,1328.93505859375,DEV,50,False,,UP50_NIKKEIOFF_BASE
2021-09-03,4902.T,,7,41.45294565273259,45.0,50.14586957639088,29.554844007273708,20.299286416335406,False,518.881103515625,556.0,500.0,HOLD,1.5358623126591218,5,526.8504028320312,DEV,50,False,,UP50_NIKKEIOFF_BASE
2021-09-03,1801.T,,8,39.20850252902386,40.0,50.25700710221642,28.80085506228748,20.942137835496094,False,3072.85205078125,3259.0,2980.0,HOLD,1.523548985643395,5,3119.66845703125,DEV,50,False,,UP50_NIKKEIOFF_BASE
2021-09-03,4452.T,,9,34.70096152904766,30.0,50.10618710269243,28.074950741709475,21.818862155598055,False,2975.380859375,3097.0,2915.0,HOLD,1.3641652361994099,5,3015.969970703125,DEV,50,False,,UP50_NIKKEIOFF_BASE
2021-09-03,3401.T,,10,25.75965518140036,10.0,51.2800601497463,28.38666753238583,20.333272317867852,False,1352.2291259765625,1409.0,1324.0,WIN,4.1983176469770465,5,1409.0,DEV,50,False,,UP50_NIKKEIOFF_BASE
2022-03-23,7912.T,,1,84.38416005583787,95.0,50.07450546458335,27.793762566401313,22.131731969015334,False,1399.1610107421875,1500.0,1349.0,TIMEOUT_LOSS,-1.5117440549045549,5,1378.00927734375,DEV,50,False,,UP50_NIKKEIOFF_BASE
2022-03-23,8001.T,,2,73.47451590562287,90.0,50.794665938544284,29.2079553520675,19.997378709388215,False,721.6596069335938,769.0,698.0,HOLD,2.0497779412163957,5,736.4520263671875,DEV,50,False,,UP50_NIKKEIOFF_BASE
2022-03-23,9503.T,,3,73.44665021559415,90.0,50.23735213796976,29.28532496599473,20.477322896035517,False,1045.1273193359375,1112.0,1012.0,LOSS,-3.1696922205599063,2,1012.0,DEV,50,False,,UP50_NIKKEIOFF_BASE
2022-03-23,6178.T,,4,66.7898056407885,75.0,52.10046064185708,27.88720156337109,20.012337794771838,False,800.1746215820312,839.0,781.0,LOSS,-2.396304639619907,5,781.0,DEV,50,False,,UP50_NIKKEIOFF_BASE
2022-03-23,5020.T,,5,66.75665873994934,75.0,51.437522625073726,28.983352745844552,19.57912462908171,False,397.81488037109375,424.0,385.0,TIMEOUT_LOSS,-0.34870667229842467,5,396.42767333984375,DEV,50,False,,UP50_NIKKEIOFF_BASE
2022-03-23,4502.T,,6,65.92170863952424,80.0,50.6080858339631,28.413075540926787,20.97883862511014,False,2921.2822265625,3059.0,2853.0,TIMEOUT_LOSS,-1.0376603809663256,5,2890.96923828125,DEV,50,False,,UP50_NIKKEIOFF_BASE
2022-03-23,2432.T,,7,62.44045038716403,80.0,50.54813817806312,27.492386051850175,21.959475770086716,False,1713.0953369140625,1837.0,1651.0,HOLD,3.9920542563435086,5,1781.4830322265625,DEV,50,False,,UP50_NIKKEIOFF_BASE
2022-03-23,9434.T,,8,62.36361536966191,70.0,52.054916088890366,27.803142823624377,20.14194108748526,False,121.31352996826172,126.0,119.0,LOSS,-1.9070667293804646,3,119.0,DEV,50,False,,UP50_NIKKEIOFF_BASE
2022-03-23,1928.T,,9,62.29054891050812,70.0,50.59358690581467,28.446035298631323,20.96037779555403,False,2035.945556640625,2161.0,1973.0,TIMEOUT_LOSS,-0.4084848090945534,5,2027.6290283203125,DEV,50,False,,UP50_NIKKEIOFF_BASE
2022-03-23,4578.T,,10,51.69643205767119,60.0,50.45038028385853,28.92786042046848,20.621759295673023,False,3923.0224609375,4163.0,3803.0,HOLD,0.0,5,3923.0224609375,DEV,50,False,,UP50_NIKKEIOFF_BASE
2022-12-21,3086.T,,1,52.66339384574037,65.0,50.87657256698144,31.403845682291458,17.719581750727144,True,1034.563720703125,1111.0,996.0,WIN,7.388262101915412,3,1111.0,DEV,50,False,,UP50_NIKKEIOFF_BASE
2022-12-21,8015.T,,2,51.43083858718586,55.0,55.355902178499846,27.92253984692571,16.721557974574452,True,1459.350830078125,1565.0,1406.0,TIMEOUT_LOSS,-0.9118609934151413,5,1446.0435791015625,DEV,50,False,,UP50_NIKKEIOFF_BASE
2022-12-21,2914.T,,3,51.17191527894296,55.0,50.177436013641874,32.66966366687578,17.152900319482377,True,2259.087646484375,2332.0,2223.0,TIMEOUT_LOSS,-0.3124857144370129,5,2252.0283203125,DEV,50,False,,UP50_NIKKEIOFF_BASE
2022-12-21,3382.T,,4,50.96650624401474,35.0,52.156211836816446,30.29993549781876,17.54385266536481,True,1693.1978759765625,1783.0,1648.0,HOLD,2.239883460627048,5,1731.12353515625,DEV,50,False,,UP50_NIKKEIOFF_BASE
2022-12-21,7272.T,,5,48.11129355799754,30.0,57.44326246429867,26.450994884646096,16.10574265105526,True,873.996337890625,942.0,840.0,HOLD,1.15356230318873,5,884.0784301757812,DEV,50,False,,UP50_NIKKEIOFF_BASE
2022-12-21,6841.T,,6,48.06660550925821,30.0,56.54950148951205,25.735395454396464,17.715103056091493,True,2101.445556640625,2267.0,2019.0,LOSS,-3.923278258629866,3,2019.0,DEV,50,False,,UP50_NIKKEIOFF_BASE
2022-12-21,3092.T,,7,47.064341253163875,65.0,51.938998976320946,31.528526902020186,16.53247412165889,True,945.614013671875,1020.0,908.0,HOLD,2.507832599880978,5,969.3284301757812,DEV,50,False,,UP50_NIKKEIOFF_BASE
2022-12-21,5802.T,,8,46.80482236561887,40.0,54.357316877594755,28.144673782346995,17.49800934005827,True,333.4462890625,352.0,324.0,TIMEOUT_LOSS,-0.26604448980667683,5,332.5591735839844,DEV,50,False,,UP50_NIKKEIOFF_BASE
2022-12-21,1928.T,,9,46.75841477790755,40.0,53.42916512336839,27.767434427364137,18.803400449267485,True,1979.63720703125,2087.0,1926.0,HOLD,0.7084582111276012,5,1993.662109375,DEV,50,False,,UP50_NIKKEIOFF_BASE
2022-12-21,6723.T,,10,44.72811909172416,30.0,59.34499053013537,25.81961720639147,14.83539226347315,True,1150.0635986328125,1249.0,1100.0,TIMEOUT_LOSS,-0.7534612184427215,5,1141.3983154296875,DEV,50,False,,UP50_NIKKEIOFF_BASE
2022-12-23,2501.T,,1,54.65157769208212,45.0,53.2489451459902,29.3661662894785,17.384888564531302,True,623.0504150390625,664.0,602.0,TIMEOUT_LOSS,-1.7007054622926319,5,612.4541625976562,DEV,50,False,,UP50_NIKKEIOFF_BASE
2022-12-23,8015.T,,2,42.230144540810244,30.0,52.863760381422345,29.579743220491338,17.55649639808633,True,1437.1722412109375,1542.0,1385.0,TIMEOUT_LOSS,-1.2345630776038865,5,1419.429443359375,DEV,50,False,,UP50_NIKKEIOFF_BASE
2022-12-23,5802.T,,3,42.111898724443435,30.0,50.49884405408602,31.30607401037782,18.19508193553617,True,331.6720275878906,350.0,322.0,TIMEOUT_LOSS,-1.7385445227552712,5,325.90576171875,DEV,50,False,,UP50_NIKKEIOFF_BASE
2022-12-23,8630.T,,4,37.97681292871847,40.0,51.71017161784774,30.77680626162977,17.513022120522503,True,1708.719970703125,1811.0,1658.0,TIMEOUT_LOSS,-0.9004393108248033,5,1693.333984375,DEV,50,False,,UP50_NIKKEIOFF_BASE
2022-12-23,8604.T,,5,35.74665885965821,40.0,50.585351106207725,30.98315008234673,18.431498811445586,True,412.1207275390625,428.0,404.0,HOLD,1.3863065975966895,5,417.833984375,DEV,50,False,,UP50_NIKKEIOFF_BASE
2022-12-23,4523.T,,6,34.961580777630665,45.0,50.75335468304804,31.825374418840546,17.42127089811141,True,7737.0986328125,8517.0,7347.0,LOSS,-5.041923999238147,5,7347.0,DEV,50,False,,UP50_NIKKEIOFF_BASE
2022-12-23,6963.T,,7,34.805680011358525,20.0,55.24403500977915,28.335922355532965,16.420042634687874,True,2240.783935546875,2422.0,2150.0,TIMEOUT_LOSS,-3.505155829798073,5,2162.240966796875,DEV,50,False,,UP50_NIKKEIOFF_BASE
2022-12-23,6841.T,,8,34.77605691893668,20.0,54.651573161342334,26.368658132515936,18.97976870614169,True,2056.4140625,2213.0,1978.0,LOSS,-3.813145607683278,3,1978.0,DEV,50,False,,UP50_NIKKEIOFF_BASE
2022-12-23,7272.T,,9,34.72677245279337,20.0,53.665883838476034,28.615343788594227,17.71877237292975,True,876.8807983398438,942.0,844.0,TIMEOUT_LOSS,-1.9367967082474438,5,859.8973999023438,DEV,50,False,,UP50_NIKKEIOFF_BASE
2022-12-23,7202.T,,10,34.68677497594891,20.0,52.86593430158686,28.949576784790494,18.184488913622655,True,1338.275390625,1432.0,1291.0,LOSS,-3.532560708818048,2,1291.0,DEV,50,False,,UP50_NIKKEIOFF_BASE
2022-12-27,3099.T,,1,82.37088347790652,100.0,51.76549564508672,29.029021532398836,19.205482822514387,True,674.3696899414062,731.0,646.0,LOSS,-4.206845349747436,3,646.0,DEV,50,False,,UP50_NIKKEIOFF_BASE
2022-12-27,7453.T,,2,74.83214837285773,90.0,51.86035876150249,27.97561723820773,20.164024000289732,True,745.5569458007812,801.0,718.0,HOLD,0.06321629477360388,5,746.0282592773438,DEV,50,False,,UP50_NIKKEIOFF_BASE
2022-12-27,8267.T,,3,73.76290354990253,100.0,53.51894056326799,26.629714641588098,19.851344795143845,True,918.2265014648438,957.0,899.0,LOSS,-2.093873508788058,2,899.0,DEV,50,False,,UP50_NIKKEIOFF_BASE
2022-12-27,8233.T,,4,71.25031751857497,80.0,52.83243732802123,28.102473521172204,19.065089150806493,True,849.6592407226562,919.0,815.0,TIMEOUT_LOSS,-1.3661267151202405,5,838.0518188476562,DEV,50,False,,UP50_NIKKEIOFF_BASE
2022-12-27,8304.T,,5,69.11992857493576,90.0,50.65944106393259,29.283256535200884,20.057302400866497,True,2334.877685546875,2430.0,2288.0,LOSS,-2.0077148296483593,2,2288.0,DEV,50,False,,UP50_NIKKEIOFF_BASE
2022-12-27,3086.T,,6,68.21442522053451,80.0,52.98415658460311,26.896355572191045,20.11948784320579,True,1121.6087646484375,1205.0,1080.0,LOSS,-3.7097396133026437,1,1080.0,DEV,50,False,,UP50_NIKKEIOFF_BASE
2022-12-27,9201.T,,7,64.8483248638085,85.0,53.705627710952754,24.501122668775473,21.793249620271723,True,2432.251220703125,2564.0,2366.0,LOSS,-2.723864218432701,4,2366.0,DEV,50,False,,UP50_NIKKEIOFF_BASE
2022-12-27,2914.T,,8,58.30826323536948,90.0,51.8174386204331,29.17548057969433,19.007080799872522,True,2301.109375,2369.0,2267.0,LOSS,-1.4823013356329489,2,2267.0,DEV,50,False,,UP50_NIKKEIOFF_BASE
2022-12-27,1332.T,,9,58.02035000644034,70.0,52.14613056358927,27.80677996031754,20.047089476093163,True,490.6078796386719,510.0,481.0,LOSS,-1.9583622761517792,4,481.0,DEV,50,False,,UP50_NIKKEIOFF_BASE
2022-12-27,9021.T,,10,56.169332402069855,85.0,54.03882195444053,25.574412665058695,20.38676538050074,True,2576.462890625,2726.0,2502.0,LOSS,-2.890120827897379,5,2502.0,DEV,50,False,,UP50_NIKKEIOFF_BASE
2022-12-28,5401.T,,1,73.66627688561661,100.0,51.586407277549704,27.92041157245474,20.493181149995493,True,357.5216369628906,377.0,348.0,LOSS,-2.663233767828976,3,348.0,DEV,50,False,,UP50_NIKKEIOFF_BASE
2022-12-28,8304.T,,2,71.45654785325047,95.0,52.391826630226966,26.640597731041616,20.96757563873137,True,2323.53515625,2419.0,2276.0,LOSS,-2.0458117933846087,2,2276.0,DEV,50,False,,UP50_NIKKEIOFF_BASE
2022-12-28,2914.T,,3,69.22734405456788,95.0,51.28601152614032,28.167738610768904,20.546249863090715,True,2297.47265625,2365.0,2264.0,LOSS,-1.4569338250421233,1,2264.0,DEV,50,False,,UP50_NIKKEIOFF_BASE
2022-12-28,5406.T,,4,69.19400839222706,90.0,52.14103740975864,27.62713059931048,20.23183199093085,True,540.18017578125,566.0,527.0,LOSS,-2.439959178840249,2,527.0,DEV,50,False,,UP50_NIKKEIOFF_BASE
2022-12-28,3099.T,,5,69.14910444101784,90.0,51.24295838557433,29.37578516946201,19.38125644496359,True,677.1017456054688,734.0,649.0,LOSS,-4.1502987974635905,1,649.0,DEV,50,False,,UP50_NIKKEIOFF_BASE
2022-12-28,8316.T,,6,69.1108655415504,90.0,50.478180396225206,30.896651142292058,18.625168461482687,True,766.4431762695312,816.0,741.0,TIMEOUT_LOSS,-1.1023933686936116,5,757.9939575195312,DEV,50,False,,UP50_NIKKEIOFF_BASE
2022-12-28,3086.T,,7,68.9258272309475,75.0,51.342631575472,27.5868056342686,21.070562790259366,True,1114.35498046875,1201.0,1071.0,LOSS,-3.890589733848801,2,1071.0,DEV,50,False,,UP50_NIKKEIOFF_BASE
2022-12-28,8233.T,,8,66.7451944662339,70.0,52.72997628119981,28.37083622645852,18.89918749234159,True,859.8736572265625,929.0,825.0,LOSS,-4.0556722413202,2,825.0,DEV,50,False,,UP50_NIKKEIOFF_BASE
2022-12-28,3382.T,,9,62.477547231323115,80.0,51.290075061244934,27.70003279982364,21.00989213893141,True,1755.591796875,1838.0,1714.0,LOSS,-2.369104079264582,3,1714.0,DEV,50,False,,UP50_NIKKEIOFF_BASE
2022-12-28,7532.T,,10,57.928872317067594,65.0,51.838315906569264,29.061183756542246,19.100500336888413,True,487.9347839355469,529.0,468.0,LOSS,-4.085542697890572,1,468.0,DEV,50,False,,UP50_NIKKEIOFF_BASE
2022-12-29,8725.T,,1,80.29732754666867,95.0,55.29437702032982,29.91601422813946,14.789608751530661,True,1185.1563720703125,1255.0,1150.0,TIMEOUT_LOSS,-1.5490687264060723,5,1166.7974853515625,DEV,50,False,,UP50_NIKKEIOFF_BASE
2022-12-29,3659.T,,2,71.49958176533386,100.0,51.73076574145977,31.58923016224811,16.680004096292063,True,2513.8583984375,2698.0,2422.0,TIMEOUT_LOSS,-0.6611397522561457,5,2497.23828125,DEV,50,False,,UP50_NIKKEIOFF_BASE
2022-12-29,8306.T,三菱UFJ,3,71.38044550169312,95.0,50.86977959907991,34.12257793939973,15.007642461520303,True,774.2227172851562,831.0,746.0,HOLD,1.3386346642238605,5,784.5867309570312,DEV,50,False,,UP50_NIKKEIOFF_BASE
2022-12-29,8309.T,,4,67.02447896385337,85.0,53.75044884228463,30.647801402938818,15.601749754776502,True,490.4980773925781,521.0,475.0,TIMEOUT_LOSS,-0.4152957811973776,5,488.4610595703125,DEV,50,False,,UP50_NIKKEIOFF_BASE
2022-12-29,8304.T,,5,67.01124243632849,85.0,53.48571829178712,31.542134734304767,14.972146973908043,True,2277.5068359375,2379.0,2227.0,HOLD,0.42751012255983384,5,2287.243408203125,DEV,50,False,,UP50_NIKKEIOFF_BASE
2022-12-29,3099.T,,6,66.9951200079009,85.0,53.16326972323532,32.44068001296604,14.396050263798637,True,647.504150390625,707.0,618.0,TIMEOUT_LOSS,-3.2348613987678796,5,626.5582885742188,DEV,50,False,,UP50_NIKKEIOFF_BASE
2022-12-29,5401.T,,7,66.91722101877866,85.0,51.60528994079072,31.884270765542333,16.51043929366689,True,353.89703369140625,373.0,344.0,LOSS,-2.796585658877361,3,344.0,DEV,50,False,,UP50_NIKKEIOFF_BASE
2022-12-29,8354.T,,8,66.86607755453268,85.0,50.58242065587104,34.27629612553861,15.1412832185903,True,2619.1865234375,2849.0,2504.0,LOSS,-4.397797652315563,5,2504.0,DEV,50,False,,UP50_NIKKEIOFF_BASE
2022-12-29,5406.T,,9,63.982979435238995,85.0,53.79002348738854,30.175288176660263,16.034688335951174,True,531.8825073242188,559.0,518.0,HOLD,1.40406131807913,5,539.3504638671875,DEV,50,False,,UP50_NIKKEIOFF_BASE
2022-12-29,8604.T,,10,55.858506902475774,60.0,55.43100761473286,29.654479472251616,14.914512913015516,True,416.8106384277344,433.0,409.0,TIMEOUT_LOSS,-0.28640250354900565,5,415.61688232421875,DEV,50,False,,UP50_NIKKEIOFF_BASE
2022-12-30,4503.T,,1,46.613434483575745,40.0,50.529559236732254,26.78881481142954,22.681625951838146,False,1716.78662109375,1801.0,1675.0,LOSS,-2.434002023334042,1,1675.0,DEV,50,False,,UP50_NIKKEIOFF_BASE
2022-12-30,9983.T,,2,40.30263533139007,50.0,51.704880540844854,27.44965953875077,20.84545992040432,False,25829.302734375,27633.0,24928.0,HOLD,1.142423708295818,5,26124.3828125,DEV,50,False,,UP50_NIKKEIOFF_BASE
2022-12-30,8053.T,,3,40.21743159374084,50.0,50.000805787860195,27.622418118714894,22.376776093424855,False,477.2379150390625,500.0,466.0,LOSS,-2.3547825277341308,2,466.0,DEV,50,False,,UP50_NIKKEIOFF_BASE
2022-12-30,6302.T,,4,39.096529117906684,30.0,51.06101714074238,26.51578510936514,22.423197749892427,False,2348.6904296875,2467.0,2290.0,LOSS,-2.4988576163828,2,2290.0,DEV,50,False,,UP50_NIKKEIOFF_BASE
2022-12-30,2802.T,,5,39.065967695433926,30.0,50.449788691287225,26.957120943373024,22.593090365339716,False,1916.1685791015625,2024.0,1862.0,LOSS,-2.826921372803254,1,1862.0,DEV,50,False,,UP50_NIKKEIOFF_BASE
2022-12-30,4208.T,,6,35.75674688033001,40.0,50.787111519643645,27.3117192385926,21.901169241763707,False,1628.376708984375,1685.0,1600.0,TIMEOUT_LOSS,-0.3095880540301546,5,1623.33544921875,DEV,50,False,,UP50_NIKKEIOFF_BASE
2022-12-30,6305.T,,7,32.739944801568136,40.0,51.320635161797455,26.7489131743295,21.930451663873,False,2553.841552734375,2707.0,2477.0,TIMEOUT_LOSS,-0.6758927722148055,5,2536.580322265625,DEV,50,False,,UP50_NIKKEIOFF_BASE
2022-12-30,3697.T,,8,31.07349436681399,20.0,50.16553951019286,30.588133311783338,19.246327178023776,False,1549.4012451171875,1734.0,1457.0,HOLD,5.612685091700383,5,1636.3642578125,DEV,50,False,,UP50_NIKKEIOFF_BASE
2022-12-30,4062.T,,9,29.219642940929475,40.0,50.479815340328685,28.533613818839854,20.98657084083143,False,1166.286376953125,1286.0,1106.0,WIN,10.264513537371661,5,1286.0,DEV,50,False,,UP50_NIKKEIOFF_BASE
2022-12-30,4519.T,,10,28.235917945932677,30.0,51.24009804908825,26.646161526745377,22.113740424166323,False,3122.656494140625,3294.0,3037.0,TIMEOUT_LOSS,-1.9893121411908823,5,3060.537109375,DEV,50,False,,UP50_NIKKEIOFF_BASE
2023-01-05,4523.T,,1,47.86881457465069,30.0,52.593682797361595,28.87507699795893,18.531240204679474,False,7243.83056640625,7980.0,6876.0,TIMEOUT_LOSS,-0.2216527871070243,5,7227.7744140625,DEV,50,False,,UP50_NIKKEIOFF_BASE
2023-01-05,6301.T,,2,39.11734765001742,30.0,51.477387782957116,27.808001728037055,20.714610489005818,False,2414.006103515625,2540.0,2351.0,WIN,5.219286575161697,5,2540.0,DEV,50,False,,UP50_NIKKEIOFF_BASE
2023-01-05,6752.T,,3,39.10674599144293,30.0,51.26535461146724,27.57529072832926,21.15935466020349,False,990.9276123046875,1054.0,959.0,HOLD,1.5653797101363578,5,1006.4393920898438,DEV,50,False,,UP50_NIKKEIOFF_BASE
2023-01-05,6501.T,,4,39.07442854578302,30.0,50.61900569826917,28.485496232046202,20.8954980696846,False,1228.55126953125,1311.0,1187.0,TIMEOUT_LOSS,-0.01542085623111889,5,1228.36181640625,DEV,50,False,,UP50_NIKKEIOFF_BASE
2023-01-05,5711.T,,5,39.061961307765785,30.0,50.36966093792429,29.6644382189152,19.965900843160494,False,1787.2916259765625,1886.0,1738.0,WIN,5.52279060612193,4,1886.0,DEV,50,False,,UP50_NIKKEIOFF_BASE
2023-01-05,2802.T,,6,34.79896037791203,20.0,55.10964234084926,25.244184474238747,19.646173184911987,False,1863.40380859375,1977.0,1807.0,HOLD,2.01529590165846,5,1900.9569091796875,DEV,50,False,,UP50_NIKKEIOFF_BASE
2023-01-05,4503.T,,7,34.70910273915807,20.0,53.31248956576997,24.35151657969229,22.33599385453774,False,1637.214599609375,1731.0,1590.0,TIMEOUT_LOSS,-1.384902634658265,5,1614.540771484375,DEV,50,False,,UP50_NIKKEIOFF_BASE
2023-01-05,6472.T,,8,34.655743229491165,20.0,52.24529937243195,28.126498431213953,19.628202196354092,False,224.31591796875,244.0,214.0,HOLD,1.5624965988171502,5,227.8208465576172,DEV,50,False,,UP50_NIKKEIOFF_BASE
2023-01-05,2501.T,,9,34.619852736602205,20.0,51.527489514652736,25.14275312808755,23.32975735725967,False,600.8619995117188,648.0,577.0,TIMEOUT_LOSS,-2.4115744358563638,5,586.3717651367188,DEV,50,False,,UP50_NIKKEIOFF_BASE
2023-01-05,6305.T,,10,34.60527326265505,20.0,51.23590003570968,28.8399641922096,19.924135772080678,False,2496.87890625,2654.0,2418.0,HOLD,2.2813539872434494,5,2553.841552734375,DEV,50,False,,UP50_NIKKEIOFF_BASE
2023-01-06,6758.T,,1,49.07732309798844,60.0,50.24211413368188,25.752209318131197,24.005676548186912,False,2068.544189453125,2202.0,2002.0,HOLD,4.56038099522977,5,2162.877685546875,DEV,50,False,,UP50_NIKKEIOFF_BASE
2023-01-06,6098.T,,2,31.3724807991544,40.0,50.058311635261866,24.922988398693203,25.0186999660449,False,4278.23828125,4566.0,4134.0,LOSS,-3.3714410410973414,2,4134.0,DEV,50,False,,UP50_NIKKEIOFF_BASE
2023-01-06,9983.T,,3,31.24363754856521,30.0,50.524924884347655,25.59333404242643,23.881741073225896,False,25508.560546875,27224.0,24651.0,LOSS,-3.3618539364427518,4,24651.0,DEV,50,False,,UP50_NIKKEIOFF_BASE
2023-01-06,6920.T,,4,20.21634790668012,20.0,50.41391465534153,30.850483562204108,18.735601782454346,False,21176.689453125,24356.0,19587.0,WIN,15.013255749499768,4,24356.0,DEV,50,False,,UP50_NIKKEIOFF_BASE
2023-01-06,7974.T,,5,16.84849395179446,0.0,50.013357296758734,23.744793932891586,26.241848770349645,False,5024.01025390625,5275.0,4899.0,HOLD,0.12765846195802133,5,5030.423828125,DEV,50,False,,UP50_NIKKEIOFF_BASE
2023-01-06,6367.T,,6,13.392907155332354,0.0,50.466838758821,25.800550488572675,23.73261075260631,False,19020.5625,20229.0,18416.0,WIN,6.353321569748529,2,20229.0,DEV,50,False,,UP50_NIKKEIOFF_BASE
2023-01-06,2413.T,,7,13.372715402564285,0.0,50.06300370345962,28.932453235575515,21.00454306096487,False,3385.5458984375,3708.0,3224.0,HOLD,1.1621383299118293,5,3424.890625,DEV,50,False,,UP50_NIKKEIOFF_BASE
2023-01-06,6981.T,,8,11.500316263427049,20.0,50.006325268540955,25.904599118265608,24.08907561319344,False,2104.566162109375,2240.0,2037.0,WIN,6.435237833287298,3,2240.0,DEV,50,False,,UP50_NIKKEIOFF_BASE
2023-08-18,3401.T,,1,46.739141237764365,40.0,53.04369432050468,31.948021447961477,15.008284231533825,True,1252.429443359375,1335.0,1211.0,HOLD,3.1597767697976065,5,1292.00341796875,VALIDATION,50,False,,UP50_NIKKEIOFF_BASE
2023-08-18,9147.T,,2,43.46818243631634,20.0,54.5810400306746,31.63183392865911,13.78712604066627,True,2206.185546875,2356.0,2131.0,TIMEOUT_LOSS,-0.2455365640108112,5,2200.7685546875,VALIDATION,50,False,,UP50_NIKKEIOFF_BASE
2023-08-18,4661.T,,3,39.266115308407024,30.0,54.45274095074921,31.994237544964278,13.553021504286505,True,4956.1240234375,5295.0,4786.0,HOLD,1.0739948268704023,5,5009.3525390625,VALIDATION,50,False,,UP50_NIKKEIOFF_BASE
2023-08-18,9202.T,,4,35.831493051337766,40.0,52.28203493979874,31.076069153928078,16.64189590627313,True,3058.846435546875,3219.0,2979.0,HOLD,0.36630115567559673,5,3070.051025390625,VALIDATION,50,False,,UP50_NIKKEIOFF_BASE
2023-08-18,5713.T,,5,34.639813408020004,20.0,51.92670294300865,33.74714628123776,14.326150775753547,True,3980.643798828125,4250.0,3846.0,HOLD,2.4529956576369893,5,4078.288818359375,VALIDATION,50,False,,UP50_NIKKEIOFF_BASE
2023-08-18,2768.T,,6,28.22562014512075,30.0,51.03414203284977,33.53201265321688,15.43384531393333,True,2628.534912109375,2804.0,2541.0,HOLD,2.1880783866294635,5,2686.04931640625,VALIDATION,50,False,,UP50_NIKKEIOFF_BASE
2023-08-18,6506.T,,7,21.47723939890207,10.0,52.588266238910975,33.384433069775895,14.02730069131312,True,5221.369140625,5675.0,4994.0,TIMEOUT_LOSS,-1.6381374467379954,5,5135.8359375,VALIDATION,50,False,,UP50_NIKKEIOFF_BASE
2023-08-18,6273.T,,8,16.87402459691794,0.0,50.523970199228366,34.19042881351041,15.28560098726119,True,63741.3203125,68291.0,61467.0,TIMEOUT_LOSS,-0.41562644129611276,5,63476.39453125,VALIDATION,50,False,,UP50_NIKKEIOFF_BASE
2023-08-18,9843.T,,9,15.084584450814802,20.0,52.12647162499169,32.80095648333536,15.072571891672935,True,3144.42138671875,3351.0,3041.0,HOLD,0.7076877685943996,5,3166.674072265625,VALIDATION,50,False,,UP50_NIKKEIOFF_BASE
2023-08-18,2503.T,,10,10.657529604111577,10.0,53.5853746909272,32.17713914096844,14.237486168104354,True,1802.0771484375,1872.0,1767.0,HOLD,0.2512495075398561,5,1806.6048583984375,VALIDATION,50,False,,UP50_NIKKEIOFF_BASE
2023-10-04,7453.T,,1,62.19902365791372,55.0,53.3282992452309,33.48573056802772,13.185970186741415,False,859.74462890625,930.0,825.0,HOLD,0.6185052792634077,5,865.0621948242188,VALIDATION,50,False,,UP50_NIKKEIOFF_BASE
2023-10-04,5803.T,フジクラ,2,62.03473973380882,55.0,50.0426207631329,36.11471229520432,13.842666941662785,False,175.9816436767578,192.0,168.0,WIN,9.102288164022733,3,192.0,VALIDATION,50,False,,UP50_NIKKEIOFF_BASE
2023-10-04,5802.T,,3,54.53679948500688,45.0,50.9533810044855,35.940052338991315,13.106566656523185,False,373.45220947265625,402.0,359.0,HOLD,5.224558852202637,5,392.96343994140625,VALIDATION,50,False,,UP50_NIKKEIOFF_BASE
2023-10-04,8058.T,三菱商事,4,54.50379940753669,45.0,50.29337945508162,36.6299738922994,13.076646652618976,False,2051.956298828125,2195.0,1981.0,WIN,6.971089065277241,4,2195.0,VALIDATION,50,False,,UP50_NIKKEIOFF_BASE
2023-10-04,8053.T,,5,54.500779940255555,45.0,50.23299010945889,36.948692382719926,12.8183175078212,False,627.4208374023438,670.0,606.0,WIN,6.786380059346303,3,670.0,VALIDATION,50,False,,UP50_NIKKEIOFF_BASE
2023-10-04,3086.T,,6,47.958916814834254,30.0,54.39572760103282,34.97532782446219,10.628944574504997,False,1341.252197265625,1446.0,1289.0,WIN,7.809702228106059,4,1446.0,VALIDATION,50,False,,UP50_NIKKEIOFF_BASE
2023-10-04,1332.T,,7,47.90209089691264,30.0,53.259209242600605,35.05127840293035,11.689512354469061,False,630.677490234375,668.0,612.0,WIN,5.917843960429768,3,668.0,VALIDATION,50,False,,UP50_NIKKEIOFF_BASE
2023-10-04,8001.T,,8,47.84262873912446,30.0,52.06996608683689,37.29117188359713,10.638862029565987,False,946.36328125,1012.0,914.0,WIN,6.935678935398255,3,1012.0,VALIDATION,50,False,,UP50_NIKKEIOFF_BASE
2023-10-04,8233.T,,9,44.60587611141427,40.0,53.85665266306796,34.554494384116374,11.58885295281568,False,972.00439453125,1043.0,936.0,HOLD,0.8729369331354095,5,980.4893798828125,VALIDATION,50,False,,UP50_NIKKEIOFF_BASE
2023-10-04,7272.T,,10,43.328455323202846,25.0,50.264758637969884,38.92389844606754,10.811342915962573,False,1070.8504638671875,1156.0,1028.0,WIN,7.951580449926684,4,1156.0,VALIDATION,50,False,,UP50_NIKKEIOFF_BASE
2024-03-11,9432.T,,1,62.31084513495702,70.0,50.99951139479266,31.772843532347682,17.227645072859676,True,165.33480834960938,173.0,162.0,TIMEOUT_LOSS,-0.8223798662566765,5,163.97512817382812,VALIDATION,50,False,,UP50_NIKKEIOFF_BASE
2024-04-18,7011.T,,1,51.47446599656932,75.0,50.141493844429796,34.256522256011415,15.601983899558775,True,1357.47998046875,1516.0,1278.0,TIMEOUT_LOSS,-4.046247660621721,5,1302.552978515625,VALIDATION,50,False,,UP50_NIKKEIOFF_BASE
2024-04-18,2002.T,,2,41.342998017835995,35.0,50.99039513932866,37.19563795316016,11.813966907511182,True,1841.3701171875,1969.0,1778.0,HOLD,1.885849213205817,5,1876.0955810546875,VALIDATION,50,False,,UP50_NIKKEIOFF_BASE
2024-04-19,1605.T,,1,64.6810965736226,85.0,50.36106190723439,36.312945637736746,13.325992455028846,True,2184.22216796875,2408.0,2072.0,TIMEOUT_LOSS,-1.4944156277028502,5,2151.580810546875,VALIDATION,50,False,,UP50_NIKKEIOFF_BASE
2024-04-19,6098.T,,2,62.45456541832792,55.0,58.43913445351488,31.550096959299733,10.010768587185384,True,6068.63232421875,6639.0,5784.0,HOLD,8.672896029217867,5,6594.95849609375,VALIDATION,50,False,,UP50_NIKKEIOFF_BASE
2024-04-19,7752.T,,3,56.00719676123394,85.0,50.79610913772221,34.24232314972737,14.961567712550375,True,1267.7342529296875,1356.0,1224.0,TIMEOUT_LOSS,-1.1812393292467156,5,1252.75927734375,VALIDATION,50,False,,UP50_NIKKEIOFF_BASE
2024-04-19,6723.T,,4,54.79155256645503,45.0,56.04844263344842,36.00792071507794,7.943636651473638,True,2332.778564453125,2610.0,2194.0,HOLD,5.967036735819898,5,2471.976318359375,VALIDATION,50,False,,UP50_NIKKEIOFF_BASE
2024-04-19,7202.T,,5,53.658406748593464,55.0,56.42900453708668,32.98365149125108,10.58734397166221,True,1727.7291259765625,1842.0,1671.0,HOLD,0.9841978239109787,5,1744.7333984375,VALIDATION,50,False,,UP50_NIKKEIOFF_BASE
2024-04-19,5631.T,,6,51.595191136897,75.0,52.5559966509834,33.800027847986925,13.643975501029654,True,3611.031494140625,3923.0,3455.0,HOLD,0.9919622251286866,5,3646.8515625,VALIDATION,50,False,,UP50_NIKKEIOFF_BASE
2024-04-19,8053.T,,7,51.58232969937823,75.0,52.29876790060802,33.2463810972382,14.454851002153738,True,860.1566162109375,919.0,831.0,WIN,6.841008100161175,4,919.0,VALIDATION,50,False,,UP50_NIKKEIOFF_BASE
2024-04-19,5713.T,,8,51.582077063989786,75.0,52.29371519283909,34.848784785062435,12.857500022098467,True,4783.14892578125,5200.0,4575.0,HOLD,2.8281659786059232,5,4918.42431640625,VALIDATION,50,False,,UP50_NIKKEIOFF_BASE
2024-04-19,8802.T,,9,51.56110367289243,75.0,51.874247370892014,36.67713967966294,11.44861294944505,True,2698.864501953125,2988.0,2554.0,HOLD,0.3395344305769507,5,2708.028076171875,VALIDATION,50,False,,UP50_NIKKEIOFF_BASE
2024-04-19,7011.T,,10,51.54658546378247,75.0,51.583883188692866,35.236011215448535,13.180105595858596,True,1332.958740234375,1493.0,1253.0,TIMEOUT_LOSS,-0.9933699024451267,5,1319.717529296875,VALIDATION,50,False,,UP50_NIKKEIOFF_BASE
2024-04-22,2502.T,,1,46.97059700354404,65.0,50.06411398392435,34.9903925646119,14.945493451463754,True,1694.5330810546875,1797.0,1643.0,TIMEOUT_LOSS,-1.2424635029857836,5,1673.4791259765625,VALIDATION,50,False,,UP50_NIKKEIOFF_BASE
2024-04-22,6723.T,,2,46.061021927184484,45.0,55.350873326298355,36.13847405676792,8.510652616933708,True,2255.879150390625,2534.0,2117.0,WIN,12.328712269946552,3,2534.0,VALIDATION,50,False,,UP50_NIKKEIOFF_BASE
2024-04-22,7201.T,,3,43.84095729528577,45.0,54.427841557889245,36.26436808844692,9.307790353663812,True,550.4000244140625,598.0,527.0,HOLD,5.686770785718927,5,581.7000122070312,VALIDATION,50,False,,UP50_NIKKEIOFF_BASE
2024-04-22,6305.T,,4,42.5958626344167,55.0,52.56942660137738,32.33403424813916,15.09653915048346,True,4111.08203125,4433.0,3950.0,LOSS,-3.918239286532115,4,3950.0,VALIDATION,50,False,,UP50_NIKKEIOFF_BASE
2024-04-22,8001.T,,5,42.523287072404685,55.0,51.11791536113706,35.40647594605038,13.475608692812555,True,1240.2322998046875,1331.0,1195.0,WIN,7.3186047653819895,5,1331.0,VALIDATION,50,False,,UP50_NIKKEIOFF_BASE
2024-04-22,8252.T,,6,42.501998005664376,55.0,50.692134026331026,34.48201835725704,14.825847616411963,True,2165.060791015625,2288.0,2103.0,HOLD,0.4985403281360844,5,2175.8544921875,VALIDATION,50,False,,UP50_NIKKEIOFF_BASE
2024-04-22,6501.T,,7,38.27304557334051,45.0,56.113085379853736,29.839052282880463,14.047862337265807,True,2585.90576171875,2820.0,2469.0,WIN,9.05269796551506,5,2820.0,VALIDATION,50,False,,UP50_NIKKEIOFF_BASE
2024-04-22,8015.T,,8,38.25276793159782,45.0,55.70753254499991,32.29883814636848,11.993629308631583,True,2916.68701171875,3182.0,2784.0,WIN,9.096381861175635,5,3182.0,VALIDATION,50,False,,UP50_NIKKEIOFF_BASE
2024-04-22,7203.T,トヨタ自動車,9,38.16884492442595,45.0,54.02907240156238,32.60092929784166,13.36999830059594,True,3248.0654296875,3512.0,3116.0,HOLD,3.440441861576858,5,3359.813232421875,VALIDATION,50,False,,UP50_NIKKEIOFF_BASE
2024-04-22,3099.T,,10,38.16830063663492,45.0,54.01818664574181,33.82664897844909,12.155164375809118,True,1083.927978515625,1180.0,1036.0,LOSS,-4.4216940115578085,3,1036.0,VALIDATION,50,False,,UP50_NIKKEIOFF_BASE
2024-07-26,4502.T,,1,56.05324883697834,85.0,51.71715065261034,33.79688956815208,14.4859597792376,True,3831.575927734375,3975.0,3760.0,LOSS,-1.8680545311990753,5,3760.0,VALIDATION,50,False,,UP50_NIKKEIOFF_BASE
2024-07-26,7731.T,,2,55.78299820805584,65.0,52.3990945958993,31.44836990439645,16.15253549970425,True,1571.0390625,1672.0,1520.0,LOSS,-3.248745605267215,5,1520.0,VALIDATION,50,False,,UP50_NIKKEIOFF_BASE
2024-07-26,6841.T,,3,53.929354043120625,55.0,61.84795042763,29.254178226708476,8.897871345661475,True,3567.303466796875,3819.0,3442.0,LOSS,-3.51255417328951,5,3442.0,VALIDATION,50,False,,UP50_NIKKEIOFF_BASE
2024-07-26,3402.T,,4,51.497496489778776,75.0,50.60210370861897,36.493799773622534,12.9040965177585,True,730.1334838867188,772.0,709.0,LOSS,-2.894468525702848,5,709.0,VALIDATION,50,False,,UP50_NIKKEIOFF_BASE
2024-07-26,3861.T,,5,51.42291895294717,55.0,55.197509493726095,31.184893323728343,13.617597182545607,True,572.7911376953125,603.0,557.0,LOSS,-2.75687535230553,5,557.0,VALIDATION,50,False,,UP50_NIKKEIOFF_BASE
2024-07-26,4452.T,,6,49.07644302420082,45.0,54.78973004923383,33.010709234843866,12.19956071592232,True,3178.029052734375,3337.0,3098.0,LOSS,-2.518197644087553,4,3098.0,VALIDATION,50,False,,UP50_NIKKEIOFF_BASE
2024-07-26,4901.T,,7,48.582666813112496,30.0,66.87072756659781,27.235192453113257,5.894079980288894,True,3224.876708984375,3465.0,3105.0,LOSS,-3.7172493649262117,5,3105.0,VALIDATION,50,False,,UP50_NIKKEIOFF_BASE
2024-07-26,3436.T,,8,48.46227286828178,55.0,56.85415301780951,32.16025559311843,10.985591389072082,True,2286.02880859375,2538.0,2160.0,LOSS,-5.513001766205939,5,2160.0,VALIDATION,50,False,,UP50_NIKKEIOFF_BASE
2024-07-26,6988.T,,9,48.36598258976396,55.0,54.928347447453106,32.93361486208859,12.138037690458315,True,2444.229736328125,2601.0,2366.0,WIN,6.413892333516288,1,2601.0,VALIDATION,50,False,,UP50_NIKKEIOFF_BASE
2024-07-26,2282.T,,10,48.31348844128566,55.0,53.878464477887015,31.051834952756614,15.06970056935642,True,1547.8548583984375,1630.0,1507.0,LOSS,-2.6394502156817174,4,1507.0,VALIDATION,50,False,,UP50_NIKKEIOFF_BASE
2024-08-02,8308.T,,1,59.03874184906674,55.0,50.99222828568259,38.49427891091153,10.513492803405878,True,983.9251098632812,1096.0,928.0,LOSS,-5.683878712176801,1,928.0,VALIDATION,50,False,,UP50_NIKKEIOFF_BASE
2024-08-02,9766.T,,2,55.90335579265583,65.0,54.80624628789917,35.62767765723519,9.56607605486564,True,11125.8408203125,12092.0,10643.0,LOSS,-4.339814204702401,1,10643.0,VALIDATION,50,False,,UP50_NIKKEIOFF_BASE
2024-08-02,3092.T,,3,55.78874663786898,65.0,52.51406319216213,38.372176212965975,9.113760594871884,True,1292.2855224609375,1388.0,1244.0,LOSS,-3.7364438138242044,1,1244.0,VALIDATION,50,False,,UP50_NIKKEIOFF_BASE
2024-08-02,2802.T,,4,55.69875505246911,65.0,50.714231484164706,37.54334267954383,11.742425836291446,True,2889.31591796875,3102.0,2783.0,LOSS,-3.6796224776795032,1,2783.0,VALIDATION,50,False,,UP50_NIKKEIOFF_BASE
2024-08-02,2914.T,,5,55.64534657552045,40.0,57.254757597365526,33.82478454658735,8.920457856047124,True,3780.9912109375,4005.0,3669.0,LOSS,-2.961953749417251,1,3669.0,VALIDATION,50,False,,UP50_NIKKEIOFF_BASE
2024-08-02,8591.T,,6,55.14877273546914,45.0,63.19284601373061,29.164124701842166,7.643029284427219,True,2905.513916015625,3173.0,2772.0,LOSS,-4.595191070318969,1,2772.0,VALIDATION,50,False,,UP50_NIKKEIOFF_BASE
2024-08-02,7532.T,,7,55.1005584117165,45.0,62.22855953867775,29.937952412319618,7.833488049002621,True,693.0521850585938,757.0,661.0,LOSS,-4.624786668248353,1,661.0,VALIDATION,50,False,,UP50_NIKKEIOFF_BASE
2024-08-02,7731.T,,8,55.03200206478225,45.0,60.85743259999281,31.93335587762862,7.209211522378562,True,1455.6253662109375,1593.0,1387.0,LOSS,-4.7144937017395225,1,1387.0,VALIDATION,50,False,,UP50_NIKKEIOFF_BASE
2024-08-02,6479.T,,9,55.001137910234604,45.0,60.24014950903985,30.675222372156707,9.084628118803446,True,3042.86962890625,3393.0,2868.0,LOSS,-5.746865631213597,1,2868.0,VALIDATION,50,False,,UP50_NIKKEIOFF_BASE
2024-08-02,6103.T,,10,54.99437353163188,45.0,60.10486193698546,31.85394743631516,8.041190626699365,True,3067.743408203125,3418.0,2893.0,LOSS,-5.696154630659863,1,2893.0,VALIDATION,50,False,,UP50_NIKKEIOFF_BASE
2024-08-05,2802.T,,1,62.286652609165955,55.0,55.080878270275704,38.639191244546915,6.279930485177372,True,2742.714599609375,3002.0,2613.0,LOSS,-4.72942389367998,1,2613.0,VALIDATION,50,False,,UP50_NIKKEIOFF_BASE
2024-08-05,8252.T,,2,55.01926766225733,45.0,60.6027445494944,33.66620633844937,5.731049112056206,True,1839.8968505859375,1995.0,1763.0,WIN,8.429991570705067,1,1995.0,VALIDATION,50,False,,UP50_NIKKEIOFF_BASE
2024-08-05,4502.T,,3,54.883201672262885,45.0,57.881424749605536,35.780790448810976,6.337784801583488,True,3522.883544921875,3754.0,3407.0,HOLD,5.687936940751009,5,3723.262939453125,VALIDATION,50,False,,UP50_NIKKEIOFF_BASE
2024-08-05,7751.T,,4,54.812043583883906,45.0,56.458262982025886,35.10978012013563,8.431956897838475,True,3581.461669921875,4025.0,3360.0,WIN,12.384282478941069,2,4025.0,VALIDATION,50,False,,UP50_NIKKEIOFF_BASE
2024-08-05,4151.T,,5,54.73168047179899,45.0,54.85100074032755,36.52205708654551,8.626942173126936,True,2678.021240234375,2911.0,2562.0,WIN,8.699660639929622,5,2911.0,VALIDATION,50,False,,UP50_NIKKEIOFF_BASE
2024-08-05,9433.T,,6,54.50161999698378,45.0,50.24979124402332,37.956646523228486,11.793562232748183,True,1986.9482421875,2100.0,1930.0,WIN,5.689718303282898,2,2100.0,VALIDATION,50,False,,UP50_NIKKEIOFF_BASE
2024-08-05,6724.T,,7,51.51341130423587,45.0,60.050834780369556,33.6419946243997,6.307170595230728,True,2000.5855712890625,2254.0,1874.0,WIN,12.667012716064516,1,2254.0,VALIDATION,50,False,,UP50_NIKKEIOFF_BASE
2024-08-05,3092.T,,8,51.47442132424628,55.0,56.227556919708256,37.8691677793055,5.903275300986258,True,1234.6025390625,1340.0,1182.0,WIN,8.536954817664148,2,1340.0,VALIDATION,50,False,,UP50_NIKKEIOFF_BASE
2024-08-05,4568.T,,9,51.29821567434229,45.0,55.74692218249792,37.47618883482083,6.7768889826812355,True,4623.05712890625,5298.0,4286.0,WIN,14.599492333191911,2,5298.0,VALIDATION,50,False,,UP50_NIKKEIOFF_BASE
2024-08-05,6702.T,,10,51.269615604435025,45.0,55.17492078435268,37.084740898506126,7.74033831714119,True,2102.229248046875,2403.0,1952.0,WIN,14.307228968132904,2,2403.0,VALIDATION,50,False,,UP50_NIKKEIOFF_BASE
2024-08-06,2802.T,,1,54.531559451071836,45.0,50.84858032578449,37.5002533986373,11.651166275578234,True,2535.43310546875,2833.0,2387.0,LOSS,-5.854349110950325,1,2387.0,VALIDATION,50,False,,UP50_NIKKEIOFF_BASE
2024-08-06,4502.T,,2,48.06005764163747,30.0,56.41854413709715,36.54629770525503,7.0351581576478095,True,3531.90966796875,3795.0,3400.0,WIN,7.448954156932243,5,3795.0,VALIDATION,50,False,,UP50_NIKKEIOFF_BASE
2024-08-06,2914.T,,3,48.02354669573168,30.0,55.688325218981504,34.99614462367758,9.315530157340918,True,3430.47802734375,3843.0,3224.0,HOLD,8.386406948626163,5,3718.171875,VALIDATION,50,False,,UP50_NIKKEIOFF_BASE
2024-08-06,9434.T,,4,47.9792089976397,30.0,54.80157125714182,36.499783213223616,8.698645529634558,True,161.77059936523438,174.0,155.0,WIN,7.55971770071454,1,174.0,VALIDATION,50,False,,UP50_NIKKEIOFF_BASE
2024-08-06,8304.T,,5,44.70339677143664,30.0,58.85054412438492,33.092055757651075,8.057400117964008,True,2074.13525390625,2294.0,1964.0,HOLD,5.425995255458729,5,2186.677734375,VALIDATION,50,False,,UP50_NIKKEIOFF_BASE
2024-08-06,9432.T,,6,44.52663993495703,30.0,55.315407394792906,37.859137211032014,6.8254553941751,True,134.14523315429688,144.0,129.0,HOLD,1.0966357582266735,5,135.61631774902344,VALIDATION,50,False,,UP50_NIKKEIOFF_BASE
2024-08-06,8001.T,,7,44.43909737630575,30.0,53.564556221767305,39.1713440464507,7.264099731782006,True,1206.855224609375,1373.0,1124.0,HOLD,9.406246339727133,5,1320.375,VALIDATION,50,False,,UP50_NIKKEIOFF_BASE
2024-08-06,8308.T,,8,44.41691400622453,30.0,53.120888820142866,38.42661226123367,8.452498918623471,True,777.49658203125,942.0,695.0,WIN,21.158088893326877,5,942.0,VALIDATION,50,False,,UP50_NIKKEIOFF_BASE
2024-08-06,6971.T,,9,44.40727560276268,30.0,52.92812075090576,39.23871224640123,7.833167002693023,True,1489.751220703125,1685.0,1392.0,HOLD,4.1719292673689585,5,1551.902587890625,VALIDATION,50,False,,UP50_NIKKEIOFF_BASE
2024-08-06,6479.T,,10,44.37416151977276,30.0,52.26583909110746,39.530221082659125,8.203939826233416,True,2621.497802734375,3091.0,2386.0,HOLD,10.089400339273332,5,2885.9912109375,VALIDATION,50,False,,UP50_NIKKEIOFF_BASE
2024-08-07,8795.T,,1,44.52353974681124,30.0,55.25340363187687,38.21430175201183,6.532294616111306,True,2029.26904296875,2404.0,1842.0,HOLD,9.815534043657479,5,2228.45263671875,VALIDATION,50,False,,UP50_NIKKEIOFF_BASE
2024-08-07,7012.T,,2,44.33619330112191,30.0,51.50647471809039,40.7630042291956,7.730521052714002,True,803.8964233398438,1021.0,696.0,HOLD,15.439601993434232,5,928.0148315429688,VALIDATION,50,False,,UP50_NIKKEIOFF_BASE
2024-08-07,6963.T,,3,44.30818368115615,30.0,50.94628231877524,42.05834293014592,6.9953747510788515,True,1549.7822265625,1826.0,1412.0,HOLD,2.943883244684706,5,1595.406005859375,VALIDATION,50,False,,UP50_NIKKEIOFF_BASE
2024-08-07,6103.T,,4,39.993337550338836,20.0,54.6493597024289,37.825774862407386,7.524865435163722,True,2835.345947265625,3339.0,2584.0,HOLD,3.909312350535929,5,2946.1884765625,VALIDATION,50,False,,UP50_NIKKEIOFF_BASE
2024-08-07,9984.T,ソフトバンクG,5,39.87806692919179,20.0,52.3439472794879,40.480267380095675,7.175785340416452,True,1869.7237548828125,2277.0,1666.0,HOLD,8.52333359687877,5,2029.0865478515625,VALIDATION,50,False,,UP50_NIKKEIOFF_BASE
2024-08-07,3086.T,,6,39.877155433220835,20.0,52.325717360068836,39.881100267890076,7.793182372041082,True,1369.9822998046875,1644.0,1233.0,HOLD,2.1627218289042176,5,1399.6112060546875,VALIDATION,50,False,,UP50_NIKKEIOFF_BASE
2024-08-07,5020.T,,7,39.86321069393283,20.0,52.04682257430867,38.8278973365655,9.125280089125853,True,621.4635620117188,725.0,570.0,HOLD,8.495364248036669,5,674.2591552734375,VALIDATION,50,False,,UP50_NIKKEIOFF_BASE
2024-08-07,8750.T,,8,39.824370781740484,20.0,51.27002433046181,41.12332933804446,7.606646331493754,True,835.63427734375,988.0,760.0,HOLD,10.00818638069066,5,919.26611328125,VALIDATION,50,False,,UP50_NIKKEIOFF_BASE
2024-08-07,4901.T,,9,37.05559367912206,30.0,53.72056923461511,37.78771769520467,8.49171307018023,True,3122.348876953125,3580.0,2894.0,HOLD,7.205839704167778,5,3347.34033203125,VALIDATION,50,False,,UP50_NIKKEIOFF_BASE
2024-08-07,2801.T,,10,36.97835304880871,30.0,52.17575662834801,38.44100896773017,9.383234403921827,True,1645.4996337890625,1905.0,1516.0,LOSS,-7.8699278401457935,2,1516.0,VALIDATION,50,False,,UP50_NIKKEIOFF_BASE
2024-08-08,3436.T,,1,44.716696749935295,30.0,59.116543694358036,37.31505618832498,3.568400117317008,True,1647.385986328125,2134.0,1404.0,HOLD,5.186720854075608,5,1732.831298828125,VALIDATION,50,False,,UP50_NIKKEIOFF_BASE
2024-08-08,9532.T,,2,42.46018041714488,50.0,51.37752138637596,37.57729640030939,11.045182213314666,True,3243.051025390625,3591.0,3069.0,TIMEOUT_LOSS,-0.17380912930042652,5,3237.414306640625,VALIDATION,50,False,,UP50_NIKKEIOFF_BASE
2024-08-08,7202.T,,3,41.59062073851784,40.0,54.42111042253075,40.37831432968508,5.200575247784161,True,1800.2213134765625,2052.0,1674.0,HOLD,6.487680246020099,5,1917.013916015625,VALIDATION,50,False,,UP50_NIKKEIOFF_BASE
2024-08-08,9984.T,ソフトバンクG,4,40.289531759480724,20.0,60.57324388526658,36.22374130247144,3.203014812262022,True,1793.1402587890625,2201.0,1589.0,HOLD,16.793362290712253,5,2094.268798828125,VALIDATION,50,False,,UP50_NIKKEIOFF_BASE
2024-08-08,8316.T,,5,40.22577967342011,20.0,59.29820216405427,36.554098948932335,4.147698887013421,True,1310.570556640625,1539.0,1196.0,WIN,17.42977073625905,5,1539.0,VALIDATION,50,False,,UP50_NIKKEIOFF_BASE
2024-08-08,4151.T,,6,38.31478000826666,45.0,56.947774078376604,34.73946164038051,8.31276428124287,True,2814.892333984375,3094.0,2676.0,HOLD,6.702684062402128,5,3003.565673828125,VALIDATION,50,False,,UP50_NIKKEIOFF_BASE
2024-08-08,4519.T,,7,37.99656495230499,45.0,50.583472959143364,41.456774285590896,7.959752755265701,True,5667.97021484375,6420.0,5292.0,WIN,13.268061698467859,5,6420.0,VALIDATION,50,False,,UP50_NIKKEIOFF_BASE
2024-08-08,7733.T,,8,37.458414385871365,30.0,61.77698336960113,32.26662298556333,5.95639364483554,True,2289.33837890625,2595.0,2137.0,HOLD,7.865178364808849,5,2469.39892578125,VALIDATION,50,False,,UP50_NIKKEIOFF_BASE
2024-08-08,9766.T,,9,35.76621542502651,40.0,50.976482413573656,41.00867348729294,8.014844099133391,True,10994.318359375,12529.0,10227.0,HOLD,5.006634286068568,5,11544.763671875,VALIDATION,50,False,,UP50_NIKKEIOFF_BASE
2024-08-08,2802.T,,10,35.128934987061584,20.0,61.709134523840426,32.41768099581191,5.873184480347695,True,2484.46240234375,2801.0,2326.0,HOLD,7.698314072677082,5,2675.72412109375,VALIDATION,50,False,,UP50_NIKKEIOFF_BASE
2024-08-09,5233.T,,1,44.408070210115966,30.0,52.94401289797142,37.06087110287433,9.995115999154248,False,3082.4814453125,3611.0,2818.0,HOLD,6.7925518484150444,5,3291.860595703125,VALIDATION,50,False,,UP50_NIKKEIOFF_BASE
2024-08-09,8795.T,,2,39.84364291006878,20.0,51.655466897027836,38.415743863320685,9.928789239651497,False,2033.428466796875,2389.0,1856.0,HOLD,9.522731810583434,5,2227.06640625,VALIDATION,50,False,,UP50_NIKKEIOFF_BASE
2024-08-09,8804.T,,3,36.9151906122396,30.0,50.9125078969658,37.6382818959062,11.44921020712801,False,2150.06201171875,2491.0,1980.0,HOLD,4.589529689709622,5,2248.73974609375,VALIDATION,50,False,,UP50_NIKKEIOFF_BASE
2024-08-09,7752.T,,4,36.88690066234006,30.0,50.34670889897509,39.123466823502696,10.52982427752224,False,1174.14013671875,1357.0,1083.0,HOLD,7.0944640754807695,5,1257.4390869140625,VALIDATION,50,False,,UP50_NIKKEIOFF_BASE
2024-08-09,2801.T,,5,32.395793091998726,20.0,50.524557492148446,36.59453359875875,12.880908909092797,False,1558.56591796875,1814.0,1431.0,HOLD,4.036976850777097,5,1621.48486328125,VALIDATION,50,False,,UP50_NIKKEIOFF_BASE
2024-08-09,7911.T,,6,32.37411855466334,20.0,50.091066745440806,38.98801772124019,10.92091553331902,False,1889.8758544921875,2144.0,1763.0,HOLD,5.446676540155406,5,1992.811279296875,VALIDATION,50,False,,UP50_NIKKEIOFF_BASE
2024-08-09,6976.T,,7,31.13523605370517,20.0,51.40037324801649,38.95541659209396,9.64421015988955,False,3182.1337890625,4013.0,2767.0,HOLD,9.246679075220078,5,3476.37548828125,VALIDATION,50,False,,UP50_NIKKEIOFF_BASE
2024-08-09,6981.T,,8,31.06878132360979,20.0,50.07127864610887,39.349935419932144,10.578785933958988,False,2639.0517578125,3114.0,2402.0,HOLD,6.49656655648021,5,2810.49951171875,VALIDATION,50,False,,UP50_NIKKEIOFF_BASE
2024-08-09,3436.T,,9,26.68678565689557,10.0,52.43136531182443,36.40202393311903,11.166610755056547,False,1526.785888671875,2017.0,1282.0,HOLD,13.207549432617252,5,1728.4368896484375,VALIDATION,50,False,,UP50_NIKKEIOFF_BASE
2024-08-09,7912.T,,10,23.707405492587746,20.0,50.669848982189656,39.018408173406115,10.311742844404236,False,2267.3642578125,2519.0,2141.0,HOLD,4.46141345803071,5,2368.520751953125,VALIDATION,50,False,,UP50_NIKKEIOFF_BASE
2024-08-13,9201.T,,1,9.190767556060429,10.0,50.33709025164338,35.6522775689339,14.01063217942271,False,2063.974365234375,2274.0,1959.0,HOLD,5.421692518806691,5,2175.876708984375,VALIDATION,50,False,,UP50_NIKKEIOFF_BASE
2025-03-04,7532.T,,1,31.217471048928694,30.0,50.00159489161729,32.217562611687825,17.780842496694884,False,789.9346313476562,845.0,762.0,LOSS,-3.5363218979270203,4,762.0,VALIDATION,50,False,,UP50_NIKKEIOFF_BASE
2025-03-04,8035.T,,2,31.139151637222668,20.0,51.47868491836637,33.56405024580038,14.95726483583328,False,4191.611328125,4679.0,3948.0,LOSS,-5.811877797218682,3,3948.0,VALIDATION,50,False,,UP50_NIKKEIOFF_BASE
2025-03-04,6301.T,,3,30.442821978967547,35.0,50.3781787097857,29.199445871146253,20.42237541906806,False,4111.4091796875,4428.0,3953.0,HOLD,0.5446923492957265,5,4133.8037109375,VALIDATION,50,False,,UP50_NIKKEIOFF_BASE
2025-03-04,6367.T,,4,22.440546514814965,20.0,51.419625948473204,28.686077935782738,19.894296115744066,False,15704.4716796875,16717.0,15198.0,WIN,6.44738862258019,5,16717.0,VALIDATION,50,False,,UP50_NIKKEIOFF_BASE
2025-03-04,6724.T,,5,21.40589173971007,10.0,51.16131305507097,32.29867882264607,16.540008122282973,False,2371.131103515625,2530.0,2292.0,TIMEOUT_LOSS,-0.13834213690826327,5,2367.850830078125,VALIDATION,50,False,,UP50_NIKKEIOFF_BASE
2025-03-04,8591.T,,6,21.349913869521426,10.0,50.04175565129812,31.253568837615543,18.704675511086347,False,2936.852294921875,3100.0,2855.0,LOSS,-2.7870756409304676,5,2855.0,VALIDATION,50,False,,UP50_NIKKEIOFF_BASE
2025-03-04,6113.T,,7,20.236552050083663,20.0,50.817997523412416,30.52348317525026,18.658519301337332,False,1353.2001953125,1456.0,1302.0,HOLD,2.9126196075997512,5,1392.61376953125,VALIDATION,50,False,,UP50_NIKKEIOFF_BASE
2025-03-04,4578.T,,8,17.941985250183883,10.0,51.44840065585154,30.45414620181698,18.09745314233149,False,7210.37841796875,7797.0,6917.0,HOLD,1.404273286356506,5,7311.6318359375,VALIDATION,50,False,,UP50_NIKKEIOFF_BASE
2025-03-04,8015.T,,9,17.917181239086325,10.0,50.952320433900375,31.36690440802379,17.680775158075832,False,2395.05419921875,2572.0,2306.0,HOLD,1.9402267571662062,5,2441.523681640625,VALIDATION,50,False,,UP50_NIKKEIOFF_BASE
2025-03-04,2801.T,,10,17.903297894312097,10.0,50.67465353841584,31.870612914413226,17.45473354717094,False,1400.1436767578125,1505.0,1348.0,HOLD,0.9316758002217441,5,1413.1884765625,VALIDATION,50,False,,UP50_NIKKEIOFF_BASE
2025-03-07,1802.T,,1,42.229510154568786,35.0,51.32933352615834,31.794842291338554,16.875824182503113,False,1879.1854248046875,2003.0,1817.0,LOSS,-3.30916917425276,2,1817.0,VALIDATION,50,False,,UP50_NIKKEIOFF_BASE
2025-03-07,6113.T,,2,39.16507054578511,30.0,52.43184569831093,35.15036352754126,12.4177907741478,False,1403.8748779296875,1512.0,1350.0,TIMEOUT_LOSS,-0.33423639214252754,5,1399.1826171875,VALIDATION,50,False,,UP50_NIKKEIOFF_BASE
2025-03-07,7269.T,スズキ,3,35.829522689365064,40.0,52.24262770034478,31.029654348547837,16.727717951107373,False,1720.8394775390625,1882.0,1640.0,LOSS,-4.697676837044057,2,1640.0,VALIDATION,50,False,,UP50_NIKKEIOFF_BASE
2025-03-07,9433.T,,4,35.8266234516653,40.0,52.18464294634938,31.93533966591969,15.880017387730943,False,2262.205322265625,2375.0,2206.0,TIMEOUT_LOSS,-1.226873363707484,5,2234.450927734375,VALIDATION,50,False,,UP50_NIKKEIOFF_BASE
2025-03-07,8035.T,,5,35.72588932375603,30.0,53.2134386490336,32.241220893429094,14.54534045753732,False,3942.35546875,4414.0,3707.0,HOLD,1.7286409219583392,5,4010.504638671875,VALIDATION,50,False,,UP50_NIKKEIOFF_BASE
2025-03-07,7203.T,トヨタ自動車,6,35.567985203761886,30.0,50.05535624915075,36.1067989061281,13.83784484472115,False,2627.206787109375,2847.0,2517.0,TIMEOUT_LOSS,-2.0157068476380395,5,2574.25,VALIDATION,50,False,,UP50_NIKKEIOFF_BASE
2025-03-07,5101.T,,7,32.704842414411644,40.0,50.61858741866755,31.90352156005678,17.477891021275653,False,3301.482177734375,3568.0,3168.0,HOLD,0.0,5,3301.482177734375,VALIDATION,50,False,,UP50_NIKKEIOFF_BASE
2025-03-07,8316.T,,8,31.272420202342172,30.0,51.10057795988689,31.796735207681902,17.102686832431203,False,1741.070556640625,1854.0,1685.0,LOSS,-3.220464353197292,2,1685.0,VALIDATION,50,False,,UP50_NIKKEIOFF_BASE
2025-03-07,1808.T,,9,31.222032970582642,30.0,50.092833324696265,31.922069944034515,17.985096731269227,False,1830.02197265625,1921.0,1784.0,LOSS,-2.5148316984112373,2,1784.0,VALIDATION,50,False,,UP50_NIKKEIOFF_BASE
2025-03-07,6532.T,,10,30.475411283260023,35.0,51.02996479563521,29.456032721296292,19.51400248306848,False,6073.01611328125,6707.0,5756.0,LOSS,-5.220076933238469,1,5756.0,VALIDATION,50,False,,UP50_NIKKEIOFF_BASE
2025-03-11,8604.T,,1,47.84902070633409,30.0,52.19780543102953,32.668752113505946,15.133442455464508,False,847.8359375,920.0,812.0,HOLD,5.182189201828184,5,891.7723999023438,VALIDATION,50,False,,UP50_NIKKEIOFF_BASE
2025-03-11,6532.T,,2,43.354880033610684,20.0,52.31499197656152,33.2339385039441,14.4510695194944,False,5726.32080078125,6396.0,5392.0,WIN,11.69475519302699,4,6396.0,VALIDATION,50,False,,UP50_NIKKEIOFF_BASE
2025-03-11,7453.T,,3,36.935585378955125,30.0,51.32040323127648,33.272534827645906,15.407061941077602,False,1760.6212158203125,1957.0,1663.0,WIN,11.1539485276616,5,1957.0,VALIDATION,50,False,,UP50_NIKKEIOFF_BASE
2025-03-11,8411.T,,4,36.8737676182124,30.0,50.08404801642181,33.16822138081717,16.747730602761003,False,3763.180419921875,4089.0,3600.0,WIN,8.658090862539328,5,4089.0,VALIDATION,50,False,,UP50_NIKKEIOFF_BASE
2025-03-11,7751.T,,5,35.779208541182555,40.0,51.23634473669447,32.152553147978715,16.611102115326805,False,4520.32275390625,4850.0,4356.0,HOLD,2.575380867287611,5,4636.73828125,VALIDATION,50,False,,UP50_NIKKEIOFF_BASE
2025-03-11,4751.T,,6,35.74431047442026,40.0,50.538383401448584,33.038687886623265,16.422928711928144,False,1069.2552490234375,1152.0,1028.0,WIN,7.738540545125608,4,1152.0,VALIDATION,50,False,,UP50_NIKKEIOFF_BASE
2025-03-11,8316.T,,7,35.73469000766538,40.0,50.345974066351,32.95648159673912,16.69754433690989,False,1696.546630859375,1818.0,1636.0,WIN,7.15885829080357,4,1818.0,VALIDATION,50,False,,UP50_NIKKEIOFF_BASE
2025-03-11,3697.T,,8,31.146858406558586,20.0,51.63282030508478,34.567464518915926,13.799715175999323,False,1145.123046875,1318.0,1059.0,HOLD,10.782607286676003,5,1268.59716796875,VALIDATION,50,False,,UP50_NIKKEIOFF_BASE
2025-03-11,6702.T,,9,30.426735074921247,35.0,50.05644062885975,31.511072010290736,18.432487360849535,False,2807.660888671875,3078.0,2672.0,HOLD,7.21972240605994,5,3010.3662109375,VALIDATION,50,False,,UP50_NIKKEIOFF_BASE
2025-03-11,8354.T,,10,30.04855453834883,10.0,50.10152554958531,33.104949518588164,16.793524931826518,False,3525.297607421875,3782.0,3397.0,WIN,7.281722599467479,5,3782.0,VALIDATION,50,False,,UP50_NIKKEIOFF_BASE
2025-03-12,8354.T,,1,19.174607495858407,10.0,50.01388904760288,32.62732237619399,17.358788576203143,False,3560.94482421875,3810.0,3436.0,WIN,6.994075675853563,4,3810.0,VALIDATION,50,False,,UP50_NIKKEIOFF_BASE
2025-03-12,4661.T,,2,17.888117058109195,10.0,50.37103681435785,34.33789559415379,15.291067591488325,False,3086.1474609375,3346.0,2956.0,HOLD,1.4436992419819539,5,3130.7021484375,VALIDATION,50,False,,UP50_NIKKEIOFF_BASE
2025-03-12,7733.T,,3,17.873253165486233,10.0,50.073758961898584,37.76596546070039,12.160275577400988,False,1973.868896484375,2152.0,1885.0,TIMEOUT_LOSS,-1.6474031372051365,5,1941.351318359375,VALIDATION,50,False,,UP50_NIKKEIOFF_BASE
2025-03-12,5713.T,,4,13.400434609488542,0.0,50.61738784194474,37.3923687546049,11.99024340345034,False,2964.015380859375,3186.0,2853.0,WIN,7.489320756367454,4,3186.0,VALIDATION,50,False,,UP50_NIKKEIOFF_BASE
2025-03-12,6479.T,,5,13.371796377742053,0.0,50.04462320701495,35.70693042236125,14.248446370623777,False,2176.9619140625,2355.0,2088.0,HOLD,2.1902836387256643,5,2224.6435546875,VALIDATION,50,False,,UP50_NIKKEIOFF_BASE
2025-04-01,9009.T,,1,35.58645954703913,30.0,50.42484311469559,35.07129539877069,14.503861486533712,False,1297.4981689453125,1426.0,1233.0,LOSS,-4.970964159258941,2,1233.0,VALIDATION,50,False,,UP50_NIKKEIOFF_BASE
2025-04-01,8601.T,,2,33.433753574666866,30.0,50.848984536815564,33.703824809829456,15.44719065335495,False,935.915771484375,996.0,906.0,LOSS,-3.196417070408824,2,906.0,VALIDATION,50,False,,UP50_NIKKEIOFF_BASE
2025-04-01,7731.T,,3,17.228751798875315,25.0,50.009818586201995,33.483393944159594,16.50678746963838,False,1468.4449462890625,1580.0,1413.0,LOSS,-3.775759277130448,2,1413.0,VALIDATION,50,False,,UP50_NIKKEIOFF_BASE
2025-04-02,5401.T,,1,34.572921908370574,20.0,50.58887295002022,35.09632164904971,14.314805400930075,False,538.0370483398438,570.0,522.0,LOSS,-2.9806587463311947,1,522.0,VALIDATION,50,False,,UP50_NIKKEIOFF_BASE
2025-04-02,9008.T,,2,30.427594728667458,35.0,50.073633703783884,34.705761979148,15.220604317068096,False,703.9513549804688,756.0,678.0,TIMEOUT_LOSS,-0.1906873510376997,5,702.6090087890625,VALIDATION,50,False,,UP50_NIKKEIOFF_BASE
2025-04-02,3086.T,,3,30.154665451220605,10.0,52.223743807020774,33.11644641064627,14.659809782332953,False,1674.06689453125,1816.0,1603.0,LOSS,-4.245164560831316,2,1603.0,VALIDATION,50,False,,UP50_NIKKEIOFF_BASE
2025-04-02,6504.T,,4,28.795781497839442,10.0,51.133021261136655,33.09824592354737,15.768732815315973,False,6014.37158203125,6481.0,5781.0,LOSS,-3.8802321879891695,1,5781.0,VALIDATION,50,False,,UP50_NIKKEIOFF_BASE
2025-04-02,4523.T,,5,26.69457736873634,10.0,52.58719954863985,32.633025376921715,14.779775074438442,False,3739.34765625,3980.0,3619.0,LOSS,-3.218413138153902,1,3619.0,VALIDATION,50,False,,UP50_NIKKEIOFF_BASE
2025-04-02,8233.T,,6,26.6069054118585,10.0,50.833760411083006,34.14928673182324,15.016952857093765,False,1106.037841796875,1175.0,1071.0,LOSS,-3.167870073952654,2,1071.0,VALIDATION,50,False,,UP50_NIKKEIOFF_BASE
2025-04-02,4704.T,,7,23.76046502054158,20.0,51.7310395412664,34.568089836102324,13.700870622631234,False,9586.5107421875,10419.0,9170.0,LOSS,-4.3447585194324665,3,9170.0,VALIDATION,50,False,,UP50_NIKKEIOFF_BASE
2025-04-02,7911.T,,8,23.71102995623929,20.0,50.74233825522055,35.58402435654443,13.673637388234999,False,1979.65185546875,2151.0,1894.0,LOSS,-4.3266120369669245,2,1894.0,VALIDATION,50,False,,UP50_NIKKEIOFF_BASE
2025-04-02,4519.T,,9,23.682949493914933,20.0,50.18072900873337,36.62255519842592,13.196715792840708,False,6306.75439453125,6879.0,6021.0,TIMEOUT_LOSS,-3.432037808546811,5,6090.30419921875,VALIDATION,50,False,,UP50_NIKKEIOFF_BASE
2025-04-02,7974.T,,10,23.675254613656655,20.0,50.02683140356786,34.797222333538905,15.175946262893211,False,10186.8369140625,11276.0,9642.0,LOSS,-5.348440528289753,1,9642.0,VALIDATION,50,False,,UP50_NIKKEIOFF_BASE
2025-04-03,8630.T,,1,64.67025351243325,85.0,50.14420068344759,35.61074627131852,14.245053045233913,False,4345.20068359375,4720.0,4158.0,LOSS,-4.308217208483992,1,4158.0,VALIDATION,50,False,,UP50_NIKKEIOFF_BASE
2025-04-03,5019.T,,2,55.07026804750345,45.0,61.62275225441676,29.280844316903952,9.096403428679277,False,927.0003662109375,1010.0,886.0,LOSS,-4.4229072291011295,1,886.0,VALIDATION,50,False,,UP50_NIKKEIOFF_BASE
2025-04-03,4061.T,,3,54.9876553875488,45.0,59.970499055323856,30.193187947561956,9.836312997114169,False,1927.86083984375,2060.0,1862.0,LOSS,-3.4162652450105226,1,1862.0,VALIDATION,50,False,,UP50_NIKKEIOFF_BASE
2025-04-03,8801.T,,4,54.94476798333237,65.0,53.02579444925609,35.756422805853234,11.217782744890663,False,1291.457763671875,1403.0,1236.0,LOSS,-4.294198790845268,2,1236.0,VALIDATION,50,False,,UP50_NIKKEIOFF_BASE
2025-04-03,8306.T,三菱UFJ,5,54.91493618452724,45.0,58.516114994892654,31.00378469622036,10.480100308886959,False,1739.8726806640625,1920.0,1650.0,LOSS,-5.165474558159079,1,1650.0,VALIDATION,50,False,,UP50_NIKKEIOFF_BASE
2025-04-03,8308.T,,6,54.88868063266273,45.0,57.991003957602274,31.200259679740665,10.808736362657045,False,1113.8277587890625,1252.0,1045.0,LOSS,-6.179389788587335,1,1045.0,VALIDATION,50,False,,UP50_NIKKEIOFF_BASE
2025-04-03,3401.T,,7,54.744544207141814,45.0,55.10827544718413,33.421872751288895,11.469851801526952,False,1204.8272705078125,1273.0,1171.0,LOSS,-2.807644824768527,1,1171.0,VALIDATION,50,False,,UP50_NIKKEIOFF_BASE
2025-04-03,8058.T,三菱商事,8,53.795554260558326,75.0,53.08499825464483,33.91742241865951,12.997579326695696,False,2561.115966796875,2769.0,2457.0,LOSS,-4.06525780740379,1,2457.0,VALIDATION,50,False,,UP50_NIKKEIOFF_BASE
2025-04-03,4042.T,,9,53.71435452382582,55.0,57.547960041733795,30.654061209425137,11.79797874884109,False,1865.3939208984375,1973.0,1811.0,LOSS,-2.9159482235387326,1,1811.0,VALIDATION,50,False,,UP50_NIKKEIOFF_BASE
2025-04-03,8253.T,,10,51.633461248634504,55.0,59.40835540747269,30.259566471529332,10.332078120997991,False,3253.3642578125,3523.0,3119.0,LOSS,-4.13000965046699,1,3119.0,VALIDATION,50,False,,UP50_NIKKEIOFF_BASE
2025-04-04,8801.T,,1,68.14040353073378,75.0,53.025461919023506,37.65216740171878,9.322370679257713,False,1326.2705078125,1448.0,1266.0,LOSS,-4.544360102820041,1,1266.0,VALIDATION,50,False,,UP50_NIKKEIOFF_BASE
2025-04-04,8802.T,,2,57.40696442754391,75.0,55.747984203052106,34.590306474316534,9.661709322631355,False,2363.141357421875,2570.0,2260.0,LOSS,-4.364586870689763,1,2260.0,VALIDATION,50,False,,UP50_NIKKEIOFF_BASE
2025-04-04,3289.T,,3,57.285676500231276,75.0,53.32222565679948,38.076702496336004,8.601071846864487,False,940.2927856445312,1012.0,905.0,LOSS,-3.753382582887683,1,905.0,VALIDATION,50,False,,UP50_NIKKEIOFF_BASE
2025-04-04,5831.T,,4,55.609615720206364,45.0,72.40970570847516,20.8393961749562,6.750898116568617,False,1325.335205078125,1491.0,1243.0,LOSS,-6.2124060964087615,1,1243.0,VALIDATION,50,False,,UP50_NIKKEIOFF_BASE
2025-04-04,3402.T,,5,55.488144580944954,45.0,69.98028292324685,21.741178796837286,8.278538279915846,False,917.5855712890625,1010.0,871.0,LOSS,-5.076972954535145,1,871.0,VALIDATION,50,False,,UP50_NIKKEIOFF_BASE
2025-04-04,9147.T,,6,53.812378943978175,55.0,59.50844844478088,32.71901362859126,7.772537926627851,False,2448.663330078125,2616.0,2365.0,LOSS,-3.4166938774492817,1,2365.0,VALIDATION,50,False,,UP50_NIKKEIOFF_BASE
2025-04-04,7186.T,,7,52.26381714478077,45.0,75.05895159126756,18.829399509953625,6.111648898778783,False,786.9552001953125,892.0,734.0,LOSS,-6.72912513725936,1,734.0,VALIDATION,50,False,,UP50_NIKKEIOFF_BASE
2025-04-04,8308.T,,8,52.254895417672394,45.0,74.88051704910005,18.38367310110747,6.7358098497924495,False,1011.3731079101562,1170.0,932.0,LOSS,-7.848054025696641,1,932.0,VALIDATION,50,False,,UP50_NIKKEIOFF_BASE
2025-04-04,8002.T,,9,52.19136227965759,45.0,73.60985428880396,18.89459923331006,7.495546477885958,False,2105.8486328125,2314.0,2002.0,LOSS,-4.931438622623284,1,2002.0,VALIDATION,50,False,,UP50_NIKKEIOFF_BASE
2025-04-04,5711.T,,10,52.1369394909464,45.0,72.52139851458024,20.33314997721079,7.145451508208923,False,2112.23974609375,2303.0,2017.0,LOSS,-4.508945836753649,1,2017.0,VALIDATION,50,False,,UP50_NIKKEIOFF_BASE
2025-04-07,8830.T,,1,55.23224645506037,45.0,64.86232040555518,23.021747530923577,12.115932063521235,False,2405.58935546875,2724.0,2247.0,HOLD,8.2738929742683,5,2604.625244140625,VALIDATION,50,False,,UP50_NIKKEIOFF_BASE
2025-04-07,1332.T,,2,55.23039433838333,45.0,64.82527807201436,24.288987773231767,10.885734154753859,False,764.1740112304688,822.0,735.0,HOLD,6.398494212604931,5,813.0696411132812,VALIDATION,50,False,,UP50_NIKKEIOFF_BASE
2025-04-07,8804.T,,3,55.04449414849397,45.0,61.10727427422719,26.352137748091824,12.54058797768098,False,2148.294677734375,2372.0,2036.0,WIN,10.413158147445028,3,2372.0,VALIDATION,50,False,,UP50_NIKKEIOFF_BASE
2025-04-07,1605.T,,4,51.718405945229954,45.0,64.15072760025122,21.08694465714929,14.762327742599481,False,1603.31298828125,1780.0,1515.0,HOLD,4.120069984483423,5,1669.37060546875,VALIDATION,50,False,,UP50_NIKKEIOFF_BASE
2025-04-07,8058.T,三菱商事,5,51.474273624900846,45.0,59.26808119366904,27.66008182246181,13.071836983869137,False,2247.235107421875,2519.0,2112.0,HOLD,5.676952200919641,5,2374.8095703125,VALIDATION,50,False,,UP50_NIKKEIOFF_BASE
2025-04-07,8766.T,,6,51.46281105603644,45.0,59.03882981638107,28.583515091905408,12.377655091713521,False,224.52545166015625,259.0,207.0,WIN,15.354405518366237,3,259.0,VALIDATION,50,False,,UP50_NIKKEIOFF_BASE
2025-04-07,4502.T,,7,51.314244765782746,55.0,53.02402575043747,34.522527566406715,12.453446683155821,False,3952.440673828125,4238.0,3810.0,LOSS,-3.603866207817472,2,3810.0,VALIDATION,50,False,,UP50_NIKKEIOFF_BASE
2025-04-07,1925.T,,8,51.1811269864233,55.0,50.36167016324862,37.84467628926315,11.793653547488235,False,2208.384521484375,2366.0,2129.0,HOLD,5.137922621118489,5,2321.849609375,VALIDATION,50,False,,UP50_NIKKEIOFF_BASE
2025-04-07,1808.T,,9,50.99541590333254,35.0,52.734405023172556,35.03912083647268,12.226474140354746,False,1729.338134765625,1849.0,1669.0,WIN,6.919518099367688,3,1849.0,VALIDATION,50,False,,UP50_NIKKEIOFF_BASE
2025-04-07,7832.T,,10,48.52640008258093,30.0,65.74539295596642,20.570679731469863,13.683927312563664,False,4307.525390625,4797.0,4063.0,WIN,11.363243741761897,3,4797.0,VALIDATION,50,False,,UP50_NIKKEIOFF_BASE
2025-04-08,6971.T,,1,39.78538110946593,20.0,50.4902308849707,40.769932332986784,8.739836782042557,False,1521.9429931640625,1651.0,1457.0,LOSS,-4.267110756168893,1,1457.0,VALIDATION,50,False,,UP50_NIKKEIOFF_BASE
2025-04-08,9531.T,,2,35.746106305414166,40.0,50.57430002132672,38.35644302594719,11.0692569527261,False,4423.4169921875,4883.0,4194.0,HOLD,1.8926041470962311,5,4507.134765625,VALIDATION,50,False,,UP50_NIKKEIOFF_BASE
2025-04-08,9201.T,,3,34.61456862652023,20.0,51.42180731301327,40.30577678520649,8.272415901780244,False,2240.32421875,2433.0,2144.0,HOLD,2.9105633078359543,5,2305.5302734375,VALIDATION,50,False,,UP50_NIKKEIOFF_BASE
2025-04-08,6702.T,,4,34.61019292587419,20.0,51.33429330009249,38.544042513757084,10.121664186150424,False,2603.5498046875,2932.0,2439.0,HOLD,7.407423383413946,5,2796.40576171875,VALIDATION,50,False,,UP50_NIKKEIOFF_BASE
2025-04-08,1721.T,,5,34.584078101351864,20.0,50.81199680964589,39.11230737096462,10.075695819389505,False,2869.117919921875,3074.0,2767.0,HOLD,1.77197624181335,5,2919.9580078125,VALIDATION,50,False,,UP50_NIKKEIOFF_BASE
2025-04-08,1812.T,,6,31.241493369971607,30.0,50.482041312475545,40.2752633136304,9.242695373894083,False,2738.230224609375,3025.0,2595.0,HOLD,5.791780535140143,5,2896.822509765625,VALIDATION,50,False,,UP50_NIKKEIOFF_BASE
2025-04-08,5714.T,,7,31.137502562856575,20.0,51.44570343104458,38.2131739975993,10.341122571356145,False,3936.435791015625,4342.0,3734.0,LOSS,-5.142616360659481,1,3734.0,VALIDATION,50,False,,UP50_NIKKEIOFF_BASE
2025-04-08,5201.T,,8,31.128922823543586,20.0,51.274108644784754,40.66995559797816,8.055935757237103,False,3840.21875,4209.0,3656.0,LOSS,-4.797090009520942,1,3656.0,VALIDATION,50,False,,UP50_NIKKEIOFF_BASE
2025-04-08,6752.T,,9,31.092138147445166,20.0,50.538415122816346,41.18310732191236,8.278477555271316,False,1424.4649658203125,1633.0,1320.0,HOLD,4.002736430387746,5,1481.4825439453125,VALIDATION,50,False,,UP50_NIKKEIOFF_BASE
2025-04-08,9503.T,,10,31.08535910422554,20.0,50.40283425842379,41.20058375395656,8.396581987619662,False,1526.9365234375,1686.0,1448.0,HOLD,1.84663206238492,5,1555.1334228515625,VALIDATION,50,False,,UP50_NIKKEIOFF_BASE
2025-04-09,4502.T,,1,54.56736624832,45.0,51.56471627074781,38.957887927472996,9.477395801779217,False,3790.981689453125,4094.0,3639.0,HOLD,4.358655709244178,5,3956.217529296875,VALIDATION,50,False,,UP50_NIKKEIOFF_BASE
2025-04-09,5401.T,,2,47.788314949030706,30.0,50.98369028496196,42.99749008356517,6.018819631472908,False,493.7814636230469,548.0,467.0,HOLD,3.334513580183126,5,510.2466735839844,VALIDATION,50,False,,UP50_NIKKEIOFF_BASE
2025-04-09,3402.T,,3,47.76844102835241,30.0,50.58621187139609,41.380213405208835,8.03357472339507,False,843.0451049804688,976.0,776.0,HOLD,1.6578375554056266,5,857.0214233398438,VALIDATION,50,False,,UP50_NIKKEIOFF_BASE
2025-04-09,5332.T,,4,44.28984727124917,30.0,50.57955412063554,42.199588829018985,7.22085705034547,False,3198.1396484375,3521.0,3037.0,HOLD,5.3188270158279884,5,3368.2431640625,VALIDATION,50,False,,UP50_NIKKEIOFF_BASE
2025-04-09,4005.T,,5,40.01534787084721,20.0,55.08956611259632,39.22571251686897,5.684721370534708,False,280.30108642578125,319.0,261.0,HOLD,5.340642571627843,5,295.2709655761719,VALIDATION,50,False,,UP50_NIKKEIOFF_BASE
2025-04-09,1605.T,,6,39.85347928599561,20.0,51.85219441556438,41.52235712532244,6.62544845911318,False,1578.305419921875,1779.0,1478.0,HOLD,5.59043450942103,5,1666.53955078125,VALIDATION,50,False,,UP50_NIKKEIOFF_BASE
2025-04-09,5201.T,,7,39.83789591222082,20.0,51.54052694006861,41.61330315518752,6.84616990474385,False,3685.743408203125,4069.0,3494.0,HOLD,8.12675264733167,5,3985.274658203125,VALIDATION,50,False,,UP50_NIKKEIOFF_BASE
2025-04-09,6988.T,,8,39.78286639439627,20.0,50.439936583577605,42.12294371949698,7.437119696925418,False,2243.697265625,2552.0,2089.0,WIN,13.740834786332895,1,2552.0,VALIDATION,50,False,,UP50_NIKKEIOFF_BASE
2025-04-09,3407.T,,9,39.133416884956034,30.0,51.79877248172934,41.927948045316604,6.2732794729540835,False,875.2994384765625,968.0,829.0,HOLD,4.208109306343686,5,912.1329956054688,VALIDATION,50,False,,UP50_NIKKEIOFF_BASE
2025-04-09,9531.T,,10,35.82394464646944,40.0,52.13106684243225,37.437972703209525,10.43096045435825,False,4403.94775390625,4855.0,4179.0,HOLD,2.586213873937901,5,4517.84326171875,VALIDATION,50,False,,UP50_NIKKEIOFF_BASE
2025-04-14,1332.T,,1,37.95394565719353,40.0,51.252826187348774,40.152906597912505,8.59426721473871,False,813.0696411132812,884.0,777.0,HOLD,4.560489554611389,5,850.1495971679688,VALIDATION,50,False,,UP50_NIKKEIOFF_BASE
2025-04-14,5019.T,,2,37.94982799644539,30.0,54.21395123325558,38.31915320423471,7.466895562509689,False,829.638916015625,949.0,770.0,HOLD,1.3206693777089702,5,840.595703125,VALIDATION,50,False,,UP50_NIKKEIOFF_BASE
2025-04-14,3861.T,,3,37.8970450382609,40.0,50.11481380869617,38.55432275474991,11.330863436553924,False,569.3114624023438,611.0,548.0,WIN,7.3226239678613965,4,611.0,VALIDATION,50,False,,UP50_NIKKEIOFF_BASE
2025-04-14,4506.T,,4,33.46130271398653,20.0,54.44344558407829,38.44225437175891,7.114300044162804,False,518.0,630.0,462.0,WIN,21.62162162162162,4,630.0,VALIDATION,50,False,,UP50_NIKKEIOFF_BASE
2025-04-14,7269.T,スズキ,5,32.301531912371864,10.0,51.682812160480815,39.51298292453764,8.804204914981554,False,1516.3162841796875,1743.0,1403.0,HOLD,3.120025072327272,5,1563.625732421875,VALIDATION,50,False,,UP50_NIKKEIOFF_BASE
2025-04-14,9147.T,,6,30.506559643650363,30.0,53.17467113387683,39.05850854898079,7.766820317142391,False,2404.107421875,2624.0,2294.0,HOLD,1.833389795946553,5,2448.18408203125,VALIDATION,50,False,,UP50_NIKKEIOFF_BASE
2025-04-14,5108.T,,7,30.468105553431755,30.0,52.40558932950463,39.942004039391264,7.652406631104114,False,2656.21923828125,2920.0,2524.0,HOLD,3.1411668921901112,5,2739.655517578125,VALIDATION,50,False,,UP50_NIKKEIOFF_BASE
2025-04-14,5301.T,,8,30.4531845896339,30.0,52.107170053547534,41.51089409091485,6.381935855537588,False,824.0501098632812,928.0,772.0,TIMEOUT_LOSS,-0.8263539111268101,5,817.2405395507812,VALIDATION,50,False,,UP50_NIKKEIOFF_BASE
2025-04-14,3697.T,,9,28.778530443752093,10.0,50.78800017938965,39.75286151834172,9.459138302268615,False,1147.1146240234375,1370.0,1036.0,HOLD,11.371527768540355,5,1277.55908203125,VALIDATION,50,False,,UP50_NIKKEIOFF_BASE
2025-04-14,4005.T,,10,27.090372968165397,30.0,54.41615501548187,39.01940230920219,6.564442675315921,False,300.2608947753906,342.0,280.0,HOLD,2.0773458628558803,5,306.49835205078125,VALIDATION,50,False,,UP50_NIKKEIOFF_BASE
2026-01-20,2269.T,,1,84.47765326064271,100.0,50.42263043024576,25.15765555075134,24.4197140190029,True,3623.312744140625,3793.0,3538.0,LOSS,-2.354550936255419,1,3538.0,VALIDATION,50,False,,UP50_NIKKEIOFF_BASE
2026-01-20,4043.T,,2,82.29019369955006,95.0,51.673439208392416,24.68232207081759,23.644238720789996,True,4189.13330078125,4424.0,4072.0,HOLD,4.399170332933341,5,4373.42041015625,VALIDATION,50,False,,UP50_NIKKEIOFF_BASE
2026-01-20,5411.T,,3,77.72938380406609,85.0,50.45724129871303,25.28009660999787,24.26266209128909,True,2082.379150390625,2189.0,2029.0,LOSS,-2.5633732637311426,1,2029.0,VALIDATION,50,False,,UP50_NIKKEIOFF_BASE
2026-01-20,9202.T,,4,75.8062548701477,100.0,50.907706098606134,25.334638279897803,23.757655621496067,True,2998.502685546875,3120.0,2938.0,LOSS,-2.017763260260024,1,2938.0,VALIDATION,50,False,,UP50_NIKKEIOFF_BASE
2026-01-20,2282.T,,5,71.31069983770317,90.0,50.996605449715695,24.300715544778203,24.7026790055061,True,2351.8681640625,2480.0,2288.0,LOSS,-2.7156353846032473,2,2288.0,VALIDATION,50,False,,UP50_NIKKEIOFF_BASE
2026-01-20,5332.T,,6,71.27550422086189,90.0,50.29269311288993,25.01416551233956,24.693141374770505,True,4738.37060546875,5026.0,4595.0,LOSS,-3.0257364272705907,1,4595.0,VALIDATION,50,False,,UP50_NIKKEIOFF_BASE
2026-01-20,1802.T,,7,69.13872469963124,85.0,52.55710268827701,24.050082845775208,23.392814465947765,True,3520.3984375,3730.0,3416.0,TIMEOUT_LOSS,-1.2987088641866267,5,3474.6787109375,VALIDATION,50,False,,UP50_NIKKEIOFF_BASE
2026-01-20,9532.T,,8,69.12852457552947,85.0,52.353100206241635,24.596418256601424,23.05048153715694,True,5461.76904296875,5731.0,5327.0,HOLD,2.816157375177939,5,5615.5810546875,VALIDATION,50,False,,UP50_NIKKEIOFF_BASE
2026-01-20,8354.T,,9,69.11374708992655,85.0,52.057550494183204,23.87640541667495,24.06604408914185,True,5408.185546875,5701.0,5262.0,LOSS,-2.7030423717520207,1,5262.0,VALIDATION,50,False,,UP50_NIKKEIOFF_BASE
2026-01-20,4042.T,,10,69.08658539608987,85.0,51.51431661744964,24.78630058569175,23.699382796858607,True,2433.625244140625,2556.0,2372.0,HOLD,0.09867448545258592,5,2436.026611328125,VALIDATION,50,False,,UP50_NIKKEIOFF_BASE
2026-01-26,1332.T,,1,84.67231603335435,100.0,54.31588588447841,23.620752780682707,22.063361334838934,True,1214.62939453125,1286.0,1179.0,WIN,5.875916208687948,5,1286.0,VALIDATION,50,False,,UP50_NIKKEIOFF_BASE
2026-01-26,2871.T,,2,82.27638918578538,95.0,51.39734893309891,26.197342242824167,22.40530882407694,True,1863.5736083984375,1979.0,1806.0,HOLD,0.36687770753999227,5,1870.41064453125,VALIDATION,50,False,,UP50_NIKKEIOFF_BASE
2026-01-26,4578.T,,3,77.73300318657229,85.0,50.52962894883729,26.333876545384864,23.136494505777847,True,9374.162109375,10055.0,9034.0,LOSS,-3.6287201501967568,1,9034.0,VALIDATION,50,False,,UP50_NIKKEIOFF_BASE
2026-01-26,9531.T,,4,73.77124051324128,95.0,55.207418960477874,23.821963255945874,20.970617783576298,True,6588.18603515625,6988.0,6388.0,HOLD,4.668164524196773,5,6895.7333984375,VALIDATION,50,False,,UP50_NIKKEIOFF_BASE
2026-01-26,7731.T,,5,71.11465537684647,75.0,51.640933623886035,26.646789010799143,21.71227736531484,True,1891.7274169921875,2044.0,1815.0,HOLD,0.8087678213975309,5,1907.027099609375,VALIDATION,50,False,,UP50_NIKKEIOFF_BASE
2026-01-26,9532.T,,6,69.34721017764426,85.0,56.726812248537186,23.282514004194326,19.990673747268524,True,5632.2353515625,5900.0,5498.0,HOLD,2.104714612748983,5,5750.77783203125,VALIDATION,50,False,,UP50_NIKKEIOFF_BASE
2026-01-26,4043.T,,7,69.28178958797619,85.0,55.418400455176034,23.029393313154316,21.552206231669686,True,4340.4423828125,4607.0,4207.0,LOSS,-3.0743959035353585,4,4207.0,VALIDATION,50,False,,UP50_NIKKEIOFF_BASE
2026-01-26,4151.T,,8,69.27216297848747,85.0,55.225868265401616,24.04946113638813,20.724670598210288,True,2575.634765625,2707.0,2510.0,LOSS,-2.548294754402927,2,2510.0,VALIDATION,50,False,,UP50_NIKKEIOFF_BASE
2026-01-26,2269.T,,9,69.25604465941447,85.0,54.90350188394173,24.79491761317777,20.301580502880554,True,3599.936767578125,3782.0,3509.0,LOSS,-2.526065690851097,3,3509.0,VALIDATION,50,False,,UP50_NIKKEIOFF_BASE
2026-01-26,4183.T,,10,69.23474918886664,85.0,54.47759247298514,23.99929297762026,21.52311454939465,True,2152.869140625,2287.0,2086.0,TIMEOUT_LOSS,-0.04474860492311768,5,2151.90576171875,VALIDATION,50,False,,UP50_NIKKEIOFF_BASE
2026-01-27,4043.T,,1,71.18816426945189,85.0,50.06763321512471,23.67682573995364,26.25554104492168,True,4373.42041015625,4645.0,4238.0,LOSS,-3.096441628199467,2,4238.0,VALIDATION,50,False,,UP50_NIKKEIOFF_BASE
2026-01-28,1605.T,,1,77.95025034079603,100.0,50.30935464200733,25.929465032049464,23.761180325943215,True,3298.93310546875,3516.0,3190.0,WIN,6.579911977342344,5,3516.0,VALIDATION,50,False,,UP50_NIKKEIOFF_BASE
2026-01-28,7741.T,,2,73.52988099049362,95.0,50.38022850552466,27.183213985766553,22.436557508708795,True,25231.77734375,27134.0,24281.0,WIN,7.538995887347537,4,27134.0,VALIDATION,50,False,,UP50_NIKKEIOFF_BASE
2026-01-28,9532.T,,3,71.51984878590886,85.0,56.70132354426395,23.737248406152382,19.56142804958368,True,5641.052734375,5913.0,5505.0,WIN,4.820860191003522,4,5913.0,VALIDATION,50,False,,UP50_NIKKEIOFF_BASE
2026-01-28,4043.T,,4,71.4058763887596,85.0,54.42187560127888,24.265947219924755,21.312177178796368,True,4301.64501953125,4574.0,4166.0,LOSS,-3.1533289919406515,2,4166.0,VALIDATION,50,False,,UP50_NIKKEIOFF_BASE
2026-01-28,9531.T,,5,71.39240860346604,85.0,54.15251989540744,24.17758376305838,21.669896341534205,True,6538.07470703125,6947.0,6333.0,WIN,6.2545215723671514,3,6947.0,VALIDATION,50,False,,UP50_NIKKEIOFF_BASE
2026-01-28,1332.T,,6,71.35842051227198,85.0,53.47275807152641,27.45585038745915,19.071391541014464,True,1236.0411376953125,1316.0,1196.0,WIN,6.46894831136256,5,1316.0,VALIDATION,50,False,,UP50_NIKKEIOFF_BASE
2026-01-28,5201.T,,7,71.33478291291777,85.0,53.000006084442184,28.329790988338083,18.670202927219755,True,5511.80419921875,5818.0,5359.0,WIN,5.5552735495330285,5,5818.0,VALIDATION,50,False,,UP50_NIKKEIOFF_BASE
2026-01-28,4183.T,,8,71.3188371428243,85.0,52.68109068257269,26.567167617485698,20.75174169994164,True,2143.71826171875,2277.0,2077.0,WIN,6.217315990693193,5,2277.0,VALIDATION,50,False,,UP50_NIKKEIOFF_BASE
2026-01-28,6301.T,,9,71.31580124567569,85.0,52.62037273960078,27.112238415074085,20.267388845325147,True,5493.1259765625,5846.0,5316.0,WIN,6.423920094734879,3,5846.0,VALIDATION,50,False,,UP50_NIKKEIOFF_BASE
2026-01-28,4507.T,,10,71.25983680936454,85.0,51.50108401337771,24.842835076900325,23.656080909721975,True,3005.07421875,3242.0,2887.0,WIN,7.884190672287368,4,3242.0,VALIDATION,50,False,,UP50_NIKKEIOFF_BASE
2026-01-29,6301.T,,1,84.54473402439498,100.0,51.764245705291046,25.661067908149192,22.574686386559787,True,5660.439453125,6033.0,5474.0,WIN,6.581830791765077,2,6033.0,VALIDATION,50,False,,UP50_NIKKEIOFF_BASE
2026-01-29,1605.T,,2,75.76378960728043,100.0,50.0584008412607,26.35136816826831,23.590230990470985,True,3376.613037109375,3609.0,3260.0,HOLD,3.6109478058338293,5,3498.540771484375,VALIDATION,50,False,,UP50_NIKKEIOFF_BASE
2026-01-29,5019.T,,3,73.7562581703712,100.0,53.38603297264144,24.75242419702314,21.861542830335416,True,1264.226806640625,1343.0,1225.0,WIN,6.230938384283718,4,1343.0,VALIDATION,50,False,,UP50_NIKKEIOFF_BASE
2026-01-29,5201.T,,4,71.45443402621098,90.0,53.87128921987161,27.20128258913917,18.927428190989247,True,5607.37890625,5932.0,5445.0,WIN,5.789177067884185,4,5932.0,VALIDATION,50,False,,UP50_NIKKEIOFF_BASE
2026-01-29,1963.T,,5,71.34276151232409,95.0,50.11609981169912,25.651366930681284,24.232533257619586,True,2080.51611328125,2270.0,1986.0,HOLD,1.407790425349404,5,2109.805419921875,VALIDATION,50,False,,UP50_NIKKEIOFF_BASE
2026-01-29,9532.T,,6,69.26152047945709,85.0,55.013018284793894,23.34559702421564,21.64138469099048,True,5644.97119140625,5930.0,5502.0,WIN,5.049251784095374,3,5930.0,VALIDATION,50,False,,UP50_NIKKEIOFF_BASE
2026-01-29,9531.T,,7,69.21479324828508,85.0,54.07847366135389,26.958110947543585,18.963415391102558,True,6601.9423828125,7020.0,6393.0,WIN,6.332342709864773,3,7020.0,VALIDATION,50,False,,UP50_NIKKEIOFF_BASE
2026-01-29,4183.T,,8,69.16482949598142,85.0,53.07919861528061,26.62287969387016,20.297921690849254,True,2158.648681640625,2298.0,2089.0,WIN,6.455488544502972,4,2298.0,VALIDATION,50,False,,UP50_NIKKEIOFF_BASE
2026-01-29,3401.T,,9,69.10778680787216,85.0,51.93834485309543,27.82849708613078,20.233158060773793,True,1421.8724365234375,1507.0,1379.0,WIN,5.987004269152615,4,1507.0,VALIDATION,50,False,,UP50_NIKKEIOFF_BASE
2026-01-29,1332.T,,10,69.08151403256207,85.0,51.41288934689371,30.236937947233166,18.350172705873124,True,1241.8807373046875,1322.0,1202.0,WIN,6.45144580221118,4,1322.0,VALIDATION,50,False,,UP50_NIKKEIOFF_BASE
2026-01-30,1963.T,,1,84.73798977079257,100.0,55.62936063324274,24.894306164747288,19.476333202009968,True,2111.269775390625,2306.0,2014.0,HOLD,3.4913314556218653,5,2184.981201171875,VALIDATION,50,False,,UP50_NIKKEIOFF_BASE
2026-01-30,9531.T,,2,84.72956026651897,100.0,55.46077054777094,25.328079478148553,19.211149974080527,True,6726.7294921875,7185.0,6498.0,WIN,6.812679301951127,4,7185.0,VALIDATION,50,False,,UP50_NIKKEIOFF_BASE
2026-01-30,5020.T,,3,84.68182730554463,100.0,54.506111328284135,24.500324023210677,20.9935646485052,True,1267.8419189453125,1354.0,1225.0,WIN,6.79564855580421,4,1354.0,VALIDATION,50,False,,UP50_NIKKEIOFF_BASE
2026-01-30,6301.T,,4,84.61187199521953,100.0,53.10700512178198,25.696667076808065,21.19632780140997,True,5767.4423828125,6181.0,5561.0,WIN,7.170554809874462,2,6181.0,VALIDATION,50,False,,UP50_NIKKEIOFF_BASE
2026-01-30,4507.T,,5,84.58398083988284,100.0,52.54918201504821,27.51690065496034,19.933917329991456,True,3098.799560546875,3360.0,2968.0,WIN,8.42908469391381,4,3360.0,VALIDATION,50,False,,UP50_NIKKEIOFF_BASE
2026-01-30,4519.T,,6,84.49734590197855,100.0,50.81648325696237,27.515861581094576,21.66765516194305,True,8722.86328125,9453.0,8358.0,TIMEOUT_LOSS,-2.1929282466649918,5,8531.5771484375,VALIDATION,50,False,,UP50_NIKKEIOFF_BASE
2026-01-30,7741.T,,7,82.43601411936412,95.0,54.58984760467368,25.0904083204542,20.319744074872133,True,25708.787109375,27937.0,24594.0,HOLD,2.222648673365951,5,26280.203125,VALIDATION,50,False,,UP50_NIKKEIOFF_BASE
2026-01-30,4183.T,,8,76.15311036838357,100.0,57.844816063323556,23.75755364616829,18.397630290508154,True,2173.097412109375,2310.0,2105.0,WIN,6.299882698665443,3,2310.0,VALIDATION,50,False,,UP50_NIKKEIOFF_BASE
2026-01-30,5019.T,,9,76.1460399471245,100.0,57.70340763814242,23.942083090471325,18.35450927138626,True,1277.4263916015625,1358.0,1237.0,WIN,6.3074952050598405,3,1358.0,VALIDATION,50,False,,UP50_NIKKEIOFF_BASE
2026-01-30,9532.T,,10,76.13490790534765,100.0,57.48076680260503,23.21109644605235,19.30813675134265,True,5676.3212890625,5961.0,5534.0,WIN,5.015197280781783,2,5961.0,VALIDATION,50,False,,UP50_NIKKEIOFF_BASE
2026-02-02,9532.T,,1,84.88441589131735,100.0,58.55788304373826,23.429083557348456,18.01303339891333,True,5750.77783203125,6075.0,5589.0,WIN,5.637883733968392,1,6075.0,VALIDATION,50,False,,UP50_NIKKEIOFF_BASE
2026-02-02,6301.T,,2,84.65983043592772,100.0,54.06617393594573,25.88803352052157,20.045792543532723,True,6043.70361328125,6506.0,5813.0,WIN,7.649223328934224,1,6506.0,VALIDATION,50,False,,UP50_NIKKEIOFF_BASE
2026-02-02,2282.T,,3,82.59540525752445,95.0,57.777670367880226,23.268767226381645,18.95356240573815,True,2333.949951171875,2464.0,2269.0,LOSS,-2.782833930918856,1,2269.0,VALIDATION,50,False,,UP50_NIKKEIOFF_BASE
2026-02-02,7741.T,,4,82.4022606221872,95.0,53.91477766113538,26.641470340487995,19.443751998376648,True,25654.12890625,28108.0,24427.0,HOLD,6.0817375736148716,5,27214.345703125,VALIDATION,50,False,,UP50_NIKKEIOFF_BASE
2026-02-02,8233.T,,5,73.62976301465972,100.0,50.856129858411805,25.91591865805804,23.22795148353017,True,1969.732177734375,2100.0,1905.0,WIN,6.613478915466652,1,2100.0,VALIDATION,50,False,,UP50_NIKKEIOFF_BASE
2026-02-02,5802.T,,6,73.54815070273018,95.0,50.74562275025586,27.513089394507205,21.74128785523696,True,1667.8099365234375,1880.0,1562.0,WIN,12.7226765370444,1,1880.0,VALIDATION,50,False,,UP50_NIKKEIOFF_BASE
2026-02-02,4502.T,,7,71.74687723556745,90.0,59.72015340700122,23.344886590552065,16.93496000244672,True,5160.21484375,5442.0,5019.0,WIN,5.460725275640322,5,5442.0,VALIDATION,50,False,,UP50_NIKKEIOFF_BASE
2026-02-02,5201.T,,8,71.63410164397408,90.0,57.464641575133804,26.85965389241609,15.675704532450144,True,5623.14404296875,5945.0,5462.0,WIN,5.72377222727742,2,5945.0,VALIDATION,50,False,,UP50_NIKKEIOFF_BASE
2026-02-02,9531.T,,9,71.5142742390583,90.0,55.068093476818056,24.68244135857944,20.24946516460255,True,6895.7333984375,7374.0,6657.0,WIN,6.935688692240773,5,7374.0,VALIDATION,50,False,,UP50_NIKKEIOFF_BASE
2026-02-02,6305.T,,10,71.41551516680717,95.0,51.57117290136082,28.1975399519152,20.231287146724,True,5043.65087890625,5416.0,4858.0,WIN,7.382531623094746,2,5416.0,VALIDATION,50,False,,UP50_NIKKEIOFF_BASE
2026-02-03,9107.T,,1,75.7801870488361,95.0,51.90808880280887,25.312408008043903,22.779503189147228,True,2216.328369140625,2337.0,2156.0,HOLD,0.997402424587311,5,2238.43408203125,VALIDATION,50,False,,UP50_NIKKEIOFF_BASE
2026-02-03,4042.T,,2,75.77194003742416,100.0,50.22140944413529,23.87272468782055,25.905865868044202,True,2515.7548828125,2649.0,2449.0,LOSS,-2.6534732484697026,2,2449.0,VALIDATION,50,False,,UP50_NIKKEIOFF_BASE
2026-02-03,4502.T,,3,73.52020366368009,90.0,51.708421099688564,26.582494165352188,21.709084734959248,True,5234.5947265625,5522.0,5091.0,HOLD,2.9894827176098016,5,5391.08203125,VALIDATION,50,False,,UP50_NIKKEIOFF_BASE
2026-02-03,3086.T,,4,73.46461908835289,90.0,50.59672959314463,28.416231936739177,20.98703847011621,True,2300.668212890625,2422.0,2240.0,WIN,5.273762919379422,2,2422.0,VALIDATION,50,False,,UP50_NIKKEIOFF_BASE
2026-02-03,9147.T,,5,73.43825516276496,90.0,50.06945108138604,26.143485883662777,23.787063034951178,True,3545.50927734375,3718.0,3459.0,WIN,4.865047844000505,4,3718.0,VALIDATION,50,False,,UP50_NIKKEIOFF_BASE
2026-02-03,9735.T,,6,64.86921237707489,95.0,51.07989971541086,25.130917568236335,23.789182716352855,True,5759.3369140625,6050.0,5614.0,WIN,5.046815115604569,4,6050.0,VALIDATION,50,False,,UP50_NIKKEIOFF_BASE
2026-02-03,8309.T,,7,62.616284479909424,90.0,51.02134177210148,26.829971264604126,22.148686963294395,True,1257.5576171875,1333.0,1220.0,WIN,5.999119386770145,4,1333.0,VALIDATION,50,False,,UP50_NIKKEIOFF_BASE
2026-02-03,3861.T,,8,62.61304361351414,90.0,50.956524444195686,26.842237178512327,22.20123837729201,True,898.7462768554688,939.0,879.0,LOSS,-2.1970913664929967,3,879.0,VALIDATION,50,False,,UP50_NIKKEIOFF_BASE
2026-02-03,2269.T,,9,62.576940609002605,90.0,50.23446435396524,26.721612183484368,23.043923462550413,True,3647.663330078125,3839.0,3552.0,HOLD,2.2429812964193623,5,3729.479736328125,VALIDATION,50,False,,UP50_NIKKEIOFF_BASE
2026-02-03,1721.T,,10,60.341404597135536,85.0,50.52374411662387,26.513909641927214,22.962346241448923,True,4814.111328125,5080.0,4681.0,WIN,5.5231101599505035,3,5080.0,VALIDATION,50,False,,UP50_NIKKEIOFF_BASE
2026-02-04,9107.T,,1,86.87152110133113,100.0,54.8217263744488,24.64073876160942,20.537534863941804,True,2239.395263671875,2365.0,2176.0,HOLD,0.5150250807762236,5,2250.9287109375,VALIDATION,50,False,,UP50_NIKKEIOFF_BASE
2026-02-04,3086.T,,2,86.8472304580226,100.0,54.33591350827801,25.57524805700443,20.08883843471758,True,2364.439453125,2493.0,2300.0,WIN,5.437252652212593,1,2493.0,VALIDATION,50,False,,UP50_NIKKEIOFF_BASE
2026-02-04,4042.T,,3,86.77779164736947,100.0,52.94713729521546,26.0375453034867,21.015317401297857,True,2632.465087890625,2781.0,2558.0,LOSS,-2.82872081507046,1,2558.0,VALIDATION,50,False,,UP50_NIKKEIOFF_BASE
2026-02-04,9101.T,,4,84.5555758020516,95.0,53.502820388858275,26.019453976073255,20.4777256350685,True,5021.54833984375,5304.0,4880.0,LOSS,-2.818818624539108,1,4880.0,VALIDATION,50,False,,UP50_NIKKEIOFF_BASE
2026-02-04,9202.T,,5,82.30913753251079,90.0,53.57405499804192,26.25333358871821,20.1726114132399,True,3137.9677734375,3301.0,3056.0,HOLD,2.0678954426304097,5,3202.857666015625,VALIDATION,50,False,,UP50_NIKKEIOFF_BASE
2026-02-04,9022.T,,6,79.99401721198132,85.0,52.27164858745238,26.890339970799438,20.8380114417482,True,4586.88623046875,4897.0,4432.0,HOLD,0.8866777241462931,5,4627.55712890625,VALIDATION,50,False,,UP50_NIKKEIOFF_BASE
2026-02-04,5301.T,,7,78.15646443869566,100.0,54.43363660000021,24.69434555824536,20.87201784175445,True,1098.6429443359375,1166.0,1065.0,LOSS,-3.0622273150147614,2,1065.0,VALIDATION,50,False,,UP50_NIKKEIOFF_BASE
2026-02-04,8354.T,,8,78.09987100228813,100.0,53.30176787184923,24.337604181862815,22.360627946287977,True,5884.462890625,6265.0,5694.0,WIN,6.466811269746701,1,6265.0,VALIDATION,50,False,,UP50_NIKKEIOFF_BASE
2026-02-04,7186.T,,9,77.98307946657565,100.0,50.96593715759982,25.19516647158043,23.838896370819775,True,1452.181884765625,1553.0,1402.0,WIN,6.942526710464134,3,1553.0,VALIDATION,50,False,,UP50_NIKKEIOFF_BASE
2026-02-04,4208.T,,10,75.99234735964838,100.0,54.62955588861965,23.742318983283564,21.628125128096816,True,2674.761474609375,2830.0,2597.0,LOSS,-2.9072302464178184,1,2597.0,VALIDATION,50,False,,UP50_NIKKEIOFF_BASE
2026-02-05,9201.T,,1,86.7484346136186,100.0,52.35999662019789,26.103148689226025,21.536854690576117,True,3006.998291015625,3166.0,2928.0,TIMEOUT_LOSS,-0.16066849264796923,5,3002.1669921875,VALIDATION,50,False,,UP50_NIKKEIOFF_BASE
2026-02-05,9021.T,,2,86.72253530963584,100.0,51.84201054054288,25.765113284394904,22.392876175062238,True,3368.97705078125,3536.0,3286.0,LOSS,-2.4629746516678708,5,3286.0,VALIDATION,50,False,,UP50_NIKKEIOFF_BASE
2026-02-05,7186.T,,3,86.6719749464378,100.0,50.83080327658216,23.788608198318535,25.38058852509933,True,1498.9166259765625,1603.0,1447.0,LOSS,-3.4636099884967373,1,1447.0,VALIDATION,50,False,,UP50_NIKKEIOFF_BASE
2026-02-05,6472.T,,4,86.66135116107033,100.0,50.618327569232726,26.01974668074681,23.3619257500205,True,374.8567199707031,404.0,360.0,WIN,7.774511827232165,2,404.0,VALIDATION,50,False,,UP50_NIKKEIOFF_BASE
2026-02-05,9001.T,,5,86.65186688922347,100.0,50.42864213229563,24.482088879947966,25.089268987756423,True,2865.47412109375,3005.0,2796.0,HOLD,2.3975498982617505,5,2934.17529296875,VALIDATION,50,False,,UP50_NIKKEIOFF_BASE
2026-02-05,2801.T,,6,86.6343495990333,100.0,50.07829632849202,27.454467962037022,22.467235709470977,True,1489.268798828125,1587.0,1440.0,LOSS,-3.3082542833700406,1,1440.0,VALIDATION,50,False,,UP50_NIKKEIOFF_BASE
2026-02-05,7951.T,,7,84.40524553730862,95.0,50.49621509399845,26.57137137933603,22.932413526665545,True,1142.1702880859375,1219.0,1104.0,WIN,6.726642490658258,2,1219.0,VALIDATION,50,False,,UP50_NIKKEIOFF_BASE
2026-02-05,9202.T,,8,82.2324558548892,90.0,52.040421445609944,26.558381763701515,21.401196790688573,True,3190.267333984375,3358.0,3106.0,HOLD,1.5482651971499928,5,3239.6611328125,VALIDATION,50,False,,UP50_NIKKEIOFF_BASE
2026-02-05,3861.T,,9,78.13090301440758,100.0,53.922408114238365,24.30392090066812,21.77367098509353,True,915.1428833007812,957.0,894.0,LOSS,-2.3103368541229417,1,894.0,VALIDATION,50,False,,UP50_NIKKEIOFF_BASE
2026-02-05,1928.T,,10,77.99936761523942,100.0,51.29170013087527,26.237866986659547,22.4704328824652,True,3514.206298828125,3666.0,3438.0,WIN,4.319430570211354,4,3666.0,VALIDATION,50,False,,UP50_NIKKEIOFF_BASE
2026-02-06,7186.T,,1,86.8596525456048,100.0,54.58435525992219,24.57846546710389,20.837179272973934,True,1509.1397705078125,1628.0,1450.0,WIN,7.876025257235919,2,1628.0,VALIDATION,50,False,,UP50_NIKKEIOFF_BASE
2026-02-06,1812.T,,2,86.85315336505876,100.0,54.454371649001246,24.061214472076635,21.484413878922144,True,6757.44580078125,7283.0,6495.0,WIN,7.777409019810251,1,7283.0,VALIDATION,50,False,,UP50_NIKKEIOFF_BASE
2026-02-06,5201.T,,3,86.84778843288753,100.0,54.347073005576654,25.577812370450104,20.075114623973278,True,6017.2666015625,6420.0,5816.0,HOLD,4.290152313954585,5,6275.41650390625,VALIDATION,50,False,,UP50_NIKKEIOFF_BASE
2026-02-06,6472.T,,4,86.80479113005586,100.0,53.48712694894311,25.743088157947742,20.76978489310917,True,391.5879211425781,422.0,376.0,HOLD,3.087186718552306,5,403.6769714355469,VALIDATION,50,False,,UP50_NIKKEIOFF_BASE
2026-02-06,1802.T,,5,86.78465372831809,100.0,53.08437891418809,25.35154585302254,21.564075232789392,True,3859.8896484375,4131.0,3724.0,WIN,7.023785036762558,1,4131.0,VALIDATION,50,False,,UP50_NIKKEIOFF_BASE
2026-02-06,7203.T,トヨタ自動車,6,86.7661917207333,100.0,52.715138762492266,26.18562083798434,21.0992403995234,True,3662.18603515625,3964.0,3511.0,TIMEOUT_LOSS,-1.772489562551824,5,3597.274169921875,VALIDATION,50,False,,UP50_NIKKEIOFF_BASE
2026-02-06,1801.T,,7,86.73773202705411,100.0,52.14594488890815,25.722156489017294,22.131898622074583,True,17298.3203125,18953.0,16471.0,TIMEOUT_LOSS,-2.476769104659277,5,16869.880859375,VALIDATION,50,False,,UP50_NIKKEIOFF_BASE
2026-02-06,3086.T,,8,86.69882787480053,100.0,51.36786184383667,26.180114829601152,22.45202332656219,True,2634.731201171875,2816.0,2544.0,TIMEOUT_LOSS,-3.2023769028116473,5,2550.357177734375,VALIDATION,50,False,,UP50_NIKKEIOFF_BASE
2026-02-06,1332.T,,9,86.64756604296481,100.0,50.342625207122346,26.600838027493563,23.056536765384113,True,1386.8966064453125,1503.0,1329.0,WIN,8.371452710686667,3,1503.0,VALIDATION,50,False,,UP50_NIKKEIOFF_BASE
2026-02-06,8354.T,,10,82.25466656700758,90.0,52.484635687977445,25.58118694680857,21.934177365213994,True,6673.7236328125,7199.0,6411.0,TIMEOUT_LOSS,-2.6361767736193706,5,6497.79248046875,VALIDATION,50,False,,UP50_NIKKEIOFF_BASE
2026-02-24,2269.T,,1,62.58321654092171,90.0,50.359982992347355,27.38934259088354,22.250674416769105,True,3802.53076171875,3997.0,3705.0,HOLD,1.5368760756707183,5,3860.970947265625,VALIDATION,50,False,,UP50_NIKKEIOFF_BASE
2026-03-03,9531.T,,1,73.70194726629961,100.0,52.29981489120955,25.94784480243491,21.75234030635557,True,7724.04638671875,8329.0,7422.0,LOSS,-3.9104683166857863,1,7422.0,VALIDATION,50,False,,UP50_NIKKEIOFF_BASE
2026-03-03,2269.T,,2,69.21608304174408,85.0,54.10426953053389,25.985731634832486,19.909998834633665,True,3860.970947265625,4066.0,3759.0,LOSS,-2.6410700483991403,1,3759.0,VALIDATION,50,False,,UP50_NIKKEIOFF_BASE
2026-03-03,9147.T,,3,69.18296099876922,85.0,53.44182867103656,26.835565551397156,19.722605777566276,True,3712.83447265625,3935.0,3602.0,LOSS,-2.9851713959377344,1,3602.0,VALIDATION,50,False,,UP50_NIKKEIOFF_BASE
2026-03-03,2871.T,,4,69.17380544003383,85.0,53.25871749632874,27.786167863075796,18.95511464059547,True,2041.3358154296875,2141.0,1991.0,LOSS,-2.4658272808039743,3,1991.0,VALIDATION,50,False,,UP50_NIKKEIOFF_BASE
2026-03-03,9101.T,,5,69.14202971547988,85.0,52.623203005249806,26.827598165353194,20.54919882939701,True,5355.22509765625,5662.0,5202.0,LOSS,-2.8612260896990116,1,5202.0,VALIDATION,50,False,,UP50_NIKKEIOFF_BASE
2026-03-03,2282.T,,6,69.08749361342139,85.0,51.53248096407985,28.63065578906905,19.836863246851085,True,2313.099609375,2445.0,2247.0,LOSS,-2.8576205325139514,1,2247.0,VALIDATION,50,False,,UP50_NIKKEIOFF_BASE
2026-03-03,9008.T,,7,69.02580415898169,85.0,50.298691875285904,30.649968640300628,19.051339484413454,True,787.9111328125,827.0,768.0,LOSS,-2.52707849696525,1,768.0,VALIDATION,50,False,,UP50_NIKKEIOFF_BASE
2026-03-03,9532.T,,8,62.64764960543492,95.0,50.12690515217666,28.60871727158824,21.2643775762351,True,6512.9765625,6986.0,6277.0,LOSS,-3.6231753674455205,4,6277.0,VALIDATION,50,False,,UP50_NIKKEIOFF_BASE
2026-03-03,8252.T,,9,57.87881621676097,65.0,50.83719390043668,29.868680297234835,19.294125802328505,True,2993.501220703125,3144.0,2918.0,HOLD,1.1497970742447363,5,3027.92041015625,VALIDATION,50,False,,UP50_NIKKEIOFF_BASE
2026-03-03,4502.T,,10,53.76961775264362,75.0,52.56626809635061,28.635757111180187,18.797974792469198,True,5532.11376953125,5846.0,5375.0,LOSS,-2.8400314251773358,1,5375.0,VALIDATION,50,False,,UP50_NIKKEIOFF_BASE
2019-05-31,6701.T,,1,66.90710666751677,85.0,51.403002915552754,30.77351253692347,17.823484547523787,True,724.491455078125,771.0,701.0,LOSS,-3.2424751062925674,2,701.0,DEV,50,False,55,UP50_NIKKEIOFF_TESTA55
2019-05-31,9433.T,,2,66.90363020137504,85.0,51.333473592718256,29.230765442114926,19.435760965166818,True,1090.1092529296875,1140.0,1065.0,LOSS,-2.3033703146914815,3,1065.0,DEV,50,False,55,UP50_NIKKEIOFF_TESTA55
2019-05-31,4661.T,,3,66.86470094020171,85.0,50.55488836925184,31.001457383270388,18.443654247477788,True,2591.773193359375,2729.0,2523.0,LOSS,-2.6535189705482427,2,2523.0,DEV,50,False,55,UP50_NIKKEIOFF_TESTA55
2019-05-31,9009.T,,4,62.53778969194589,75.0,54.01666340413512,28.68546290871495,17.297873687149952,True,1268.4100341796875,1344.0,1230.0,LOSS,-3.028203273756678,2,1230.0,DEV,50,False,55,UP50_NIKKEIOFF_TESTA55
2019-05-31,8725.T,,5,62.40341912974047,75.0,51.329252160026805,29.681361663813473,18.989386176159726,True,827.1231689453125,867.0,807.0,HOLD,1.5380118607519444,5,839.8444213867188,DEV,50,False,55,UP50_NIKKEIOFF_TESTA55
2019-05-31,9766.T,,6,57.929032388431054,65.0,51.841517333838524,30.393607640704364,17.764875025457115,True,4664.2294921875,4965.0,4514.0,HOLD,0.1953028901184652,5,4673.3388671875,DEV,50,False,55,UP50_NIKKEIOFF_TESTA55
2019-05-31,9005.T,,7,56.15538308087339,85.0,53.75983553051137,28.495404587451002,17.744759882037652,True,1756.6318359375,1858.0,1706.0,HOLD,1.5576503885109498,5,1783.9940185546875,DEV,50,False,55,UP50_NIKKEIOFF_TESTA55
2019-05-31,7832.T,,8,56.11400669802855,85.0,52.93230787361447,29.31742325203895,17.75026887434661,True,1560.746337890625,1681.0,1501.0,LOSS,-3.8280620264900436,3,1501.0,DEV,50,False,55,UP50_NIKKEIOFF_TESTA55
2019-05-31,7011.T,,9,56.109604140127274,85.0,52.84425671558894,29.113415085366157,18.042328199044913,True,406.5148620605469,430.0,395.0,LOSS,-2.832580831652801,5,395.0,DEV,50,False,55,UP50_NIKKEIOFF_TESTA55
2019-05-31,6326.T,,10,54.89978713339772,65.0,52.12617745056314,29.365565978441694,18.508256570995172,True,1410.4456787109375,1500.0,1366.0,HOLD,3.6434609897847317,5,1461.834716796875,DEV,50,False,55,UP50_NIKKEIOFF_TESTA55
2019-06-04,4568.T,,1,64.77064960518491,85.0,52.15212253848094,32.53088192918235,15.316995532336744,False,1661.9205322265625,1824.0,1581.0,WIN,9.752540186520898,3,1824.0,DEV,50,False,55,UP50_NIKKEIOFF_TESTA55
2019-06-04,6326.T,,2,61.5563921624515,80.0,50.25827803163872,31.4332306281822,18.30849134017911,False,1411.2950439453125,1496.0,1369.0,HOLD,4.784830532891158,5,1478.8231201171875,DEV,50,False,55,UP50_NIKKEIOFF_TESTA55
2019-06-04,9766.T,,3,56.075752447865185,85.0,52.16722287034706,32.824652962559696,15.008124167093253,False,4600.4609375,4915.0,4443.0,HOLD,0.0,5,4600.4609375,DEV,50,False,55,UP50_NIKKEIOFF_TESTA55
2019-06-04,8630.T,,4,52.77069141842562,60.0,54.544263151121065,31.97474120966996,13.48099563920901,False,1045.9288330078125,1120.0,1009.0,HOLD,3.493969421290161,5,1082.4732666015625,DEV,50,False,55,UP50_NIKKEIOFF_TESTA55
2019-06-04,9432.T,,5,51.61758109302525,75.0,53.003795773548546,32.4224493268473,14.573754899604172,False,75.62315368652344,79.0,74.0,HOLD,3.4369180710644125,5,78.22225952148438,DEV,50,False,55,UP50_NIKKEIOFF_TESTA55
2019-06-04,9602.T,,6,51.563768180577895,75.0,51.92753752460136,32.96863355640636,15.103828918992324,False,846.458251953125,898.0,820.0,HOLD,2.7926926102068794,5,870.0972290039062,DEV,50,False,55,UP50_NIKKEIOFF_TESTA55
2019-06-04,9433.T,,7,48.50025892081485,75.0,51.526917546731774,34.48170926244632,13.991373190821916,False,1066.848876953125,1119.0,1041.0,HOLD,0.7328917736296725,5,1074.667724609375,DEV,50,False,55,UP50_NIKKEIOFF_TESTA55
2019-06-04,8801.T,,8,48.23751180842824,55.0,52.35893182073866,34.12908007875689,13.511988100504468,False,753.4099731445312,798.0,731.0,HOLD,2.7693991243750236,5,774.27490234375,DEV,50,False,55,UP50_NIKKEIOFF_TESTA55
2019-06-04,4519.T,,9,48.217651974575006,55.0,51.961735143674105,32.463465203651126,15.574799652674793,False,2070.879638671875,2193.0,2010.0,TIMEOUT_LOSS,-0.6983346425265814,5,2056.41796875,DEV,50,False,55,UP50_NIKKEIOFF_TESTA55
2019-06-04,6501.T,,10,47.06295378561771,65.0,51.911249625397616,32.38517632420243,15.703574050399952,False,659.091064453125,705.0,636.0,WIN,6.965492027261442,5,705.0,DEV,50,False,55,UP50_NIKKEIOFF_TESTA55
2019-10-16,5333.T,,1,66.00037280802009,85.0,50.659630073445285,28.434297133080268,20.906072793474483,True,1279.611572265625,1347.0,1246.0,HOLD,4.6975658087161385,5,1339.72216796875,DEV,50,False,55,UP50_NIKKEIOFF_TESTA55
2019-10-16,8316.T,,2,59.55364859395159,90.0,50.638189270336184,28.98386640047919,20.37794432918465,True,455.3744201660156,475.0,445.0,HOLD,1.994168362350452,5,464.4553527832031,DEV,50,False,55,UP50_NIKKEIOFF_TESTA55
2019-10-16,2871.T,,3,53.5375114061127,65.0,50.96761942660179,28.725569018116826,20.306811555281406,True,1096.8060302734375,1159.0,1066.0,TIMEOUT_LOSS,-1.5624980870970453,5,1079.66845703125,DEV,50,False,55,UP50_NIKKEIOFF_TESTA55
2019-10-16,8306.T,三菱UFJ,4,49.33016924828867,75.0,50.73381974838216,29.49265973500258,19.773520516615275,True,420.6357421875,441.0,410.0,HOLD,2.5258949321037956,5,431.26055908203125,DEV,50,False,55,UP50_NIKKEIOFF_TESTA55
2019-10-16,2002.T,,5,49.27421951734435,70.0,51.13656425993035,28.16335423427443,20.700081505795257,True,1733.58447265625,1827.0,1687.0,HOLD,0.822453984516028,5,1747.8424072265625,DEV,50,False,55,UP50_NIKKEIOFF_TESTA55
2019-12-13,6902.T,,1,79.9474220305637,85.0,51.339744959100095,26.88473019745516,21.775524843444742,True,1062.3533935546875,1111.0,1038.0,LOSS,-2.2924004104886255,4,1038.0,DEV,50,False,55,UP50_NIKKEIOFF_TESTA55
2019-12-13,7751.T,,2,75.76102436613135,100.0,50.003096018279244,28.68153099017649,21.315372991544262,True,2363.890625,2434.0,2329.0,HOLD,0.16231351915869627,5,2367.7275390625,DEV,50,False,55,UP50_NIKKEIOFF_TESTA55
2019-12-13,8802.T,,3,62.209283586272136,65.0,50.49001955152964,27.80799197816039,21.70198847030996,True,1869.0274658203125,1949.0,1829.0,HOLD,0.9252911275388733,5,1886.3214111328125,DEV,50,False,55,UP50_NIKKEIOFF_TESTA55
2019-12-13,8830.T,,4,54.70030874000767,55.0,51.18008784363162,28.161330315791528,20.658581840576836,True,1789.542236328125,1861.0,1754.0,TIMEOUT_LOSS,-1.1722770845426955,5,1768.5638427734375,DEV,50,False,55,UP50_NIKKEIOFF_TESTA55
2019-12-13,9503.T,,5,51.21229275484661,55.0,50.98498553171474,28.011326108294387,21.003688359990857,True,989.6854858398438,1038.0,965.0,HOLD,1.8577173602206893,5,1008.071044921875,DEV,50,False,55,UP50_NIKKEIOFF_TESTA55
2020-03-04,4385.T,,1,40.587865054519554,65.0,52.844257612130185,34.48802267781136,12.667719710058451,False,2319.0,2679.0,2139.0,LOSS,-7.761966364812419,4,2139.0,DEV,50,False,55,UP50_NIKKEIOFF_TESTA55
2020-03-06,3659.T,,1,51.838774547986226,75.0,57.427664872767956,32.83197854886459,9.740356578367436,False,1406.5872802734375,1532.0,1344.0,LOSS,-4.449583836793311,1,1344.0,DEV,50,False,55,UP50_NIKKEIOFF_TESTA55
2020-03-06,7532.T,,2,47.43873909913687,65.0,59.42695589578081,31.317028104703148,9.256015999516046,False,355.3888244628906,389.0,339.0,LOSS,-4.611519365489201,2,339.0,DEV,50,False,55,UP50_NIKKEIOFF_TESTA55
2020-03-06,7733.T,,3,43.14059629766764,55.0,63.464099866396296,26.831282296443614,9.704617837160075,False,1840.1376953125,2022.0,1749.0,LOSS,-4.952764977569932,1,1749.0,DEV,50,False,55,UP50_NIKKEIOFF_TESTA55
2020-03-06,2871.T,,4,42.61884091598644,55.0,53.02899223277229,34.19064265262987,12.78036511459781,False,1215.01123046875,1293.0,1176.0,LOSS,-3.210771183876178,3,1176.0,DEV,50,False,55,UP50_NIKKEIOFF_TESTA55
2020-03-06,4385.T,,5,41.048580374904034,65.0,62.05856401981975,28.41161347224887,9.529822507931376,False,2301.0,2659.0,2122.0,LOSS,-7.77922642329422,2,2122.0,DEV,50,False,55,UP50_NIKKEIOFF_TESTA55
2020-03-09,3659.T,,1,39.626162782547375,55.0,54.04499478138227,29.072045627480108,16.88295959113761,False,1328.30615234375,1464.0,1260.0,LOSS,-5.14235006916336,4,1260.0,DEV,50,False,55,UP50_NIKKEIOFF_TESTA55
2020-03-09,7733.T,,2,39.444364957526695,55.0,50.409038280968645,31.20920182056231,18.38175989846905,False,1778.5802001953125,1973.0,1682.0,LOSS,-5.430185278387034,3,1682.0,DEV,50,False,55,UP50_NIKKEIOFF_TESTA55
2020-03-09,4385.T,,3,36.21620127466975,55.0,55.41098201513416,29.01553934559884,15.57347863926698,False,2186.0,2551.0,2004.0,LOSS,-8.325709057639525,4,2004.0,DEV,50,False,55,UP50_NIKKEIOFF_TESTA55
2020-03-10,3659.T,,1,42.73814785430528,55.0,55.415130999149156,33.440826516947055,11.144042483903789,False,1371.1546630859375,1517.0,1298.0,LOSS,-5.335259767216538,2,1298.0,DEV,50,False,55,UP50_NIKKEIOFF_TESTA55
2021-01-08,8630.T,,1,77.95780953516322,100.0,50.4605385293513,27.95931592604394,21.580145544604772,True,1132.0400390625,1193.0,1101.0,TIMEOUT_LOSS,-0.30681481941565325,5,1128.5667724609375,DEV,50,False,55,UP50_NIKKEIOFF_TESTA55
2021-01-08,6479.T,,2,73.19149749507702,70.0,51.221254249366474,27.975961407023814,20.8027843436097,True,1978.4683837890625,2125.0,1905.0,TIMEOUT_LOSS,-2.202853683636202,5,1934.8856201171875,DEV,50,False,55,UP50_NIKKEIOFF_TESTA55
2021-01-08,9735.T,,3,73.1652231620605,70.0,50.695767589036066,28.06803561904885,21.236196791915063,True,4299.490234375,4539.0,4180.0,TIMEOUT_LOSS,-0.248723617761735,5,4288.79638671875,DEV,50,False,55,UP50_NIKKEIOFF_TESTA55
2021-01-08,2282.T,,4,69.07305927734993,85.0,51.24379424265088,27.305470310900116,21.450735446449002,True,1336.1334228515625,1409.0,1300.0,LOSS,-2.704327444668431,5,1300.0,DEV,50,False,55,UP50_NIKKEIOFF_TESTA55
2021-01-08,1332.T,,5,64.51561432575595,70.0,51.61663434120579,27.561307978456657,20.822057680337544,True,370.64129638671875,390.0,361.0,TIMEOUT_LOSS,-0.9174261315646857,5,367.2409362792969,DEV,50,False,55,UP50_NIKKEIOFF_TESTA55
2021-01-08,6701.T,,6,62.20782193432847,65.0,50.46078651265628,27.87929111372243,21.659922373621292,True,1050.2379150390625,1114.0,1018.0,HOLD,0.1754159824044705,5,1052.0802001953125,DEV,50,False,55,UP50_NIKKEIOFF_TESTA55
2021-01-08,6471.T,,7,61.48729351264076,75.0,50.398044165858636,28.578519009119656,21.02343682502171,True,743.6954345703125,804.0,714.0,HOLD,0.10821762954313383,5,744.500244140625,DEV,50,False,55,UP50_NIKKEIOFF_TESTA55
2021-01-08,9502.T,,8,59.31854492836027,70.0,52.023072480248864,27.13027321430087,20.84665430545025,True,1067.59326171875,1119.0,1042.0,HOLD,1.1157909854004084,5,1079.50537109375,DEV,50,False,55,UP50_NIKKEIOFF_TESTA55
2021-01-08,9602.T,,9,53.52958632047289,65.0,50.80911771380546,27.266881892794974,21.924000393399556,True,813.47021484375,863.0,789.0,LOSS,-3.0081267140739993,2,789.0,DEV,50,False,55,UP50_NIKKEIOFF_TESTA55
2021-01-08,7912.T,,10,51.32619276757812,55.0,53.26298578634495,27.435353180462833,19.30166103319219,True,869.8496704101562,926.0,842.0,LOSS,-3.201664765478893,1,842.0,DEV,50,False,55,UP50_NIKKEIOFF_TESTA55
2021-02-08,8316.T,,1,86.6785606705024,100.0,50.962517757874416,27.58434517107836,21.453137071047212,True,461.5956115722656,489.0,448.0,WIN,5.9368823577829986,4,489.0,DEV,50,False,55,UP50_NIKKEIOFF_TESTA55
2021-02-08,8053.T,,2,86.66960088868237,100.0,50.783322121473375,28.123537323913183,21.09314055461344,True,289.6702880859375,308.0,281.0,HOLD,4.330316450335212,5,302.21392822265625,DEV,50,False,55,UP50_NIKKEIOFF_TESTA55
2021-02-08,1721.T,,3,86.66486905860837,100.0,50.68868551999351,27.960302180264897,21.351012299741583,True,2813.673095703125,2995.0,2723.0,LOSS,-3.2225881479122642,5,2723.0,DEV,50,False,55,UP50_NIKKEIOFF_TESTA55
2021-02-08,8331.T,,4,86.63168907119703,100.0,50.02508577176658,27.964037163651252,22.010877064582175,True,540.8916015625,577.0,523.0,WIN,6.67571807977641,5,577.0,DEV,50,False,55,UP50_NIKKEIOFF_TESTA55
2021-02-08,2501.T,,5,79.17088127550281,90.0,51.67849507527361,27.43953525645638,20.88196966827001,True,409.2459716796875,431.0,399.0,HOLD,2.379850161504267,5,418.98541259765625,DEV,50,False,55,UP50_NIKKEIOFF_TESTA55
2021-02-08,2502.T,,6,79.1356410747135,90.0,50.97369105948742,27.026080849545597,22.00022809096696,True,1281.2196044921875,1367.0,1238.0,HOLD,5.947292385270954,5,1357.41748046875,DEV,50,False,55,UP50_NIKKEIOFF_TESTA55
2021-02-08,8267.T,,7,78.0572989763375,100.0,52.45032735283702,26.847088609042665,20.7025840381203,True,1074.799072265625,1131.0,1047.0,WIN,5.228970622007156,4,1131.0,DEV,50,False,55,UP50_NIKKEIOFF_TESTA55
2021-02-08,4704.T,,8,77.99862884951816,100.0,51.276924816449984,27.224834005760023,21.49824117778996,True,4925.25244140625,5259.0,4758.0,HOLD,1.663897898634439,5,5007.20361328125,DEV,50,False,55,UP50_NIKKEIOFF_TESTA55
2021-02-08,8630.T,,9,77.98637083402653,100.0,51.031764506617286,27.96319862862032,21.00503686476241,True,1166.7735595703125,1229.0,1136.0,TIMEOUT_LOSS,-1.465567450973294,5,1149.6737060546875,DEV,50,False,55,UP50_NIKKEIOFF_TESTA55
2021-02-08,4578.T,,10,77.98630109321283,100.0,51.03036969034363,27.199344586730284,21.770285722926072,True,4261.3779296875,4483.0,4151.0,LOSS,-2.5901933953929865,3,4151.0,DEV,50,False,55,UP50_NIKKEIOFF_TESTA55
2021-02-26,7004.T,,1,66.87697589323062,85.0,50.80038742982998,28.591335046760996,20.608277523409,True,601.1643676757812,672.0,566.0,WIN,11.783072339780071,3,672.0,DEV,50,False,55,UP50_NIKKEIOFF_TESTA55
2021-03-01,3402.T,,1,49.173693281996265,65.0,50.64777868340351,30.365401026895228,18.98682028970127,True,622.3734741210938,671.0,598.0,TIMEOUT_LOSS,-1.1321797942466618,5,615.3270874023438,DEV,50,False,55,UP50_NIKKEIOFF_TESTA55
2021-03-02,6302.T,,1,58.224898518700236,85.0,51.67188341748297,29.18540642930762,19.142710153209418,True,2450.734619140625,2680.0,2336.0,TIMEOUT_LOSS,-0.7308973144512134,5,2432.822265625,DEV,50,False,55,UP50_NIKKEIOFF_TESTA55
2021-03-02,4183.T,,2,58.18236160039458,85.0,50.82114505136987,28.26775918555992,20.9110957630702,True,1364.8817138671875,1484.0,1305.0,HOLD,6.627409387135143,5,1455.3380126953125,DEV,50,False,55,UP50_NIKKEIOFF_TESTA55
2021-03-02,7011.T,,3,43.85873726257766,60.0,50.218223512422725,27.713579118676723,22.068197368900556,True,278.869140625,301.0,268.0,HOLD,7.254707384035691,5,299.10028076171875,DEV,50,False,55,UP50_NIKKEIOFF_TESTA55
2021-03-03,7011.T,,1,70.2030310867498,75.0,50.79975216977882,25.855716319850792,23.344531510370377,True,291.8812561035156,315.0,280.0,HOLD,1.0381766066016929,5,294.9114990234375,DEV,50,False,55,UP50_NIKKEIOFF_TESTA55
2021-03-03,7186.T,,2,64.53514691573227,75.0,50.48554701029766,29.4175863389569,20.09686665074543,True,347.6304626464844,376.0,333.0,WIN,8.160831803271924,4,376.0,DEV,50,False,55,UP50_NIKKEIOFF_TESTA55
2021-03-03,1803.T,,3,63.77861957898373,80.0,51.2245654927181,28.900397118745154,19.87503738853674,True,715.743896484375,768.0,689.0,HOLD,4.491714156388455,5,747.89306640625,DEV,50,False,55,UP50_NIKKEIOFF_TESTA55
2021-03-03,8591.T,,4,58.214564518799456,85.0,51.46520341946742,29.255309836891215,19.279486743641367,True,1452.7554931640625,1569.0,1395.0,HOLD,2.0706542229782388,5,1482.8370361328125,DEV,50,False,55,UP50_NIKKEIOFF_TESTA55
2021-03-03,6302.T,,5,58.21112041532453,85.0,51.39632134996882,28.193371439774523,20.41030721025665,True,2519.94140625,2751.0,2405.0,LOSS,-4.5612729710667255,2,2405.0,DEV,50,False,55,UP50_NIKKEIOFF_TESTA55
2021-03-03,8015.T,,6,58.18505217843413,85.0,50.87495661216077,30.479798768593902,18.645244619245343,True,1283.881591796875,1400.0,1226.0,HOLD,0.8638982547089353,5,1294.9730224609375,DEV,50,False,55,UP50_NIKKEIOFF_TESTA55
2021-03-03,543A.T,,7,58.17363861145022,85.0,50.64668527248271,29.106370454919915,20.246944272597382,True,1012.5596923828125,1125.0,956.0,TIMEOUT_LOSS,-0.7684973240751022,5,1004.7781982421875,DEV,50,False,55,UP50_NIKKEIOFF_TESTA55
2021-03-03,6902.T,,8,58.16455649467092,85.0,50.46504293689667,29.41359157844043,20.121365484662885,True,1447.410400390625,1565.0,1389.0,HOLD,4.040697345896404,5,1505.8958740234375,DEV,50,False,55,UP50_NIKKEIOFF_TESTA55
2021-03-03,5214.T,,9,58.1629031074877,85.0,50.431975193232326,29.368782241468967,20.199242565298682,True,2020.201416015625,2166.0,1947.0,TIMEOUT_LOSS,-0.3605790873313921,5,2012.9169921875,DEV,50,False,55,UP50_NIKKEIOFF_TESTA55
2021-03-03,9009.T,,10,53.694158402090515,75.0,51.05708108528858,27.65954139172261,21.283377522988815,True,1206.8773193359375,1307.0,1157.0,HOLD,3.911350345144137,5,1254.08251953125,DEV,50,False,55,UP50_NIKKEIOFF_TESTA55
2021-04-01,7532.T,,1,55.82187855863012,75.0,50.13322334651542,29.454565965874917,20.41221068760967,True,499.1876525878906,542.0,478.0,TIMEOUT_LOSS,-1.4885329136736498,5,491.757080078125,DEV,50,False,55,UP50_NIKKEIOFF_TESTA55
2021-09-03,1802.T,,1,54.722738334722195,60.0,50.106940607487495,29.124815386496405,20.768244006016065,False,766.955078125,810.0,745.0,HOLD,1.8008574389899181,5,780.766845703125,DEV,50,False,55,UP50_NIKKEIOFF_TESTA55
2021-09-03,9735.T,,2,52.46973600274709,55.0,50.04689396798532,28.653275668107515,21.299830363907144,False,3804.28662109375,3970.0,3722.0,HOLD,1.0279894737369017,5,3843.394287109375,DEV,50,False,55,UP50_NIKKEIOFF_TESTA55
2021-09-03,8604.T,,3,51.19270965551316,55.0,50.59332354504581,29.06288380361355,20.34379265134064,False,455.454345703125,478.0,444.0,HOLD,2.5636598177150756,5,467.1306457519531,DEV,50,False,55,UP50_NIKKEIOFF_TESTA55
2022-03-23,7912.T,,1,84.38416005583787,95.0,50.07450546458335,27.793762566401313,22.131731969015334,False,1399.1610107421875,1500.0,1349.0,TIMEOUT_LOSS,-1.5117440549045549,5,1378.00927734375,DEV,50,False,55,UP50_NIKKEIOFF_TESTA55
2022-03-23,8001.T,,2,73.47451590562287,90.0,50.794665938544284,29.2079553520675,19.997378709388215,False,721.6596069335938,769.0,698.0,HOLD,2.0497779412163957,5,736.4520263671875,DEV,50,False,55,UP50_NIKKEIOFF_TESTA55
2022-03-23,9503.T,,3,73.44665021559415,90.0,50.23735213796976,29.28532496599473,20.477322896035517,False,1045.1273193359375,1112.0,1012.0,LOSS,-3.1696922205599063,2,1012.0,DEV,50,False,55,UP50_NIKKEIOFF_TESTA55
2022-03-23,6178.T,,4,66.7898056407885,75.0,52.10046064185708,27.88720156337109,20.012337794771838,False,800.1746215820312,839.0,781.0,LOSS,-2.396304639619907,5,781.0,DEV,50,False,55,UP50_NIKKEIOFF_TESTA55
2022-03-23,5020.T,,5,66.75665873994934,75.0,51.437522625073726,28.983352745844552,19.57912462908171,False,397.81488037109375,424.0,385.0,TIMEOUT_LOSS,-0.34870667229842467,5,396.42767333984375,DEV,50,False,55,UP50_NIKKEIOFF_TESTA55
2022-03-23,4502.T,,6,65.92170863952424,80.0,50.6080858339631,28.413075540926787,20.97883862511014,False,2921.2822265625,3059.0,2853.0,TIMEOUT_LOSS,-1.0376603809663256,5,2890.96923828125,DEV,50,False,55,UP50_NIKKEIOFF_TESTA55
2022-03-23,2432.T,,7,62.44045038716403,80.0,50.54813817806312,27.492386051850175,21.959475770086716,False,1713.0953369140625,1837.0,1651.0,HOLD,3.9920542563435086,5,1781.4830322265625,DEV,50,False,55,UP50_NIKKEIOFF_TESTA55
2022-03-23,9434.T,,8,62.36361536966191,70.0,52.054916088890366,27.803142823624377,20.14194108748526,False,121.31352996826172,126.0,119.0,LOSS,-1.9070667293804646,3,119.0,DEV,50,False,55,UP50_NIKKEIOFF_TESTA55
2022-03-23,1928.T,,9,62.29054891050812,70.0,50.59358690581467,28.446035298631323,20.96037779555403,False,2035.945556640625,2161.0,1973.0,TIMEOUT_LOSS,-0.4084848090945534,5,2027.6290283203125,DEV,50,False,55,UP50_NIKKEIOFF_TESTA55
2022-03-23,4578.T,,10,51.69643205767119,60.0,50.45038028385853,28.92786042046848,20.621759295673023,False,3923.0224609375,4163.0,3803.0,HOLD,0.0,5,3923.0224609375,DEV,50,False,55,UP50_NIKKEIOFF_TESTA55
2022-12-21,3086.T,,1,52.66339384574037,65.0,50.87657256698144,31.403845682291458,17.719581750727144,True,1034.563720703125,1111.0,996.0,WIN,7.388262101915412,3,1111.0,DEV,50,False,55,UP50_NIKKEIOFF_TESTA55
2022-12-21,8015.T,,2,51.43083858718586,55.0,55.355902178499846,27.92253984692571,16.721557974574452,True,1459.350830078125,1565.0,1406.0,TIMEOUT_LOSS,-0.9118609934151413,5,1446.0435791015625,DEV,50,False,55,UP50_NIKKEIOFF_TESTA55
2022-12-21,2914.T,,3,51.17191527894296,55.0,50.177436013641874,32.66966366687578,17.152900319482377,True,2259.087646484375,2332.0,2223.0,TIMEOUT_LOSS,-0.3124857144370129,5,2252.0283203125,DEV,50,False,55,UP50_NIKKEIOFF_TESTA55
2022-12-21,3092.T,,4,47.064341253163875,65.0,51.938998976320946,31.528526902020186,16.53247412165889,True,945.614013671875,1020.0,908.0,HOLD,2.507832599880978,5,969.3284301757812,DEV,50,False,55,UP50_NIKKEIOFF_TESTA55
2022-12-21,4043.T,,5,42.5785110582346,55.0,52.22239507773535,29.829087400379606,17.948517521885062,True,1579.33740234375,1660.0,1539.0,HOLD,0.167051426765885,5,1581.9757080078125,DEV,50,False,55,UP50_NIKKEIOFF_TESTA55
2022-12-21,8001.T,,6,42.53613726423201,55.0,51.37491919768359,30.166895495305518,18.45818530701091,True,758.406005859375,798.0,739.0,TIMEOUT_LOSS,-0.7375666802191969,5,752.812255859375,DEV,50,False,55,UP50_NIKKEIOFF_TESTA55
2022-12-21,8031.T,三井物産,7,42.502935325929144,55.0,50.710880431626315,32.687282565912824,16.601837002460883,True,1738.1497802734375,1843.0,1686.0,TIMEOUT_LOSS,-0.9470168495187453,5,1721.689208984375,DEV,50,False,55,UP50_NIKKEIOFF_TESTA55
2022-12-21,2802.T,,8,42.49509583355284,55.0,50.55409058410012,29.957385247804357,19.488524168095555,True,2024.55029296875,2137.0,1969.0,LOSS,-2.743833687988676,4,1969.0,DEV,50,False,55,UP50_NIKKEIOFF_TESTA55
2022-12-21,1802.T,,9,42.483059242856434,55.0,50.313358770172144,32.446078748630576,17.2405624811973,True,861.604248046875,905.0,840.0,HOLD,0.4990109463207798,5,865.9037475585938,DEV,50,False,55,UP50_NIKKEIOFF_TESTA55
2022-12-27,3099.T,,1,82.37088347790652,100.0,51.76549564508672,29.029021532398836,19.205482822514387,True,674.3696899414062,731.0,646.0,LOSS,-4.206845349747436,3,646.0,DEV,50,False,55,UP50_NIKKEIOFF_TESTA55
2022-12-27,7453.T,,2,74.83214837285773,90.0,51.86035876150249,27.97561723820773,20.164024000289732,True,745.5569458007812,801.0,718.0,HOLD,0.06321629477360388,5,746.0282592773438,DEV,50,False,55,UP50_NIKKEIOFF_TESTA55
2022-12-27,8267.T,,3,73.76290354990253,100.0,53.51894056326799,26.629714641588098,19.851344795143845,True,918.2265014648438,957.0,899.0,LOSS,-2.093873508788058,2,899.0,DEV,50,False,55,UP50_NIKKEIOFF_TESTA55
2022-12-27,8233.T,,4,71.25031751857497,80.0,52.83243732802123,28.102473521172204,19.065089150806493,True,849.6592407226562,919.0,815.0,TIMEOUT_LOSS,-1.3661267151202405,5,838.0518188476562,DEV,50,False,55,UP50_NIKKEIOFF_TESTA55
2022-12-27,8304.T,,5,69.11992857493576,90.0,50.65944106393259,29.283256535200884,20.057302400866497,True,2334.877685546875,2430.0,2288.0,LOSS,-2.0077148296483593,2,2288.0,DEV,50,False,55,UP50_NIKKEIOFF_TESTA55
2022-12-27,3086.T,,6,68.21442522053451,80.0,52.98415658460311,26.896355572191045,20.11948784320579,True,1121.6087646484375,1205.0,1080.0,LOSS,-3.7097396133026437,1,1080.0,DEV,50,False,55,UP50_NIKKEIOFF_TESTA55
2022-12-27,9201.T,,7,64.8483248638085,85.0,53.705627710952754,24.501122668775473,21.793249620271723,True,2432.251220703125,2564.0,2366.0,LOSS,-2.723864218432701,4,2366.0,DEV,50,False,55,UP50_NIKKEIOFF_TESTA55
2022-12-27,2914.T,,8,58.30826323536948,90.0,51.8174386204331,29.17548057969433,19.007080799872522,True,2301.109375,2369.0,2267.0,LOSS,-1.4823013356329489,2,2267.0,DEV,50,False,55,UP50_NIKKEIOFF_TESTA55
2022-12-27,1332.T,,9,58.02035000644034,70.0,52.14613056358927,27.80677996031754,20.047089476093163,True,490.6078796386719,510.0,481.0,LOSS,-1.9583622761517792,4,481.0,DEV,50,False,55,UP50_NIKKEIOFF_TESTA55
2022-12-27,9021.T,,10,56.169332402069855,85.0,54.03882195444053,25.574412665058695,20.38676538050074,True,2576.462890625,2726.0,2502.0,LOSS,-2.890120827897379,5,2502.0,DEV,50,False,55,UP50_NIKKEIOFF_TESTA55
2022-12-28,5401.T,,1,73.66627688561661,100.0,51.586407277549704,27.92041157245474,20.493181149995493,True,357.5216369628906,377.0,348.0,LOSS,-2.663233767828976,3,348.0,DEV,50,False,55,UP50_NIKKEIOFF_TESTA55
2022-12-28,8304.T,,2,71.45654785325047,95.0,52.391826630226966,26.640597731041616,20.96757563873137,True,2323.53515625,2419.0,2276.0,LOSS,-2.0458117933846087,2,2276.0,DEV,50,False,55,UP50_NIKKEIOFF_TESTA55
2022-12-28,2914.T,,3,69.22734405456788,95.0,51.28601152614032,28.167738610768904,20.546249863090715,True,2297.47265625,2365.0,2264.0,LOSS,-1.4569338250421233,1,2264.0,DEV,50,False,55,UP50_NIKKEIOFF_TESTA55
2022-12-28,5406.T,,4,69.19400839222706,90.0,52.14103740975864,27.62713059931048,20.23183199093085,True,540.18017578125,566.0,527.0,LOSS,-2.439959178840249,2,527.0,DEV,50,False,55,UP50_NIKKEIOFF_TESTA55
2022-12-28,3099.T,,5,69.14910444101784,90.0,51.24295838557433,29.37578516946201,19.38125644496359,True,677.1017456054688,734.0,649.0,LOSS,-4.1502987974635905,1,649.0,DEV,50,False,55,UP50_NIKKEIOFF_TESTA55
2022-12-28,8316.T,,6,69.1108655415504,90.0,50.478180396225206,30.896651142292058,18.625168461482687,True,766.4431762695312,816.0,741.0,TIMEOUT_LOSS,-1.1023933686936116,5,757.9939575195312,DEV,50,False,55,UP50_NIKKEIOFF_TESTA55
2022-12-28,3086.T,,7,68.9258272309475,75.0,51.342631575472,27.5868056342686,21.070562790259366,True,1114.35498046875,1201.0,1071.0,LOSS,-3.890589733848801,2,1071.0,DEV,50,False,55,UP50_NIKKEIOFF_TESTA55
2022-12-28,8233.T,,8,66.7451944662339,70.0,52.72997628119981,28.37083622645852,18.89918749234159,True,859.8736572265625,929.0,825.0,LOSS,-4.0556722413202,2,825.0,DEV,50,False,55,UP50_NIKKEIOFF_TESTA55
2022-12-28,3382.T,,9,62.477547231323115,80.0,51.290075061244934,27.70003279982364,21.00989213893141,True,1755.591796875,1838.0,1714.0,LOSS,-2.369104079264582,3,1714.0,DEV,50,False,55,UP50_NIKKEIOFF_TESTA55
2022-12-28,7532.T,,10,57.928872317067594,65.0,51.838315906569264,29.061183756542246,19.100500336888413,True,487.9347839355469,529.0,468.0,LOSS,-4.085542697890572,1,468.0,DEV,50,False,55,UP50_NIKKEIOFF_TESTA55
2022-12-29,8725.T,,1,80.29732754666867,95.0,55.29437702032982,29.91601422813946,14.789608751530661,True,1185.1563720703125,1255.0,1150.0,TIMEOUT_LOSS,-1.5490687264060723,5,1166.7974853515625,DEV,50,False,55,UP50_NIKKEIOFF_TESTA55
2022-12-29,3659.T,,2,71.49958176533386,100.0,51.73076574145977,31.58923016224811,16.680004096292063,True,2513.8583984375,2698.0,2422.0,TIMEOUT_LOSS,-0.6611397522561457,5,2497.23828125,DEV,50,False,55,UP50_NIKKEIOFF_TESTA55
2022-12-29,8306.T,三菱UFJ,3,71.38044550169312,95.0,50.86977959907991,34.12257793939973,15.007642461520303,True,774.2227172851562,831.0,746.0,HOLD,1.3386346642238605,5,784.5867309570312,DEV,50,False,55,UP50_NIKKEIOFF_TESTA55
2022-12-29,8309.T,,4,67.02447896385337,85.0,53.75044884228463,30.647801402938818,15.601749754776502,True,490.4980773925781,521.0,475.0,TIMEOUT_LOSS,-0.4152957811973776,5,488.4610595703125,DEV,50,False,55,UP50_NIKKEIOFF_TESTA55
2022-12-29,8304.T,,5,67.01124243632849,85.0,53.48571829178712,31.542134734304767,14.972146973908043,True,2277.5068359375,2379.0,2227.0,HOLD,0.42751012255983384,5,2287.243408203125,DEV,50,False,55,UP50_NIKKEIOFF_TESTA55
2022-12-29,3099.T,,6,66.9951200079009,85.0,53.16326972323532,32.44068001296604,14.396050263798637,True,647.504150390625,707.0,618.0,TIMEOUT_LOSS,-3.2348613987678796,5,626.5582885742188,DEV,50,False,55,UP50_NIKKEIOFF_TESTA55
2022-12-29,5401.T,,7,66.91722101877866,85.0,51.60528994079072,31.884270765542333,16.51043929366689,True,353.89703369140625,373.0,344.0,LOSS,-2.796585658877361,3,344.0,DEV,50,False,55,UP50_NIKKEIOFF_TESTA55
2022-12-29,8354.T,,8,66.86607755453268,85.0,50.58242065587104,34.27629612553861,15.1412832185903,True,2619.1865234375,2849.0,2504.0,LOSS,-4.397797652315563,5,2504.0,DEV,50,False,55,UP50_NIKKEIOFF_TESTA55
2022-12-29,5406.T,,9,63.982979435238995,85.0,53.79002348738854,30.175288176660263,16.034688335951174,True,531.8825073242188,559.0,518.0,HOLD,1.40406131807913,5,539.3504638671875,DEV,50,False,55,UP50_NIKKEIOFF_TESTA55
2022-12-29,8604.T,,10,55.858506902475774,60.0,55.43100761473286,29.654479472251616,14.914512913015516,True,416.8106384277344,433.0,409.0,TIMEOUT_LOSS,-0.28640250354900565,5,415.61688232421875,DEV,50,False,55,UP50_NIKKEIOFF_TESTA55
2023-01-06,6758.T,,1,49.07732309798844,60.0,50.24211413368188,25.752209318131197,24.005676548186912,False,2068.544189453125,2202.0,2002.0,HOLD,4.56038099522977,5,2162.877685546875,DEV,50,False,55,UP50_NIKKEIOFF_TESTA55
2023-10-04,7453.T,,1,62.19902365791372,55.0,53.3282992452309,33.48573056802772,13.185970186741415,False,859.74462890625,930.0,825.0,HOLD,0.6185052792634077,5,865.0621948242188,VALIDATION,50,False,55,UP50_NIKKEIOFF_TESTA55
2023-10-04,5803.T,フジクラ,2,62.03473973380882,55.0,50.0426207631329,36.11471229520432,13.842666941662785,False,175.9816436767578,192.0,168.0,WIN,9.102288164022733,3,192.0,VALIDATION,50,False,55,UP50_NIKKEIOFF_TESTA55
2023-10-04,8766.T,,3,42.47921830396178,55.0,50.23653999227907,37.025360780037154,12.738099227683788,False,156.2514190673828,166.0,151.0,WIN,6.239035133762946,5,166.0,VALIDATION,50,False,55,UP50_NIKKEIOFF_TESTA55
2024-03-11,9432.T,,1,62.31084513495702,70.0,50.99951139479266,31.772843532347682,17.227645072859676,True,165.33480834960938,173.0,162.0,TIMEOUT_LOSS,-0.8223798662566765,5,163.97512817382812,VALIDATION,50,False,55,UP50_NIKKEIOFF_TESTA55
2024-04-18,7011.T,,1,51.47446599656932,75.0,50.141493844429796,34.256522256011415,15.601983899558775,True,1357.47998046875,1516.0,1278.0,TIMEOUT_LOSS,-4.046247660621721,5,1302.552978515625,VALIDATION,50,False,55,UP50_NIKKEIOFF_TESTA55
2024-04-19,1605.T,,1,64.6810965736226,85.0,50.36106190723439,36.312945637736746,13.325992455028846,True,2184.22216796875,2408.0,2072.0,TIMEOUT_LOSS,-1.4944156277028502,5,2151.580810546875,VALIDATION,50,False,55,UP50_NIKKEIOFF_TESTA55
2024-04-19,6098.T,,2,62.45456541832792,55.0,58.43913445351488,31.550096959299733,10.010768587185384,True,6068.63232421875,6639.0,5784.0,HOLD,8.672896029217867,5,6594.95849609375,VALIDATION,50,False,55,UP50_NIKKEIOFF_TESTA55
2024-04-19,7752.T,,3,56.00719676123394,85.0,50.79610913772221,34.24232314972737,14.961567712550375,True,1267.7342529296875,1356.0,1224.0,TIMEOUT_LOSS,-1.1812393292467156,5,1252.75927734375,VALIDATION,50,False,55,UP50_NIKKEIOFF_TESTA55
2024-04-19,7202.T,,4,53.658406748593464,55.0,56.42900453708668,32.98365149125108,10.58734397166221,True,1727.7291259765625,1842.0,1671.0,HOLD,0.9841978239109787,5,1744.7333984375,VALIDATION,50,False,55,UP50_NIKKEIOFF_TESTA55
2024-04-19,5631.T,,5,51.595191136897,75.0,52.5559966509834,33.800027847986925,13.643975501029654,True,3611.031494140625,3923.0,3455.0,HOLD,0.9919622251286866,5,3646.8515625,VALIDATION,50,False,55,UP50_NIKKEIOFF_TESTA55
2024-04-19,8053.T,,6,51.58232969937823,75.0,52.29876790060802,33.2463810972382,14.454851002153738,True,860.1566162109375,919.0,831.0,WIN,6.841008100161175,4,919.0,VALIDATION,50,False,55,UP50_NIKKEIOFF_TESTA55
2024-04-19,5713.T,,7,51.582077063989786,75.0,52.29371519283909,34.848784785062435,12.857500022098467,True,4783.14892578125,5200.0,4575.0,HOLD,2.8281659786059232,5,4918.42431640625,VALIDATION,50,False,55,UP50_NIKKEIOFF_TESTA55
2024-04-19,8802.T,,8,51.56110367289243,75.0,51.874247370892014,36.67713967966294,11.44861294944505,True,2698.864501953125,2988.0,2554.0,HOLD,0.3395344305769507,5,2708.028076171875,VALIDATION,50,False,55,UP50_NIKKEIOFF_TESTA55
2024-04-19,7011.T,,9,51.54658546378247,75.0,51.583883188692866,35.236011215448535,13.180105595858596,True,1332.958740234375,1493.0,1253.0,TIMEOUT_LOSS,-0.9933699024451267,5,1319.717529296875,VALIDATION,50,False,55,UP50_NIKKEIOFF_TESTA55
2024-04-19,5802.T,,10,51.53810202368416,75.0,51.4142143867266,34.42049998736966,14.165285625903703,True,556.1520385742188,598.0,535.0,TIMEOUT_LOSS,-0.6290609246383476,5,552.6535034179688,VALIDATION,50,False,55,UP50_NIKKEIOFF_TESTA55
2024-04-22,2502.T,,1,46.97059700354404,65.0,50.06411398392435,34.9903925646119,14.945493451463754,True,1694.5330810546875,1797.0,1643.0,TIMEOUT_LOSS,-1.2424635029857836,5,1673.4791259765625,VALIDATION,50,False,55,UP50_NIKKEIOFF_TESTA55
2024-04-22,6305.T,,2,42.5958626344167,55.0,52.56942660137738,32.33403424813916,15.09653915048346,True,4111.08203125,4433.0,3950.0,LOSS,-3.918239286532115,4,3950.0,VALIDATION,50,False,55,UP50_NIKKEIOFF_TESTA55
2024-04-22,8001.T,,3,42.523287072404685,55.0,51.11791536113706,35.40647594605038,13.475608692812555,True,1240.2322998046875,1331.0,1195.0,WIN,7.3186047653819895,5,1331.0,VALIDATION,50,False,55,UP50_NIKKEIOFF_TESTA55
2024-04-22,8252.T,,4,42.501998005664376,55.0,50.692134026331026,34.48201835725704,14.825847616411963,True,2165.060791015625,2288.0,2103.0,HOLD,0.4985403281360844,5,2175.8544921875,VALIDATION,50,False,55,UP50_NIKKEIOFF_TESTA55
2024-07-26,4502.T,,1,56.05324883697834,85.0,51.71715065261034,33.79688956815208,14.4859597792376,True,3831.575927734375,3975.0,3760.0,LOSS,-1.8680545311990753,5,3760.0,VALIDATION,50,False,55,UP50_NIKKEIOFF_TESTA55
2024-07-26,7731.T,,2,55.78299820805584,65.0,52.3990945958993,31.44836990439645,16.15253549970425,True,1571.0390625,1672.0,1520.0,LOSS,-3.248745605267215,5,1520.0,VALIDATION,50,False,55,UP50_NIKKEIOFF_TESTA55
2024-07-26,6841.T,,3,53.929354043120625,55.0,61.84795042763,29.254178226708476,8.897871345661475,True,3567.303466796875,3819.0,3442.0,LOSS,-3.51255417328951,5,3442.0,VALIDATION,50,False,55,UP50_NIKKEIOFF_TESTA55
2024-07-26,3402.T,,4,51.497496489778776,75.0,50.60210370861897,36.493799773622534,12.9040965177585,True,730.1334838867188,772.0,709.0,LOSS,-2.894468525702848,5,709.0,VALIDATION,50,False,55,UP50_NIKKEIOFF_TESTA55
2024-07-26,3861.T,,5,51.42291895294717,55.0,55.197509493726095,31.184893323728343,13.617597182545607,True,572.7911376953125,603.0,557.0,LOSS,-2.75687535230553,5,557.0,VALIDATION,50,False,55,UP50_NIKKEIOFF_TESTA55
2024-07-26,3436.T,,6,48.46227286828178,55.0,56.85415301780951,32.16025559311843,10.985591389072082,True,2286.02880859375,2538.0,2160.0,LOSS,-5.513001766205939,5,2160.0,VALIDATION,50,False,55,UP50_NIKKEIOFF_TESTA55
2024-07-26,6988.T,,7,48.36598258976396,55.0,54.928347447453106,32.93361486208859,12.138037690458315,True,2444.229736328125,2601.0,2366.0,WIN,6.413892333516288,1,2601.0,VALIDATION,50,False,55,UP50_NIKKEIOFF_TESTA55
2024-07-26,2282.T,,8,48.31348844128566,55.0,53.878464477887015,31.051834952756614,15.06970056935642,True,1547.8548583984375,1630.0,1507.0,LOSS,-2.6394502156817174,4,1507.0,VALIDATION,50,False,55,UP50_NIKKEIOFF_TESTA55
2024-07-26,8750.T,,9,47.31302105888574,65.0,56.91259509075818,31.702527680516823,11.38487722872501,True,991.7317504882812,1076.0,950.0,LOSS,-4.207967574672741,5,950.0,VALIDATION,50,False,55,UP50_NIKKEIOFF_TESTA55
2024-07-26,8316.T,,10,47.29905706205323,65.0,56.63331515410799,31.1468263568359,12.2198584890561,True,1598.2384033203125,1711.0,1542.0,LOSS,-3.5187743707996377,5,1542.0,VALIDATION,50,False,55,UP50_NIKKEIOFF_TESTA55
2024-08-02,8308.T,,1,59.03874184906674,55.0,50.99222828568259,38.49427891091153,10.513492803405878,True,983.9251098632812,1096.0,928.0,LOSS,-5.683878712176801,1,928.0,VALIDATION,50,False,55,UP50_NIKKEIOFF_TESTA55
2024-08-02,9766.T,,2,55.90335579265583,65.0,54.80624628789917,35.62767765723519,9.56607605486564,True,11125.8408203125,12092.0,10643.0,LOSS,-4.339814204702401,1,10643.0,VALIDATION,50,False,55,UP50_NIKKEIOFF_TESTA55
2024-08-02,3092.T,,3,55.78874663786898,65.0,52.51406319216213,38.372176212965975,9.113760594871884,True,1292.2855224609375,1388.0,1244.0,LOSS,-3.7364438138242044,1,1244.0,VALIDATION,50,False,55,UP50_NIKKEIOFF_TESTA55
2024-08-02,2802.T,,4,55.69875505246911,65.0,50.714231484164706,37.54334267954383,11.742425836291446,True,2889.31591796875,3102.0,2783.0,LOSS,-3.6796224776795032,1,2783.0,VALIDATION,50,False,55,UP50_NIKKEIOFF_TESTA55
2024-08-02,8252.T,,5,51.34014209242075,55.0,53.54197228319764,35.20413783388337,11.253889882918958,True,2041.8311767578125,2159.0,1983.0,LOSS,-2.881294860588302,1,1983.0,VALIDATION,50,False,55,UP50_NIKKEIOFF_TESTA55
2024-08-02,4188.T,,6,51.324313518692804,55.0,53.22540080863857,37.240835716817486,9.533763474543978,True,789.5475463867188,861.0,754.0,LOSS,-4.502267982390466,1,754.0,VALIDATION,50,False,55,UP50_NIKKEIOFF_TESTA55
2024-08-05,2802.T,,1,62.286652609165955,55.0,55.080878270275704,38.639191244546915,6.279930485177372,True,2742.714599609375,3002.0,2613.0,LOSS,-4.72942389367998,1,2613.0,VALIDATION,50,False,55,UP50_NIKKEIOFF_TESTA55
2024-08-05,3092.T,,2,51.47442132424628,55.0,56.227556919708256,37.8691677793055,5.903275300986258,True,1234.6025390625,1340.0,1182.0,WIN,8.536954817664148,2,1340.0,VALIDATION,50,False,55,UP50_NIKKEIOFF_TESTA55
2025-04-03,8630.T,,1,64.67025351243325,85.0,50.14420068344759,35.61074627131852,14.245053045233913,False,4345.20068359375,4720.0,4158.0,LOSS,-4.308217208483992,1,4158.0,VALIDATION,50,False,55,UP50_NIKKEIOFF_TESTA55
2025-04-03,8801.T,,2,54.94476798333237,65.0,53.02579444925609,35.756422805853234,11.217782744890663,False,1291.457763671875,1403.0,1236.0,LOSS,-4.294198790845268,2,1236.0,VALIDATION,50,False,55,UP50_NIKKEIOFF_TESTA55
2025-04-03,8058.T,三菱商事,3,53.795554260558326,75.0,53.08499825464483,33.91742241865951,12.997579326695696,False,2561.115966796875,2769.0,2457.0,LOSS,-4.06525780740379,1,2457.0,VALIDATION,50,False,55,UP50_NIKKEIOFF_TESTA55
2025-04-03,4042.T,,4,53.71435452382582,55.0,57.547960041733795,30.654061209425137,11.79797874884109,False,1865.3939208984375,1973.0,1811.0,LOSS,-2.9159482235387326,1,1811.0,VALIDATION,50,False,55,UP50_NIKKEIOFF_TESTA55
2025-04-03,8253.T,,5,51.633461248634504,55.0,59.40835540747269,30.259566471529332,10.332078120997991,False,3253.3642578125,3523.0,3119.0,LOSS,-4.13000965046699,1,3119.0,VALIDATION,50,False,55,UP50_NIKKEIOFF_TESTA55
2025-04-03,8795.T,,6,51.56533920463629,55.0,58.04591452750838,30.686887111841493,11.267198360650141,False,2845.28125,3136.0,2700.0,LOSS,-5.106041801667234,1,2700.0,VALIDATION,50,False,55,UP50_NIKKEIOFF_TESTA55
2025-04-03,3402.T,,7,51.53233268330278,55.0,57.385784100838265,31.127111211711906,11.48710468744983,False,950.39111328125,1035.0,908.0,LOSS,-4.460386117762989,1,908.0,VALIDATION,50,False,55,UP50_NIKKEIOFF_TESTA55
2025-04-03,6701.T,,8,51.51662662884402,75.0,50.98470648992382,35.97677312203113,13.03852038804503,False,3056.601806640625,3322.0,2924.0,LOSS,-4.338210045958251,1,2924.0,VALIDATION,50,False,55,UP50_NIKKEIOFF_TESTA55
2025-04-03,8804.T,,9,51.51635472101208,75.0,50.979268333284956,35.094482057108465,13.926249609606609,False,2365.3994140625,2548.0,2274.0,LOSS,-3.8640160946655664,2,2274.0,VALIDATION,50,False,55,UP50_NIKKEIOFF_TESTA55
2025-04-03,8802.T,,10,48.50025815756209,75.0,51.5269022816765,38.36259947100738,10.110498247316112,False,2373.447998046875,2572.0,2274.0,LOSS,-4.190022200979813,2,2274.0,VALIDATION,50,False,55,UP50_NIKKEIOFF_TESTA55
2025-04-04,8801.T,,1,68.14040353073378,75.0,53.025461919023506,37.65216740171878,9.322370679257713,False,1326.2705078125,1448.0,1266.0,LOSS,-4.544360102820041,1,1266.0,VALIDATION,50,False,55,UP50_NIKKEIOFF_TESTA55
2025-04-04,8802.T,,2,57.40696442754391,75.0,55.747984203052106,34.590306474316534,9.661709322631355,False,2363.141357421875,2570.0,2260.0,LOSS,-4.364586870689763,1,2260.0,VALIDATION,50,False,55,UP50_NIKKEIOFF_TESTA55
2025-04-04,3289.T,,3,57.285676500231276,75.0,53.32222565679948,38.076702496336004,8.601071846864487,False,940.2927856445312,1012.0,905.0,LOSS,-3.753382582887683,1,905.0,VALIDATION,50,False,55,UP50_NIKKEIOFF_TESTA55
2025-04-04,9147.T,,4,53.812378943978175,55.0,59.50844844478088,32.71901362859126,7.772537926627851,False,2448.663330078125,2616.0,2365.0,LOSS,-3.4166938774492817,1,2365.0,VALIDATION,50,False,55,UP50_NIKKEIOFF_TESTA55
2025-04-04,8630.T,,5,51.99145527324617,55.0,66.56823589970591,24.70914571891076,8.722618381383318,False,4152.69775390625,4558.0,3950.0,LOSS,-4.881110206385274,1,3950.0,VALIDATION,50,False,55,UP50_NIKKEIOFF_TESTA55
2025-04-04,8804.T,,6,51.76715499263126,55.0,62.08223028740789,27.986608798120578,9.931160914471526,False,2333.639404296875,2526.0,2238.0,LOSS,-4.098294026094025,1,2238.0,VALIDATION,50,False,55,UP50_NIKKEIOFF_TESTA55
2025-04-04,3861.T,,7,51.222933436774255,55.0,51.19779917026776,39.95889079438899,8.843310035343247,False,570.7188110351562,601.0,556.0,LOSS,-2.578995251349718,1,556.0,VALIDATION,50,False,55,UP50_NIKKEIOFF_TESTA55
2025-04-04,8830.T,,8,48.95590591337674,55.0,66.72681391970876,24.8220797945147,8.451106285776506,False,2622.273681640625,2914.0,2477.0,LOSS,-5.539989309953892,1,2477.0,VALIDATION,50,False,55,UP50_NIKKEIOFF_TESTA55
2025-04-04,4568.T,,9,47.25186574439134,55.0,58.732967061739735,32.58896732552689,8.678065612733377,False,3467.8251953125,3854.0,3275.0,LOSS,-5.56040701166668,1,3275.0,VALIDATION,50,False,55,UP50_NIKKEIOFF_TESTA55
2025-04-04,1332.T,,10,47.1995561649184,65.0,54.643297211411415,35.180037033249725,10.17666575533886,False,828.5355834960938,876.0,805.0,LOSS,-2.840624345520908,1,805.0,VALIDATION,50,False,55,UP50_NIKKEIOFF_TESTA55
2025-04-07,4502.T,,1,51.314244765782746,55.0,53.02402575043747,34.522527566406715,12.453446683155821,False,3952.440673828125,4238.0,3810.0,LOSS,-3.603866207817472,2,3810.0,VALIDATION,50,False,55,UP50_NIKKEIOFF_TESTA55
2025-04-07,1925.T,,2,51.1811269864233,55.0,50.36167016324862,37.84467628926315,11.793653547488235,False,2208.384521484375,2366.0,2129.0,HOLD,5.137922621118489,5,2321.849609375,VALIDATION,50,False,55,UP50_NIKKEIOFF_TESTA55
2025-04-07,8802.T,,3,44.99008814664879,55.0,56.97567597645394,30.344475369727242,12.679848653818798,False,2194.80126953125,2438.0,2073.0,WIN,11.080672033723156,3,2438.0,VALIDATION,50,False,55,UP50_NIKKEIOFF_TESTA55
2025-04-07,9602.T,,4,42.61321867751158,55.0,52.91654746327503,34.94374616323347,12.139706373491482,False,1399.879638671875,1523.0,1338.0,WIN,8.795067656311831,3,1523.0,VALIDATION,50,False,55,UP50_NIKKEIOFF_TESTA55
2026-01-20,2269.T,,1,84.47765326064271,100.0,50.42263043024576,25.15765555075134,24.4197140190029,True,3623.312744140625,3793.0,3538.0,LOSS,-2.354550936255419,1,3538.0,VALIDATION,50,False,55,UP50_NIKKEIOFF_TESTA55
2026-01-20,4043.T,,2,82.29019369955006,95.0,51.673439208392416,24.68232207081759,23.644238720789996,True,4189.13330078125,4424.0,4072.0,HOLD,4.399170332933341,5,4373.42041015625,VALIDATION,50,False,55,UP50_NIKKEIOFF_TESTA55
2026-01-20,5411.T,,3,77.72938380406609,85.0,50.45724129871303,25.28009660999787,24.26266209128909,True,2082.379150390625,2189.0,2029.0,LOSS,-2.5633732637311426,1,2029.0,VALIDATION,50,False,55,UP50_NIKKEIOFF_TESTA55
2026-01-20,9202.T,,4,75.8062548701477,100.0,50.907706098606134,25.334638279897803,23.757655621496067,True,2998.502685546875,3120.0,2938.0,LOSS,-2.017763260260024,1,2938.0,VALIDATION,50,False,55,UP50_NIKKEIOFF_TESTA55
2026-01-20,2282.T,,5,71.31069983770317,90.0,50.996605449715695,24.300715544778203,24.7026790055061,True,2351.8681640625,2480.0,2288.0,LOSS,-2.7156353846032473,2,2288.0,VALIDATION,50,False,55,UP50_NIKKEIOFF_TESTA55
2026-01-20,5332.T,,6,71.27550422086189,90.0,50.29269311288993,25.01416551233956,24.693141374770505,True,4738.37060546875,5026.0,4595.0,LOSS,-3.0257364272705907,1,4595.0,VALIDATION,50,False,55,UP50_NIKKEIOFF_TESTA55
2026-01-20,1802.T,,7,69.13872469963124,85.0,52.55710268827701,24.050082845775208,23.392814465947765,True,3520.3984375,3730.0,3416.0,TIMEOUT_LOSS,-1.2987088641866267,5,3474.6787109375,VALIDATION,50,False,55,UP50_NIKKEIOFF_TESTA55
2026-01-20,9532.T,,8,69.12852457552947,85.0,52.353100206241635,24.596418256601424,23.05048153715694,True,5461.76904296875,5731.0,5327.0,HOLD,2.816157375177939,5,5615.5810546875,VALIDATION,50,False,55,UP50_NIKKEIOFF_TESTA55
2026-01-20,8354.T,,9,69.11374708992655,85.0,52.057550494183204,23.87640541667495,24.06604408914185,True,5408.185546875,5701.0,5262.0,LOSS,-2.7030423717520207,1,5262.0,VALIDATION,50,False,55,UP50_NIKKEIOFF_TESTA55
2026-01-20,4042.T,,10,69.08658539608987,85.0,51.51431661744964,24.78630058569175,23.699382796858607,True,2433.625244140625,2556.0,2372.0,HOLD,0.09867448545258592,5,2436.026611328125,VALIDATION,50,False,55,UP50_NIKKEIOFF_TESTA55
2026-01-26,1332.T,,1,84.67231603335435,100.0,54.31588588447841,23.620752780682707,22.063361334838934,True,1214.62939453125,1286.0,1179.0,WIN,5.875916208687948,5,1286.0,VALIDATION,50,False,55,UP50_NIKKEIOFF_TESTA55
2026-01-26,2871.T,,2,82.27638918578538,95.0,51.39734893309891,26.197342242824167,22.40530882407694,True,1863.5736083984375,1979.0,1806.0,HOLD,0.36687770753999227,5,1870.41064453125,VALIDATION,50,False,55,UP50_NIKKEIOFF_TESTA55
2026-01-26,4578.T,,3,77.73300318657229,85.0,50.52962894883729,26.333876545384864,23.136494505777847,True,9374.162109375,10055.0,9034.0,LOSS,-3.6287201501967568,1,9034.0,VALIDATION,50,False,55,UP50_NIKKEIOFF_TESTA55
2026-01-26,9531.T,,4,73.77124051324128,95.0,55.207418960477874,23.821963255945874,20.970617783576298,True,6588.18603515625,6988.0,6388.0,HOLD,4.668164524196773,5,6895.7333984375,VALIDATION,50,False,55,UP50_NIKKEIOFF_TESTA55
2026-01-26,7731.T,,5,71.11465537684647,75.0,51.640933623886035,26.646789010799143,21.71227736531484,True,1891.7274169921875,2044.0,1815.0,HOLD,0.8087678213975309,5,1907.027099609375,VALIDATION,50,False,55,UP50_NIKKEIOFF_TESTA55
2026-01-26,9532.T,,6,69.34721017764426,85.0,56.726812248537186,23.282514004194326,19.990673747268524,True,5632.2353515625,5900.0,5498.0,HOLD,2.104714612748983,5,5750.77783203125,VALIDATION,50,False,55,UP50_NIKKEIOFF_TESTA55
2026-01-26,4043.T,,7,69.28178958797619,85.0,55.418400455176034,23.029393313154316,21.552206231669686,True,4340.4423828125,4607.0,4207.0,LOSS,-3.0743959035353585,4,4207.0,VALIDATION,50,False,55,UP50_NIKKEIOFF_TESTA55
2026-01-26,4151.T,,8,69.27216297848747,85.0,55.225868265401616,24.04946113638813,20.724670598210288,True,2575.634765625,2707.0,2510.0,LOSS,-2.548294754402927,2,2510.0,VALIDATION,50,False,55,UP50_NIKKEIOFF_TESTA55
2026-01-26,2269.T,,9,69.25604465941447,85.0,54.90350188394173,24.79491761317777,20.301580502880554,True,3599.936767578125,3782.0,3509.0,LOSS,-2.526065690851097,3,3509.0,VALIDATION,50,False,55,UP50_NIKKEIOFF_TESTA55
2026-01-26,4183.T,,10,69.23474918886664,85.0,54.47759247298514,23.99929297762026,21.52311454939465,True,2152.869140625,2287.0,2086.0,TIMEOUT_LOSS,-0.04474860492311768,5,2151.90576171875,VALIDATION,50,False,55,UP50_NIKKEIOFF_TESTA55
2026-01-27,4043.T,,1,71.18816426945189,85.0,50.06763321512471,23.67682573995364,26.25554104492168,True,4373.42041015625,4645.0,4238.0,LOSS,-3.096441628199467,2,4238.0,VALIDATION,50,False,55,UP50_NIKKEIOFF_TESTA55
2026-01-28,1605.T,,1,77.95025034079603,100.0,50.30935464200733,25.929465032049464,23.761180325943215,True,3298.93310546875,3516.0,3190.0,WIN,6.579911977342344,5,3516.0,VALIDATION,50,False,55,UP50_NIKKEIOFF_TESTA55
2026-01-28,7741.T,,2,73.52988099049362,95.0,50.38022850552466,27.183213985766553,22.436557508708795,True,25231.77734375,27134.0,24281.0,WIN,7.538995887347537,4,27134.0,VALIDATION,50,False,55,UP50_NIKKEIOFF_TESTA55
2026-01-28,9532.T,,3,71.51984878590886,85.0,56.70132354426395,23.737248406152382,19.56142804958368,True,5641.052734375,5913.0,5505.0,WIN,4.820860191003522,4,5913.0,VALIDATION,50,False,55,UP50_NIKKEIOFF_TESTA55
2026-01-28,4043.T,,4,71.4058763887596,85.0,54.42187560127888,24.265947219924755,21.312177178796368,True,4301.64501953125,4574.0,4166.0,LOSS,-3.1533289919406515,2,4166.0,VALIDATION,50,False,55,UP50_NIKKEIOFF_TESTA55
2026-01-28,9531.T,,5,71.39240860346604,85.0,54.15251989540744,24.17758376305838,21.669896341534205,True,6538.07470703125,6947.0,6333.0,WIN,6.2545215723671514,3,6947.0,VALIDATION,50,False,55,UP50_NIKKEIOFF_TESTA55
2026-01-28,1332.T,,6,71.35842051227198,85.0,53.47275807152641,27.45585038745915,19.071391541014464,True,1236.0411376953125,1316.0,1196.0,WIN,6.46894831136256,5,1316.0,VALIDATION,50,False,55,UP50_NIKKEIOFF_TESTA55
2026-01-28,5201.T,,7,71.33478291291777,85.0,53.000006084442184,28.329790988338083,18.670202927219755,True,5511.80419921875,5818.0,5359.0,WIN,5.5552735495330285,5,5818.0,VALIDATION,50,False,55,UP50_NIKKEIOFF_TESTA55
2026-01-28,4183.T,,8,71.3188371428243,85.0,52.68109068257269,26.567167617485698,20.75174169994164,True,2143.71826171875,2277.0,2077.0,WIN,6.217315990693193,5,2277.0,VALIDATION,50,False,55,UP50_NIKKEIOFF_TESTA55
2026-01-28,6301.T,,9,71.31580124567569,85.0,52.62037273960078,27.112238415074085,20.267388845325147,True,5493.1259765625,5846.0,5316.0,WIN,6.423920094734879,3,5846.0,VALIDATION,50,False,55,UP50_NIKKEIOFF_TESTA55
2026-01-28,4507.T,,10,71.25983680936454,85.0,51.50108401337771,24.842835076900325,23.656080909721975,True,3005.07421875,3242.0,2887.0,WIN,7.884190672287368,4,3242.0,VALIDATION,50,False,55,UP50_NIKKEIOFF_TESTA55
2026-01-29,6301.T,,1,84.54473402439498,100.0,51.764245705291046,25.661067908149192,22.574686386559787,True,5660.439453125,6033.0,5474.0,WIN,6.581830791765077,2,6033.0,VALIDATION,50,False,55,UP50_NIKKEIOFF_TESTA55
2026-01-29,1605.T,,2,75.76378960728043,100.0,50.0584008412607,26.35136816826831,23.590230990470985,True,3376.613037109375,3609.0,3260.0,HOLD,3.6109478058338293,5,3498.540771484375,VALIDATION,50,False,55,UP50_NIKKEIOFF_TESTA55
2026-01-29,5019.T,,3,73.7562581703712,100.0,53.38603297264144,24.75242419702314,21.861542830335416,True,1264.226806640625,1343.0,1225.0,WIN,6.230938384283718,4,1343.0,VALIDATION,50,False,55,UP50_NIKKEIOFF_TESTA55
2026-01-29,5201.T,,4,71.45443402621098,90.0,53.87128921987161,27.20128258913917,18.927428190989247,True,5607.37890625,5932.0,5445.0,WIN,5.789177067884185,4,5932.0,VALIDATION,50,False,55,UP50_NIKKEIOFF_TESTA55
2026-01-29,1963.T,,5,71.34276151232409,95.0,50.11609981169912,25.651366930681284,24.232533257619586,True,2080.51611328125,2270.0,1986.0,HOLD,1.407790425349404,5,2109.805419921875,VALIDATION,50,False,55,UP50_NIKKEIOFF_TESTA55
2026-01-29,9532.T,,6,69.26152047945709,85.0,55.013018284793894,23.34559702421564,21.64138469099048,True,5644.97119140625,5930.0,5502.0,WIN,5.049251784095374,3,5930.0,VALIDATION,50,False,55,UP50_NIKKEIOFF_TESTA55
2026-01-29,9531.T,,7,69.21479324828508,85.0,54.07847366135389,26.958110947543585,18.963415391102558,True,6601.9423828125,7020.0,6393.0,WIN,6.332342709864773,3,7020.0,VALIDATION,50,False,55,UP50_NIKKEIOFF_TESTA55
2026-01-29,4183.T,,8,69.16482949598142,85.0,53.07919861528061,26.62287969387016,20.297921690849254,True,2158.648681640625,2298.0,2089.0,WIN,6.455488544502972,4,2298.0,VALIDATION,50,False,55,UP50_NIKKEIOFF_TESTA55
2026-01-29,3401.T,,9,69.10778680787216,85.0,51.93834485309543,27.82849708613078,20.233158060773793,True,1421.8724365234375,1507.0,1379.0,WIN,5.987004269152615,4,1507.0,VALIDATION,50,False,55,UP50_NIKKEIOFF_TESTA55
2026-01-29,1332.T,,10,69.08151403256207,85.0,51.41288934689371,30.236937947233166,18.350172705873124,True,1241.8807373046875,1322.0,1202.0,WIN,6.45144580221118,4,1322.0,VALIDATION,50,False,55,UP50_NIKKEIOFF_TESTA55
2026-01-30,1963.T,,1,84.73798977079257,100.0,55.62936063324274,24.894306164747288,19.476333202009968,True,2111.269775390625,2306.0,2014.0,HOLD,3.4913314556218653,5,2184.981201171875,VALIDATION,50,False,55,UP50_NIKKEIOFF_TESTA55
2026-01-30,9531.T,,2,84.72956026651897,100.0,55.46077054777094,25.328079478148553,19.211149974080527,True,6726.7294921875,7185.0,6498.0,WIN,6.812679301951127,4,7185.0,VALIDATION,50,False,55,UP50_NIKKEIOFF_TESTA55
2026-01-30,5020.T,,3,84.68182730554463,100.0,54.506111328284135,24.500324023210677,20.9935646485052,True,1267.8419189453125,1354.0,1225.0,WIN,6.79564855580421,4,1354.0,VALIDATION,50,False,55,UP50_NIKKEIOFF_TESTA55
2026-01-30,6301.T,,4,84.61187199521953,100.0,53.10700512178198,25.696667076808065,21.19632780140997,True,5767.4423828125,6181.0,5561.0,WIN,7.170554809874462,2,6181.0,VALIDATION,50,False,55,UP50_NIKKEIOFF_TESTA55
2026-01-30,4507.T,,5,84.58398083988284,100.0,52.54918201504821,27.51690065496034,19.933917329991456,True,3098.799560546875,3360.0,2968.0,WIN,8.42908469391381,4,3360.0,VALIDATION,50,False,55,UP50_NIKKEIOFF_TESTA55
2026-01-30,4519.T,,6,84.49734590197855,100.0,50.81648325696237,27.515861581094576,21.66765516194305,True,8722.86328125,9453.0,8358.0,TIMEOUT_LOSS,-2.1929282466649918,5,8531.5771484375,VALIDATION,50,False,55,UP50_NIKKEIOFF_TESTA55
2026-01-30,7741.T,,7,82.43601411936412,95.0,54.58984760467368,25.0904083204542,20.319744074872133,True,25708.787109375,27937.0,24594.0,HOLD,2.222648673365951,5,26280.203125,VALIDATION,50,False,55,UP50_NIKKEIOFF_TESTA55
2026-01-30,4183.T,,8,76.15311036838357,100.0,57.844816063323556,23.75755364616829,18.397630290508154,True,2173.097412109375,2310.0,2105.0,WIN,6.299882698665443,3,2310.0,VALIDATION,50,False,55,UP50_NIKKEIOFF_TESTA55
2026-01-30,5019.T,,9,76.1460399471245,100.0,57.70340763814242,23.942083090471325,18.35450927138626,True,1277.4263916015625,1358.0,1237.0,WIN,6.3074952050598405,3,1358.0,VALIDATION,50,False,55,UP50_NIKKEIOFF_TESTA55
2026-01-30,9532.T,,10,76.13490790534765,100.0,57.48076680260503,23.21109644605235,19.30813675134265,True,5676.3212890625,5961.0,5534.0,WIN,5.015197280781783,2,5961.0,VALIDATION,50,False,55,UP50_NIKKEIOFF_TESTA55
2026-02-02,9532.T,,1,84.88441589131735,100.0,58.55788304373826,23.429083557348456,18.01303339891333,True,5750.77783203125,6075.0,5589.0,WIN,5.637883733968392,1,6075.0,VALIDATION,50,False,55,UP50_NIKKEIOFF_TESTA55
2026-02-02,6301.T,,2,84.65983043592772,100.0,54.06617393594573,25.88803352052157,20.045792543532723,True,6043.70361328125,6506.0,5813.0,WIN,7.649223328934224,1,6506.0,VALIDATION,50,False,55,UP50_NIKKEIOFF_TESTA55
2026-02-02,2282.T,,3,82.59540525752445,95.0,57.777670367880226,23.268767226381645,18.95356240573815,True,2333.949951171875,2464.0,2269.0,LOSS,-2.782833930918856,1,2269.0,VALIDATION,50,False,55,UP50_NIKKEIOFF_TESTA55
2026-02-02,7741.T,,4,82.4022606221872,95.0,53.91477766113538,26.641470340487995,19.443751998376648,True,25654.12890625,28108.0,24427.0,HOLD,6.0817375736148716,5,27214.345703125,VALIDATION,50,False,55,UP50_NIKKEIOFF_TESTA55
2026-02-02,8233.T,,5,73.62976301465972,100.0,50.856129858411805,25.91591865805804,23.22795148353017,True,1969.732177734375,2100.0,1905.0,WIN,6.613478915466652,1,2100.0,VALIDATION,50,False,55,UP50_NIKKEIOFF_TESTA55
2026-02-02,5802.T,,6,73.54815070273018,95.0,50.74562275025586,27.513089394507205,21.74128785523696,True,1667.8099365234375,1880.0,1562.0,WIN,12.7226765370444,1,1880.0,VALIDATION,50,False,55,UP50_NIKKEIOFF_TESTA55
2026-02-02,4502.T,,7,71.74687723556745,90.0,59.72015340700122,23.344886590552065,16.93496000244672,True,5160.21484375,5442.0,5019.0,WIN,5.460725275640322,5,5442.0,VALIDATION,50,False,55,UP50_NIKKEIOFF_TESTA55
2026-02-02,5201.T,,8,71.63410164397408,90.0,57.464641575133804,26.85965389241609,15.675704532450144,True,5623.14404296875,5945.0,5462.0,WIN,5.72377222727742,2,5945.0,VALIDATION,50,False,55,UP50_NIKKEIOFF_TESTA55
2026-02-02,9531.T,,9,71.5142742390583,90.0,55.068093476818056,24.68244135857944,20.24946516460255,True,6895.7333984375,7374.0,6657.0,WIN,6.935688692240773,5,7374.0,VALIDATION,50,False,55,UP50_NIKKEIOFF_TESTA55
2026-02-02,6305.T,,10,71.41551516680717,95.0,51.57117290136082,28.1975399519152,20.231287146724,True,5043.65087890625,5416.0,4858.0,WIN,7.382531623094746,2,5416.0,VALIDATION,50,False,55,UP50_NIKKEIOFF_TESTA55
2026-02-03,9107.T,,1,75.7801870488361,95.0,51.90808880280887,25.312408008043903,22.779503189147228,True,2216.328369140625,2337.0,2156.0,HOLD,0.997402424587311,5,2238.43408203125,VALIDATION,50,False,55,UP50_NIKKEIOFF_TESTA55
2026-02-03,4042.T,,2,75.77194003742416,100.0,50.22140944413529,23.87272468782055,25.905865868044202,True,2515.7548828125,2649.0,2449.0,LOSS,-2.6534732484697026,2,2449.0,VALIDATION,50,False,55,UP50_NIKKEIOFF_TESTA55
2026-02-03,4502.T,,3,73.52020366368009,90.0,51.708421099688564,26.582494165352188,21.709084734959248,True,5234.5947265625,5522.0,5091.0,HOLD,2.9894827176098016,5,5391.08203125,VALIDATION,50,False,55,UP50_NIKKEIOFF_TESTA55
2026-02-03,3086.T,,4,73.46461908835289,90.0,50.59672959314463,28.416231936739177,20.98703847011621,True,2300.668212890625,2422.0,2240.0,WIN,5.273762919379422,2,2422.0,VALIDATION,50,False,55,UP50_NIKKEIOFF_TESTA55
2026-02-03,9147.T,,5,73.43825516276496,90.0,50.06945108138604,26.143485883662777,23.787063034951178,True,3545.50927734375,3718.0,3459.0,WIN,4.865047844000505,4,3718.0,VALIDATION,50,False,55,UP50_NIKKEIOFF_TESTA55
2026-02-03,9735.T,,6,64.86921237707489,95.0,51.07989971541086,25.130917568236335,23.789182716352855,True,5759.3369140625,6050.0,5614.0,WIN,5.046815115604569,4,6050.0,VALIDATION,50,False,55,UP50_NIKKEIOFF_TESTA55
2026-02-03,8309.T,,7,62.616284479909424,90.0,51.02134177210148,26.829971264604126,22.148686963294395,True,1257.5576171875,1333.0,1220.0,WIN,5.999119386770145,4,1333.0,VALIDATION,50,False,55,UP50_NIKKEIOFF_TESTA55
2026-02-03,3861.T,,8,62.61304361351414,90.0,50.956524444195686,26.842237178512327,22.20123837729201,True,898.7462768554688,939.0,879.0,LOSS,-2.1970913664929967,3,879.0,VALIDATION,50,False,55,UP50_NIKKEIOFF_TESTA55
2026-02-03,2269.T,,9,62.576940609002605,90.0,50.23446435396524,26.721612183484368,23.043923462550413,True,3647.663330078125,3839.0,3552.0,HOLD,2.2429812964193623,5,3729.479736328125,VALIDATION,50,False,55,UP50_NIKKEIOFF_TESTA55
2026-02-03,1721.T,,10,60.341404597135536,85.0,50.52374411662387,26.513909641927214,22.962346241448923,True,4814.111328125,5080.0,4681.0,WIN,5.5231101599505035,3,5080.0,VALIDATION,50,False,55,UP50_NIKKEIOFF_TESTA55
2026-02-04,9107.T,,1,86.87152110133113,100.0,54.8217263744488,24.64073876160942,20.537534863941804,True,2239.395263671875,2365.0,2176.0,HOLD,0.5150250807762236,5,2250.9287109375,VALIDATION,50,False,55,UP50_NIKKEIOFF_TESTA55
2026-02-04,3086.T,,2,86.8472304580226,100.0,54.33591350827801,25.57524805700443,20.08883843471758,True,2364.439453125,2493.0,2300.0,WIN,5.437252652212593,1,2493.0,VALIDATION,50,False,55,UP50_NIKKEIOFF_TESTA55
2026-02-04,4042.T,,3,86.77779164736947,100.0,52.94713729521546,26.0375453034867,21.015317401297857,True,2632.465087890625,2781.0,2558.0,LOSS,-2.82872081507046,1,2558.0,VALIDATION,50,False,55,UP50_NIKKEIOFF_TESTA55
2026-02-04,9101.T,,4,84.5555758020516,95.0,53.502820388858275,26.019453976073255,20.4777256350685,True,5021.54833984375,5304.0,4880.0,LOSS,-2.818818624539108,1,4880.0,VALIDATION,50,False,55,UP50_NIKKEIOFF_TESTA55
2026-02-04,9202.T,,5,82.30913753251079,90.0,53.57405499804192,26.25333358871821,20.1726114132399,True,3137.9677734375,3301.0,3056.0,HOLD,2.0678954426304097,5,3202.857666015625,VALIDATION,50,False,55,UP50_NIKKEIOFF_TESTA55
2026-02-04,9022.T,,6,79.99401721198132,85.0,52.27164858745238,26.890339970799438,20.8380114417482,True,4586.88623046875,4897.0,4432.0,HOLD,0.8866777241462931,5,4627.55712890625,VALIDATION,50,False,55,UP50_NIKKEIOFF_TESTA55
2026-02-04,5301.T,,7,78.15646443869566,100.0,54.43363660000021,24.69434555824536,20.87201784175445,True,1098.6429443359375,1166.0,1065.0,LOSS,-3.0622273150147614,2,1065.0,VALIDATION,50,False,55,UP50_NIKKEIOFF_TESTA55
2026-02-04,8354.T,,8,78.09987100228813,100.0,53.30176787184923,24.337604181862815,22.360627946287977,True,5884.462890625,6265.0,5694.0,WIN,6.466811269746701,1,6265.0,VALIDATION,50,False,55,UP50_NIKKEIOFF_TESTA55
2026-02-04,7186.T,,9,77.98307946657565,100.0,50.96593715759982,25.19516647158043,23.838896370819775,True,1452.181884765625,1553.0,1402.0,WIN,6.942526710464134,3,1553.0,VALIDATION,50,False,55,UP50_NIKKEIOFF_TESTA55
2026-02-04,4208.T,,10,75.99234735964838,100.0,54.62955588861965,23.742318983283564,21.628125128096816,True,2674.761474609375,2830.0,2597.0,LOSS,-2.9072302464178184,1,2597.0,VALIDATION,50,False,55,UP50_NIKKEIOFF_TESTA55
2026-02-05,9201.T,,1,86.7484346136186,100.0,52.35999662019789,26.103148689226025,21.536854690576117,True,3006.998291015625,3166.0,2928.0,TIMEOUT_LOSS,-0.16066849264796923,5,3002.1669921875,VALIDATION,50,False,55,UP50_NIKKEIOFF_TESTA55
2026-02-05,9021.T,,2,86.72253530963584,100.0,51.84201054054288,25.765113284394904,22.392876175062238,True,3368.97705078125,3536.0,3286.0,LOSS,-2.4629746516678708,5,3286.0,VALIDATION,50,False,55,UP50_NIKKEIOFF_TESTA55
2026-02-05,7186.T,,3,86.6719749464378,100.0,50.83080327658216,23.788608198318535,25.38058852509933,True,1498.9166259765625,1603.0,1447.0,LOSS,-3.4636099884967373,1,1447.0,VALIDATION,50,False,55,UP50_NIKKEIOFF_TESTA55
2026-02-05,6472.T,,4,86.66135116107033,100.0,50.618327569232726,26.01974668074681,23.3619257500205,True,374.8567199707031,404.0,360.0,WIN,7.774511827232165,2,404.0,VALIDATION,50,False,55,UP50_NIKKEIOFF_TESTA55
2026-02-05,9001.T,,5,86.65186688922347,100.0,50.42864213229563,24.482088879947966,25.089268987756423,True,2865.47412109375,3005.0,2796.0,HOLD,2.3975498982617505,5,2934.17529296875,VALIDATION,50,False,55,UP50_NIKKEIOFF_TESTA55
2026-02-05,2801.T,,6,86.6343495990333,100.0,50.07829632849202,27.454467962037022,22.467235709470977,True,1489.268798828125,1587.0,1440.0,LOSS,-3.3082542833700406,1,1440.0,VALIDATION,50,False,55,UP50_NIKKEIOFF_TESTA55
2026-02-05,7951.T,,7,84.40524553730862,95.0,50.49621509399845,26.57137137933603,22.932413526665545,True,1142.1702880859375,1219.0,1104.0,WIN,6.726642490658258,2,1219.0,VALIDATION,50,False,55,UP50_NIKKEIOFF_TESTA55
2026-02-05,9202.T,,8,82.2324558548892,90.0,52.040421445609944,26.558381763701515,21.401196790688573,True,3190.267333984375,3358.0,3106.0,HOLD,1.5482651971499928,5,3239.6611328125,VALIDATION,50,False,55,UP50_NIKKEIOFF_TESTA55
2026-02-05,3861.T,,9,78.13090301440758,100.0,53.922408114238365,24.30392090066812,21.77367098509353,True,915.1428833007812,957.0,894.0,LOSS,-2.3103368541229417,1,894.0,VALIDATION,50,False,55,UP50_NIKKEIOFF_TESTA55
2026-02-05,1928.T,,10,77.99936761523942,100.0,51.29170013087527,26.237866986659547,22.4704328824652,True,3514.206298828125,3666.0,3438.0,WIN,4.319430570211354,4,3666.0,VALIDATION,50,False,55,UP50_NIKKEIOFF_TESTA55
2026-02-06,7186.T,,1,86.8596525456048,100.0,54.58435525992219,24.57846546710389,20.837179272973934,True,1509.1397705078125,1628.0,1450.0,WIN,7.876025257235919,2,1628.0,VALIDATION,50,False,55,UP50_NIKKEIOFF_TESTA55
2026-02-06,1812.T,,2,86.85315336505876,100.0,54.454371649001246,24.061214472076635,21.484413878922144,True,6757.44580078125,7283.0,6495.0,WIN,7.777409019810251,1,7283.0,VALIDATION,50,False,55,UP50_NIKKEIOFF_TESTA55
2026-02-06,5201.T,,3,86.84778843288753,100.0,54.347073005576654,25.577812370450104,20.075114623973278,True,6017.2666015625,6420.0,5816.0,HOLD,4.290152313954585,5,6275.41650390625,VALIDATION,50,False,55,UP50_NIKKEIOFF_TESTA55
2026-02-06,6472.T,,4,86.80479113005586,100.0,53.48712694894311,25.743088157947742,20.76978489310917,True,391.5879211425781,422.0,376.0,HOLD,3.087186718552306,5,403.6769714355469,VALIDATION,50,False,55,UP50_NIKKEIOFF_TESTA55
2026-02-06,1802.T,,5,86.78465372831809,100.0,53.08437891418809,25.35154585302254,21.564075232789392,True,3859.8896484375,4131.0,3724.0,WIN,7.023785036762558,1,4131.0,VALIDATION,50,False,55,UP50_NIKKEIOFF_TESTA55
2026-02-06,7203.T,トヨタ自動車,6,86.7661917207333,100.0,52.715138762492266,26.18562083798434,21.0992403995234,True,3662.18603515625,3964.0,3511.0,TIMEOUT_LOSS,-1.772489562551824,5,3597.274169921875,VALIDATION,50,False,55,UP50_NIKKEIOFF_TESTA55
2026-02-06,1801.T,,7,86.73773202705411,100.0,52.14594488890815,25.722156489017294,22.131898622074583,True,17298.3203125,18953.0,16471.0,TIMEOUT_LOSS,-2.476769104659277,5,16869.880859375,VALIDATION,50,False,55,UP50_NIKKEIOFF_TESTA55
2026-02-06,3086.T,,8,86.69882787480053,100.0,51.36786184383667,26.180114829601152,22.45202332656219,True,2634.731201171875,2816.0,2544.0,TIMEOUT_LOSS,-3.2023769028116473,5,2550.357177734375,VALIDATION,50,False,55,UP50_NIKKEIOFF_TESTA55
2026-02-06,1332.T,,9,86.64756604296481,100.0,50.342625207122346,26.600838027493563,23.056536765384113,True,1386.8966064453125,1503.0,1329.0,WIN,8.371452710686667,3,1503.0,VALIDATION,50,False,55,UP50_NIKKEIOFF_TESTA55
2026-02-06,8354.T,,10,82.25466656700758,90.0,52.484635687977445,25.58118694680857,21.934177365213994,True,6673.7236328125,7199.0,6411.0,TIMEOUT_LOSS,-2.6361767736193706,5,6497.79248046875,VALIDATION,50,False,55,UP50_NIKKEIOFF_TESTA55
2026-02-24,2269.T,,1,62.58321654092171,90.0,50.359982992347355,27.38934259088354,22.250674416769105,True,3802.53076171875,3997.0,3705.0,HOLD,1.5368760756707183,5,3860.970947265625,VALIDATION,50,False,55,UP50_NIKKEIOFF_TESTA55
2026-03-03,9531.T,,1,73.70194726629961,100.0,52.29981489120955,25.94784480243491,21.75234030635557,True,7724.04638671875,8329.0,7422.0,LOSS,-3.9104683166857863,1,7422.0,VALIDATION,50,False,55,UP50_NIKKEIOFF_TESTA55
2026-03-03,2269.T,,2,69.21608304174408,85.0,54.10426953053389,25.985731634832486,19.909998834633665,True,3860.970947265625,4066.0,3759.0,LOSS,-2.6410700483991403,1,3759.0,VALIDATION,50,False,55,UP50_NIKKEIOFF_TESTA55
2026-03-03,9147.T,,3,69.18296099876922,85.0,53.44182867103656,26.835565551397156,19.722605777566276,True,3712.83447265625,3935.0,3602.0,LOSS,-2.9851713959377344,1,3602.0,VALIDATION,50,False,55,UP50_NIKKEIOFF_TESTA55
2026-03-03,2871.T,,4,69.17380544003383,85.0,53.25871749632874,27.786167863075796,18.95511464059547,True,2041.3358154296875,2141.0,1991.0,LOSS,-2.4658272808039743,3,1991.0,VALIDATION,50,False,55,UP50_NIKKEIOFF_TESTA55
2026-03-03,9101.T,,5,69.14202971547988,85.0,52.623203005249806,26.827598165353194,20.54919882939701,True,5355.22509765625,5662.0,5202.0,LOSS,-2.8612260896990116,1,5202.0,VALIDATION,50,False,55,UP50_NIKKEIOFF_TESTA55
2026-03-03,2282.T,,6,69.08749361342139,85.0,51.53248096407985,28.63065578906905,19.836863246851085,True,2313.099609375,2445.0,2247.0,LOSS,-2.8576205325139514,1,2247.0,VALIDATION,50,False,55,UP50_NIKKEIOFF_TESTA55
2026-03-03,9008.T,,7,69.02580415898169,85.0,50.298691875285904,30.649968640300628,19.051339484413454,True,787.9111328125,827.0,768.0,LOSS,-2.52707849696525,1,768.0,VALIDATION,50,False,55,UP50_NIKKEIOFF_TESTA55
2026-03-03,9532.T,,8,62.64764960543492,95.0,50.12690515217666,28.60871727158824,21.2643775762351,True,6512.9765625,6986.0,6277.0,LOSS,-3.6231753674455205,4,6277.0,VALIDATION,50,False,55,UP50_NIKKEIOFF_TESTA55
2026-03-03,8252.T,,9,57.87881621676097,65.0,50.83719390043668,29.868680297234835,19.294125802328505,True,2993.501220703125,3144.0,2918.0,HOLD,1.1497970742447363,5,3027.92041015625,VALIDATION,50,False,55,UP50_NIKKEIOFF_TESTA55
2026-03-03,4502.T,,10,53.76961775264362,75.0,52.56626809635061,28.635757111180187,18.797974792469198,True,5532.11376953125,5846.0,5375.0,LOSS,-2.8400314251773358,1,5375.0,VALIDATION,50,False,55,UP50_NIKKEIOFF_TESTA55
2019-05-31,6701.T,,1,66.90710666751677,85.0,51.403002915552754,30.77351253692347,17.823484547523787,True,724.491455078125,771.0,701.0,LOSS,-3.2424751062925674,2,701.0,DEV,50,False,65,UP50_NIKKEIOFF_TESTA65
2019-05-31,9433.T,,2,66.90363020137504,85.0,51.333473592718256,29.230765442114926,19.435760965166818,True,1090.1092529296875,1140.0,1065.0,LOSS,-2.3033703146914815,3,1065.0,DEV,50,False,65,UP50_NIKKEIOFF_TESTA65
2019-05-31,4661.T,,3,66.86470094020171,85.0,50.55488836925184,31.001457383270388,18.443654247477788,True,2591.773193359375,2729.0,2523.0,LOSS,-2.6535189705482427,2,2523.0,DEV,50,False,65,UP50_NIKKEIOFF_TESTA65
2019-05-31,9009.T,,4,62.53778969194589,75.0,54.01666340413512,28.68546290871495,17.297873687149952,True,1268.4100341796875,1344.0,1230.0,LOSS,-3.028203273756678,2,1230.0,DEV,50,False,65,UP50_NIKKEIOFF_TESTA65
2019-05-31,8725.T,,5,62.40341912974047,75.0,51.329252160026805,29.681361663813473,18.989386176159726,True,827.1231689453125,867.0,807.0,HOLD,1.5380118607519444,5,839.8444213867188,DEV,50,False,65,UP50_NIKKEIOFF_TESTA65
2019-05-31,9766.T,,6,57.929032388431054,65.0,51.841517333838524,30.393607640704364,17.764875025457115,True,4664.2294921875,4965.0,4514.0,HOLD,0.1953028901184652,5,4673.3388671875,DEV,50,False,65,UP50_NIKKEIOFF_TESTA65
2019-05-31,9005.T,,7,56.15538308087339,85.0,53.75983553051137,28.495404587451002,17.744759882037652,True,1756.6318359375,1858.0,1706.0,HOLD,1.5576503885109498,5,1783.9940185546875,DEV,50,False,65,UP50_NIKKEIOFF_TESTA65
2019-05-31,7832.T,,8,56.11400669802855,85.0,52.93230787361447,29.31742325203895,17.75026887434661,True,1560.746337890625,1681.0,1501.0,LOSS,-3.8280620264900436,3,1501.0,DEV,50,False,65,UP50_NIKKEIOFF_TESTA65
2019-05-31,7011.T,,9,56.109604140127274,85.0,52.84425671558894,29.113415085366157,18.042328199044913,True,406.5148620605469,430.0,395.0,LOSS,-2.832580831652801,5,395.0,DEV,50,False,65,UP50_NIKKEIOFF_TESTA65
2019-05-31,6326.T,,10,54.89978713339772,65.0,52.12617745056314,29.365565978441694,18.508256570995172,True,1410.4456787109375,1500.0,1366.0,HOLD,3.6434609897847317,5,1461.834716796875,DEV,50,False,65,UP50_NIKKEIOFF_TESTA65
2019-06-04,4568.T,,1,64.77064960518491,85.0,52.15212253848094,32.53088192918235,15.316995532336744,False,1661.9205322265625,1824.0,1581.0,WIN,9.752540186520898,3,1824.0,DEV,50,False,65,UP50_NIKKEIOFF_TESTA65
2019-06-04,6326.T,,2,61.5563921624515,80.0,50.25827803163872,31.4332306281822,18.30849134017911,False,1411.2950439453125,1496.0,1369.0,HOLD,4.784830532891158,5,1478.8231201171875,DEV,50,False,65,UP50_NIKKEIOFF_TESTA65
2019-06-04,9766.T,,3,56.075752447865185,85.0,52.16722287034706,32.824652962559696,15.008124167093253,False,4600.4609375,4915.0,4443.0,HOLD,0.0,5,4600.4609375,DEV,50,False,65,UP50_NIKKEIOFF_TESTA65
2019-06-04,9432.T,,4,51.61758109302525,75.0,53.003795773548546,32.4224493268473,14.573754899604172,False,75.62315368652344,79.0,74.0,HOLD,3.4369180710644125,5,78.22225952148438,DEV,50,False,65,UP50_NIKKEIOFF_TESTA65
2019-06-04,9602.T,,5,51.563768180577895,75.0,51.92753752460136,32.96863355640636,15.103828918992324,False,846.458251953125,898.0,820.0,HOLD,2.7926926102068794,5,870.0972290039062,DEV,50,False,65,UP50_NIKKEIOFF_TESTA65
2019-06-04,9433.T,,6,48.50025892081485,75.0,51.526917546731774,34.48170926244632,13.991373190821916,False,1066.848876953125,1119.0,1041.0,HOLD,0.7328917736296725,5,1074.667724609375,DEV,50,False,65,UP50_NIKKEIOFF_TESTA65
2019-06-04,6501.T,,7,47.06295378561771,65.0,51.911249625397616,32.38517632420243,15.703574050399952,False,659.091064453125,705.0,636.0,WIN,6.965492027261442,5,705.0,DEV,50,False,65,UP50_NIKKEIOFF_TESTA65
2019-06-04,4661.T,,8,47.042615527854096,65.0,51.50448447012543,35.18752067452288,13.307994855351696,False,2519.398681640625,2664.0,2447.0,WIN,5.739517108312967,4,2664.0,DEV,50,False,65,UP50_NIKKEIOFF_TESTA65
2019-06-04,9021.T,,9,46.99839552583698,65.0,50.6200844297832,33.33492108214616,16.044994488070653,False,3568.968505859375,3730.0,3489.0,WIN,4.511989777333439,2,3730.0,DEV,50,False,65,UP50_NIKKEIOFF_TESTA65
2019-06-04,8252.T,,10,44.132870841494224,65.0,54.17915596031918,31.99184604875845,13.828997990922403,False,1760.4619140625,1884.0,1698.0,HOLD,1.600705436750054,5,1788.6417236328125,DEV,50,False,65,UP50_NIKKEIOFF_TESTA65
2019-10-16,5333.T,,1,66.00037280802009,85.0,50.659630073445285,28.434297133080268,20.906072793474483,True,1279.611572265625,1347.0,1246.0,HOLD,4.6975658087161385,5,1339.72216796875,DEV,50,False,65,UP50_NIKKEIOFF_TESTA65
2019-10-16,8316.T,,2,59.55364859395159,90.0,50.638189270336184,28.98386640047919,20.37794432918465,True,455.3744201660156,475.0,445.0,HOLD,1.994168362350452,5,464.4553527832031,DEV,50,False,65,UP50_NIKKEIOFF_TESTA65
2019-10-16,2871.T,,3,53.5375114061127,65.0,50.96761942660179,28.725569018116826,20.306811555281406,True,1096.8060302734375,1159.0,1066.0,TIMEOUT_LOSS,-1.5624980870970453,5,1079.66845703125,DEV,50,False,65,UP50_NIKKEIOFF_TESTA65
2019-10-16,8306.T,三菱UFJ,4,49.33016924828867,75.0,50.73381974838216,29.49265973500258,19.773520516615275,True,420.6357421875,441.0,410.0,HOLD,2.5258949321037956,5,431.26055908203125,DEV,50,False,65,UP50_NIKKEIOFF_TESTA65
2019-10-16,2002.T,,5,49.27421951734435,70.0,51.13656425993035,28.16335423427443,20.700081505795257,True,1733.58447265625,1827.0,1687.0,HOLD,0.822453984516028,5,1747.8424072265625,DEV,50,False,65,UP50_NIKKEIOFF_TESTA65
2019-12-13,6902.T,,1,79.9474220305637,85.0,51.339744959100095,26.88473019745516,21.775524843444742,True,1062.3533935546875,1111.0,1038.0,LOSS,-2.2924004104886255,4,1038.0,DEV,50,False,65,UP50_NIKKEIOFF_TESTA65
2019-12-13,7751.T,,2,75.76102436613135,100.0,50.003096018279244,28.68153099017649,21.315372991544262,True,2363.890625,2434.0,2329.0,HOLD,0.16231351915869627,5,2367.7275390625,DEV,50,False,65,UP50_NIKKEIOFF_TESTA65
2019-12-13,8802.T,,3,62.209283586272136,65.0,50.49001955152964,27.80799197816039,21.70198847030996,True,1869.0274658203125,1949.0,1829.0,HOLD,0.9252911275388733,5,1886.3214111328125,DEV,50,False,65,UP50_NIKKEIOFF_TESTA65
2020-03-04,4385.T,,1,40.587865054519554,65.0,52.844257612130185,34.48802267781136,12.667719710058451,False,2319.0,2679.0,2139.0,LOSS,-7.761966364812419,4,2139.0,DEV,50,False,65,UP50_NIKKEIOFF_TESTA65
2020-03-06,3659.T,,1,51.838774547986226,75.0,57.427664872767956,32.83197854886459,9.740356578367436,False,1406.5872802734375,1532.0,1344.0,LOSS,-4.449583836793311,1,1344.0,DEV,50,False,65,UP50_NIKKEIOFF_TESTA65
2020-03-06,7532.T,,2,47.43873909913687,65.0,59.42695589578081,31.317028104703148,9.256015999516046,False,355.3888244628906,389.0,339.0,LOSS,-4.611519365489201,2,339.0,DEV,50,False,65,UP50_NIKKEIOFF_TESTA65
2020-03-06,4385.T,,3,41.048580374904034,65.0,62.05856401981975,28.41161347224887,9.529822507931376,False,2301.0,2659.0,2122.0,LOSS,-7.77922642329422,2,2122.0,DEV,50,False,65,UP50_NIKKEIOFF_TESTA65
2021-01-08,8630.T,,1,77.95780953516322,100.0,50.4605385293513,27.95931592604394,21.580145544604772,True,1132.0400390625,1193.0,1101.0,TIMEOUT_LOSS,-0.30681481941565325,5,1128.5667724609375,DEV,50,False,65,UP50_NIKKEIOFF_TESTA65
2021-01-08,6479.T,,2,73.19149749507702,70.0,51.221254249366474,27.975961407023814,20.8027843436097,True,1978.4683837890625,2125.0,1905.0,TIMEOUT_LOSS,-2.202853683636202,5,1934.8856201171875,DEV,50,False,65,UP50_NIKKEIOFF_TESTA65
2021-01-08,9735.T,,3,73.1652231620605,70.0,50.695767589036066,28.06803561904885,21.236196791915063,True,4299.490234375,4539.0,4180.0,TIMEOUT_LOSS,-0.248723617761735,5,4288.79638671875,DEV,50,False,65,UP50_NIKKEIOFF_TESTA65
2021-01-08,2282.T,,4,69.07305927734993,85.0,51.24379424265088,27.305470310900116,21.450735446449002,True,1336.1334228515625,1409.0,1300.0,LOSS,-2.704327444668431,5,1300.0,DEV,50,False,65,UP50_NIKKEIOFF_TESTA65
2021-01-08,1332.T,,5,64.51561432575595,70.0,51.61663434120579,27.561307978456657,20.822057680337544,True,370.64129638671875,390.0,361.0,TIMEOUT_LOSS,-0.9174261315646857,5,367.2409362792969,DEV,50,False,65,UP50_NIKKEIOFF_TESTA65
2021-01-08,6701.T,,6,62.20782193432847,65.0,50.46078651265628,27.87929111372243,21.659922373621292,True,1050.2379150390625,1114.0,1018.0,HOLD,0.1754159824044705,5,1052.0802001953125,DEV,50,False,65,UP50_NIKKEIOFF_TESTA65
2021-01-08,6471.T,,7,61.48729351264076,75.0,50.398044165858636,28.578519009119656,21.02343682502171,True,743.6954345703125,804.0,714.0,HOLD,0.10821762954313383,5,744.500244140625,DEV,50,False,65,UP50_NIKKEIOFF_TESTA65
2021-01-08,9502.T,,8,59.31854492836027,70.0,52.023072480248864,27.13027321430087,20.84665430545025,True,1067.59326171875,1119.0,1042.0,HOLD,1.1157909854004084,5,1079.50537109375,DEV,50,False,65,UP50_NIKKEIOFF_TESTA65
2021-01-08,9602.T,,9,53.52958632047289,65.0,50.80911771380546,27.266881892794974,21.924000393399556,True,813.47021484375,863.0,789.0,LOSS,-3.0081267140739993,2,789.0,DEV,50,False,65,UP50_NIKKEIOFF_TESTA65
2021-01-08,4208.T,,10,48.289365164889354,65.0,50.35252068909147,28.334751356088606,21.31272795481992,True,1475.4757080078125,1570.0,1428.0,TIMEOUT_LOSS,-0.7299271280771553,5,1464.705810546875,DEV,50,False,65,UP50_NIKKEIOFF_TESTA65
2021-02-08,8316.T,,1,86.6785606705024,100.0,50.962517757874416,27.58434517107836,21.453137071047212,True,461.5956115722656,489.0,448.0,WIN,5.9368823577829986,4,489.0,DEV,50,False,65,UP50_NIKKEIOFF_TESTA65
2021-02-08,8053.T,,2,86.66960088868237,100.0,50.783322121473375,28.123537323913183,21.09314055461344,True,289.6702880859375,308.0,281.0,HOLD,4.330316450335212,5,302.21392822265625,DEV,50,False,65,UP50_NIKKEIOFF_TESTA65
2021-02-08,1721.T,,3,86.66486905860837,100.0,50.68868551999351,27.960302180264897,21.351012299741583,True,2813.673095703125,2995.0,2723.0,LOSS,-3.2225881479122642,5,2723.0,DEV,50,False,65,UP50_NIKKEIOFF_TESTA65
2021-02-08,8331.T,,4,86.63168907119703,100.0,50.02508577176658,27.964037163651252,22.010877064582175,True,540.8916015625,577.0,523.0,WIN,6.67571807977641,5,577.0,DEV,50,False,65,UP50_NIKKEIOFF_TESTA65
2021-02-08,2501.T,,5,79.17088127550281,90.0,51.67849507527361,27.43953525645638,20.88196966827001,True,409.2459716796875,431.0,399.0,HOLD,2.379850161504267,5,418.98541259765625,DEV,50,False,65,UP50_NIKKEIOFF_TESTA65
2021-02-08,2502.T,,6,79.1356410747135,90.0,50.97369105948742,27.026080849545597,22.00022809096696,True,1281.2196044921875,1367.0,1238.0,HOLD,5.947292385270954,5,1357.41748046875,DEV,50,False,65,UP50_NIKKEIOFF_TESTA65
2021-02-08,8267.T,,7,78.0572989763375,100.0,52.45032735283702,26.847088609042665,20.7025840381203,True,1074.799072265625,1131.0,1047.0,WIN,5.228970622007156,4,1131.0,DEV,50,False,65,UP50_NIKKEIOFF_TESTA65
2021-02-08,4704.T,,8,77.99862884951816,100.0,51.276924816449984,27.224834005760023,21.49824117778996,True,4925.25244140625,5259.0,4758.0,HOLD,1.663897898634439,5,5007.20361328125,DEV,50,False,65,UP50_NIKKEIOFF_TESTA65
2021-02-08,8630.T,,9,77.98637083402653,100.0,51.031764506617286,27.96319862862032,21.00503686476241,True,1166.7735595703125,1229.0,1136.0,TIMEOUT_LOSS,-1.465567450973294,5,1149.6737060546875,DEV,50,False,65,UP50_NIKKEIOFF_TESTA65
2021-02-08,4578.T,,10,77.98630109321283,100.0,51.03036969034363,27.199344586730284,21.770285722926072,True,4261.3779296875,4483.0,4151.0,LOSS,-2.5901933953929865,3,4151.0,DEV,50,False,65,UP50_NIKKEIOFF_TESTA65
2021-02-26,7004.T,,1,66.87697589323062,85.0,50.80038742982998,28.591335046760996,20.608277523409,True,601.1643676757812,672.0,566.0,WIN,11.783072339780071,3,672.0,DEV,50,False,65,UP50_NIKKEIOFF_TESTA65
2021-03-01,3402.T,,1,49.173693281996265,65.0,50.64777868340351,30.365401026895228,18.98682028970127,True,622.3734741210938,671.0,598.0,TIMEOUT_LOSS,-1.1321797942466618,5,615.3270874023438,DEV,50,False,65,UP50_NIKKEIOFF_TESTA65
2021-03-02,6302.T,,1,58.224898518700236,85.0,51.67188341748297,29.18540642930762,19.142710153209418,True,2450.734619140625,2680.0,2336.0,TIMEOUT_LOSS,-0.7308973144512134,5,2432.822265625,DEV,50,False,65,UP50_NIKKEIOFF_TESTA65
2021-03-02,4183.T,,2,58.18236160039458,85.0,50.82114505136987,28.26775918555992,20.9110957630702,True,1364.8817138671875,1484.0,1305.0,HOLD,6.627409387135143,5,1455.3380126953125,DEV,50,False,65,UP50_NIKKEIOFF_TESTA65
2021-03-03,7011.T,,1,70.2030310867498,75.0,50.79975216977882,25.855716319850792,23.344531510370377,True,291.8812561035156,315.0,280.0,HOLD,1.0381766066016929,5,294.9114990234375,DEV,50,False,65,UP50_NIKKEIOFF_TESTA65
2021-03-03,7186.T,,2,64.53514691573227,75.0,50.48554701029766,29.4175863389569,20.09686665074543,True,347.6304626464844,376.0,333.0,WIN,8.160831803271924,4,376.0,DEV,50,False,65,UP50_NIKKEIOFF_TESTA65
2021-03-03,1803.T,,3,63.77861957898373,80.0,51.2245654927181,28.900397118745154,19.87503738853674,True,715.743896484375,768.0,689.0,HOLD,4.491714156388455,5,747.89306640625,DEV,50,False,65,UP50_NIKKEIOFF_TESTA65
2021-03-03,8591.T,,4,58.214564518799456,85.0,51.46520341946742,29.255309836891215,19.279486743641367,True,1452.7554931640625,1569.0,1395.0,HOLD,2.0706542229782388,5,1482.8370361328125,DEV,50,False,65,UP50_NIKKEIOFF_TESTA65
2021-03-03,6302.T,,5,58.21112041532453,85.0,51.39632134996882,28.193371439774523,20.41030721025665,True,2519.94140625,2751.0,2405.0,LOSS,-4.5612729710667255,2,2405.0,DEV,50,False,65,UP50_NIKKEIOFF_TESTA65
2021-03-03,8015.T,,6,58.18505217843413,85.0,50.87495661216077,30.479798768593902,18.645244619245343,True,1283.881591796875,1400.0,1226.0,HOLD,0.8638982547089353,5,1294.9730224609375,DEV,50,False,65,UP50_NIKKEIOFF_TESTA65
2021-03-03,543A.T,,7,58.17363861145022,85.0,50.64668527248271,29.106370454919915,20.246944272597382,True,1012.5596923828125,1125.0,956.0,TIMEOUT_LOSS,-0.7684973240751022,5,1004.7781982421875,DEV,50,False,65,UP50_NIKKEIOFF_TESTA65
2021-03-03,6902.T,,8,58.16455649467092,85.0,50.46504293689667,29.41359157844043,20.121365484662885,True,1447.410400390625,1565.0,1389.0,HOLD,4.040697345896404,5,1505.8958740234375,DEV,50,False,65,UP50_NIKKEIOFF_TESTA65
2021-03-03,5214.T,,9,58.1629031074877,85.0,50.431975193232326,29.368782241468967,20.199242565298682,True,2020.201416015625,2166.0,1947.0,TIMEOUT_LOSS,-0.3605790873313921,5,2012.9169921875,DEV,50,False,65,UP50_NIKKEIOFF_TESTA65
2021-03-03,9009.T,,10,53.694158402090515,75.0,51.05708108528858,27.65954139172261,21.283377522988815,True,1206.8773193359375,1307.0,1157.0,HOLD,3.911350345144137,5,1254.08251953125,DEV,50,False,65,UP50_NIKKEIOFF_TESTA65
2021-04-01,7532.T,,1,55.82187855863012,75.0,50.13322334651542,29.454565965874917,20.41221068760967,True,499.1876525878906,542.0,478.0,TIMEOUT_LOSS,-1.4885329136736498,5,491.757080078125,DEV,50,False,65,UP50_NIKKEIOFF_TESTA65
2022-03-23,7912.T,,1,84.38416005583787,95.0,50.07450546458335,27.793762566401313,22.131731969015334,False,1399.1610107421875,1500.0,1349.0,TIMEOUT_LOSS,-1.5117440549045549,5,1378.00927734375,DEV,50,False,65,UP50_NIKKEIOFF_TESTA65
2022-03-23,8001.T,,2,73.47451590562287,90.0,50.794665938544284,29.2079553520675,19.997378709388215,False,721.6596069335938,769.0,698.0,HOLD,2.0497779412163957,5,736.4520263671875,DEV,50,False,65,UP50_NIKKEIOFF_TESTA65
2022-03-23,9503.T,,3,73.44665021559415,90.0,50.23735213796976,29.28532496599473,20.477322896035517,False,1045.1273193359375,1112.0,1012.0,LOSS,-3.1696922205599063,2,1012.0,DEV,50,False,65,UP50_NIKKEIOFF_TESTA65
2022-03-23,6178.T,,4,66.7898056407885,75.0,52.10046064185708,27.88720156337109,20.012337794771838,False,800.1746215820312,839.0,781.0,LOSS,-2.396304639619907,5,781.0,DEV,50,False,65,UP50_NIKKEIOFF_TESTA65
2022-03-23,5020.T,,5,66.75665873994934,75.0,51.437522625073726,28.983352745844552,19.57912462908171,False,397.81488037109375,424.0,385.0,TIMEOUT_LOSS,-0.34870667229842467,5,396.42767333984375,DEV,50,False,65,UP50_NIKKEIOFF_TESTA65
2022-03-23,4502.T,,6,65.92170863952424,80.0,50.6080858339631,28.413075540926787,20.97883862511014,False,2921.2822265625,3059.0,2853.0,TIMEOUT_LOSS,-1.0376603809663256,5,2890.96923828125,DEV,50,False,65,UP50_NIKKEIOFF_TESTA65
2022-03-23,2432.T,,7,62.44045038716403,80.0,50.54813817806312,27.492386051850175,21.959475770086716,False,1713.0953369140625,1837.0,1651.0,HOLD,3.9920542563435086,5,1781.4830322265625,DEV,50,False,65,UP50_NIKKEIOFF_TESTA65
2022-03-23,9434.T,,8,62.36361536966191,70.0,52.054916088890366,27.803142823624377,20.14194108748526,False,121.31352996826172,126.0,119.0,LOSS,-1.9070667293804646,3,119.0,DEV,50,False,65,UP50_NIKKEIOFF_TESTA65
2022-03-23,1928.T,,9,62.29054891050812,70.0,50.59358690581467,28.446035298631323,20.96037779555403,False,2035.945556640625,2161.0,1973.0,TIMEOUT_LOSS,-0.4084848090945534,5,2027.6290283203125,DEV,50,False,65,UP50_NIKKEIOFF_TESTA65
2022-12-21,3086.T,,1,52.66339384574037,65.0,50.87657256698144,31.403845682291458,17.719581750727144,True,1034.563720703125,1111.0,996.0,WIN,7.388262101915412,3,1111.0,DEV,50,False,65,UP50_NIKKEIOFF_TESTA65
2022-12-21,3092.T,,2,47.064341253163875,65.0,51.938998976320946,31.528526902020186,16.53247412165889,True,945.614013671875,1020.0,908.0,HOLD,2.507832599880978,5,969.3284301757812,DEV,50,False,65,UP50_NIKKEIOFF_TESTA65
2022-12-27,3099.T,,1,82.37088347790652,100.0,51.76549564508672,29.029021532398836,19.205482822514387,True,674.3696899414062,731.0,646.0,LOSS,-4.206845349747436,3,646.0,DEV,50,False,65,UP50_NIKKEIOFF_TESTA65
2022-12-27,7453.T,,2,74.83214837285773,90.0,51.86035876150249,27.97561723820773,20.164024000289732,True,745.5569458007812,801.0,718.0,HOLD,0.06321629477360388,5,746.0282592773438,DEV,50,False,65,UP50_NIKKEIOFF_TESTA65
2022-12-27,8267.T,,3,73.76290354990253,100.0,53.51894056326799,26.629714641588098,19.851344795143845,True,918.2265014648438,957.0,899.0,LOSS,-2.093873508788058,2,899.0,DEV,50,False,65,UP50_NIKKEIOFF_TESTA65
2022-12-27,8233.T,,4,71.25031751857497,80.0,52.83243732802123,28.102473521172204,19.065089150806493,True,849.6592407226562,919.0,815.0,TIMEOUT_LOSS,-1.3661267151202405,5,838.0518188476562,DEV,50,False,65,UP50_NIKKEIOFF_TESTA65
2022-12-27,8304.T,,5,69.11992857493576,90.0,50.65944106393259,29.283256535200884,20.057302400866497,True,2334.877685546875,2430.0,2288.0,LOSS,-2.0077148296483593,2,2288.0,DEV,50,False,65,UP50_NIKKEIOFF_TESTA65
2022-12-27,3086.T,,6,68.21442522053451,80.0,52.98415658460311,26.896355572191045,20.11948784320579,True,1121.6087646484375,1205.0,1080.0,LOSS,-3.7097396133026437,1,1080.0,DEV,50,False,65,UP50_NIKKEIOFF_TESTA65
2022-12-27,9201.T,,7,64.8483248638085,85.0,53.705627710952754,24.501122668775473,21.793249620271723,True,2432.251220703125,2564.0,2366.0,LOSS,-2.723864218432701,4,2366.0,DEV,50,False,65,UP50_NIKKEIOFF_TESTA65
2022-12-27,2914.T,,8,58.30826323536948,90.0,51.8174386204331,29.17548057969433,19.007080799872522,True,2301.109375,2369.0,2267.0,LOSS,-1.4823013356329489,2,2267.0,DEV,50,False,65,UP50_NIKKEIOFF_TESTA65
2022-12-27,1332.T,,9,58.02035000644034,70.0,52.14613056358927,27.80677996031754,20.047089476093163,True,490.6078796386719,510.0,481.0,LOSS,-1.9583622761517792,4,481.0,DEV,50,False,65,UP50_NIKKEIOFF_TESTA65
2022-12-27,9021.T,,10,56.169332402069855,85.0,54.03882195444053,25.574412665058695,20.38676538050074,True,2576.462890625,2726.0,2502.0,LOSS,-2.890120827897379,5,2502.0,DEV,50,False,65,UP50_NIKKEIOFF_TESTA65
2022-12-28,5401.T,,1,73.66627688561661,100.0,51.586407277549704,27.92041157245474,20.493181149995493,True,357.5216369628906,377.0,348.0,LOSS,-2.663233767828976,3,348.0,DEV,50,False,65,UP50_NIKKEIOFF_TESTA65
2022-12-28,8304.T,,2,71.45654785325047,95.0,52.391826630226966,26.640597731041616,20.96757563873137,True,2323.53515625,2419.0,2276.0,LOSS,-2.0458117933846087,2,2276.0,DEV,50,False,65,UP50_NIKKEIOFF_TESTA65
2022-12-28,2914.T,,3,69.22734405456788,95.0,51.28601152614032,28.167738610768904,20.546249863090715,True,2297.47265625,2365.0,2264.0,LOSS,-1.4569338250421233,1,2264.0,DEV,50,False,65,UP50_NIKKEIOFF_TESTA65
2022-12-28,5406.T,,4,69.19400839222706,90.0,52.14103740975864,27.62713059931048,20.23183199093085,True,540.18017578125,566.0,527.0,LOSS,-2.439959178840249,2,527.0,DEV,50,False,65,UP50_NIKKEIOFF_TESTA65
2022-12-28,3099.T,,5,69.14910444101784,90.0,51.24295838557433,29.37578516946201,19.38125644496359,True,677.1017456054688,734.0,649.0,LOSS,-4.1502987974635905,1,649.0,DEV,50,False,65,UP50_NIKKEIOFF_TESTA65
2022-12-28,8316.T,,6,69.1108655415504,90.0,50.478180396225206,30.896651142292058,18.625168461482687,True,766.4431762695312,816.0,741.0,TIMEOUT_LOSS,-1.1023933686936116,5,757.9939575195312,DEV,50,False,65,UP50_NIKKEIOFF_TESTA65
2022-12-28,3086.T,,7,68.9258272309475,75.0,51.342631575472,27.5868056342686,21.070562790259366,True,1114.35498046875,1201.0,1071.0,LOSS,-3.890589733848801,2,1071.0,DEV,50,False,65,UP50_NIKKEIOFF_TESTA65
2022-12-28,8233.T,,8,66.7451944662339,70.0,52.72997628119981,28.37083622645852,18.89918749234159,True,859.8736572265625,929.0,825.0,LOSS,-4.0556722413202,2,825.0,DEV,50,False,65,UP50_NIKKEIOFF_TESTA65
2022-12-28,3382.T,,9,62.477547231323115,80.0,51.290075061244934,27.70003279982364,21.00989213893141,True,1755.591796875,1838.0,1714.0,LOSS,-2.369104079264582,3,1714.0,DEV,50,False,65,UP50_NIKKEIOFF_TESTA65
2022-12-28,7532.T,,10,57.928872317067594,65.0,51.838315906569264,29.061183756542246,19.100500336888413,True,487.9347839355469,529.0,468.0,LOSS,-4.085542697890572,1,468.0,DEV,50,False,65,UP50_NIKKEIOFF_TESTA65
2022-12-29,8725.T,,1,80.29732754666867,95.0,55.29437702032982,29.91601422813946,14.789608751530661,True,1185.1563720703125,1255.0,1150.0,TIMEOUT_LOSS,-1.5490687264060723,5,1166.7974853515625,DEV,50,False,65,UP50_NIKKEIOFF_TESTA65
2022-12-29,3659.T,,2,71.49958176533386,100.0,51.73076574145977,31.58923016224811,16.680004096292063,True,2513.8583984375,2698.0,2422.0,TIMEOUT_LOSS,-0.6611397522561457,5,2497.23828125,DEV,50,False,65,UP50_NIKKEIOFF_TESTA65
2022-12-29,8306.T,三菱UFJ,3,71.38044550169312,95.0,50.86977959907991,34.12257793939973,15.007642461520303,True,774.2227172851562,831.0,746.0,HOLD,1.3386346642238605,5,784.5867309570312,DEV,50,False,65,UP50_NIKKEIOFF_TESTA65
2022-12-29,8309.T,,4,67.02447896385337,85.0,53.75044884228463,30.647801402938818,15.601749754776502,True,490.4980773925781,521.0,475.0,TIMEOUT_LOSS,-0.4152957811973776,5,488.4610595703125,DEV,50,False,65,UP50_NIKKEIOFF_TESTA65
2022-12-29,8304.T,,5,67.01124243632849,85.0,53.48571829178712,31.542134734304767,14.972146973908043,True,2277.5068359375,2379.0,2227.0,HOLD,0.42751012255983384,5,2287.243408203125,DEV,50,False,65,UP50_NIKKEIOFF_TESTA65
2022-12-29,3099.T,,6,66.9951200079009,85.0,53.16326972323532,32.44068001296604,14.396050263798637,True,647.504150390625,707.0,618.0,TIMEOUT_LOSS,-3.2348613987678796,5,626.5582885742188,DEV,50,False,65,UP50_NIKKEIOFF_TESTA65
2022-12-29,5401.T,,7,66.91722101877866,85.0,51.60528994079072,31.884270765542333,16.51043929366689,True,353.89703369140625,373.0,344.0,LOSS,-2.796585658877361,3,344.0,DEV,50,False,65,UP50_NIKKEIOFF_TESTA65
2022-12-29,8354.T,,8,66.86607755453268,85.0,50.58242065587104,34.27629612553861,15.1412832185903,True,2619.1865234375,2849.0,2504.0,LOSS,-4.397797652315563,5,2504.0,DEV,50,False,65,UP50_NIKKEIOFF_TESTA65
2022-12-29,5406.T,,9,63.982979435238995,85.0,53.79002348738854,30.175288176660263,16.034688335951174,True,531.8825073242188,559.0,518.0,HOLD,1.40406131807913,5,539.3504638671875,DEV,50,False,65,UP50_NIKKEIOFF_TESTA65
2022-12-29,8233.T,,10,55.81064567609374,65.0,52.952043956657356,32.055796925796955,14.992159117545656,True,851.5164794921875,921.0,817.0,TIMEOUT_LOSS,-1.4176726580550585,5,839.4447631835938,DEV,50,False,65,UP50_NIKKEIOFF_TESTA65
2024-03-11,9432.T,,1,62.31084513495702,70.0,50.99951139479266,31.772843532347682,17.227645072859676,True,165.33480834960938,173.0,162.0,TIMEOUT_LOSS,-0.8223798662566765,5,163.97512817382812,VALIDATION,50,False,65,UP50_NIKKEIOFF_TESTA65
2024-04-18,7011.T,,1,51.47446599656932,75.0,50.141493844429796,34.256522256011415,15.601983899558775,True,1357.47998046875,1516.0,1278.0,TIMEOUT_LOSS,-4.046247660621721,5,1302.552978515625,VALIDATION,50,False,65,UP50_NIKKEIOFF_TESTA65
2024-04-19,1605.T,,1,64.6810965736226,85.0,50.36106190723439,36.312945637736746,13.325992455028846,True,2184.22216796875,2408.0,2072.0,TIMEOUT_LOSS,-1.4944156277028502,5,2151.580810546875,VALIDATION,50,False,65,UP50_NIKKEIOFF_TESTA65
2024-04-19,7752.T,,2,56.00719676123394,85.0,50.79610913772221,34.24232314972737,14.961567712550375,True,1267.7342529296875,1356.0,1224.0,TIMEOUT_LOSS,-1.1812393292467156,5,1252.75927734375,VALIDATION,50,False,65,UP50_NIKKEIOFF_TESTA65
2024-04-19,5631.T,,3,51.595191136897,75.0,52.5559966509834,33.800027847986925,13.643975501029654,True,3611.031494140625,3923.0,3455.0,HOLD,0.9919622251286866,5,3646.8515625,VALIDATION,50,False,65,UP50_NIKKEIOFF_TESTA65
2024-04-19,8053.T,,4,51.58232969937823,75.0,52.29876790060802,33.2463810972382,14.454851002153738,True,860.1566162109375,919.0,831.0,WIN,6.841008100161175,4,919.0,VALIDATION,50,False,65,UP50_NIKKEIOFF_TESTA65
2024-04-19,5713.T,,5,51.582077063989786,75.0,52.29371519283909,34.848784785062435,12.857500022098467,True,4783.14892578125,5200.0,4575.0,HOLD,2.8281659786059232,5,4918.42431640625,VALIDATION,50,False,65,UP50_NIKKEIOFF_TESTA65
2024-04-19,8802.T,,6,51.56110367289243,75.0,51.874247370892014,36.67713967966294,11.44861294944505,True,2698.864501953125,2988.0,2554.0,HOLD,0.3395344305769507,5,2708.028076171875,VALIDATION,50,False,65,UP50_NIKKEIOFF_TESTA65
2024-04-19,7011.T,,7,51.54658546378247,75.0,51.583883188692866,35.236011215448535,13.180105595858596,True,1332.958740234375,1493.0,1253.0,TIMEOUT_LOSS,-0.9933699024451267,5,1319.717529296875,VALIDATION,50,False,65,UP50_NIKKEIOFF_TESTA65
2024-04-19,5802.T,,8,51.53810202368416,75.0,51.4142143867266,34.42049998736966,14.165285625903703,True,556.1520385742188,598.0,535.0,TIMEOUT_LOSS,-0.6290609246383476,5,552.6535034179688,VALIDATION,50,False,65,UP50_NIKKEIOFF_TESTA65
2024-04-19,8308.T,,9,51.529095514628814,75.0,51.23408420561976,34.97233174407505,13.793584050305153,True,936.7577514648438,1023.0,894.0,HOLD,0.30578246227367906,5,939.6221923828125,VALIDATION,50,False,65,UP50_NIKKEIOFF_TESTA65
2024-04-19,8331.T,,10,51.50097759412638,75.0,50.6717257955711,34.06389490529122,15.264379299137632,True,1198.6766357421875,1299.0,1149.0,HOLD,3.731053502504542,5,1243.39990234375,VALIDATION,50,False,65,UP50_NIKKEIOFF_TESTA65
2024-04-22,2502.T,,1,46.97059700354404,65.0,50.06411398392435,34.9903925646119,14.945493451463754,True,1694.5330810546875,1797.0,1643.0,TIMEOUT_LOSS,-1.2424635029857836,5,1673.4791259765625,VALIDATION,50,False,65,UP50_NIKKEIOFF_TESTA65
2024-07-26,4502.T,,1,56.05324883697834,85.0,51.71715065261034,33.79688956815208,14.4859597792376,True,3831.575927734375,3975.0,3760.0,LOSS,-1.8680545311990753,5,3760.0,VALIDATION,50,False,65,UP50_NIKKEIOFF_TESTA65
2024-07-26,7731.T,,2,55.78299820805584,65.0,52.3990945958993,31.44836990439645,16.15253549970425,True,1571.0390625,1672.0,1520.0,LOSS,-3.248745605267215,5,1520.0,VALIDATION,50,False,65,UP50_NIKKEIOFF_TESTA65
2024-07-26,3402.T,,3,51.497496489778776,75.0,50.60210370861897,36.493799773622534,12.9040965177585,True,730.1334838867188,772.0,709.0,LOSS,-2.894468525702848,5,709.0,VALIDATION,50,False,65,UP50_NIKKEIOFF_TESTA65
2024-07-26,8750.T,,4,47.31302105888574,65.0,56.91259509075818,31.702527680516823,11.38487722872501,True,991.7317504882812,1076.0,950.0,LOSS,-4.207967574672741,5,950.0,VALIDATION,50,False,65,UP50_NIKKEIOFF_TESTA65
2024-07-26,8316.T,,5,47.29905706205323,65.0,56.63331515410799,31.1468263568359,12.2198584890561,True,1598.2384033203125,1711.0,1542.0,LOSS,-3.5187743707996377,5,1542.0,VALIDATION,50,False,65,UP50_NIKKEIOFF_TESTA65
2024-07-26,4568.T,,6,47.20115340699493,65.0,54.67524205294215,33.583210427621914,11.741547519435928,True,5343.6689453125,5761.0,5135.0,WIN,7.809822407759475,3,5761.0,VALIDATION,50,False,65,UP50_NIKKEIOFF_TESTA65
2024-07-26,4063.T,,7,47.15091908345761,65.0,53.67055558219557,34.82709368639853,11.502350731405897,True,6033.89306640625,6475.0,5813.0,WIN,7.310486426244717,1,6475.0,VALIDATION,50,False,65,UP50_NIKKEIOFF_TESTA65
2024-07-26,2502.T,,8,47.054263660956536,65.0,51.73744713217418,34.11666849554223,14.145884372283613,True,1795.699951171875,1906.0,1741.0,LOSS,-3.0461632042801905,2,1741.0,VALIDATION,50,False,65,UP50_NIKKEIOFF_TESTA65
2024-07-26,1812.T,,9,46.986483303698414,65.0,50.38183998701168,33.08829998750096,16.52986002548737,True,2609.5673828125,2765.0,2532.0,LOSS,-2.972423066113763,5,2532.0,VALIDATION,50,False,65,UP50_NIKKEIOFF_TESTA65
2024-07-26,4523.T,,10,45.01182381954402,75.0,51.32343291261954,35.6738766549498,13.002690432430658,True,6109.64208984375,6530.0,5899.0,LOSS,-3.447699337313179,1,5899.0,VALIDATION,50,False,65,UP50_NIKKEIOFF_TESTA65
2024-08-02,9766.T,,1,55.90335579265583,65.0,54.80624628789917,35.62767765723519,9.56607605486564,True,11125.8408203125,12092.0,10643.0,LOSS,-4.339814204702401,1,10643.0,VALIDATION,50,False,65,UP50_NIKKEIOFF_TESTA65
2024-08-02,3092.T,,2,55.78874663786898,65.0,52.51406319216213,38.372176212965975,9.113760594871884,True,1292.2855224609375,1388.0,1244.0,LOSS,-3.7364438138242044,1,1244.0,VALIDATION,50,False,65,UP50_NIKKEIOFF_TESTA65
2024-08-02,2802.T,,3,55.69875505246911,65.0,50.714231484164706,37.54334267954383,11.742425836291446,True,2889.31591796875,3102.0,2783.0,LOSS,-3.6796224776795032,1,2783.0,VALIDATION,50,False,65,UP50_NIKKEIOFF_TESTA65
2025-04-03,8630.T,,1,64.67025351243325,85.0,50.14420068344759,35.61074627131852,14.245053045233913,False,4345.20068359375,4720.0,4158.0,LOSS,-4.308217208483992,1,4158.0,VALIDATION,50,False,65,UP50_NIKKEIOFF_TESTA65
2025-04-03,8801.T,,2,54.94476798333237,65.0,53.02579444925609,35.756422805853234,11.217782744890663,False,1291.457763671875,1403.0,1236.0,LOSS,-4.294198790845268,2,1236.0,VALIDATION,50,False,65,UP50_NIKKEIOFF_TESTA65
2025-04-03,8058.T,三菱商事,3,53.795554260558326,75.0,53.08499825464483,33.91742241865951,12.997579326695696,False,2561.115966796875,2769.0,2457.0,LOSS,-4.06525780740379,1,2457.0,VALIDATION,50,False,65,UP50_NIKKEIOFF_TESTA65
2025-04-03,6701.T,,4,51.51662662884402,75.0,50.98470648992382,35.97677312203113,13.03852038804503,False,3056.601806640625,3322.0,2924.0,LOSS,-4.338210045958251,1,2924.0,VALIDATION,50,False,65,UP50_NIKKEIOFF_TESTA65
2025-04-03,8804.T,,5,51.51635472101208,75.0,50.979268333284956,35.094482057108465,13.926249609606609,False,2365.3994140625,2548.0,2274.0,LOSS,-3.8640160946655664,2,2274.0,VALIDATION,50,False,65,UP50_NIKKEIOFF_TESTA65
2025-04-03,8802.T,,6,48.50025815756209,75.0,51.5269022816765,38.36259947100738,10.110498247316112,False,2373.447998046875,2572.0,2274.0,LOSS,-4.190022200979813,2,2274.0,VALIDATION,50,False,65,UP50_NIKKEIOFF_TESTA65
2025-04-04,8801.T,,1,68.14040353073378,75.0,53.025461919023506,37.65216740171878,9.322370679257713,False,1326.2705078125,1448.0,1266.0,LOSS,-4.544360102820041,1,1266.0,VALIDATION,50,False,65,UP50_NIKKEIOFF_TESTA65
2025-04-04,8802.T,,2,57.40696442754391,75.0,55.747984203052106,34.590306474316534,9.661709322631355,False,2363.141357421875,2570.0,2260.0,LOSS,-4.364586870689763,1,2260.0,VALIDATION,50,False,65,UP50_NIKKEIOFF_TESTA65
2025-04-04,3289.T,,3,57.285676500231276,75.0,53.32222565679948,38.076702496336004,8.601071846864487,False,940.2927856445312,1012.0,905.0,LOSS,-3.753382582887683,1,905.0,VALIDATION,50,False,65,UP50_NIKKEIOFF_TESTA65
2025-04-04,1332.T,,4,47.1995561649184,65.0,54.643297211411415,35.180037033249725,10.17666575533886,False,828.5355834960938,876.0,805.0,LOSS,-2.840624345520908,1,805.0,VALIDATION,50,False,65,UP50_NIKKEIOFF_TESTA65
2025-04-04,9532.T,,5,47.13828195644066,65.0,53.417813041856554,36.65082459790933,9.931362360234115,False,3240.451904296875,3480.0,3121.0,LOSS,-3.6862730207006145,1,3121.0,VALIDATION,50,False,65,UP50_NIKKEIOFF_TESTA65
2026-01-20,2269.T,,1,84.47765326064271,100.0,50.42263043024576,25.15765555075134,24.4197140190029,True,3623.312744140625,3793.0,3538.0,LOSS,-2.354550936255419,1,3538.0,VALIDATION,50,False,65,UP50_NIKKEIOFF_TESTA65
2026-01-20,4043.T,,2,82.29019369955006,95.0,51.673439208392416,24.68232207081759,23.644238720789996,True,4189.13330078125,4424.0,4072.0,HOLD,4.399170332933341,5,4373.42041015625,VALIDATION,50,False,65,UP50_NIKKEIOFF_TESTA65
2026-01-20,5411.T,,3,77.72938380406609,85.0,50.45724129871303,25.28009660999787,24.26266209128909,True,2082.379150390625,2189.0,2029.0,LOSS,-2.5633732637311426,1,2029.0,VALIDATION,50,False,65,UP50_NIKKEIOFF_TESTA65
2026-01-20,9202.T,,4,75.8062548701477,100.0,50.907706098606134,25.334638279897803,23.757655621496067,True,2998.502685546875,3120.0,2938.0,LOSS,-2.017763260260024,1,2938.0,VALIDATION,50,False,65,UP50_NIKKEIOFF_TESTA65
2026-01-20,2282.T,,5,71.31069983770317,90.0,50.996605449715695,24.300715544778203,24.7026790055061,True,2351.8681640625,2480.0,2288.0,LOSS,-2.7156353846032473,2,2288.0,VALIDATION,50,False,65,UP50_NIKKEIOFF_TESTA65
2026-01-20,5332.T,,6,71.27550422086189,90.0,50.29269311288993,25.01416551233956,24.693141374770505,True,4738.37060546875,5026.0,4595.0,LOSS,-3.0257364272705907,1,4595.0,VALIDATION,50,False,65,UP50_NIKKEIOFF_TESTA65
2026-01-20,1802.T,,7,69.13872469963124,85.0,52.55710268827701,24.050082845775208,23.392814465947765,True,3520.3984375,3730.0,3416.0,TIMEOUT_LOSS,-1.2987088641866267,5,3474.6787109375,VALIDATION,50,False,65,UP50_NIKKEIOFF_TESTA65
2026-01-20,9532.T,,8,69.12852457552947,85.0,52.353100206241635,24.596418256601424,23.05048153715694,True,5461.76904296875,5731.0,5327.0,HOLD,2.816157375177939,5,5615.5810546875,VALIDATION,50,False,65,UP50_NIKKEIOFF_TESTA65
2026-01-20,8354.T,,9,69.11374708992655,85.0,52.057550494183204,23.87640541667495,24.06604408914185,True,5408.185546875,5701.0,5262.0,LOSS,-2.7030423717520207,1,5262.0,VALIDATION,50,False,65,UP50_NIKKEIOFF_TESTA65
2026-01-20,4042.T,,10,69.08658539608987,85.0,51.51431661744964,24.78630058569175,23.699382796858607,True,2433.625244140625,2556.0,2372.0,HOLD,0.09867448545258592,5,2436.026611328125,VALIDATION,50,False,65,UP50_NIKKEIOFF_TESTA65
2026-01-26,1332.T,,1,84.67231603335435,100.0,54.31588588447841,23.620752780682707,22.063361334838934,True,1214.62939453125,1286.0,1179.0,WIN,5.875916208687948,5,1286.0,VALIDATION,50,False,65,UP50_NIKKEIOFF_TESTA65
2026-01-26,2871.T,,2,82.27638918578538,95.0,51.39734893309891,26.197342242824167,22.40530882407694,True,1863.5736083984375,1979.0,1806.0,HOLD,0.36687770753999227,5,1870.41064453125,VALIDATION,50,False,65,UP50_NIKKEIOFF_TESTA65
2026-01-26,4578.T,,3,77.73300318657229,85.0,50.52962894883729,26.333876545384864,23.136494505777847,True,9374.162109375,10055.0,9034.0,LOSS,-3.6287201501967568,1,9034.0,VALIDATION,50,False,65,UP50_NIKKEIOFF_TESTA65
2026-01-26,9531.T,,4,73.77124051324128,95.0,55.207418960477874,23.821963255945874,20.970617783576298,True,6588.18603515625,6988.0,6388.0,HOLD,4.668164524196773,5,6895.7333984375,VALIDATION,50,False,65,UP50_NIKKEIOFF_TESTA65
2026-01-26,7731.T,,5,71.11465537684647,75.0,51.640933623886035,26.646789010799143,21.71227736531484,True,1891.7274169921875,2044.0,1815.0,HOLD,0.8087678213975309,5,1907.027099609375,VALIDATION,50,False,65,UP50_NIKKEIOFF_TESTA65
2026-01-26,9532.T,,6,69.34721017764426,85.0,56.726812248537186,23.282514004194326,19.990673747268524,True,5632.2353515625,5900.0,5498.0,HOLD,2.104714612748983,5,5750.77783203125,VALIDATION,50,False,65,UP50_NIKKEIOFF_TESTA65
2026-01-26,4043.T,,7,69.28178958797619,85.0,55.418400455176034,23.029393313154316,21.552206231669686,True,4340.4423828125,4607.0,4207.0,LOSS,-3.0743959035353585,4,4207.0,VALIDATION,50,False,65,UP50_NIKKEIOFF_TESTA65
2026-01-26,4151.T,,8,69.27216297848747,85.0,55.225868265401616,24.04946113638813,20.724670598210288,True,2575.634765625,2707.0,2510.0,LOSS,-2.548294754402927,2,2510.0,VALIDATION,50,False,65,UP50_NIKKEIOFF_TESTA65
2026-01-26,2269.T,,9,69.25604465941447,85.0,54.90350188394173,24.79491761317777,20.301580502880554,True,3599.936767578125,3782.0,3509.0,LOSS,-2.526065690851097,3,3509.0,VALIDATION,50,False,65,UP50_NIKKEIOFF_TESTA65
2026-01-26,4183.T,,10,69.23474918886664,85.0,54.47759247298514,23.99929297762026,21.52311454939465,True,2152.869140625,2287.0,2086.0,TIMEOUT_LOSS,-0.04474860492311768,5,2151.90576171875,VALIDATION,50,False,65,UP50_NIKKEIOFF_TESTA65
2026-01-27,4043.T,,1,71.18816426945189,85.0,50.06763321512471,23.67682573995364,26.25554104492168,True,4373.42041015625,4645.0,4238.0,LOSS,-3.096441628199467,2,4238.0,VALIDATION,50,False,65,UP50_NIKKEIOFF_TESTA65
2026-01-28,1605.T,,1,77.95025034079603,100.0,50.30935464200733,25.929465032049464,23.761180325943215,True,3298.93310546875,3516.0,3190.0,WIN,6.579911977342344,5,3516.0,VALIDATION,50,False,65,UP50_NIKKEIOFF_TESTA65
2026-01-28,7741.T,,2,73.52988099049362,95.0,50.38022850552466,27.183213985766553,22.436557508708795,True,25231.77734375,27134.0,24281.0,WIN,7.538995887347537,4,27134.0,VALIDATION,50,False,65,UP50_NIKKEIOFF_TESTA65
2026-01-28,9532.T,,3,71.51984878590886,85.0,56.70132354426395,23.737248406152382,19.56142804958368,True,5641.052734375,5913.0,5505.0,WIN,4.820860191003522,4,5913.0,VALIDATION,50,False,65,UP50_NIKKEIOFF_TESTA65
2026-01-28,4043.T,,4,71.4058763887596,85.0,54.42187560127888,24.265947219924755,21.312177178796368,True,4301.64501953125,4574.0,4166.0,LOSS,-3.1533289919406515,2,4166.0,VALIDATION,50,False,65,UP50_NIKKEIOFF_TESTA65
2026-01-28,9531.T,,5,71.39240860346604,85.0,54.15251989540744,24.17758376305838,21.669896341534205,True,6538.07470703125,6947.0,6333.0,WIN,6.2545215723671514,3,6947.0,VALIDATION,50,False,65,UP50_NIKKEIOFF_TESTA65
2026-01-28,1332.T,,6,71.35842051227198,85.0,53.47275807152641,27.45585038745915,19.071391541014464,True,1236.0411376953125,1316.0,1196.0,WIN,6.46894831136256,5,1316.0,VALIDATION,50,False,65,UP50_NIKKEIOFF_TESTA65
2026-01-28,5201.T,,7,71.33478291291777,85.0,53.000006084442184,28.329790988338083,18.670202927219755,True,5511.80419921875,5818.0,5359.0,WIN,5.5552735495330285,5,5818.0,VALIDATION,50,False,65,UP50_NIKKEIOFF_TESTA65
2026-01-28,4183.T,,8,71.3188371428243,85.0,52.68109068257269,26.567167617485698,20.75174169994164,True,2143.71826171875,2277.0,2077.0,WIN,6.217315990693193,5,2277.0,VALIDATION,50,False,65,UP50_NIKKEIOFF_TESTA65
2026-01-28,6301.T,,9,71.31580124567569,85.0,52.62037273960078,27.112238415074085,20.267388845325147,True,5493.1259765625,5846.0,5316.0,WIN,6.423920094734879,3,5846.0,VALIDATION,50,False,65,UP50_NIKKEIOFF_TESTA65
2026-01-28,4507.T,,10,71.25983680936454,85.0,51.50108401337771,24.842835076900325,23.656080909721975,True,3005.07421875,3242.0,2887.0,WIN,7.884190672287368,4,3242.0,VALIDATION,50,False,65,UP50_NIKKEIOFF_TESTA65
2026-01-29,6301.T,,1,84.54473402439498,100.0,51.764245705291046,25.661067908149192,22.574686386559787,True,5660.439453125,6033.0,5474.0,WIN,6.581830791765077,2,6033.0,VALIDATION,50,False,65,UP50_NIKKEIOFF_TESTA65
2026-01-29,1605.T,,2,75.76378960728043,100.0,50.0584008412607,26.35136816826831,23.590230990470985,True,3376.613037109375,3609.0,3260.0,HOLD,3.6109478058338293,5,3498.540771484375,VALIDATION,50,False,65,UP50_NIKKEIOFF_TESTA65
2026-01-29,5019.T,,3,73.7562581703712,100.0,53.38603297264144,24.75242419702314,21.861542830335416,True,1264.226806640625,1343.0,1225.0,WIN,6.230938384283718,4,1343.0,VALIDATION,50,False,65,UP50_NIKKEIOFF_TESTA65
2026-01-29,5201.T,,4,71.45443402621098,90.0,53.87128921987161,27.20128258913917,18.927428190989247,True,5607.37890625,5932.0,5445.0,WIN,5.789177067884185,4,5932.0,VALIDATION,50,False,65,UP50_NIKKEIOFF_TESTA65
2026-01-29,1963.T,,5,71.34276151232409,95.0,50.11609981169912,25.651366930681284,24.232533257619586,True,2080.51611328125,2270.0,1986.0,HOLD,1.407790425349404,5,2109.805419921875,VALIDATION,50,False,65,UP50_NIKKEIOFF_TESTA65
2026-01-29,9532.T,,6,69.26152047945709,85.0,55.013018284793894,23.34559702421564,21.64138469099048,True,5644.97119140625,5930.0,5502.0,WIN,5.049251784095374,3,5930.0,VALIDATION,50,False,65,UP50_NIKKEIOFF_TESTA65
2026-01-29,9531.T,,7,69.21479324828508,85.0,54.07847366135389,26.958110947543585,18.963415391102558,True,6601.9423828125,7020.0,6393.0,WIN,6.332342709864773,3,7020.0,VALIDATION,50,False,65,UP50_NIKKEIOFF_TESTA65
2026-01-29,4183.T,,8,69.16482949598142,85.0,53.07919861528061,26.62287969387016,20.297921690849254,True,2158.648681640625,2298.0,2089.0,WIN,6.455488544502972,4,2298.0,VALIDATION,50,False,65,UP50_NIKKEIOFF_TESTA65
2026-01-29,3401.T,,9,69.10778680787216,85.0,51.93834485309543,27.82849708613078,20.233158060773793,True,1421.8724365234375,1507.0,1379.0,WIN,5.987004269152615,4,1507.0,VALIDATION,50,False,65,UP50_NIKKEIOFF_TESTA65
2026-01-29,1332.T,,10,69.08151403256207,85.0,51.41288934689371,30.236937947233166,18.350172705873124,True,1241.8807373046875,1322.0,1202.0,WIN,6.45144580221118,4,1322.0,VALIDATION,50,False,65,UP50_NIKKEIOFF_TESTA65
2026-01-30,1963.T,,1,84.73798977079257,100.0,55.62936063324274,24.894306164747288,19.476333202009968,True,2111.269775390625,2306.0,2014.0,HOLD,3.4913314556218653,5,2184.981201171875,VALIDATION,50,False,65,UP50_NIKKEIOFF_TESTA65
2026-01-30,9531.T,,2,84.72956026651897,100.0,55.46077054777094,25.328079478148553,19.211149974080527,True,6726.7294921875,7185.0,6498.0,WIN,6.812679301951127,4,7185.0,VALIDATION,50,False,65,UP50_NIKKEIOFF_TESTA65
2026-01-30,5020.T,,3,84.68182730554463,100.0,54.506111328284135,24.500324023210677,20.9935646485052,True,1267.8419189453125,1354.0,1225.0,WIN,6.79564855580421,4,1354.0,VALIDATION,50,False,65,UP50_NIKKEIOFF_TESTA65
2026-01-30,6301.T,,4,84.61187199521953,100.0,53.10700512178198,25.696667076808065,21.19632780140997,True,5767.4423828125,6181.0,5561.0,WIN,7.170554809874462,2,6181.0,VALIDATION,50,False,65,UP50_NIKKEIOFF_TESTA65
2026-01-30,4507.T,,5,84.58398083988284,100.0,52.54918201504821,27.51690065496034,19.933917329991456,True,3098.799560546875,3360.0,2968.0,WIN,8.42908469391381,4,3360.0,VALIDATION,50,False,65,UP50_NIKKEIOFF_TESTA65
2026-01-30,4519.T,,6,84.49734590197855,100.0,50.81648325696237,27.515861581094576,21.66765516194305,True,8722.86328125,9453.0,8358.0,TIMEOUT_LOSS,-2.1929282466649918,5,8531.5771484375,VALIDATION,50,False,65,UP50_NIKKEIOFF_TESTA65
2026-01-30,7741.T,,7,82.43601411936412,95.0,54.58984760467368,25.0904083204542,20.319744074872133,True,25708.787109375,27937.0,24594.0,HOLD,2.222648673365951,5,26280.203125,VALIDATION,50,False,65,UP50_NIKKEIOFF_TESTA65
2026-01-30,4183.T,,8,76.15311036838357,100.0,57.844816063323556,23.75755364616829,18.397630290508154,True,2173.097412109375,2310.0,2105.0,WIN,6.299882698665443,3,2310.0,VALIDATION,50,False,65,UP50_NIKKEIOFF_TESTA65
2026-01-30,5019.T,,9,76.1460399471245,100.0,57.70340763814242,23.942083090471325,18.35450927138626,True,1277.4263916015625,1358.0,1237.0,WIN,6.3074952050598405,3,1358.0,VALIDATION,50,False,65,UP50_NIKKEIOFF_TESTA65
2026-01-30,9532.T,,10,76.13490790534765,100.0,57.48076680260503,23.21109644605235,19.30813675134265,True,5676.3212890625,5961.0,5534.0,WIN,5.015197280781783,2,5961.0,VALIDATION,50,False,65,UP50_NIKKEIOFF_TESTA65
2026-02-02,9532.T,,1,84.88441589131735,100.0,58.55788304373826,23.429083557348456,18.01303339891333,True,5750.77783203125,6075.0,5589.0,WIN,5.637883733968392,1,6075.0,VALIDATION,50,False,65,UP50_NIKKEIOFF_TESTA65
2026-02-02,6301.T,,2,84.65983043592772,100.0,54.06617393594573,25.88803352052157,20.045792543532723,True,6043.70361328125,6506.0,5813.0,WIN,7.649223328934224,1,6506.0,VALIDATION,50,False,65,UP50_NIKKEIOFF_TESTA65
2026-02-02,2282.T,,3,82.59540525752445,95.0,57.777670367880226,23.268767226381645,18.95356240573815,True,2333.949951171875,2464.0,2269.0,LOSS,-2.782833930918856,1,2269.0,VALIDATION,50,False,65,UP50_NIKKEIOFF_TESTA65
2026-02-02,7741.T,,4,82.4022606221872,95.0,53.91477766113538,26.641470340487995,19.443751998376648,True,25654.12890625,28108.0,24427.0,HOLD,6.0817375736148716,5,27214.345703125,VALIDATION,50,False,65,UP50_NIKKEIOFF_TESTA65
2026-02-02,8233.T,,5,73.62976301465972,100.0,50.856129858411805,25.91591865805804,23.22795148353017,True,1969.732177734375,2100.0,1905.0,WIN,6.613478915466652,1,2100.0,VALIDATION,50,False,65,UP50_NIKKEIOFF_TESTA65
2026-02-02,5802.T,,6,73.54815070273018,95.0,50.74562275025586,27.513089394507205,21.74128785523696,True,1667.8099365234375,1880.0,1562.0,WIN,12.7226765370444,1,1880.0,VALIDATION,50,False,65,UP50_NIKKEIOFF_TESTA65
2026-02-02,4502.T,,7,71.74687723556745,90.0,59.72015340700122,23.344886590552065,16.93496000244672,True,5160.21484375,5442.0,5019.0,WIN,5.460725275640322,5,5442.0,VALIDATION,50,False,65,UP50_NIKKEIOFF_TESTA65
2026-02-02,5201.T,,8,71.63410164397408,90.0,57.464641575133804,26.85965389241609,15.675704532450144,True,5623.14404296875,5945.0,5462.0,WIN,5.72377222727742,2,5945.0,VALIDATION,50,False,65,UP50_NIKKEIOFF_TESTA65
2026-02-02,9531.T,,9,71.5142742390583,90.0,55.068093476818056,24.68244135857944,20.24946516460255,True,6895.7333984375,7374.0,6657.0,WIN,6.935688692240773,5,7374.0,VALIDATION,50,False,65,UP50_NIKKEIOFF_TESTA65
2026-02-02,6305.T,,10,71.41551516680717,95.0,51.57117290136082,28.1975399519152,20.231287146724,True,5043.65087890625,5416.0,4858.0,WIN,7.382531623094746,2,5416.0,VALIDATION,50,False,65,UP50_NIKKEIOFF_TESTA65
2026-02-03,9107.T,,1,75.7801870488361,95.0,51.90808880280887,25.312408008043903,22.779503189147228,True,2216.328369140625,2337.0,2156.0,HOLD,0.997402424587311,5,2238.43408203125,VALIDATION,50,False,65,UP50_NIKKEIOFF_TESTA65
2026-02-03,4042.T,,2,75.77194003742416,100.0,50.22140944413529,23.87272468782055,25.905865868044202,True,2515.7548828125,2649.0,2449.0,LOSS,-2.6534732484697026,2,2449.0,VALIDATION,50,False,65,UP50_NIKKEIOFF_TESTA65
2026-02-03,4502.T,,3,73.52020366368009,90.0,51.708421099688564,26.582494165352188,21.709084734959248,True,5234.5947265625,5522.0,5091.0,HOLD,2.9894827176098016,5,5391.08203125,VALIDATION,50,False,65,UP50_NIKKEIOFF_TESTA65
2026-02-03,3086.T,,4,73.46461908835289,90.0,50.59672959314463,28.416231936739177,20.98703847011621,True,2300.668212890625,2422.0,2240.0,WIN,5.273762919379422,2,2422.0,VALIDATION,50,False,65,UP50_NIKKEIOFF_TESTA65
2026-02-03,9147.T,,5,73.43825516276496,90.0,50.06945108138604,26.143485883662777,23.787063034951178,True,3545.50927734375,3718.0,3459.0,WIN,4.865047844000505,4,3718.0,VALIDATION,50,False,65,UP50_NIKKEIOFF_TESTA65
2026-02-03,9735.T,,6,64.86921237707489,95.0,51.07989971541086,25.130917568236335,23.789182716352855,True,5759.3369140625,6050.0,5614.0,WIN,5.046815115604569,4,6050.0,VALIDATION,50,False,65,UP50_NIKKEIOFF_TESTA65
2026-02-03,8309.T,,7,62.616284479909424,90.0,51.02134177210148,26.829971264604126,22.148686963294395,True,1257.5576171875,1333.0,1220.0,WIN,5.999119386770145,4,1333.0,VALIDATION,50,False,65,UP50_NIKKEIOFF_TESTA65
2026-02-03,3861.T,,8,62.61304361351414,90.0,50.956524444195686,26.842237178512327,22.20123837729201,True,898.7462768554688,939.0,879.0,LOSS,-2.1970913664929967,3,879.0,VALIDATION,50,False,65,UP50_NIKKEIOFF_TESTA65
2026-02-03,2269.T,,9,62.576940609002605,90.0,50.23446435396524,26.721612183484368,23.043923462550413,True,3647.663330078125,3839.0,3552.0,HOLD,2.2429812964193623,5,3729.479736328125,VALIDATION,50,False,65,UP50_NIKKEIOFF_TESTA65
2026-02-03,1721.T,,10,60.341404597135536,85.0,50.52374411662387,26.513909641927214,22.962346241448923,True,4814.111328125,5080.0,4681.0,WIN,5.5231101599505035,3,5080.0,VALIDATION,50,False,65,UP50_NIKKEIOFF_TESTA65
2026-02-04,9107.T,,1,86.87152110133113,100.0,54.8217263744488,24.64073876160942,20.537534863941804,True,2239.395263671875,2365.0,2176.0,HOLD,0.5150250807762236,5,2250.9287109375,VALIDATION,50,False,65,UP50_NIKKEIOFF_TESTA65
2026-02-04,3086.T,,2,86.8472304580226,100.0,54.33591350827801,25.57524805700443,20.08883843471758,True,2364.439453125,2493.0,2300.0,WIN,5.437252652212593,1,2493.0,VALIDATION,50,False,65,UP50_NIKKEIOFF_TESTA65
2026-02-04,4042.T,,3,86.77779164736947,100.0,52.94713729521546,26.0375453034867,21.015317401297857,True,2632.465087890625,2781.0,2558.0,LOSS,-2.82872081507046,1,2558.0,VALIDATION,50,False,65,UP50_NIKKEIOFF_TESTA65
2026-02-04,9101.T,,4,84.5555758020516,95.0,53.502820388858275,26.019453976073255,20.4777256350685,True,5021.54833984375,5304.0,4880.0,LOSS,-2.818818624539108,1,4880.0,VALIDATION,50,False,65,UP50_NIKKEIOFF_TESTA65
2026-02-04,9202.T,,5,82.30913753251079,90.0,53.57405499804192,26.25333358871821,20.1726114132399,True,3137.9677734375,3301.0,3056.0,HOLD,2.0678954426304097,5,3202.857666015625,VALIDATION,50,False,65,UP50_NIKKEIOFF_TESTA65
2026-02-04,9022.T,,6,79.99401721198132,85.0,52.27164858745238,26.890339970799438,20.8380114417482,True,4586.88623046875,4897.0,4432.0,HOLD,0.8866777241462931,5,4627.55712890625,VALIDATION,50,False,65,UP50_NIKKEIOFF_TESTA65
2026-02-04,5301.T,,7,78.15646443869566,100.0,54.43363660000021,24.69434555824536,20.87201784175445,True,1098.6429443359375,1166.0,1065.0,LOSS,-3.0622273150147614,2,1065.0,VALIDATION,50,False,65,UP50_NIKKEIOFF_TESTA65
2026-02-04,8354.T,,8,78.09987100228813,100.0,53.30176787184923,24.337604181862815,22.360627946287977,True,5884.462890625,6265.0,5694.0,WIN,6.466811269746701,1,6265.0,VALIDATION,50,False,65,UP50_NIKKEIOFF_TESTA65
2026-02-04,7186.T,,9,77.98307946657565,100.0,50.96593715759982,25.19516647158043,23.838896370819775,True,1452.181884765625,1553.0,1402.0,WIN,6.942526710464134,3,1553.0,VALIDATION,50,False,65,UP50_NIKKEIOFF_TESTA65
2026-02-04,4208.T,,10,75.99234735964838,100.0,54.62955588861965,23.742318983283564,21.628125128096816,True,2674.761474609375,2830.0,2597.0,LOSS,-2.9072302464178184,1,2597.0,VALIDATION,50,False,65,UP50_NIKKEIOFF_TESTA65
2026-02-05,9201.T,,1,86.7484346136186,100.0,52.35999662019789,26.103148689226025,21.536854690576117,True,3006.998291015625,3166.0,2928.0,TIMEOUT_LOSS,-0.16066849264796923,5,3002.1669921875,VALIDATION,50,False,65,UP50_NIKKEIOFF_TESTA65
2026-02-05,9021.T,,2,86.72253530963584,100.0,51.84201054054288,25.765113284394904,22.392876175062238,True,3368.97705078125,3536.0,3286.0,LOSS,-2.4629746516678708,5,3286.0,VALIDATION,50,False,65,UP50_NIKKEIOFF_TESTA65
2026-02-05,7186.T,,3,86.6719749464378,100.0,50.83080327658216,23.788608198318535,25.38058852509933,True,1498.9166259765625,1603.0,1447.0,LOSS,-3.4636099884967373,1,1447.0,VALIDATION,50,False,65,UP50_NIKKEIOFF_TESTA65
2026-02-05,6472.T,,4,86.66135116107033,100.0,50.618327569232726,26.01974668074681,23.3619257500205,True,374.8567199707031,404.0,360.0,WIN,7.774511827232165,2,404.0,VALIDATION,50,False,65,UP50_NIKKEIOFF_TESTA65
2026-02-05,9001.T,,5,86.65186688922347,100.0,50.42864213229563,24.482088879947966,25.089268987756423,True,2865.47412109375,3005.0,2796.0,HOLD,2.3975498982617505,5,2934.17529296875,VALIDATION,50,False,65,UP50_NIKKEIOFF_TESTA65
2026-02-05,2801.T,,6,86.6343495990333,100.0,50.07829632849202,27.454467962037022,22.467235709470977,True,1489.268798828125,1587.0,1440.0,LOSS,-3.3082542833700406,1,1440.0,VALIDATION,50,False,65,UP50_NIKKEIOFF_TESTA65
2026-02-05,7951.T,,7,84.40524553730862,95.0,50.49621509399845,26.57137137933603,22.932413526665545,True,1142.1702880859375,1219.0,1104.0,WIN,6.726642490658258,2,1219.0,VALIDATION,50,False,65,UP50_NIKKEIOFF_TESTA65
2026-02-05,9202.T,,8,82.2324558548892,90.0,52.040421445609944,26.558381763701515,21.401196790688573,True,3190.267333984375,3358.0,3106.0,HOLD,1.5482651971499928,5,3239.6611328125,VALIDATION,50,False,65,UP50_NIKKEIOFF_TESTA65
2026-02-05,3861.T,,9,78.13090301440758,100.0,53.922408114238365,24.30392090066812,21.77367098509353,True,915.1428833007812,957.0,894.0,LOSS,-2.3103368541229417,1,894.0,VALIDATION,50,False,65,UP50_NIKKEIOFF_TESTA65
2026-02-05,1928.T,,10,77.99936761523942,100.0,51.29170013087527,26.237866986659547,22.4704328824652,True,3514.206298828125,3666.0,3438.0,WIN,4.319430570211354,4,3666.0,VALIDATION,50,False,65,UP50_NIKKEIOFF_TESTA65
2026-02-06,7186.T,,1,86.8596525456048,100.0,54.58435525992219,24.57846546710389,20.837179272973934,True,1509.1397705078125,1628.0,1450.0,WIN,7.876025257235919,2,1628.0,VALIDATION,50,False,65,UP50_NIKKEIOFF_TESTA65
2026-02-06,1812.T,,2,86.85315336505876,100.0,54.454371649001246,24.061214472076635,21.484413878922144,True,6757.44580078125,7283.0,6495.0,WIN,7.777409019810251,1,7283.0,VALIDATION,50,False,65,UP50_NIKKEIOFF_TESTA65
2026-02-06,5201.T,,3,86.84778843288753,100.0,54.347073005576654,25.577812370450104,20.075114623973278,True,6017.2666015625,6420.0,5816.0,HOLD,4.290152313954585,5,6275.41650390625,VALIDATION,50,False,65,UP50_NIKKEIOFF_TESTA65
2026-02-06,6472.T,,4,86.80479113005586,100.0,53.48712694894311,25.743088157947742,20.76978489310917,True,391.5879211425781,422.0,376.0,HOLD,3.087186718552306,5,403.6769714355469,VALIDATION,50,False,65,UP50_NIKKEIOFF_TESTA65
2026-02-06,1802.T,,5,86.78465372831809,100.0,53.08437891418809,25.35154585302254,21.564075232789392,True,3859.8896484375,4131.0,3724.0,WIN,7.023785036762558,1,4131.0,VALIDATION,50,False,65,UP50_NIKKEIOFF_TESTA65
2026-02-06,7203.T,トヨタ自動車,6,86.7661917207333,100.0,52.715138762492266,26.18562083798434,21.0992403995234,True,3662.18603515625,3964.0,3511.0,TIMEOUT_LOSS,-1.772489562551824,5,3597.274169921875,VALIDATION,50,False,65,UP50_NIKKEIOFF_TESTA65
2026-02-06,1801.T,,7,86.73773202705411,100.0,52.14594488890815,25.722156489017294,22.131898622074583,True,17298.3203125,18953.0,16471.0,TIMEOUT_LOSS,-2.476769104659277,5,16869.880859375,VALIDATION,50,False,65,UP50_NIKKEIOFF_TESTA65
2026-02-06,3086.T,,8,86.69882787480053,100.0,51.36786184383667,26.180114829601152,22.45202332656219,True,2634.731201171875,2816.0,2544.0,TIMEOUT_LOSS,-3.2023769028116473,5,2550.357177734375,VALIDATION,50,False,65,UP50_NIKKEIOFF_TESTA65
2026-02-06,1332.T,,9,86.64756604296481,100.0,50.342625207122346,26.600838027493563,23.056536765384113,True,1386.8966064453125,1503.0,1329.0,WIN,8.371452710686667,3,1503.0,VALIDATION,50,False,65,UP50_NIKKEIOFF_TESTA65
2026-02-06,8354.T,,10,82.25466656700758,90.0,52.484635687977445,25.58118694680857,21.934177365213994,True,6673.7236328125,7199.0,6411.0,TIMEOUT_LOSS,-2.6361767736193706,5,6497.79248046875,VALIDATION,50,False,65,UP50_NIKKEIOFF_TESTA65
2026-02-24,2269.T,,1,62.58321654092171,90.0,50.359982992347355,27.38934259088354,22.250674416769105,True,3802.53076171875,3997.0,3705.0,HOLD,1.5368760756707183,5,3860.970947265625,VALIDATION,50,False,65,UP50_NIKKEIOFF_TESTA65
2026-03-03,9531.T,,1,73.70194726629961,100.0,52.29981489120955,25.94784480243491,21.75234030635557,True,7724.04638671875,8329.0,7422.0,LOSS,-3.9104683166857863,1,7422.0,VALIDATION,50,False,65,UP50_NIKKEIOFF_TESTA65
2026-03-03,2269.T,,2,69.21608304174408,85.0,54.10426953053389,25.985731634832486,19.909998834633665,True,3860.970947265625,4066.0,3759.0,LOSS,-2.6410700483991403,1,3759.0,VALIDATION,50,False,65,UP50_NIKKEIOFF_TESTA65
2026-03-03,9147.T,,3,69.18296099876922,85.0,53.44182867103656,26.835565551397156,19.722605777566276,True,3712.83447265625,3935.0,3602.0,LOSS,-2.9851713959377344,1,3602.0,VALIDATION,50,False,65,UP50_NIKKEIOFF_TESTA65
2026-03-03,2871.T,,4,69.17380544003383,85.0,53.25871749632874,27.786167863075796,18.95511464059547,True,2041.3358154296875,2141.0,1991.0,LOSS,-2.4658272808039743,3,1991.0,VALIDATION,50,False,65,UP50_NIKKEIOFF_TESTA65
2026-03-03,9101.T,,5,69.14202971547988,85.0,52.623203005249806,26.827598165353194,20.54919882939701,True,5355.22509765625,5662.0,5202.0,LOSS,-2.8612260896990116,1,5202.0,VALIDATION,50,False,65,UP50_NIKKEIOFF_TESTA65
2026-03-03,2282.T,,6,69.08749361342139,85.0,51.53248096407985,28.63065578906905,19.836863246851085,True,2313.099609375,2445.0,2247.0,LOSS,-2.8576205325139514,1,2247.0,VALIDATION,50,False,65,UP50_NIKKEIOFF_TESTA65
2026-03-03,9008.T,,7,69.02580415898169,85.0,50.298691875285904,30.649968640300628,19.051339484413454,True,787.9111328125,827.0,768.0,LOSS,-2.52707849696525,1,768.0,VALIDATION,50,False,65,UP50_NIKKEIOFF_TESTA65
2026-03-03,9532.T,,8,62.64764960543492,95.0,50.12690515217666,28.60871727158824,21.2643775762351,True,6512.9765625,6986.0,6277.0,LOSS,-3.6231753674455205,4,6277.0,VALIDATION,50,False,65,UP50_NIKKEIOFF_TESTA65
2026-03-03,8252.T,,9,57.87881621676097,65.0,50.83719390043668,29.868680297234835,19.294125802328505,True,2993.501220703125,3144.0,2918.0,HOLD,1.1497970742447363,5,3027.92041015625,VALIDATION,50,False,65,UP50_NIKKEIOFF_TESTA65
2026-03-03,4502.T,,10,53.76961775264362,75.0,52.56626809635061,28.635757111180187,18.797974792469198,True,5532.11376953125,5846.0,5375.0,LOSS,-2.8400314251773358,1,5375.0,VALIDATION,50,False,65,UP50_NIKKEIOFF_TESTA65
2019-05-31,6701.T,,1,66.90710666751677,85.0,51.403002915552754,30.77351253692347,17.823484547523787,True,724.491455078125,771.0,701.0,LOSS,-3.2424751062925674,2,701.0,DEV,50,False,75,UP50_NIKKEIOFF_TESTA75
2019-05-31,9433.T,,2,66.90363020137504,85.0,51.333473592718256,29.230765442114926,19.435760965166818,True,1090.1092529296875,1140.0,1065.0,LOSS,-2.3033703146914815,3,1065.0,DEV,50,False,75,UP50_NIKKEIOFF_TESTA75
2019-05-31,4661.T,,3,66.86470094020171,85.0,50.55488836925184,31.001457383270388,18.443654247477788,True,2591.773193359375,2729.0,2523.0,LOSS,-2.6535189705482427,2,2523.0,DEV,50,False,75,UP50_NIKKEIOFF_TESTA75
2019-05-31,9009.T,,4,62.53778969194589,75.0,54.01666340413512,28.68546290871495,17.297873687149952,True,1268.4100341796875,1344.0,1230.0,LOSS,-3.028203273756678,2,1230.0,DEV,50,False,75,UP50_NIKKEIOFF_TESTA75
2019-05-31,8725.T,,5,62.40341912974047,75.0,51.329252160026805,29.681361663813473,18.989386176159726,True,827.1231689453125,867.0,807.0,HOLD,1.5380118607519444,5,839.8444213867188,DEV,50,False,75,UP50_NIKKEIOFF_TESTA75
2019-05-31,9005.T,,6,56.15538308087339,85.0,53.75983553051137,28.495404587451002,17.744759882037652,True,1756.6318359375,1858.0,1706.0,HOLD,1.5576503885109498,5,1783.9940185546875,DEV,50,False,75,UP50_NIKKEIOFF_TESTA75
2019-05-31,7832.T,,7,56.11400669802855,85.0,52.93230787361447,29.31742325203895,17.75026887434661,True,1560.746337890625,1681.0,1501.0,LOSS,-3.8280620264900436,3,1501.0,DEV,50,False,75,UP50_NIKKEIOFF_TESTA75
2019-05-31,7011.T,,8,56.109604140127274,85.0,52.84425671558894,29.113415085366157,18.042328199044913,True,406.5148620605469,430.0,395.0,LOSS,-2.832580831652801,5,395.0,DEV,50,False,75,UP50_NIKKEIOFF_TESTA75
2019-05-31,8252.T,,9,53.031465284585806,85.0,52.15104482215095,28.93214044825016,18.9168147295989,True,1772.20361328125,1897.0,1710.0,HOLD,0.4858625480889374,5,1780.8140869140625,DEV,50,False,75,UP50_NIKKEIOFF_TESTA75
2019-05-31,9432.T,,10,51.673578384741035,75.0,54.12374160786412,28.299216882068396,17.577041510067502,True,75.73210144042969,79.0,74.0,HOLD,2.0756152457930694,5,77.30400848388672,DEV,50,False,75,UP50_NIKKEIOFF_TESTA75
2019-06-04,4568.T,,1,64.77064960518491,85.0,52.15212253848094,32.53088192918235,15.316995532336744,False,1661.9205322265625,1824.0,1581.0,WIN,9.752540186520898,3,1824.0,DEV,50,False,75,UP50_NIKKEIOFF_TESTA75
2019-06-04,6326.T,,2,61.5563921624515,80.0,50.25827803163872,31.4332306281822,18.30849134017911,False,1411.2950439453125,1496.0,1369.0,HOLD,4.784830532891158,5,1478.8231201171875,DEV,50,False,75,UP50_NIKKEIOFF_TESTA75
2019-06-04,9766.T,,3,56.075752447865185,85.0,52.16722287034706,32.824652962559696,15.008124167093253,False,4600.4609375,4915.0,4443.0,HOLD,0.0,5,4600.4609375,DEV,50,False,75,UP50_NIKKEIOFF_TESTA75
2019-06-04,9432.T,,4,51.61758109302525,75.0,53.003795773548546,32.4224493268473,14.573754899604172,False,75.62315368652344,79.0,74.0,HOLD,3.4369180710644125,5,78.22225952148438,DEV,50,False,75,UP50_NIKKEIOFF_TESTA75
2019-06-04,9602.T,,5,51.563768180577895,75.0,51.92753752460136,32.96863355640636,15.103828918992324,False,846.458251953125,898.0,820.0,HOLD,2.7926926102068794,5,870.0972290039062,DEV,50,False,75,UP50_NIKKEIOFF_TESTA75
2019-06-04,9433.T,,6,48.50025892081485,75.0,51.526917546731774,34.48170926244632,13.991373190821916,False,1066.848876953125,1119.0,1041.0,HOLD,0.7328917736296725,5,1074.667724609375,DEV,50,False,75,UP50_NIKKEIOFF_TESTA75
2019-10-16,5333.T,,1,66.00037280802009,85.0,50.659630073445285,28.434297133080268,20.906072793474483,True,1279.611572265625,1347.0,1246.0,HOLD,4.6975658087161385,5,1339.72216796875,DEV,50,False,75,UP50_NIKKEIOFF_TESTA75
2019-10-16,8316.T,,2,59.55364859395159,90.0,50.638189270336184,28.98386640047919,20.37794432918465,True,455.3744201660156,475.0,445.0,HOLD,1.994168362350452,5,464.4553527832031,DEV,50,False,75,UP50_NIKKEIOFF_TESTA75
2019-10-16,8306.T,三菱UFJ,3,49.33016924828867,75.0,50.73381974838216,29.49265973500258,19.773520516615275,True,420.6357421875,441.0,410.0,HOLD,2.5258949321037956,5,431.26055908203125,DEV,50,False,75,UP50_NIKKEIOFF_TESTA75
2019-12-13,6902.T,,1,79.9474220305637,85.0,51.339744959100095,26.88473019745516,21.775524843444742,True,1062.3533935546875,1111.0,1038.0,LOSS,-2.2924004104886255,4,1038.0,DEV,50,False,75,UP50_NIKKEIOFF_TESTA75
2019-12-13,7751.T,,2,75.76102436613135,100.0,50.003096018279244,28.68153099017649,21.315372991544262,True,2363.890625,2434.0,2329.0,HOLD,0.16231351915869627,5,2367.7275390625,DEV,50,False,75,UP50_NIKKEIOFF_TESTA75
2020-03-06,3659.T,,1,51.838774547986226,75.0,57.427664872767956,32.83197854886459,9.740356578367436,False,1406.5872802734375,1532.0,1344.0,LOSS,-4.449583836793311,1,1344.0,DEV,50,False,75,UP50_NIKKEIOFF_TESTA75
2021-01-08,8630.T,,1,77.95780953516322,100.0,50.4605385293513,27.95931592604394,21.580145544604772,True,1132.0400390625,1193.0,1101.0,TIMEOUT_LOSS,-0.30681481941565325,5,1128.5667724609375,DEV,50,False,75,UP50_NIKKEIOFF_TESTA75
2021-01-08,2282.T,,2,69.07305927734993,85.0,51.24379424265088,27.305470310900116,21.450735446449002,True,1336.1334228515625,1409.0,1300.0,LOSS,-2.704327444668431,5,1300.0,DEV,50,False,75,UP50_NIKKEIOFF_TESTA75
2021-01-08,6471.T,,3,61.48729351264076,75.0,50.398044165858636,28.578519009119656,21.02343682502171,True,743.6954345703125,804.0,714.0,HOLD,0.10821762954313383,5,744.500244140625,DEV,50,False,75,UP50_NIKKEIOFF_TESTA75
2021-02-08,8316.T,,1,86.6785606705024,100.0,50.962517757874416,27.58434517107836,21.453137071047212,True,461.5956115722656,489.0,448.0,WIN,5.9368823577829986,4,489.0,DEV,50,False,75,UP50_NIKKEIOFF_TESTA75
2021-02-08,8053.T,,2,86.66960088868237,100.0,50.783322121473375,28.123537323913183,21.09314055461344,True,289.6702880859375,308.0,281.0,HOLD,4.330316450335212,5,302.21392822265625,DEV,50,False,75,UP50_NIKKEIOFF_TESTA75
2021-02-08,1721.T,,3,86.66486905860837,100.0,50.68868551999351,27.960302180264897,21.351012299741583,True,2813.673095703125,2995.0,2723.0,LOSS,-3.2225881479122642,5,2723.0,DEV,50,False,75,UP50_NIKKEIOFF_TESTA75
2021-02-08,8331.T,,4,86.63168907119703,100.0,50.02508577176658,27.964037163651252,22.010877064582175,True,540.8916015625,577.0,523.0,WIN,6.67571807977641,5,577.0,DEV,50,False,75,UP50_NIKKEIOFF_TESTA75
2021-02-08,2501.T,,5,79.17088127550281,90.0,51.67849507527361,27.43953525645638,20.88196966827001,True,409.2459716796875,431.0,399.0,HOLD,2.379850161504267,5,418.98541259765625,DEV,50,False,75,UP50_NIKKEIOFF_TESTA75
2021-02-08,2502.T,,6,79.1356410747135,90.0,50.97369105948742,27.026080849545597,22.00022809096696,True,1281.2196044921875,1367.0,1238.0,HOLD,5.947292385270954,5,1357.41748046875,DEV,50,False,75,UP50_NIKKEIOFF_TESTA75
2021-02-08,8267.T,,7,78.0572989763375,100.0,52.45032735283702,26.847088609042665,20.7025840381203,True,1074.799072265625,1131.0,1047.0,WIN,5.228970622007156,4,1131.0,DEV,50,False,75,UP50_NIKKEIOFF_TESTA75
2021-02-08,4704.T,,8,77.99862884951816,100.0,51.276924816449984,27.224834005760023,21.49824117778996,True,4925.25244140625,5259.0,4758.0,HOLD,1.663897898634439,5,5007.20361328125,DEV,50,False,75,UP50_NIKKEIOFF_TESTA75
2021-02-08,8630.T,,9,77.98637083402653,100.0,51.031764506617286,27.96319862862032,21.00503686476241,True,1166.7735595703125,1229.0,1136.0,TIMEOUT_LOSS,-1.465567450973294,5,1149.6737060546875,DEV,50,False,75,UP50_NIKKEIOFF_TESTA75
2021-02-08,4578.T,,10,77.98630109321283,100.0,51.03036969034363,27.199344586730284,21.770285722926072,True,4261.3779296875,4483.0,4151.0,LOSS,-2.5901933953929865,3,4151.0,DEV,50,False,75,UP50_NIKKEIOFF_TESTA75
2021-02-26,7004.T,,1,66.87697589323062,85.0,50.80038742982998,28.591335046760996,20.608277523409,True,601.1643676757812,672.0,566.0,WIN,11.783072339780071,3,672.0,DEV,50,False,75,UP50_NIKKEIOFF_TESTA75
2021-03-02,6302.T,,1,58.224898518700236,85.0,51.67188341748297,29.18540642930762,19.142710153209418,True,2450.734619140625,2680.0,2336.0,TIMEOUT_LOSS,-0.7308973144512134,5,2432.822265625,DEV,50,False,75,UP50_NIKKEIOFF_TESTA75
2021-03-02,4183.T,,2,58.18236160039458,85.0,50.82114505136987,28.26775918555992,20.9110957630702,True,1364.8817138671875,1484.0,1305.0,HOLD,6.627409387135143,5,1455.3380126953125,DEV,50,False,75,UP50_NIKKEIOFF_TESTA75
2021-03-03,7011.T,,1,70.2030310867498,75.0,50.79975216977882,25.855716319850792,23.344531510370377,True,291.8812561035156,315.0,280.0,HOLD,1.0381766066016929,5,294.9114990234375,DEV,50,False,75,UP50_NIKKEIOFF_TESTA75
2021-03-03,7186.T,,2,64.53514691573227,75.0,50.48554701029766,29.4175863389569,20.09686665074543,True,347.6304626464844,376.0,333.0,WIN,8.160831803271924,4,376.0,DEV,50,False,75,UP50_NIKKEIOFF_TESTA75
2021-03-03,1803.T,,3,63.77861957898373,80.0,51.2245654927181,28.900397118745154,19.87503738853674,True,715.743896484375,768.0,689.0,HOLD,4.491714156388455,5,747.89306640625,DEV,50,False,75,UP50_NIKKEIOFF_TESTA75
2021-03-03,8591.T,,4,58.214564518799456,85.0,51.46520341946742,29.255309836891215,19.279486743641367,True,1452.7554931640625,1569.0,1395.0,HOLD,2.0706542229782388,5,1482.8370361328125,DEV,50,False,75,UP50_NIKKEIOFF_TESTA75
2021-03-03,6302.T,,5,58.21112041532453,85.0,51.39632134996882,28.193371439774523,20.41030721025665,True,2519.94140625,2751.0,2405.0,LOSS,-4.5612729710667255,2,2405.0,DEV,50,False,75,UP50_NIKKEIOFF_TESTA75
2021-03-03,8015.T,,6,58.18505217843413,85.0,50.87495661216077,30.479798768593902,18.645244619245343,True,1283.881591796875,1400.0,1226.0,HOLD,0.8638982547089353,5,1294.9730224609375,DEV,50,False,75,UP50_NIKKEIOFF_TESTA75
2021-03-03,543A.T,,7,58.17363861145022,85.0,50.64668527248271,29.106370454919915,20.246944272597382,True,1012.5596923828125,1125.0,956.0,TIMEOUT_LOSS,-0.7684973240751022,5,1004.7781982421875,DEV,50,False,75,UP50_NIKKEIOFF_TESTA75
2021-03-03,6902.T,,8,58.16455649467092,85.0,50.46504293689667,29.41359157844043,20.121365484662885,True,1447.410400390625,1565.0,1389.0,HOLD,4.040697345896404,5,1505.8958740234375,DEV,50,False,75,UP50_NIKKEIOFF_TESTA75
2021-03-03,5214.T,,9,58.1629031074877,85.0,50.431975193232326,29.368782241468967,20.199242565298682,True,2020.201416015625,2166.0,1947.0,TIMEOUT_LOSS,-0.3605790873313921,5,2012.9169921875,DEV,50,False,75,UP50_NIKKEIOFF_TESTA75
2021-03-03,9009.T,,10,53.694158402090515,75.0,51.05708108528858,27.65954139172261,21.283377522988815,True,1206.8773193359375,1307.0,1157.0,HOLD,3.911350345144137,5,1254.08251953125,DEV,50,False,75,UP50_NIKKEIOFF_TESTA75
2021-04-01,7532.T,,1,55.82187855863012,75.0,50.13322334651542,29.454565965874917,20.41221068760967,True,499.1876525878906,542.0,478.0,TIMEOUT_LOSS,-1.4885329136736498,5,491.757080078125,DEV,50,False,75,UP50_NIKKEIOFF_TESTA75
2022-03-23,7912.T,,1,84.38416005583787,95.0,50.07450546458335,27.793762566401313,22.131731969015334,False,1399.1610107421875,1500.0,1349.0,TIMEOUT_LOSS,-1.5117440549045549,5,1378.00927734375,DEV,50,False,75,UP50_NIKKEIOFF_TESTA75
2022-03-23,8001.T,,2,73.47451590562287,90.0,50.794665938544284,29.2079553520675,19.997378709388215,False,721.6596069335938,769.0,698.0,HOLD,2.0497779412163957,5,736.4520263671875,DEV,50,False,75,UP50_NIKKEIOFF_TESTA75
2022-03-23,9503.T,,3,73.44665021559415,90.0,50.23735213796976,29.28532496599473,20.477322896035517,False,1045.1273193359375,1112.0,1012.0,LOSS,-3.1696922205599063,2,1012.0,DEV,50,False,75,UP50_NIKKEIOFF_TESTA75
2022-03-23,6178.T,,4,66.7898056407885,75.0,52.10046064185708,27.88720156337109,20.012337794771838,False,800.1746215820312,839.0,781.0,LOSS,-2.396304639619907,5,781.0,DEV,50,False,75,UP50_NIKKEIOFF_TESTA75
2022-03-23,5020.T,,5,66.75665873994934,75.0,51.437522625073726,28.983352745844552,19.57912462908171,False,397.81488037109375,424.0,385.0,TIMEOUT_LOSS,-0.34870667229842467,5,396.42767333984375,DEV,50,False,75,UP50_NIKKEIOFF_TESTA75
2022-03-23,4502.T,,6,65.92170863952424,80.0,50.6080858339631,28.413075540926787,20.97883862511014,False,2921.2822265625,3059.0,2853.0,TIMEOUT_LOSS,-1.0376603809663256,5,2890.96923828125,DEV,50,False,75,UP50_NIKKEIOFF_TESTA75
2022-03-23,2432.T,,7,62.44045038716403,80.0,50.54813817806312,27.492386051850175,21.959475770086716,False,1713.0953369140625,1837.0,1651.0,HOLD,3.9920542563435086,5,1781.4830322265625,DEV,50,False,75,UP50_NIKKEIOFF_TESTA75
2022-12-27,3099.T,,1,82.37088347790652,100.0,51.76549564508672,29.029021532398836,19.205482822514387,True,674.3696899414062,731.0,646.0,LOSS,-4.206845349747436,3,646.0,DEV,50,False,75,UP50_NIKKEIOFF_TESTA75
2022-12-27,7453.T,,2,74.83214837285773,90.0,51.86035876150249,27.97561723820773,20.164024000289732,True,745.5569458007812,801.0,718.0,HOLD,0.06321629477360388,5,746.0282592773438,DEV,50,False,75,UP50_NIKKEIOFF_TESTA75
2022-12-27,8267.T,,3,73.76290354990253,100.0,53.51894056326799,26.629714641588098,19.851344795143845,True,918.2265014648438,957.0,899.0,LOSS,-2.093873508788058,2,899.0,DEV,50,False,75,UP50_NIKKEIOFF_TESTA75
2022-12-27,8233.T,,4,71.25031751857497,80.0,52.83243732802123,28.102473521172204,19.065089150806493,True,849.6592407226562,919.0,815.0,TIMEOUT_LOSS,-1.3661267151202405,5,838.0518188476562,DEV,50,False,75,UP50_NIKKEIOFF_TESTA75
2022-12-27,8304.T,,5,69.11992857493576,90.0,50.65944106393259,29.283256535200884,20.057302400866497,True,2334.877685546875,2430.0,2288.0,LOSS,-2.0077148296483593,2,2288.0,DEV,50,False,75,UP50_NIKKEIOFF_TESTA75
2022-12-27,3086.T,,6,68.21442522053451,80.0,52.98415658460311,26.896355572191045,20.11948784320579,True,1121.6087646484375,1205.0,1080.0,LOSS,-3.7097396133026437,1,1080.0,DEV,50,False,75,UP50_NIKKEIOFF_TESTA75
2022-12-27,9201.T,,7,64.8483248638085,85.0,53.705627710952754,24.501122668775473,21.793249620271723,True,2432.251220703125,2564.0,2366.0,LOSS,-2.723864218432701,4,2366.0,DEV,50,False,75,UP50_NIKKEIOFF_TESTA75
2022-12-27,2914.T,,8,58.30826323536948,90.0,51.8174386204331,29.17548057969433,19.007080799872522,True,2301.109375,2369.0,2267.0,LOSS,-1.4823013356329489,2,2267.0,DEV,50,False,75,UP50_NIKKEIOFF_TESTA75
2022-12-27,9021.T,,9,56.169332402069855,85.0,54.03882195444053,25.574412665058695,20.38676538050074,True,2576.462890625,2726.0,2502.0,LOSS,-2.890120827897379,5,2502.0,DEV,50,False,75,UP50_NIKKEIOFF_TESTA75
2022-12-27,5301.T,,10,53.043713321895694,85.0,52.39600556834859,27.051560948063734,20.552433483587624,True,983.0342407226562,1049.0,950.0,LOSS,-3.3604364277659187,4,950.0,DEV,50,False,75,UP50_NIKKEIOFF_TESTA75
2022-12-28,5401.T,,1,73.66627688561661,100.0,51.586407277549704,27.92041157245474,20.493181149995493,True,357.5216369628906,377.0,348.0,LOSS,-2.663233767828976,3,348.0,DEV,50,False,75,UP50_NIKKEIOFF_TESTA75
2022-12-28,8304.T,,2,71.45654785325047,95.0,52.391826630226966,26.640597731041616,20.96757563873137,True,2323.53515625,2419.0,2276.0,LOSS,-2.0458117933846087,2,2276.0,DEV,50,False,75,UP50_NIKKEIOFF_TESTA75
2022-12-28,2914.T,,3,69.22734405456788,95.0,51.28601152614032,28.167738610768904,20.546249863090715,True,2297.47265625,2365.0,2264.0,LOSS,-1.4569338250421233,1,2264.0,DEV,50,False,75,UP50_NIKKEIOFF_TESTA75
2022-12-28,5406.T,,4,69.19400839222706,90.0,52.14103740975864,27.62713059931048,20.23183199093085,True,540.18017578125,566.0,527.0,LOSS,-2.439959178840249,2,527.0,DEV,50,False,75,UP50_NIKKEIOFF_TESTA75
2022-12-28,3099.T,,5,69.14910444101784,90.0,51.24295838557433,29.37578516946201,19.38125644496359,True,677.1017456054688,734.0,649.0,LOSS,-4.1502987974635905,1,649.0,DEV,50,False,75,UP50_NIKKEIOFF_TESTA75
2022-12-28,8316.T,,6,69.1108655415504,90.0,50.478180396225206,30.896651142292058,18.625168461482687,True,766.4431762695312,816.0,741.0,TIMEOUT_LOSS,-1.1023933686936116,5,757.9939575195312,DEV,50,False,75,UP50_NIKKEIOFF_TESTA75
2022-12-28,3086.T,,7,68.9258272309475,75.0,51.342631575472,27.5868056342686,21.070562790259366,True,1114.35498046875,1201.0,1071.0,LOSS,-3.890589733848801,2,1071.0,DEV,50,False,75,UP50_NIKKEIOFF_TESTA75
2022-12-28,3382.T,,8,62.477547231323115,80.0,51.290075061244934,27.70003279982364,21.00989213893141,True,1755.591796875,1838.0,1714.0,LOSS,-2.369104079264582,3,1714.0,DEV,50,False,75,UP50_NIKKEIOFF_TESTA75
2022-12-28,9201.T,,9,51.60451174789743,75.0,52.74240887099214,25.09268564597206,22.164905483035756,True,2413.58251953125,2546.0,2347.0,LOSS,-2.7586593370000547,3,2347.0,DEV,50,False,75,UP50_NIKKEIOFF_TESTA75
2022-12-28,2871.T,,10,51.56196786123597,75.0,51.891531137762925,28.056693383025394,20.051775479211642,True,1331.5797119140625,1398.0,1298.0,LOSS,-2.5217950989801254,4,1298.0,DEV,50,False,75,UP50_NIKKEIOFF_TESTA75
2022-12-29,8725.T,,1,80.29732754666867,95.0,55.29437702032982,29.91601422813946,14.789608751530661,True,1185.1563720703125,1255.0,1150.0,TIMEOUT_LOSS,-1.5490687264060723,5,1166.7974853515625,DEV,50,False,75,UP50_NIKKEIOFF_TESTA75
2022-12-29,3659.T,,2,71.49958176533386,100.0,51.73076574145977,31.58923016224811,16.680004096292063,True,2513.8583984375,2698.0,2422.0,TIMEOUT_LOSS,-0.6611397522561457,5,2497.23828125,DEV,50,False,75,UP50_NIKKEIOFF_TESTA75
2022-12-29,8306.T,三菱UFJ,3,71.38044550169312,95.0,50.86977959907991,34.12257793939973,15.007642461520303,True,774.2227172851562,831.0,746.0,HOLD,1.3386346642238605,5,784.5867309570312,DEV,50,False,75,UP50_NIKKEIOFF_TESTA75
2022-12-29,8309.T,,4,67.02447896385337,85.0,53.75044884228463,30.647801402938818,15.601749754776502,True,490.4980773925781,521.0,475.0,TIMEOUT_LOSS,-0.4152957811973776,5,488.4610595703125,DEV,50,False,75,UP50_NIKKEIOFF_TESTA75
2022-12-29,8304.T,,5,67.01124243632849,85.0,53.48571829178712,31.542134734304767,14.972146973908043,True,2277.5068359375,2379.0,2227.0,HOLD,0.42751012255983384,5,2287.243408203125,DEV,50,False,75,UP50_NIKKEIOFF_TESTA75
2022-12-29,3099.T,,6,66.9951200079009,85.0,53.16326972323532,32.44068001296604,14.396050263798637,True,647.504150390625,707.0,618.0,TIMEOUT_LOSS,-3.2348613987678796,5,626.5582885742188,DEV,50,False,75,UP50_NIKKEIOFF_TESTA75
2022-12-29,5401.T,,7,66.91722101877866,85.0,51.60528994079072,31.884270765542333,16.51043929366689,True,353.89703369140625,373.0,344.0,LOSS,-2.796585658877361,3,344.0,DEV,50,False,75,UP50_NIKKEIOFF_TESTA75
2022-12-29,8354.T,,8,66.86607755453268,85.0,50.58242065587104,34.27629612553861,15.1412832185903,True,2619.1865234375,2849.0,2504.0,LOSS,-4.397797652315563,5,2504.0,DEV,50,False,75,UP50_NIKKEIOFF_TESTA75
2022-12-29,5406.T,,9,63.982979435238995,85.0,53.79002348738854,30.175288176660263,16.034688335951174,True,531.8825073242188,559.0,518.0,HOLD,1.40406131807913,5,539.3504638671875,DEV,50,False,75,UP50_NIKKEIOFF_TESTA75
2022-12-29,1812.T,,10,53.83532248054932,80.0,52.358623524029944,31.392993943861747,16.248382532108263,True,1341.56884765625,1407.0,1309.0,LOSS,-2.427668748655612,2,1309.0,DEV,50,False,75,UP50_NIKKEIOFF_TESTA75
2024-04-18,7011.T,,1,51.47446599656932,75.0,50.141493844429796,34.256522256011415,15.601983899558775,True,1357.47998046875,1516.0,1278.0,TIMEOUT_LOSS,-4.046247660621721,5,1302.552978515625,VALIDATION,50,False,75,UP50_NIKKEIOFF_TESTA75
2024-04-19,1605.T,,1,64.6810965736226,85.0,50.36106190723439,36.312945637736746,13.325992455028846,True,2184.22216796875,2408.0,2072.0,TIMEOUT_LOSS,-1.4944156277028502,5,2151.580810546875,VALIDATION,50,False,75,UP50_NIKKEIOFF_TESTA75
2024-04-19,7752.T,,2,56.00719676123394,85.0,50.79610913772221,34.24232314972737,14.961567712550375,True,1267.7342529296875,1356.0,1224.0,TIMEOUT_LOSS,-1.1812393292467156,5,1252.75927734375,VALIDATION,50,False,75,UP50_NIKKEIOFF_TESTA75
2024-04-19,5631.T,,3,51.595191136897,75.0,52.5559966509834,33.800027847986925,13.643975501029654,True,3611.031494140625,3923.0,3455.0,HOLD,0.9919622251286866,5,3646.8515625,VALIDATION,50,False,75,UP50_NIKKEIOFF_TESTA75
2024-04-19,8053.T,,4,51.58232969937823,75.0,52.29876790060802,33.2463810972382,14.454851002153738,True,860.1566162109375,919.0,831.0,WIN,6.841008100161175,4,919.0,VALIDATION,50,False,75,UP50_NIKKEIOFF_TESTA75
2024-04-19,5713.T,,5,51.582077063989786,75.0,52.29371519283909,34.848784785062435,12.857500022098467,True,4783.14892578125,5200.0,4575.0,HOLD,2.8281659786059232,5,4918.42431640625,VALIDATION,50,False,75,UP50_NIKKEIOFF_TESTA75
2024-04-19,8802.T,,6,51.56110367289243,75.0,51.874247370892014,36.67713967966294,11.44861294944505,True,2698.864501953125,2988.0,2554.0,HOLD,0.3395344305769507,5,2708.028076171875,VALIDATION,50,False,75,UP50_NIKKEIOFF_TESTA75
2024-04-19,7011.T,,7,51.54658546378247,75.0,51.583883188692866,35.236011215448535,13.180105595858596,True,1332.958740234375,1493.0,1253.0,TIMEOUT_LOSS,-0.9933699024451267,5,1319.717529296875,VALIDATION,50,False,75,UP50_NIKKEIOFF_TESTA75
2024-04-19,5802.T,,8,51.53810202368416,75.0,51.4142143867266,34.42049998736966,14.165285625903703,True,556.1520385742188,598.0,535.0,TIMEOUT_LOSS,-0.6290609246383476,5,552.6535034179688,VALIDATION,50,False,75,UP50_NIKKEIOFF_TESTA75
2024-04-19,8308.T,,9,51.529095514628814,75.0,51.23408420561976,34.97233174407505,13.793584050305153,True,936.7577514648438,1023.0,894.0,HOLD,0.30578246227367906,5,939.6221923828125,VALIDATION,50,False,75,UP50_NIKKEIOFF_TESTA75
2024-04-19,8331.T,,10,51.50097759412638,75.0,50.6717257955711,34.06389490529122,15.264379299137632,True,1198.6766357421875,1299.0,1149.0,HOLD,3.731053502504542,5,1243.39990234375,VALIDATION,50,False,75,UP50_NIKKEIOFF_TESTA75
2024-07-26,4502.T,,1,56.05324883697834,85.0,51.71715065261034,33.79688956815208,14.4859597792376,True,3831.575927734375,3975.0,3760.0,LOSS,-1.8680545311990753,5,3760.0,VALIDATION,50,False,75,UP50_NIKKEIOFF_TESTA75
2024-07-26,3402.T,,2,51.497496489778776,75.0,50.60210370861897,36.493799773622534,12.9040965177585,True,730.1334838867188,772.0,709.0,LOSS,-2.894468525702848,5,709.0,VALIDATION,50,False,75,UP50_NIKKEIOFF_TESTA75
2024-07-26,4523.T,,3,45.01182381954402,75.0,51.32343291261954,35.6738766549498,13.002690432430658,True,6109.64208984375,6530.0,5899.0,LOSS,-3.447699337313179,1,5899.0,VALIDATION,50,False,75,UP50_NIKKEIOFF_TESTA75
2025-04-03,8630.T,,1,64.67025351243325,85.0,50.14420068344759,35.61074627131852,14.245053045233913,False,4345.20068359375,4720.0,4158.0,LOSS,-4.308217208483992,1,4158.0,VALIDATION,50,False,75,UP50_NIKKEIOFF_TESTA75
2025-04-03,8058.T,三菱商事,2,53.795554260558326,75.0,53.08499825464483,33.91742241865951,12.997579326695696,False,2561.115966796875,2769.0,2457.0,LOSS,-4.06525780740379,1,2457.0,VALIDATION,50,False,75,UP50_NIKKEIOFF_TESTA75
2025-04-03,6701.T,,3,51.51662662884402,75.0,50.98470648992382,35.97677312203113,13.03852038804503,False,3056.601806640625,3322.0,2924.0,LOSS,-4.338210045958251,1,2924.0,VALIDATION,50,False,75,UP50_NIKKEIOFF_TESTA75
2025-04-03,8804.T,,4,51.51635472101208,75.0,50.979268333284956,35.094482057108465,13.926249609606609,False,2365.3994140625,2548.0,2274.0,LOSS,-3.8640160946655664,2,2274.0,VALIDATION,50,False,75,UP50_NIKKEIOFF_TESTA75
2025-04-03,8802.T,,5,48.50025815756209,75.0,51.5269022816765,38.36259947100738,10.110498247316112,False,2373.447998046875,2572.0,2274.0,LOSS,-4.190022200979813,2,2274.0,VALIDATION,50,False,75,UP50_NIKKEIOFF_TESTA75
2025-04-04,8801.T,,1,68.14040353073378,75.0,53.025461919023506,37.65216740171878,9.322370679257713,False,1326.2705078125,1448.0,1266.0,LOSS,-4.544360102820041,1,1266.0,VALIDATION,50,False,75,UP50_NIKKEIOFF_TESTA75
2025-04-04,8802.T,,2,57.40696442754391,75.0,55.747984203052106,34.590306474316534,9.661709322631355,False,2363.141357421875,2570.0,2260.0,LOSS,-4.364586870689763,1,2260.0,VALIDATION,50,False,75,UP50_NIKKEIOFF_TESTA75
2025-04-04,3289.T,,3,57.285676500231276,75.0,53.32222565679948,38.076702496336004,8.601071846864487,False,940.2927856445312,1012.0,905.0,LOSS,-3.753382582887683,1,905.0,VALIDATION,50,False,75,UP50_NIKKEIOFF_TESTA75
2026-01-20,2269.T,,1,84.47765326064271,100.0,50.42263043024576,25.15765555075134,24.4197140190029,True,3623.312744140625,3793.0,3538.0,LOSS,-2.354550936255419,1,3538.0,VALIDATION,50,False,75,UP50_NIKKEIOFF_TESTA75
2026-01-20,4043.T,,2,82.29019369955006,95.0,51.673439208392416,24.68232207081759,23.644238720789996,True,4189.13330078125,4424.0,4072.0,HOLD,4.399170332933341,5,4373.42041015625,VALIDATION,50,False,75,UP50_NIKKEIOFF_TESTA75
2026-01-20,5411.T,,3,77.72938380406609,85.0,50.45724129871303,25.28009660999787,24.26266209128909,True,2082.379150390625,2189.0,2029.0,LOSS,-2.5633732637311426,1,2029.0,VALIDATION,50,False,75,UP50_NIKKEIOFF_TESTA75
2026-01-20,9202.T,,4,75.8062548701477,100.0,50.907706098606134,25.334638279897803,23.757655621496067,True,2998.502685546875,3120.0,2938.0,LOSS,-2.017763260260024,1,2938.0,VALIDATION,50,False,75,UP50_NIKKEIOFF_TESTA75
2026-01-20,2282.T,,5,71.31069983770317,90.0,50.996605449715695,24.300715544778203,24.7026790055061,True,2351.8681640625,2480.0,2288.0,LOSS,-2.7156353846032473,2,2288.0,VALIDATION,50,False,75,UP50_NIKKEIOFF_TESTA75
2026-01-20,5332.T,,6,71.27550422086189,90.0,50.29269311288993,25.01416551233956,24.693141374770505,True,4738.37060546875,5026.0,4595.0,LOSS,-3.0257364272705907,1,4595.0,VALIDATION,50,False,75,UP50_NIKKEIOFF_TESTA75
2026-01-20,1802.T,,7,69.13872469963124,85.0,52.55710268827701,24.050082845775208,23.392814465947765,True,3520.3984375,3730.0,3416.0,TIMEOUT_LOSS,-1.2987088641866267,5,3474.6787109375,VALIDATION,50,False,75,UP50_NIKKEIOFF_TESTA75
2026-01-20,9532.T,,8,69.12852457552947,85.0,52.353100206241635,24.596418256601424,23.05048153715694,True,5461.76904296875,5731.0,5327.0,HOLD,2.816157375177939,5,5615.5810546875,VALIDATION,50,False,75,UP50_NIKKEIOFF_TESTA75
2026-01-20,8354.T,,9,69.11374708992655,85.0,52.057550494183204,23.87640541667495,24.06604408914185,True,5408.185546875,5701.0,5262.0,LOSS,-2.7030423717520207,1,5262.0,VALIDATION,50,False,75,UP50_NIKKEIOFF_TESTA75
2026-01-20,4042.T,,10,69.08658539608987,85.0,51.51431661744964,24.78630058569175,23.699382796858607,True,2433.625244140625,2556.0,2372.0,HOLD,0.09867448545258592,5,2436.026611328125,VALIDATION,50,False,75,UP50_NIKKEIOFF_TESTA75
2026-01-26,1332.T,,1,84.67231603335435,100.0,54.31588588447841,23.620752780682707,22.063361334838934,True,1214.62939453125,1286.0,1179.0,WIN,5.875916208687948,5,1286.0,VALIDATION,50,False,75,UP50_NIKKEIOFF_TESTA75
2026-01-26,2871.T,,2,82.27638918578538,95.0,51.39734893309891,26.197342242824167,22.40530882407694,True,1863.5736083984375,1979.0,1806.0,HOLD,0.36687770753999227,5,1870.41064453125,VALIDATION,50,False,75,UP50_NIKKEIOFF_TESTA75
2026-01-26,4578.T,,3,77.73300318657229,85.0,50.52962894883729,26.333876545384864,23.136494505777847,True,9374.162109375,10055.0,9034.0,LOSS,-3.6287201501967568,1,9034.0,VALIDATION,50,False,75,UP50_NIKKEIOFF_TESTA75
2026-01-26,9531.T,,4,73.77124051324128,95.0,55.207418960477874,23.821963255945874,20.970617783576298,True,6588.18603515625,6988.0,6388.0,HOLD,4.668164524196773,5,6895.7333984375,VALIDATION,50,False,75,UP50_NIKKEIOFF_TESTA75
2026-01-26,7731.T,,5,71.11465537684647,75.0,51.640933623886035,26.646789010799143,21.71227736531484,True,1891.7274169921875,2044.0,1815.0,HOLD,0.8087678213975309,5,1907.027099609375,VALIDATION,50,False,75,UP50_NIKKEIOFF_TESTA75
2026-01-26,9532.T,,6,69.34721017764426,85.0,56.726812248537186,23.282514004194326,19.990673747268524,True,5632.2353515625,5900.0,5498.0,HOLD,2.104714612748983,5,5750.77783203125,VALIDATION,50,False,75,UP50_NIKKEIOFF_TESTA75
2026-01-26,4043.T,,7,69.28178958797619,85.0,55.418400455176034,23.029393313154316,21.552206231669686,True,4340.4423828125,4607.0,4207.0,LOSS,-3.0743959035353585,4,4207.0,VALIDATION,50,False,75,UP50_NIKKEIOFF_TESTA75
2026-01-26,4151.T,,8,69.27216297848747,85.0,55.225868265401616,24.04946113638813,20.724670598210288,True,2575.634765625,2707.0,2510.0,LOSS,-2.548294754402927,2,2510.0,VALIDATION,50,False,75,UP50_NIKKEIOFF_TESTA75
2026-01-26,2269.T,,9,69.25604465941447,85.0,54.90350188394173,24.79491761317777,20.301580502880554,True,3599.936767578125,3782.0,3509.0,LOSS,-2.526065690851097,3,3509.0,VALIDATION,50,False,75,UP50_NIKKEIOFF_TESTA75
2026-01-26,4183.T,,10,69.23474918886664,85.0,54.47759247298514,23.99929297762026,21.52311454939465,True,2152.869140625,2287.0,2086.0,TIMEOUT_LOSS,-0.04474860492311768,5,2151.90576171875,VALIDATION,50,False,75,UP50_NIKKEIOFF_TESTA75
2026-01-27,4043.T,,1,71.18816426945189,85.0,50.06763321512471,23.67682573995364,26.25554104492168,True,4373.42041015625,4645.0,4238.0,LOSS,-3.096441628199467,2,4238.0,VALIDATION,50,False,75,UP50_NIKKEIOFF_TESTA75
2026-01-28,1605.T,,1,77.95025034079603,100.0,50.30935464200733,25.929465032049464,23.761180325943215,True,3298.93310546875,3516.0,3190.0,WIN,6.579911977342344,5,3516.0,VALIDATION,50,False,75,UP50_NIKKEIOFF_TESTA75
2026-01-28,7741.T,,2,73.52988099049362,95.0,50.38022850552466,27.183213985766553,22.436557508708795,True,25231.77734375,27134.0,24281.0,WIN,7.538995887347537,4,27134.0,VALIDATION,50,False,75,UP50_NIKKEIOFF_TESTA75
2026-01-28,9532.T,,3,71.51984878590886,85.0,56.70132354426395,23.737248406152382,19.56142804958368,True,5641.052734375,5913.0,5505.0,WIN,4.820860191003522,4,5913.0,VALIDATION,50,False,75,UP50_NIKKEIOFF_TESTA75
2026-01-28,4043.T,,4,71.4058763887596,85.0,54.42187560127888,24.265947219924755,21.312177178796368,True,4301.64501953125,4574.0,4166.0,LOSS,-3.1533289919406515,2,4166.0,VALIDATION,50,False,75,UP50_NIKKEIOFF_TESTA75
2026-01-28,9531.T,,5,71.39240860346604,85.0,54.15251989540744,24.17758376305838,21.669896341534205,True,6538.07470703125,6947.0,6333.0,WIN,6.2545215723671514,3,6947.0,VALIDATION,50,False,75,UP50_NIKKEIOFF_TESTA75
2026-01-28,1332.T,,6,71.35842051227198,85.0,53.47275807152641,27.45585038745915,19.071391541014464,True,1236.0411376953125,1316.0,1196.0,WIN,6.46894831136256,5,1316.0,VALIDATION,50,False,75,UP50_NIKKEIOFF_TESTA75
2026-01-28,5201.T,,7,71.33478291291777,85.0,53.000006084442184,28.329790988338083,18.670202927219755,True,5511.80419921875,5818.0,5359.0,WIN,5.5552735495330285,5,5818.0,VALIDATION,50,False,75,UP50_NIKKEIOFF_TESTA75
2026-01-28,4183.T,,8,71.3188371428243,85.0,52.68109068257269,26.567167617485698,20.75174169994164,True,2143.71826171875,2277.0,2077.0,WIN,6.217315990693193,5,2277.0,VALIDATION,50,False,75,UP50_NIKKEIOFF_TESTA75
2026-01-28,6301.T,,9,71.31580124567569,85.0,52.62037273960078,27.112238415074085,20.267388845325147,True,5493.1259765625,5846.0,5316.0,WIN,6.423920094734879,3,5846.0,VALIDATION,50,False,75,UP50_NIKKEIOFF_TESTA75
2026-01-28,4507.T,,10,71.25983680936454,85.0,51.50108401337771,24.842835076900325,23.656080909721975,True,3005.07421875,3242.0,2887.0,WIN,7.884190672287368,4,3242.0,VALIDATION,50,False,75,UP50_NIKKEIOFF_TESTA75
2026-01-29,6301.T,,1,84.54473402439498,100.0,51.764245705291046,25.661067908149192,22.574686386559787,True,5660.439453125,6033.0,5474.0,WIN,6.581830791765077,2,6033.0,VALIDATION,50,False,75,UP50_NIKKEIOFF_TESTA75
2026-01-29,1605.T,,2,75.76378960728043,100.0,50.0584008412607,26.35136816826831,23.590230990470985,True,3376.613037109375,3609.0,3260.0,HOLD,3.6109478058338293,5,3498.540771484375,VALIDATION,50,False,75,UP50_NIKKEIOFF_TESTA75
2026-01-29,5019.T,,3,73.7562581703712,100.0,53.38603297264144,24.75242419702314,21.861542830335416,True,1264.226806640625,1343.0,1225.0,WIN,6.230938384283718,4,1343.0,VALIDATION,50,False,75,UP50_NIKKEIOFF_TESTA75
2026-01-29,5201.T,,4,71.45443402621098,90.0,53.87128921987161,27.20128258913917,18.927428190989247,True,5607.37890625,5932.0,5445.0,WIN,5.789177067884185,4,5932.0,VALIDATION,50,False,75,UP50_NIKKEIOFF_TESTA75
2026-01-29,1963.T,,5,71.34276151232409,95.0,50.11609981169912,25.651366930681284,24.232533257619586,True,2080.51611328125,2270.0,1986.0,HOLD,1.407790425349404,5,2109.805419921875,VALIDATION,50,False,75,UP50_NIKKEIOFF_TESTA75
2026-01-29,9532.T,,6,69.26152047945709,85.0,55.013018284793894,23.34559702421564,21.64138469099048,True,5644.97119140625,5930.0,5502.0,WIN,5.049251784095374,3,5930.0,VALIDATION,50,False,75,UP50_NIKKEIOFF_TESTA75
2026-01-29,9531.T,,7,69.21479324828508,85.0,54.07847366135389,26.958110947543585,18.963415391102558,True,6601.9423828125,7020.0,6393.0,WIN,6.332342709864773,3,7020.0,VALIDATION,50,False,75,UP50_NIKKEIOFF_TESTA75
2026-01-29,4183.T,,8,69.16482949598142,85.0,53.07919861528061,26.62287969387016,20.297921690849254,True,2158.648681640625,2298.0,2089.0,WIN,6.455488544502972,4,2298.0,VALIDATION,50,False,75,UP50_NIKKEIOFF_TESTA75
2026-01-29,3401.T,,9,69.10778680787216,85.0,51.93834485309543,27.82849708613078,20.233158060773793,True,1421.8724365234375,1507.0,1379.0,WIN,5.987004269152615,4,1507.0,VALIDATION,50,False,75,UP50_NIKKEIOFF_TESTA75
2026-01-29,1332.T,,10,69.08151403256207,85.0,51.41288934689371,30.236937947233166,18.350172705873124,True,1241.8807373046875,1322.0,1202.0,WIN,6.45144580221118,4,1322.0,VALIDATION,50,False,75,UP50_NIKKEIOFF_TESTA75
2026-01-30,1963.T,,1,84.73798977079257,100.0,55.62936063324274,24.894306164747288,19.476333202009968,True,2111.269775390625,2306.0,2014.0,HOLD,3.4913314556218653,5,2184.981201171875,VALIDATION,50,False,75,UP50_NIKKEIOFF_TESTA75
2026-01-30,9531.T,,2,84.72956026651897,100.0,55.46077054777094,25.328079478148553,19.211149974080527,True,6726.7294921875,7185.0,6498.0,WIN,6.812679301951127,4,7185.0,VALIDATION,50,False,75,UP50_NIKKEIOFF_TESTA75
2026-01-30,5020.T,,3,84.68182730554463,100.0,54.506111328284135,24.500324023210677,20.9935646485052,True,1267.8419189453125,1354.0,1225.0,WIN,6.79564855580421,4,1354.0,VALIDATION,50,False,75,UP50_NIKKEIOFF_TESTA75
2026-01-30,6301.T,,4,84.61187199521953,100.0,53.10700512178198,25.696667076808065,21.19632780140997,True,5767.4423828125,6181.0,5561.0,WIN,7.170554809874462,2,6181.0,VALIDATION,50,False,75,UP50_NIKKEIOFF_TESTA75
2026-01-30,4507.T,,5,84.58398083988284,100.0,52.54918201504821,27.51690065496034,19.933917329991456,True,3098.799560546875,3360.0,2968.0,WIN,8.42908469391381,4,3360.0,VALIDATION,50,False,75,UP50_NIKKEIOFF_TESTA75
2026-01-30,4519.T,,6,84.49734590197855,100.0,50.81648325696237,27.515861581094576,21.66765516194305,True,8722.86328125,9453.0,8358.0,TIMEOUT_LOSS,-2.1929282466649918,5,8531.5771484375,VALIDATION,50,False,75,UP50_NIKKEIOFF_TESTA75
2026-01-30,7741.T,,7,82.43601411936412,95.0,54.58984760467368,25.0904083204542,20.319744074872133,True,25708.787109375,27937.0,24594.0,HOLD,2.222648673365951,5,26280.203125,VALIDATION,50,False,75,UP50_NIKKEIOFF_TESTA75
2026-01-30,4183.T,,8,76.15311036838357,100.0,57.844816063323556,23.75755364616829,18.397630290508154,True,2173.097412109375,2310.0,2105.0,WIN,6.299882698665443,3,2310.0,VALIDATION,50,False,75,UP50_NIKKEIOFF_TESTA75
2026-01-30,5019.T,,9,76.1460399471245,100.0,57.70340763814242,23.942083090471325,18.35450927138626,True,1277.4263916015625,1358.0,1237.0,WIN,6.3074952050598405,3,1358.0,VALIDATION,50,False,75,UP50_NIKKEIOFF_TESTA75
2026-01-30,9532.T,,10,76.13490790534765,100.0,57.48076680260503,23.21109644605235,19.30813675134265,True,5676.3212890625,5961.0,5534.0,WIN,5.015197280781783,2,5961.0,VALIDATION,50,False,75,UP50_NIKKEIOFF_TESTA75
2026-02-02,9532.T,,1,84.88441589131735,100.0,58.55788304373826,23.429083557348456,18.01303339891333,True,5750.77783203125,6075.0,5589.0,WIN,5.637883733968392,1,6075.0,VALIDATION,50,False,75,UP50_NIKKEIOFF_TESTA75
2026-02-02,6301.T,,2,84.65983043592772,100.0,54.06617393594573,25.88803352052157,20.045792543532723,True,6043.70361328125,6506.0,5813.0,WIN,7.649223328934224,1,6506.0,VALIDATION,50,False,75,UP50_NIKKEIOFF_TESTA75
2026-02-02,2282.T,,3,82.59540525752445,95.0,57.777670367880226,23.268767226381645,18.95356240573815,True,2333.949951171875,2464.0,2269.0,LOSS,-2.782833930918856,1,2269.0,VALIDATION,50,False,75,UP50_NIKKEIOFF_TESTA75
2026-02-02,7741.T,,4,82.4022606221872,95.0,53.91477766113538,26.641470340487995,19.443751998376648,True,25654.12890625,28108.0,24427.0,HOLD,6.0817375736148716,5,27214.345703125,VALIDATION,50,False,75,UP50_NIKKEIOFF_TESTA75
2026-02-02,8233.T,,5,73.62976301465972,100.0,50.856129858411805,25.91591865805804,23.22795148353017,True,1969.732177734375,2100.0,1905.0,WIN,6.613478915466652,1,2100.0,VALIDATION,50,False,75,UP50_NIKKEIOFF_TESTA75
2026-02-02,5802.T,,6,73.54815070273018,95.0,50.74562275025586,27.513089394507205,21.74128785523696,True,1667.8099365234375,1880.0,1562.0,WIN,12.7226765370444,1,1880.0,VALIDATION,50,False,75,UP50_NIKKEIOFF_TESTA75
2026-02-02,4502.T,,7,71.74687723556745,90.0,59.72015340700122,23.344886590552065,16.93496000244672,True,5160.21484375,5442.0,5019.0,WIN,5.460725275640322,5,5442.0,VALIDATION,50,False,75,UP50_NIKKEIOFF_TESTA75
2026-02-02,5201.T,,8,71.63410164397408,90.0,57.464641575133804,26.85965389241609,15.675704532450144,True,5623.14404296875,5945.0,5462.0,WIN,5.72377222727742,2,5945.0,VALIDATION,50,False,75,UP50_NIKKEIOFF_TESTA75
2026-02-02,9531.T,,9,71.5142742390583,90.0,55.068093476818056,24.68244135857944,20.24946516460255,True,6895.7333984375,7374.0,6657.0,WIN,6.935688692240773,5,7374.0,VALIDATION,50,False,75,UP50_NIKKEIOFF_TESTA75
2026-02-02,6305.T,,10,71.41551516680717,95.0,51.57117290136082,28.1975399519152,20.231287146724,True,5043.65087890625,5416.0,4858.0,WIN,7.382531623094746,2,5416.0,VALIDATION,50,False,75,UP50_NIKKEIOFF_TESTA75
2026-02-03,9107.T,,1,75.7801870488361,95.0,51.90808880280887,25.312408008043903,22.779503189147228,True,2216.328369140625,2337.0,2156.0,HOLD,0.997402424587311,5,2238.43408203125,VALIDATION,50,False,75,UP50_NIKKEIOFF_TESTA75
2026-02-03,4042.T,,2,75.77194003742416,100.0,50.22140944413529,23.87272468782055,25.905865868044202,True,2515.7548828125,2649.0,2449.0,LOSS,-2.6534732484697026,2,2449.0,VALIDATION,50,False,75,UP50_NIKKEIOFF_TESTA75
2026-02-03,4502.T,,3,73.52020366368009,90.0,51.708421099688564,26.582494165352188,21.709084734959248,True,5234.5947265625,5522.0,5091.0,HOLD,2.9894827176098016,5,5391.08203125,VALIDATION,50,False,75,UP50_NIKKEIOFF_TESTA75
2026-02-03,3086.T,,4,73.46461908835289,90.0,50.59672959314463,28.416231936739177,20.98703847011621,True,2300.668212890625,2422.0,2240.0,WIN,5.273762919379422,2,2422.0,VALIDATION,50,False,75,UP50_NIKKEIOFF_TESTA75
2026-02-03,9147.T,,5,73.43825516276496,90.0,50.06945108138604,26.143485883662777,23.787063034951178,True,3545.50927734375,3718.0,3459.0,WIN,4.865047844000505,4,3718.0,VALIDATION,50,False,75,UP50_NIKKEIOFF_TESTA75
2026-02-03,9735.T,,6,64.86921237707489,95.0,51.07989971541086,25.130917568236335,23.789182716352855,True,5759.3369140625,6050.0,5614.0,WIN,5.046815115604569,4,6050.0,VALIDATION,50,False,75,UP50_NIKKEIOFF_TESTA75
2026-02-03,8309.T,,7,62.616284479909424,90.0,51.02134177210148,26.829971264604126,22.148686963294395,True,1257.5576171875,1333.0,1220.0,WIN,5.999119386770145,4,1333.0,VALIDATION,50,False,75,UP50_NIKKEIOFF_TESTA75
2026-02-03,3861.T,,8,62.61304361351414,90.0,50.956524444195686,26.842237178512327,22.20123837729201,True,898.7462768554688,939.0,879.0,LOSS,-2.1970913664929967,3,879.0,VALIDATION,50,False,75,UP50_NIKKEIOFF_TESTA75
2026-02-03,2269.T,,9,62.576940609002605,90.0,50.23446435396524,26.721612183484368,23.043923462550413,True,3647.663330078125,3839.0,3552.0,HOLD,2.2429812964193623,5,3729.479736328125,VALIDATION,50,False,75,UP50_NIKKEIOFF_TESTA75
2026-02-03,1721.T,,10,60.341404597135536,85.0,50.52374411662387,26.513909641927214,22.962346241448923,True,4814.111328125,5080.0,4681.0,WIN,5.5231101599505035,3,5080.0,VALIDATION,50,False,75,UP50_NIKKEIOFF_TESTA75
2026-02-04,9107.T,,1,86.87152110133113,100.0,54.8217263744488,24.64073876160942,20.537534863941804,True,2239.395263671875,2365.0,2176.0,HOLD,0.5150250807762236,5,2250.9287109375,VALIDATION,50,False,75,UP50_NIKKEIOFF_TESTA75
2026-02-04,3086.T,,2,86.8472304580226,100.0,54.33591350827801,25.57524805700443,20.08883843471758,True,2364.439453125,2493.0,2300.0,WIN,5.437252652212593,1,2493.0,VALIDATION,50,False,75,UP50_NIKKEIOFF_TESTA75
2026-02-04,4042.T,,3,86.77779164736947,100.0,52.94713729521546,26.0375453034867,21.015317401297857,True,2632.465087890625,2781.0,2558.0,LOSS,-2.82872081507046,1,2558.0,VALIDATION,50,False,75,UP50_NIKKEIOFF_TESTA75
2026-02-04,9101.T,,4,84.5555758020516,95.0,53.502820388858275,26.019453976073255,20.4777256350685,True,5021.54833984375,5304.0,4880.0,LOSS,-2.818818624539108,1,4880.0,VALIDATION,50,False,75,UP50_NIKKEIOFF_TESTA75
2026-02-04,9202.T,,5,82.30913753251079,90.0,53.57405499804192,26.25333358871821,20.1726114132399,True,3137.9677734375,3301.0,3056.0,HOLD,2.0678954426304097,5,3202.857666015625,VALIDATION,50,False,75,UP50_NIKKEIOFF_TESTA75
2026-02-04,9022.T,,6,79.99401721198132,85.0,52.27164858745238,26.890339970799438,20.8380114417482,True,4586.88623046875,4897.0,4432.0,HOLD,0.8866777241462931,5,4627.55712890625,VALIDATION,50,False,75,UP50_NIKKEIOFF_TESTA75
2026-02-04,5301.T,,7,78.15646443869566,100.0,54.43363660000021,24.69434555824536,20.87201784175445,True,1098.6429443359375,1166.0,1065.0,LOSS,-3.0622273150147614,2,1065.0,VALIDATION,50,False,75,UP50_NIKKEIOFF_TESTA75
2026-02-04,8354.T,,8,78.09987100228813,100.0,53.30176787184923,24.337604181862815,22.360627946287977,True,5884.462890625,6265.0,5694.0,WIN,6.466811269746701,1,6265.0,VALIDATION,50,False,75,UP50_NIKKEIOFF_TESTA75
2026-02-04,7186.T,,9,77.98307946657565,100.0,50.96593715759982,25.19516647158043,23.838896370819775,True,1452.181884765625,1553.0,1402.0,WIN,6.942526710464134,3,1553.0,VALIDATION,50,False,75,UP50_NIKKEIOFF_TESTA75
2026-02-04,4208.T,,10,75.99234735964838,100.0,54.62955588861965,23.742318983283564,21.628125128096816,True,2674.761474609375,2830.0,2597.0,LOSS,-2.9072302464178184,1,2597.0,VALIDATION,50,False,75,UP50_NIKKEIOFF_TESTA75
2026-02-05,9201.T,,1,86.7484346136186,100.0,52.35999662019789,26.103148689226025,21.536854690576117,True,3006.998291015625,3166.0,2928.0,TIMEOUT_LOSS,-0.16066849264796923,5,3002.1669921875,VALIDATION,50,False,75,UP50_NIKKEIOFF_TESTA75
2026-02-05,9021.T,,2,86.72253530963584,100.0,51.84201054054288,25.765113284394904,22.392876175062238,True,3368.97705078125,3536.0,3286.0,LOSS,-2.4629746516678708,5,3286.0,VALIDATION,50,False,75,UP50_NIKKEIOFF_TESTA75
2026-02-05,7186.T,,3,86.6719749464378,100.0,50.83080327658216,23.788608198318535,25.38058852509933,True,1498.9166259765625,1603.0,1447.0,LOSS,-3.4636099884967373,1,1447.0,VALIDATION,50,False,75,UP50_NIKKEIOFF_TESTA75
2026-02-05,6472.T,,4,86.66135116107033,100.0,50.618327569232726,26.01974668074681,23.3619257500205,True,374.8567199707031,404.0,360.0,WIN,7.774511827232165,2,404.0,VALIDATION,50,False,75,UP50_NIKKEIOFF_TESTA75
2026-02-05,9001.T,,5,86.65186688922347,100.0,50.42864213229563,24.482088879947966,25.089268987756423,True,2865.47412109375,3005.0,2796.0,HOLD,2.3975498982617505,5,2934.17529296875,VALIDATION,50,False,75,UP50_NIKKEIOFF_TESTA75
2026-02-05,2801.T,,6,86.6343495990333,100.0,50.07829632849202,27.454467962037022,22.467235709470977,True,1489.268798828125,1587.0,1440.0,LOSS,-3.3082542833700406,1,1440.0,VALIDATION,50,False,75,UP50_NIKKEIOFF_TESTA75
2026-02-05,7951.T,,7,84.40524553730862,95.0,50.49621509399845,26.57137137933603,22.932413526665545,True,1142.1702880859375,1219.0,1104.0,WIN,6.726642490658258,2,1219.0,VALIDATION,50,False,75,UP50_NIKKEIOFF_TESTA75
2026-02-05,9202.T,,8,82.2324558548892,90.0,52.040421445609944,26.558381763701515,21.401196790688573,True,3190.267333984375,3358.0,3106.0,HOLD,1.5482651971499928,5,3239.6611328125,VALIDATION,50,False,75,UP50_NIKKEIOFF_TESTA75
2026-02-05,3861.T,,9,78.13090301440758,100.0,53.922408114238365,24.30392090066812,21.77367098509353,True,915.1428833007812,957.0,894.0,LOSS,-2.3103368541229417,1,894.0,VALIDATION,50,False,75,UP50_NIKKEIOFF_TESTA75
2026-02-05,1928.T,,10,77.99936761523942,100.0,51.29170013087527,26.237866986659547,22.4704328824652,True,3514.206298828125,3666.0,3438.0,WIN,4.319430570211354,4,3666.0,VALIDATION,50,False,75,UP50_NIKKEIOFF_TESTA75
2026-02-06,7186.T,,1,86.8596525456048,100.0,54.58435525992219,24.57846546710389,20.837179272973934,True,1509.1397705078125,1628.0,1450.0,WIN,7.876025257235919,2,1628.0,VALIDATION,50,False,75,UP50_NIKKEIOFF_TESTA75
2026-02-06,1812.T,,2,86.85315336505876,100.0,54.454371649001246,24.061214472076635,21.484413878922144,True,6757.44580078125,7283.0,6495.0,WIN,7.777409019810251,1,7283.0,VALIDATION,50,False,75,UP50_NIKKEIOFF_TESTA75
2026-02-06,5201.T,,3,86.84778843288753,100.0,54.347073005576654,25.577812370450104,20.075114623973278,True,6017.2666015625,6420.0,5816.0,HOLD,4.290152313954585,5,6275.41650390625,VALIDATION,50,False,75,UP50_NIKKEIOFF_TESTA75
2026-02-06,6472.T,,4,86.80479113005586,100.0,53.48712694894311,25.743088157947742,20.76978489310917,True,391.5879211425781,422.0,376.0,HOLD,3.087186718552306,5,403.6769714355469,VALIDATION,50,False,75,UP50_NIKKEIOFF_TESTA75
2026-02-06,1802.T,,5,86.78465372831809,100.0,53.08437891418809,25.35154585302254,21.564075232789392,True,3859.8896484375,4131.0,3724.0,WIN,7.023785036762558,1,4131.0,VALIDATION,50,False,75,UP50_NIKKEIOFF_TESTA75
2026-02-06,7203.T,トヨタ自動車,6,86.7661917207333,100.0,52.715138762492266,26.18562083798434,21.0992403995234,True,3662.18603515625,3964.0,3511.0,TIMEOUT_LOSS,-1.772489562551824,5,3597.274169921875,VALIDATION,50,False,75,UP50_NIKKEIOFF_TESTA75
2026-02-06,1801.T,,7,86.73773202705411,100.0,52.14594488890815,25.722156489017294,22.131898622074583,True,17298.3203125,18953.0,16471.0,TIMEOUT_LOSS,-2.476769104659277,5,16869.880859375,VALIDATION,50,False,75,UP50_NIKKEIOFF_TESTA75
2026-02-06,3086.T,,8,86.69882787480053,100.0,51.36786184383667,26.180114829601152,22.45202332656219,True,2634.731201171875,2816.0,2544.0,TIMEOUT_LOSS,-3.2023769028116473,5,2550.357177734375,VALIDATION,50,False,75,UP50_NIKKEIOFF_TESTA75
2026-02-06,1332.T,,9,86.64756604296481,100.0,50.342625207122346,26.600838027493563,23.056536765384113,True,1386.8966064453125,1503.0,1329.0,WIN,8.371452710686667,3,1503.0,VALIDATION,50,False,75,UP50_NIKKEIOFF_TESTA75
2026-02-06,8354.T,,10,82.25466656700758,90.0,52.484635687977445,25.58118694680857,21.934177365213994,True,6673.7236328125,7199.0,6411.0,TIMEOUT_LOSS,-2.6361767736193706,5,6497.79248046875,VALIDATION,50,False,75,UP50_NIKKEIOFF_TESTA75
2026-02-24,2269.T,,1,62.58321654092171,90.0,50.359982992347355,27.38934259088354,22.250674416769105,True,3802.53076171875,3997.0,3705.0,HOLD,1.5368760756707183,5,3860.970947265625,VALIDATION,50,False,75,UP50_NIKKEIOFF_TESTA75
2026-03-03,9531.T,,1,73.70194726629961,100.0,52.29981489120955,25.94784480243491,21.75234030635557,True,7724.04638671875,8329.0,7422.0,LOSS,-3.9104683166857863,1,7422.0,VALIDATION,50,False,75,UP50_NIKKEIOFF_TESTA75
2026-03-03,2269.T,,2,69.21608304174408,85.0,54.10426953053389,25.985731634832486,19.909998834633665,True,3860.970947265625,4066.0,3759.0,LOSS,-2.6410700483991403,1,3759.0,VALIDATION,50,False,75,UP50_NIKKEIOFF_TESTA75
2026-03-03,9147.T,,3,69.18296099876922,85.0,53.44182867103656,26.835565551397156,19.722605777566276,True,3712.83447265625,3935.0,3602.0,LOSS,-2.9851713959377344,1,3602.0,VALIDATION,50,False,75,UP50_NIKKEIOFF_TESTA75
2026-03-03,2871.T,,4,69.17380544003383,85.0,53.25871749632874,27.786167863075796,18.95511464059547,True,2041.3358154296875,2141.0,1991.0,LOSS,-2.4658272808039743,3,1991.0,VALIDATION,50,False,75,UP50_NIKKEIOFF_TESTA75
2026-03-03,9101.T,,5,69.14202971547988,85.0,52.623203005249806,26.827598165353194,20.54919882939701,True,5355.22509765625,5662.0,5202.0,LOSS,-2.8612260896990116,1,5202.0,VALIDATION,50,False,75,UP50_NIKKEIOFF_TESTA75
2026-03-03,2282.T,,6,69.08749361342139,85.0,51.53248096407985,28.63065578906905,19.836863246851085,True,2313.099609375,2445.0,2247.0,LOSS,-2.8576205325139514,1,2247.0,VALIDATION,50,False,75,UP50_NIKKEIOFF_TESTA75
2026-03-03,9008.T,,7,69.02580415898169,85.0,50.298691875285904,30.649968640300628,19.051339484413454,True,787.9111328125,827.0,768.0,LOSS,-2.52707849696525,1,768.0,VALIDATION,50,False,75,UP50_NIKKEIOFF_TESTA75
2026-03-03,9532.T,,8,62.64764960543492,95.0,50.12690515217666,28.60871727158824,21.2643775762351,True,6512.9765625,6986.0,6277.0,LOSS,-3.6231753674455205,4,6277.0,VALIDATION,50,False,75,UP50_NIKKEIOFF_TESTA75
2026-03-03,4502.T,,9,53.76961775264362,75.0,52.56626809635061,28.635757111180187,18.797974792469198,True,5532.11376953125,5846.0,5375.0,LOSS,-2.8400314251773358,1,5375.0,VALIDATION,50,False,75,UP50_NIKKEIOFF_TESTA75
2019-05-31,6113.T,,1,43.80217627675631,40.0,55.173960317734895,28.037746297829802,16.7882933844353,True,853.8702392578125,925.0,818.0,HOLD,5.80355987679604,5,903.4251098632812,DEV,55,True,,UP55_NIKKEION_BASE
2019-05-31,2802.T,,2,39.69161104518786,55.0,55.353960034192,27.39640302428765,17.24963694152037,True,832.4111328125,881.0,808.0,LOSS,-2.9325812510485236,2,808.0,DEV,55,True,,UP55_NIKKEION_BASE
2019-05-31,4063.T,,3,39.353977424748074,30.0,56.209983277570174,26.013258139305616,17.776758583124217,True,1562.7274169921875,1659.0,1514.0,HOLD,1.9785479660265073,5,1593.646728515625,DEV,55,True,,UP55_NIKKEION_BASE
2019-05-31,6532.T,,4,37.194495372409065,30.0,56.49860310035515,27.845271521073993,15.656125378570856,True,334.0144348144531,375.0,313.0,HOLD,2.880680055751561,5,343.6363220214844,DEV,55,True,,UP55_NIKKEION_BASE
2019-05-31,9104.T,,5,35.915558672050906,30.0,57.006825614931145,26.279834273805147,16.71334011126369,True,475.4814453125,512.0,457.0,HOLD,2.3316275341810213,5,486.5679016113281,DEV,55,True,,UP55_NIKKEION_BASE
2019-05-31,7911.T,,6,34.81616143545115,20.0,55.45366349163166,27.628683683196293,16.917652825172034,True,683.5057983398438,729.0,661.0,HOLD,2.1437490305672364,5,698.158447265625,DEV,55,True,,UP55_NIKKEION_BASE
2019-05-31,6954.T,,7,32.92840294132087,40.0,55.0897979568521,27.5128174714622,17.397384571685702,True,3213.65380859375,3437.0,3102.0,LOSS,-3.474357079009956,1,3102.0,DEV,55,True,,UP55_NIKKEION_BASE
2019-05-31,2768.T,,8,32.56572990967213,10.0,56.96677210648618,27.22380230126758,15.809425592246237,True,1259.463134765625,1338.0,1220.0,LOSS,-3.133329882892423,1,1220.0,DEV,55,True,,UP55_NIKKEION_BASE
2019-05-31,5401.T,,9,29.04024116032019,10.0,56.02221451075157,27.13980341767938,16.83798207156903,True,244.8758544921875,259.0,238.0,HOLD,0.4705329899009134,5,246.028076171875,DEV,55,True,,UP55_NIKKEION_BASE
2019-05-31,4183.T,,10,29.01477398687709,10.0,55.51287104188957,27.539421695307503,16.94770726280294,True,901.0125122070312,966.0,869.0,WIN,7.212717571899398,5,966.0,DEV,55,True,,UP55_NIKKEION_BASE
2021-02-08,2269.T,,1,54.906234870778505,55.0,55.29861045904843,26.035512656677458,18.665876884274088,True,3146.3369140625,3288.0,3075.0,LOSS,-2.2673005469840453,1,3075.0,DEV,55,True,,UP55_NIKKEION_BASE
2022-12-21,8015.T,,1,51.43083858718586,55.0,55.355902178499846,27.92253984692571,16.721557974574452,True,1459.350830078125,1565.0,1406.0,TIMEOUT_LOSS,-0.9118609934151413,5,1446.0435791015625,DEV,55,True,,UP55_NIKKEION_BASE
2022-12-21,7272.T,,2,48.11129355799754,30.0,57.44326246429867,26.450994884646096,16.10574265105526,True,873.996337890625,942.0,840.0,HOLD,1.15356230318873,5,884.0784301757812,DEV,55,True,,UP55_NIKKEION_BASE
2022-12-21,6841.T,,3,48.06660550925821,30.0,56.54950148951205,25.735395454396464,17.715103056091493,True,2101.445556640625,2267.0,2019.0,LOSS,-3.923278258629866,3,2019.0,DEV,55,True,,UP55_NIKKEION_BASE
2022-12-21,6723.T,,4,44.72811909172416,30.0,59.34499053013537,25.81961720639147,14.83539226347315,True,1150.0635986328125,1249.0,1100.0,TIMEOUT_LOSS,-0.7534612184427215,5,1141.3983154296875,DEV,55,True,,UP55_NIKKEION_BASE
2022-12-21,7261.T,,5,44.694891904523715,30.0,58.680446786126495,25.801376661187643,15.518176552685883,True,815.0504760742188,895.0,775.0,HOLD,2.3613975571124506,5,834.2970581054688,DEV,55,True,,UP55_NIKKEION_BASE
2022-12-21,4062.T,,6,44.68942906211973,30.0,58.57118993804675,26.52782650701426,14.900983554938966,True,1154.0994873046875,1286.0,1088.0,TIMEOUT_LOSS,-0.8447933619782485,5,1144.3497314453125,DEV,55,True,,UP55_NIKKEION_BASE
2022-12-21,6981.T,,7,44.68095971187201,30.0,58.40180293309247,26.08468967250484,15.513507394402689,True,2101.470703125,2245.0,2030.0,LOSS,-3.400984987262455,5,2030.0,DEV,55,True,,UP55_NIKKEION_BASE
2022-12-21,7211.T,,8,44.6403704799402,30.0,57.59001829445614,27.653374141630255,14.75660756391361,True,464.753173828125,527.0,434.0,TIMEOUT_LOSS,-2.325584449490946,5,453.9449462890625,DEV,55,True,,UP55_NIKKEION_BASE
2022-12-21,6770.T,,9,44.581799776504454,30.0,56.41860422574122,27.3283221643763,16.253073609882488,True,1060.1064453125,1136.0,1022.0,TIMEOUT_LOSS,-0.7512558161814897,5,1052.142333984375,DEV,55,True,,UP55_NIKKEION_BASE
2022-12-21,5803.T,フジクラ,10,43.9321694046607,45.0,56.25208374538793,27.864297087741598,15.883619166870488,True,155.20094299316406,173.0,146.0,TIMEOUT_LOSS,-1.5778986435195912,5,152.7520294189453,DEV,55,True,,UP55_NIKKEION_BASE
2022-12-23,6963.T,,1,34.805680011358525,20.0,55.24403500977915,28.335922355532965,16.420042634687874,True,2240.783935546875,2422.0,2150.0,TIMEOUT_LOSS,-3.505155829798073,5,2162.240966796875,DEV,55,True,,UP55_NIKKEION_BASE
2022-12-23,6723.T,,2,31.320581254613103,20.0,55.10727726617514,28.569257483933065,16.323465249891793,True,1144.7681884765625,1242.0,1096.0,TIMEOUT_LOSS,-1.5559278950464712,5,1126.9564208984375,DEV,55,True,,UP55_NIKKEION_BASE
2022-12-23,4062.T,,3,31.319323503995903,20.0,55.08212225383111,28.904318894625096,16.01355885154377,True,1140.6939697265625,1271.0,1076.0,TIMEOUT_LOSS,-0.8547321357387958,5,1130.944091796875,DEV,55,True,,UP55_NIKKEION_BASE
2022-12-29,8725.T,,1,80.29732754666867,95.0,55.29437702032982,29.91601422813946,14.789608751530661,True,1185.1563720703125,1255.0,1150.0,TIMEOUT_LOSS,-1.5490687264060723,5,1166.7974853515625,DEV,55,True,,UP55_NIKKEION_BASE
2022-12-29,8604.T,,2,55.858506902475774,60.0,55.43100761473286,29.654479472251616,14.914512913015516,True,416.8106384277344,433.0,409.0,TIMEOUT_LOSS,-0.28640250354900565,5,415.61688232421875,DEV,55,True,,UP55_NIKKEION_BASE
2022-12-29,8053.T,,3,42.734811310146,55.0,55.34840011596347,29.852979663180413,14.798620220856087,True,479.8457946777344,504.0,468.0,LOSS,-2.468666977834002,3,468.0,DEV,55,True,,UP55_NIKKEION_BASE
2022-12-29,8267.T,,4,42.726009108071665,55.0,55.1723560744767,29.748993040417815,15.078650885105452,True,894.5508422851562,934.0,875.0,LOSS,-2.1855484742726365,3,875.0,DEV,55,True,,UP55_NIKKEION_BASE
2022-12-29,3405.T,,5,42.72559710765047,55.0,55.16411606605286,29.9531480431267,14.88273589082041,True,949.150634765625,991.0,928.0,LOSS,-2.228374927110253,2,928.0,DEV,55,True,,UP55_NIKKEION_BASE
2022-12-29,6302.T,,6,39.41461227336168,30.0,57.42268024984227,28.46965565759756,14.10766409256013,True,2355.796630859375,2478.0,2295.0,LOSS,-2.580724926039006,3,2295.0,DEV,55,True,,UP55_NIKKEION_BASE
2022-12-29,6301.T,,7,39.339073557031206,30.0,55.91190592323277,29.131666849012944,14.95642722775425,True,2493.0693359375,2624.0,2428.0,LOSS,-2.610009075942173,2,2428.0,DEV,55,True,,UP55_NIKKEION_BASE
2022-12-29,8601.T,,8,39.3094539941037,30.0,55.319514664682615,29.65756289773502,15.02292243758233,True,495.2667236328125,516.0,485.0,HOLD,0.687280099082501,5,498.67059326171875,DEV,55,True,,UP55_NIKKEION_BASE
2022-12-29,2802.T,,9,39.303535919159835,30.0,55.20115316580535,29.877685932411524,14.921160901783095,True,1950.394287109375,2057.0,1897.0,LOSS,-2.737615028011038,2,1897.0,DEV,55,True,,UP55_NIKKEION_BASE
2022-12-29,8015.T,,10,36.14670209337474,40.0,58.58621578053831,27.940694043335668,13.473090176126002,True,1446.0435791015625,1541.0,1399.0,TIMEOUT_LOSS,-0.7157274922338692,5,1435.69384765625,DEV,55,True,,UP55_NIKKEION_BASE
2024-04-19,6098.T,,1,62.45456541832792,55.0,58.43913445351488,31.550096959299733,10.010768587185384,True,6068.63232421875,6639.0,5784.0,HOLD,8.672896029217867,5,6594.95849609375,VALIDATION,55,True,,UP55_NIKKEION_BASE
2024-04-19,6723.T,,2,54.79155256645503,45.0,56.04844263344842,36.00792071507794,7.943636651473638,True,2332.778564453125,2610.0,2194.0,HOLD,5.967036735819898,5,2471.976318359375,VALIDATION,55,True,,UP55_NIKKEION_BASE
2024-04-19,7202.T,,3,53.658406748593464,55.0,56.42900453708668,32.98365149125108,10.58734397166221,True,1727.7291259765625,1842.0,1671.0,HOLD,0.9841978239109787,5,1744.7333984375,VALIDATION,55,True,,UP55_NIKKEION_BASE
2024-04-19,6501.T,,4,51.446120475417956,55.0,55.66153994314163,31.453736313089543,12.884723743768825,True,2592.71337890625,2825.0,2477.0,HOLD,1.0877747262318882,5,2620.916259765625,VALIDATION,55,True,,UP55_NIKKEION_BASE
2024-04-19,543A.T,,5,51.352070681025715,45.0,56.82402231616651,33.61490241005306,9.56107527378043,True,465.66436767578125,500.0,449.0,LOSS,-3.5786220360720864,5,449.0,VALIDATION,55,True,,UP55_NIKKEION_BASE
2024-04-19,9984.T,ソフトバンクG,6,48.14721213394164,30.0,58.161633983180636,32.30858236173325,9.529783655086138,True,1895.499267578125,2063.0,1812.0,HOLD,1.752094451739543,5,1928.710205078125,VALIDATION,55,True,,UP55_NIKKEION_BASE
2024-04-19,4755.T,,7,48.08543288464721,30.0,56.926048997292064,35.93917749852915,7.13477350417879,True,743.9000244140625,832.0,700.0,TIMEOUT_LOSS,-0.8200075844732606,5,737.7999877929688,VALIDATION,55,True,,UP55_NIKKEION_BASE
2024-04-19,6273.T,,8,48.05012436977521,30.0,56.21987869985205,35.70796705260084,8.072154247547115,True,73492.359375,79576.0,70450.0,HOLD,5.254234549467409,5,77353.8203125,VALIDATION,55,True,,UP55_NIKKEION_BASE
2024-04-19,5401.T,,9,46.89068736990953,40.0,56.074616963407934,32.478293404782825,11.447089631809218,True,566.4493408203125,601.0,549.0,HOLD,0.9378596843817701,5,571.7618408203125,VALIDATION,55,True,,UP55_NIKKEION_BASE
2024-04-19,8015.T,,10,43.94950901348994,45.0,56.59887592197263,33.881229055573556,9.519895022453802,True,2888.134765625,3157.0,2754.0,HOLD,3.911443980456136,5,3001.1025390625,VALIDATION,55,True,,UP55_NIKKEION_BASE
2024-04-22,6723.T,,1,46.061021927184484,45.0,55.350873326298355,36.13847405676792,8.510652616933708,True,2255.879150390625,2534.0,2117.0,WIN,12.328712269946552,3,2534.0,VALIDATION,55,True,,UP55_NIKKEION_BASE
2024-04-22,6501.T,,2,38.27304557334051,45.0,56.113085379853736,29.839052282880463,14.047862337265807,True,2585.90576171875,2820.0,2469.0,WIN,9.05269796551506,5,2820.0,VALIDATION,55,True,,UP55_NIKKEION_BASE
2024-04-22,8015.T,,3,38.25276793159782,45.0,55.70753254499991,32.29883814636848,11.993629308631583,True,2916.68701171875,3182.0,2784.0,WIN,9.096381861175635,5,3182.0,VALIDATION,55,True,,UP55_NIKKEION_BASE
2024-04-22,6146.T,,4,35.184166857606854,45.0,55.20507628257179,34.25206696932992,10.542856748098298,True,46518.375,53149.0,43203.0,TIMEOUT_LOSS,-3.821918825087936,5,44740.48046875,VALIDATION,55,True,,UP55_NIKKEION_BASE
2024-04-22,9843.T,,5,34.90435338546831,20.0,57.217502491974905,33.98067853091201,8.801818977113074,True,4187.62255859375,4515.0,4024.0,TIMEOUT_LOSS,-1.0940328122392873,5,4141.80859375,VALIDATION,55,True,,UP55_NIKKEION_BASE
2024-04-22,9984.T,ソフトバンクG,6,34.891554481798025,20.0,56.961524418569155,33.30953160779174,9.728943973639103,True,1861.544677734375,2030.0,1777.0,HOLD,5.3787944660688085,5,1961.67333984375,VALIDATION,55,True,,UP55_NIKKEION_BASE
2024-04-22,7735.T,,7,34.819704504366044,20.0,55.524524869929614,36.473836452980684,8.001638677089712,True,7606.625,8815.0,7003.0,HOLD,3.525754430759371,5,7874.81591796875,VALIDATION,55,True,,UP55_NIKKEION_BASE
2024-04-22,8697.T,,8,31.552722834541765,30.0,56.706630603878736,33.0013242222297,10.292045173891532,True,1754.0810546875,1924.0,1669.0,LOSS,-4.8504631219939665,5,1669.0,VALIDATION,55,True,,UP55_NIKKEION_BASE
2024-04-22,6361.T,,9,31.513865683785188,30.0,55.92948758874721,34.08686587995007,9.98364653130271,True,2438.66357421875,2745.0,2286.0,HOLD,2.6223058984463146,5,2502.61279296875,VALIDATION,55,True,,UP55_NIKKEION_BASE
2024-04-22,6857.T,,10,31.32570671223989,20.0,55.20978641871083,35.646544045144665,9.143669536144506,True,5222.2900390625,5958.0,4855.0,TIMEOUT_LOSS,-5.181253360136509,5,4951.7099609375,VALIDATION,55,True,,UP55_NIKKEION_BASE
2024-07-26,6841.T,,1,53.929354043120625,55.0,61.84795042763,29.254178226708476,8.897871345661475,True,3567.303466796875,3819.0,3442.0,LOSS,-3.51255417328951,5,3442.0,VALIDATION,55,True,,UP55_NIKKEION_BASE
2024-07-26,3861.T,,2,51.42291895294717,55.0,55.197509493726095,31.184893323728343,13.617597182545607,True,572.7911376953125,603.0,557.0,LOSS,-2.75687535230553,5,557.0,VALIDATION,55,True,,UP55_NIKKEION_BASE
2024-07-26,4901.T,,3,48.582666813112496,30.0,66.87072756659781,27.235192453113257,5.894079980288894,True,3224.876708984375,3465.0,3105.0,LOSS,-3.7172493649262117,5,3105.0,VALIDATION,55,True,,UP55_NIKKEION_BASE
2024-07-26,3436.T,,4,48.46227286828178,55.0,56.85415301780951,32.16025559311843,10.985591389072082,True,2286.02880859375,2538.0,2160.0,LOSS,-5.513001766205939,5,2160.0,VALIDATION,55,True,,UP55_NIKKEION_BASE
2024-07-26,8750.T,,5,47.31302105888574,65.0,56.91259509075818,31.702527680516823,11.38487722872501,True,991.7317504882812,1076.0,950.0,LOSS,-4.207967574672741,5,950.0,VALIDATION,55,True,,UP55_NIKKEION_BASE
2024-07-26,8316.T,,6,47.29905706205323,65.0,56.63331515410799,31.1468263568359,12.2198584890561,True,1598.2384033203125,1711.0,1542.0,LOSS,-3.5187743707996377,5,1542.0,VALIDATION,55,True,,UP55_NIKKEION_BASE
2024-07-26,6178.T,,7,46.54438517952334,45.0,65.0181383730754,27.83368602366785,7.148175603256712,True,1401.441650390625,1480.0,1362.0,WIN,5.605538381671357,3,1480.0,VALIDATION,55,True,,UP55_NIKKEION_BASE
2024-07-26,6503.T,,8,46.48897041101909,45.0,63.90984300299043,28.31609151584956,7.774065481159985,True,2360.460693359375,2591.0,2245.0,LOSS,-4.89144740618633,4,2245.0,VALIDATION,55,True,,UP55_NIKKEION_BASE
2024-07-26,8604.T,,9,46.42050446649236,45.0,62.540524112455806,29.58362190205776,7.87585398548641,True,790.8228759765625,857.0,758.0,LOSS,-4.150471233654003,5,758.0,VALIDATION,55,True,,UP55_NIKKEION_BASE
2024-07-26,6098.T,,10,46.06861058016517,45.0,55.50264638591206,36.54792411022726,7.949429503860686,True,7971.34912109375,8742.0,7586.0,TIMEOUT_LOSS,-1.8064083632525985,5,7827.35400390625,VALIDATION,55,True,,UP55_NIKKEION_BASE
2024-08-02,2914.T,,1,55.64534657552045,40.0,57.254757597365526,33.82478454658735,8.920457856047124,True,3780.9912109375,4005.0,3669.0,LOSS,-2.961953749417251,1,3669.0,VALIDATION,55,True,,UP55_NIKKEION_BASE
2024-08-02,8591.T,,2,55.14877273546914,45.0,63.19284601373061,29.164124701842166,7.643029284427219,True,2905.513916015625,3173.0,2772.0,LOSS,-4.595191070318969,1,2772.0,VALIDATION,55,True,,UP55_NIKKEION_BASE
2024-08-02,7532.T,,3,55.1005584117165,45.0,62.22855953867775,29.937952412319618,7.833488049002621,True,693.0521850585938,757.0,661.0,LOSS,-4.624786668248353,1,661.0,VALIDATION,55,True,,UP55_NIKKEION_BASE
2024-08-02,7731.T,,4,55.03200206478225,45.0,60.85743259999281,31.93335587762862,7.209211522378562,True,1455.6253662109375,1593.0,1387.0,LOSS,-4.7144937017395225,1,1387.0,VALIDATION,55,True,,UP55_NIKKEION_BASE
2024-08-02,6479.T,,5,55.001137910234604,45.0,60.24014950903985,30.675222372156707,9.084628118803446,True,3042.86962890625,3393.0,2868.0,LOSS,-5.746865631213597,1,2868.0,VALIDATION,55,True,,UP55_NIKKEION_BASE
2024-08-02,6103.T,,6,54.99437353163188,45.0,60.10486193698546,31.85394743631516,8.041190626699365,True,3067.743408203125,3418.0,2893.0,LOSS,-5.696154630659863,1,2893.0,VALIDATION,55,True,,UP55_NIKKEION_BASE
2024-08-02,8306.T,三菱UFJ,7,54.98307099098442,45.0,59.87881112403623,32.74884351099156,7.372345364972206,True,1396.99072265625,1548.0,1321.0,LOSS,-5.439601095686633,1,1321.0,VALIDATION,55,True,,UP55_NIKKEION_BASE
2024-08-02,8316.T,,8,54.967695652352,45.0,59.571304351387745,34.30529927432606,6.123396374286192,True,1464.40771484375,1618.0,1388.0,LOSS,-5.217653121412473,1,1388.0,VALIDATION,55,True,,UP55_NIKKEION_BASE
2024-08-02,1812.T,,9,54.745673100179694,45.0,55.13085330794173,38.43120726869954,6.4379394233586975,True,2377.297119140625,2599.0,2266.0,LOSS,-4.681666344712438,1,2266.0,VALIDATION,55,True,,UP55_NIKKEION_BASE
2024-08-02,6758.T,,10,51.58140819322469,45.0,61.41077256014591,31.41985711774155,7.169370322112502,True,2400.04736328125,2640.0,2280.0,LOSS,-5.0018747595516615,1,2280.0,VALIDATION,55,True,,UP55_NIKKEION_BASE
2024-08-05,2802.T,,1,62.286652609165955,55.0,55.080878270275704,38.639191244546915,6.279930485177372,True,2742.714599609375,3002.0,2613.0,LOSS,-4.72942389367998,1,2613.0,VALIDATION,55,True,,UP55_NIKKEION_BASE
2024-08-05,8252.T,,2,55.01926766225733,45.0,60.6027445494944,33.66620633844937,5.731049112056206,True,1839.8968505859375,1995.0,1763.0,WIN,8.429991570705067,1,1995.0,VALIDATION,55,True,,UP55_NIKKEION_BASE
2024-08-05,4502.T,,3,54.883201672262885,45.0,57.881424749605536,35.780790448810976,6.337784801583488,True,3522.883544921875,3754.0,3407.0,HOLD,5.687936940751009,5,3723.262939453125,VALIDATION,55,True,,UP55_NIKKEION_BASE
2024-08-05,7751.T,,4,54.812043583883906,45.0,56.458262982025886,35.10978012013563,8.431956897838475,True,3581.461669921875,4025.0,3360.0,WIN,12.384282478941069,2,4025.0,VALIDATION,55,True,,UP55_NIKKEION_BASE
2024-08-05,6724.T,,5,51.51341130423587,45.0,60.050834780369556,33.6419946243997,6.307170595230728,True,2000.5855712890625,2254.0,1874.0,WIN,12.667012716064516,1,2254.0,VALIDATION,55,True,,UP55_NIKKEION_BASE
2024-08-05,3092.T,,6,51.47442132424628,55.0,56.227556919708256,37.8691677793055,5.903275300986258,True,1234.6025390625,1340.0,1182.0,WIN,8.536954817664148,2,1340.0,VALIDATION,55,True,,UP55_NIKKEION_BASE
2024-08-05,4568.T,,7,51.29821567434229,45.0,55.74692218249792,37.47618883482083,6.7768889826812355,True,4623.05712890625,5298.0,4286.0,WIN,14.599492333191911,2,5298.0,VALIDATION,55,True,,UP55_NIKKEION_BASE
2024-08-05,6702.T,,8,51.269615604435025,45.0,55.17492078435268,37.084740898506126,7.74033831714119,True,2102.229248046875,2403.0,1952.0,WIN,14.307228968132904,2,2403.0,VALIDATION,55,True,,UP55_NIKKEION_BASE
2024-08-05,7733.T,,9,48.19049024502223,30.0,59.02719620479253,35.59359399440702,5.37920980080043,True,2122.86767578125,2364.0,2002.0,WIN,11.358801444372144,2,2364.0,VALIDATION,55,True,,UP55_NIKKEION_BASE
2024-08-05,9434.T,,10,48.12146984751467,30.0,57.6467882546411,35.46416993820104,6.889041807157847,True,163.98974609375,175.0,158.0,HOLD,4.280562660227303,5,171.00942993164062,VALIDATION,55,True,,UP55_NIKKEION_BASE
2024-08-06,4502.T,,1,48.06005764163747,30.0,56.41854413709715,36.54629770525503,7.0351581576478095,True,3531.90966796875,3795.0,3400.0,WIN,7.448954156932243,5,3795.0,VALIDATION,55,True,,UP55_NIKKEION_BASE
2024-08-06,2914.T,,2,48.02354669573168,30.0,55.688325218981504,34.99614462367758,9.315530157340918,True,3430.47802734375,3843.0,3224.0,HOLD,8.386406948626163,5,3718.171875,VALIDATION,55,True,,UP55_NIKKEION_BASE
2024-08-06,8304.T,,3,44.70339677143664,30.0,58.85054412438492,33.092055757651075,8.057400117964008,True,2074.13525390625,2294.0,1964.0,HOLD,5.425995255458729,5,2186.677734375,VALIDATION,55,True,,UP55_NIKKEION_BASE
2024-08-06,9432.T,,4,44.52663993495703,30.0,55.315407394792906,37.859137211032014,6.8254553941751,True,134.14523315429688,144.0,129.0,HOLD,1.0966357582266735,5,135.61631774902344,VALIDATION,55,True,,UP55_NIKKEION_BASE
2024-08-06,9503.T,,5,32.63615307858757,20.0,55.33175722392525,36.70317184988844,7.965070926186314,True,2275.697998046875,2594.0,2116.0,TIMEOUT_LOSS,-0.7760003235614417,5,2258.03857421875,VALIDATION,55,True,,UP55_NIKKEION_BASE
2024-08-06,2432.T,,6,32.62750254381936,20.0,55.15874652856111,36.42197580675151,8.419277664687396,True,1361.536376953125,1523.0,1281.0,WIN,11.858928323913146,5,1523.0,VALIDATION,55,True,,UP55_NIKKEION_BASE
2024-08-06,4183.T,,7,26.82568834148612,10.0,55.20941900363544,35.558306236930484,9.232274759434079,True,1645.1484375,1896.0,1520.0,LOSS,-7.607121317890197,1,1520.0,VALIDATION,55,True,,UP55_NIKKEION_BASE
2024-08-06,3861.T,,8,25.88906891927281,0.0,56.911813168064874,34.423165019675665,8.665021812259429,True,497.82037353515625,550.0,472.0,HOLD,1.7216346796931792,5,506.3910217285156,VALIDATION,55,True,,UP55_NIKKEION_BASE
2024-08-06,7912.T,,9,24.06568573689696,20.0,57.83545386837397,35.38444935938644,6.780096772239576,True,2246.650634765625,2485.0,2127.0,HOLD,3.43054075397176,5,2323.722900390625,VALIDATION,55,True,,UP55_NIKKEION_BASE
2024-08-06,7751.T,,10,23.932559483599462,20.0,55.172928802424046,35.136793703524674,9.690277494051267,True,3738.02880859375,4204.0,3505.0,WIN,12.465692889658301,1,4204.0,VALIDATION,55,True,,UP55_NIKKEION_BASE
2024-08-07,8795.T,,1,44.52353974681124,30.0,55.25340363187687,38.21430175201183,6.532294616111306,True,2029.26904296875,2404.0,1842.0,HOLD,9.815534043657479,5,2228.45263671875,VALIDATION,55,True,,UP55_NIKKEION_BASE
2024-08-07,6758.T,,2,23.96472368898177,20.0,55.816212910070206,36.49094655178071,7.692840538149107,True,2417.730712890625,2742.0,2256.0,HOLD,4.672895403172263,5,2530.708740234375,VALIDATION,55,True,,UP55_NIKKEION_BASE
2024-08-08,3436.T,,1,44.716696749935295,30.0,59.116543694358036,37.31505618832498,3.568400117317008,True,1647.385986328125,2134.0,1404.0,HOLD,5.186720854075608,5,1732.831298828125,VALIDATION,55,True,,UP55_NIKKEION_BASE
2024-08-08,9984.T,ソフトバンクG,2,40.289531759480724,20.0,60.57324388526658,36.22374130247144,3.203014812262022,True,1793.1402587890625,2201.0,1589.0,HOLD,16.793362290712253,5,2094.268798828125,VALIDATION,55,True,,UP55_NIKKEION_BASE
2024-08-08,8316.T,,3,40.22577967342011,20.0,59.29820216405427,36.554098948932335,4.147698887013421,True,1310.570556640625,1539.0,1196.0,WIN,17.42977073625905,5,1539.0,VALIDATION,55,True,,UP55_NIKKEION_BASE
2024-08-08,4151.T,,4,38.31478000826666,45.0,56.947774078376604,34.73946164038051,8.31276428124287,True,2814.892333984375,3094.0,2676.0,HOLD,6.702684062402128,5,3003.565673828125,VALIDATION,55,True,,UP55_NIKKEION_BASE
2024-08-08,7733.T,,5,37.458414385871365,30.0,61.77698336960113,32.26662298556333,5.95639364483554,True,2289.33837890625,2595.0,2137.0,HOLD,7.865178364808849,5,2469.39892578125,VALIDATION,55,True,,UP55_NIKKEION_BASE
2024-08-08,2802.T,,6,35.128934987061584,20.0,61.709134523840426,32.41768099581191,5.873184480347695,True,2484.46240234375,2801.0,2326.0,HOLD,7.698314072677082,5,2675.72412109375,VALIDATION,55,True,,UP55_NIKKEION_BASE
2024-08-08,6976.T,,7,33.93798510973421,30.0,60.93361523816245,34.40196104601943,4.6644237158181365,True,3352.2861328125,4176.0,2940.0,HOLD,8.4408348896698,5,3635.2470703125,VALIDATION,55,True,,UP55_NIKKEION_BASE
2024-08-08,5631.T,,8,32.793182396489286,20.0,58.47234358195968,34.99551364660408,6.532142771436235,True,3938.250732421875,4707.0,3554.0,HOLD,12.684356126296606,5,4437.79248046875,VALIDATION,55,True,,UP55_NIKKEION_BASE
2024-08-08,7731.T,,9,32.69078047310049,20.0,56.424305114183596,36.64526341502258,6.930431470793823,True,1501.7908935546875,1721.0,1392.0,LOSS,-7.310664489036569,1,1392.0,VALIDATION,55,True,,UP55_NIKKEION_BASE
2024-08-08,9432.T,,10,31.707651640380934,20.0,62.848684981531754,32.46148688044289,4.689828138025373,True,133.68551635742188,144.0,128.0,HOLD,3.8514525498406957,5,138.8343505859375,VALIDATION,55,True,,UP55_NIKKEION_BASE
2026-01-26,9531.T,,1,73.77124051324128,95.0,55.207418960477874,23.821963255945874,20.970617783576298,True,6588.18603515625,6988.0,6388.0,HOLD,4.668164524196773,5,6895.7333984375,VALIDATION,55,True,,UP55_NIKKEION_BASE
2026-01-26,9532.T,,2,69.34721017764426,85.0,56.726812248537186,23.282514004194326,19.990673747268524,True,5632.2353515625,5900.0,5498.0,HOLD,2.104714612748983,5,5750.77783203125,VALIDATION,55,True,,UP55_NIKKEION_BASE
2026-01-26,4043.T,,3,69.28178958797619,85.0,55.418400455176034,23.029393313154316,21.552206231669686,True,4340.4423828125,4607.0,4207.0,LOSS,-3.0743959035353585,4,4207.0,VALIDATION,55,True,,UP55_NIKKEION_BASE
2026-01-26,4151.T,,4,69.27216297848747,85.0,55.225868265401616,24.04946113638813,20.724670598210288,True,2575.634765625,2707.0,2510.0,LOSS,-2.548294754402927,2,2510.0,VALIDATION,55,True,,UP55_NIKKEION_BASE
2026-01-28,9532.T,,1,71.51984878590886,85.0,56.70132354426395,23.737248406152382,19.56142804958368,True,5641.052734375,5913.0,5505.0,WIN,4.820860191003522,4,5913.0,VALIDATION,55,True,,UP55_NIKKEION_BASE
2026-01-29,9532.T,,1,69.26152047945709,85.0,55.013018284793894,23.34559702421564,21.64138469099048,True,5644.97119140625,5930.0,5502.0,WIN,5.049251784095374,3,5930.0,VALIDATION,55,True,,UP55_NIKKEION_BASE
2026-01-29,4502.T,,2,62.952352371903444,95.0,56.2209604815472,23.315602818754037,20.463436699698764,True,4977.646484375,5227.0,4853.0,WIN,5.009466148464522,3,5227.0,VALIDATION,55,True,,UP55_NIKKEION_BASE
2026-01-30,1963.T,,1,84.73798977079257,100.0,55.62936063324274,24.894306164747288,19.476333202009968,True,2111.269775390625,2306.0,2014.0,HOLD,3.4913314556218653,5,2184.981201171875,VALIDATION,55,True,,UP55_NIKKEION_BASE
2026-01-30,9531.T,,2,84.72956026651897,100.0,55.46077054777094,25.328079478148553,19.211149974080527,True,6726.7294921875,7185.0,6498.0,WIN,6.812679301951127,4,7185.0,VALIDATION,55,True,,UP55_NIKKEION_BASE
2026-01-30,4183.T,,3,76.15311036838357,100.0,57.844816063323556,23.75755364616829,18.397630290508154,True,2173.097412109375,2310.0,2105.0,WIN,6.299882698665443,3,2310.0,VALIDATION,55,True,,UP55_NIKKEION_BASE
2026-01-30,5019.T,,4,76.1460399471245,100.0,57.70340763814242,23.942083090471325,18.35450927138626,True,1277.4263916015625,1358.0,1237.0,WIN,6.3074952050598405,3,1358.0,VALIDATION,55,True,,UP55_NIKKEION_BASE
2026-01-30,9532.T,,5,76.13490790534765,100.0,57.48076680260503,23.21109644605235,19.30813675134265,True,5676.3212890625,5961.0,5534.0,WIN,5.015197280781783,2,5961.0,VALIDATION,55,True,,UP55_NIKKEION_BASE
2026-01-30,4502.T,,6,73.99404302273553,100.0,58.141730019927884,22.909999221589278,18.948270758482856,True,5063.61767578125,5331.0,4930.0,WIN,5.280460361326478,4,5331.0,VALIDATION,55,True,,UP55_NIKKEION_BASE
2026-01-30,5301.T,,7,73.87196769481393,95.0,57.22196259193084,24.910380435180322,17.86765697288885,True,1054.6575927734375,1116.0,1024.0,WIN,5.816333912246354,4,1116.0,VALIDATION,55,True,,UP55_NIKKEION_BASE
2026-01-30,3401.T,,8,71.5860826086581,90.0,56.50426086881423,26.20824886744359,17.2874902637422,True,1449.5145263671875,1536.0,1406.0,WIN,5.9665130676244225,3,1536.0,VALIDATION,55,True,,UP55_NIKKEION_BASE
2026-01-30,5201.T,,9,71.54196735126378,90.0,55.621955720927694,25.79542650726292,18.582617771809392,True,5615.26123046875,5933.0,5457.0,WIN,5.658485981154003,3,5933.0,VALIDATION,55,True,,UP55_NIKKEION_BASE
2026-01-30,1332.T,,10,69.2756696754776,85.0,55.29600220520416,27.078375335663402,17.625622459132448,True,1260.3726806640625,1340.0,1220.0,WIN,6.317759862422885,4,1340.0,VALIDATION,55,True,,UP55_NIKKEION_BASE
2026-02-02,9532.T,,1,84.88441589131735,100.0,58.55788304373826,23.429083557348456,18.01303339891333,True,5750.77783203125,6075.0,5589.0,WIN,5.637883733968392,1,6075.0,VALIDATION,55,True,,UP55_NIKKEION_BASE
2026-02-02,2282.T,,2,82.59540525752445,95.0,57.777670367880226,23.268767226381645,18.95356240573815,True,2333.949951171875,2464.0,2269.0,LOSS,-2.782833930918856,1,2269.0,VALIDATION,55,True,,UP55_NIKKEION_BASE
2026-02-02,4502.T,,3,71.74687723556745,90.0,59.72015340700122,23.344886590552065,16.93496000244672,True,5160.21484375,5442.0,5019.0,WIN,5.460725275640322,5,5442.0,VALIDATION,55,True,,UP55_NIKKEION_BASE
2026-02-02,5201.T,,4,71.63410164397408,90.0,57.464641575133804,26.85965389241609,15.675704532450144,True,5623.14404296875,5945.0,5462.0,WIN,5.72377222727742,2,5945.0,VALIDATION,55,True,,UP55_NIKKEION_BASE
2026-02-02,9531.T,,5,71.5142742390583,90.0,55.068093476818056,24.68244135857944,20.24946516460255,True,6895.7333984375,7374.0,6657.0,WIN,6.935688692240773,5,7374.0,VALIDATION,55,True,,UP55_NIKKEION_BASE
2026-02-02,1332.T,,6,69.37844477823488,85.0,57.35150426034971,24.97078403098007,17.67771170867024,True,1265.239013671875,1346.0,1225.0,WIN,6.383061655184577,4,1346.0,VALIDATION,55,True,,UP55_NIKKEION_BASE
2026-02-02,3401.T,,7,69.29651696351249,85.0,55.71294796590196,24.776142017634925,19.510910016463125,True,1435.450927734375,1525.0,1391.0,WIN,6.238393144303692,2,1525.0,VALIDATION,55,True,,UP55_NIKKEION_BASE
2026-02-02,9202.T,,8,67.13950140422108,85.0,56.05089764963903,26.040564970956286,17.90853737940469,True,3010.12451171875,3161.0,2935.0,WIN,5.012267356179949,3,3161.0,VALIDATION,55,True,,UP55_NIKKEION_BASE
2026-02-02,4042.T,,9,62.973629649622374,95.0,56.646506035925725,24.52931619079989,18.824177773274407,True,2434.5859375,2557.0,2373.0,WIN,5.028126574398239,2,2557.0,VALIDATION,55,True,,UP55_NIKKEION_BASE
2026-02-02,6971.T,,10,62.948643487848116,95.0,56.14678280044061,23.642107322725,20.211109876834417,True,2291.637939453125,2427.0,2224.0,WIN,5.906782141125562,1,2427.0,VALIDATION,55,True,,UP55_NIKKEION_BASE
2026-02-06,4208.T,,1,80.27402734176194,85.0,57.87185118306485,23.720759291722445,18.407389525212718,True,2646.09814453125,2816.0,2561.0,HOLD,1.2276607157981911,5,2678.583251953125,VALIDATION,55,True,,UP55_NIKKEION_BASE
2026-02-06,1721.T,,2,76.17125088361018,100.0,58.20762636785606,22.630017354549636,19.16235627759432,True,4996.3828125,5305.0,4842.0,WIN,6.176812287639339,3,5305.0,VALIDATION,55,True,,UP55_NIKKEION_BASE
2026-02-06,2269.T,,3,73.85576537192799,90.0,58.4196552646466,22.65049785737324,18.929846877980193,True,3702.207763671875,3883.0,3612.0,LOSS,-2.436593768643776,4,3612.0,VALIDATION,55,True,,UP55_NIKKEION_BASE
2026-02-06,8725.T,,4,73.85220497852515,90.0,58.34844739659003,24.89475540581856,16.756797197591446,True,4009.127685546875,4259.0,3884.0,HOLD,1.033907793537781,5,4050.578369140625,VALIDATION,55,True,,UP55_NIKKEION_BASE
2026-02-06,1808.T,,5,73.84540819039245,90.0,58.212511633935925,23.85023293773787,17.937255428326225,True,3232.6005859375,3406.0,3146.0,WIN,5.364084100486288,3,3406.0,VALIDATION,55,True,,UP55_NIKKEION_BASE
2026-02-06,8804.T,,6,73.83552111709767,90.0,58.01477016804012,25.32828994447456,16.656939887485343,True,3758.60546875,3990.0,3643.0,WIN,6.156393193536084,1,3990.0,VALIDATION,55,True,,UP55_NIKKEION_BASE
2026-02-06,8591.T,,7,73.81765721094027,90.0,57.65749204489208,25.157988513070826,17.18451944203713,True,4783.494140625,5045.0,4653.0,WIN,5.466837664837868,2,5045.0,VALIDATION,55,True,,UP55_NIKKEION_BASE
2026-02-06,9147.T,,8,73.81227313164455,90.0,57.54981045897776,25.647655020360023,16.80253452066225,True,3639.56787109375,3817.0,3551.0,LOSS,-2.4334721656704232,5,3551.0,VALIDATION,55,True,,UP55_NIKKEION_BASE
2026-02-06,5108.T,,9,73.81000733870017,90.0,57.50449460009034,23.164113486853218,19.331391913056464,True,3675.18212890625,3876.0,3575.0,LOSS,-2.7259092309546205,5,3575.0,VALIDATION,55,True,,UP55_NIKKEION_BASE
2026-02-06,4021.T,,10,73.79124498570202,90.0,57.129247540127395,25.258744136194935,17.612008323677706,True,5550.2099609375,5899.0,5376.0,WIN,6.28426746947038,2,5899.0,VALIDATION,55,True,,UP55_NIKKEION_BASE
2019-05-31,2802.T,,1,39.69161104518786,55.0,55.353960034192,27.39640302428765,17.24963694152037,True,832.4111328125,881.0,808.0,LOSS,-2.9325812510485236,2,808.0,DEV,55,True,55,UP55_NIKKEION_TESTA55
2021-02-08,2269.T,,1,54.906234870778505,55.0,55.29861045904843,26.035512656677458,18.665876884274088,True,3146.3369140625,3288.0,3075.0,LOSS,-2.2673005469840453,1,3075.0,DEV,55,True,55,UP55_NIKKEION_TESTA55
2022-12-21,8015.T,,1,51.43083858718586,55.0,55.355902178499846,27.92253984692571,16.721557974574452,True,1459.350830078125,1565.0,1406.0,TIMEOUT_LOSS,-0.9118609934151413,5,1446.0435791015625,DEV,55,True,55,UP55_NIKKEION_TESTA55
2022-12-29,8725.T,,1,80.29732754666867,95.0,55.29437702032982,29.91601422813946,14.789608751530661,True,1185.1563720703125,1255.0,1150.0,TIMEOUT_LOSS,-1.5490687264060723,5,1166.7974853515625,DEV,55,True,55,UP55_NIKKEION_TESTA55
2022-12-29,8604.T,,2,55.858506902475774,60.0,55.43100761473286,29.654479472251616,14.914512913015516,True,416.8106384277344,433.0,409.0,TIMEOUT_LOSS,-0.28640250354900565,5,415.61688232421875,DEV,55,True,55,UP55_NIKKEION_TESTA55
2022-12-29,8053.T,,3,42.734811310146,55.0,55.34840011596347,29.852979663180413,14.798620220856087,True,479.8457946777344,504.0,468.0,LOSS,-2.468666977834002,3,468.0,DEV,55,True,55,UP55_NIKKEION_TESTA55
2022-12-29,8267.T,,4,42.726009108071665,55.0,55.1723560744767,29.748993040417815,15.078650885105452,True,894.5508422851562,934.0,875.0,LOSS,-2.1855484742726365,3,875.0,DEV,55,True,55,UP55_NIKKEION_TESTA55
2022-12-29,3405.T,,5,42.72559710765047,55.0,55.16411606605286,29.9531480431267,14.88273589082041,True,949.150634765625,991.0,928.0,LOSS,-2.228374927110253,2,928.0,DEV,55,True,55,UP55_NIKKEION_TESTA55
2024-04-19,6098.T,,1,62.45456541832792,55.0,58.43913445351488,31.550096959299733,10.010768587185384,True,6068.63232421875,6639.0,5784.0,HOLD,8.672896029217867,5,6594.95849609375,VALIDATION,55,True,55,UP55_NIKKEION_TESTA55
2024-04-19,7202.T,,2,53.658406748593464,55.0,56.42900453708668,32.98365149125108,10.58734397166221,True,1727.7291259765625,1842.0,1671.0,HOLD,0.9841978239109787,5,1744.7333984375,VALIDATION,55,True,55,UP55_NIKKEION_TESTA55
2024-04-19,6501.T,,3,51.446120475417956,55.0,55.66153994314163,31.453736313089543,12.884723743768825,True,2592.71337890625,2825.0,2477.0,HOLD,1.0877747262318882,5,2620.916259765625,VALIDATION,55,True,55,UP55_NIKKEION_TESTA55
2024-04-19,5411.T,,4,42.846009475674066,55.0,57.572363426524774,32.29558175419153,10.13205481928368,True,2090.259765625,2222.0,2024.0,TIMEOUT_LOSS,-0.48979735809600516,5,2080.021728515625,VALIDATION,55,True,55,UP55_NIKKEION_TESTA55
2024-04-19,8001.T,,5,42.7494485443046,55.0,55.641144799135446,31.980930817623033,12.377924383241535,True,1226.4666748046875,1319.0,1180.0,HOLD,6.057798106241381,5,1300.7635498046875,VALIDATION,55,True,55,UP55_NIKKEION_TESTA55
2024-04-19,8601.T,,6,42.7233085935455,55.0,55.118345783953295,33.31829153343406,11.563362682612677,True,978.341796875,1057.0,939.0,HOLD,4.442374743217857,5,1021.8034057617188,VALIDATION,55,True,55,UP55_NIKKEION_TESTA55
2024-07-26,6841.T,,1,53.929354043120625,55.0,61.84795042763,29.254178226708476,8.897871345661475,True,3567.303466796875,3819.0,3442.0,LOSS,-3.51255417328951,5,3442.0,VALIDATION,55,True,55,UP55_NIKKEION_TESTA55
2024-07-26,3861.T,,2,51.42291895294717,55.0,55.197509493726095,31.184893323728343,13.617597182545607,True,572.7911376953125,603.0,557.0,LOSS,-2.75687535230553,5,557.0,VALIDATION,55,True,55,UP55_NIKKEION_TESTA55
2024-07-26,3436.T,,3,48.46227286828178,55.0,56.85415301780951,32.16025559311843,10.985591389072082,True,2286.02880859375,2538.0,2160.0,LOSS,-5.513001766205939,5,2160.0,VALIDATION,55,True,55,UP55_NIKKEION_TESTA55
2024-07-26,8750.T,,4,47.31302105888574,65.0,56.91259509075818,31.702527680516823,11.38487722872501,True,991.7317504882812,1076.0,950.0,LOSS,-4.207967574672741,5,950.0,VALIDATION,55,True,55,UP55_NIKKEION_TESTA55
2024-07-26,8316.T,,5,47.29905706205323,65.0,56.63331515410799,31.1468263568359,12.2198584890561,True,1598.2384033203125,1711.0,1542.0,LOSS,-3.5187743707996377,5,1542.0,VALIDATION,55,True,55,UP55_NIKKEION_TESTA55
2024-07-26,8630.T,,6,43.13793138457157,55.0,63.41080160447494,28.49846441375721,8.09073398176781,True,2967.107666015625,3200.0,2851.0,WIN,7.849136607068729,3,3200.0,VALIDATION,55,True,55,UP55_NIKKEION_TESTA55
2024-07-26,8001.T,,7,43.10506210415978,55.0,62.75341599623897,28.82324896607536,8.42333503768566,True,1409.0035400390625,1503.0,1362.0,LOSS,-3.3359419407675435,5,1362.0,VALIDATION,55,True,55,UP55_NIKKEION_TESTA55
2024-07-26,8306.T,三菱UFJ,8,42.94219791774996,55.0,59.49613226804259,30.37222153252345,10.131646199433966,True,1553.1846923828125,1661.0,1499.0,LOSS,-3.4886187488549902,5,1499.0,VALIDATION,55,True,55,UP55_NIKKEION_TESTA55
2024-07-26,7752.T,,9,42.92868015663494,55.0,59.22577704574225,29.75235555046165,11.021867403796115,True,1289.260986328125,1390.0,1239.0,LOSS,-3.898433820701472,4,1239.0,VALIDATION,55,True,55,UP55_NIKKEION_TESTA55
2024-07-26,6770.T,,10,42.91027225008567,55.0,58.85761891475671,29.599850989355232,11.5425300958881,True,1397.9071044921875,1524.0,1335.0,LOSS,-4.500091908112845,4,1335.0,VALIDATION,55,True,55,UP55_NIKKEION_TESTA55
2024-08-05,2802.T,,1,62.286652609165955,55.0,55.080878270275704,38.639191244546915,6.279930485177372,True,2742.714599609375,3002.0,2613.0,LOSS,-4.72942389367998,1,2613.0,VALIDATION,55,True,55,UP55_NIKKEION_TESTA55
2024-08-05,3092.T,,2,51.47442132424628,55.0,56.227556919708256,37.8691677793055,5.903275300986258,True,1234.6025390625,1340.0,1182.0,WIN,8.536954817664148,2,1340.0,VALIDATION,55,True,55,UP55_NIKKEION_TESTA55
2026-01-26,9531.T,,1,73.77124051324128,95.0,55.207418960477874,23.821963255945874,20.970617783576298,True,6588.18603515625,6988.0,6388.0,HOLD,4.668164524196773,5,6895.7333984375,VALIDATION,55,True,55,UP55_NIKKEION_TESTA55
2026-01-26,9532.T,,2,69.34721017764426,85.0,56.726812248537186,23.282514004194326,19.990673747268524,True,5632.2353515625,5900.0,5498.0,HOLD,2.104714612748983,5,5750.77783203125,VALIDATION,55,True,55,UP55_NIKKEION_TESTA55
2026-01-26,4043.T,,3,69.28178958797619,85.0,55.418400455176034,23.029393313154316,21.552206231669686,True,4340.4423828125,4607.0,4207.0,LOSS,-3.0743959035353585,4,4207.0,VALIDATION,55,True,55,UP55_NIKKEION_TESTA55
2026-01-26,4151.T,,4,69.27216297848747,85.0,55.225868265401616,24.04946113638813,20.724670598210288,True,2575.634765625,2707.0,2510.0,LOSS,-2.548294754402927,2,2510.0,VALIDATION,55,True,55,UP55_NIKKEION_TESTA55
2026-01-28,9532.T,,1,71.51984878590886,85.0,56.70132354426395,23.737248406152382,19.56142804958368,True,5641.052734375,5913.0,5505.0,WIN,4.820860191003522,4,5913.0,VALIDATION,55,True,55,UP55_NIKKEION_TESTA55
2026-01-29,9532.T,,1,69.26152047945709,85.0,55.013018284793894,23.34559702421564,21.64138469099048,True,5644.97119140625,5930.0,5502.0,WIN,5.049251784095374,3,5930.0,VALIDATION,55,True,55,UP55_NIKKEION_TESTA55
2026-01-29,4502.T,,2,62.952352371903444,95.0,56.2209604815472,23.315602818754037,20.463436699698764,True,4977.646484375,5227.0,4853.0,WIN,5.009466148464522,3,5227.0,VALIDATION,55,True,55,UP55_NIKKEION_TESTA55
2026-01-30,1963.T,,1,84.73798977079257,100.0,55.62936063324274,24.894306164747288,19.476333202009968,True,2111.269775390625,2306.0,2014.0,HOLD,3.4913314556218653,5,2184.981201171875,VALIDATION,55,True,55,UP55_NIKKEION_TESTA55
2026-01-30,9531.T,,2,84.72956026651897,100.0,55.46077054777094,25.328079478148553,19.211149974080527,True,6726.7294921875,7185.0,6498.0,WIN,6.812679301951127,4,7185.0,VALIDATION,55,True,55,UP55_NIKKEION_TESTA55
2026-01-30,4183.T,,3,76.15311036838357,100.0,57.844816063323556,23.75755364616829,18.397630290508154,True,2173.097412109375,2310.0,2105.0,WIN,6.299882698665443,3,2310.0,VALIDATION,55,True,55,UP55_NIKKEION_TESTA55
2026-01-30,5019.T,,4,76.1460399471245,100.0,57.70340763814242,23.942083090471325,18.35450927138626,True,1277.4263916015625,1358.0,1237.0,WIN,6.3074952050598405,3,1358.0,VALIDATION,55,True,55,UP55_NIKKEION_TESTA55
2026-01-30,9532.T,,5,76.13490790534765,100.0,57.48076680260503,23.21109644605235,19.30813675134265,True,5676.3212890625,5961.0,5534.0,WIN,5.015197280781783,2,5961.0,VALIDATION,55,True,55,UP55_NIKKEION_TESTA55
2026-01-30,4502.T,,6,73.99404302273553,100.0,58.141730019927884,22.909999221589278,18.948270758482856,True,5063.61767578125,5331.0,4930.0,WIN,5.280460361326478,4,5331.0,VALIDATION,55,True,55,UP55_NIKKEION_TESTA55
2026-01-30,5301.T,,7,73.87196769481393,95.0,57.22196259193084,24.910380435180322,17.86765697288885,True,1054.6575927734375,1116.0,1024.0,WIN,5.816333912246354,4,1116.0,VALIDATION,55,True,55,UP55_NIKKEION_TESTA55
2026-01-30,3401.T,,8,71.5860826086581,90.0,56.50426086881423,26.20824886744359,17.2874902637422,True,1449.5145263671875,1536.0,1406.0,WIN,5.9665130676244225,3,1536.0,VALIDATION,55,True,55,UP55_NIKKEION_TESTA55
2026-01-30,5201.T,,9,71.54196735126378,90.0,55.621955720927694,25.79542650726292,18.582617771809392,True,5615.26123046875,5933.0,5457.0,WIN,5.658485981154003,3,5933.0,VALIDATION,55,True,55,UP55_NIKKEION_TESTA55
2026-01-30,1332.T,,10,69.2756696754776,85.0,55.29600220520416,27.078375335663402,17.625622459132448,True,1260.3726806640625,1340.0,1220.0,WIN,6.317759862422885,4,1340.0,VALIDATION,55,True,55,UP55_NIKKEION_TESTA55
2026-02-02,9532.T,,1,84.88441589131735,100.0,58.55788304373826,23.429083557348456,18.01303339891333,True,5750.77783203125,6075.0,5589.0,WIN,5.637883733968392,1,6075.0,VALIDATION,55,True,55,UP55_NIKKEION_TESTA55
2026-02-02,2282.T,,2,82.59540525752445,95.0,57.777670367880226,23.268767226381645,18.95356240573815,True,2333.949951171875,2464.0,2269.0,LOSS,-2.782833930918856,1,2269.0,VALIDATION,55,True,55,UP55_NIKKEION_TESTA55
2026-02-02,4502.T,,3,71.74687723556745,90.0,59.72015340700122,23.344886590552065,16.93496000244672,True,5160.21484375,5442.0,5019.0,WIN,5.460725275640322,5,5442.0,VALIDATION,55,True,55,UP55_NIKKEION_TESTA55
2026-02-02,5201.T,,4,71.63410164397408,90.0,57.464641575133804,26.85965389241609,15.675704532450144,True,5623.14404296875,5945.0,5462.0,WIN,5.72377222727742,2,5945.0,VALIDATION,55,True,55,UP55_NIKKEION_TESTA55
2026-02-02,9531.T,,5,71.5142742390583,90.0,55.068093476818056,24.68244135857944,20.24946516460255,True,6895.7333984375,7374.0,6657.0,WIN,6.935688692240773,5,7374.0,VALIDATION,55,True,55,UP55_NIKKEION_TESTA55
2026-02-02,1332.T,,6,69.37844477823488,85.0,57.35150426034971,24.97078403098007,17.67771170867024,True,1265.239013671875,1346.0,1225.0,WIN,6.383061655184577,4,1346.0,VALIDATION,55,True,55,UP55_NIKKEION_TESTA55
2026-02-02,3401.T,,7,69.29651696351249,85.0,55.71294796590196,24.776142017634925,19.510910016463125,True,1435.450927734375,1525.0,1391.0,WIN,6.238393144303692,2,1525.0,VALIDATION,55,True,55,UP55_NIKKEION_TESTA55
2026-02-02,9202.T,,8,67.13950140422108,85.0,56.05089764963903,26.040564970956286,17.90853737940469,True,3010.12451171875,3161.0,2935.0,WIN,5.012267356179949,3,3161.0,VALIDATION,55,True,55,UP55_NIKKEION_TESTA55
2026-02-02,4042.T,,9,62.973629649622374,95.0,56.646506035925725,24.52931619079989,18.824177773274407,True,2434.5859375,2557.0,2373.0,WIN,5.028126574398239,2,2557.0,VALIDATION,55,True,55,UP55_NIKKEION_TESTA55
2026-02-02,6971.T,,10,62.948643487848116,95.0,56.14678280044061,23.642107322725,20.211109876834417,True,2291.637939453125,2427.0,2224.0,WIN,5.906782141125562,1,2427.0,VALIDATION,55,True,55,UP55_NIKKEION_TESTA55
2026-02-06,4208.T,,1,80.27402734176194,85.0,57.87185118306485,23.720759291722445,18.407389525212718,True,2646.09814453125,2816.0,2561.0,HOLD,1.2276607157981911,5,2678.583251953125,VALIDATION,55,True,55,UP55_NIKKEION_TESTA55
2026-02-06,1721.T,,2,76.17125088361018,100.0,58.20762636785606,22.630017354549636,19.16235627759432,True,4996.3828125,5305.0,4842.0,WIN,6.176812287639339,3,5305.0,VALIDATION,55,True,55,UP55_NIKKEION_TESTA55
2026-02-06,2269.T,,3,73.85576537192799,90.0,58.4196552646466,22.65049785737324,18.929846877980193,True,3702.207763671875,3883.0,3612.0,LOSS,-2.436593768643776,4,3612.0,VALIDATION,55,True,55,UP55_NIKKEION_TESTA55
2026-02-06,8725.T,,4,73.85220497852515,90.0,58.34844739659003,24.89475540581856,16.756797197591446,True,4009.127685546875,4259.0,3884.0,HOLD,1.033907793537781,5,4050.578369140625,VALIDATION,55,True,55,UP55_NIKKEION_TESTA55
2026-02-06,1808.T,,5,73.84540819039245,90.0,58.212511633935925,23.85023293773787,17.937255428326225,True,3232.6005859375,3406.0,3146.0,WIN,5.364084100486288,3,3406.0,VALIDATION,55,True,55,UP55_NIKKEION_TESTA55
2026-02-06,8804.T,,6,73.83552111709767,90.0,58.01477016804012,25.32828994447456,16.656939887485343,True,3758.60546875,3990.0,3643.0,WIN,6.156393193536084,1,3990.0,VALIDATION,55,True,55,UP55_NIKKEION_TESTA55
2026-02-06,8591.T,,7,73.81765721094027,90.0,57.65749204489208,25.157988513070826,17.18451944203713,True,4783.494140625,5045.0,4653.0,WIN,5.466837664837868,2,5045.0,VALIDATION,55,True,55,UP55_NIKKEION_TESTA55
2026-02-06,9147.T,,8,73.81227313164455,90.0,57.54981045897776,25.647655020360023,16.80253452066225,True,3639.56787109375,3817.0,3551.0,LOSS,-2.4334721656704232,5,3551.0,VALIDATION,55,True,55,UP55_NIKKEION_TESTA55
2026-02-06,5108.T,,9,73.81000733870017,90.0,57.50449460009034,23.164113486853218,19.331391913056464,True,3675.18212890625,3876.0,3575.0,LOSS,-2.7259092309546205,5,3575.0,VALIDATION,55,True,55,UP55_NIKKEION_TESTA55
2026-02-06,4021.T,,10,73.79124498570202,90.0,57.129247540127395,25.258744136194935,17.612008323677706,True,5550.2099609375,5899.0,5376.0,WIN,6.28426746947038,2,5899.0,VALIDATION,55,True,55,UP55_NIKKEION_TESTA55
2022-12-29,8725.T,,1,80.29732754666867,95.0,55.29437702032982,29.91601422813946,14.789608751530661,True,1185.1563720703125,1255.0,1150.0,TIMEOUT_LOSS,-1.5490687264060723,5,1166.7974853515625,DEV,55,True,65,UP55_NIKKEION_TESTA65
2024-07-26,8750.T,,1,47.31302105888574,65.0,56.91259509075818,31.702527680516823,11.38487722872501,True,991.7317504882812,1076.0,950.0,LOSS,-4.207967574672741,5,950.0,VALIDATION,55,True,65,UP55_NIKKEION_TESTA65
2024-07-26,8316.T,,2,47.29905706205323,65.0,56.63331515410799,31.1468263568359,12.2198584890561,True,1598.2384033203125,1711.0,1542.0,LOSS,-3.5187743707996377,5,1542.0,VALIDATION,55,True,65,UP55_NIKKEION_TESTA65
2026-01-26,9531.T,,1,73.77124051324128,95.0,55.207418960477874,23.821963255945874,20.970617783576298,True,6588.18603515625,6988.0,6388.0,HOLD,4.668164524196773,5,6895.7333984375,VALIDATION,55,True,65,UP55_NIKKEION_TESTA65
2026-01-26,9532.T,,2,69.34721017764426,85.0,56.726812248537186,23.282514004194326,19.990673747268524,True,5632.2353515625,5900.0,5498.0,HOLD,2.104714612748983,5,5750.77783203125,VALIDATION,55,True,65,UP55_NIKKEION_TESTA65
2026-01-26,4043.T,,3,69.28178958797619,85.0,55.418400455176034,23.029393313154316,21.552206231669686,True,4340.4423828125,4607.0,4207.0,LOSS,-3.0743959035353585,4,4207.0,VALIDATION,55,True,65,UP55_NIKKEION_TESTA65
2026-01-26,4151.T,,4,69.27216297848747,85.0,55.225868265401616,24.04946113638813,20.724670598210288,True,2575.634765625,2707.0,2510.0,LOSS,-2.548294754402927,2,2510.0,VALIDATION,55,True,65,UP55_NIKKEION_TESTA65
2026-01-28,9532.T,,1,71.51984878590886,85.0,56.70132354426395,23.737248406152382,19.56142804958368,True,5641.052734375,5913.0,5505.0,WIN,4.820860191003522,4,5913.0,VALIDATION,55,True,65,UP55_NIKKEION_TESTA65
2026-01-29,9532.T,,1,69.26152047945709,85.0,55.013018284793894,23.34559702421564,21.64138469099048,True,5644.97119140625,5930.0,5502.0,WIN,5.049251784095374,3,5930.0,VALIDATION,55,True,65,UP55_NIKKEION_TESTA65
2026-01-29,4502.T,,2,62.952352371903444,95.0,56.2209604815472,23.315602818754037,20.463436699698764,True,4977.646484375,5227.0,4853.0,WIN,5.009466148464522,3,5227.0,VALIDATION,55,True,65,UP55_NIKKEION_TESTA65
2026-01-30,1963.T,,1,84.73798977079257,100.0,55.62936063324274,24.894306164747288,19.476333202009968,True,2111.269775390625,2306.0,2014.0,HOLD,3.4913314556218653,5,2184.981201171875,VALIDATION,55,True,65,UP55_NIKKEION_TESTA65
2026-01-30,9531.T,,2,84.72956026651897,100.0,55.46077054777094,25.328079478148553,19.211149974080527,True,6726.7294921875,7185.0,6498.0,WIN,6.812679301951127,4,7185.0,VALIDATION,55,True,65,UP55_NIKKEION_TESTA65
2026-01-30,4183.T,,3,76.15311036838357,100.0,57.844816063323556,23.75755364616829,18.397630290508154,True,2173.097412109375,2310.0,2105.0,WIN,6.299882698665443,3,2310.0,VALIDATION,55,True,65,UP55_NIKKEION_TESTA65
2026-01-30,5019.T,,4,76.1460399471245,100.0,57.70340763814242,23.942083090471325,18.35450927138626,True,1277.4263916015625,1358.0,1237.0,WIN,6.3074952050598405,3,1358.0,VALIDATION,55,True,65,UP55_NIKKEION_TESTA65
2026-01-30,9532.T,,5,76.13490790534765,100.0,57.48076680260503,23.21109644605235,19.30813675134265,True,5676.3212890625,5961.0,5534.0,WIN,5.015197280781783,2,5961.0,VALIDATION,55,True,65,UP55_NIKKEION_TESTA65
2026-01-30,4502.T,,6,73.99404302273553,100.0,58.141730019927884,22.909999221589278,18.948270758482856,True,5063.61767578125,5331.0,4930.0,WIN,5.280460361326478,4,5331.0,VALIDATION,55,True,65,UP55_NIKKEION_TESTA65
2026-01-30,5301.T,,7,73.87196769481393,95.0,57.22196259193084,24.910380435180322,17.86765697288885,True,1054.6575927734375,1116.0,1024.0,WIN,5.816333912246354,4,1116.0,VALIDATION,55,True,65,UP55_NIKKEION_TESTA65
2026-01-30,3401.T,,8,71.5860826086581,90.0,56.50426086881423,26.20824886744359,17.2874902637422,True,1449.5145263671875,1536.0,1406.0,WIN,5.9665130676244225,3,1536.0,VALIDATION,55,True,65,UP55_NIKKEION_TESTA65
2026-01-30,5201.T,,9,71.54196735126378,90.0,55.621955720927694,25.79542650726292,18.582617771809392,True,5615.26123046875,5933.0,5457.0,WIN,5.658485981154003,3,5933.0,VALIDATION,55,True,65,UP55_NIKKEION_TESTA65
2026-01-30,1332.T,,10,69.2756696754776,85.0,55.29600220520416,27.078375335663402,17.625622459132448,True,1260.3726806640625,1340.0,1220.0,WIN,6.317759862422885,4,1340.0,VALIDATION,55,True,65,UP55_NIKKEION_TESTA65
2026-02-02,9532.T,,1,84.88441589131735,100.0,58.55788304373826,23.429083557348456,18.01303339891333,True,5750.77783203125,6075.0,5589.0,WIN,5.637883733968392,1,6075.0,VALIDATION,55,True,65,UP55_NIKKEION_TESTA65
2026-02-02,2282.T,,2,82.59540525752445,95.0,57.777670367880226,23.268767226381645,18.95356240573815,True,2333.949951171875,2464.0,2269.0,LOSS,-2.782833930918856,1,2269.0,VALIDATION,55,True,65,UP55_NIKKEION_TESTA65
2026-02-02,4502.T,,3,71.74687723556745,90.0,59.72015340700122,23.344886590552065,16.93496000244672,True,5160.21484375,5442.0,5019.0,WIN,5.460725275640322,5,5442.0,VALIDATION,55,True,65,UP55_NIKKEION_TESTA65
2026-02-02,5201.T,,4,71.63410164397408,90.0,57.464641575133804,26.85965389241609,15.675704532450144,True,5623.14404296875,5945.0,5462.0,WIN,5.72377222727742,2,5945.0,VALIDATION,55,True,65,UP55_NIKKEION_TESTA65
2026-02-02,9531.T,,5,71.5142742390583,90.0,55.068093476818056,24.68244135857944,20.24946516460255,True,6895.7333984375,7374.0,6657.0,WIN,6.935688692240773,5,7374.0,VALIDATION,55,True,65,UP55_NIKKEION_TESTA65
2026-02-02,1332.T,,6,69.37844477823488,85.0,57.35150426034971,24.97078403098007,17.67771170867024,True,1265.239013671875,1346.0,1225.0,WIN,6.383061655184577,4,1346.0,VALIDATION,55,True,65,UP55_NIKKEION_TESTA65
2026-02-02,3401.T,,7,69.29651696351249,85.0,55.71294796590196,24.776142017634925,19.510910016463125,True,1435.450927734375,1525.0,1391.0,WIN,6.238393144303692,2,1525.0,VALIDATION,55,True,65,UP55_NIKKEION_TESTA65
2026-02-02,9202.T,,8,67.13950140422108,85.0,56.05089764963903,26.040564970956286,17.90853737940469,True,3010.12451171875,3161.0,2935.0,WIN,5.012267356179949,3,3161.0,VALIDATION,55,True,65,UP55_NIKKEION_TESTA65
2026-02-02,4042.T,,9,62.973629649622374,95.0,56.646506035925725,24.52931619079989,18.824177773274407,True,2434.5859375,2557.0,2373.0,WIN,5.028126574398239,2,2557.0,VALIDATION,55,True,65,UP55_NIKKEION_TESTA65
2026-02-02,6971.T,,10,62.948643487848116,95.0,56.14678280044061,23.642107322725,20.211109876834417,True,2291.637939453125,2427.0,2224.0,WIN,5.906782141125562,1,2427.0,VALIDATION,55,True,65,UP55_NIKKEION_TESTA65
2026-02-06,4208.T,,1,80.27402734176194,85.0,57.87185118306485,23.720759291722445,18.407389525212718,True,2646.09814453125,2816.0,2561.0,HOLD,1.2276607157981911,5,2678.583251953125,VALIDATION,55,True,65,UP55_NIKKEION_TESTA65
2026-02-06,1721.T,,2,76.17125088361018,100.0,58.20762636785606,22.630017354549636,19.16235627759432,True,4996.3828125,5305.0,4842.0,WIN,6.176812287639339,3,5305.0,VALIDATION,55,True,65,UP55_NIKKEION_TESTA65
2026-02-06,2269.T,,3,73.85576537192799,90.0,58.4196552646466,22.65049785737324,18.929846877980193,True,3702.207763671875,3883.0,3612.0,LOSS,-2.436593768643776,4,3612.0,VALIDATION,55,True,65,UP55_NIKKEION_TESTA65
2026-02-06,8725.T,,4,73.85220497852515,90.0,58.34844739659003,24.89475540581856,16.756797197591446,True,4009.127685546875,4259.0,3884.0,HOLD,1.033907793537781,5,4050.578369140625,VALIDATION,55,True,65,UP55_NIKKEION_TESTA65
2026-02-06,1808.T,,5,73.84540819039245,90.0,58.212511633935925,23.85023293773787,17.937255428326225,True,3232.6005859375,3406.0,3146.0,WIN,5.364084100486288,3,3406.0,VALIDATION,55,True,65,UP55_NIKKEION_TESTA65
2026-02-06,8804.T,,6,73.83552111709767,90.0,58.01477016804012,25.32828994447456,16.656939887485343,True,3758.60546875,3990.0,3643.0,WIN,6.156393193536084,1,3990.0,VALIDATION,55,True,65,UP55_NIKKEION_TESTA65
2026-02-06,8591.T,,7,73.81765721094027,90.0,57.65749204489208,25.157988513070826,17.18451944203713,True,4783.494140625,5045.0,4653.0,WIN,5.466837664837868,2,5045.0,VALIDATION,55,True,65,UP55_NIKKEION_TESTA65
2026-02-06,9147.T,,8,73.81227313164455,90.0,57.54981045897776,25.647655020360023,16.80253452066225,True,3639.56787109375,3817.0,3551.0,LOSS,-2.4334721656704232,5,3551.0,VALIDATION,55,True,65,UP55_NIKKEION_TESTA65
2026-02-06,5108.T,,9,73.81000733870017,90.0,57.50449460009034,23.164113486853218,19.331391913056464,True,3675.18212890625,3876.0,3575.0,LOSS,-2.7259092309546205,5,3575.0,VALIDATION,55,True,65,UP55_NIKKEION_TESTA65
2026-02-06,4021.T,,10,73.79124498570202,90.0,57.129247540127395,25.258744136194935,17.612008323677706,True,5550.2099609375,5899.0,5376.0,WIN,6.28426746947038,2,5899.0,VALIDATION,55,True,65,UP55_NIKKEION_TESTA65
2022-12-29,8725.T,,1,80.29732754666867,95.0,55.29437702032982,29.91601422813946,14.789608751530661,True,1185.1563720703125,1255.0,1150.0,TIMEOUT_LOSS,-1.5490687264060723,5,1166.7974853515625,DEV,55,True,75,UP55_NIKKEION_TESTA75
2026-01-26,9531.T,,1,73.77124051324128,95.0,55.207418960477874,23.821963255945874,20.970617783576298,True,6588.18603515625,6988.0,6388.0,HOLD,4.668164524196773,5,6895.7333984375,VALIDATION,55,True,75,UP55_NIKKEION_TESTA75
2026-01-26,9532.T,,2,69.34721017764426,85.0,56.726812248537186,23.282514004194326,19.990673747268524,True,5632.2353515625,5900.0,5498.0,HOLD,2.104714612748983,5,5750.77783203125,VALIDATION,55,True,75,UP55_NIKKEION_TESTA75
2026-01-26,4043.T,,3,69.28178958797619,85.0,55.418400455176034,23.029393313154316,21.552206231669686,True,4340.4423828125,4607.0,4207.0,LOSS,-3.0743959035353585,4,4207.0,VALIDATION,55,True,75,UP55_NIKKEION_TESTA75
2026-01-26,4151.T,,4,69.27216297848747,85.0,55.225868265401616,24.04946113638813,20.724670598210288,True,2575.634765625,2707.0,2510.0,LOSS,-2.548294754402927,2,2510.0,VALIDATION,55,True,75,UP55_NIKKEION_TESTA75
2026-01-28,9532.T,,1,71.51984878590886,85.0,56.70132354426395,23.737248406152382,19.56142804958368,True,5641.052734375,5913.0,5505.0,WIN,4.820860191003522,4,5913.0,VALIDATION,55,True,75,UP55_NIKKEION_TESTA75
2026-01-29,9532.T,,1,69.26152047945709,85.0,55.013018284793894,23.34559702421564,21.64138469099048,True,5644.97119140625,5930.0,5502.0,WIN,5.049251784095374,3,5930.0,VALIDATION,55,True,75,UP55_NIKKEION_TESTA75
2026-01-29,4502.T,,2,62.952352371903444,95.0,56.2209604815472,23.315602818754037,20.463436699698764,True,4977.646484375,5227.0,4853.0,WIN,5.009466148464522,3,5227.0,VALIDATION,55,True,75,UP55_NIKKEION_TESTA75
2026-01-30,1963.T,,1,84.73798977079257,100.0,55.62936063324274,24.894306164747288,19.476333202009968,True,2111.269775390625,2306.0,2014.0,HOLD,3.4913314556218653,5,2184.981201171875,VALIDATION,55,True,75,UP55_NIKKEION_TESTA75
2026-01-30,9531.T,,2,84.72956026651897,100.0,55.46077054777094,25.328079478148553,19.211149974080527,True,6726.7294921875,7185.0,6498.0,WIN,6.812679301951127,4,7185.0,VALIDATION,55,True,75,UP55_NIKKEION_TESTA75
2026-01-30,4183.T,,3,76.15311036838357,100.0,57.844816063323556,23.75755364616829,18.397630290508154,True,2173.097412109375,2310.0,2105.0,WIN,6.299882698665443,3,2310.0,VALIDATION,55,True,75,UP55_NIKKEION_TESTA75
2026-01-30,5019.T,,4,76.1460399471245,100.0,57.70340763814242,23.942083090471325,18.35450927138626,True,1277.4263916015625,1358.0,1237.0,WIN,6.3074952050598405,3,1358.0,VALIDATION,55,True,75,UP55_NIKKEION_TESTA75
2026-01-30,9532.T,,5,76.13490790534765,100.0,57.48076680260503,23.21109644605235,19.30813675134265,True,5676.3212890625,5961.0,5534.0,WIN,5.015197280781783,2,5961.0,VALIDATION,55,True,75,UP55_NIKKEION_TESTA75
2026-01-30,4502.T,,6,73.99404302273553,100.0,58.141730019927884,22.909999221589278,18.948270758482856,True,5063.61767578125,5331.0,4930.0,WIN,5.280460361326478,4,5331.0,VALIDATION,55,True,75,UP55_NIKKEION_TESTA75
2026-01-30,5301.T,,7,73.87196769481393,95.0,57.22196259193084,24.910380435180322,17.86765697288885,True,1054.6575927734375,1116.0,1024.0,WIN,5.816333912246354,4,1116.0,VALIDATION,55,True,75,UP55_NIKKEION_TESTA75
2026-01-30,3401.T,,8,71.5860826086581,90.0,56.50426086881423,26.20824886744359,17.2874902637422,True,1449.5145263671875,1536.0,1406.0,WIN,5.9665130676244225,3,1536.0,VALIDATION,55,True,75,UP55_NIKKEION_TESTA75
2026-01-30,5201.T,,9,71.54196735126378,90.0,55.621955720927694,25.79542650726292,18.582617771809392,True,5615.26123046875,5933.0,5457.0,WIN,5.658485981154003,3,5933.0,VALIDATION,55,True,75,UP55_NIKKEION_TESTA75
2026-01-30,1332.T,,10,69.2756696754776,85.0,55.29600220520416,27.078375335663402,17.625622459132448,True,1260.3726806640625,1340.0,1220.0,WIN,6.317759862422885,4,1340.0,VALIDATION,55,True,75,UP55_NIKKEION_TESTA75
2026-02-02,9532.T,,1,84.88441589131735,100.0,58.55788304373826,23.429083557348456,18.01303339891333,True,5750.77783203125,6075.0,5589.0,WIN,5.637883733968392,1,6075.0,VALIDATION,55,True,75,UP55_NIKKEION_TESTA75
2026-02-02,2282.T,,2,82.59540525752445,95.0,57.777670367880226,23.268767226381645,18.95356240573815,True,2333.949951171875,2464.0,2269.0,LOSS,-2.782833930918856,1,2269.0,VALIDATION,55,True,75,UP55_NIKKEION_TESTA75
2026-02-02,4502.T,,3,71.74687723556745,90.0,59.72015340700122,23.344886590552065,16.93496000244672,True,5160.21484375,5442.0,5019.0,WIN,5.460725275640322,5,5442.0,VALIDATION,55,True,75,UP55_NIKKEION_TESTA75
2026-02-02,5201.T,,4,71.63410164397408,90.0,57.464641575133804,26.85965389241609,15.675704532450144,True,5623.14404296875,5945.0,5462.0,WIN,5.72377222727742,2,5945.0,VALIDATION,55,True,75,UP55_NIKKEION_TESTA75
2026-02-02,9531.T,,5,71.5142742390583,90.0,55.068093476818056,24.68244135857944,20.24946516460255,True,6895.7333984375,7374.0,6657.0,WIN,6.935688692240773,5,7374.0,VALIDATION,55,True,75,UP55_NIKKEION_TESTA75
2026-02-02,1332.T,,6,69.37844477823488,85.0,57.35150426034971,24.97078403098007,17.67771170867024,True,1265.239013671875,1346.0,1225.0,WIN,6.383061655184577,4,1346.0,VALIDATION,55,True,75,UP55_NIKKEION_TESTA75
2026-02-02,3401.T,,7,69.29651696351249,85.0,55.71294796590196,24.776142017634925,19.510910016463125,True,1435.450927734375,1525.0,1391.0,WIN,6.238393144303692,2,1525.0,VALIDATION,55,True,75,UP55_NIKKEION_TESTA75
2026-02-02,9202.T,,8,67.13950140422108,85.0,56.05089764963903,26.040564970956286,17.90853737940469,True,3010.12451171875,3161.0,2935.0,WIN,5.012267356179949,3,3161.0,VALIDATION,55,True,75,UP55_NIKKEION_TESTA75
2026-02-02,4042.T,,9,62.973629649622374,95.0,56.646506035925725,24.52931619079989,18.824177773274407,True,2434.5859375,2557.0,2373.0,WIN,5.028126574398239,2,2557.0,VALIDATION,55,True,75,UP55_NIKKEION_TESTA75
2026-02-02,6971.T,,10,62.948643487848116,95.0,56.14678280044061,23.642107322725,20.211109876834417,True,2291.637939453125,2427.0,2224.0,WIN,5.906782141125562,1,2427.0,VALIDATION,55,True,75,UP55_NIKKEION_TESTA75
2026-02-06,4208.T,,1,80.27402734176194,85.0,57.87185118306485,23.720759291722445,18.407389525212718,True,2646.09814453125,2816.0,2561.0,HOLD,1.2276607157981911,5,2678.583251953125,VALIDATION,55,True,75,UP55_NIKKEION_TESTA75
2026-02-06,1721.T,,2,76.17125088361018,100.0,58.20762636785606,22.630017354549636,19.16235627759432,True,4996.3828125,5305.0,4842.0,WIN,6.176812287639339,3,5305.0,VALIDATION,55,True,75,UP55_NIKKEION_TESTA75
2026-02-06,2269.T,,3,73.85576537192799,90.0,58.4196552646466,22.65049785737324,18.929846877980193,True,3702.207763671875,3883.0,3612.0,LOSS,-2.436593768643776,4,3612.0,VALIDATION,55,True,75,UP55_NIKKEION_TESTA75
2026-02-06,8725.T,,4,73.85220497852515,90.0,58.34844739659003,24.89475540581856,16.756797197591446,True,4009.127685546875,4259.0,3884.0,HOLD,1.033907793537781,5,4050.578369140625,VALIDATION,55,True,75,UP55_NIKKEION_TESTA75
2026-02-06,1808.T,,5,73.84540819039245,90.0,58.212511633935925,23.85023293773787,17.937255428326225,True,3232.6005859375,3406.0,3146.0,WIN,5.364084100486288,3,3406.0,VALIDATION,55,True,75,UP55_NIKKEION_TESTA75
2026-02-06,8804.T,,6,73.83552111709767,90.0,58.01477016804012,25.32828994447456,16.656939887485343,True,3758.60546875,3990.0,3643.0,WIN,6.156393193536084,1,3990.0,VALIDATION,55,True,75,UP55_NIKKEION_TESTA75
2026-02-06,8591.T,,7,73.81765721094027,90.0,57.65749204489208,25.157988513070826,17.18451944203713,True,4783.494140625,5045.0,4653.0,WIN,5.466837664837868,2,5045.0,VALIDATION,55,True,75,UP55_NIKKEION_TESTA75
2026-02-06,9147.T,,8,73.81227313164455,90.0,57.54981045897776,25.647655020360023,16.80253452066225,True,3639.56787109375,3817.0,3551.0,LOSS,-2.4334721656704232,5,3551.0,VALIDATION,55,True,75,UP55_NIKKEION_TESTA75
2026-02-06,5108.T,,9,73.81000733870017,90.0,57.50449460009034,23.164113486853218,19.331391913056464,True,3675.18212890625,3876.0,3575.0,LOSS,-2.7259092309546205,5,3575.0,VALIDATION,55,True,75,UP55_NIKKEION_TESTA75
2026-02-06,4021.T,,10,73.79124498570202,90.0,57.129247540127395,25.258744136194935,17.612008323677706,True,5550.2099609375,5899.0,5376.0,WIN,6.28426746947038,2,5899.0,VALIDATION,55,True,75,UP55_NIKKEION_TESTA75
2019-05-31,6113.T,,1,43.80217627675631,40.0,55.173960317734895,28.037746297829802,16.7882933844353,True,853.8702392578125,925.0,818.0,HOLD,5.80355987679604,5,903.4251098632812,DEV,55,False,,UP55_NIKKEIOFF_BASE
2019-05-31,2802.T,,2,39.69161104518786,55.0,55.353960034192,27.39640302428765,17.24963694152037,True,832.4111328125,881.0,808.0,LOSS,-2.9325812510485236,2,808.0,DEV,55,False,,UP55_NIKKEIOFF_BASE
2019-05-31,4063.T,,3,39.353977424748074,30.0,56.209983277570174,26.013258139305616,17.776758583124217,True,1562.7274169921875,1659.0,1514.0,HOLD,1.9785479660265073,5,1593.646728515625,DEV,55,False,,UP55_NIKKEIOFF_BASE
2019-05-31,6532.T,,4,37.194495372409065,30.0,56.49860310035515,27.845271521073993,15.656125378570856,True,334.0144348144531,375.0,313.0,HOLD,2.880680055751561,5,343.6363220214844,DEV,55,False,,UP55_NIKKEIOFF_BASE
2019-05-31,9104.T,,5,35.915558672050906,30.0,57.006825614931145,26.279834273805147,16.71334011126369,True,475.4814453125,512.0,457.0,HOLD,2.3316275341810213,5,486.5679016113281,DEV,55,False,,UP55_NIKKEIOFF_BASE
2019-05-31,7911.T,,6,34.81616143545115,20.0,55.45366349163166,27.628683683196293,16.917652825172034,True,683.5057983398438,729.0,661.0,HOLD,2.1437490305672364,5,698.158447265625,DEV,55,False,,UP55_NIKKEIOFF_BASE
2019-05-31,6954.T,,7,32.92840294132087,40.0,55.0897979568521,27.5128174714622,17.397384571685702,True,3213.65380859375,3437.0,3102.0,LOSS,-3.474357079009956,1,3102.0,DEV,55,False,,UP55_NIKKEIOFF_BASE
2019-05-31,2768.T,,8,32.56572990967213,10.0,56.96677210648618,27.22380230126758,15.809425592246237,True,1259.463134765625,1338.0,1220.0,LOSS,-3.133329882892423,1,1220.0,DEV,55,False,,UP55_NIKKEIOFF_BASE
2019-05-31,5401.T,,9,29.04024116032019,10.0,56.02221451075157,27.13980341767938,16.83798207156903,True,244.8758544921875,259.0,238.0,HOLD,0.4705329899009134,5,246.028076171875,DEV,55,False,,UP55_NIKKEIOFF_BASE
2019-05-31,4183.T,,10,29.01477398687709,10.0,55.51287104188957,27.539421695307503,16.94770726280294,True,901.0125122070312,966.0,869.0,WIN,7.212717571899398,5,966.0,DEV,55,False,,UP55_NIKKEIOFF_BASE
2019-06-04,6113.T,,1,39.34524106257577,30.0,56.03525603412395,32.39735541470228,11.567388551173805,False,860.7315673828125,932.0,825.0,HOLD,7.085930972883288,5,921.722412109375,DEV,55,False,,UP55_NIKKEIOFF_BASE
2019-06-04,7453.T,,2,37.71442621220938,10.0,55.592872070274524,31.222950211502038,13.184177718223411,False,815.0016479492188,889.0,778.0,HOLD,5.126800467940244,5,856.78515625,DEV,55,False,,UP55_NIKKEIOFF_BASE
2019-06-04,3402.T,,3,35.10493229860999,40.0,55.14212423306933,32.79024894878722,12.067626818143456,False,634.1429443359375,673.0,615.0,WIN,6.127491602820382,4,673.0,DEV,55,False,,UP55_NIKKEIOFF_BASE
2019-06-04,4063.T,,4,34.922412697408035,20.0,57.578688730769315,31.458740496442307,10.962570772788382,False,1556.5089111328125,1647.0,1511.0,HOLD,4.538887818377982,5,1627.1571044921875,DEV,55,False,,UP55_NIKKEIOFF_BASE
2019-06-04,7911.T,,5,34.87026519789461,20.0,56.53573874050084,33.0811266704194,10.383134589079763,False,680.0582275390625,724.0,658.0,HOLD,5.259783770956825,5,715.8278198242188,DEV,55,False,,UP55_NIKKEIOFF_BASE
2019-06-04,4755.T,,6,31.475991556278274,30.0,55.17200503860895,32.43335607094481,12.394638890446261,False,1099.7100830078125,1227.0,1036.0,HOLD,8.586757984531834,5,1194.1395263671875,DEV,55,False,,UP55_NIKKEIOFF_BASE
2019-06-04,5711.T,,7,30.664959522177387,30.0,56.34266870441732,32.60154471834376,11.055786577238939,False,2248.109619140625,2391.0,2177.0,HOLD,4.392514240208543,5,2346.858154296875,DEV,55,False,,UP55_NIKKEIOFF_BASE
2019-06-04,5108.T,,8,29.1708560607897,20.0,55.591034259272234,32.42827308038604,11.980692660341735,False,1581.079833984375,1650.0,1547.0,HOLD,3.1386699686524446,5,1630.7047119140625,DEV,55,False,,UP55_NIKKEIOFF_BASE
2019-06-04,6770.T,,9,29.042003785666886,10.0,56.057467017685525,33.74310063603724,10.199432346277263,False,1481.9742431640625,1616.0,1415.0,HOLD,1.6741138813902385,5,1506.7841796875,DEV,55,False,,UP55_NIKKEIOFF_BASE
2019-06-04,4062.T,,10,28.567589155325837,30.0,57.8735222369515,30.95188983146938,11.17458793157912,False,400.99749755859375,437.0,383.0,WIN,8.97823618865491,5,437.0,DEV,55,False,,UP55_NIKKEIOFF_BASE
2020-03-02,8804.T,,1,43.71838007303534,20.0,59.584992765054615,25.62429642247398,14.790710812471364,False,1198.7720947265625,1316.0,1140.0,LOSS,-4.902691260924645,4,1140.0,DEV,55,False,,UP55_NIKKEIOFF_BASE
2020-03-02,6701.T,,2,43.57785488523423,20.0,56.77448900903238,27.685112126197204,15.540398864770397,False,774.4931030273438,857.0,733.0,LOSS,-5.357452876617653,5,733.0,DEV,55,False,,UP55_NIKKEIOFF_BASE
2020-03-02,6758.T,,3,43.51769804804038,20.0,55.57135226515542,28.8318474777184,15.596800257126162,False,1312.86083984375,1430.0,1254.0,LOSS,-4.483402814479204,5,1254.0,DEV,55,False,,UP55_NIKKEIOFF_BASE
2020-03-02,6503.T,,4,34.8968095279749,20.0,57.06662534210671,28.106433862617152,14.826940795276144,False,1178.878173828125,1277.0,1130.0,LOSS,-4.146159875825406,5,1130.0,DEV,55,False,,UP55_NIKKEIOFF_BASE
2020-03-02,8802.T,,5,34.852440564371854,20.0,56.179246070045785,27.234530071259293,16.586223858694918,False,1665.4964599609375,1828.0,1584.0,LOSS,-4.893223247250187,5,1584.0,DEV,55,False,,UP55_NIKKEIOFF_BASE
2020-03-02,7269.T,スズキ,6,31.46640120277916,20.0,58.023676229496225,27.749001487300056,14.227322283203717,False,928.4935913085938,1018.0,884.0,LOSS,-4.792019215327667,4,884.0,DEV,55,False,,UP55_NIKKEIOFF_BASE
2020-03-02,7013.T,,7,31.460605592804875,20.0,57.90776403001051,28.250544515647253,13.841691454342245,False,289.12554931640625,327.0,270.0,LOSS,-6.6149634169742955,4,270.0,DEV,55,False,,UP55_NIKKEIOFF_BASE
2020-03-02,5714.T,,8,30.55985622245865,10.0,60.32755923178167,25.864704153282254,13.807736614936092,False,2869.47021484375,3124.0,2742.0,LOSS,-4.4422909213117965,1,2742.0,DEV,55,False,,UP55_NIKKEIOFF_BASE
2020-03-02,4507.T,,9,30.36736991541395,10.0,56.47783309088767,27.378042483273234,16.14412442583912,False,1661.8983154296875,1807.0,1590.0,LOSS,-4.3262764491760155,4,1590.0,DEV,55,False,,UP55_NIKKEIOFF_BASE
2020-03-02,6504.T,,10,27.171755960300768,10.0,62.130771379928376,24.652431759164543,13.216796860907106,False,2571.583984375,2844.0,2436.0,LOSS,-5.272391848713136,4,2436.0,DEV,55,False,,UP55_NIKKEIOFF_BASE
2020-03-04,4063.T,,1,43.9112677877513,20.0,63.44274705937386,24.311624437339955,12.245628503286198,False,2042.5911865234375,2247.0,1940.0,LOSS,-5.022600077798796,3,1940.0,DEV,55,False,,UP55_NIKKEIOFF_BASE
2020-03-04,8304.T,,2,43.903450855822555,20.0,63.28640842079899,23.138330913709268,13.575260665491756,False,1935.6949462890625,2092.0,1857.0,LOSS,-4.065462196919471,3,1857.0,DEV,55,False,,UP55_NIKKEIOFF_BASE
2020-03-04,3289.T,,3,40.39791970882193,30.0,59.69752461122126,26.811198582693844,13.491276806084867,False,585.0658569335938,638.0,559.0,LOSS,-4.455200491481129,3,559.0,DEV,55,False,,UP55_NIKKEIOFF_BASE
2020-03-04,9433.T,,4,40.38981087852713,30.0,59.5353480053251,26.487193520121476,13.977458474553432,False,1283.0970458984375,1377.0,1236.0,LOSS,-3.6705755070505734,5,1236.0,DEV,55,False,,UP55_NIKKEIOFF_BASE
2020-03-04,4307.T,,5,35.41049543869778,20.0,67.34034355656426,23.105220460975758,9.554435982460005,False,2087.195068359375,2312.0,1975.0,LOSS,-5.375399264792493,3,1975.0,DEV,55,False,,UP55_NIKKEIOFF_BASE
2020-03-04,8804.T,,6,35.40522844240385,20.0,67.23500363068567,21.750795596850374,11.014200772463974,False,1199.56640625,1318.0,1140.0,LOSS,-4.965661420630501,2,1140.0,DEV,55,False,,UP55_NIKKEIOFF_BASE
2020-03-04,8802.T,,7,35.33505604927835,20.0,65.8315557681756,24.12445673619334,10.043987495631079,False,1676.138671875,1842.0,1593.0,LOSS,-4.960130881175694,3,1593.0,DEV,55,False,,UP55_NIKKEIOFF_BASE
2020-03-04,6098.T,,8,35.30608387529256,20.0,65.25211228845973,25.93802491963097,8.809862791909309,False,3669.051025390625,4039.0,3484.0,LOSS,-5.0435664184017055,3,3484.0,DEV,55,False,,UP55_NIKKEIOFF_BASE
2020-03-04,4568.T,,9,35.25858596412613,20.0,64.3021540651312,24.05310598374571,11.644739951123082,False,2029.767578125,2247.0,1921.0,LOSS,-5.358622302237883,3,1921.0,DEV,55,False,,UP55_NIKKEIOFF_BASE
2020-03-04,7532.T,,10,35.24035058965997,45.0,56.328750923634075,30.803378857974767,12.867870218391154,False,353.87408447265625,387.0,337.0,LOSS,-4.768386613504642,4,337.0,DEV,55,False,,UP55_NIKKEIOFF_BASE
2020-03-06,3659.T,,1,51.838774547986226,75.0,57.427664872767956,32.83197854886459,9.740356578367436,False,1406.5872802734375,1532.0,1344.0,LOSS,-4.449583836793311,1,1344.0,DEV,55,False,,UP55_NIKKEIOFF_BASE
2020-03-06,7532.T,,2,47.43873909913687,65.0,59.42695589578081,31.317028104703148,9.256015999516046,False,355.3888244628906,389.0,339.0,LOSS,-4.611519365489201,2,339.0,DEV,55,False,,UP55_NIKKEIOFF_BASE
2020-03-06,7269.T,スズキ,3,45.163531095198294,30.0,68.05323059961803,26.228332617972995,5.718436782409006,False,850.0111083984375,945.0,803.0,LOSS,-5.530646356729886,1,803.0,DEV,55,False,,UP55_NIKKEIOFF_BASE
2020-03-06,7733.T,,4,43.14059629766764,55.0,63.464099866396296,26.831282296443614,9.704617837160075,False,1840.1376953125,2022.0,1749.0,LOSS,-4.952764977569932,1,1749.0,DEV,55,False,,UP55_NIKKEIOFF_BASE
2020-03-06,4385.T,,5,41.048580374904034,65.0,62.05856401981975,28.41161347224887,9.529822507931376,False,2301.0,2659.0,2122.0,LOSS,-7.77922642329422,2,2122.0,DEV,55,False,,UP55_NIKKEIOFF_BASE
2020-03-06,8591.T,,6,40.13806415324986,30.0,71.89171784760589,20.61834849795286,7.489933654441305,False,1283.521484375,1387.0,1232.0,LOSS,-4.014072612122107,1,1232.0,DEV,55,False,,UP55_NIKKEIOFF_BASE
2020-03-06,6098.T,,7,40.10787194363885,30.0,71.28787365538564,23.718557742336497,4.9935686022778665,False,3652.54150390625,4036.0,3461.0,LOSS,-5.244060983329111,1,3461.0,DEV,55,False,,UP55_NIKKEIOFF_BASE
2020-03-06,4568.T,,8,40.09073359376873,30.0,70.94510665798333,23.149888375732928,5.905004966283743,False,2017.0662841796875,2231.0,1910.0,LOSS,-5.308020119092411,1,1910.0,DEV,55,False,,UP55_NIKKEIOFF_BASE
2020-03-06,4519.T,,9,38.62926096992703,45.0,63.23739331158416,24.61756723954636,12.14503944886946,False,3323.765869140625,3588.0,3192.0,LOSS,-3.964354720770199,1,3192.0,DEV,55,False,,UP55_NIKKEIOFF_BASE
2020-03-06,4021.T,,10,36.71317303946968,30.0,72.95911296330662,20.736017173879457,6.3048698628139555,False,3679.358154296875,4026.0,3506.0,LOSS,-4.711641189222682,1,3506.0,DEV,55,False,,UP55_NIKKEIOFF_BASE
2020-03-09,4751.T,,1,51.38064903314241,45.0,57.395589358500445,26.52282120242171,16.081589439077835,False,866.0684814453125,973.0,813.0,LOSS,-6.1275156159419115,4,813.0,DEV,55,False,,UP55_NIKKEIOFF_BASE
2020-03-09,2801.T,,2,44.66170653558838,30.0,58.016739407419706,27.495617543752964,14.487643048827348,False,846.6312255859375,953.0,794.0,LOSS,-6.216546708339563,3,794.0,DEV,55,False,,UP55_NIKKEIOFF_BASE
2020-03-09,8591.T,,3,44.58124493042541,30.0,56.407507304160376,28.89049421017178,14.70199848566785,False,1170.325439453125,1292.0,1110.0,LOSS,-5.154586700372347,1,1110.0,DEV,55,False,,UP55_NIKKEIOFF_BASE
2020-03-09,4523.T,,4,41.84777419460438,40.0,59.56417954426156,26.31313011538096,14.122690340357465,False,6715.9130859375,7393.0,6377.0,LOSS,-5.04641858226475,3,6377.0,DEV,55,False,,UP55_NIKKEIOFF_BASE
2020-03-09,6702.T,,5,41.84095143308021,35.0,60.94946344421282,23.446366662464794,15.604169893322412,False,967.6693725585938,1078.0,913.0,LOSS,-5.6495921136827585,3,913.0,DEV,55,False,,UP55_NIKKEIOFF_BASE
2020-03-09,1721.T,,6,41.562366144651,10.0,62.986453327802664,22.720623944522497,14.29292272767487,False,2186.925537109375,2352.0,2104.0,LOSS,-3.791877487469645,1,2104.0,DEV,55,False,,UP55_NIKKEIOFF_BASE
2020-03-09,3289.T,,7,40.16339175235221,20.0,58.05044374269641,28.126554850046276,13.823001407257326,False,509.1351318359375,571.0,478.0,LOSS,-6.115298255625072,1,478.0,DEV,55,False,,UP55_NIKKEIOFF_BASE
2020-03-09,8035.T,,8,39.83454937443359,30.0,65.82142227128061,22.39154570117532,11.787032027544072,False,1162.46142578125,1301.0,1093.0,LOSS,-5.975374686912074,3,1093.0,DEV,55,False,,UP55_NIKKEIOFF_BASE
2020-03-09,4901.T,,9,39.534214209942405,30.0,59.814718981456686,24.237476141588836,15.947804876954455,False,1469.4927978515625,1609.0,1400.0,LOSS,-4.729032898505036,1,1400.0,DEV,55,False,,UP55_NIKKEIOFF_BASE
2020-03-09,8001.T,,10,39.403022073058644,30.0,57.19087624378156,24.31137887126574,18.49774488495273,False,368.58721923828125,400.0,353.0,LOSS,-4.228909312290765,1,353.0,DEV,55,False,,UP55_NIKKEIOFF_BASE
2020-03-10,2801.T,,1,48.42564253257481,30.0,63.73024195584408,26.214320717443645,10.055437326712244,False,868.7654418945312,981.0,813.0,LOSS,-6.418929575849912,2,813.0,DEV,55,False,,UP55_NIKKEIOFF_BASE
2020-03-10,4901.T,,2,48.12800514186863,30.0,57.77749414172037,27.56225746474326,14.660248393536346,False,1463.62060546875,1612.0,1390.0,LOSS,-5.030033411231711,2,1390.0,DEV,55,False,,UP55_NIKKEIOFF_BASE
2020-03-10,2802.T,,3,46.53944440545895,45.0,64.91932289178777,26.01569159157085,9.064985516641373,False,793.5,863.0,759.0,LOSS,-4.3478260869565215,3,759.0,DEV,55,False,,UP55_NIKKEIOFF_BASE
2020-03-10,9433.T,,4,44.78518395623233,40.0,57.442809559429165,28.94018483262011,13.617005607950697,False,1283.8939208984375,1383.0,1234.0,LOSS,-3.8861404424691846,1,1234.0,DEV,55,False,,UP55_NIKKEIOFF_BASE
2020-03-10,8591.T,,5,44.63082212994176,30.0,57.399051294487435,32.036910315930236,10.564038389582333,False,1174.123779296875,1304.0,1109.0,LOSS,-5.546585500199512,2,1109.0,DEV,55,False,,UP55_NIKKEIOFF_BASE
2020-03-10,3289.T,,6,44.62887747977114,30.0,57.36015829107504,31.269668612318753,11.370173096606194,False,506.7373352050781,573.0,474.0,LOSS,-6.460415077138382,2,474.0,DEV,55,False,,UP55_NIKKEIOFF_BASE
2020-03-10,4751.T,,7,44.11876370941517,45.0,59.9839698404773,29.93286656909671,10.083163590425949,False,921.3494873046875,1044.0,860.0,LOSS,-6.658655390817991,2,860.0,DEV,55,False,,UP55_NIKKEIOFF_BASE
2020-03-10,3659.T,,8,42.73814785430528,55.0,55.415130999149156,33.440826516947055,11.144042483903789,False,1371.1546630859375,1517.0,1298.0,LOSS,-5.335259767216538,2,1298.0,DEV,55,False,,UP55_NIKKEIOFF_BASE
2020-03-10,6702.T,,9,42.088152959060224,35.0,65.89349396381323,24.90280579299809,9.203700243188653,False,971.7734985351562,1087.0,914.0,LOSS,-5.945160947715036,2,914.0,DEV,55,False,,UP55_NIKKEIOFF_BASE
2020-03-10,4385.T,,10,40.63693094811648,45.0,59.912532005807826,28.788492981955994,11.298975012236157,False,2197.0,2593.0,1999.0,LOSS,-9.012289485662267,3,1999.0,DEV,55,False,,UP55_NIKKEIOFF_BASE
2020-03-12,2871.T,,1,57.812971040020415,45.0,55.607246887364845,27.855922427445474,16.536830685189706,False,1135.9149169921875,1242.0,1083.0,LOSS,-4.65835215302058,1,1083.0,DEV,55,False,,UP55_NIKKEIOFF_BASE
2020-03-12,4063.T,,2,44.513977139321184,30.0,55.062151482075805,36.27281240304497,8.665036114879197,False,1799.3636474609375,2050.0,1674.0,LOSS,-6.96711015796261,1,1674.0,DEV,55,False,,UP55_NIKKEIOFF_BASE
2020-03-12,7733.T,,3,43.956251518372426,45.0,56.733726019622424,30.180200438014232,13.086073542363346,False,1684.1298828125,1893.0,1580.0,LOSS,-6.183007847269054,1,1580.0,DEV,55,False,,UP55_NIKKEIOFF_BASE
2020-03-12,2802.T,,4,39.862696253539156,30.0,66.3843598533917,24.426252584717613,9.189387561890646,False,790.5476684570312,861.0,755.0,LOSS,-4.496587603175428,1,755.0,DEV,55,False,,UP55_NIKKEIOFF_BASE
2020-03-12,4151.T,,5,39.59882900161118,30.0,61.10701481483218,28.694575954438633,10.198409230729172,False,1996.010498046875,2223.0,1882.0,LOSS,-5.711918757864045,1,1882.0,DEV,55,False,,UP55_NIKKEIOFF_BASE
2020-03-12,3659.T,,6,35.4889842845397,45.0,61.30142482122868,26.903318203150654,11.795256975620655,False,1337.370361328125,1483.0,1264.0,LOSS,-5.486166244574305,1,1264.0,DEV,55,False,,UP55_NIKKEIOFF_BASE
2020-03-12,9433.T,,7,35.22907764740814,20.0,63.711987730771426,24.84433184579848,11.443680423430044,False,1216.1527099609375,1329.0,1160.0,LOSS,-4.617241691854726,1,1160.0,DEV,55,False,,UP55_NIKKEIOFF_BASE
2020-03-12,4523.T,,8,31.66127105804634,20.0,61.92107333483978,28.393924047919008,9.6850026172412,False,6183.7275390625,6935.0,5808.0,LOSS,-6.076068790046709,1,5808.0,DEV,55,False,,UP55_NIKKEIOFF_BASE
2020-03-12,4307.T,,9,31.46699009644474,20.0,58.035454102807805,34.369964461295154,7.594581435897013,False,1894.292236328125,2155.0,1764.0,LOSS,-6.878148673653545,1,1764.0,DEV,55,False,,UP55_NIKKEIOFF_BASE
2020-03-12,4911.T,,10,27.287874207641533,10.0,64.45313632674372,26.428249941150273,9.118613732105993,False,5709.5810546875,6382.0,5374.0,LOSS,-5.877507499643811,1,5374.0,DEV,55,False,,UP55_NIKKEIOFF_BASE
2020-03-13,2802.T,,1,48.251482260221735,30.0,60.2470365087825,26.957528768917715,12.795434722299765,False,767.1559448242188,845.0,728.0,HOLD,2.0722355003941018,5,783.05322265625,DEV,55,False,,UP55_NIKKEIOFF_BASE
2020-03-13,4519.T,,2,47.99226286552401,30.0,55.06264861482797,31.529887537626955,13.407463847545065,False,2999.0302734375,3351.0,2823.0,WIN,11.736117827149206,3,3351.0,DEV,55,False,,UP55_NIKKEIOFF_BASE
2020-03-13,3659.T,,3,43.98530973961408,45.0,57.314890444455614,30.849826646530186,11.835282909014166,False,1309.353759765625,1474.0,1227.0,LOSS,-6.289649313747445,2,1227.0,DEV,55,False,,UP55_NIKKEIOFF_BASE
2020-03-13,7532.T,,4,43.9826892143457,45.0,57.26247993908783,31.448356412747803,11.289163648164354,False,341.56707763671875,383.0,321.0,TIMEOUT_LOSS,-2.1064161887411803,5,334.37225341796875,DEV,55,False,,UP55_NIKKEIOFF_BASE
2020-03-13,2871.T,,5,43.62937795185699,20.0,57.804950341487526,28.485483470187006,13.709566188325468,False,1040.9990234375,1162.0,980.0,WIN,11.623543715049864,5,1162.0,DEV,55,False,,UP55_NIKKEIOFF_BASE
2020-03-13,2269.T,,6,37.824298071806844,10.0,57.79030926222379,30.28798178860395,11.921708949172235,False,2651.45654296875,2907.0,2524.0,WIN,9.63785198399391,3,2907.0,DEV,55,False,,UP55_NIKKEIOFF_BASE
2020-03-13,4751.T,,7,33.79397132806619,30.0,58.05333960480215,32.096738451516735,9.849921943681087,False,871.8269653320312,1011.0,802.0,LOSS,-8.009268823824229,4,802.0,DEV,55,False,,UP55_NIKKEIOFF_BASE
2020-03-13,4452.T,,8,30.459686891597862,10.0,58.324172614565924,26.72147963259817,14.954347752835915,False,3176.583984375,3490.0,3020.0,LOSS,-4.929319833670579,2,3020.0,DEV,55,False,,UP55_NIKKEIOFF_BASE
2020-03-13,4385.T,,9,27.282636848519132,35.0,56.739693492121766,32.964512428189416,10.295794079688827,False,2028.0,2471.0,1807.0,LOSS,-10.897435897435898,2,1807.0,DEV,55,False,,UP55_NIKKEIOFF_BASE
2020-03-13,6861.T,,10,27.25320831914514,10.0,63.75981855681585,26.43895970174991,9.801221741434206,False,30057.7578125,33971.0,28101.0,LOSS,-6.509992610580722,2,28101.0,DEV,55,False,,UP55_NIKKEIOFF_BASE
2020-03-17,3659.T,,1,48.27221754814527,30.0,60.661742267253224,32.30034392888378,7.037913803862965,False,1239.3131103515625,1414.0,1152.0,LOSS,-7.045282553881313,2,1152.0,DEV,55,False,,UP55_NIKKEIOFF_BASE
2020-03-17,4519.T,,2,44.75618105294582,40.0,56.86275149369896,32.43573329813025,10.701515208170745,False,3248.826416015625,3659.0,3044.0,WIN,12.62528468625953,3,3659.0,DEV,55,False,,UP55_NIKKEIOFF_BASE
2020-03-17,2871.T,,3,43.63535555807985,20.0,57.92450246594485,32.901787246336994,9.173710287718126,False,1067.8038330078125,1197.0,1003.0,HOLD,6.707829905610195,5,1139.4302978515625,DEV,55,False,,UP55_NIKKEIOFF_BASE
2020-03-17,4385.T,,4,33.73094972853709,30.0,56.79290761422012,33.36875170109427,9.838340684685571,False,1946.0,2426.0,1706.0,LOSS,-12.332990750256938,2,1706.0,DEV,55,False,,UP55_NIKKEIOFF_BASE
2020-03-17,7203.T,トヨタ自動車,5,30.513079179801274,10.0,59.39201837863416,30.499844810940544,10.108136810425277,False,1034.8367919921875,1169.0,968.0,HOLD,8.789292639013714,5,1125.7916259765625,DEV,55,False,,UP55_NIKKEIOFF_BASE
2020-03-17,7741.T,,6,27.141759796332117,10.0,61.53084810055541,29.24745634049562,9.221695558948923,False,8079.35498046875,9306.0,7466.0,HOLD,5.276088583949289,5,8505.62890625,DEV,55,False,,UP55_NIKKEIOFF_BASE
2020-03-17,4543.T,,7,27.09666786411243,10.0,60.62900945616164,28.790273114904846,10.580717428933498,False,1411.2791748046875,1617.0,1309.0,WIN,14.576905042461426,5,1617.0,DEV,55,False,,UP55_NIKKEIOFF_BASE
2020-03-17,6861.T,,8,27.095052294590488,10.0,60.59669806572278,29.596326579643033,9.806975354634135,False,29452.18359375,33770.0,27293.0,HOLD,13.130326844664397,5,33319.3515625,DEV,55,False,,UP55_NIKKEIOFF_BASE
2020-03-17,9735.T,,9,26.98052350902955,10.0,58.30612235450403,32.00585680321587,9.688020842280075,False,3374.560791015625,3776.0,3174.0,WIN,11.896043184439295,5,3776.0,DEV,55,False,,UP55_NIKKEIOFF_BASE
2020-03-17,9843.T,,10,26.9601252482728,10.0,57.898157139369054,32.320662043536366,9.781180817094553,False,2648.652587890625,2945.0,2501.0,LOSS,-5.574630231449676,2,2501.0,DEV,55,False,,UP55_NIKKEIOFF_BASE
2020-03-19,2802.T,,1,37.42368505597841,30.0,61.08239677174213,28.823623014469018,10.093980213788797,False,791.22900390625,882.0,746.0,WIN,11.47215226509886,5,882.0,DEV,55,False,,UP55_NIKKEIOFF_BASE
2020-03-19,7532.T,,2,37.38152628471478,30.0,60.2392213464695,31.52964074116979,8.231137912360705,False,336.644287109375,386.0,312.0,HOLD,14.285714285714285,5,384.736328125,DEV,55,False,,UP55_NIKKEIOFF_BASE
2020-03-19,3659.T,,3,32.947339266708696,20.0,61.55548098634777,30.232259984589017,8.212259029063192,False,1222.832763671875,1451.0,1109.0,WIN,18.65890766967948,5,1451.0,DEV,55,False,,UP55_NIKKEIOFF_BASE
2020-03-19,4751.T,,4,31.443411417827804,20.0,57.563880530469135,32.77326874703459,9.662850722496254,False,781.9954223632812,937.0,704.0,HOLD,19.145794719460252,5,931.7146606445312,DEV,55,False,,UP55_NIKKEIOFF_BASE
2020-03-19,7832.T,,5,27.141404228008447,10.0,61.52373673408197,31.124065735833245,7.352197530084776,False,1404.3028564453125,1646.0,1283.0,HOLD,16.743226667410752,5,1639.428466796875,DEV,55,False,,UP55_NIKKEIOFF_BASE
2020-03-19,8001.T,,6,26.937879471570138,10.0,57.45324160531582,34.60062084758261,7.946137547101542,False,331.703857421875,379.0,308.0,WIN,14.258544638500167,3,379.0,DEV,55,False,,UP55_NIKKEIOFF_BASE
2020-03-19,4503.T,,7,22.4931470706253,0.0,58.558593586419065,33.08787780605188,8.353528607529025,False,1179.224609375,1356.0,1091.0,WIN,14.990815932741821,5,1356.0,DEV,55,False,,UP55_NIKKEIOFF_BASE
2020-03-19,2002.T,,8,22.331518579138866,0.0,55.32602375669037,37.56076585412335,7.113210389186285,False,1264.7535400390625,1448.0,1173.0,WIN,14.488708998219357,3,1448.0,DEV,55,False,,UP55_NIKKEIOFF_BASE
2020-03-19,6861.T,,9,20.708880401894092,20.0,60.26456455962095,27.436324678809083,12.299110761569947,False,30445.494140625,35128.0,28104.0,HOLD,11.308176054633496,5,33888.32421875,DEV,55,False,,UP55_NIKKEIOFF_BASE
2020-03-19,7203.T,トヨタ自動車,10,19.77620720650829,10.0,62.04588326060059,26.956575740731136,10.997540998668248,False,1040.5313720703125,1181.0,970.0,HOLD,9.91401605319923,5,1143.6898193359375,DEV,55,False,,UP55_NIKKEIOFF_BASE
2021-02-08,2269.T,,1,54.906234870778505,55.0,55.29861045904843,26.035512656677458,18.665876884274088,True,3146.3369140625,3288.0,3075.0,LOSS,-2.2673005469840453,1,3075.0,DEV,55,False,,UP55_NIKKEIOFF_BASE
2022-12-21,8015.T,,1,51.43083858718586,55.0,55.355902178499846,27.92253984692571,16.721557974574452,True,1459.350830078125,1565.0,1406.0,TIMEOUT_LOSS,-0.9118609934151413,5,1446.0435791015625,DEV,55,False,,UP55_NIKKEIOFF_BASE
2022-12-21,7272.T,,2,48.11129355799754,30.0,57.44326246429867,26.450994884646096,16.10574265105526,True,873.996337890625,942.0,840.0,HOLD,1.15356230318873,5,884.0784301757812,DEV,55,False,,UP55_NIKKEIOFF_BASE
2022-12-21,6841.T,,3,48.06660550925821,30.0,56.54950148951205,25.735395454396464,17.715103056091493,True,2101.445556640625,2267.0,2019.0,LOSS,-3.923278258629866,3,2019.0,DEV,55,False,,UP55_NIKKEIOFF_BASE
2022-12-21,6723.T,,4,44.72811909172416,30.0,59.34499053013537,25.81961720639147,14.83539226347315,True,1150.0635986328125,1249.0,1100.0,TIMEOUT_LOSS,-0.7534612184427215,5,1141.3983154296875,DEV,55,False,,UP55_NIKKEIOFF_BASE
2022-12-21,7261.T,,5,44.694891904523715,30.0,58.680446786126495,25.801376661187643,15.518176552685883,True,815.0504760742188,895.0,775.0,HOLD,2.3613975571124506,5,834.2970581054688,DEV,55,False,,UP55_NIKKEIOFF_BASE
2022-12-21,4062.T,,6,44.68942906211973,30.0,58.57118993804675,26.52782650701426,14.900983554938966,True,1154.0994873046875,1286.0,1088.0,TIMEOUT_LOSS,-0.8447933619782485,5,1144.3497314453125,DEV,55,False,,UP55_NIKKEIOFF_BASE
2022-12-21,6981.T,,7,44.68095971187201,30.0,58.40180293309247,26.08468967250484,15.513507394402689,True,2101.470703125,2245.0,2030.0,LOSS,-3.400984987262455,5,2030.0,DEV,55,False,,UP55_NIKKEIOFF_BASE
2022-12-21,7211.T,,8,44.6403704799402,30.0,57.59001829445614,27.653374141630255,14.75660756391361,True,464.753173828125,527.0,434.0,TIMEOUT_LOSS,-2.325584449490946,5,453.9449462890625,DEV,55,False,,UP55_NIKKEIOFF_BASE
2022-12-21,6770.T,,9,44.581799776504454,30.0,56.41860422574122,27.3283221643763,16.253073609882488,True,1060.1064453125,1136.0,1022.0,TIMEOUT_LOSS,-0.7512558161814897,5,1052.142333984375,DEV,55,False,,UP55_NIKKEIOFF_BASE
2022-12-21,5803.T,フジクラ,10,43.9321694046607,45.0,56.25208374538793,27.864297087741598,15.883619166870488,True,155.20094299316406,173.0,146.0,TIMEOUT_LOSS,-1.5778986435195912,5,152.7520294189453,DEV,55,False,,UP55_NIKKEIOFF_BASE
2022-12-23,6963.T,,1,34.805680011358525,20.0,55.24403500977915,28.335922355532965,16.420042634687874,True,2240.783935546875,2422.0,2150.0,TIMEOUT_LOSS,-3.505155829798073,5,2162.240966796875,DEV,55,False,,UP55_NIKKEIOFF_BASE
2022-12-23,6723.T,,2,31.320581254613103,20.0,55.10727726617514,28.569257483933065,16.323465249891793,True,1144.7681884765625,1242.0,1096.0,TIMEOUT_LOSS,-1.5559278950464712,5,1126.9564208984375,DEV,55,False,,UP55_NIKKEIOFF_BASE
2022-12-23,4062.T,,3,31.319323503995903,20.0,55.08212225383111,28.904318894625096,16.01355885154377,True,1140.6939697265625,1271.0,1076.0,TIMEOUT_LOSS,-0.8547321357387958,5,1130.944091796875,DEV,55,False,,UP55_NIKKEIOFF_BASE
2022-12-29,8725.T,,1,80.29732754666867,95.0,55.29437702032982,29.91601422813946,14.789608751530661,True,1185.1563720703125,1255.0,1150.0,TIMEOUT_LOSS,-1.5490687264060723,5,1166.7974853515625,DEV,55,False,,UP55_NIKKEIOFF_BASE
2022-12-29,8604.T,,2,55.858506902475774,60.0,55.43100761473286,29.654479472251616,14.914512913015516,True,416.8106384277344,433.0,409.0,TIMEOUT_LOSS,-0.28640250354900565,5,415.61688232421875,DEV,55,False,,UP55_NIKKEIOFF_BASE
2022-12-29,8053.T,,3,42.734811310146,55.0,55.34840011596347,29.852979663180413,14.798620220856087,True,479.8457946777344,504.0,468.0,LOSS,-2.468666977834002,3,468.0,DEV,55,False,,UP55_NIKKEIOFF_BASE
2022-12-29,8267.T,,4,42.726009108071665,55.0,55.1723560744767,29.748993040417815,15.078650885105452,True,894.5508422851562,934.0,875.0,LOSS,-2.1855484742726365,3,875.0,DEV,55,False,,UP55_NIKKEIOFF_BASE
2022-12-29,3405.T,,5,42.72559710765047,55.0,55.16411606605286,29.9531480431267,14.88273589082041,True,949.150634765625,991.0,928.0,LOSS,-2.228374927110253,2,928.0,DEV,55,False,,UP55_NIKKEIOFF_BASE
2022-12-29,6302.T,,6,39.41461227336168,30.0,57.42268024984227,28.46965565759756,14.10766409256013,True,2355.796630859375,2478.0,2295.0,LOSS,-2.580724926039006,3,2295.0,DEV,55,False,,UP55_NIKKEIOFF_BASE
2022-12-29,6301.T,,7,39.339073557031206,30.0,55.91190592323277,29.131666849012944,14.95642722775425,True,2493.0693359375,2624.0,2428.0,LOSS,-2.610009075942173,2,2428.0,DEV,55,False,,UP55_NIKKEIOFF_BASE
2022-12-29,8601.T,,8,39.3094539941037,30.0,55.319514664682615,29.65756289773502,15.02292243758233,True,495.2667236328125,516.0,485.0,HOLD,0.687280099082501,5,498.67059326171875,DEV,55,False,,UP55_NIKKEIOFF_BASE
2022-12-29,2802.T,,9,39.303535919159835,30.0,55.20115316580535,29.877685932411524,14.921160901783095,True,1950.394287109375,2057.0,1897.0,LOSS,-2.737615028011038,2,1897.0,DEV,55,False,,UP55_NIKKEIOFF_BASE
2022-12-29,8015.T,,10,36.14670209337474,40.0,58.58621578053831,27.940694043335668,13.473090176126002,True,1446.0435791015625,1541.0,1399.0,TIMEOUT_LOSS,-0.7157274922338692,5,1435.69384765625,DEV,55,False,,UP55_NIKKEIOFF_BASE
2023-01-05,2802.T,,1,34.79896037791203,20.0,55.10964234084926,25.244184474238747,19.646173184911987,False,1863.40380859375,1977.0,1807.0,HOLD,2.01529590165846,5,1900.9569091796875,DEV,55,False,,UP55_NIKKEIOFF_BASE
2023-10-04,2801.T,,1,31.50381113505296,30.0,55.72839661410265,34.97277613042344,9.298827255473926,False,1493.59765625,1592.0,1444.0,WIN,6.588276524017879,3,1592.0,VALIDATION,55,False,,UP55_NIKKEIOFF_BASE
2023-10-04,5233.T,,2,30.327682920736905,10.0,55.68409319734676,34.64989987861986,9.666006924033356,False,2302.137939453125,2475.0,2216.0,HOLD,5.775425080944948,5,2435.09619140625,VALIDATION,55,False,,UP55_NIKKEIOFF_BASE
2023-10-04,4689.T,,3,23.97947283019227,20.0,56.11119573428017,34.50485698972435,9.383947275995496,False,382.6717224121094,414.0,367.0,HOLD,3.2926011454945927,5,395.2715759277344,VALIDATION,55,False,,UP55_NIKKEIOFF_BASE
2024-04-19,6098.T,,1,62.45456541832792,55.0,58.43913445351488,31.550096959299733,10.010768587185384,True,6068.63232421875,6639.0,5784.0,HOLD,8.672896029217867,5,6594.95849609375,VALIDATION,55,False,,UP55_NIKKEIOFF_BASE
2024-04-19,6723.T,,2,54.79155256645503,45.0,56.04844263344842,36.00792071507794,7.943636651473638,True,2332.778564453125,2610.0,2194.0,HOLD,5.967036735819898,5,2471.976318359375,VALIDATION,55,False,,UP55_NIKKEIOFF_BASE
2024-04-19,7202.T,,3,53.658406748593464,55.0,56.42900453708668,32.98365149125108,10.58734397166221,True,1727.7291259765625,1842.0,1671.0,HOLD,0.9841978239109787,5,1744.7333984375,VALIDATION,55,False,,UP55_NIKKEIOFF_BASE
2024-04-19,6501.T,,4,51.446120475417956,55.0,55.66153994314163,31.453736313089543,12.884723743768825,True,2592.71337890625,2825.0,2477.0,HOLD,1.0877747262318882,5,2620.916259765625,VALIDATION,55,False,,UP55_NIKKEIOFF_BASE
2024-04-19,543A.T,,5,51.352070681025715,45.0,56.82402231616651,33.61490241005306,9.56107527378043,True,465.66436767578125,500.0,449.0,LOSS,-3.5786220360720864,5,449.0,VALIDATION,55,False,,UP55_NIKKEIOFF_BASE
2024-04-19,9984.T,ソフトバンクG,6,48.14721213394164,30.0,58.161633983180636,32.30858236173325,9.529783655086138,True,1895.499267578125,2063.0,1812.0,HOLD,1.752094451739543,5,1928.710205078125,VALIDATION,55,False,,UP55_NIKKEIOFF_BASE
2024-04-19,4755.T,,7,48.08543288464721,30.0,56.926048997292064,35.93917749852915,7.13477350417879,True,743.9000244140625,832.0,700.0,TIMEOUT_LOSS,-0.8200075844732606,5,737.7999877929688,VALIDATION,55,False,,UP55_NIKKEIOFF_BASE
2024-04-19,6273.T,,8,48.05012436977521,30.0,56.21987869985205,35.70796705260084,8.072154247547115,True,73492.359375,79576.0,70450.0,HOLD,5.254234549467409,5,77353.8203125,VALIDATION,55,False,,UP55_NIKKEIOFF_BASE
2024-04-19,5401.T,,9,46.89068736990953,40.0,56.074616963407934,32.478293404782825,11.447089631809218,True,566.4493408203125,601.0,549.0,HOLD,0.9378596843817701,5,571.7618408203125,VALIDATION,55,False,,UP55_NIKKEIOFF_BASE
2024-04-19,8015.T,,10,43.94950901348994,45.0,56.59887592197263,33.881229055573556,9.519895022453802,True,2888.134765625,3157.0,2754.0,HOLD,3.911443980456136,5,3001.1025390625,VALIDATION,55,False,,UP55_NIKKEIOFF_BASE
2024-04-22,6723.T,,1,46.061021927184484,45.0,55.350873326298355,36.13847405676792,8.510652616933708,True,2255.879150390625,2534.0,2117.0,WIN,12.328712269946552,3,2534.0,VALIDATION,55,False,,UP55_NIKKEIOFF_BASE
2024-04-22,6501.T,,2,38.27304557334051,45.0,56.113085379853736,29.839052282880463,14.047862337265807,True,2585.90576171875,2820.0,2469.0,WIN,9.05269796551506,5,2820.0,VALIDATION,55,False,,UP55_NIKKEIOFF_BASE
2024-04-22,8015.T,,3,38.25276793159782,45.0,55.70753254499991,32.29883814636848,11.993629308631583,True,2916.68701171875,3182.0,2784.0,WIN,9.096381861175635,5,3182.0,VALIDATION,55,False,,UP55_NIKKEIOFF_BASE
2024-04-22,6146.T,,4,35.184166857606854,45.0,55.20507628257179,34.25206696932992,10.542856748098298,True,46518.375,53149.0,43203.0,TIMEOUT_LOSS,-3.821918825087936,5,44740.48046875,VALIDATION,55,False,,UP55_NIKKEIOFF_BASE
2024-04-22,9843.T,,5,34.90435338546831,20.0,57.217502491974905,33.98067853091201,8.801818977113074,True,4187.62255859375,4515.0,4024.0,TIMEOUT_LOSS,-1.0940328122392873,5,4141.80859375,VALIDATION,55,False,,UP55_NIKKEIOFF_BASE
2024-04-22,9984.T,ソフトバンクG,6,34.891554481798025,20.0,56.961524418569155,33.30953160779174,9.728943973639103,True,1861.544677734375,2030.0,1777.0,HOLD,5.3787944660688085,5,1961.67333984375,VALIDATION,55,False,,UP55_NIKKEIOFF_BASE
2024-04-22,7735.T,,7,34.819704504366044,20.0,55.524524869929614,36.473836452980684,8.001638677089712,True,7606.625,8815.0,7003.0,HOLD,3.525754430759371,5,7874.81591796875,VALIDATION,55,False,,UP55_NIKKEIOFF_BASE
2024-04-22,8697.T,,8,31.552722834541765,30.0,56.706630603878736,33.0013242222297,10.292045173891532,True,1754.0810546875,1924.0,1669.0,LOSS,-4.8504631219939665,5,1669.0,VALIDATION,55,False,,UP55_NIKKEIOFF_BASE
2024-04-22,6361.T,,9,31.513865683785188,30.0,55.92948758874721,34.08686587995007,9.98364653130271,True,2438.66357421875,2745.0,2286.0,HOLD,2.6223058984463146,5,2502.61279296875,VALIDATION,55,False,,UP55_NIKKEIOFF_BASE
2024-04-22,6857.T,,10,31.32570671223989,20.0,55.20978641871083,35.646544045144665,9.143669536144506,True,5222.2900390625,5958.0,4855.0,TIMEOUT_LOSS,-5.181253360136509,5,4951.7099609375,VALIDATION,55,False,,UP55_NIKKEIOFF_BASE
2024-07-26,6841.T,,1,53.929354043120625,55.0,61.84795042763,29.254178226708476,8.897871345661475,True,3567.303466796875,3819.0,3442.0,LOSS,-3.51255417328951,5,3442.0,VALIDATION,55,False,,UP55_NIKKEIOFF_BASE
2024-07-26,3861.T,,2,51.42291895294717,55.0,55.197509493726095,31.184893323728343,13.617597182545607,True,572.7911376953125,603.0,557.0,LOSS,-2.75687535230553,5,557.0,VALIDATION,55,False,,UP55_NIKKEIOFF_BASE
2024-07-26,4901.T,,3,48.582666813112496,30.0,66.87072756659781,27.235192453113257,5.894079980288894,True,3224.876708984375,3465.0,3105.0,LOSS,-3.7172493649262117,5,3105.0,VALIDATION,55,False,,UP55_NIKKEIOFF_BASE
2024-07-26,3436.T,,4,48.46227286828178,55.0,56.85415301780951,32.16025559311843,10.985591389072082,True,2286.02880859375,2538.0,2160.0,LOSS,-5.513001766205939,5,2160.0,VALIDATION,55,False,,UP55_NIKKEIOFF_BASE
2024-07-26,8750.T,,5,47.31302105888574,65.0,56.91259509075818,31.702527680516823,11.38487722872501,True,991.7317504882812,1076.0,950.0,LOSS,-4.207967574672741,5,950.0,VALIDATION,55,False,,UP55_NIKKEIOFF_BASE
2024-07-26,8316.T,,6,47.29905706205323,65.0,56.63331515410799,31.1468263568359,12.2198584890561,True,1598.2384033203125,1711.0,1542.0,LOSS,-3.5187743707996377,5,1542.0,VALIDATION,55,False,,UP55_NIKKEIOFF_BASE
2024-07-26,6178.T,,7,46.54438517952334,45.0,65.0181383730754,27.83368602366785,7.148175603256712,True,1401.441650390625,1480.0,1362.0,WIN,5.605538381671357,3,1480.0,VALIDATION,55,False,,UP55_NIKKEIOFF_BASE
2024-07-26,6503.T,,8,46.48897041101909,45.0,63.90984300299043,28.31609151584956,7.774065481159985,True,2360.460693359375,2591.0,2245.0,LOSS,-4.89144740618633,4,2245.0,VALIDATION,55,False,,UP55_NIKKEIOFF_BASE
2024-07-26,8604.T,,9,46.42050446649236,45.0,62.540524112455806,29.58362190205776,7.87585398548641,True,790.8228759765625,857.0,758.0,LOSS,-4.150471233654003,5,758.0,VALIDATION,55,False,,UP55_NIKKEIOFF_BASE
2024-07-26,6098.T,,10,46.06861058016517,45.0,55.50264638591206,36.54792411022726,7.949429503860686,True,7971.34912109375,8742.0,7586.0,TIMEOUT_LOSS,-1.8064083632525985,5,7827.35400390625,VALIDATION,55,False,,UP55_NIKKEIOFF_BASE
2024-08-02,2914.T,,1,55.64534657552045,40.0,57.254757597365526,33.82478454658735,8.920457856047124,True,3780.9912109375,4005.0,3669.0,LOSS,-2.961953749417251,1,3669.0,VALIDATION,55,False,,UP55_NIKKEIOFF_BASE
2024-08-02,8591.T,,2,55.14877273546914,45.0,63.19284601373061,29.164124701842166,7.643029284427219,True,2905.513916015625,3173.0,2772.0,LOSS,-4.595191070318969,1,2772.0,VALIDATION,55,False,,UP55_NIKKEIOFF_BASE
2024-08-02,7532.T,,3,55.1005584117165,45.0,62.22855953867775,29.937952412319618,7.833488049002621,True,693.0521850585938,757.0,661.0,LOSS,-4.624786668248353,1,661.0,VALIDATION,55,False,,UP55_NIKKEIOFF_BASE
2024-08-02,7731.T,,4,55.03200206478225,45.0,60.85743259999281,31.93335587762862,7.209211522378562,True,1455.6253662109375,1593.0,1387.0,LOSS,-4.7144937017395225,1,1387.0,VALIDATION,55,False,,UP55_NIKKEIOFF_BASE
2024-08-02,6479.T,,5,55.001137910234604,45.0,60.24014950903985,30.675222372156707,9.084628118803446,True,3042.86962890625,3393.0,2868.0,LOSS,-5.746865631213597,1,2868.0,VALIDATION,55,False,,UP55_NIKKEIOFF_BASE
2024-08-02,6103.T,,6,54.99437353163188,45.0,60.10486193698546,31.85394743631516,8.041190626699365,True,3067.743408203125,3418.0,2893.0,LOSS,-5.696154630659863,1,2893.0,VALIDATION,55,False,,UP55_NIKKEIOFF_BASE
2024-08-02,8306.T,三菱UFJ,7,54.98307099098442,45.0,59.87881112403623,32.74884351099156,7.372345364972206,True,1396.99072265625,1548.0,1321.0,LOSS,-5.439601095686633,1,1321.0,VALIDATION,55,False,,UP55_NIKKEIOFF_BASE
2024-08-02,8316.T,,8,54.967695652352,45.0,59.571304351387745,34.30529927432606,6.123396374286192,True,1464.40771484375,1618.0,1388.0,LOSS,-5.217653121412473,1,1388.0,VALIDATION,55,False,,UP55_NIKKEIOFF_BASE
2024-08-02,1812.T,,9,54.745673100179694,45.0,55.13085330794173,38.43120726869954,6.4379394233586975,True,2377.297119140625,2599.0,2266.0,LOSS,-4.681666344712438,1,2266.0,VALIDATION,55,False,,UP55_NIKKEIOFF_BASE
2024-08-02,6758.T,,10,51.58140819322469,45.0,61.41077256014591,31.41985711774155,7.169370322112502,True,2400.04736328125,2640.0,2280.0,LOSS,-5.0018747595516615,1,2280.0,VALIDATION,55,False,,UP55_NIKKEIOFF_BASE
2024-08-05,2802.T,,1,62.286652609165955,55.0,55.080878270275704,38.639191244546915,6.279930485177372,True,2742.714599609375,3002.0,2613.0,LOSS,-4.72942389367998,1,2613.0,VALIDATION,55,False,,UP55_NIKKEIOFF_BASE
2024-08-05,8252.T,,2,55.01926766225733,45.0,60.6027445494944,33.66620633844937,5.731049112056206,True,1839.8968505859375,1995.0,1763.0,WIN,8.429991570705067,1,1995.0,VALIDATION,55,False,,UP55_NIKKEIOFF_BASE
2024-08-05,4502.T,,3,54.883201672262885,45.0,57.881424749605536,35.780790448810976,6.337784801583488,True,3522.883544921875,3754.0,3407.0,HOLD,5.687936940751009,5,3723.262939453125,VALIDATION,55,False,,UP55_NIKKEIOFF_BASE
2024-08-05,7751.T,,4,54.812043583883906,45.0,56.458262982025886,35.10978012013563,8.431956897838475,True,3581.461669921875,4025.0,3360.0,WIN,12.384282478941069,2,4025.0,VALIDATION,55,False,,UP55_NIKKEIOFF_BASE
2024-08-05,6724.T,,5,51.51341130423587,45.0,60.050834780369556,33.6419946243997,6.307170595230728,True,2000.5855712890625,2254.0,1874.0,WIN,12.667012716064516,1,2254.0,VALIDATION,55,False,,UP55_NIKKEIOFF_BASE
2024-08-05,3092.T,,6,51.47442132424628,55.0,56.227556919708256,37.8691677793055,5.903275300986258,True,1234.6025390625,1340.0,1182.0,WIN,8.536954817664148,2,1340.0,VALIDATION,55,False,,UP55_NIKKEIOFF_BASE
2024-08-05,4568.T,,7,51.29821567434229,45.0,55.74692218249792,37.47618883482083,6.7768889826812355,True,4623.05712890625,5298.0,4286.0,WIN,14.599492333191911,2,5298.0,VALIDATION,55,False,,UP55_NIKKEIOFF_BASE
2024-08-05,6702.T,,8,51.269615604435025,45.0,55.17492078435268,37.084740898506126,7.74033831714119,True,2102.229248046875,2403.0,1952.0,WIN,14.307228968132904,2,2403.0,VALIDATION,55,False,,UP55_NIKKEIOFF_BASE
2024-08-05,7733.T,,9,48.19049024502223,30.0,59.02719620479253,35.59359399440702,5.37920980080043,True,2122.86767578125,2364.0,2002.0,WIN,11.358801444372144,2,2364.0,VALIDATION,55,False,,UP55_NIKKEIOFF_BASE
2024-08-05,9434.T,,10,48.12146984751467,30.0,57.6467882546411,35.46416993820104,6.889041807157847,True,163.98974609375,175.0,158.0,HOLD,4.280562660227303,5,171.00942993164062,VALIDATION,55,False,,UP55_NIKKEIOFF_BASE
2024-08-06,4502.T,,1,48.06005764163747,30.0,56.41854413709715,36.54629770525503,7.0351581576478095,True,3531.90966796875,3795.0,3400.0,WIN,7.448954156932243,5,3795.0,VALIDATION,55,False,,UP55_NIKKEIOFF_BASE
2024-08-06,2914.T,,2,48.02354669573168,30.0,55.688325218981504,34.99614462367758,9.315530157340918,True,3430.47802734375,3843.0,3224.0,HOLD,8.386406948626163,5,3718.171875,VALIDATION,55,False,,UP55_NIKKEIOFF_BASE
2024-08-06,8304.T,,3,44.70339677143664,30.0,58.85054412438492,33.092055757651075,8.057400117964008,True,2074.13525390625,2294.0,1964.0,HOLD,5.425995255458729,5,2186.677734375,VALIDATION,55,False,,UP55_NIKKEIOFF_BASE
2024-08-06,9432.T,,4,44.52663993495703,30.0,55.315407394792906,37.859137211032014,6.8254553941751,True,134.14523315429688,144.0,129.0,HOLD,1.0966357582266735,5,135.61631774902344,VALIDATION,55,False,,UP55_NIKKEIOFF_BASE
2024-08-06,9503.T,,5,32.63615307858757,20.0,55.33175722392525,36.70317184988844,7.965070926186314,True,2275.697998046875,2594.0,2116.0,TIMEOUT_LOSS,-0.7760003235614417,5,2258.03857421875,VALIDATION,55,False,,UP55_NIKKEIOFF_BASE
2024-08-06,2432.T,,6,32.62750254381936,20.0,55.15874652856111,36.42197580675151,8.419277664687396,True,1361.536376953125,1523.0,1281.0,WIN,11.858928323913146,5,1523.0,VALIDATION,55,False,,UP55_NIKKEIOFF_BASE
2024-08-06,4183.T,,7,26.82568834148612,10.0,55.20941900363544,35.558306236930484,9.232274759434079,True,1645.1484375,1896.0,1520.0,LOSS,-7.607121317890197,1,1520.0,VALIDATION,55,False,,UP55_NIKKEIOFF_BASE
2024-08-06,3861.T,,8,25.88906891927281,0.0,56.911813168064874,34.423165019675665,8.665021812259429,True,497.82037353515625,550.0,472.0,HOLD,1.7216346796931792,5,506.3910217285156,VALIDATION,55,False,,UP55_NIKKEIOFF_BASE
2024-08-06,7912.T,,9,24.06568573689696,20.0,57.83545386837397,35.38444935938644,6.780096772239576,True,2246.650634765625,2485.0,2127.0,HOLD,3.43054075397176,5,2323.722900390625,VALIDATION,55,False,,UP55_NIKKEIOFF_BASE
2024-08-06,7751.T,,10,23.932559483599462,20.0,55.172928802424046,35.136793703524674,9.690277494051267,True,3738.02880859375,4204.0,3505.0,WIN,12.465692889658301,1,4204.0,VALIDATION,55,False,,UP55_NIKKEIOFF_BASE
2024-08-07,8795.T,,1,44.52353974681124,30.0,55.25340363187687,38.21430175201183,6.532294616111306,True,2029.26904296875,2404.0,1842.0,HOLD,9.815534043657479,5,2228.45263671875,VALIDATION,55,False,,UP55_NIKKEIOFF_BASE
2024-08-07,6758.T,,2,23.96472368898177,20.0,55.816212910070206,36.49094655178071,7.692840538149107,True,2417.730712890625,2742.0,2256.0,HOLD,4.672895403172263,5,2530.708740234375,VALIDATION,55,False,,UP55_NIKKEIOFF_BASE
2024-08-08,3436.T,,1,44.716696749935295,30.0,59.116543694358036,37.31505618832498,3.568400117317008,True,1647.385986328125,2134.0,1404.0,HOLD,5.186720854075608,5,1732.831298828125,VALIDATION,55,False,,UP55_NIKKEIOFF_BASE
2024-08-08,9984.T,ソフトバンクG,2,40.289531759480724,20.0,60.57324388526658,36.22374130247144,3.203014812262022,True,1793.1402587890625,2201.0,1589.0,HOLD,16.793362290712253,5,2094.268798828125,VALIDATION,55,False,,UP55_NIKKEIOFF_BASE
2024-08-08,8316.T,,3,40.22577967342011,20.0,59.29820216405427,36.554098948932335,4.147698887013421,True,1310.570556640625,1539.0,1196.0,WIN,17.42977073625905,5,1539.0,VALIDATION,55,False,,UP55_NIKKEIOFF_BASE
2024-08-08,4151.T,,4,38.31478000826666,45.0,56.947774078376604,34.73946164038051,8.31276428124287,True,2814.892333984375,3094.0,2676.0,HOLD,6.702684062402128,5,3003.565673828125,VALIDATION,55,False,,UP55_NIKKEIOFF_BASE
2024-08-08,7733.T,,5,37.458414385871365,30.0,61.77698336960113,32.26662298556333,5.95639364483554,True,2289.33837890625,2595.0,2137.0,HOLD,7.865178364808849,5,2469.39892578125,VALIDATION,55,False,,UP55_NIKKEIOFF_BASE
2024-08-08,2802.T,,6,35.128934987061584,20.0,61.709134523840426,32.41768099581191,5.873184480347695,True,2484.46240234375,2801.0,2326.0,HOLD,7.698314072677082,5,2675.72412109375,VALIDATION,55,False,,UP55_NIKKEIOFF_BASE
2024-08-08,6976.T,,7,33.93798510973421,30.0,60.93361523816245,34.40196104601943,4.6644237158181365,True,3352.2861328125,4176.0,2940.0,HOLD,8.4408348896698,5,3635.2470703125,VALIDATION,55,False,,UP55_NIKKEIOFF_BASE
2024-08-08,5631.T,,8,32.793182396489286,20.0,58.47234358195968,34.99551364660408,6.532142771436235,True,3938.250732421875,4707.0,3554.0,HOLD,12.684356126296606,5,4437.79248046875,VALIDATION,55,False,,UP55_NIKKEIOFF_BASE
2024-08-08,7731.T,,9,32.69078047310049,20.0,56.424305114183596,36.64526341502258,6.930431470793823,True,1501.7908935546875,1721.0,1392.0,LOSS,-7.310664489036569,1,1392.0,VALIDATION,55,False,,UP55_NIKKEIOFF_BASE
2024-08-08,9432.T,,10,31.707651640380934,20.0,62.848684981531754,32.46148688044289,4.689828138025373,True,133.68551635742188,144.0,128.0,HOLD,3.8514525498406957,5,138.8343505859375,VALIDATION,55,False,,UP55_NIKKEIOFF_BASE
2025-03-07,7532.T,,1,23.95180295158643,20.0,55.55779816216335,32.78995480456259,11.652247033274042,False,772.2275390625,825.0,746.0,HOLD,5.50317984827274,5,814.724609375,VALIDATION,55,False,,UP55_NIKKEIOFF_BASE
2025-03-07,4568.T,,2,18.18703837286211,10.0,56.349463109416085,32.728254247026214,10.922282643557713,False,3306.947998046875,3648.0,3136.0,HOLD,0.6321842941504477,5,3327.85400390625,VALIDATION,55,False,,UP55_NIKKEIOFF_BASE
2025-03-07,4063.T,,3,18.133222500672893,10.0,55.27314566563181,29.993518564034538,14.733335770333664,False,4280.5029296875,4612.0,4115.0,TIMEOUT_LOSS,-0.29325372698474983,5,4267.9501953125,VALIDATION,55,False,,UP55_NIKKEIOFF_BASE
2025-03-07,5713.T,,4,13.742465262214909,0.0,57.45800089647207,31.906708789794514,10.635290313733424,False,3031.979736328125,3251.0,2922.0,LOSS,-3.6273242532061185,2,2922.0,VALIDATION,55,False,,UP55_NIKKEIOFF_BASE
2025-03-07,7741.T,,5,13.724155444228277,0.0,57.09180453673945,30.826919131136265,12.081276332124268,False,17005.23828125,18486.0,16265.0,HOLD,0.31736544414967727,5,17059.20703125,VALIDATION,55,False,,UP55_NIKKEIOFF_BASE
2025-03-07,6098.T,,6,7.298912066279401,10.0,55.97824132558803,31.898213527246227,12.123545147165746,False,9055.4619140625,10077.0,8545.0,LOSS,-5.637061023577254,5,8545.0,VALIDATION,55,False,,UP55_NIKKEIOFF_BASE
2025-03-07,6479.T,,7,7.2533569045917545,10.0,55.067138091835076,32.81497164115644,12.117890267008477,False,2225.125,2408.0,2134.0,LOSS,-4.095275546317623,5,2134.0,VALIDATION,55,False,,UP55_NIKKEIOFF_BASE
2025-03-11,6861.T,,1,2.754326086207957,0.0,55.086521724159134,32.52645768466866,12.387020591172213,False,59676.5546875,63839.0,57595.0,HOLD,1.0150552476965997,5,60282.3046875,VALIDATION,55,False,,UP55_NIKKEIOFF_BASE
2025-04-03,5019.T,,1,55.07026804750345,45.0,61.62275225441676,29.280844316903952,9.096403428679277,False,927.0003662109375,1010.0,886.0,LOSS,-4.4229072291011295,1,886.0,VALIDATION,55,False,,UP55_NIKKEIOFF_BASE
2025-04-03,4061.T,,2,54.9876553875488,45.0,59.970499055323856,30.193187947561956,9.836312997114169,False,1927.86083984375,2060.0,1862.0,LOSS,-3.4162652450105226,1,1862.0,VALIDATION,55,False,,UP55_NIKKEIOFF_BASE
2025-04-03,8306.T,三菱UFJ,3,54.91493618452724,45.0,58.516114994892654,31.00378469622036,10.480100308886959,False,1739.8726806640625,1920.0,1650.0,LOSS,-5.165474558159079,1,1650.0,VALIDATION,55,False,,UP55_NIKKEIOFF_BASE
2025-04-03,8308.T,,4,54.88868063266273,45.0,57.991003957602274,31.200259679740665,10.808736362657045,False,1113.8277587890625,1252.0,1045.0,LOSS,-6.179389788587335,1,1045.0,VALIDATION,55,False,,UP55_NIKKEIOFF_BASE
2025-04-03,3401.T,,5,54.744544207141814,45.0,55.10827544718413,33.421872751288895,11.469851801526952,False,1204.8272705078125,1273.0,1171.0,LOSS,-2.807644824768527,1,1171.0,VALIDATION,55,False,,UP55_NIKKEIOFF_BASE
2025-04-03,4042.T,,6,53.71435452382582,55.0,57.547960041733795,30.654061209425137,11.79797874884109,False,1865.3939208984375,1973.0,1811.0,LOSS,-2.9159482235387326,1,1811.0,VALIDATION,55,False,,UP55_NIKKEIOFF_BASE
2025-04-03,8253.T,,7,51.633461248634504,55.0,59.40835540747269,30.259566471529332,10.332078120997991,False,3253.3642578125,3523.0,3119.0,LOSS,-4.13000965046699,1,3119.0,VALIDATION,55,False,,UP55_NIKKEIOFF_BASE
2025-04-03,8795.T,,8,51.56533920463629,55.0,58.04591452750838,30.686887111841493,11.267198360650141,False,2845.28125,3136.0,2700.0,LOSS,-5.106041801667234,1,2700.0,VALIDATION,55,False,,UP55_NIKKEIOFF_BASE
2025-04-03,3402.T,,9,51.53233268330278,55.0,57.385784100838265,31.127111211711906,11.48710468744983,False,950.39111328125,1035.0,908.0,LOSS,-4.460386117762989,1,908.0,VALIDATION,55,False,,UP55_NIKKEIOFF_BASE
2025-04-03,6472.T,,10,51.3444750123263,45.0,56.6721089421781,33.95131016467575,9.37658089314611,False,215.9739532470703,232.0,208.0,LOSS,-3.6920902392096577,1,208.0,VALIDATION,55,False,,UP55_NIKKEIOFF_BASE
2025-04-04,8802.T,,1,57.40696442754391,75.0,55.747984203052106,34.590306474316534,9.661709322631355,False,2363.141357421875,2570.0,2260.0,LOSS,-4.364586870689763,1,2260.0,VALIDATION,55,False,,UP55_NIKKEIOFF_BASE
2025-04-04,5831.T,,2,55.609615720206364,45.0,72.40970570847516,20.8393961749562,6.750898116568617,False,1325.335205078125,1491.0,1243.0,LOSS,-6.2124060964087615,1,1243.0,VALIDATION,55,False,,UP55_NIKKEIOFF_BASE
2025-04-04,3402.T,,3,55.488144580944954,45.0,69.98028292324685,21.741178796837286,8.278538279915846,False,917.5855712890625,1010.0,871.0,LOSS,-5.076972954535145,1,871.0,VALIDATION,55,False,,UP55_NIKKEIOFF_BASE
2025-04-04,9147.T,,4,53.812378943978175,55.0,59.50844844478088,32.71901362859126,7.772537926627851,False,2448.663330078125,2616.0,2365.0,LOSS,-3.4166938774492817,1,2365.0,VALIDATION,55,False,,UP55_NIKKEIOFF_BASE
2025-04-04,7186.T,,5,52.26381714478077,45.0,75.05895159126756,18.829399509953625,6.111648898778783,False,786.9552001953125,892.0,734.0,LOSS,-6.72912513725936,1,734.0,VALIDATION,55,False,,UP55_NIKKEIOFF_BASE
2025-04-04,8308.T,,6,52.254895417672394,45.0,74.88051704910005,18.38367310110747,6.7358098497924495,False,1011.3731079101562,1170.0,932.0,LOSS,-7.848054025696641,1,932.0,VALIDATION,55,False,,UP55_NIKKEIOFF_BASE
2025-04-04,8002.T,,7,52.19136227965759,45.0,73.60985428880396,18.89459923331006,7.495546477885958,False,2105.8486328125,2314.0,2002.0,LOSS,-4.931438622623284,1,2002.0,VALIDATION,55,False,,UP55_NIKKEIOFF_BASE
2025-04-04,5711.T,,8,52.1369394909464,45.0,72.52139851458024,20.33314997721079,7.145451508208923,False,2112.23974609375,2303.0,2017.0,LOSS,-4.508945836753649,1,2017.0,VALIDATION,55,False,,UP55_NIKKEIOFF_BASE
2025-04-04,1605.T,,9,52.07001061546889,45.0,71.18282100503002,20.93957734906989,7.877601645900083,False,1771.760009765625,1915.0,1700.0,LOSS,-4.050210489575147,1,1700.0,VALIDATION,55,False,,UP55_NIKKEIOFF_BASE
2025-04-04,8630.T,,10,51.99145527324617,55.0,66.56823589970591,24.70914571891076,8.722618381383318,False,4152.69775390625,4558.0,3950.0,LOSS,-4.881110206385274,1,3950.0,VALIDATION,55,False,,UP55_NIKKEIOFF_BASE
2025-04-07,8830.T,,1,55.23224645506037,45.0,64.86232040555518,23.021747530923577,12.115932063521235,False,2405.58935546875,2724.0,2247.0,HOLD,8.2738929742683,5,2604.625244140625,VALIDATION,55,False,,UP55_NIKKEIOFF_BASE
2025-04-07,1332.T,,2,55.23039433838333,45.0,64.82527807201436,24.288987773231767,10.885734154753859,False,764.1740112304688,822.0,735.0,HOLD,6.398494212604931,5,813.0696411132812,VALIDATION,55,False,,UP55_NIKKEIOFF_BASE
2025-04-07,8804.T,,3,55.04449414849397,45.0,61.10727427422719,26.352137748091824,12.54058797768098,False,2148.294677734375,2372.0,2036.0,WIN,10.413158147445028,3,2372.0,VALIDATION,55,False,,UP55_NIKKEIOFF_BASE
2025-04-07,1605.T,,4,51.718405945229954,45.0,64.15072760025122,21.08694465714929,14.762327742599481,False,1603.31298828125,1780.0,1515.0,HOLD,4.120069984483423,5,1669.37060546875,VALIDATION,55,False,,UP55_NIKKEIOFF_BASE
2025-04-07,8058.T,三菱商事,5,51.474273624900846,45.0,59.26808119366904,27.66008182246181,13.071836983869137,False,2247.235107421875,2519.0,2112.0,HOLD,5.676952200919641,5,2374.8095703125,VALIDATION,55,False,,UP55_NIKKEIOFF_BASE
2025-04-07,8766.T,,6,51.46281105603644,45.0,59.03882981638107,28.583515091905408,12.377655091713521,False,224.52545166015625,259.0,207.0,WIN,15.354405518366237,3,259.0,VALIDATION,55,False,,UP55_NIKKEIOFF_BASE
2025-04-07,7832.T,,7,48.52640008258093,30.0,65.74539295596642,20.570679731469863,13.683927312563664,False,4307.525390625,4797.0,4063.0,WIN,11.363243741761897,3,4797.0,VALIDATION,55,False,,UP55_NIKKEIOFF_BASE
2025-04-07,3402.T,,8,48.50409188933505,30.0,65.29922909104887,19.912512556510762,14.788258352440334,False,844.5009765625,953.0,790.0,HOLD,5.723486561151012,5,892.8358764648438,VALIDATION,55,False,,UP55_NIKKEIOFF_BASE
2025-04-07,5214.T,,9,48.49059989660767,30.0,65.02938923650122,23.292780038599577,11.677830724899184,False,2895.68310546875,3148.0,2769.0,HOLD,5.178092928269604,5,3045.624267578125,VALIDATION,55,False,,UP55_NIKKEIOFF_BASE
2025-04-07,9101.T,,10,48.48576199029602,30.0,64.93263111026818,22.14798737776175,12.919381511970027,False,3999.87060546875,4394.0,3803.0,WIN,9.853553612268952,3,4394.0,VALIDATION,55,False,,UP55_NIKKEIOFF_BASE
2025-04-09,4005.T,,1,40.01534787084721,20.0,55.08956611259632,39.22571251686897,5.684721370534708,False,280.30108642578125,319.0,261.0,HOLD,5.340642571627843,5,295.2709655761719,VALIDATION,55,False,,UP55_NIKKEIOFF_BASE
2026-01-26,9531.T,,1,73.77124051324128,95.0,55.207418960477874,23.821963255945874,20.970617783576298,True,6588.18603515625,6988.0,6388.0,HOLD,4.668164524196773,5,6895.7333984375,VALIDATION,55,False,,UP55_NIKKEIOFF_BASE
2026-01-26,9532.T,,2,69.34721017764426,85.0,56.726812248537186,23.282514004194326,19.990673747268524,True,5632.2353515625,5900.0,5498.0,HOLD,2.104714612748983,5,5750.77783203125,VALIDATION,55,False,,UP55_NIKKEIOFF_BASE
2026-01-26,4043.T,,3,69.28178958797619,85.0,55.418400455176034,23.029393313154316,21.552206231669686,True,4340.4423828125,4607.0,4207.0,LOSS,-3.0743959035353585,4,4207.0,VALIDATION,55,False,,UP55_NIKKEIOFF_BASE
2026-01-26,4151.T,,4,69.27216297848747,85.0,55.225868265401616,24.04946113638813,20.724670598210288,True,2575.634765625,2707.0,2510.0,LOSS,-2.548294754402927,2,2510.0,VALIDATION,55,False,,UP55_NIKKEIOFF_BASE
2026-01-28,9532.T,,1,71.51984878590886,85.0,56.70132354426395,23.737248406152382,19.56142804958368,True,5641.052734375,5913.0,5505.0,WIN,4.820860191003522,4,5913.0,VALIDATION,55,False,,UP55_NIKKEIOFF_BASE
2026-01-29,9532.T,,1,69.26152047945709,85.0,55.013018284793894,23.34559702421564,21.64138469099048,True,5644.97119140625,5930.0,5502.0,WIN,5.049251784095374,3,5930.0,VALIDATION,55,False,,UP55_NIKKEIOFF_BASE
2026-01-29,4502.T,,2,62.952352371903444,95.0,56.2209604815472,23.315602818754037,20.463436699698764,True,4977.646484375,5227.0,4853.0,WIN,5.009466148464522,3,5227.0,VALIDATION,55,False,,UP55_NIKKEIOFF_BASE
2026-01-30,1963.T,,1,84.73798977079257,100.0,55.62936063324274,24.894306164747288,19.476333202009968,True,2111.269775390625,2306.0,2014.0,HOLD,3.4913314556218653,5,2184.981201171875,VALIDATION,55,False,,UP55_NIKKEIOFF_BASE
2026-01-30,9531.T,,2,84.72956026651897,100.0,55.46077054777094,25.328079478148553,19.211149974080527,True,6726.7294921875,7185.0,6498.0,WIN,6.812679301951127,4,7185.0,VALIDATION,55,False,,UP55_NIKKEIOFF_BASE
2026-01-30,4183.T,,3,76.15311036838357,100.0,57.844816063323556,23.75755364616829,18.397630290508154,True,2173.097412109375,2310.0,2105.0,WIN,6.299882698665443,3,2310.0,VALIDATION,55,False,,UP55_NIKKEIOFF_BASE
2026-01-30,5019.T,,4,76.1460399471245,100.0,57.70340763814242,23.942083090471325,18.35450927138626,True,1277.4263916015625,1358.0,1237.0,WIN,6.3074952050598405,3,1358.0,VALIDATION,55,False,,UP55_NIKKEIOFF_BASE
2026-01-30,9532.T,,5,76.13490790534765,100.0,57.48076680260503,23.21109644605235,19.30813675134265,True,5676.3212890625,5961.0,5534.0,WIN,5.015197280781783,2,5961.0,VALIDATION,55,False,,UP55_NIKKEIOFF_BASE
2026-01-30,4502.T,,6,73.99404302273553,100.0,58.141730019927884,22.909999221589278,18.948270758482856,True,5063.61767578125,5331.0,4930.0,WIN,5.280460361326478,4,5331.0,VALIDATION,55,False,,UP55_NIKKEIOFF_BASE
2026-01-30,5301.T,,7,73.87196769481393,95.0,57.22196259193084,24.910380435180322,17.86765697288885,True,1054.6575927734375,1116.0,1024.0,WIN,5.816333912246354,4,1116.0,VALIDATION,55,False,,UP55_NIKKEIOFF_BASE
2026-01-30,3401.T,,8,71.5860826086581,90.0,56.50426086881423,26.20824886744359,17.2874902637422,True,1449.5145263671875,1536.0,1406.0,WIN,5.9665130676244225,3,1536.0,VALIDATION,55,False,,UP55_NIKKEIOFF_BASE
2026-01-30,5201.T,,9,71.54196735126378,90.0,55.621955720927694,25.79542650726292,18.582617771809392,True,5615.26123046875,5933.0,5457.0,WIN,5.658485981154003,3,5933.0,VALIDATION,55,False,,UP55_NIKKEIOFF_BASE
2026-01-30,1332.T,,10,69.2756696754776,85.0,55.29600220520416,27.078375335663402,17.625622459132448,True,1260.3726806640625,1340.0,1220.0,WIN,6.317759862422885,4,1340.0,VALIDATION,55,False,,UP55_NIKKEIOFF_BASE
2026-02-02,9532.T,,1,84.88441589131735,100.0,58.55788304373826,23.429083557348456,18.01303339891333,True,5750.77783203125,6075.0,5589.0,WIN,5.637883733968392,1,6075.0,VALIDATION,55,False,,UP55_NIKKEIOFF_BASE
2026-02-02,2282.T,,2,82.59540525752445,95.0,57.777670367880226,23.268767226381645,18.95356240573815,True,2333.949951171875,2464.0,2269.0,LOSS,-2.782833930918856,1,2269.0,VALIDATION,55,False,,UP55_NIKKEIOFF_BASE
2026-02-02,4502.T,,3,71.74687723556745,90.0,59.72015340700122,23.344886590552065,16.93496000244672,True,5160.21484375,5442.0,5019.0,WIN,5.460725275640322,5,5442.0,VALIDATION,55,False,,UP55_NIKKEIOFF_BASE
2026-02-02,5201.T,,4,71.63410164397408,90.0,57.464641575133804,26.85965389241609,15.675704532450144,True,5623.14404296875,5945.0,5462.0,WIN,5.72377222727742,2,5945.0,VALIDATION,55,False,,UP55_NIKKEIOFF_BASE
2026-02-02,9531.T,,5,71.5142742390583,90.0,55.068093476818056,24.68244135857944,20.24946516460255,True,6895.7333984375,7374.0,6657.0,WIN,6.935688692240773,5,7374.0,VALIDATION,55,False,,UP55_NIKKEIOFF_BASE
2026-02-02,1332.T,,6,69.37844477823488,85.0,57.35150426034971,24.97078403098007,17.67771170867024,True,1265.239013671875,1346.0,1225.0,WIN,6.383061655184577,4,1346.0,VALIDATION,55,False,,UP55_NIKKEIOFF_BASE
2026-02-02,3401.T,,7,69.29651696351249,85.0,55.71294796590196,24.776142017634925,19.510910016463125,True,1435.450927734375,1525.0,1391.0,WIN,6.238393144303692,2,1525.0,VALIDATION,55,False,,UP55_NIKKEIOFF_BASE
2026-02-02,9202.T,,8,67.13950140422108,85.0,56.05089764963903,26.040564970956286,17.90853737940469,True,3010.12451171875,3161.0,2935.0,WIN,5.012267356179949,3,3161.0,VALIDATION,55,False,,UP55_NIKKEIOFF_BASE
2026-02-02,4042.T,,9,62.973629649622374,95.0,56.646506035925725,24.52931619079989,18.824177773274407,True,2434.5859375,2557.0,2373.0,WIN,5.028126574398239,2,2557.0,VALIDATION,55,False,,UP55_NIKKEIOFF_BASE
2026-02-02,6971.T,,10,62.948643487848116,95.0,56.14678280044061,23.642107322725,20.211109876834417,True,2291.637939453125,2427.0,2224.0,WIN,5.906782141125562,1,2427.0,VALIDATION,55,False,,UP55_NIKKEIOFF_BASE
2026-02-06,4208.T,,1,80.27402734176194,85.0,57.87185118306485,23.720759291722445,18.407389525212718,True,2646.09814453125,2816.0,2561.0,HOLD,1.2276607157981911,5,2678.583251953125,VALIDATION,55,False,,UP55_NIKKEIOFF_BASE
2026-02-06,1721.T,,2,76.17125088361018,100.0,58.20762636785606,22.630017354549636,19.16235627759432,True,4996.3828125,5305.0,4842.0,WIN,6.176812287639339,3,5305.0,VALIDATION,55,False,,UP55_NIKKEIOFF_BASE
2026-02-06,2269.T,,3,73.85576537192799,90.0,58.4196552646466,22.65049785737324,18.929846877980193,True,3702.207763671875,3883.0,3612.0,LOSS,-2.436593768643776,4,3612.0,VALIDATION,55,False,,UP55_NIKKEIOFF_BASE
2026-02-06,8725.T,,4,73.85220497852515,90.0,58.34844739659003,24.89475540581856,16.756797197591446,True,4009.127685546875,4259.0,3884.0,HOLD,1.033907793537781,5,4050.578369140625,VALIDATION,55,False,,UP55_NIKKEIOFF_BASE
2026-02-06,1808.T,,5,73.84540819039245,90.0,58.212511633935925,23.85023293773787,17.937255428326225,True,3232.6005859375,3406.0,3146.0,WIN,5.364084100486288,3,3406.0,VALIDATION,55,False,,UP55_NIKKEIOFF_BASE
2026-02-06,8804.T,,6,73.83552111709767,90.0,58.01477016804012,25.32828994447456,16.656939887485343,True,3758.60546875,3990.0,3643.0,WIN,6.156393193536084,1,3990.0,VALIDATION,55,False,,UP55_NIKKEIOFF_BASE
2026-02-06,8591.T,,7,73.81765721094027,90.0,57.65749204489208,25.157988513070826,17.18451944203713,True,4783.494140625,5045.0,4653.0,WIN,5.466837664837868,2,5045.0,VALIDATION,55,False,,UP55_NIKKEIOFF_BASE
2026-02-06,9147.T,,8,73.81227313164455,90.0,57.54981045897776,25.647655020360023,16.80253452066225,True,3639.56787109375,3817.0,3551.0,LOSS,-2.4334721656704232,5,3551.0,VALIDATION,55,False,,UP55_NIKKEIOFF_BASE
2026-02-06,5108.T,,9,73.81000733870017,90.0,57.50449460009034,23.164113486853218,19.331391913056464,True,3675.18212890625,3876.0,3575.0,LOSS,-2.7259092309546205,5,3575.0,VALIDATION,55,False,,UP55_NIKKEIOFF_BASE
2026-02-06,4021.T,,10,73.79124498570202,90.0,57.129247540127395,25.258744136194935,17.612008323677706,True,5550.2099609375,5899.0,5376.0,WIN,6.28426746947038,2,5899.0,VALIDATION,55,False,,UP55_NIKKEIOFF_BASE
2019-05-31,2802.T,,1,39.69161104518786,55.0,55.353960034192,27.39640302428765,17.24963694152037,True,832.4111328125,881.0,808.0,LOSS,-2.9325812510485236,2,808.0,DEV,55,False,55,UP55_NIKKEIOFF_TESTA55
2020-03-06,3659.T,,1,51.838774547986226,75.0,57.427664872767956,32.83197854886459,9.740356578367436,False,1406.5872802734375,1532.0,1344.0,LOSS,-4.449583836793311,1,1344.0,DEV,55,False,55,UP55_NIKKEIOFF_TESTA55
2020-03-06,7532.T,,2,47.43873909913687,65.0,59.42695589578081,31.317028104703148,9.256015999516046,False,355.3888244628906,389.0,339.0,LOSS,-4.611519365489201,2,339.0,DEV,55,False,55,UP55_NIKKEIOFF_TESTA55
2020-03-06,7733.T,,3,43.14059629766764,55.0,63.464099866396296,26.831282296443614,9.704617837160075,False,1840.1376953125,2022.0,1749.0,LOSS,-4.952764977569932,1,1749.0,DEV,55,False,55,UP55_NIKKEIOFF_TESTA55
2020-03-06,4385.T,,4,41.048580374904034,65.0,62.05856401981975,28.41161347224887,9.529822507931376,False,2301.0,2659.0,2122.0,LOSS,-7.77922642329422,2,2122.0,DEV,55,False,55,UP55_NIKKEIOFF_TESTA55
2020-03-09,4385.T,,1,36.21620127466975,55.0,55.41098201513416,29.01553934559884,15.57347863926698,False,2186.0,2551.0,2004.0,LOSS,-8.325709057639525,4,2004.0,DEV,55,False,55,UP55_NIKKEIOFF_TESTA55
2020-03-10,3659.T,,1,42.73814785430528,55.0,55.415130999149156,33.440826516947055,11.144042483903789,False,1371.1546630859375,1517.0,1298.0,LOSS,-5.335259767216538,2,1298.0,DEV,55,False,55,UP55_NIKKEIOFF_TESTA55
2021-02-08,2269.T,,1,54.906234870778505,55.0,55.29861045904843,26.035512656677458,18.665876884274088,True,3146.3369140625,3288.0,3075.0,LOSS,-2.2673005469840453,1,3075.0,DEV,55,False,55,UP55_NIKKEIOFF_TESTA55
2022-12-21,8015.T,,1,51.43083858718586,55.0,55.355902178499846,27.92253984692571,16.721557974574452,True,1459.350830078125,1565.0,1406.0,TIMEOUT_LOSS,-0.9118609934151413,5,1446.0435791015625,DEV,55,False,55,UP55_NIKKEIOFF_TESTA55
2022-12-29,8725.T,,1,80.29732754666867,95.0,55.29437702032982,29.91601422813946,14.789608751530661,True,1185.1563720703125,1255.0,1150.0,TIMEOUT_LOSS,-1.5490687264060723,5,1166.7974853515625,DEV,55,False,55,UP55_NIKKEIOFF_TESTA55
2022-12-29,8604.T,,2,55.858506902475774,60.0,55.43100761473286,29.654479472251616,14.914512913015516,True,416.8106384277344,433.0,409.0,TIMEOUT_LOSS,-0.28640250354900565,5,415.61688232421875,DEV,55,False,55,UP55_NIKKEIOFF_TESTA55
2022-12-29,8053.T,,3,42.734811310146,55.0,55.34840011596347,29.852979663180413,14.798620220856087,True,479.8457946777344,504.0,468.0,LOSS,-2.468666977834002,3,468.0,DEV,55,False,55,UP55_NIKKEIOFF_TESTA55
2022-12-29,8267.T,,4,42.726009108071665,55.0,55.1723560744767,29.748993040417815,15.078650885105452,True,894.5508422851562,934.0,875.0,LOSS,-2.1855484742726365,3,875.0,DEV,55,False,55,UP55_NIKKEIOFF_TESTA55
2022-12-29,3405.T,,5,42.72559710765047,55.0,55.16411606605286,29.9531480431267,14.88273589082041,True,949.150634765625,991.0,928.0,LOSS,-2.228374927110253,2,928.0,DEV,55,False,55,UP55_NIKKEIOFF_TESTA55
2024-04-19,6098.T,,1,62.45456541832792,55.0,58.43913445351488,31.550096959299733,10.010768587185384,True,6068.63232421875,6639.0,5784.0,HOLD,8.672896029217867,5,6594.95849609375,VALIDATION,55,False,55,UP55_NIKKEIOFF_TESTA55
2024-04-19,7202.T,,2,53.658406748593464,55.0,56.42900453708668,32.98365149125108,10.58734397166221,True,1727.7291259765625,1842.0,1671.0,HOLD,0.9841978239109787,5,1744.7333984375,VALIDATION,55,False,55,UP55_NIKKEIOFF_TESTA55
2024-04-19,6501.T,,3,51.446120475417956,55.0,55.66153994314163,31.453736313089543,12.884723743768825,True,2592.71337890625,2825.0,2477.0,HOLD,1.0877747262318882,5,2620.916259765625,VALIDATION,55,False,55,UP55_NIKKEIOFF_TESTA55
2024-04-19,5411.T,,4,42.846009475674066,55.0,57.572363426524774,32.29558175419153,10.13205481928368,True,2090.259765625,2222.0,2024.0,TIMEOUT_LOSS,-0.48979735809600516,5,2080.021728515625,VALIDATION,55,False,55,UP55_NIKKEIOFF_TESTA55
2024-04-19,8001.T,,5,42.7494485443046,55.0,55.641144799135446,31.980930817623033,12.377924383241535,True,1226.4666748046875,1319.0,1180.0,HOLD,6.057798106241381,5,1300.7635498046875,VALIDATION,55,False,55,UP55_NIKKEIOFF_TESTA55
2024-04-19,8601.T,,6,42.7233085935455,55.0,55.118345783953295,33.31829153343406,11.563362682612677,True,978.341796875,1057.0,939.0,HOLD,4.442374743217857,5,1021.8034057617188,VALIDATION,55,False,55,UP55_NIKKEIOFF_TESTA55
2024-07-26,6841.T,,1,53.929354043120625,55.0,61.84795042763,29.254178226708476,8.897871345661475,True,3567.303466796875,3819.0,3442.0,LOSS,-3.51255417328951,5,3442.0,VALIDATION,55,False,55,UP55_NIKKEIOFF_TESTA55
2024-07-26,3861.T,,2,51.42291895294717,55.0,55.197509493726095,31.184893323728343,13.617597182545607,True,572.7911376953125,603.0,557.0,LOSS,-2.75687535230553,5,557.0,VALIDATION,55,False,55,UP55_NIKKEIOFF_TESTA55
2024-07-26,3436.T,,3,48.46227286828178,55.0,56.85415301780951,32.16025559311843,10.985591389072082,True,2286.02880859375,2538.0,2160.0,LOSS,-5.513001766205939,5,2160.0,VALIDATION,55,False,55,UP55_NIKKEIOFF_TESTA55
2024-07-26,8750.T,,4,47.31302105888574,65.0,56.91259509075818,31.702527680516823,11.38487722872501,True,991.7317504882812,1076.0,950.0,LOSS,-4.207967574672741,5,950.0,VALIDATION,55,False,55,UP55_NIKKEIOFF_TESTA55
2024-07-26,8316.T,,5,47.29905706205323,65.0,56.63331515410799,31.1468263568359,12.2198584890561,True,1598.2384033203125,1711.0,1542.0,LOSS,-3.5187743707996377,5,1542.0,VALIDATION,55,False,55,UP55_NIKKEIOFF_TESTA55
2024-07-26,8630.T,,6,43.13793138457157,55.0,63.41080160447494,28.49846441375721,8.09073398176781,True,2967.107666015625,3200.0,2851.0,WIN,7.849136607068729,3,3200.0,VALIDATION,55,False,55,UP55_NIKKEIOFF_TESTA55
2024-07-26,8001.T,,7,43.10506210415978,55.0,62.75341599623897,28.82324896607536,8.42333503768566,True,1409.0035400390625,1503.0,1362.0,LOSS,-3.3359419407675435,5,1362.0,VALIDATION,55,False,55,UP55_NIKKEIOFF_TESTA55
2024-07-26,8306.T,三菱UFJ,8,42.94219791774996,55.0,59.49613226804259,30.37222153252345,10.131646199433966,True,1553.1846923828125,1661.0,1499.0,LOSS,-3.4886187488549902,5,1499.0,VALIDATION,55,False,55,UP55_NIKKEIOFF_TESTA55
2024-07-26,7752.T,,9,42.92868015663494,55.0,59.22577704574225,29.75235555046165,11.021867403796115,True,1289.260986328125,1390.0,1239.0,LOSS,-3.898433820701472,4,1239.0,VALIDATION,55,False,55,UP55_NIKKEIOFF_TESTA55
2024-07-26,6770.T,,10,42.91027225008567,55.0,58.85761891475671,29.599850989355232,11.5425300958881,True,1397.9071044921875,1524.0,1335.0,LOSS,-4.500091908112845,4,1335.0,VALIDATION,55,False,55,UP55_NIKKEIOFF_TESTA55
2024-08-05,2802.T,,1,62.286652609165955,55.0,55.080878270275704,38.639191244546915,6.279930485177372,True,2742.714599609375,3002.0,2613.0,LOSS,-4.72942389367998,1,2613.0,VALIDATION,55,False,55,UP55_NIKKEIOFF_TESTA55
2024-08-05,3092.T,,2,51.47442132424628,55.0,56.227556919708256,37.8691677793055,5.903275300986258,True,1234.6025390625,1340.0,1182.0,WIN,8.536954817664148,2,1340.0,VALIDATION,55,False,55,UP55_NIKKEIOFF_TESTA55
2025-04-03,4042.T,,1,53.71435452382582,55.0,57.547960041733795,30.654061209425137,11.79797874884109,False,1865.3939208984375,1973.0,1811.0,LOSS,-2.9159482235387326,1,1811.0,VALIDATION,55,False,55,UP55_NIKKEIOFF_TESTA55
2025-04-03,8253.T,,2,51.633461248634504,55.0,59.40835540747269,30.259566471529332,10.332078120997991,False,3253.3642578125,3523.0,3119.0,LOSS,-4.13000965046699,1,3119.0,VALIDATION,55,False,55,UP55_NIKKEIOFF_TESTA55
2025-04-03,8795.T,,3,51.56533920463629,55.0,58.04591452750838,30.686887111841493,11.267198360650141,False,2845.28125,3136.0,2700.0,LOSS,-5.106041801667234,1,2700.0,VALIDATION,55,False,55,UP55_NIKKEIOFF_TESTA55
2025-04-03,3402.T,,4,51.53233268330278,55.0,57.385784100838265,31.127111211711906,11.48710468744983,False,950.39111328125,1035.0,908.0,LOSS,-4.460386117762989,1,908.0,VALIDATION,55,False,55,UP55_NIKKEIOFF_TESTA55
2025-04-03,6305.T,,5,48.48007067223218,55.0,57.210109096817476,32.61986983384137,10.170021069341166,False,3606.39697265625,3870.0,3475.0,LOSS,-3.6434417412310296,1,3475.0,VALIDATION,55,False,55,UP55_NIKKEIOFF_TESTA55
2025-04-03,7832.T,,6,42.75942777813071,55.0,55.84072947565759,33.49590056760228,10.663369956740153,False,4781.1376953125,5190.0,4577.0,LOSS,-4.2696468564927486,1,4577.0,VALIDATION,55,False,55,UP55_NIKKEIOFF_TESTA55
2025-04-03,4043.T,,7,39.86735642740453,55.0,58.86886767852539,29.959743524448502,11.171388797026111,False,2524.25830078125,2707.0,2433.0,LOSS,-3.6152520822851546,1,2433.0,VALIDATION,55,False,55,UP55_NIKKEIOFF_TESTA55
2025-04-03,8830.T,,8,39.86307674539922,55.0,58.78327403841911,32.02842346569752,9.188302495883372,False,2625.705322265625,2913.0,2482.0,LOSS,-5.4730178991154625,2,2482.0,VALIDATION,55,False,55,UP55_NIKKEIOFF_TESTA55
2025-04-03,1605.T,,9,36.19885530178567,55.0,55.06406255745251,33.79341478713728,11.142522655410211,False,1868.015380859375,1991.0,1807.0,LOSS,-3.2663211172974953,1,1807.0,VALIDATION,55,False,55,UP55_NIKKEIOFF_TESTA55
2025-04-04,8802.T,,1,57.40696442754391,75.0,55.747984203052106,34.590306474316534,9.661709322631355,False,2363.141357421875,2570.0,2260.0,LOSS,-4.364586870689763,1,2260.0,VALIDATION,55,False,55,UP55_NIKKEIOFF_TESTA55
2025-04-04,9147.T,,2,53.812378943978175,55.0,59.50844844478088,32.71901362859126,7.772537926627851,False,2448.663330078125,2616.0,2365.0,LOSS,-3.4166938774492817,1,2365.0,VALIDATION,55,False,55,UP55_NIKKEIOFF_TESTA55
2025-04-04,8630.T,,3,51.99145527324617,55.0,66.56823589970591,24.70914571891076,8.722618381383318,False,4152.69775390625,4558.0,3950.0,LOSS,-4.881110206385274,1,3950.0,VALIDATION,55,False,55,UP55_NIKKEIOFF_TESTA55
2025-04-04,8804.T,,4,51.76715499263126,55.0,62.08223028740789,27.986608798120578,9.931160914471526,False,2333.639404296875,2526.0,2238.0,LOSS,-4.098294026094025,1,2238.0,VALIDATION,55,False,55,UP55_NIKKEIOFF_TESTA55
2025-04-04,8830.T,,5,48.95590591337674,55.0,66.72681391970876,24.8220797945147,8.451106285776506,False,2622.273681640625,2914.0,2477.0,LOSS,-5.539989309953892,1,2477.0,VALIDATION,55,False,55,UP55_NIKKEIOFF_TESTA55
2025-04-04,4568.T,,6,47.25186574439134,55.0,58.732967061739735,32.58896732552689,8.678065612733377,False,3467.8251953125,3854.0,3275.0,LOSS,-5.56040701166668,1,3275.0,VALIDATION,55,False,55,UP55_NIKKEIOFF_TESTA55
2025-04-04,8058.T,三菱商事,7,45.43491279748699,55.0,65.87216899321794,24.997660214479794,9.130170792302279,False,2447.984130859375,2677.0,2334.0,LOSS,-4.656244679958787,1,2334.0,VALIDATION,55,False,55,UP55_NIKKEIOFF_TESTA55
2025-04-04,9531.T,,8,42.720266792602395,55.0,55.0575097650913,35.410624595656365,9.531865639252302,False,4593.77294921875,5014.0,4384.0,LOSS,-4.566463156487207,1,4384.0,VALIDATION,55,False,55,UP55_NIKKEIOFF_TESTA55
2025-04-07,8802.T,,1,44.99008814664879,55.0,56.97567597645394,30.344475369727242,12.679848653818798,False,2194.80126953125,2438.0,2073.0,WIN,11.080672033723156,3,2438.0,VALIDATION,55,False,55,UP55_NIKKEIOFF_TESTA55
2026-01-26,9531.T,,1,73.77124051324128,95.0,55.207418960477874,23.821963255945874,20.970617783576298,True,6588.18603515625,6988.0,6388.0,HOLD,4.668164524196773,5,6895.7333984375,VALIDATION,55,False,55,UP55_NIKKEIOFF_TESTA55
2026-01-26,9532.T,,2,69.34721017764426,85.0,56.726812248537186,23.282514004194326,19.990673747268524,True,5632.2353515625,5900.0,5498.0,HOLD,2.104714612748983,5,5750.77783203125,VALIDATION,55,False,55,UP55_NIKKEIOFF_TESTA55
2026-01-26,4043.T,,3,69.28178958797619,85.0,55.418400455176034,23.029393313154316,21.552206231669686,True,4340.4423828125,4607.0,4207.0,LOSS,-3.0743959035353585,4,4207.0,VALIDATION,55,False,55,UP55_NIKKEIOFF_TESTA55
2026-01-26,4151.T,,4,69.27216297848747,85.0,55.225868265401616,24.04946113638813,20.724670598210288,True,2575.634765625,2707.0,2510.0,LOSS,-2.548294754402927,2,2510.0,VALIDATION,55,False,55,UP55_NIKKEIOFF_TESTA55
2026-01-28,9532.T,,1,71.51984878590886,85.0,56.70132354426395,23.737248406152382,19.56142804958368,True,5641.052734375,5913.0,5505.0,WIN,4.820860191003522,4,5913.0,VALIDATION,55,False,55,UP55_NIKKEIOFF_TESTA55
2026-01-29,9532.T,,1,69.26152047945709,85.0,55.013018284793894,23.34559702421564,21.64138469099048,True,5644.97119140625,5930.0,5502.0,WIN,5.049251784095374,3,5930.0,VALIDATION,55,False,55,UP55_NIKKEIOFF_TESTA55
2026-01-29,4502.T,,2,62.952352371903444,95.0,56.2209604815472,23.315602818754037,20.463436699698764,True,4977.646484375,5227.0,4853.0,WIN,5.009466148464522,3,5227.0,VALIDATION,55,False,55,UP55_NIKKEIOFF_TESTA55
2026-01-30,1963.T,,1,84.73798977079257,100.0,55.62936063324274,24.894306164747288,19.476333202009968,True,2111.269775390625,2306.0,2014.0,HOLD,3.4913314556218653,5,2184.981201171875,VALIDATION,55,False,55,UP55_NIKKEIOFF_TESTA55
2026-01-30,9531.T,,2,84.72956026651897,100.0,55.46077054777094,25.328079478148553,19.211149974080527,True,6726.7294921875,7185.0,6498.0,WIN,6.812679301951127,4,7185.0,VALIDATION,55,False,55,UP55_NIKKEIOFF_TESTA55
2026-01-30,4183.T,,3,76.15311036838357,100.0,57.844816063323556,23.75755364616829,18.397630290508154,True,2173.097412109375,2310.0,2105.0,WIN,6.299882698665443,3,2310.0,VALIDATION,55,False,55,UP55_NIKKEIOFF_TESTA55
2026-01-30,5019.T,,4,76.1460399471245,100.0,57.70340763814242,23.942083090471325,18.35450927138626,True,1277.4263916015625,1358.0,1237.0,WIN,6.3074952050598405,3,1358.0,VALIDATION,55,False,55,UP55_NIKKEIOFF_TESTA55
2026-01-30,9532.T,,5,76.13490790534765,100.0,57.48076680260503,23.21109644605235,19.30813675134265,True,5676.3212890625,5961.0,5534.0,WIN,5.015197280781783,2,5961.0,VALIDATION,55,False,55,UP55_NIKKEIOFF_TESTA55
2026-01-30,4502.T,,6,73.99404302273553,100.0,58.141730019927884,22.909999221589278,18.948270758482856,True,5063.61767578125,5331.0,4930.0,WIN,5.280460361326478,4,5331.0,VALIDATION,55,False,55,UP55_NIKKEIOFF_TESTA55
2026-01-30,5301.T,,7,73.87196769481393,95.0,57.22196259193084,24.910380435180322,17.86765697288885,True,1054.6575927734375,1116.0,1024.0,WIN,5.816333912246354,4,1116.0,VALIDATION,55,False,55,UP55_NIKKEIOFF_TESTA55
2026-01-30,3401.T,,8,71.5860826086581,90.0,56.50426086881423,26.20824886744359,17.2874902637422,True,1449.5145263671875,1536.0,1406.0,WIN,5.9665130676244225,3,1536.0,VALIDATION,55,False,55,UP55_NIKKEIOFF_TESTA55
2026-01-30,5201.T,,9,71.54196735126378,90.0,55.621955720927694,25.79542650726292,18.582617771809392,True,5615.26123046875,5933.0,5457.0,WIN,5.658485981154003,3,5933.0,VALIDATION,55,False,55,UP55_NIKKEIOFF_TESTA55
2026-01-30,1332.T,,10,69.2756696754776,85.0,55.29600220520416,27.078375335663402,17.625622459132448,True,1260.3726806640625,1340.0,1220.0,WIN,6.317759862422885,4,1340.0,VALIDATION,55,False,55,UP55_NIKKEIOFF_TESTA55
2026-02-02,9532.T,,1,84.88441589131735,100.0,58.55788304373826,23.429083557348456,18.01303339891333,True,5750.77783203125,6075.0,5589.0,WIN,5.637883733968392,1,6075.0,VALIDATION,55,False,55,UP55_NIKKEIOFF_TESTA55
2026-02-02,2282.T,,2,82.59540525752445,95.0,57.777670367880226,23.268767226381645,18.95356240573815,True,2333.949951171875,2464.0,2269.0,LOSS,-2.782833930918856,1,2269.0,VALIDATION,55,False,55,UP55_NIKKEIOFF_TESTA55
2026-02-02,4502.T,,3,71.74687723556745,90.0,59.72015340700122,23.344886590552065,16.93496000244672,True,5160.21484375,5442.0,5019.0,WIN,5.460725275640322,5,5442.0,VALIDATION,55,False,55,UP55_NIKKEIOFF_TESTA55
2026-02-02,5201.T,,4,71.63410164397408,90.0,57.464641575133804,26.85965389241609,15.675704532450144,True,5623.14404296875,5945.0,5462.0,WIN,5.72377222727742,2,5945.0,VALIDATION,55,False,55,UP55_NIKKEIOFF_TESTA55
2026-02-02,9531.T,,5,71.5142742390583,90.0,55.068093476818056,24.68244135857944,20.24946516460255,True,6895.7333984375,7374.0,6657.0,WIN,6.935688692240773,5,7374.0,VALIDATION,55,False,55,UP55_NIKKEIOFF_TESTA55
2026-02-02,1332.T,,6,69.37844477823488,85.0,57.35150426034971,24.97078403098007,17.67771170867024,True,1265.239013671875,1346.0,1225.0,WIN,6.383061655184577,4,1346.0,VALIDATION,55,False,55,UP55_NIKKEIOFF_TESTA55
2026-02-02,3401.T,,7,69.29651696351249,85.0,55.71294796590196,24.776142017634925,19.510910016463125,True,1435.450927734375,1525.0,1391.0,WIN,6.238393144303692,2,1525.0,VALIDATION,55,False,55,UP55_NIKKEIOFF_TESTA55
2026-02-02,9202.T,,8,67.13950140422108,85.0,56.05089764963903,26.040564970956286,17.90853737940469,True,3010.12451171875,3161.0,2935.0,WIN,5.012267356179949,3,3161.0,VALIDATION,55,False,55,UP55_NIKKEIOFF_TESTA55
2026-02-02,4042.T,,9,62.973629649622374,95.0,56.646506035925725,24.52931619079989,18.824177773274407,True,2434.5859375,2557.0,2373.0,WIN,5.028126574398239,2,2557.0,VALIDATION,55,False,55,UP55_NIKKEIOFF_TESTA55
2026-02-02,6971.T,,10,62.948643487848116,95.0,56.14678280044061,23.642107322725,20.211109876834417,True,2291.637939453125,2427.0,2224.0,WIN,5.906782141125562,1,2427.0,VALIDATION,55,False,55,UP55_NIKKEIOFF_TESTA55
2026-02-06,4208.T,,1,80.27402734176194,85.0,57.87185118306485,23.720759291722445,18.407389525212718,True,2646.09814453125,2816.0,2561.0,HOLD,1.2276607157981911,5,2678.583251953125,VALIDATION,55,False,55,UP55_NIKKEIOFF_TESTA55
2026-02-06,1721.T,,2,76.17125088361018,100.0,58.20762636785606,22.630017354549636,19.16235627759432,True,4996.3828125,5305.0,4842.0,WIN,6.176812287639339,3,5305.0,VALIDATION,55,False,55,UP55_NIKKEIOFF_TESTA55
2026-02-06,2269.T,,3,73.85576537192799,90.0,58.4196552646466,22.65049785737324,18.929846877980193,True,3702.207763671875,3883.0,3612.0,LOSS,-2.436593768643776,4,3612.0,VALIDATION,55,False,55,UP55_NIKKEIOFF_TESTA55
2026-02-06,8725.T,,4,73.85220497852515,90.0,58.34844739659003,24.89475540581856,16.756797197591446,True,4009.127685546875,4259.0,3884.0,HOLD,1.033907793537781,5,4050.578369140625,VALIDATION,55,False,55,UP55_NIKKEIOFF_TESTA55
2026-02-06,1808.T,,5,73.84540819039245,90.0,58.212511633935925,23.85023293773787,17.937255428326225,True,3232.6005859375,3406.0,3146.0,WIN,5.364084100486288,3,3406.0,VALIDATION,55,False,55,UP55_NIKKEIOFF_TESTA55
2026-02-06,8804.T,,6,73.83552111709767,90.0,58.01477016804012,25.32828994447456,16.656939887485343,True,3758.60546875,3990.0,3643.0,WIN,6.156393193536084,1,3990.0,VALIDATION,55,False,55,UP55_NIKKEIOFF_TESTA55
2026-02-06,8591.T,,7,73.81765721094027,90.0,57.65749204489208,25.157988513070826,17.18451944203713,True,4783.494140625,5045.0,4653.0,WIN,5.466837664837868,2,5045.0,VALIDATION,55,False,55,UP55_NIKKEIOFF_TESTA55
2026-02-06,9147.T,,8,73.81227313164455,90.0,57.54981045897776,25.647655020360023,16.80253452066225,True,3639.56787109375,3817.0,3551.0,LOSS,-2.4334721656704232,5,3551.0,VALIDATION,55,False,55,UP55_NIKKEIOFF_TESTA55
2026-02-06,5108.T,,9,73.81000733870017,90.0,57.50449460009034,23.164113486853218,19.331391913056464,True,3675.18212890625,3876.0,3575.0,LOSS,-2.7259092309546205,5,3575.0,VALIDATION,55,False,55,UP55_NIKKEIOFF_TESTA55
2026-02-06,4021.T,,10,73.79124498570202,90.0,57.129247540127395,25.258744136194935,17.612008323677706,True,5550.2099609375,5899.0,5376.0,WIN,6.28426746947038,2,5899.0,VALIDATION,55,False,55,UP55_NIKKEIOFF_TESTA55
2020-03-06,3659.T,,1,51.838774547986226,75.0,57.427664872767956,32.83197854886459,9.740356578367436,False,1406.5872802734375,1532.0,1344.0,LOSS,-4.449583836793311,1,1344.0,DEV,55,False,65,UP55_NIKKEIOFF_TESTA65
2020-03-06,7532.T,,2,47.43873909913687,65.0,59.42695589578081,31.317028104703148,9.256015999516046,False,355.3888244628906,389.0,339.0,LOSS,-4.611519365489201,2,339.0,DEV,55,False,65,UP55_NIKKEIOFF_TESTA65
2020-03-06,4385.T,,3,41.048580374904034,65.0,62.05856401981975,28.41161347224887,9.529822507931376,False,2301.0,2659.0,2122.0,LOSS,-7.77922642329422,2,2122.0,DEV,55,False,65,UP55_NIKKEIOFF_TESTA65
2022-12-29,8725.T,,1,80.29732754666867,95.0,55.29437702032982,29.91601422813946,14.789608751530661,True,1185.1563720703125,1255.0,1150.0,TIMEOUT_LOSS,-1.5490687264060723,5,1166.7974853515625,DEV,55,False,65,UP55_NIKKEIOFF_TESTA65
2024-07-26,8750.T,,1,47.31302105888574,65.0,56.91259509075818,31.702527680516823,11.38487722872501,True,991.7317504882812,1076.0,950.0,LOSS,-4.207967574672741,5,950.0,VALIDATION,55,False,65,UP55_NIKKEIOFF_TESTA65
2024-07-26,8316.T,,2,47.29905706205323,65.0,56.63331515410799,31.1468263568359,12.2198584890561,True,1598.2384033203125,1711.0,1542.0,LOSS,-3.5187743707996377,5,1542.0,VALIDATION,55,False,65,UP55_NIKKEIOFF_TESTA65
2025-04-04,8802.T,,1,57.40696442754391,75.0,55.747984203052106,34.590306474316534,9.661709322631355,False,2363.141357421875,2570.0,2260.0,LOSS,-4.364586870689763,1,2260.0,VALIDATION,55,False,65,UP55_NIKKEIOFF_TESTA65
2026-01-26,9531.T,,1,73.77124051324128,95.0,55.207418960477874,23.821963255945874,20.970617783576298,True,6588.18603515625,6988.0,6388.0,HOLD,4.668164524196773,5,6895.7333984375,VALIDATION,55,False,65,UP55_NIKKEIOFF_TESTA65
2026-01-26,9532.T,,2,69.34721017764426,85.0,56.726812248537186,23.282514004194326,19.990673747268524,True,5632.2353515625,5900.0,5498.0,HOLD,2.104714612748983,5,5750.77783203125,VALIDATION,55,False,65,UP55_NIKKEIOFF_TESTA65
2026-01-26,4043.T,,3,69.28178958797619,85.0,55.418400455176034,23.029393313154316,21.552206231669686,True,4340.4423828125,4607.0,4207.0,LOSS,-3.0743959035353585,4,4207.0,VALIDATION,55,False,65,UP55_NIKKEIOFF_TESTA65
2026-01-26,4151.T,,4,69.27216297848747,85.0,55.225868265401616,24.04946113638813,20.724670598210288,True,2575.634765625,2707.0,2510.0,LOSS,-2.548294754402927,2,2510.0,VALIDATION,55,False,65,UP55_NIKKEIOFF_TESTA65
2026-01-28,9532.T,,1,71.51984878590886,85.0,56.70132354426395,23.737248406152382,19.56142804958368,True,5641.052734375,5913.0,5505.0,WIN,4.820860191003522,4,5913.0,VALIDATION,55,False,65,UP55_NIKKEIOFF_TESTA65
2026-01-29,9532.T,,1,69.26152047945709,85.0,55.013018284793894,23.34559702421564,21.64138469099048,True,5644.97119140625,5930.0,5502.0,WIN,5.049251784095374,3,5930.0,VALIDATION,55,False,65,UP55_NIKKEIOFF_TESTA65
2026-01-29,4502.T,,2,62.952352371903444,95.0,56.2209604815472,23.315602818754037,20.463436699698764,True,4977.646484375,5227.0,4853.0,WIN,5.009466148464522,3,5227.0,VALIDATION,55,False,65,UP55_NIKKEIOFF_TESTA65
2026-01-30,1963.T,,1,84.73798977079257,100.0,55.62936063324274,24.894306164747288,19.476333202009968,True,2111.269775390625,2306.0,2014.0,HOLD,3.4913314556218653,5,2184.981201171875,VALIDATION,55,False,65,UP55_NIKKEIOFF_TESTA65
2026-01-30,9531.T,,2,84.72956026651897,100.0,55.46077054777094,25.328079478148553,19.211149974080527,True,6726.7294921875,7185.0,6498.0,WIN,6.812679301951127,4,7185.0,VALIDATION,55,False,65,UP55_NIKKEIOFF_TESTA65
2026-01-30,4183.T,,3,76.15311036838357,100.0,57.844816063323556,23.75755364616829,18.397630290508154,True,2173.097412109375,2310.0,2105.0,WIN,6.299882698665443,3,2310.0,VALIDATION,55,False,65,UP55_NIKKEIOFF_TESTA65
2026-01-30,5019.T,,4,76.1460399471245,100.0,57.70340763814242,23.942083090471325,18.35450927138626,True,1277.4263916015625,1358.0,1237.0,WIN,6.3074952050598405,3,1358.0,VALIDATION,55,False,65,UP55_NIKKEIOFF_TESTA65
2026-01-30,9532.T,,5,76.13490790534765,100.0,57.48076680260503,23.21109644605235,19.30813675134265,True,5676.3212890625,5961.0,5534.0,WIN,5.015197280781783,2,5961.0,VALIDATION,55,False,65,UP55_NIKKEIOFF_TESTA65
2026-01-30,4502.T,,6,73.99404302273553,100.0,58.141730019927884,22.909999221589278,18.948270758482856,True,5063.61767578125,5331.0,4930.0,WIN,5.280460361326478,4,5331.0,VALIDATION,55,False,65,UP55_NIKKEIOFF_TESTA65
2026-01-30,5301.T,,7,73.87196769481393,95.0,57.22196259193084,24.910380435180322,17.86765697288885,True,1054.6575927734375,1116.0,1024.0,WIN,5.816333912246354,4,1116.0,VALIDATION,55,False,65,UP55_NIKKEIOFF_TESTA65
2026-01-30,3401.T,,8,71.5860826086581,90.0,56.50426086881423,26.20824886744359,17.2874902637422,True,1449.5145263671875,1536.0,1406.0,WIN,5.9665130676244225,3,1536.0,VALIDATION,55,False,65,UP55_NIKKEIOFF_TESTA65
2026-01-30,5201.T,,9,71.54196735126378,90.0,55.621955720927694,25.79542650726292,18.582617771809392,True,5615.26123046875,5933.0,5457.0,WIN,5.658485981154003,3,5933.0,VALIDATION,55,False,65,UP55_NIKKEIOFF_TESTA65
2026-01-30,1332.T,,10,69.2756696754776,85.0,55.29600220520416,27.078375335663402,17.625622459132448,True,1260.3726806640625,1340.0,1220.0,WIN,6.317759862422885,4,1340.0,VALIDATION,55,False,65,UP55_NIKKEIOFF_TESTA65
2026-02-02,9532.T,,1,84.88441589131735,100.0,58.55788304373826,23.429083557348456,18.01303339891333,True,5750.77783203125,6075.0,5589.0,WIN,5.637883733968392,1,6075.0,VALIDATION,55,False,65,UP55_NIKKEIOFF_TESTA65
2026-02-02,2282.T,,2,82.59540525752445,95.0,57.777670367880226,23.268767226381645,18.95356240573815,True,2333.949951171875,2464.0,2269.0,LOSS,-2.782833930918856,1,2269.0,VALIDATION,55,False,65,UP55_NIKKEIOFF_TESTA65
2026-02-02,4502.T,,3,71.74687723556745,90.0,59.72015340700122,23.344886590552065,16.93496000244672,True,5160.21484375,5442.0,5019.0,WIN,5.460725275640322,5,5442.0,VALIDATION,55,False,65,UP55_NIKKEIOFF_TESTA65
2026-02-02,5201.T,,4,71.63410164397408,90.0,57.464641575133804,26.85965389241609,15.675704532450144,True,5623.14404296875,5945.0,5462.0,WIN,5.72377222727742,2,5945.0,VALIDATION,55,False,65,UP55_NIKKEIOFF_TESTA65
2026-02-02,9531.T,,5,71.5142742390583,90.0,55.068093476818056,24.68244135857944,20.24946516460255,True,6895.7333984375,7374.0,6657.0,WIN,6.935688692240773,5,7374.0,VALIDATION,55,False,65,UP55_NIKKEIOFF_TESTA65
2026-02-02,1332.T,,6,69.37844477823488,85.0,57.35150426034971,24.97078403098007,17.67771170867024,True,1265.239013671875,1346.0,1225.0,WIN,6.383061655184577,4,1346.0,VALIDATION,55,False,65,UP55_NIKKEIOFF_TESTA65
2026-02-02,3401.T,,7,69.29651696351249,85.0,55.71294796590196,24.776142017634925,19.510910016463125,True,1435.450927734375,1525.0,1391.0,WIN,6.238393144303692,2,1525.0,VALIDATION,55,False,65,UP55_NIKKEIOFF_TESTA65
2026-02-02,9202.T,,8,67.13950140422108,85.0,56.05089764963903,26.040564970956286,17.90853737940469,True,3010.12451171875,3161.0,2935.0,WIN,5.012267356179949,3,3161.0,VALIDATION,55,False,65,UP55_NIKKEIOFF_TESTA65
2026-02-02,4042.T,,9,62.973629649622374,95.0,56.646506035925725,24.52931619079989,18.824177773274407,True,2434.5859375,2557.0,2373.0,WIN,5.028126574398239,2,2557.0,VALIDATION,55,False,65,UP55_NIKKEIOFF_TESTA65
2026-02-02,6971.T,,10,62.948643487848116,95.0,56.14678280044061,23.642107322725,20.211109876834417,True,2291.637939453125,2427.0,2224.0,WIN,5.906782141125562,1,2427.0,VALIDATION,55,False,65,UP55_NIKKEIOFF_TESTA65
2026-02-06,4208.T,,1,80.27402734176194,85.0,57.87185118306485,23.720759291722445,18.407389525212718,True,2646.09814453125,2816.0,2561.0,HOLD,1.2276607157981911,5,2678.583251953125,VALIDATION,55,False,65,UP55_NIKKEIOFF_TESTA65
2026-02-06,1721.T,,2,76.17125088361018,100.0,58.20762636785606,22.630017354549636,19.16235627759432,True,4996.3828125,5305.0,4842.0,WIN,6.176812287639339,3,5305.0,VALIDATION,55,False,65,UP55_NIKKEIOFF_TESTA65
2026-02-06,2269.T,,3,73.85576537192799,90.0,58.4196552646466,22.65049785737324,18.929846877980193,True,3702.207763671875,3883.0,3612.0,LOSS,-2.436593768643776,4,3612.0,VALIDATION,55,False,65,UP55_NIKKEIOFF_TESTA65
2026-02-06,8725.T,,4,73.85220497852515,90.0,58.34844739659003,24.89475540581856,16.756797197591446,True,4009.127685546875,4259.0,3884.0,HOLD,1.033907793537781,5,4050.578369140625,VALIDATION,55,False,65,UP55_NIKKEIOFF_TESTA65
2026-02-06,1808.T,,5,73.84540819039245,90.0,58.212511633935925,23.85023293773787,17.937255428326225,True,3232.6005859375,3406.0,3146.0,WIN,5.364084100486288,3,3406.0,VALIDATION,55,False,65,UP55_NIKKEIOFF_TESTA65
2026-02-06,8804.T,,6,73.83552111709767,90.0,58.01477016804012,25.32828994447456,16.656939887485343,True,3758.60546875,3990.0,3643.0,WIN,6.156393193536084,1,3990.0,VALIDATION,55,False,65,UP55_NIKKEIOFF_TESTA65
2026-02-06,8591.T,,7,73.81765721094027,90.0,57.65749204489208,25.157988513070826,17.18451944203713,True,4783.494140625,5045.0,4653.0,WIN,5.466837664837868,2,5045.0,VALIDATION,55,False,65,UP55_NIKKEIOFF_TESTA65
2026-02-06,9147.T,,8,73.81227313164455,90.0,57.54981045897776,25.647655020360023,16.80253452066225,True,3639.56787109375,3817.0,3551.0,LOSS,-2.4334721656704232,5,3551.0,VALIDATION,55,False,65,UP55_NIKKEIOFF_TESTA65
2026-02-06,5108.T,,9,73.81000733870017,90.0,57.50449460009034,23.164113486853218,19.331391913056464,True,3675.18212890625,3876.0,3575.0,LOSS,-2.7259092309546205,5,3575.0,VALIDATION,55,False,65,UP55_NIKKEIOFF_TESTA65
2026-02-06,4021.T,,10,73.79124498570202,90.0,57.129247540127395,25.258744136194935,17.612008323677706,True,5550.2099609375,5899.0,5376.0,WIN,6.28426746947038,2,5899.0,VALIDATION,55,False,65,UP55_NIKKEIOFF_TESTA65
2020-03-06,3659.T,,1,51.838774547986226,75.0,57.427664872767956,32.83197854886459,9.740356578367436,False,1406.5872802734375,1532.0,1344.0,LOSS,-4.449583836793311,1,1344.0,DEV,55,False,75,UP55_NIKKEIOFF_TESTA75
2022-12-29,8725.T,,1,80.29732754666867,95.0,55.29437702032982,29.91601422813946,14.789608751530661,True,1185.1563720703125,1255.0,1150.0,TIMEOUT_LOSS,-1.5490687264060723,5,1166.7974853515625,DEV,55,False,75,UP55_NIKKEIOFF_TESTA75
2025-04-04,8802.T,,1,57.40696442754391,75.0,55.747984203052106,34.590306474316534,9.661709322631355,False,2363.141357421875,2570.0,2260.0,LOSS,-4.364586870689763,1,2260.0,VALIDATION,55,False,75,UP55_NIKKEIOFF_TESTA75
2026-01-26,9531.T,,1,73.77124051324128,95.0,55.207418960477874,23.821963255945874,20.970617783576298,True,6588.18603515625,6988.0,6388.0,HOLD,4.668164524196773,5,6895.7333984375,VALIDATION,55,False,75,UP55_NIKKEIOFF_TESTA75
2026-01-26,9532.T,,2,69.34721017764426,85.0,56.726812248537186,23.282514004194326,19.990673747268524,True,5632.2353515625,5900.0,5498.0,HOLD,2.104714612748983,5,5750.77783203125,VALIDATION,55,False,75,UP55_NIKKEIOFF_TESTA75
2026-01-26,4043.T,,3,69.28178958797619,85.0,55.418400455176034,23.029393313154316,21.552206231669686,True,4340.4423828125,4607.0,4207.0,LOSS,-3.0743959035353585,4,4207.0,VALIDATION,55,False,75,UP55_NIKKEIOFF_TESTA75
2026-01-26,4151.T,,4,69.27216297848747,85.0,55.225868265401616,24.04946113638813,20.724670598210288,True,2575.634765625,2707.0,2510.0,LOSS,-2.548294754402927,2,2510.0,VALIDATION,55,False,75,UP55_NIKKEIOFF_TESTA75
2026-01-28,9532.T,,1,71.51984878590886,85.0,56.70132354426395,23.737248406152382,19.56142804958368,True,5641.052734375,5913.0,5505.0,WIN,4.820860191003522,4,5913.0,VALIDATION,55,False,75,UP55_NIKKEIOFF_TESTA75
2026-01-29,9532.T,,1,69.26152047945709,85.0,55.013018284793894,23.34559702421564,21.64138469099048,True,5644.97119140625,5930.0,5502.0,WIN,5.049251784095374,3,5930.0,VALIDATION,55,False,75,UP55_NIKKEIOFF_TESTA75
2026-01-29,4502.T,,2,62.952352371903444,95.0,56.2209604815472,23.315602818754037,20.463436699698764,True,4977.646484375,5227.0,4853.0,WIN,5.009466148464522,3,5227.0,VALIDATION,55,False,75,UP55_NIKKEIOFF_TESTA75
2026-01-30,1963.T,,1,84.73798977079257,100.0,55.62936063324274,24.894306164747288,19.476333202009968,True,2111.269775390625,2306.0,2014.0,HOLD,3.4913314556218653,5,2184.981201171875,VALIDATION,55,False,75,UP55_NIKKEIOFF_TESTA75
2026-01-30,9531.T,,2,84.72956026651897,100.0,55.46077054777094,25.328079478148553,19.211149974080527,True,6726.7294921875,7185.0,6498.0,WIN,6.812679301951127,4,7185.0,VALIDATION,55,False,75,UP55_NIKKEIOFF_TESTA75
2026-01-30,4183.T,,3,76.15311036838357,100.0,57.844816063323556,23.75755364616829,18.397630290508154,True,2173.097412109375,2310.0,2105.0,WIN,6.299882698665443,3,2310.0,VALIDATION,55,False,75,UP55_NIKKEIOFF_TESTA75
2026-01-30,5019.T,,4,76.1460399471245,100.0,57.70340763814242,23.942083090471325,18.35450927138626,True,1277.4263916015625,1358.0,1237.0,WIN,6.3074952050598405,3,1358.0,VALIDATION,55,False,75,UP55_NIKKEIOFF_TESTA75
2026-01-30,9532.T,,5,76.13490790534765,100.0,57.48076680260503,23.21109644605235,19.30813675134265,True,5676.3212890625,5961.0,5534.0,WIN,5.015197280781783,2,5961.0,VALIDATION,55,False,75,UP55_NIKKEIOFF_TESTA75
2026-01-30,4502.T,,6,73.99404302273553,100.0,58.141730019927884,22.909999221589278,18.948270758482856,True,5063.61767578125,5331.0,4930.0,WIN,5.280460361326478,4,5331.0,VALIDATION,55,False,75,UP55_NIKKEIOFF_TESTA75
2026-01-30,5301.T,,7,73.87196769481393,95.0,57.22196259193084,24.910380435180322,17.86765697288885,True,1054.6575927734375,1116.0,1024.0,WIN,5.816333912246354,4,1116.0,VALIDATION,55,False,75,UP55_NIKKEIOFF_TESTA75
2026-01-30,3401.T,,8,71.5860826086581,90.0,56.50426086881423,26.20824886744359,17.2874902637422,True,1449.5145263671875,1536.0,1406.0,WIN,5.9665130676244225,3,1536.0,VALIDATION,55,False,75,UP55_NIKKEIOFF_TESTA75
2026-01-30,5201.T,,9,71.54196735126378,90.0,55.621955720927694,25.79542650726292,18.582617771809392,True,5615.26123046875,5933.0,5457.0,WIN,5.658485981154003,3,5933.0,VALIDATION,55,False,75,UP55_NIKKEIOFF_TESTA75
2026-01-30,1332.T,,10,69.2756696754776,85.0,55.29600220520416,27.078375335663402,17.625622459132448,True,1260.3726806640625,1340.0,1220.0,WIN,6.317759862422885,4,1340.0,VALIDATION,55,False,75,UP55_NIKKEIOFF_TESTA75
2026-02-02,9532.T,,1,84.88441589131735,100.0,58.55788304373826,23.429083557348456,18.01303339891333,True,5750.77783203125,6075.0,5589.0,WIN,5.637883733968392,1,6075.0,VALIDATION,55,False,75,UP55_NIKKEIOFF_TESTA75
2026-02-02,2282.T,,2,82.59540525752445,95.0,57.777670367880226,23.268767226381645,18.95356240573815,True,2333.949951171875,2464.0,2269.0,LOSS,-2.782833930918856,1,2269.0,VALIDATION,55,False,75,UP55_NIKKEIOFF_TESTA75
2026-02-02,4502.T,,3,71.74687723556745,90.0,59.72015340700122,23.344886590552065,16.93496000244672,True,5160.21484375,5442.0,5019.0,WIN,5.460725275640322,5,5442.0,VALIDATION,55,False,75,UP55_NIKKEIOFF_TESTA75
2026-02-02,5201.T,,4,71.63410164397408,90.0,57.464641575133804,26.85965389241609,15.675704532450144,True,5623.14404296875,5945.0,5462.0,WIN,5.72377222727742,2,5945.0,VALIDATION,55,False,75,UP55_NIKKEIOFF_TESTA75
2026-02-02,9531.T,,5,71.5142742390583,90.0,55.068093476818056,24.68244135857944,20.24946516460255,True,6895.7333984375,7374.0,6657.0,WIN,6.935688692240773,5,7374.0,VALIDATION,55,False,75,UP55_NIKKEIOFF_TESTA75
2026-02-02,1332.T,,6,69.37844477823488,85.0,57.35150426034971,24.97078403098007,17.67771170867024,True,1265.239013671875,1346.0,1225.0,WIN,6.383061655184577,4,1346.0,VALIDATION,55,False,75,UP55_NIKKEIOFF_TESTA75
2026-02-02,3401.T,,7,69.29651696351249,85.0,55.71294796590196,24.776142017634925,19.510910016463125,True,1435.450927734375,1525.0,1391.0,WIN,6.238393144303692,2,1525.0,VALIDATION,55,False,75,UP55_NIKKEIOFF_TESTA75
2026-02-02,9202.T,,8,67.13950140422108,85.0,56.05089764963903,26.040564970956286,17.90853737940469,True,3010.12451171875,3161.0,2935.0,WIN,5.012267356179949,3,3161.0,VALIDATION,55,False,75,UP55_NIKKEIOFF_TESTA75
2026-02-02,4042.T,,9,62.973629649622374,95.0,56.646506035925725,24.52931619079989,18.824177773274407,True,2434.5859375,2557.0,2373.0,WIN,5.028126574398239,2,2557.0,VALIDATION,55,False,75,UP55_NIKKEIOFF_TESTA75
2026-02-02,6971.T,,10,62.948643487848116,95.0,56.14678280044061,23.642107322725,20.211109876834417,True,2291.637939453125,2427.0,2224.0,WIN,5.906782141125562,1,2427.0,VALIDATION,55,False,75,UP55_NIKKEIOFF_TESTA75
2026-02-06,4208.T,,1,80.27402734176194,85.0,57.87185118306485,23.720759291722445,18.407389525212718,True,2646.09814453125,2816.0,2561.0,HOLD,1.2276607157981911,5,2678.583251953125,VALIDATION,55,False,75,UP55_NIKKEIOFF_TESTA75
2026-02-06,1721.T,,2,76.17125088361018,100.0,58.20762636785606,22.630017354549636,19.16235627759432,True,4996.3828125,5305.0,4842.0,WIN,6.176812287639339,3,5305.0,VALIDATION,55,False,75,UP55_NIKKEIOFF_TESTA75
2026-02-06,2269.T,,3,73.85576537192799,90.0,58.4196552646466,22.65049785737324,18.929846877980193,True,3702.207763671875,3883.0,3612.0,LOSS,-2.436593768643776,4,3612.0,VALIDATION,55,False,75,UP55_NIKKEIOFF_TESTA75
2026-02-06,8725.T,,4,73.85220497852515,90.0,58.34844739659003,24.89475540581856,16.756797197591446,True,4009.127685546875,4259.0,3884.0,HOLD,1.033907793537781,5,4050.578369140625,VALIDATION,55,False,75,UP55_NIKKEIOFF_TESTA75
2026-02-06,1808.T,,5,73.84540819039245,90.0,58.212511633935925,23.85023293773787,17.937255428326225,True,3232.6005859375,3406.0,3146.0,WIN,5.364084100486288,3,3406.0,VALIDATION,55,False,75,UP55_NIKKEIOFF_TESTA75
2026-02-06,8804.T,,6,73.83552111709767,90.0,58.01477016804012,25.32828994447456,16.656939887485343,True,3758.60546875,3990.0,3643.0,WIN,6.156393193536084,1,3990.0,VALIDATION,55,False,75,UP55_NIKKEIOFF_TESTA75
2026-02-06,8591.T,,7,73.81765721094027,90.0,57.65749204489208,25.157988513070826,17.18451944203713,True,4783.494140625,5045.0,4653.0,WIN,5.466837664837868,2,5045.0,VALIDATION,55,False,75,UP55_NIKKEIOFF_TESTA75
2026-02-06,9147.T,,8,73.81227313164455,90.0,57.54981045897776,25.647655020360023,16.80253452066225,True,3639.56787109375,3817.0,3551.0,LOSS,-2.4334721656704232,5,3551.0,VALIDATION,55,False,75,UP55_NIKKEIOFF_TESTA75
2026-02-06,5108.T,,9,73.81000733870017,90.0,57.50449460009034,23.164113486853218,19.331391913056464,True,3675.18212890625,3876.0,3575.0,LOSS,-2.7259092309546205,5,3575.0,VALIDATION,55,False,75,UP55_NIKKEIOFF_TESTA75
2026-02-06,4021.T,,10,73.79124498570202,90.0,57.129247540127395,25.258744136194935,17.612008323677706,True,5550.2099609375,5899.0,5376.0,WIN,6.28426746947038,2,5899.0,VALIDATION,55,False,75,UP55_NIKKEIOFF_TESTA75
2024-04-19,9843.T,,1,35.110212736917234,20.0,61.334689520953376,31.46489864200841,7.2004118370382315,True,4144.73291015625,4478.0,3978.0,HOLD,2.6340494978272146,5,4253.9072265625,VALIDATION,60,True,,UP60_NIKKEION_BASE
2024-04-19,3092.T,,2,35.04944769651378,20.0,60.11938871288426,32.32484402735013,7.555767259765611,True,1027.7498779296875,1127.0,978.0,HOLD,2.59506490245598,5,1054.420654296875,VALIDATION,60,True,,UP60_NIKKEION_BASE
2024-07-26,6841.T,,1,53.929354043120625,55.0,61.84795042763,29.254178226708476,8.897871345661475,True,3567.303466796875,3819.0,3442.0,LOSS,-3.51255417328951,5,3442.0,VALIDATION,60,True,,UP60_NIKKEION_BASE
2024-07-26,4901.T,,2,48.582666813112496,30.0,66.87072756659781,27.235192453113257,5.894079980288894,True,3224.876708984375,3465.0,3105.0,LOSS,-3.7172493649262117,5,3105.0,VALIDATION,60,True,,UP60_NIKKEION_BASE
2024-07-26,6178.T,,3,46.54438517952334,45.0,65.0181383730754,27.83368602366785,7.148175603256712,True,1401.441650390625,1480.0,1362.0,WIN,5.605538381671357,3,1480.0,VALIDATION,60,True,,UP60_NIKKEION_BASE
2024-07-26,6503.T,,4,46.48897041101909,45.0,63.90984300299043,28.31609151584956,7.774065481159985,True,2360.460693359375,2591.0,2245.0,LOSS,-4.89144740618633,4,2245.0,VALIDATION,60,True,,UP60_NIKKEION_BASE
2024-07-26,8604.T,,5,46.42050446649236,45.0,62.540524112455806,29.58362190205776,7.87585398548641,True,790.8228759765625,857.0,758.0,LOSS,-4.150471233654003,5,758.0,VALIDATION,60,True,,UP60_NIKKEION_BASE
2024-07-26,8630.T,,6,43.13793138457157,55.0,63.41080160447494,28.49846441375721,8.09073398176781,True,2967.107666015625,3200.0,2851.0,WIN,7.849136607068729,3,3200.0,VALIDATION,60,True,,UP60_NIKKEION_BASE
2024-07-26,8001.T,,7,43.10506210415978,55.0,62.75341599623897,28.82324896607536,8.42333503768566,True,1409.0035400390625,1503.0,1362.0,LOSS,-3.3359419407675435,5,1362.0,VALIDATION,60,True,,UP60_NIKKEION_BASE
2024-07-26,7974.T,,8,42.59425578504338,30.0,60.145985266085056,30.981489379486753,8.872525354428152,True,7965.31005859375,8457.0,7720.0,LOSS,-3.0797301899012166,5,7720.0,VALIDATION,60,True,,UP60_NIKKEION_BASE
2024-07-26,8697.T,,9,41.92144344620397,35.0,62.55930370668813,30.089520777274377,7.351175516037475,True,1666.7005615234375,1797.0,1602.0,LOSS,-3.881954744426218,2,1602.0,VALIDATION,60,True,,UP60_NIKKEION_BASE
2024-07-26,7272.T,,10,39.83216153580398,30.0,65.77366549868826,28.46680583270697,5.759528668604727,True,1267.18701171875,1366.0,1218.0,LOSS,-3.881590583226951,5,1218.0,VALIDATION,60,True,,UP60_NIKKEION_BASE
2024-08-02,8591.T,,1,55.14877273546914,45.0,63.19284601373061,29.164124701842166,7.643029284427219,True,2905.513916015625,3173.0,2772.0,LOSS,-4.595191070318969,1,2772.0,VALIDATION,60,True,,UP60_NIKKEION_BASE
2024-08-02,7532.T,,2,55.1005584117165,45.0,62.22855953867775,29.937952412319618,7.833488049002621,True,693.0521850585938,757.0,661.0,LOSS,-4.624786668248353,1,661.0,VALIDATION,60,True,,UP60_NIKKEION_BASE
2024-08-02,7731.T,,3,55.03200206478225,45.0,60.85743259999281,31.93335587762862,7.209211522378562,True,1455.6253662109375,1593.0,1387.0,LOSS,-4.7144937017395225,1,1387.0,VALIDATION,60,True,,UP60_NIKKEION_BASE
2024-08-02,6479.T,,4,55.001137910234604,45.0,60.24014950903985,30.675222372156707,9.084628118803446,True,3042.86962890625,3393.0,2868.0,LOSS,-5.746865631213597,1,2868.0,VALIDATION,60,True,,UP60_NIKKEION_BASE
2024-08-02,6103.T,,5,54.99437353163188,45.0,60.10486193698546,31.85394743631516,8.041190626699365,True,3067.743408203125,3418.0,2893.0,LOSS,-5.696154630659863,1,2893.0,VALIDATION,60,True,,UP60_NIKKEION_BASE
2024-08-02,6758.T,,6,51.58140819322469,45.0,61.41077256014591,31.41985711774155,7.169370322112502,True,2400.04736328125,2640.0,2280.0,LOSS,-5.0018747595516615,1,2280.0,VALIDATION,60,True,,UP60_NIKKEION_BASE
2024-08-02,8001.T,,7,48.47712962759116,30.0,64.759983856171,28.00704058527408,7.232975558554898,True,1298.1236572265625,1419.0,1238.0,LOSS,-4.631581659563659,1,1238.0,VALIDATION,60,True,,UP60_NIKKEION_BASE
2024-08-02,6472.T,,8,48.47144737287198,30.0,64.64633876178732,27.64354173057798,7.710119507634662,True,251.25759887695312,275.0,239.0,LOSS,-4.878498772471342,1,239.0,VALIDATION,60,True,,UP60_NIKKEION_BASE
2024-08-02,7912.T,,9,48.36077484393075,30.0,62.432888182962785,31.59251215503097,5.9745996620062165,True,2289.52197265625,2450.0,2209.0,LOSS,-3.5169775008898596,1,2209.0,VALIDATION,60,True,,UP60_NIKKEION_BASE
2024-08-02,8331.T,,10,48.33748020501989,30.0,61.966995404745596,31.832024391445124,6.200980203809297,True,1177.712646484375,1300.0,1117.0,LOSS,-5.155132422633834,1,1117.0,VALIDATION,60,True,,UP60_NIKKEION_BASE
2024-08-05,8252.T,,1,55.01926766225733,45.0,60.6027445494944,33.66620633844937,5.731049112056206,True,1839.8968505859375,1995.0,1763.0,WIN,8.429991570705067,1,1995.0,VALIDATION,60,True,,UP60_NIKKEION_BASE
2024-08-05,6724.T,,2,51.51341130423587,45.0,60.050834780369556,33.6419946243997,6.307170595230728,True,2000.5855712890625,2254.0,1874.0,WIN,12.667012716064516,1,2254.0,VALIDATION,60,True,,UP60_NIKKEION_BASE
2024-08-05,1808.T,,3,43.85969676379164,25.0,60.88958744974582,33.76530519990734,5.345107350346851,True,1442.069091796875,1564.0,1381.0,WIN,8.455275055593507,1,1564.0,VALIDATION,60,True,,UP60_NIKKEION_BASE
2024-08-05,9147.T,,4,27.134875614533005,10.0,61.39316446457317,33.366438494897984,5.240397040528825,True,2018.2305908203125,2181.0,1937.0,WIN,8.064956002551208,1,2181.0,VALIDATION,60,True,,UP60_NIKKEION_BASE
2024-08-05,4324.T,,5,27.124948486276192,10.0,61.194621899436875,33.53050125288528,5.274876847677825,True,3493.122314453125,3779.0,3350.0,WIN,8.184015897869621,1,3779.0,VALIDATION,60,True,,UP60_NIKKEION_BASE
2024-08-05,6471.T,,6,27.124347205119182,10.0,61.182596276296685,34.338421291793004,4.478982431910297,True,615.2288208007812,679.0,584.0,HOLD,5.690339069529298,5,650.2374267578125,VALIDATION,60,True,,UP60_NIKKEION_BASE
2024-08-05,4043.T,,7,27.11047158049989,10.0,60.90508378391083,33.051373762216144,6.043542453872984,True,2298.21923828125,2588.0,2153.0,HOLD,10.495675043920937,5,2539.432861328125,VALIDATION,60,True,,UP60_NIKKEION_BASE
2024-08-05,9532.T,,8,26.116971317313382,0.0,61.4698611288763,32.91289440598648,5.617244465137225,True,2893.568359375,3185.0,2748.0,WIN,10.071704014898343,1,3185.0,VALIDATION,60,True,,UP60_NIKKEION_BASE
2024-08-05,5214.T,,9,22.601353516843226,0.0,60.72272251077756,34.56585012824555,4.711427360976855,True,2795.342041015625,3099.0,2643.0,WIN,10.862998321094462,1,3099.0,VALIDATION,60,True,,UP60_NIKKEION_BASE
2024-08-05,9022.T,,10,22.57496452918586,0.0,60.194942757630244,33.53870420183337,6.266353040536374,True,2936.652099609375,3210.0,2800.0,WIN,9.308147207052036,1,3210.0,VALIDATION,60,True,,UP60_NIKKEION_BASE
2024-08-08,9984.T,ソフトバンクG,1,40.289531759480724,20.0,60.57324388526658,36.22374130247144,3.203014812262022,True,1793.1402587890625,2201.0,1589.0,HOLD,16.793362290712253,5,2094.268798828125,VALIDATION,60,True,,UP60_NIKKEION_BASE
2024-08-08,7733.T,,2,37.458414385871365,30.0,61.77698336960113,32.26662298556333,5.95639364483554,True,2289.33837890625,2595.0,2137.0,HOLD,7.865178364808849,5,2469.39892578125,VALIDATION,60,True,,UP60_NIKKEION_BASE
2024-08-08,2802.T,,3,35.128934987061584,20.0,61.709134523840426,32.41768099581191,5.873184480347695,True,2484.46240234375,2801.0,2326.0,HOLD,7.698314072677082,5,2675.72412109375,VALIDATION,60,True,,UP60_NIKKEION_BASE
2024-08-08,6976.T,,4,33.93798510973421,30.0,60.93361523816245,34.40196104601943,4.6644237158181365,True,3352.2861328125,4176.0,2940.0,HOLD,8.4408348896698,5,3635.2470703125,VALIDATION,60,True,,UP60_NIKKEION_BASE
2024-08-08,9432.T,,5,31.707651640380934,20.0,62.848684981531754,32.46148688044289,4.689828138025373,True,133.68551635742188,144.0,128.0,HOLD,3.8514525498406957,5,138.8343505859375,VALIDATION,60,True,,UP60_NIKKEION_BASE
2024-08-08,8001.T,,6,31.659434177542174,20.0,61.884335724756504,33.97882129885581,4.136842976387709,True,1196.67236328125,1378.0,1106.0,HOLD,12.937283360229475,5,1351.4892578125,VALIDATION,60,True,,UP60_NIKKEION_BASE
2024-08-08,6981.T,,7,31.646463246911146,20.0,61.62491711213595,34.52061747402805,3.854465413836023,True,2674.391845703125,3151.0,2436.0,HOLD,10.14287619602478,5,2945.652099609375,VALIDATION,60,True,,UP60_NIKKEION_BASE
2024-08-08,6971.T,,8,31.589436070792974,20.0,60.484373589772545,34.66346748062467,4.852158929602807,True,1514.235107421875,1720.0,1411.0,HOLD,4.944023248123642,5,1589.0992431640625,VALIDATION,60,True,,UP60_NIKKEION_BASE
2024-08-08,8795.T,,9,31.569572408343497,20.0,60.087100340782996,35.67145308130695,4.241446577910075,True,1998.7674560546875,2364.0,1816.0,HOLD,13.364174687000405,5,2265.88623046875,VALIDATION,60,True,,UP60_NIKKEION_BASE
2024-08-08,7912.T,,10,24.381254936090357,20.0,64.14683785224193,31.52716596233519,4.325996185422898,True,2212.449951171875,2466.0,2086.0,HOLD,7.968665428188205,5,2388.752685546875,VALIDATION,60,True,,UP60_NIKKEION_BASE
2024-07-26,6841.T,,1,53.929354043120625,55.0,61.84795042763,29.254178226708476,8.897871345661475,True,3567.303466796875,3819.0,3442.0,LOSS,-3.51255417328951,5,3442.0,VALIDATION,60,True,55,UP60_NIKKEION_TESTA55
2024-07-26,8630.T,,2,43.13793138457157,55.0,63.41080160447494,28.49846441375721,8.09073398176781,True,2967.107666015625,3200.0,2851.0,WIN,7.849136607068729,3,3200.0,VALIDATION,60,True,55,UP60_NIKKEION_TESTA55
2024-07-26,8001.T,,3,43.10506210415978,55.0,62.75341599623897,28.82324896607536,8.42333503768566,True,1409.0035400390625,1503.0,1362.0,LOSS,-3.3359419407675435,5,1362.0,VALIDATION,60,True,55,UP60_NIKKEION_TESTA55
2020-03-02,5714.T,,1,30.55985622245865,10.0,60.32755923178167,25.864704153282254,13.807736614936092,False,2869.47021484375,3124.0,2742.0,LOSS,-4.4422909213117965,1,2742.0,DEV,60,False,,UP60_NIKKEIOFF_BASE
2020-03-02,6504.T,,2,27.171755960300768,10.0,62.130771379928376,24.652431759164543,13.216796860907106,False,2571.583984375,2844.0,2436.0,LOSS,-5.272391848713136,4,2436.0,DEV,60,False,,UP60_NIKKEIOFF_BASE
2020-03-02,4506.T,,3,27.118432521888977,10.0,61.06430261169261,26.912311893545994,12.023385494761452,False,1472.483642578125,1620.0,1399.0,LOSS,-4.990455612088486,4,1399.0,DEV,60,False,,UP60_NIKKEIOFF_BASE
2020-03-02,6753.T,,4,27.092801455694143,10.0,60.551681287795944,26.589503050953038,12.85881566125103,False,1206.644287109375,1364.0,1128.0,LOSS,-6.517603236474477,5,1128.0,DEV,60,False,,UP60_NIKKEIOFF_BASE
2020-03-02,5332.T,,5,26.101031998146322,0.0,61.15107474553512,25.21395149823652,13.634973756228378,False,3561.0791015625,3884.0,3400.0,LOSS,-4.523322761682634,2,3400.0,DEV,60,False,,UP60_NIKKEIOFF_BASE
2020-03-02,2503.T,,6,26.08492502063455,0.0,60.82893519529971,24.760878959005606,14.410185845694693,False,1721.1329345703125,1874.0,1645.0,LOSS,-4.42341977433134,5,1645.0,DEV,60,False,,UP60_NIKKEIOFF_BASE
2020-03-02,9022.T,,7,22.698743929935624,0.0,62.67053077262549,24.852652249758492,12.47681697761603,False,3461.75244140625,3748.0,3318.0,LOSS,-4.152591609001774,2,3318.0,DEV,60,False,,UP60_NIKKEIOFF_BASE
2020-03-02,9983.T,,8,22.677202596619985,0.0,62.23970410631274,24.76726479808326,12.993031095604014,False,17094.58203125,18583.0,16350.0,LOSS,-4.355660933322944,5,16350.0,DEV,60,False,,UP60_NIKKEIOFF_BASE
2020-03-02,8354.T,,9,22.65663806127164,0.0,61.82841339934582,25.38399025147655,12.787596349177676,False,1280.173583984375,1392.0,1224.0,LOSS,-4.3879661857684935,4,1224.0,DEV,60,False,,UP60_NIKKEIOFF_BASE
2020-03-02,9008.T,,10,22.626827628982895,0.0,61.23220475357094,25.364382944683967,13.403412301745144,False,955.3428955078125,1033.0,917.0,LOSS,-4.013521813801875,5,917.0,DEV,60,False,,UP60_NIKKEIOFF_BASE
2020-03-04,4063.T,,1,43.9112677877513,20.0,63.44274705937386,24.311624437339955,12.245628503286198,False,2042.5911865234375,2247.0,1940.0,LOSS,-5.022600077798796,3,1940.0,DEV,60,False,,UP60_NIKKEIOFF_BASE
2020-03-04,8304.T,,2,43.903450855822555,20.0,63.28640842079899,23.138330913709268,13.575260665491756,False,1935.6949462890625,2092.0,1857.0,LOSS,-4.065462196919471,3,1857.0,DEV,60,False,,UP60_NIKKEIOFF_BASE
2020-03-04,4307.T,,3,35.41049543869778,20.0,67.34034355656426,23.105220460975758,9.554435982460005,False,2087.195068359375,2312.0,1975.0,LOSS,-5.375399264792493,3,1975.0,DEV,60,False,,UP60_NIKKEIOFF_BASE
2020-03-04,8804.T,,4,35.40522844240385,20.0,67.23500363068567,21.750795596850374,11.014200772463974,False,1199.56640625,1318.0,1140.0,LOSS,-4.965661420630501,2,1140.0,DEV,60,False,,UP60_NIKKEIOFF_BASE
2020-03-04,8802.T,,5,35.33505604927835,20.0,65.8315557681756,24.12445673619334,10.043987495631079,False,1676.138671875,1842.0,1593.0,LOSS,-4.960130881175694,3,1593.0,DEV,60,False,,UP60_NIKKEIOFF_BASE
2020-03-04,6098.T,,6,35.30608387529256,20.0,65.25211228845973,25.93802491963097,8.809862791909309,False,3669.051025390625,4039.0,3484.0,LOSS,-5.0435664184017055,3,3484.0,DEV,60,False,,UP60_NIKKEIOFF_BASE
2020-03-04,4568.T,,7,35.25858596412613,20.0,64.3021540651312,24.05310598374571,11.644739951123082,False,2029.767578125,2247.0,1921.0,LOSS,-5.358622302237883,3,1921.0,DEV,60,False,,UP60_NIKKEIOFF_BASE
2020-03-04,8801.T,,8,35.222195737739106,20.0,63.57434953739076,26.107409808821092,10.31824065378818,False,712.100341796875,777.0,679.0,LOSS,-4.648269331447224,2,679.0,DEV,60,False,,UP60_NIKKEIOFF_BASE
2020-03-04,6758.T,,9,35.21928315065561,20.0,63.516097795720995,26.142822599819432,10.341079604459626,False,1301.0179443359375,1419.0,1242.0,LOSS,-4.536289802371734,3,1242.0,DEV,60,False,,UP60_NIKKEIOFF_BASE
2020-03-04,6752.T,,10,35.110369003972636,20.0,61.33781486206136,25.60199316544344,13.0601919724952,False,865.669921875,956.0,821.0,LOSS,-5.160156399825821,2,821.0,DEV,60,False,,UP60_NIKKEIOFF_BASE
2020-03-06,7269.T,スズキ,1,45.163531095198294,30.0,68.05323059961803,26.228332617972995,5.718436782409006,False,850.0111083984375,945.0,803.0,LOSS,-5.530646356729886,1,803.0,DEV,60,False,,UP60_NIKKEIOFF_BASE
2020-03-06,7733.T,,2,43.14059629766764,55.0,63.464099866396296,26.831282296443614,9.704617837160075,False,1840.1376953125,2022.0,1749.0,LOSS,-4.952764977569932,1,1749.0,DEV,60,False,,UP60_NIKKEIOFF_BASE
2020-03-06,4385.T,,3,41.048580374904034,65.0,62.05856401981975,28.41161347224887,9.529822507931376,False,2301.0,2659.0,2122.0,LOSS,-7.77922642329422,2,2122.0,DEV,60,False,,UP60_NIKKEIOFF_BASE
2020-03-06,8591.T,,4,40.13806415324986,30.0,71.89171784760589,20.61834849795286,7.489933654441305,False,1283.521484375,1387.0,1232.0,LOSS,-4.014072612122107,1,1232.0,DEV,60,False,,UP60_NIKKEIOFF_BASE
2020-03-06,6098.T,,5,40.10787194363885,30.0,71.28787365538564,23.718557742336497,4.9935686022778665,False,3652.54150390625,4036.0,3461.0,LOSS,-5.244060983329111,1,3461.0,DEV,60,False,,UP60_NIKKEIOFF_BASE
2020-03-06,4568.T,,6,40.09073359376873,30.0,70.94510665798333,23.149888375732928,5.905004966283743,False,2017.0662841796875,2231.0,1910.0,LOSS,-5.308020119092411,1,1910.0,DEV,60,False,,UP60_NIKKEIOFF_BASE
2020-03-06,4519.T,,7,38.62926096992703,45.0,63.23739331158416,24.61756723954636,12.14503944886946,False,3323.765869140625,3588.0,3192.0,LOSS,-3.964354720770199,1,3192.0,DEV,60,False,,UP60_NIKKEIOFF_BASE
2020-03-06,4021.T,,8,36.71317303946968,30.0,72.95911296330662,20.736017173879457,6.3048698628139555,False,3679.358154296875,4026.0,3506.0,LOSS,-4.711641189222682,1,3506.0,DEV,60,False,,UP60_NIKKEIOFF_BASE
2020-03-06,6701.T,,9,36.62991471809133,30.0,71.2939465357396,22.97641114624787,5.729642318012537,False,740.9769287109375,826.0,698.0,LOSS,-5.800036012687141,1,698.0,DEV,60,False,,UP60_NIKKEIOFF_BASE
2020-03-06,9433.T,,10,36.37335083901267,40.0,63.119190693296986,27.613473023247497,9.267336283455496,False,1281.9014892578125,1376.0,1235.0,LOSS,-3.6587436437855483,3,1235.0,DEV,60,False,,UP60_NIKKEIOFF_BASE
2020-03-09,6702.T,,1,41.84095143308021,35.0,60.94946344421282,23.446366662464794,15.604169893322412,False,967.6693725585938,1078.0,913.0,LOSS,-5.6495921136827585,3,913.0,DEV,60,False,,UP60_NIKKEIOFF_BASE
2020-03-09,1721.T,,2,41.562366144651,10.0,62.986453327802664,22.720623944522497,14.29292272767487,False,2186.925537109375,2352.0,2104.0,LOSS,-3.791877487469645,1,2104.0,DEV,60,False,,UP60_NIKKEIOFF_BASE
2020-03-09,8035.T,,3,39.83454937443359,30.0,65.82142227128061,22.39154570117532,11.787032027544072,False,1162.46142578125,1301.0,1093.0,LOSS,-5.975374686912074,3,1093.0,DEV,60,False,,UP60_NIKKEIOFF_BASE
2020-03-09,4021.T,,4,36.56764435900637,30.0,70.04853935404049,19.427913530178703,10.52354711578082,False,3516.295166015625,3899.0,3325.0,LOSS,-5.440247675009173,1,3325.0,DEV,60,False,,UP60_NIKKEIOFF_BASE
2020-03-09,6976.T,,5,36.30308710945556,30.0,64.75739436302418,24.467804491321687,10.774801145654125,False,2507.2958984375,2916.0,2303.0,LOSS,-8.14805697902722,3,2303.0,DEV,60,False,,UP60_NIKKEIOFF_BASE
2020-03-09,4689.T,,6,36.10152675032677,30.0,60.7261871804484,25.992649904675037,13.28116291487658,False,331.1552734375,380.0,307.0,LOSS,-7.294243931784738,3,307.0,DEV,60,False,,UP60_NIKKEIOFF_BASE
2020-03-09,4568.T,,7,31.66898955294247,20.0,62.07544323276246,27.214337823618045,10.710218943619507,False,1891.567138671875,2124.0,1775.0,LOSS,-6.162463720622691,3,1775.0,DEV,60,False,,UP60_NIKKEIOFF_BASE
2020-03-09,4307.T,,8,31.603245717450232,20.0,60.76056652291768,26.58953413084037,12.649899346241957,False,1964.6885986328125,2200.0,1847.0,LOSS,-5.99019095009304,4,1847.0,DEV,60,False,,UP60_NIKKEIOFF_BASE
2020-03-09,2802.T,,9,31.03494632617145,35.0,62.22066565386382,22.589441119960046,15.189893226176169,False,808.4888305664062,874.0,776.0,LOSS,-4.01846374842871,1,776.0,DEV,60,False,,UP60_NIKKEIOFF_BASE
2020-03-09,9735.T,,10,30.93371698148018,10.0,67.80477441221228,18.71926962456998,13.475955963217753,False,3709.697509765625,4008.0,3561.0,LOSS,-4.008345946648884,3,3561.0,DEV,60,False,,UP60_NIKKEIOFF_BASE
2020-03-10,2801.T,,1,48.42564253257481,30.0,63.73024195584408,26.214320717443645,10.055437326712244,False,868.7654418945312,981.0,813.0,LOSS,-6.418929575849912,2,813.0,DEV,60,False,,UP60_NIKKEIOFF_BASE
2020-03-10,2802.T,,2,46.53944440545895,45.0,64.91932289178777,26.01569159157085,9.064985516641373,False,793.5,863.0,759.0,LOSS,-4.3478260869565215,3,759.0,DEV,60,False,,UP60_NIKKEIOFF_BASE
2020-03-10,6702.T,,3,42.088152959060224,35.0,65.89349396381323,24.90280579299809,9.203700243188653,False,971.7734985351562,1087.0,914.0,LOSS,-5.945160947715036,2,914.0,DEV,60,False,,UP60_NIKKEIOFF_BASE
2020-03-10,8001.T,,4,39.80327649893695,30.0,65.19596476134772,25.042917597321807,9.761117641330472,False,374.5838317871094,410.0,357.0,LOSS,-4.6942313829239035,2,357.0,DEV,60,False,,UP60_NIKKEIOFF_BASE
2020-03-10,4519.T,,5,38.51901176438721,45.0,61.032409200787605,27.104321790271303,11.863269008941087,False,3298.785888671875,3582.0,3157.0,LOSS,-4.298123414398364,2,3157.0,DEV,60,False,,UP60_NIKKEIOFF_BASE
2020-03-10,4523.T,,6,37.587101987285216,30.0,64.35073539787821,24.988114508991128,10.661150093130628,False,6625.5419921875,7348.0,6264.0,LOSS,-5.456791197064509,2,6264.0,DEV,60,False,,UP60_NIKKEIOFF_BASE
2020-03-10,4151.T,,7,35.409948941936904,20.0,67.32941362134677,23.270565663343902,9.400020715309275,False,2126.146728515625,2351.0,2014.0,LOSS,-5.274646712361218,2,2014.0,DEV,60,False,,UP60_NIKKEIOFF_BASE
2020-03-10,4063.T,,8,35.20479217219355,20.0,63.22627822647975,25.62086963365664,11.152852139863592,False,1965.8746337890625,2199.0,1849.0,LOSS,-5.94517228007547,2,1849.0,DEV,60,False,,UP60_NIKKEIOFF_BASE
2020-03-10,4021.T,,9,31.884893809427027,20.0,66.39352836245354,22.41049387894824,11.195977758598218,False,3524.65673828125,3931.0,3321.0,LOSS,-5.7780587842593825,2,3321.0,DEV,60,False,,UP60_NIKKEIOFF_BASE
2020-03-10,4307.T,,10,31.80942728945616,20.0,64.8841979630362,25.73921702210018,9.376585014863597,False,1996.686767578125,2248.0,1871.0,LOSS,-6.294766390953568,2,1871.0,DEV,60,False,,UP60_NIKKEIOFF_BASE
2020-03-12,2802.T,,1,39.862696253539156,30.0,66.3843598533917,24.426252584717613,9.189387561890646,False,790.5476684570312,861.0,755.0,LOSS,-4.496587603175428,1,755.0,DEV,60,False,,UP60_NIKKEIOFF_BASE
2020-03-12,4151.T,,2,39.59882900161118,30.0,61.10701481483218,28.694575954438633,10.198409230729172,False,1996.010498046875,2223.0,1882.0,LOSS,-5.711918757864045,1,1882.0,DEV,60,False,,UP60_NIKKEIOFF_BASE
2020-03-12,3659.T,,3,35.4889842845397,45.0,61.30142482122868,26.903318203150654,11.795256975620655,False,1337.370361328125,1483.0,1264.0,LOSS,-5.486166244574305,1,1264.0,DEV,60,False,,UP60_NIKKEIOFF_BASE
2020-03-12,9433.T,,4,35.22907764740814,20.0,63.711987730771426,24.84433184579848,11.443680423430044,False,1216.1527099609375,1329.0,1160.0,LOSS,-4.617241691854726,1,1160.0,DEV,60,False,,UP60_NIKKEIOFF_BASE
2020-03-12,4523.T,,5,31.66127105804634,20.0,61.92107333483978,28.393924047919008,9.6850026172412,False,6183.7275390625,6935.0,5808.0,LOSS,-6.076068790046709,1,5808.0,DEV,60,False,,UP60_NIKKEIOFF_BASE
2020-03-12,4911.T,,6,27.287874207641533,10.0,64.45313632674372,26.428249941150273,9.118613732105993,False,5709.5810546875,6382.0,5374.0,LOSS,-5.877507499643811,1,5374.0,DEV,60,False,,UP60_NIKKEIOFF_BASE
2020-03-12,4661.T,,7,27.27112942277697,10.0,64.1182406294524,28.734879042630567,7.1468803279170405,False,2364.126220703125,2699.0,2197.0,WIN,14.164801200727714,4,2699.0,DEV,60,False,,UP60_NIKKEIOFF_BASE
2020-03-12,9501.T,東京電力HD,8,27.215766358220023,10.0,63.01097933831347,30.140092600901074,6.848928060785496,False,367.0,406.0,348.0,LOSS,-5.177111716621254,1,348.0,DEV,60,False,,UP60_NIKKEIOFF_BASE
2020-03-12,4503.T,,9,27.205869679248284,10.0,62.813045758878715,27.550274086562855,9.636680154558425,False,1233.3826904296875,1365.0,1167.0,LOSS,-5.382164914813342,1,1167.0,DEV,60,False,,UP60_NIKKEIOFF_BASE
2020-03-12,4543.T,,10,27.111242222506533,10.0,60.920496624043665,26.624324093811747,12.455179282144613,False,1510.684814453125,1674.0,1429.0,LOSS,-5.4071381185290655,1,1429.0,DEV,60,False,,UP60_NIKKEIOFF_BASE
2020-03-13,2802.T,,1,48.251482260221735,30.0,60.2470365087825,26.957528768917715,12.795434722299765,False,767.1559448242188,845.0,728.0,HOLD,2.0722355003941018,5,783.05322265625,DEV,60,False,,UP60_NIKKEIOFF_BASE
2020-03-13,6861.T,,2,27.25320831914514,10.0,63.75981855681585,26.43895970174991,9.801221741434206,False,30057.7578125,33971.0,28101.0,LOSS,-6.509992610580722,2,28101.0,DEV,60,False,,UP60_NIKKEIOFF_BASE
2020-03-13,8697.T,,3,26.06397260792484,0.0,60.40988694110546,28.41124683746453,11.178866221430003,False,688.5745849609375,764.0,651.0,WIN,10.953848237564758,3,764.0,DEV,60,False,,UP60_NIKKEIOFF_BASE
2020-03-13,9531.T,,4,22.684280901568034,0.0,62.38127020527371,24.451628360328495,13.167101434397773,False,1866.40380859375,2040.0,1780.0,LOSS,-4.629427361641065,2,1780.0,DEV,60,False,,UP60_NIKKEIOFF_BASE
2020-03-13,4661.T,,5,16.32943836939286,10.0,62.67572390959635,27.99308397180319,9.331192118600425,False,2381.753662109375,2755.0,2195.0,WIN,15.671072278736975,3,2755.0,DEV,60,False,,UP60_NIKKEIOFF_BASE
2020-03-17,3659.T,,1,48.27221754814527,30.0,60.661742267253224,32.30034392888378,7.037913803862965,False,1239.3131103515625,1414.0,1152.0,LOSS,-7.045282553881313,2,1152.0,DEV,60,False,,UP60_NIKKEIOFF_BASE
2020-03-17,7741.T,,2,27.141759796332117,10.0,61.53084810055541,29.24745634049562,9.221695558948923,False,8079.35498046875,9306.0,7466.0,HOLD,5.276088583949289,5,8505.62890625,DEV,60,False,,UP60_NIKKEIOFF_BASE
2020-03-17,4543.T,,3,27.09666786411243,10.0,60.62900945616164,28.790273114904846,10.580717428933498,False,1411.2791748046875,1617.0,1309.0,WIN,14.576905042461426,5,1617.0,DEV,60,False,,UP60_NIKKEIOFF_BASE
2020-03-17,6861.T,,4,27.095052294590488,10.0,60.59669806572278,29.596326579643033,9.806975354634135,False,29452.18359375,33770.0,27293.0,HOLD,13.130326844664397,5,33319.3515625,DEV,60,False,,UP60_NIKKEIOFF_BASE
2020-03-17,4452.T,,5,22.575053625490384,0.0,60.19672468372074,30.699954648401118,9.10332066787814,False,3122.49560546875,3457.0,2955.0,WIN,10.71272587046713,2,3457.0,DEV,60,False,,UP60_NIKKEIOFF_BASE
2020-03-17,4901.T,,6,18.42590699973848,10.0,61.12683564694355,29.736940552707058,9.136223800349358,False,1332.3790283203125,1523.0,1237.0,WIN,14.3068126732674,1,1523.0,DEV,60,False,,UP60_NIKKEIOFF_BASE
2020-03-19,2802.T,,1,37.42368505597841,30.0,61.08239677174213,28.823623014469018,10.093980213788797,False,791.22900390625,882.0,746.0,WIN,11.47215226509886,5,882.0,DEV,60,False,,UP60_NIKKEIOFF_BASE
2020-03-19,7532.T,,2,37.38152628471478,30.0,60.2392213464695,31.52964074116979,8.231137912360705,False,336.644287109375,386.0,312.0,HOLD,14.285714285714285,5,384.736328125,DEV,60,False,,UP60_NIKKEIOFF_BASE
2020-03-19,3659.T,,3,32.947339266708696,20.0,61.55548098634777,30.232259984589017,8.212259029063192,False,1222.832763671875,1451.0,1109.0,WIN,18.65890766967948,5,1451.0,DEV,60,False,,UP60_NIKKEIOFF_BASE
2020-03-19,7832.T,,4,27.141404228008447,10.0,61.52373673408197,31.124065735833245,7.352197530084776,False,1404.3028564453125,1646.0,1283.0,HOLD,16.743226667410752,5,1639.428466796875,DEV,60,False,,UP60_NIKKEIOFF_BASE
2020-03-19,6861.T,,5,20.708880401894092,20.0,60.26456455962095,27.436324678809083,12.299110761569947,False,30445.494140625,35128.0,28104.0,HOLD,11.308176054633496,5,33888.32421875,DEV,60,False,,UP60_NIKKEIOFF_BASE
2020-03-19,7203.T,トヨタ自動車,6,19.77620720650829,10.0,62.04588326060059,26.956575740731136,10.997540998668248,False,1040.5313720703125,1181.0,970.0,HOLD,9.91401605319923,5,1143.6898193359375,DEV,60,False,,UP60_NIKKEIOFF_BASE
2020-03-19,9433.T,,7,19.6850032828565,10.0,60.22180478756473,31.39644536122632,8.381749851208905,False,1167.5384521484375,1331.0,1086.0,HOLD,13.8907990245152,5,1329.7188720703125,DEV,60,False,,UP60_NIKKEIOFF_BASE
2020-03-19,9735.T,,8,13.915749172980172,0.0,60.92367911177734,29.89525446939334,9.181066418829285,False,3417.437255859375,3855.0,3198.0,WIN,12.803826709339017,3,3855.0,DEV,60,False,,UP60_NIKKEIOFF_BASE
2024-04-19,9843.T,,1,35.110212736917234,20.0,61.334689520953376,31.46489864200841,7.2004118370382315,True,4144.73291015625,4478.0,3978.0,HOLD,2.6340494978272146,5,4253.9072265625,VALIDATION,60,False,,UP60_NIKKEIOFF_BASE
2024-04-19,3092.T,,2,35.04944769651378,20.0,60.11938871288426,32.32484402735013,7.555767259765611,True,1027.7498779296875,1127.0,978.0,HOLD,2.59506490245598,5,1054.420654296875,VALIDATION,60,False,,UP60_NIKKEIOFF_BASE
2024-07-26,6841.T,,1,53.929354043120625,55.0,61.84795042763,29.254178226708476,8.897871345661475,True,3567.303466796875,3819.0,3442.0,LOSS,-3.51255417328951,5,3442.0,VALIDATION,60,False,,UP60_NIKKEIOFF_BASE
2024-07-26,4901.T,,2,48.582666813112496,30.0,66.87072756659781,27.235192453113257,5.894079980288894,True,3224.876708984375,3465.0,3105.0,LOSS,-3.7172493649262117,5,3105.0,VALIDATION,60,False,,UP60_NIKKEIOFF_BASE
2024-07-26,6178.T,,3,46.54438517952334,45.0,65.0181383730754,27.83368602366785,7.148175603256712,True,1401.441650390625,1480.0,1362.0,WIN,5.605538381671357,3,1480.0,VALIDATION,60,False,,UP60_NIKKEIOFF_BASE
2024-07-26,6503.T,,4,46.48897041101909,45.0,63.90984300299043,28.31609151584956,7.774065481159985,True,2360.460693359375,2591.0,2245.0,LOSS,-4.89144740618633,4,2245.0,VALIDATION,60,False,,UP60_NIKKEIOFF_BASE
2024-07-26,8604.T,,5,46.42050446649236,45.0,62.540524112455806,29.58362190205776,7.87585398548641,True,790.8228759765625,857.0,758.0,LOSS,-4.150471233654003,5,758.0,VALIDATION,60,False,,UP60_NIKKEIOFF_BASE
2024-07-26,8630.T,,6,43.13793138457157,55.0,63.41080160447494,28.49846441375721,8.09073398176781,True,2967.107666015625,3200.0,2851.0,WIN,7.849136607068729,3,3200.0,VALIDATION,60,False,,UP60_NIKKEIOFF_BASE
2024-07-26,8001.T,,7,43.10506210415978,55.0,62.75341599623897,28.82324896607536,8.42333503768566,True,1409.0035400390625,1503.0,1362.0,LOSS,-3.3359419407675435,5,1362.0,VALIDATION,60,False,,UP60_NIKKEIOFF_BASE
2024-07-26,7974.T,,8,42.59425578504338,30.0,60.145985266085056,30.981489379486753,8.872525354428152,True,7965.31005859375,8457.0,7720.0,LOSS,-3.0797301899012166,5,7720.0,VALIDATION,60,False,,UP60_NIKKEIOFF_BASE
2024-07-26,8697.T,,9,41.92144344620397,35.0,62.55930370668813,30.089520777274377,7.351175516037475,True,1666.7005615234375,1797.0,1602.0,LOSS,-3.881954744426218,2,1602.0,VALIDATION,60,False,,UP60_NIKKEIOFF_BASE
2024-07-26,7272.T,,10,39.83216153580398,30.0,65.77366549868826,28.46680583270697,5.759528668604727,True,1267.18701171875,1366.0,1218.0,LOSS,-3.881590583226951,5,1218.0,VALIDATION,60,False,,UP60_NIKKEIOFF_BASE
2024-08-02,8591.T,,1,55.14877273546914,45.0,63.19284601373061,29.164124701842166,7.643029284427219,True,2905.513916015625,3173.0,2772.0,LOSS,-4.595191070318969,1,2772.0,VALIDATION,60,False,,UP60_NIKKEIOFF_BASE
2024-08-02,7532.T,,2,55.1005584117165,45.0,62.22855953867775,29.937952412319618,7.833488049002621,True,693.0521850585938,757.0,661.0,LOSS,-4.624786668248353,1,661.0,VALIDATION,60,False,,UP60_NIKKEIOFF_BASE
2024-08-02,7731.T,,3,55.03200206478225,45.0,60.85743259999281,31.93335587762862,7.209211522378562,True,1455.6253662109375,1593.0,1387.0,LOSS,-4.7144937017395225,1,1387.0,VALIDATION,60,False,,UP60_NIKKEIOFF_BASE
2024-08-02,6479.T,,4,55.001137910234604,45.0,60.24014950903985,30.675222372156707,9.084628118803446,True,3042.86962890625,3393.0,2868.0,LOSS,-5.746865631213597,1,2868.0,VALIDATION,60,False,,UP60_NIKKEIOFF_BASE
2024-08-02,6103.T,,5,54.99437353163188,45.0,60.10486193698546,31.85394743631516,8.041190626699365,True,3067.743408203125,3418.0,2893.0,LOSS,-5.696154630659863,1,2893.0,VALIDATION,60,False,,UP60_NIKKEIOFF_BASE
2024-08-02,6758.T,,6,51.58140819322469,45.0,61.41077256014591,31.41985711774155,7.169370322112502,True,2400.04736328125,2640.0,2280.0,LOSS,-5.0018747595516615,1,2280.0,VALIDATION,60,False,,UP60_NIKKEIOFF_BASE
2024-08-02,8001.T,,7,48.47712962759116,30.0,64.759983856171,28.00704058527408,7.232975558554898,True,1298.1236572265625,1419.0,1238.0,LOSS,-4.631581659563659,1,1238.0,VALIDATION,60,False,,UP60_NIKKEIOFF_BASE
2024-08-02,6472.T,,8,48.47144737287198,30.0,64.64633876178732,27.64354173057798,7.710119507634662,True,251.25759887695312,275.0,239.0,LOSS,-4.878498772471342,1,239.0,VALIDATION,60,False,,UP60_NIKKEIOFF_BASE
2024-08-02,7912.T,,9,48.36077484393075,30.0,62.432888182962785,31.59251215503097,5.9745996620062165,True,2289.52197265625,2450.0,2209.0,LOSS,-3.5169775008898596,1,2209.0,VALIDATION,60,False,,UP60_NIKKEIOFF_BASE
2024-08-02,8331.T,,10,48.33748020501989,30.0,61.966995404745596,31.832024391445124,6.200980203809297,True,1177.712646484375,1300.0,1117.0,LOSS,-5.155132422633834,1,1117.0,VALIDATION,60,False,,UP60_NIKKEIOFF_BASE
2024-08-05,8252.T,,1,55.01926766225733,45.0,60.6027445494944,33.66620633844937,5.731049112056206,True,1839.8968505859375,1995.0,1763.0,WIN,8.429991570705067,1,1995.0,VALIDATION,60,False,,UP60_NIKKEIOFF_BASE
2024-08-05,6724.T,,2,51.51341130423587,45.0,60.050834780369556,33.6419946243997,6.307170595230728,True,2000.5855712890625,2254.0,1874.0,WIN,12.667012716064516,1,2254.0,VALIDATION,60,False,,UP60_NIKKEIOFF_BASE
2024-08-05,1808.T,,3,43.85969676379164,25.0,60.88958744974582,33.76530519990734,5.345107350346851,True,1442.069091796875,1564.0,1381.0,WIN,8.455275055593507,1,1564.0,VALIDATION,60,False,,UP60_NIKKEIOFF_BASE
2024-08-05,9147.T,,4,27.134875614533005,10.0,61.39316446457317,33.366438494897984,5.240397040528825,True,2018.2305908203125,2181.0,1937.0,WIN,8.064956002551208,1,2181.0,VALIDATION,60,False,,UP60_NIKKEIOFF_BASE
2024-08-05,4324.T,,5,27.124948486276192,10.0,61.194621899436875,33.53050125288528,5.274876847677825,True,3493.122314453125,3779.0,3350.0,WIN,8.184015897869621,1,3779.0,VALIDATION,60,False,,UP60_NIKKEIOFF_BASE
2024-08-05,6471.T,,6,27.124347205119182,10.0,61.182596276296685,34.338421291793004,4.478982431910297,True,615.2288208007812,679.0,584.0,HOLD,5.690339069529298,5,650.2374267578125,VALIDATION,60,False,,UP60_NIKKEIOFF_BASE
2024-08-05,4043.T,,7,27.11047158049989,10.0,60.90508378391083,33.051373762216144,6.043542453872984,True,2298.21923828125,2588.0,2153.0,HOLD,10.495675043920937,5,2539.432861328125,VALIDATION,60,False,,UP60_NIKKEIOFF_BASE
2024-08-05,9532.T,,8,26.116971317313382,0.0,61.4698611288763,32.91289440598648,5.617244465137225,True,2893.568359375,3185.0,2748.0,WIN,10.071704014898343,1,3185.0,VALIDATION,60,False,,UP60_NIKKEIOFF_BASE
2024-08-05,5214.T,,9,22.601353516843226,0.0,60.72272251077756,34.56585012824555,4.711427360976855,True,2795.342041015625,3099.0,2643.0,WIN,10.862998321094462,1,3099.0,VALIDATION,60,False,,UP60_NIKKEIOFF_BASE
2024-08-05,9022.T,,10,22.57496452918586,0.0,60.194942757630244,33.53870420183337,6.266353040536374,True,2936.652099609375,3210.0,2800.0,WIN,9.308147207052036,1,3210.0,VALIDATION,60,False,,UP60_NIKKEIOFF_BASE
2024-08-08,9984.T,ソフトバンクG,1,40.289531759480724,20.0,60.57324388526658,36.22374130247144,3.203014812262022,True,1793.1402587890625,2201.0,1589.0,HOLD,16.793362290712253,5,2094.268798828125,VALIDATION,60,False,,UP60_NIKKEIOFF_BASE
2024-08-08,7733.T,,2,37.458414385871365,30.0,61.77698336960113,32.26662298556333,5.95639364483554,True,2289.33837890625,2595.0,2137.0,HOLD,7.865178364808849,5,2469.39892578125,VALIDATION,60,False,,UP60_NIKKEIOFF_BASE
2024-08-08,2802.T,,3,35.128934987061584,20.0,61.709134523840426,32.41768099581191,5.873184480347695,True,2484.46240234375,2801.0,2326.0,HOLD,7.698314072677082,5,2675.72412109375,VALIDATION,60,False,,UP60_NIKKEIOFF_BASE
2024-08-08,6976.T,,4,33.93798510973421,30.0,60.93361523816245,34.40196104601943,4.6644237158181365,True,3352.2861328125,4176.0,2940.0,HOLD,8.4408348896698,5,3635.2470703125,VALIDATION,60,False,,UP60_NIKKEIOFF_BASE
2024-08-08,9432.T,,5,31.707651640380934,20.0,62.848684981531754,32.46148688044289,4.689828138025373,True,133.68551635742188,144.0,128.0,HOLD,3.8514525498406957,5,138.8343505859375,VALIDATION,60,False,,UP60_NIKKEIOFF_BASE
2024-08-08,8001.T,,6,31.659434177542174,20.0,61.884335724756504,33.97882129885581,4.136842976387709,True,1196.67236328125,1378.0,1106.0,HOLD,12.937283360229475,5,1351.4892578125,VALIDATION,60,False,,UP60_NIKKEIOFF_BASE
2024-08-08,6981.T,,7,31.646463246911146,20.0,61.62491711213595,34.52061747402805,3.854465413836023,True,2674.391845703125,3151.0,2436.0,HOLD,10.14287619602478,5,2945.652099609375,VALIDATION,60,False,,UP60_NIKKEIOFF_BASE
2024-08-08,6971.T,,8,31.589436070792974,20.0,60.484373589772545,34.66346748062467,4.852158929602807,True,1514.235107421875,1720.0,1411.0,HOLD,4.944023248123642,5,1589.0992431640625,VALIDATION,60,False,,UP60_NIKKEIOFF_BASE
2024-08-08,8795.T,,9,31.569572408343497,20.0,60.087100340782996,35.67145308130695,4.241446577910075,True,1998.7674560546875,2364.0,1816.0,HOLD,13.364174687000405,5,2265.88623046875,VALIDATION,60,False,,UP60_NIKKEIOFF_BASE
2024-08-08,7912.T,,10,24.381254936090357,20.0,64.14683785224193,31.52716596233519,4.325996185422898,True,2212.449951171875,2466.0,2086.0,HOLD,7.968665428188205,5,2388.752685546875,VALIDATION,60,False,,UP60_NIKKEIOFF_BASE
2025-04-03,5019.T,,1,55.07026804750345,45.0,61.62275225441676,29.280844316903952,9.096403428679277,False,927.0003662109375,1010.0,886.0,LOSS,-4.4229072291011295,1,886.0,VALIDATION,60,False,,UP60_NIKKEIOFF_BASE
2025-04-03,6963.T,,2,44.8756092416605,30.0,62.294793528862094,30.07698581948554,7.628220651652327,False,1312.8287353515625,1451.0,1244.0,LOSS,-5.242780988727433,1,1244.0,VALIDATION,60,False,,UP60_NIKKEIOFF_BASE
2025-04-03,5411.T,,3,42.83927746456552,45.0,60.481201465223464,30.013315802608677,9.505482732167826,False,1648.873291015625,1752.0,1597.0,LOSS,-3.1459840667122214,1,1597.0,VALIDATION,60,False,,UP60_NIKKEIOFF_BASE
2025-04-03,6988.T,,4,39.66122574819157,30.0,62.354949746440056,30.40449847142353,7.240551782136364,False,2550.18701171875,2772.0,2439.0,LOSS,-4.359955219276772,1,2439.0,VALIDATION,60,False,,UP60_NIKKEIOFF_BASE
2025-04-03,6302.T,,5,38.399908240083505,35.0,61.69381697558317,29.32879915694483,8.977383867471964,False,2807.474365234375,3016.0,2703.0,LOSS,-3.721293648416028,1,2703.0,VALIDATION,60,False,,UP60_NIKKEIOFF_BASE
2025-04-03,4208.T,,6,35.83839496574609,15.0,60.028768880139225,31.31874019688788,8.652490922972852,False,1958.8658447265625,2083.0,1897.0,LOSS,-3.1582481716709054,1,1897.0,VALIDATION,60,False,,UP60_NIKKEIOFF_BASE
2025-04-03,6178.T,,7,35.05132040713276,20.0,60.156842925263945,31.902939122414015,7.940217952322,False,1362.45068359375,1460.0,1314.0,LOSS,-3.5561421912132,1,1314.0,VALIDATION,60,False,,UP60_NIKKEIOFF_BASE
2025-04-03,5020.T,,8,35.044004451679,20.0,60.01052381618879,32.13775278234559,7.851723401465614,False,710.43701171875,776.0,678.0,LOSS,-4.565782917232255,1,678.0,VALIDATION,60,False,,UP60_NIKKEIOFF_BASE
2025-04-03,5711.T,,9,31.9706430503537,45.0,60.49981752881316,29.40015602073088,10.100026450455951,False,2259.817626953125,2420.0,2180.0,LOSS,-3.5320384265141698,1,2180.0,VALIDATION,60,False,,UP60_NIKKEIOFF_BASE
2025-04-03,5201.T,,10,31.964305593565875,45.0,60.373068393056684,29.301786762137816,10.325144844805463,False,4170.83349609375,4434.0,4039.0,LOSS,-3.160842939839733,1,4039.0,VALIDATION,60,False,,UP60_NIKKEIOFF_BASE
2025-04-04,5831.T,,1,55.609615720206364,45.0,72.40970570847516,20.8393961749562,6.750898116568617,False,1325.335205078125,1491.0,1243.0,LOSS,-6.2124060964087615,1,1243.0,VALIDATION,60,False,,UP60_NIKKEIOFF_BASE
2025-04-04,3402.T,,2,55.488144580944954,45.0,69.98028292324685,21.741178796837286,8.278538279915846,False,917.5855712890625,1010.0,871.0,LOSS,-5.076972954535145,1,871.0,VALIDATION,60,False,,UP60_NIKKEIOFF_BASE
2025-04-04,7186.T,,3,52.26381714478077,45.0,75.05895159126756,18.829399509953625,6.111648898778783,False,786.9552001953125,892.0,734.0,LOSS,-6.72912513725936,1,734.0,VALIDATION,60,False,,UP60_NIKKEIOFF_BASE
2025-04-04,8308.T,,4,52.254895417672394,45.0,74.88051704910005,18.38367310110747,6.7358098497924495,False,1011.3731079101562,1170.0,932.0,LOSS,-7.848054025696641,1,932.0,VALIDATION,60,False,,UP60_NIKKEIOFF_BASE
2025-04-04,8002.T,,5,52.19136227965759,45.0,73.60985428880396,18.89459923331006,7.495546477885958,False,2105.8486328125,2314.0,2002.0,LOSS,-4.931438622623284,1,2002.0,VALIDATION,60,False,,UP60_NIKKEIOFF_BASE
2025-04-04,5711.T,,6,52.1369394909464,45.0,72.52139851458024,20.33314997721079,7.145451508208923,False,2112.23974609375,2303.0,2017.0,LOSS,-4.508945836753649,1,2017.0,VALIDATION,60,False,,UP60_NIKKEIOFF_BASE
2025-04-04,1605.T,,7,52.07001061546889,45.0,71.18282100503002,20.93957734906989,7.877601645900083,False,1771.760009765625,1915.0,1700.0,LOSS,-4.050210489575147,1,1700.0,VALIDATION,60,False,,UP60_NIKKEIOFF_BASE
2025-04-04,8630.T,,8,51.99145527324617,55.0,66.56823589970591,24.70914571891076,8.722618381383318,False,4152.69775390625,4558.0,3950.0,LOSS,-4.881110206385274,1,3950.0,VALIDATION,60,False,,UP60_NIKKEIOFF_BASE
2025-04-04,4005.T,,9,51.86952895829097,45.0,67.17318786147153,24.815530622327913,8.01128151620054,False,309.569091796875,339.0,295.0,LOSS,-4.706248841675243,1,295.0,VALIDATION,60,False,,UP60_NIKKEIOFF_BASE
2025-04-04,8804.T,,10,51.76715499263126,55.0,62.08223028740789,27.986608798120578,9.931160914471526,False,2333.639404296875,2526.0,2238.0,LOSS,-4.098294026094025,1,2238.0,VALIDATION,60,False,,UP60_NIKKEIOFF_BASE
2025-04-07,8830.T,,1,55.23224645506037,45.0,64.86232040555518,23.021747530923577,12.115932063521235,False,2405.58935546875,2724.0,2247.0,HOLD,8.2738929742683,5,2604.625244140625,VALIDATION,60,False,,UP60_NIKKEIOFF_BASE
2025-04-07,1332.T,,2,55.23039433838333,45.0,64.82527807201436,24.288987773231767,10.885734154753859,False,764.1740112304688,822.0,735.0,HOLD,6.398494212604931,5,813.0696411132812,VALIDATION,60,False,,UP60_NIKKEIOFF_BASE
2025-04-07,8804.T,,3,55.04449414849397,45.0,61.10727427422719,26.352137748091824,12.54058797768098,False,2148.294677734375,2372.0,2036.0,WIN,10.413158147445028,3,2372.0,VALIDATION,60,False,,UP60_NIKKEIOFF_BASE
2025-04-07,1605.T,,4,51.718405945229954,45.0,64.15072760025122,21.08694465714929,14.762327742599481,False,1603.31298828125,1780.0,1515.0,HOLD,4.120069984483423,5,1669.37060546875,VALIDATION,60,False,,UP60_NIKKEIOFF_BASE
2025-04-07,7832.T,,5,48.52640008258093,30.0,65.74539295596642,20.570679731469863,13.683927312563664,False,4307.525390625,4797.0,4063.0,WIN,11.363243741761897,3,4797.0,VALIDATION,60,False,,UP60_NIKKEIOFF_BASE
2025-04-07,3402.T,,6,48.50409188933505,30.0,65.29922909104887,19.912512556510762,14.788258352440334,False,844.5009765625,953.0,790.0,HOLD,5.723486561151012,5,892.8358764648438,VALIDATION,60,False,,UP60_NIKKEIOFF_BASE
2025-04-07,5214.T,,7,48.49059989660767,30.0,65.02938923650122,23.292780038599577,11.677830724899184,False,2895.68310546875,3148.0,2769.0,HOLD,5.178092928269604,5,3045.624267578125,VALIDATION,60,False,,UP60_NIKKEIOFF_BASE
2025-04-07,9101.T,,8,48.48576199029602,30.0,64.93263111026818,22.14798737776175,12.919381511970027,False,3999.87060546875,4394.0,3803.0,WIN,9.853553612268952,3,4394.0,VALIDATION,60,False,,UP60_NIKKEIOFF_BASE
2025-04-07,4042.T,,9,48.474899932796475,30.0,64.71538996027735,22.782204727435097,12.502405312287529,False,1674.6737060546875,1821.0,1602.0,WIN,8.737600251098355,3,1821.0,VALIDATION,60,False,,UP60_NIKKEIOFF_BASE
2025-04-07,1812.T,,10,48.46034335921322,30.0,64.42425848861222,24.756679816382242,10.819061695005527,False,2636.17529296875,2904.0,2502.0,WIN,10.15959400520885,5,2904.0,VALIDATION,60,False,,UP60_NIKKEIOFF_BASE
2020-03-06,7733.T,,1,43.14059629766764,55.0,63.464099866396296,26.831282296443614,9.704617837160075,False,1840.1376953125,2022.0,1749.0,LOSS,-4.952764977569932,1,1749.0,DEV,60,False,55,UP60_NIKKEIOFF_TESTA55
2020-03-06,4385.T,,2,41.048580374904034,65.0,62.05856401981975,28.41161347224887,9.529822507931376,False,2301.0,2659.0,2122.0,LOSS,-7.77922642329422,2,2122.0,DEV,60,False,55,UP60_NIKKEIOFF_TESTA55
2024-07-26,6841.T,,1,53.929354043120625,55.0,61.84795042763,29.254178226708476,8.897871345661475,True,3567.303466796875,3819.0,3442.0,LOSS,-3.51255417328951,5,3442.0,VALIDATION,60,False,55,UP60_NIKKEIOFF_TESTA55
2024-07-26,8630.T,,2,43.13793138457157,55.0,63.41080160447494,28.49846441375721,8.09073398176781,True,2967.107666015625,3200.0,2851.0,WIN,7.849136607068729,3,3200.0,VALIDATION,60,False,55,UP60_NIKKEIOFF_TESTA55
2024-07-26,8001.T,,3,43.10506210415978,55.0,62.75341599623897,28.82324896607536,8.42333503768566,True,1409.0035400390625,1503.0,1362.0,LOSS,-3.3359419407675435,5,1362.0,VALIDATION,60,False,55,UP60_NIKKEIOFF_TESTA55
2025-04-04,8630.T,,1,51.99145527324617,55.0,66.56823589970591,24.70914571891076,8.722618381383318,False,4152.69775390625,4558.0,3950.0,LOSS,-4.881110206385274,1,3950.0,VALIDATION,60,False,55,UP60_NIKKEIOFF_TESTA55
2025-04-04,8804.T,,2,51.76715499263126,55.0,62.08223028740789,27.986608798120578,9.931160914471526,False,2333.639404296875,2526.0,2238.0,LOSS,-4.098294026094025,1,2238.0,VALIDATION,60,False,55,UP60_NIKKEIOFF_TESTA55
2025-04-04,8830.T,,3,48.95590591337674,55.0,66.72681391970876,24.8220797945147,8.451106285776506,False,2622.273681640625,2914.0,2477.0,LOSS,-5.539989309953892,1,2477.0,VALIDATION,60,False,55,UP60_NIKKEIOFF_TESTA55
2025-04-04,8058.T,三菱商事,4,45.43491279748699,55.0,65.87216899321794,24.997660214479794,9.130170792302279,False,2447.984130859375,2677.0,2334.0,LOSS,-4.656244679958787,1,2334.0,VALIDATION,60,False,55,UP60_NIKKEIOFF_TESTA55
2020-03-06,4385.T,,1,41.048580374904034,65.0,62.05856401981975,28.41161347224887,9.529822507931376,False,2301.0,2659.0,2122.0,LOSS,-7.77922642329422,2,2122.0,DEV,60,False,65,UP60_NIKKEIOFF_TESTA65
2024-07-26,4901.T,,1,48.582666813112496,30.0,66.87072756659781,27.235192453113257,5.894079980288894,True,3224.876708984375,3465.0,3105.0,LOSS,-3.7172493649262117,5,3105.0,VALIDATION,65,True,,UP65_NIKKEION_BASE
2024-07-26,6178.T,,2,46.54438517952334,45.0,65.0181383730754,27.83368602366785,7.148175603256712,True,1401.441650390625,1480.0,1362.0,WIN,5.605538381671357,3,1480.0,VALIDATION,65,True,,UP65_NIKKEION_BASE
2024-07-26,7272.T,,3,39.83216153580398,30.0,65.77366549868826,28.46680583270697,5.759528668604727,True,1267.18701171875,1366.0,1218.0,LOSS,-3.881590583226951,5,1218.0,VALIDATION,65,True,,UP65_NIKKEION_BASE
2024-07-26,7202.T,,4,35.68646740827786,45.0,65.25108729599202,27.686664980447656,7.062247723560295,True,1818.1204833984375,1945.0,1755.0,LOSS,-3.471743703170455,4,1755.0,VALIDATION,65,True,,UP65_NIKKEION_BASE
2024-07-26,5401.T,,5,30.79764085299854,10.0,65.08325184257944,27.861308295692282,7.055439861728254,True,526.1072387695312,551.0,514.0,HOLD,1.041342193460337,5,531.5858154296875,VALIDATION,65,True,,UP65_NIKKEION_BASE
2024-07-26,7203.T,トヨタ自動車,6,27.337588398040218,10.0,65.44742013471738,28.297528771848125,6.255051093434474,True,2686.557861328125,2884.0,2588.0,LOSS,-3.668555319311158,4,2588.0,VALIDATION,65,True,,UP65_NIKKEION_BASE
2024-07-26,7269.T,スズキ,7,22.13466643232499,10.0,65.7368069073694,28.134872097695336,6.128320994935218,True,1590.9127197265625,1732.0,1520.0,LOSS,-4.457360787130459,5,1520.0,VALIDATION,65,True,,UP65_NIKKEION_BASE
2024-08-02,7202.T,,1,39.831920343784375,30.0,65.76884165829617,27.81836183479981,6.4127965069039945,True,1696.8529052734375,1844.0,1623.0,LOSS,-4.352345748056256,1,1623.0,VALIDATION,65,True,,UP65_NIKKEION_BASE
2024-08-02,1605.T,,2,35.29505549792405,20.0,65.0315447410896,29.27803548114784,5.690419777762546,True,1943.48095703125,2130.0,1850.0,LOSS,-4.809975456309392,1,1850.0,VALIDATION,65,True,,UP65_NIKKEION_BASE
2020-03-04,4307.T,,1,35.41049543869778,20.0,67.34034355656426,23.105220460975758,9.554435982460005,False,2087.195068359375,2312.0,1975.0,LOSS,-5.375399264792493,3,1975.0,DEV,65,False,,UP65_NIKKEIOFF_BASE
2020-03-04,8804.T,,2,35.40522844240385,20.0,67.23500363068567,21.750795596850374,11.014200772463974,False,1199.56640625,1318.0,1140.0,LOSS,-4.965661420630501,2,1140.0,DEV,65,False,,UP65_NIKKEIOFF_BASE
2020-03-04,8802.T,,3,35.33505604927835,20.0,65.8315557681756,24.12445673619334,10.043987495631079,False,1676.138671875,1842.0,1593.0,LOSS,-4.960130881175694,3,1593.0,DEV,65,False,,UP65_NIKKEIOFF_BASE
2020-03-04,6098.T,,4,35.30608387529256,20.0,65.25211228845973,25.93802491963097,8.809862791909309,False,3669.051025390625,4039.0,3484.0,LOSS,-5.0435664184017055,3,3484.0,DEV,65,False,,UP65_NIKKEIOFF_BASE
2020-03-04,7269.T,スズキ,5,32.11663782291173,20.0,71.02840863214752,19.395300564386506,9.576290803465994,False,915.1986694335938,1005.0,870.0,LOSS,-4.938672983601113,2,870.0,DEV,65,False,,UP65_NIKKEIOFF_BASE
2020-03-04,5333.T,,6,26.506743154219375,0.0,69.26529786699615,20.895018548433,9.839683584570865,False,1345.486083984375,1460.0,1288.0,LOSS,-4.272514199042625,2,1288.0,DEV,65,False,,UP65_NIKKEIOFF_BASE
2020-03-04,8267.T,,7,26.446772860245495,0.0,68.06589198751855,22.314613959275896,9.619494053205548,False,609.822998046875,662.0,584.0,LOSS,-4.234507083133994,3,584.0,DEV,65,False,,UP65_NIKKEIOFF_BASE
2020-03-04,2768.T,,8,22.83745059389997,0.0,65.44466405191245,24.819451109066964,9.735884839020585,False,1142.9488525390625,1222.0,1104.0,LOSS,-3.4077511388665873,2,1104.0,DEV,65,False,,UP65_NIKKEIOFF_BASE
2020-03-04,3401.T,,9,19.938180220376353,10.0,65.28534353796186,23.384643539293595,11.330012922744537,False,1511.226806640625,1665.0,1434.0,LOSS,-5.110206244441627,2,1434.0,DEV,65,False,,UP65_NIKKEIOFF_BASE
2020-03-04,2501.T,,10,17.846566998148013,0.0,69.97481822382987,23.90534685459866,6.119834921571485,False,403.8296203613281,441.0,385.0,LOSS,-4.6627635547091,3,385.0,DEV,65,False,,UP65_NIKKEIOFF_BASE
2020-03-06,7269.T,スズキ,1,45.163531095198294,30.0,68.05323059961803,26.228332617972995,5.718436782409006,False,850.0111083984375,945.0,803.0,LOSS,-5.530646356729886,1,803.0,DEV,65,False,,UP65_NIKKEIOFF_BASE
2020-03-06,8591.T,,2,40.13806415324986,30.0,71.89171784760589,20.61834849795286,7.489933654441305,False,1283.521484375,1387.0,1232.0,LOSS,-4.014072612122107,1,1232.0,DEV,65,False,,UP65_NIKKEIOFF_BASE
2020-03-06,6098.T,,3,40.10787194363885,30.0,71.28787365538564,23.718557742336497,4.9935686022778665,False,3652.54150390625,4036.0,3461.0,LOSS,-5.244060983329111,1,3461.0,DEV,65,False,,UP65_NIKKEIOFF_BASE
2020-03-06,4568.T,,4,40.09073359376873,30.0,70.94510665798333,23.149888375732928,5.905004966283743,False,2017.0662841796875,2231.0,1910.0,LOSS,-5.308020119092411,1,1910.0,DEV,65,False,,UP65_NIKKEIOFF_BASE
2020-03-06,4021.T,,5,36.71317303946968,30.0,72.95911296330662,20.736017173879457,6.3048698628139555,False,3679.358154296875,4026.0,3506.0,LOSS,-4.711641189222682,1,3506.0,DEV,65,False,,UP65_NIKKEIOFF_BASE
2020-03-06,6701.T,,6,36.62991471809133,30.0,71.2939465357396,22.97641114624787,5.729642318012537,False,740.9769287109375,826.0,698.0,LOSS,-5.800036012687141,1,698.0,DEV,65,False,,UP65_NIKKEIOFF_BASE
2020-03-06,9984.T,ソフトバンクG,7,35.949630057823,45.0,70.51434028689475,21.17034190264674,8.315317810458554,False,1146.4775390625,1293.0,1073.0,LOSS,-6.408981995633704,1,1073.0,DEV,65,False,,UP65_NIKKEIOFF_BASE
2020-03-06,4523.T,,8,35.77549855275222,20.0,74.64040583765299,19.675412159763898,5.6841820025831336,False,6561.94775390625,7181.0,6252.0,LOSS,-4.723410876317048,4,6252.0,DEV,65,False,,UP65_NIKKEIOFF_BASE
2020-03-06,2801.T,,9,35.77225205711826,20.0,74.57547592497384,19.363976930113083,6.060547144913082,False,918.5673217773438,1013.0,871.0,LOSS,-5.178425211698729,1,871.0,DEV,65,False,,UP65_NIKKEIOFF_BASE
2020-03-06,9735.T,,10,35.689438196969235,20.0,72.91919872199333,22.119108558137842,4.961692719868876,False,3775.325439453125,4060.0,3633.0,LOSS,-3.769885318118206,1,3633.0,DEV,65,False,,UP65_NIKKEIOFF_BASE
2020-03-09,8035.T,,1,39.83454937443359,30.0,65.82142227128061,22.39154570117532,11.787032027544072,False,1162.46142578125,1301.0,1093.0,LOSS,-5.975374686912074,3,1093.0,DEV,65,False,,UP65_NIKKEIOFF_BASE
2020-03-09,4021.T,,2,36.56764435900637,30.0,70.04853935404049,19.427913530178703,10.52354711578082,False,3516.295166015625,3899.0,3325.0,LOSS,-5.440247675009173,1,3325.0,DEV,65,False,,UP65_NIKKEIOFF_BASE
2020-03-09,9735.T,,3,30.93371698148018,10.0,67.80477441221228,18.71926962456998,13.475955963217753,False,3709.697509765625,4008.0,3561.0,LOSS,-4.008345946648884,3,3561.0,DEV,65,False,,UP65_NIKKEIOFF_BASE
2020-03-09,8267.T,,4,30.876651159157916,10.0,66.66345796576695,21.082891307811114,12.253650726421906,False,591.3858642578125,645.0,565.0,LOSS,-4.46170019483416,4,565.0,DEV,65,False,,UP65_NIKKEIOFF_BASE
2020-03-09,8697.T,,5,30.837783495225857,10.0,65.88610468712584,19.518970712848656,14.59492460002551,False,714.7280883789062,774.0,685.0,LOSS,-4.159356384934208,4,685.0,DEV,65,False,,UP65_NIKKEIOFF_BASE
2020-03-09,4543.T,,6,17.72219772513487,0.0,67.48743276356699,19.677706229354083,12.834861007078919,False,1583.955810546875,1733.0,1509.0,LOSS,-4.732190762379655,3,1509.0,DEV,65,False,,UP65_NIKKEIOFF_BASE
2020-03-09,8031.T,三井物産,7,17.6442127677294,0.0,65.92773361545753,22.70353737233603,11.36872901220644,False,638.1597290039062,694.0,610.0,LOSS,-4.412645882224555,1,610.0,DEV,65,False,,UP65_NIKKEIOFF_BASE
2020-03-09,9843.T,,8,17.641367603348847,0.0,65.87083032784655,21.644436947821717,12.484732724331728,False,2755.582763671875,2966.0,2650.0,LOSS,-3.8315947197747615,3,2650.0,DEV,65,False,,UP65_NIKKEIOFF_BASE
2020-03-09,3382.T,,9,16.48199064165584,10.0,65.72676935485595,23.360904417387378,10.912326227756688,False,1089.1334228515625,1196.0,1036.0,LOSS,-4.878504482256076,4,1036.0,DEV,65,False,,UP65_NIKKEIOFF_BASE
2020-03-09,4503.T,,10,14.373551953134747,0.0,70.07973471486883,21.170714288821884,8.74955099630929,False,1252.3577880859375,1376.0,1191.0,LOSS,-4.899381683864858,4,1191.0,DEV,65,False,,UP65_NIKKEIOFF_BASE
2020-03-10,6702.T,,1,42.088152959060224,35.0,65.89349396381323,24.90280579299809,9.203700243188653,False,971.7734985351562,1087.0,914.0,LOSS,-5.945160947715036,2,914.0,DEV,65,False,,UP65_NIKKEIOFF_BASE
2020-03-10,8001.T,,2,39.80327649893695,30.0,65.19596476134772,25.042917597321807,9.761117641330472,False,374.5838317871094,410.0,357.0,LOSS,-4.6942313829239035,2,357.0,DEV,65,False,,UP65_NIKKEIOFF_BASE
2020-03-10,4151.T,,3,35.409948941936904,20.0,67.32941362134677,23.270565663343902,9.400020715309275,False,2126.146728515625,2351.0,2014.0,LOSS,-5.274646712361218,2,2014.0,DEV,65,False,,UP65_NIKKEIOFF_BASE
2020-03-10,4021.T,,4,31.884893809427027,20.0,66.39352836245354,22.41049387894824,11.195977758598218,False,3524.65673828125,3931.0,3321.0,LOSS,-5.7780587842593825,2,3321.0,DEV,65,False,,UP65_NIKKEIOFF_BASE
2020-03-10,7203.T,トヨタ自動車,5,30.819915530119943,10.0,65.52874538500754,23.521580275315614,10.949674339676847,False,1073.88720703125,1175.0,1023.0,LOSS,-4.7385988675595785,2,1023.0,DEV,65,False,,UP65_NIKKEIOFF_BASE
2020-03-10,7741.T,,6,30.81275583667448,10.0,65.38555151609829,22.447071375120604,12.167377108781068,False,8853.283203125,9850.0,8355.0,LOSS,-5.628230699195501,2,8355.0,DEV,65,False,,UP65_NIKKEIOFF_BASE
2020-03-10,9503.T,,7,27.408196656627112,10.0,66.85958530645532,23.359428945380635,9.780985748164044,False,862.160888671875,938.0,824.0,LOSS,-4.426191117374896,2,824.0,DEV,65,False,,UP65_NIKKEIOFF_BASE
2020-03-10,7974.T,,8,27.319430274243665,10.0,65.08425765878634,24.706105171462163,10.209637169751499,False,3001.44677734375,3285.0,2860.0,LOSS,-4.712619874237083,2,2860.0,DEV,65,False,,UP65_NIKKEIOFF_BASE
2020-03-10,4502.T,,9,26.302693150677644,0.0,65.18429779616154,22.81417128019362,12.001530923644815,False,2757.167236328125,3012.0,2630.0,LOSS,-4.6122424005545914,2,2630.0,DEV,65,False,,UP65_NIKKEIOFF_BASE
2020-03-10,8031.T,三井物産,10,17.626356897280466,0.0,65.57061620647889,24.841972102433655,9.587411691087421,False,640.1329956054688,701.0,610.0,LOSS,-4.707302359405408,2,610.0,DEV,65,False,,UP65_NIKKEIOFF_BASE
2020-03-12,2802.T,,1,39.862696253539156,30.0,66.3843598533917,24.426252584717613,9.189387561890646,False,790.5476684570312,861.0,755.0,LOSS,-4.496587603175428,1,755.0,DEV,65,False,,UP65_NIKKEIOFF_BASE
2020-03-12,4452.T,,2,26.36474861961518,0.0,66.4254071749123,23.401276309323794,10.173316515763883,False,3337.558837890625,3605.0,3204.0,LOSS,-4.001692385894707,1,3204.0,DEV,65,False,,UP65_NIKKEIOFF_BASE
2020-03-12,9503.T,,3,22.91016400019864,0.0,66.89893217788583,24.879932632373272,8.221135189740897,False,841.0372924804688,923.0,800.0,LOSS,-4.87936656880429,1,800.0,DEV,65,False,,UP65_NIKKEIOFF_BASE
2020-03-12,9502.T,,4,22.87985241222453,0.0,66.29270041840367,22.48600022386536,11.221299357730945,False,1083.1414794921875,1175.0,1037.0,LOSS,-4.25996791423962,1,1037.0,DEV,65,False,,UP65_NIKKEIOFF_BASE
2020-03-12,2914.T,,5,14.221118786095378,0.0,67.03107137408148,23.955454315730957,9.013474310187569,False,1391.909912109375,1495.0,1340.0,LOSS,-3.7294017132694988,1,1340.0,DEV,65,False,,UP65_NIKKEIOFF_BASE
2020-03-12,7267.T,,6,14.152720517330803,0.0,65.66310599878994,26.82659437856631,7.510299622643737,False,618.2438354492188,690.0,582.0,LOSS,-5.862385254983386,1,582.0,DEV,65,False,,UP65_NIKKEIOFF_BASE
2020-03-12,2503.T,,7,14.149359973609302,0.0,65.59589512435994,26.3877646550632,8.016340220576836,False,1656.1077880859375,1821.0,1574.0,LOSS,-4.9578770582822,1,1574.0,DEV,65,False,,UP65_NIKKEIOFF_BASE
2024-07-26,4901.T,,1,48.582666813112496,30.0,66.87072756659781,27.235192453113257,5.894079980288894,True,3224.876708984375,3465.0,3105.0,LOSS,-3.7172493649262117,5,3105.0,VALIDATION,65,False,,UP65_NIKKEIOFF_BASE
2024-07-26,6178.T,,2,46.54438517952334,45.0,65.0181383730754,27.83368602366785,7.148175603256712,True,1401.441650390625,1480.0,1362.0,WIN,5.605538381671357,3,1480.0,VALIDATION,65,False,,UP65_NIKKEIOFF_BASE
2024-07-26,7272.T,,3,39.83216153580398,30.0,65.77366549868826,28.46680583270697,5.759528668604727,True,1267.18701171875,1366.0,1218.0,LOSS,-3.881590583226951,5,1218.0,VALIDATION,65,False,,UP65_NIKKEIOFF_BASE
2024-07-26,7202.T,,4,35.68646740827786,45.0,65.25108729599202,27.686664980447656,7.062247723560295,True,1818.1204833984375,1945.0,1755.0,LOSS,-3.471743703170455,4,1755.0,VALIDATION,65,False,,UP65_NIKKEIOFF_BASE
2024-07-26,5401.T,,5,30.79764085299854,10.0,65.08325184257944,27.861308295692282,7.055439861728254,True,526.1072387695312,551.0,514.0,HOLD,1.041342193460337,5,531.5858154296875,VALIDATION,65,False,,UP65_NIKKEIOFF_BASE
2024-07-26,7203.T,トヨタ自動車,6,27.337588398040218,10.0,65.44742013471738,28.297528771848125,6.255051093434474,True,2686.557861328125,2884.0,2588.0,LOSS,-3.668555319311158,4,2588.0,VALIDATION,65,False,,UP65_NIKKEIOFF_BASE
2024-07-26,7269.T,スズキ,7,22.13466643232499,10.0,65.7368069073694,28.134872097695336,6.128320994935218,True,1590.9127197265625,1732.0,1520.0,LOSS,-4.457360787130459,5,1520.0,VALIDATION,65,False,,UP65_NIKKEIOFF_BASE
2024-08-02,7202.T,,1,39.831920343784375,30.0,65.76884165829617,27.81836183479981,6.4127965069039945,True,1696.8529052734375,1844.0,1623.0,LOSS,-4.352345748056256,1,1623.0,VALIDATION,65,False,,UP65_NIKKEIOFF_BASE
2024-08-02,1605.T,,2,35.29505549792405,20.0,65.0315447410896,29.27803548114784,5.690419777762546,True,1943.48095703125,2130.0,1850.0,LOSS,-4.809975456309392,1,1850.0,VALIDATION,65,False,,UP65_NIKKEIOFF_BASE
2025-04-04,5831.T,,1,55.609615720206364,45.0,72.40970570847516,20.8393961749562,6.750898116568617,False,1325.335205078125,1491.0,1243.0,LOSS,-6.2124060964087615,1,1243.0,VALIDATION,65,False,,UP65_NIKKEIOFF_BASE
2025-04-04,3402.T,,2,55.488144580944954,45.0,69.98028292324685,21.741178796837286,8.278538279915846,False,917.5855712890625,1010.0,871.0,LOSS,-5.076972954535145,1,871.0,VALIDATION,65,False,,UP65_NIKKEIOFF_BASE
2025-04-04,7186.T,,3,52.26381714478077,45.0,75.05895159126756,18.829399509953625,6.111648898778783,False,786.9552001953125,892.0,734.0,LOSS,-6.72912513725936,1,734.0,VALIDATION,65,False,,UP65_NIKKEIOFF_BASE
2025-04-04,8308.T,,4,52.254895417672394,45.0,74.88051704910005,18.38367310110747,6.7358098497924495,False,1011.3731079101562,1170.0,932.0,LOSS,-7.848054025696641,1,932.0,VALIDATION,65,False,,UP65_NIKKEIOFF_BASE
2025-04-04,8002.T,,5,52.19136227965759,45.0,73.60985428880396,18.89459923331006,7.495546477885958,False,2105.8486328125,2314.0,2002.0,LOSS,-4.931438622623284,1,2002.0,VALIDATION,65,False,,UP65_NIKKEIOFF_BASE
2025-04-04,5711.T,,6,52.1369394909464,45.0,72.52139851458024,20.33314997721079,7.145451508208923,False,2112.23974609375,2303.0,2017.0,LOSS,-4.508945836753649,1,2017.0,VALIDATION,65,False,,UP65_NIKKEIOFF_BASE
2025-04-04,1605.T,,7,52.07001061546889,45.0,71.18282100503002,20.93957734906989,7.877601645900083,False,1771.760009765625,1915.0,1700.0,LOSS,-4.050210489575147,1,1700.0,VALIDATION,65,False,,UP65_NIKKEIOFF_BASE
2025-04-04,8630.T,,8,51.99145527324617,55.0,66.56823589970591,24.70914571891076,8.722618381383318,False,4152.69775390625,4558.0,3950.0,LOSS,-4.881110206385274,1,3950.0,VALIDATION,65,False,,UP65_NIKKEIOFF_BASE
2025-04-04,4005.T,,9,51.86952895829097,45.0,67.17318786147153,24.815530622327913,8.01128151620054,False,309.569091796875,339.0,295.0,LOSS,-4.706248841675243,1,295.0,VALIDATION,65,False,,UP65_NIKKEIOFF_BASE
2025-04-04,5020.T,,10,49.10805131237309,30.0,77.3784175518097,15.687046490229845,6.934535957960394,False,661.89794921875,738.0,624.0,LOSS,-5.725648381821038,1,624.0,VALIDATION,65,False,,UP65_NIKKEIOFF_BASE
2025-04-07,7832.T,,1,48.52640008258093,30.0,65.74539295596642,20.570679731469863,13.683927312563664,False,4307.525390625,4797.0,4063.0,WIN,11.363243741761897,3,4797.0,VALIDATION,65,False,,UP65_NIKKEIOFF_BASE
2025-04-07,3402.T,,2,48.50409188933505,30.0,65.29922909104887,19.912512556510762,14.788258352440334,False,844.5009765625,953.0,790.0,HOLD,5.723486561151012,5,892.8358764648438,VALIDATION,65,False,,UP65_NIKKEIOFF_BASE
2025-04-07,5214.T,,3,48.49059989660767,30.0,65.02938923650122,23.292780038599577,11.677830724899184,False,2895.68310546875,3148.0,2769.0,HOLD,5.178092928269604,5,3045.624267578125,VALIDATION,65,False,,UP65_NIKKEIOFF_BASE
2025-04-07,8750.T,,4,45.14582030453727,30.0,67.69901478639746,20.72115397466164,11.579831238940878,False,790.9607543945312,929.0,722.0,WIN,17.452097950313068,3,929.0,VALIDATION,65,False,,UP65_NIKKEIOFF_BASE
2025-04-07,5401.T,,5,45.02901508663159,30.0,65.36291042828401,23.660918874109573,10.976170697606406,False,477.8389892578125,524.0,455.0,WIN,9.66036924150655,1,524.0,VALIDATION,65,False,,UP65_NIKKEIOFF_BASE
2025-04-07,6758.T,,6,45.019681690092085,30.0,65.17624249749392,22.46360976649089,12.360147736015138,False,2974.213134765625,3397.0,2763.0,WIN,14.215082984215641,3,3397.0,VALIDATION,65,False,,UP65_NIKKEIOFF_BASE
2025-04-07,6301.T,,7,45.01725760245107,30.0,65.12776074467345,20.002406004076878,14.86983325124962,False,3467.925048828125,3894.0,3255.0,WIN,12.286163777266566,3,3894.0,VALIDATION,65,False,,UP65_NIKKEIOFF_BASE
2025-04-07,8630.T,,8,42.240092348787705,35.0,68.93228175836275,17.927621475521757,13.140096766115464,False,3672.877197265625,4176.0,3421.0,WIN,13.698329013258018,1,4176.0,VALIDATION,65,False,,UP65_NIKKEIOFF_BASE
2025-04-07,6701.T,,9,42.07129471477853,35.0,65.5563290781792,22.207148520460674,12.236522401360114,False,2635.171875,2965.0,2470.0,WIN,12.516379979958614,3,2965.0,VALIDATION,65,False,,UP65_NIKKEIOFF_BASE
2025-04-07,8795.T,,10,40.577275556374666,20.0,66.3281198231455,21.71638674228386,11.955493434570606,False,2363.859619140625,2741.0,2175.0,WIN,15.954432226245457,3,2741.0,VALIDATION,65,False,,UP65_NIKKEIOFF_BASE
2025-04-04,8630.T,,1,51.99145527324617,55.0,66.56823589970591,24.70914571891076,8.722618381383318,False,4152.69775390625,4558.0,3950.0,LOSS,-4.881110206385274,1,3950.0,VALIDATION,65,False,55,UP65_NIKKEIOFF_TESTA55
2025-04-04,8830.T,,2,48.95590591337674,55.0,66.72681391970876,24.8220797945147,8.451106285776506,False,2622.273681640625,2914.0,2477.0,LOSS,-5.539989309953892,1,2477.0,VALIDATION,65,False,55,UP65_NIKKEIOFF_TESTA55
2025-04-04,8058.T,三菱商事,3,45.43491279748699,55.0,65.87216899321794,24.997660214479794,9.130170792302279,False,2447.984130859375,2677.0,2334.0,LOSS,-4.656244679958787,1,2334.0,VALIDATION,65,False,55,UP65_NIKKEIOFF_TESTA55
