date,ticker,prediction,actual,correct,down_probability,flat_probability,up_probability,price,result,return,hold_days,train_start,train_end
2024-10-10,7203.T,1,0,0,30.15,44.45,25.4,2581.0,TIMEOUT_LOSS,-1.1,5,2022-08-31,2024-10-04
2024-10-11,7203.T,1,1,1,29.95,42.14,27.91,2562.0,TIMEOUT_LOSS,-0.8,5,2022-08-31,2024-10-04
2024-10-15,7203.T,1,1,1,29.59,43.18,27.23,2555.0,TIMEOUT_LOSS,-0.39,5,2022-08-31,2024-10-04
2024-10-16,7203.T,1,1,1,33.7,36.54,29.76,2525.5,HOLD,3.76,5,2022-08-31,2024-10-04
2024-10-17,7203.T,0,1,0,37.67,33.14,29.19,2550.5,HOLD,2.04,5,2022-08-31,2024-10-04
2024-10-18,7203.T,0,2,0,38.17,30.21,31.62,2552.5,HOLD,1.86,5,2022-08-31,2024-10-04
2024-10-21,7203.T,0,2,0,38.84,29.98,31.18,2541.5,HOLD,6.51,5,2022-08-31,2024-10-04
2024-10-22,7203.T,0,2,0,46.17,28.55,25.28,2545.0,HOLD,6.07,5,2022-08-31,2024-10-04
2024-10-23,7203.T,0,2,0,49.46,28.44,22.09,2620.5,HOLD,3.47,5,2022-08-31,2024-10-04
2024-10-24,7203.T,0,2,0,50.57,26.1,23.33,2602.5,HOLD,3.07,5,2022-08-31,2024-10-04
2024-10-25,7203.T,0,2,0,50.01,27.87,22.12,2600.0,HOLD,0.6,5,2022-08-31,2024-10-04
2024-10-28,7203.T,0,1,0,49.45,26.89,23.66,2707.0,TIMEOUT_LOSS,-2.51,5,2022-08-31,2024-10-04
2024-10-29,7203.T,0,0,1,44.77,27.82,27.42,2699.5,LOSS,-4.0,5,2022-08-31,2024-10-04
2024-10-30,7203.T,0,0,1,40.12,34.74,25.14,2711.5,LOSS,-4.0,2,2022-08-31,2024-10-04
2024-10-31,7203.T,0,1,0,41.4,29.33,29.28,2682.5,LOSS,-4.0,3,2022-08-31,2024-10-04
2024-11-01,7203.T,0,2,0,41.1,34.23,24.67,2615.5,HOLD,1.45,5,2022-08-31,2024-10-04
2024-11-05,7203.T,0,1,0,52.55,27.11,20.34,2639.0,HOLD,2.96,5,2022-08-31,2024-10-04
2024-11-06,7203.T,0,1,0,36.2,34.21,29.6,2684.5,TIMEOUT_LOSS,-0.84,5,2022-08-31,2024-10-04
2024-11-07,7203.T,0,0,1,36.11,33.84,30.06,2762.0,LOSS,-4.0,4,2022-08-31,2024-10-04
2024-11-08,7203.T,2,1,0,33.25,32.93,33.81,2662.5,HOLD,1.56,5,2022-08-31,2024-10-04
2024-11-11,7203.T,0,1,0,34.44,32.95,32.61,2653.5,HOLD,0.85,5,2022-10-03,2024-11-05
2024-11-12,7203.T,0,1,0,38.85,29.33,31.82,2717.0,HOLD,0.5,5,2022-10-03,2024-11-05
2024-11-13,7203.T,2,1,0,33.22,27.32,39.46,2662.0,HOLD,1.37,5,2022-10-03,2024-11-05
2024-11-14,7203.T,2,2,1,34.37,25.51,40.12,2666.0,HOLD,0.32,5,2022-10-03,2024-11-05
2024-11-15,7203.T,2,1,0,34.19,25.53,40.28,2704.0,TIMEOUT_LOSS,-1.46,5,2022-10-03,2024-11-05
2024-11-18,7203.T,2,1,0,33.49,25.31,41.2,2676.0,HOLD,0.69,5,2022-10-03,2024-11-05
2024-11-19,7203.T,2,0,0,35.32,27.76,36.92,2730.5,LOSS,-4.0,5,2022-10-03,2024-11-05
2024-11-20,7203.T,2,1,0,32.24,27.42,40.34,2698.5,LOSS,-4.0,5,2022-10-03,2024-11-05
2024-11-21,7203.T,2,1,0,34.78,24.94,40.27,2674.5,LOSS,-4.0,4,2022-10-03,2024-11-05
2024-11-22,7203.T,0,0,1,38.05,26.31,35.64,2664.5,LOSS,-4.0,3,2022-10-03,2024-11-05
2024-11-25,7203.T,0,0,1,43.28,27.57,29.15,2694.5,LOSS,-4.0,2,2022-10-03,2024-11-05
2024-11-26,7203.T,0,0,1,37.36,28.54,34.1,2667.5,LOSS,-4.0,1,2022-10-03,2024-11-05
2024-11-27,7203.T,2,2,1,21.85,29.79,48.37,2571.0,HOLD,2.37,5,2022-10-03,2024-11-05
2024-11-29,7203.T,2,2,1,22.04,27.73,50.23,2551.5,HOLD,3.04,5,2022-10-03,2024-11-05
2024-12-02,7203.T,2,1,0,30.13,27.34,42.53,2611.0,HOLD,1.32,5,2022-10-03,2024-11-05
2024-12-03,7203.T,0,1,0,37.69,31.3,31.01,2652.0,HOLD,1.04,5,2022-10-03,2024-11-05
2024-12-04,7203.T,2,1,0,33.12,30.54,36.34,2631.0,HOLD,1.96,5,2022-10-03,2024-11-05
2024-12-05,7203.T,0,2,0,40.39,29.94,29.67,2632.0,HOLD,3.29,5,2022-10-03,2024-11-05
2024-12-06,7203.T,2,2,1,33.15,26.85,40.0,2629.0,HOLD,2.61,5,2022-10-03,2024-11-05
2024-12-09,7203.T,0,2,0,39.87,28.58,31.56,2645.5,HOLD,1.76,5,2022-10-03,2024-11-05
2024-12-10,7203.T,0,1,0,38.32,37.61,24.07,2679.5,TIMEOUT_LOSS,-0.26,5,2022-11-01,2024-12-04
2024-12-11,7203.T,0,1,0,39.71,35.5,24.79,2682.5,HOLD,1.64,5,2022-11-01,2024-12-04
2024-12-12,7203.T,0,0,1,47.16,34.78,18.06,2718.5,HOLD,0.2,5,2022-11-01,2024-12-04
2024-12-13,7203.T,0,1,0,41.14,36.89,21.97,2697.5,HOLD,2.74,5,2022-11-01,2024-12-04
2024-12-16,7203.T,0,1,0,40.69,33.67,25.65,2692.0,HOLD,5.39,5,2022-11-01,2024-12-04
2024-12-17,7203.T,0,2,0,41.88,33.84,24.28,2672.5,HOLD,6.08,5,2022-11-01,2024-12-04
2024-12-18,7203.T,0,2,0,42.74,30.32,26.94,2726.5,WIN,8.0,5,2022-11-01,2024-12-04
2024-12-19,7203.T,0,2,0,42.38,29.91,27.71,2724.0,WIN,8.0,4,2022-11-01,2024-12-04
2024-12-20,7203.T,0,2,0,48.27,30.91,20.81,2771.5,WIN,8.0,3,2022-11-01,2024-12-04
2024-12-23,7203.T,0,2,0,41.27,34.15,24.58,2837.0,WIN,8.0,2,2022-11-01,2024-12-04
2024-12-24,7203.T,0,2,0,45.68,31.06,23.26,2835.0,WIN,8.0,1,2022-11-01,2024-12-04
2024-12-26,7203.T,0,0,1,40.46,27.95,31.59,3142.0,LOSS,-4.0,3,2022-11-01,2024-12-04
2024-12-27,7203.T,0,0,1,46.69,33.78,19.53,3188.0,LOSS,-4.0,2,2022-11-01,2024-12-04
2024-12-30,7203.T,1,0,0,33.84,34.66,31.5,3146.0,LOSS,-4.0,1,2022-11-01,2024-12-04
2025-01-06,7203.T,0,1,0,40.33,30.09,29.58,3011.0,TIMEOUT_LOSS,-3.44,5,2022-11-01,2024-12-04
2025-01-07,7203.T,1,0,0,29.79,38.65,31.57,3052.0,LOSS,-4.0,3,2022-11-01,2024-12-04
2025-01-08,7203.T,2,0,0,28.17,33.72,38.11,3073.0,LOSS,-4.0,2,2022-11-01,2024-12-04
2025-01-09,7203.T,2,0,0,28.67,30.15,41.18,3005.0,LOSS,-4.0,4,2022-11-01,2024-12-04
2025-01-10,7203.T,2,0,0,31.14,29.17,39.69,2932.0,LOSS,-4.0,4,2022-11-01,2024-12-04
2025-01-14,7203.T,0,0,1,38.7,23.98,37.32,2907.5,LOSS,-4.0,3,2022-11-01,2024-12-04
2025-01-15,7203.T,0,1,0,44.99,24.79,30.23,2901.0,HOLD,0.83,5,2022-12-02,2025-01-08
2025-01-16,7203.T,2,2,1,34.25,30.11,35.65,2837.0,HOLD,1.6,5,2022-12-02,2025-01-08
2025-01-17,7203.T,2,2,1,30.81,27.61,41.58,2788.0,HOLD,4.81,5,2022-12-02,2025-01-08
2025-01-21,7203.T,0,1,0,40.94,26.28,32.78,2875.5,HOLD,0.49,5,2022-12-02,2025-01-08
2025-01-22,7203.T,0,1,0,40.85,35.01,24.14,2915.5,HOLD,0.5,5,2022-12-02,2025-01-08
2025-01-23,7203.T,0,1,0,46.32,31.62,22.06,2925.0,HOLD,0.82,5,2022-12-02,2025-01-08
2025-01-24,7203.T,0,2,0,36.86,36.3,26.84,2882.5,HOLD,3.16,5,2022-12-02,2025-01-08
2025-01-27,7203.T,0,1,0,41.37,30.11,28.52,2922.0,LOSS,-4.0,5,2022-12-02,2025-01-08
2025-01-28,7203.T,0,2,0,38.11,32.03,29.86,2889.5,TIMEOUT_LOSS,-0.57,5,2022-12-02,2025-01-08
2025-01-29,7203.T,0,0,1,47.04,26.15,26.81,2930.0,LOSS,-4.0,3,2022-12-02,2025-01-08
2025-01-30,7203.T,0,0,1,41.55,27.75,30.7,2949.0,LOSS,-4.0,2,2022-12-02,2025-01-08
2025-01-31,7203.T,0,1,0,45.11,26.38,28.51,2973.5,LOSS,-4.0,1,2022-12-02,2025-01-08
2025-02-03,7203.T,0,2,0,36.9,28.95,34.14,2824.5,HOLD,0.04,5,2022-12-02,2025-01-08
2025-02-04,7203.T,0,0,1,38.96,28.36,32.69,2873.0,TIMEOUT_LOSS,-2.54,5,2022-12-02,2025-01-08
2025-02-05,7203.T,0,0,1,42.7,28.0,29.3,2963.0,LOSS,-4.0,2,2022-12-02,2025-01-08
2025-02-06,7203.T,0,0,1,36.39,33.97,29.64,2903.5,LOSS,-4.0,3,2022-12-02,2025-01-08
2025-02-07,7203.T,0,1,0,36.38,31.68,31.95,2824.5,TIMEOUT_LOSS,-0.73,5,2022-12-02,2025-01-08
2025-02-10,7203.T,0,1,0,40.01,26.93,33.06,2825.5,TIMEOUT_LOSS,-2.48,5,2022-12-02,2025-01-08
2025-02-12,7203.T,0,1,0,41.61,27.21,31.19,2800.0,LOSS,-4.0,5,2022-12-02,2025-01-08
2025-02-13,7203.T,0,0,1,36.23,28.85,34.91,2825.5,LOSS,-4.0,4,2022-12-02,2025-01-08
2025-02-14,7203.T,0,0,1,43.38,26.86,29.76,2804.5,LOSS,-4.0,3,2023-01-04,2025-02-07
2025-02-18,7203.T,0,0,1,42.7,24.78,32.53,2804.0,LOSS,-4.0,2,2023-01-04,2025-02-07
2025-02-19,7203.T,0,0,1,40.8,26.84,32.35,2755.5,HOLD,1.03,5,2023-01-04,2025-02-07
2025-02-20,7203.T,2,1,0,30.47,33.7,35.82,2710.5,TIMEOUT_LOSS,-0.79,5,2023-01-04,2025-02-07
2025-02-21,7203.T,2,2,1,32.84,31.35,35.82,2706.0,HOLD,3.29,5,2023-01-04,2025-02-07
2025-02-25,7203.T,2,1,0,36.57,23.02,40.4,2710.5,HOLD,1.59,5,2023-01-04,2025-02-07
2025-02-26,7203.T,2,2,1,38.36,21.89,39.75,2725.0,HOLD,4.57,5,2023-01-04,2025-02-07
2025-02-27,7203.T,0,1,0,41.19,25.07,33.74,2784.0,HOLD,1.38,5,2023-01-04,2025-02-07
2025-02-28,7203.T,2,2,1,32.95,26.47,40.58,2689.0,HOLD,4.24,5,2023-01-04,2025-02-07
2025-03-03,7203.T,2,1,0,35.27,25.46,39.26,2795.0,HOLD,1.22,5,2023-01-04,2025-02-07
2025-03-04,7203.T,2,2,1,31.89,24.15,43.96,2753.5,HOLD,0.04,5,2023-01-04,2025-02-07
2025-03-05,7203.T,2,1,0,34.51,25.96,39.53,2849.5,LOSS,-4.0,4,2023-01-04,2025-02-07
2025-03-06,7203.T,0,0,1,41.62,27.06,31.33,2822.5,TIMEOUT_LOSS,-3.67,5,2023-01-04,2025-02-07
2025-03-07,7203.T,2,1,0,33.17,25.72,41.1,2803.0,TIMEOUT_LOSS,-2.02,5,2023-01-04,2025-02-07
2025-03-10,7203.T,0,0,1,38.15,27.88,33.97,2829.0,LOSS,-4.0,1,2023-01-04,2025-02-07
2025-03-11,7203.T,2,1,0,30.05,27.59,42.35,2754.5,HOLD,3.07,5,2023-01-04,2025-02-07
2025-03-12,7203.T,2,1,0,34.18,26.03,39.79,2761.5,HOLD,4.73,5,2023-01-04,2025-02-07
2025-03-13,7203.T,0,2,0,37.28,26.91,35.81,2719.0,HOLD,4.62,5,2023-01-04,2025-02-07
2025-03-14,7203.T,2,2,1,31.61,25.41,42.98,2746.5,HOLD,4.24,5,2023-01-04,2025-02-07
2025-03-17,7203.T,0,2,0,39.01,30.12,30.86,2760.5,HOLD,4.42,5,2023-01-04,2025-02-07
2025-03-18,7203.T,0,1,0,50.05,32.62,17.34,2839.0,HOLD,1.71,5,2023-02-03,2025-03-12
2025-03-19,7203.T,0,1,0,46.1,32.21,21.7,2892.0,LOSS,-4.0,5,2023-02-03,2025-03-12
2025-03-21,7203.T,0,2,0,41.51,34.26,24.24,2844.5,LOSS,-4.0,5,2023-02-03,2025-03-12
2025-03-24,7203.T,0,1,0,46.27,31.63,22.11,2863.0,LOSS,-4.0,4,2023-02-03,2025-03-12
2025-03-25,7203.T,0,0,1,52.09,28.57,19.34,2882.5,LOSS,-4.0,3,2023-02-03,2025-03-12
2025-03-26,7203.T,0,0,1,45.61,30.32,24.07,2887.5,LOSS,-4.0,1,2023-02-03,2025-03-12
2025-03-27,7203.T,0,0,1,39.5,35.2,25.3,2828.5,LOSS,-4.0,1,2023-02-03,2025-03-12
2025-03-28,7203.T,1,0,0,31.49,35.71,32.8,2700.5,LOSS,-4.0,1,2023-02-03,2025-03-12
2025-03-31,7203.T,2,0,0,22.77,35.24,41.99,2616.0,LOSS,-4.0,3,2023-02-03,2025-03-12
2025-04-01,7203.T,2,0,0,24.81,32.42,42.77,2630.5,LOSS,-4.0,2,2023-02-03,2025-03-12
2025-04-02,7203.T,2,0,0,24.91,35.2,39.89,2656.0,LOSS,-4.0,1,2023-02-03,2025-03-12
2025-04-03,7203.T,2,0,0,25.66,27.27,47.07,2518.5,LOSS,-4.0,1,2023-02-03,2025-03-12
2025-04-04,7203.T,2,0,0,23.96,26.06,49.98,2407.5,LOSS,-4.0,1,2023-02-03,2025-03-12
2025-04-07,7203.T,2,2,1,24.13,22.47,53.4,2266.5,WIN,8.0,1,2023-02-03,2025-03-12
2025-04-08,7203.T,2,1,0,22.28,24.03,53.69,2428.5,LOSS,-4.0,1,2023-02-03,2025-03-12
2025-04-09,7203.T,2,2,1,21.41,29.12,49.47,2365.5,WIN,8.0,1,2023-02-03,2025-03-12
2025-04-10,7203.T,2,0,0,24.97,24.01,51.02,2543.0,LOSS,-4.0,1,2023-02-03,2025-03-12
2025-04-11,7203.T,2,2,1,17.44,19.72,62.84,2420.0,HOLD,2.09,5,2023-02-03,2025-03-12
2025-04-14,7203.T,2,2,1,10.41,23.07,66.53,2410.0,HOLD,2.03,5,2023-02-03,2025-03-12
2025-04-15,7203.T,2,1,0,18.23,30.07,51.69,2499.0,HOLD,3.32,5,2023-02-03,2025-03-12
2025-04-16,7203.T,2,0,0,22.07,27.85,50.08,2499.0,WIN,8.0,5,2023-03-07,2025-04-10
2025-04-17,7203.T,2,2,1,23.21,26.16,50.62,2498.5,WIN,8.0,4,2023-03-07,2025-04-10
2025-04-21,7203.T,2,2,1,22.78,31.95,45.26,2470.5,WIN,8.0,3,2023-03-07,2025-04-10
2025-04-22,7203.T,2,2,1,20.91,26.61,52.48,2459.0,WIN,8.0,2,2023-03-07,2025-04-10
2025-04-23,7203.T,1,2,0,31.14,37.57,31.3,2582.0,WIN,8.0,3,2023-03-07,2025-04-10
2025-04-24,7203.T,1,2,0,32.3,36.96,30.75,2657.5,HOLD,4.61,5,2023-03-07,2025-04-10
2025-04-25,7203.T,0,2,0,38.13,35.12,26.75,2690.0,HOLD,0.59,5,2023-03-07,2025-04-10
2025-04-28,7203.T,0,1,0,41.87,39.59,18.54,2786.5,LOSS,-4.0,5,2023-03-07,2025-04-10
2025-04-30,7203.T,1,1,1,34.36,38.07,27.57,2729.0,TIMEOUT_LOSS,-0.35,5,2023-03-07,2025-04-10
2025-05-01,7203.T,0,0,1,41.33,36.95,21.73,2751.0,LOSS,-4.0,3,2023-03-07,2025-04-10
2025-05-02,7203.T,0,0,1,47.98,31.64,20.38,2780.0,LOSS,-4.0,2,2023-03-07,2025-04-10
2025-05-07,7203.T,1,2,0,28.77,43.92,27.31,2706.0,HOLD,1.61,5,2023-03-07,2025-04-10
2025-05-08,7203.T,1,2,0,28.93,47.91,23.16,2671.5,TIMEOUT_LOSS,-0.54,5,2023-03-07,2025-04-10
2025-05-09,7203.T,1,1,1,34.93,47.4,17.68,2719.5,LOSS,-4.0,5,2023-03-07,2025-04-10
2025-05-12,7203.T,1,0,0,33.77,45.74,20.49,2753.5,LOSS,-4.0,4,2023-03-07,2025-04-10
2025-05-13,7203.T,0,0,1,43.9,37.45,18.65,2850.0,LOSS,-4.0,1,2023-03-07,2025-04-10
2025-05-14,7203.T,1,0,0,28.83,45.22,25.95,2749.5,LOSS,-4.0,2,2023-03-07,2025-04-10
2025-05-15,7203.T,1,1,1,23.68,47.03,29.29,2657.0,TIMEOUT_LOSS,-1.39,5,2023-03-07,2025-04-10
2025-05-16,7203.T,1,1,1,24.36,47.37,28.28,2642.5,TIMEOUT_LOSS,-0.72,5,2023-03-07,2025-04-10
2025-05-19,7203.T,1,0,0,31.6,43.11,25.29,2665.0,TIMEOUT_LOSS,-0.94,5,2023-03-07,2025-04-10
2025-05-20,7203.T,1,0,0,26.81,40.0,33.19,2672.5,TIMEOUT_LOSS,-1.53,5,2023-04-05,2025-05-14
2025-05-21,7203.T,1,1,1,26.61,40.28,33.11,2662.5,HOLD,2.7,5,2023-04-05,2025-05-14
2025-05-22,7203.T,2,1,0,23.86,35.5,40.64,2620.0,HOLD,5.69,5,2023-04-05,2025-05-14
2025-05-23,7203.T,1,2,0,27.55,36.4,36.06,2623.5,HOLD,2.57,5,2023-04-05,2025-05-14
2025-05-27,7203.T,1,2,0,26.39,38.35,35.26,2640.0,HOLD,1.33,5,2023-04-05,2025-05-14
2025-05-28,7203.T,0,2,0,41.76,30.17,28.07,2631.5,HOLD,3.53,5,2023-04-05,2025-05-14
2025-05-29,7203.T,1,0,0,27.07,49.91,23.02,2734.5,TIMEOUT_LOSS,-3.07,5,2023-04-05,2025-05-14
2025-05-30,7203.T,1,0,0,33.14,43.37,23.49,2769.0,LOSS,-4.0,2,2023-04-05,2025-05-14
2025-06-02,7203.T,1,0,0,31.64,38.38,29.98,2691.0,TIMEOUT_LOSS,-1.9,5,2023-04-05,2025-05-14
2025-06-03,7203.T,1,1,1,34.95,35.74,29.31,2675.0,TIMEOUT_LOSS,-0.65,5,2023-04-05,2025-05-14
2025-06-04,7203.T,1,0,0,32.61,41.61,25.78,2724.5,TIMEOUT_LOSS,-2.51,5,2023-04-05,2025-05-14
2025-06-05,7203.T,2,1,0,30.2,33.92,35.88,2650.5,TIMEOUT_LOSS,-1.28,5,2023-04-05,2025-05-14
2025-06-06,7203.T,2,1,0,28.47,35.11,36.41,2652.0,LOSS,-4.0,5,2023-04-05,2025-05-14
2025-06-09,7203.T,1,1,1,27.4,40.87,31.73,2640.0,TIMEOUT_LOSS,-3.24,5,2023-04-05,2025-05-14
2025-06-10,7203.T,1,0,0,29.32,40.65,30.02,2657.5,LOSS,-4.0,3,2023-04-05,2025-05-14
2025-06-11,7203.T,1,0,0,27.82,41.15,31.02,2656.0,LOSS,-4.0,2,2023-04-05,2025-05-14
2025-06-12,7203.T,2,0,0,25.23,32.78,41.99,2616.5,LOSS,-4.0,5,2023-04-05,2025-05-14
2025-06-13,7203.T,2,1,0,21.57,32.03,46.4,2555.0,TIMEOUT_LOSS,-2.41,5,2023-04-05,2025-05-14
2025-06-16,7203.T,2,0,0,21.83,33.12,45.05,2554.5,TIMEOUT_LOSS,-2.52,5,2023-04-05,2025-05-14
2025-06-17,7203.T,1,0,0,25.11,37.79,37.1,2538.0,TIMEOUT_LOSS,-3.05,5,2023-04-05,2025-05-14
2025-06-18,7203.T,2,0,0,28.21,34.13,37.66,2569.0,LOSS,-4.0,2,2023-05-09,2025-06-12
2025-06-20,7203.T,1,0,0,32.44,34.24,33.32,2502.5,HOLD,0.98,5,2023-05-09,2025-06-12
2025-06-23,7203.T,2,1,0,27.47,33.78,38.75,2493.5,TIMEOUT_LOSS,-0.02,5,2023-05-09,2025-06-12
2025-06-24,7203.T,2,1,0,30.71,32.47,36.81,2490.0,TIMEOUT_LOSS,-1.49,5,2023-05-09,2025-06-12
2025-06-25,7203.T,1,1,1,31.47,34.51,34.02,2460.5,HOLD,0.2,5,2023-05-09,2025-06-12
2025-06-26,7203.T,1,1,1,28.49,38.72,32.79,2456.5,HOLD,2.24,5,2023-05-09,2025-06-12
2025-06-27,7203.T,1,0,0,35.57,38.58,25.84,2527.0,TIMEOUT_LOSS,-2.91,5,2023-05-09,2025-06-12
2025-06-30,7203.T,1,1,1,29.67,42.09,28.25,2493.0,TIMEOUT_LOSS,-1.12,5,2023-05-09,2025-06-12
2025-07-01,7203.T,1,1,1,24.82,42.53,32.65,2453.0,HOLD,1.41,5,2023-05-09,2025-06-12
2025-07-02,7203.T,1,1,1,29.88,36.1,34.02,2465.5,HOLD,0.32,5,2023-05-09,2025-06-12
2025-07-03,7203.T,1,1,1,29.24,38.6,32.16,2511.5,TIMEOUT_LOSS,-0.14,5,2023-05-09,2025-06-12
2025-07-07,7203.T,2,1,0,26.62,34.98,38.4,2453.5,HOLD,3.18,5,2023-05-09,2025-06-12
2025-07-08,7203.T,2,2,1,21.68,36.66,41.66,2465.0,HOLD,2.72,5,2023-05-09,2025-06-12
2025-07-09,7203.T,1,2,0,27.71,39.76,32.53,2487.5,HOLD,0.88,5,2023-05-09,2025-06-12
2025-07-10,7203.T,2,2,1,32.29,30.67,37.04,2473.5,HOLD,1.9,5,2023-05-09,2025-06-12
2025-07-11,7203.T,2,1,0,28.68,33.99,37.33,2508.0,HOLD,0.32,5,2023-05-09,2025-06-12
2025-07-14,7203.T,2,1,0,26.78,30.13,43.09,2531.5,TIMEOUT_LOSS,-1.38,5,2023-05-09,2025-06-12
2025-07-15,7203.T,2,1,0,25.73,29.25,45.02,2532.0,WIN,8.0,5,2023-05-09,2025-06-12
2025-07-16,7203.T,2,1,0,27.36,31.95,40.69,2509.5,WIN,8.0,4,2023-05-09,2025-06-12
2025-07-17,7203.T,2,2,1,26.58,33.93,39.49,2520.5,WIN,8.0,3,2023-05-09,2025-06-12
2025-07-18,7203.T,1,2,0,26.79,42.78,30.44,2516.0,WIN,8.0,2,2023-06-07,2025-07-14
2025-07-22,7203.T,1,2,0,21.97,44.93,33.1,2496.5,WIN,8.0,1,2023-06-07,2025-07-14
2025-07-23,7203.T,1,0,0,36.28,41.12,22.6,2854.5,LOSS,-4.0,4,2023-06-07,2025-07-14
2025-07-24,7203.T,0,0,1,40.88,36.38,22.73,2844.5,LOSS,-4.0,3,2023-06-07,2025-07-14
2025-07-25,7203.T,1,0,0,37.03,41.09,21.89,2787.0,TIMEOUT_LOSS,-2.24,5,2023-06-07,2025-07-14
2025-07-28,7203.T,0,0,1,39.43,34.94,25.63,2805.0,LOSS,-4.0,5,2023-06-07,2025-07-14
2025-07-29,7203.T,0,1,0,36.41,35.57,28.02,2741.5,TIMEOUT_LOSS,-2.28,5,2023-06-07,2025-07-14
2025-07-30,7203.T,0,0,1,38.31,33.32,28.38,2743.5,TIMEOUT_LOSS,-0.82,5,2023-06-07,2025-07-14
2025-07-31,7203.T,1,1,1,35.91,41.38,22.71,2696.5,TIMEOUT_LOSS,-0.61,5,2023-06-07,2025-07-14
2025-08-01,7203.T,0,1,0,41.08,32.16,26.76,2724.5,HOLD,1.78,5,2023-06-07,2025-07-14
2025-08-04,7203.T,1,1,1,34.07,36.17,29.76,2675.0,HOLD,6.73,5,2023-06-07,2025-07-14
2025-08-05,7203.T,1,2,0,36.29,37.59,26.13,2679.0,WIN,8.0,5,2023-06-07,2025-07-14
2025-08-06,7203.T,0,2,0,40.76,32.97,26.27,2721.0,HOLD,3.09,5,2023-06-07,2025-07-14
2025-08-07,7203.T,1,2,0,35.72,37.9,26.38,2680.0,WIN,8.0,3,2023-06-07,2025-07-14
2025-08-08,7203.T,0,1,0,39.36,39.11,21.54,2773.0,HOLD,4.69,5,2023-06-07,2025-07-14
2025-08-12,7203.T,0,1,0,40.09,36.88,23.03,2855.0,HOLD,2.45,5,2023-06-07,2025-07-14
2025-08-13,7203.T,0,1,0,42.08,36.72,21.21,2875.0,HOLD,2.16,5,2023-06-07,2025-07-14
2025-08-14,7203.T,1,2,0,33.66,39.32,27.02,2805.0,HOLD,3.53,5,2023-06-07,2025-07-14
2025-08-15,7203.T,0,2,0,38.15,37.54,24.31,2854.0,HOLD,3.12,5,2023-06-07,2025-07-14
2025-08-18,7203.T,0,1,0,39.51,38.4,22.08,2903.0,HOLD,1.27,5,2023-06-07,2025-07-14
2025-08-19,7203.T,1,1,1,40.26,40.31,19.43,2925.0,TIMEOUT_LOSS,-0.91,5,2023-07-07,2025-08-13
2025-08-20,7203.T,0,1,0,43.54,34.37,22.09,2937.0,TIMEOUT_LOSS,-1.11,5,2023-07-07,2025-08-13
2025-08-21,7203.T,0,1,0,41.41,36.89,21.7,2904.0,HOLD,0.52,5,2023-07-07,2025-08-13
2025-08-22,7203.T,0,1,0,41.78,33.63,24.59,2943.0,TIMEOUT_LOSS,-2.38,5,2023-07-07,2025-08-13
2025-08-25,7203.T,0,1,0,43.38,36.3,20.32,2940.0,TIMEOUT_LOSS,-2.41,5,2023-07-07,2025-08-13
2025-08-26,7203.T,0,1,0,46.12,34.59,19.29,2898.5,TIMEOUT_LOSS,-1.62,5,2023-07-07,2025-08-13
2025-08-27,7203.T,0,1,0,42.35,29.55,28.1,2904.5,HOLD,0.02,5,2023-07-07,2025-08-13
2025-08-28,7203.T,0,0,1,42.17,32.48,25.35,2919.0,HOLD,1.49,5,2023-07-07,2025-08-13
2025-08-29,7203.T,0,1,0,39.7,35.55,24.75,2873.0,HOLD,3.38,5,2023-07-07,2025-08-13
2025-09-02,7203.T,0,2,0,41.06,29.65,29.29,2869.0,HOLD,2.79,5,2023-07-07,2025-08-13
2025-09-03,7203.T,0,2,0,38.12,27.33,34.55,2851.5,HOLD,2.17,5,2023-07-07,2025-08-13
2025-09-04,7203.T,0,2,0,38.38,26.49,35.13,2905.0,TIMEOUT_LOSS,-0.64,5,2023-07-07,2025-08-13
2025-09-05,7203.T,0,0,1,40.2,33.61,26.19,2962.5,TIMEOUT_LOSS,-2.48,5,2023-07-07,2025-08-13
2025-09-08,7203.T,1,0,0,31.77,37.58,30.65,2970.0,TIMEOUT_LOSS,-1.2,5,2023-07-07,2025-08-13
2025-09-09,7203.T,1,0,0,29.59,39.7,30.71,2949.0,HOLD,0.05,5,2023-07-07,2025-08-13
2025-09-10,7203.T,1,1,1,35.24,37.48,27.29,2913.5,HOLD,0.93,5,2023-07-07,2025-08-13
2025-09-11,7203.T,1,2,0,28.89,45.86,25.25,2886.5,HOLD,1.26,5,2023-07-07,2025-08-13
2025-09-12,7203.T,1,2,0,28.63,45.35,26.02,2889.0,HOLD,2.6,5,2023-07-07,2025-08-13
2025-09-16,7203.T,1,1,1,25.19,43.47,31.34,2934.5,TIMEOUT_LOSS,-0.17,5,2023-07-07,2025-08-13
2025-09-17,7203.T,1,1,1,26.15,39.65,34.19,2950.5,HOLD,0.37,5,2023-07-07,2025-08-13
2025-09-18,7203.T,1,1,1,27.88,37.38,34.74,2940.5,HOLD,0.99,5,2023-08-07,2025-09-11
2025-09-19,7203.T,1,1,1,33.23,36.48,30.29,2923.0,TIMEOUT_LOSS,-1.81,5,2023-08-07,2025-09-11
2025-09-22,7203.T,1,1,1,28.97,38.17,32.86,2964.0,LOSS,-4.0,5,2023-08-07,2025-09-11
2025-09-24,7203.T,1,0,0,29.71,38.71,31.58,2929.5,LOSS,-4.0,5,2023-08-07,2025-09-11
2025-09-25,7203.T,1,0,0,33.39,34.27,32.34,2961.5,LOSS,-4.0,3,2023-08-07,2025-09-11
2025-09-26,7203.T,1,0,0,28.77,36.14,35.1,2969.5,LOSS,-4.0,2,2023-08-07,2025-09-11
2025-09-29,7203.T,1,0,0,30.37,36.44,33.2,2870.0,HOLD,3.62,5,2023-08-07,2025-09-11
2025-09-30,7203.T,1,1,1,33.37,36.01,30.62,2849.5,HOLD,6.09,5,2023-08-07,2025-09-11
2025-10-01,7203.T,2,2,1,29.41,33.79,36.8,2821.5,WIN,8.0,5,2023-08-07,2025-09-11
2025-10-02,7203.T,0,2,0,35.29,32.25,32.45,2805.0,WIN,8.0,3,2023-08-07,2025-09-11
2025-10-03,7203.T,2,2,1,32.98,31.49,35.53,2839.5,WIN,8.0,3,2023-08-07,2025-09-11
2025-10-06,7203.T,0,1,0,43.78,38.65,17.57,2974.0,LOSS,-4.0,5,2023-08-07,2025-09-11
2025-10-07,7203.T,0,0,1,45.3,35.29,19.41,3023.0,LOSS,-4.0,3,2023-08-07,2025-09-11
2025-10-08,7203.T,1,0,0,31.96,46.21,21.83,3009.0,LOSS,-4.0,3,2023-08-07,2025-09-11
2025-10-09,7203.T,1,1,1,28.95,47.37,23.68,2947.5,TIMEOUT_LOSS,-0.47,5,2023-08-07,2025-09-11
2025-10-10,7203.T,1,2,0,27.55,49.04,23.41,2898.5,HOLD,3.61,5,2023-08-07,2025-09-11
2025-10-14,7203.T,0,2,0,46.67,32.48,20.85,2871.5,HOLD,4.65,5,2023-08-07,2025-09-11
2025-10-15,7203.T,1,2,0,37.09,37.86,25.05,2913.5,WIN,8.0,5,2023-08-07,2025-09-11
2025-10-16,7203.T,0,2,0,45.17,35.68,19.15,2954.5,HOLD,4.62,5,2023-08-07,2025-09-11
2025-10-17,7203.T,1,2,0,31.86,47.54,20.6,2933.5,HOLD,6.6,5,2023-08-07,2025-09-11
2025-10-20,7203.T,0,2,0,48.8,34.76,16.44,3003.0,HOLD,7.16,5,2023-09-06,2025-10-14
2025-10-21,7203.T,0,2,0,56.17,27.01,16.83,3005.0,HOLD,5.52,5,2023-09-06,2025-10-14
2025-10-22,7203.T,0,2,0,45.48,36.3,18.22,3104.0,HOLD,1.35,5,2023-09-06,2025-10-14
2025-10-23,7203.T,0,2,0,46.06,36.39,17.56,3091.0,HOLD,3.04,5,2023-09-06,2025-10-14
2025-10-24,7203.T,0,1,0,43.03,39.61,17.37,3127.0,HOLD,0.35,5,2023-09-06,2025-10-14
2025-10-27,7203.T,0,1,0,43.52,39.6,16.88,3218.0,TIMEOUT_LOSS,-1.96,5,2023-09-06,2025-10-14
2025-10-28,7203.T,0,1,0,42.43,36.54,21.03,3171.0,LOSS,-4.0,5,2023-09-06,2025-10-14
2025-10-29,7203.T,1,1,1,35.33,45.21,19.46,3146.0,LOSS,-4.0,4,2023-09-06,2025-10-14
2025-10-30,7203.T,1,0,0,36.69,45.49,17.82,3185.0,LOSS,-4.0,3,2023-09-06,2025-10-14
2025-10-31,7203.T,1,1,1,29.04,50.22,20.75,3138.0,LOSS,-4.0,2,2023-09-06,2025-10-14
2025-11-04,7203.T,1,1,1,33.65,42.83,23.52,3155.0,LOSS,-4.0,1,2023-09-06,2025-10-14
2025-11-05,7203.T,1,2,0,37.73,38.4,23.87,3040.0,HOLD,4.93,5,2023-09-06,2025-10-14
2025-11-06,7203.T,1,1,1,36.89,40.82,22.29,3139.0,HOLD,1.88,5,2023-09-06,2025-10-14
2025-11-07,7203.T,0,2,0,38.48,36.31,25.21,3118.0,HOLD,1.99,5,2023-09-06,2025-10-14
2025-11-10,7203.T,1,2,0,38.77,39.38,21.85,3131.0,TIMEOUT_LOSS,-0.38,5,2023-09-06,2025-10-14
2025-11-11,7203.T,1,1,1,35.36,40.0,24.64,3147.0,TIMEOUT_LOSS,-3.75,5,2023-09-06,2025-10-14
2025-11-12,7203.T,0,0,1,41.11,37.22,21.67,3190.0,LOSS,-4.0,4,2023-09-06,2025-10-14
2025-11-13,7203.T,0,0,1,40.52,38.04,21.44,3198.0,LOSS,-4.0,3,2023-09-06,2025-10-14
2025-11-14,7203.T,0,0,1,40.35,34.1,25.55,3180.0,LOSS,-4.0,2,2023-09-06,2025-10-14
2025-11-17,7203.T,0,0,1,37.41,34.79,27.8,3119.0,TIMEOUT_LOSS,-1.35,5,2023-09-06,2025-10-14
2025-11-18,7203.T,0,2,0,38.62,24.63,36.75,3029.0,HOLD,3.7,5,2023-10-05,2025-11-12
2025-11-19,7203.T,0,1,0,40.82,24.81,34.37,3037.0,HOLD,3.16,5,2023-10-05,2025-11-12
2025-11-20,7203.T,0,2,0,39.62,23.12,37.26,3044.0,HOLD,1.25,5,2023-10-05,2025-11-12
2025-11-21,7203.T,0,1,0,39.02,24.1,36.89,3097.0,TIMEOUT_LOSS,-1.68,5,2023-10-05,2025-11-12
2025-11-25,7203.T,0,1,0,39.68,26.99,33.33,3077.0,TIMEOUT_LOSS,-2.34,5,2023-10-05,2025-11-12
2025-11-26,7203.T,0,0,1,41.02,31.06,27.91,3141.0,LOSS,-4.0,4,2023-10-05,2025-11-12
2025-11-28,7203.T,0,0,1,36.3,28.18,35.52,3133.0,LOSS,-4.0,3,2023-10-05,2025-11-12
2025-12-01,7203.T,0,1,0,40.41,24.83,34.76,3082.0,TIMEOUT_LOSS,-0.71,5,2023-10-05,2025-11-12
2025-12-02,7203.T,0,1,0,45.89,21.77,32.34,3045.0,HOLD,0.69,5,2023-10-05,2025-11-12
2025-12-03,7203.T,0,2,0,41.13,24.78,34.09,3005.0,HOLD,3.69,5,2023-10-05,2025-11-12
2025-12-04,7203.T,0,1,0,40.03,28.1,31.87,3103.0,HOLD,0.23,5,2023-10-05,2025-11-12
2025-12-05,7203.T,0,2,0,43.45,24.22,32.33,3032.0,HOLD,7.52,5,2023-10-05,2025-11-12
2025-12-08,7203.T,0,2,0,37.0,30.99,32.01,3060.0,WIN,8.0,5,2023-10-05,2025-11-12
2025-12-09,7203.T,0,2,0,38.81,28.15,33.04,3066.0,WIN,8.0,4,2023-10-05,2025-11-12
2025-12-10,7203.T,0,2,0,37.03,31.05,31.92,3116.0,WIN,8.0,4,2023-10-05,2025-11-12
2025-12-11,7203.T,0,2,0,38.26,27.53,34.21,3110.0,WIN,8.0,3,2023-10-05,2025-11-12
2025-12-12,7203.T,0,2,0,39.24,31.67,29.09,3260.0,HOLD,5.03,5,2023-10-05,2025-11-12
2025-12-15,7203.T,0,1,0,35.0,31.97,33.03,3350.0,HOLD,3.13,5,2023-10-05,2025-11-12
2025-12-16,7203.T,0,2,0,37.65,33.88,28.47,3330.0,HOLD,2.55,5,2023-10-05,2025-11-12
2025-12-17,7203.T,0,2,0,36.45,31.09,32.46,3349.0,HOLD,0.12,5,2023-10-05,2025-11-12
2025-12-18,7203.T,0,2,0,43.18,25.34,31.48,3363.0,HOLD,0.51,5,2023-11-06,2025-12-12
2025-12-19,7203.T,0,0,1,39.46,24.9,35.64,3424.0,TIMEOUT_LOSS,-1.75,5,2023-11-06,2025-12-12
2025-12-22,7203.T,0,0,1,45.4,25.58,29.02,3455.0,TIMEOUT_LOSS,-2.87,5,2023-11-06,2025-12-12
2025-12-23,7203.T,0,1,0,46.58,25.1,28.32,3415.0,TIMEOUT_LOSS,-0.47,5,2023-11-06,2025-12-12
2025-12-24,7203.T,0,1,0,41.83,30.16,28.01,3353.0,HOLD,2.27,5,2023-11-06,2025-12-12
2025-12-26,7203.T,1,1,1,34.39,34.98,30.63,3380.0,TIMEOUT_LOSS,-1.33,5,2023-11-06,2025-12-12
2025-12-29,7203.T,2,2,1,33.5,32.65,33.85,3364.0,TIMEOUT_LOSS,-2.08,5,2023-11-06,2025-12-12
2025-12-30,7203.T,2,1,0,35.2,28.67,36.12,3356.0,HOLD,0.95,5,2023-11-06,2025-12-12
2026-01-05,7203.T,0,0,1,38.67,31.29,30.04,3399.0,HOLD,7.12,5,2023-11-06,2025-12-12
2026-01-06,7203.T,1,1,1,34.82,37.74,27.43,3429.0,LOSS,-4.0,2,2023-11-06,2025-12-12
2026-01-07,7203.T,1,2,0,27.44,39.11,33.45,3335.0,WIN,8.0,3,2023-11-06,2025-12-12
2026-01-08,7203.T,2,2,1,26.71,34.37,38.91,3294.0,WIN,8.0,2,2023-11-06,2025-12-12
2026-01-09,7203.T,1,2,0,33.14,34.98,31.88,3388.0,WIN,8.0,3,2023-11-06,2025-12-12
2026-01-13,7203.T,2,1,0,29.93,34.43,35.64,3641.0,LOSS,-4.0,5,2023-11-06,2025-12-12
2026-01-14,7203.T,1,0,0,38.7,39.25,22.06,3622.0,TIMEOUT_LOSS,-1.05,5,2023-11-06,2025-12-12
2026-01-15,7203.T,1,0,0,29.07,46.14,24.79,3714.0,LOSS,-4.0,2,2023-11-06,2025-12-12
2026-01-16,7203.T,1,0,0,33.96,45.15,20.89,3670.0,LOSS,-4.0,2,2023-11-06,2025-12-12
2026-01-20,7203.T,2,2,1,33.34,29.85,36.81,3541.0,TIMEOUT_LOSS,-2.32,5,2023-11-06,2025-12-12
2026-01-21,7203.T,0,0,1,35.67,30.42,33.91,3552.0,LOSS,-4.0,5,2023-11-06,2025-12-12
2026-01-22,7203.T,1,0,0,32.51,34.74,32.74,3584.0,LOSS,-4.0,3,2023-11-06,2025-12-12
2026-01-23,7203.T,0,0,1,44.69,31.66,23.65,3624.0,LOSS,-4.0,1,2023-12-05,2026-01-16
2026-01-26,7203.T,2,1,0,27.16,33.52,39.32,3477.0,HOLD,1.67,5,2023-12-05,2026-01-16
2026-01-27,7203.T,2,1,0,23.92,32.71,43.38,3459.0,HOLD,3.9,5,2023-12-05,2026-01-16
2026-01-28,7203.T,2,2,1,25.43,32.07,42.5,3347.0,WIN,8.0,3,2023-12-05,2026-01-16
2026-01-29,7203.T,2,2,1,23.24,35.26,41.5,3448.0,WIN,8.0,4,2023-12-05,2026-01-16
2026-01-30,7203.T,2,2,1,25.54,32.36,42.1,3504.0,WIN,8.0,4,2023-12-05,2026-01-16
2026-02-02,7203.T,2,2,1,32.25,32.0,35.75,3535.0,WIN,8.0,5,2023-12-05,2026-01-16
2026-02-03,7203.T,1,2,0,34.87,39.5,25.63,3594.0,WIN,8.0,4,2023-12-05,2026-01-16
2026-02-04,7203.T,1,1,1,34.05,44.53,21.42,3725.0,TIMEOUT_LOSS,-0.54,5,2023-12-05,2026-01-16
2026-02-05,7203.T,0,1,0,40.69,36.35,22.96,3706.0,HOLD,1.83,5,2023-12-05,2026-01-16
2026-02-06,7203.T,0,0,1,41.07,35.36,23.56,3780.0,TIMEOUT_LOSS,-1.77,5,2023-12-05,2026-01-16
2026-02-09,7203.T,0,1,0,53.0,32.64,14.36,3729.0,HOLD,0.03,5,2023-12-05,2026-01-16
2026-02-10,7203.T,1,1,1,36.89,46.71,16.4,3714.0,HOLD,1.62,5,2023-12-05,2026-01-16
2026-02-12,7203.T,1,1,1,32.98,44.78,22.25,3705.0,TIMEOUT_LOSS,-1.89,5,2023-12-05,2026-01-16
2026-02-13,7203.T,0,1,0,39.22,37.46,23.32,3774.0,LOSS,-4.0,4,2023-12-05,2026-01-16
2026-02-17,7203.T,1,0,0,34.79,42.47,22.74,3713.0,HOLD,0.19,5,2023-12-05,2026-01-16
2026-02-18,7203.T,0,0,1,38.05,36.82,25.13,3730.0,HOLD,1.23,5,2023-12-05,2026-01-16
2026-02-19,7203.T,0,1,0,40.76,40.62,18.62,3774.0,LOSS,-4.0,1,2023-12-05,2026-01-16
2026-02-20,7203.T,2,2,1,33.26,32.5,34.24,3635.0,WIN,8.0,5,2023-12-05,2026-01-16
2026-02-24,7203.T,0,2,0,36.91,31.78,31.31,3656.0,WIN,8.0,4,2023-12-05,2026-01-16
2026-02-25,7203.T,1,2,0,31.83,42.77,25.41,3720.0,LOSS,-4.0,5,2024-01-09,2026-02-18
2026-02-26,7203.T,1,0,0,37.56,46.9,15.54,3776.0,LOSS,-4.0,4,2024-01-09,2026-02-18
2026-02-27,7203.T,1,0,0,40.88,42.11,17.01,3825.0,LOSS,-4.0,1,2024-01-09,2026-02-18
2026-03-02,7203.T,1,0,0,41.29,42.14,16.57,3944.0,LOSS,-4.0,1,2024-01-09,2026-02-18
2026-03-03,7203.T,0,0,1,39.56,28.14,32.3,3702.0,LOSS,-4.0,1,2024-01-09,2026-02-18
2026-03-04,7203.T,0,0,1,37.07,32.44,30.49,3520.0,LOSS,-4.0,3,2024-01-09,2026-02-18
2026-03-05,7203.T,2,1,0,29.97,32.84,37.19,3481.0,LOSS,-4.0,2,2024-01-09,2026-02-18
2026-03-06,7203.T,1,1,1,31.27,37.93,30.8,3515.0,LOSS,-4.0,1,2024-01-09,2026-02-18
2026-03-09,7203.T,1,2,0,29.27,44.58,26.15,3393.0,TIMEOUT_LOSS,-1.62,5,2024-01-09,2026-02-18
2026-03-10,7203.T,1,0,0,33.38,38.49,28.12,3473.0,LOSS,-4.0,4,2024-01-09,2026-02-18
2026-03-11,7203.T,1,0,0,26.09,45.1,28.81,3510.0,LOSS,-4.0,2,2024-01-09,2026-02-18
2026-03-12,7203.T,1,0,0,30.77,39.78,29.45,3467.0,LOSS,-4.0,2,2024-01-09,2026-02-18
2026-03-13,7203.T,1,1,1,34.11,37.63,28.26,3370.0,LOSS,-4.0,5,2024-01-09,2026-02-18
2026-03-16,7203.T,1,1,1,32.04,38.11,29.86,3338.0,LOSS,-4.0,4,2024-01-09,2026-02-18
2026-03-17,7203.T,0,0,1,39.34,32.6,28.06,3379.0,LOSS,-4.0,3,2024-01-09,2026-02-18
2026-03-18,7203.T,1,0,0,33.51,40.32,26.16,3404.0,LOSS,-4.0,2,2024-01-09,2026-02-18
2026-03-19,7203.T,0,1,0,39.47,33.12,27.41,3325.0,LOSS,-4.0,1,2024-01-09,2026-02-18
2026-03-23,7203.T,0,2,0,38.54,34.83,26.63,3251.0,TIMEOUT_LOSS,-0.83,5,2024-01-09,2026-02-18
2026-03-24,7203.T,0,2,0,44.42,30.47,25.11,3271.0,TIMEOUT_LOSS,-3.33,5,2024-01-09,2026-02-18
2026-03-25,7203.T,1,0,0,34.61,35.45,29.94,3338.0,LOSS,-4.0,3,2024-01-09,2026-02-18
2026-03-26,7203.T,0,0,1,53.72,31.13,15.14,3388.0,LOSS,-4.0,2,2024-02-07,2026-03-19
2026-03-27,7203.T,0,0,1,40.38,40.37,19.25,3408.0,LOSS,-4.0,1,2024-02-07,2026-03-19
2026-03-30,7203.T,1,1,1,37.53,38.71,23.76,3224.0,HOLD,0.87,5,2024-02-07,2026-03-19
2026-03-31,7203.T,1,2,0,34.34,37.94,27.72,3162.0,WIN,8.0,5,2024-02-07,2026-03-19
2026-04-01,7203.T,0,0,1,46.76,33.35,19.89,3311.0,HOLD,0.6,5,2024-02-07,2026-03-19
2026-04-02,7203.T,0,2,0,42.93,31.5,25.57,3262.0,HOLD,1.75,5,2024-02-07,2026-03-19
2026-04-06,7203.T,1,2,0,35.04,37.42,27.54,3247.0,HOLD,2.22,5,2024-02-07,2026-03-19
2026-04-07,7203.T,1,2,0,34.28,39.7,26.03,3252.0,HOLD,2.28,5,2024-02-07,2026-03-19
2026-04-08,7203.T,1,0,0,34.79,44.87,20.35,3384.0,TIMEOUT_LOSS,-0.09,5,2024-02-07,2026-03-19
2026-04-09,7203.T,1,1,1,33.27,42.66,24.07,3331.0,HOLD,1.83,5,2024-02-07,2026-03-19
2026-04-10,7203.T,1,2,0,27.05,44.44,28.51,3319.0,HOLD,0.72,5,2024-02-07,2026-03-19
2026-04-13,7203.T,1,2,0,30.14,43.1,26.76,3319.0,HOLD,2.14,5,2024-02-07,2026-03-19
2026-04-14,7203.T,1,1,1,28.18,47.64,24.19,3326.0,TIMEOUT_LOSS,-1.38,5,2024-02-07,2026-03-19
2026-04-15,7203.T,1,1,1,40.73,42.48,16.8,3381.0,LOSS,-4.0,5,2024-02-07,2026-03-19
2026-04-16,7203.T,1,0,0,36.77,42.51,20.73,3392.0,LOSS,-4.0,4,2024-02-07,2026-03-19
2026-04-17,7203.T,1,0,0,37.32,38.77,23.91,3343.0,LOSS,-4.0,3,2024-02-07,2026-03-19
2026-04-20,7203.T,1,0,0,39.41,41.89,18.7,3390.0,LOSS,-4.0,2,2024-02-07,2026-03-19
2026-04-21,7203.T,1,0,0,34.85,35.98,29.17,3280.0,LOSS,-4.0,2,2024-02-07,2026-03-19
2026-04-22,7203.T,1,0,0,33.76,37.74,28.49,3191.0,LOSS,-4.0,2,2024-02-07,2026-03-19
2026-04-23,7203.T,0,1,0,41.8,33.33,24.87,3123.0,LOSS,-4.0,4,2024-02-07,2026-03-19
2026-04-24,7203.T,1,1,1,32.06,37.96,29.98,3067.0,TIMEOUT_LOSS,-2.9,5,2024-03-11,2026-04-20
2026-04-27,7203.T,0,0,1,36.59,35.65,27.75,3067.0,LOSS,-4.0,5,2024-03-11,2026-04-20
2026-04-28,7203.T,0,0,1,42.07,31.47,26.46,3112.0,LOSS,-4.0,2,2024-03-11,2026-04-20
2026-04-30,7203.T,0,0,1,39.01,27.09,33.91,3023.0,LOSS,-4.0,3,2024-03-11,2026-04-20
2026-05-01,7203.T,2,0,0,35.44,27.8,36.76,3000.0,LOSS,-4.0,2,2024-03-11,2026-04-20
2026-05-07,7203.T,0,0,1,34.98,32.94,32.07,2978.0,LOSS,-4.0,2,2024-03-11,2026-04-20
2026-05-08,7203.T,2,1,0,32.58,32.53,34.89,2913.0,HOLD,5.9,5,2024-03-11,2026-04-20
2026-05-11,7203.T,1,2,0,31.81,36.6,31.59,2870.0,HOLD,2.94,5,2024-03-11,2026-04-20
2026-05-12,7203.T,1,2,0,26.2,37.93,35.88,2843.0,WIN,8.0,3,2024-03-11,2026-04-20
2026-05-13,7203.T,2,1,0,29.86,32.05,38.09,2939.5,HOLD,0.09,5,2024-03-11,2026-04-20
2026-05-14,7203.T,0,0,1,36.6,26.81,36.59,3008.0,TIMEOUT_LOSS,-1.0,5,2024-03-11,2026-04-20
2026-05-15,7203.T,0,0,1,40.57,26.49,32.94,3085.0,LOSS,-4.0,1,2024-03-11,2026-04-20
2026-05-18,7203.T,2,1,0,31.96,31.0,37.04,2954.5,HOLD,2.28,5,2024-03-11,2026-04-20
2026-05-19,7203.T,2,1,0,32.83,28.7,38.47,2957.0,HOLD,1.72,5,2024-03-11,2026-04-20
2026-05-20,7203.T,2,2,1,31.08,28.57,40.35,2942.0,HOLD,2.99,5,2024-03-11,2026-04-20
2026-05-21,7203.T,2,1,0,34.55,26.4,39.05,2978.0,HOLD,2.15,5,2024-03-11,2026-04-20
2026-05-22,7203.T,2,1,0,28.63,30.13,41.23,2987.0,TIMEOUT_LOSS,-2.73,5,2024-03-11,2026-04-20
2026-05-26,7203.T,2,1,0,31.73,32.67,35.6,3022.0,LOSS,-4.0,4,2024-03-11,2026-04-20
2026-05-27,7203.T,0,0,1,35.86,32.21,31.92,3008.0,LOSS,-4.0,4,2024-03-11,2026-04-20
2026-05-28,7203.T,0,0,1,45.15,27.79,27.06,3030.0,LOSS,-4.0,2,2024-03-11,2026-04-20
2026-05-29,7203.T,0,0,1,48.29,31.77,19.94,3042.0,LOSS,-4.0,1,2024-04-10,2026-05-22
2026-06-01,7203.T,1,0,0,30.31,41.75,27.94,2905.5,TIMEOUT_LOSS,-2.86,5,2024-04-10,2026-05-22
2026-06-02,7203.T,1,1,1,30.08,40.11,29.81,2844.0,TIMEOUT_LOSS,-0.49,5,2024-04-10,2026-05-22
2026-06-03,7203.T,1,0,0,33.31,44.18,22.5,2881.0,TIMEOUT_LOSS,-2.33,5,2024-04-10,2026-05-22
2026-06-04,7203.T,1,1,1,25.57,42.08,32.35,2838.5,LOSS,-4.0,5,2024-04-10,2026-05-22
2026-06-05,7203.T,1,1,1,34.81,37.93,27.26,2850.0,LOSS,-4.0,4,2024-04-10,2026-05-22
2026-06-08,7203.T,2,0,0,29.22,34.16,36.62,2822.5,HOLD,2.83,5,2024-04-10,2026-05-22
2026-06-09,7203.T,2,0,0,27.95,33.52,38.53,2830.0,HOLD,0.62,5,2024-04-10,2026-05-22
2026-06-10,7203.T,2,2,1,22.55,33.39,44.06,2814.0,TIMEOUT_LOSS,-0.14,5,2024-04-10,2026-05-22
2026-06-11,7203.T,2,2,1,27.41,33.58,39.01,2747.5,HOLD,1.67,5,2024-04-10,2026-05-22
2026-06-12,7203.T,2,1,0,31.81,30.08,38.12,2775.5,TIMEOUT_LOSS,-1.23,5,2024-04-10,2026-05-22
2026-06-15,7203.T,1,0,0,29.29,43.43,27.28,2902.5,LOSS,-4.0,3,2024-04-10,2026-05-22
2026-06-16,7203.T,1,0,0,28.89,37.57,33.55,2847.5,LOSS,-4.0,4,2024-04-10,2026-05-22
2026-06-17,7203.T,1,0,0,26.02,39.95,34.02,2810.0,LOSS,-4.0,4,2024-04-10,2026-05-22
2026-06-18,7203.T,1,0,0,28.36,41.77,29.87,2793.5,TIMEOUT_LOSS,-0.91,5,2024-04-10,2026-05-22
2026-06-22,7203.T,1,1,1,28.63,39.36,32.01,2741.5,HOLD,1.11,5,2024-04-10,2026-05-22
2026-06-23,7203.T,1,2,0,25.39,40.47,34.15,2706.0,HOLD,0.7,5,2024-04-10,2026-05-22
2026-06-24,7203.T,1,2,0,20.66,41.95,37.39,2686.0,HOLD,1.43,5,2024-04-10,2026-05-22
2026-06-25,7203.T,1,1,1,26.07,43.78,30.15,2700.5,HOLD,3.43,5,2024-04-10,2026-05-22
2026-06-26,7203.T,2,0,0,33.7,31.45,34.85,2768.0,HOLD,5.6,5,2024-04-10,2026-05-22
2026-06-29,7203.T,2,1,0,27.2,28.71,44.09,2772.0,HOLD,6.28,5,2024-05-13,2026-06-23
2026-06-30,7203.T,2,2,1,29.85,27.96,42.19,2725.0,WIN,8.0,4,2024-05-13,2026-06-23
2026-07-01,7203.T,2,2,1,31.22,27.66,41.13,2724.5,WIN,8.0,3,2024-05-13,2026-06-23
2026-07-02,7203.T,2,2,1,31.57,27.48,40.95,2793.0,HOLD,1.07,5,2024-05-13,2026-06-23
2026-07-06,7203.T,0,0,1,37.06,31.09,31.85,2923.0,LOSS,-4.0,5,2024-05-13,2026-06-23
2026-07-07,7203.T,0,0,1,45.26,28.98,25.76,2946.0,LOSS,-4.0,2,2024-05-13,2026-06-23
2026-07-08,7203.T,2,0,0,30.49,31.33,38.18,2889.0,TIMEOUT_LOSS,-0.47,5,2024-05-13,2026-06-23
2026-07-09,7203.T,2,1,0,30.23,29.7,40.08,2824.0,HOLD,3.01,5,2024-05-13,2026-06-23
2026-07-10,7203.T,2,2,1,35.86,27.22,36.91,2823.0,HOLD,2.71,5,2024-05-13,2026-06-23
2026-07-13,7203.T,2,2,1,29.49,28.43,42.08,2806.0,HOLD,4.94,5,2024-05-13,2026-06-23
2026-07-14,7203.T,2,2,1,28.86,34.61,36.54,2839.0,HOLD,3.52,5,2024-05-13,2026-06-23
2026-07-15,7203.T,0,2,0,35.54,33.12,31.34,2875.5,HOLD,2.59,5,2024-05-13,2026-06-23
2026-07-16,7203.T,2,1,0,30.53,31.5,37.98,2909.0,TIMEOUT_LOSS,-0.41,5,2024-05-13,2026-06-23
2026-07-17,7203.T,2,2,1,27.72,30.25,42.03,2899.5,HOLD,2.28,5,2024-05-13,2026-06-23
2026-07-21,7203.T,2,0,0,34.41,29.65,35.94,2944.5,HOLD,2.16,5,2024-05-13,2026-06-23
2026-07-22,7203.T,2,1,0,34.79,25.57,39.64,2939.0,WIN,8.0,5,2024-05-13,2026-06-23
2026-07-23,7203.T,2,2,1,29.12,24.59,46.3,2950.0,WIN,8.0,4,2024-05-13,2026-06-23
2026-07-24,7203.T,2,2,1,25.33,29.49,45.17,2897.0,WIN,8.0,3,2024-05-13,2026-06-23
2026-07-27,7203.T,2,2,1,31.16,27.69,41.16,2965.5,WIN,8.0,2,2024-05-13,2026-06-23
2026-07-28,7203.T,2,2,1,33.21,26.89,39.9,3008.0,LOSS,-4.0,4,2024-05-13,2026-06-23
2026-07-29,7203.T,0,0,1,45.86,27.29,26.85,3224.0,LOSS,-4.0,2,2024-06-11,2026-07-23
2026-07-30,7203.T,2,0,0,34.12,26.06,39.82,3126.0,LOSS,-4.0,2,2024-06-11,2026-07-23
2026-07-31,7203.T,0,0,1,37.27,33.39,29.34,3067.0,LOSS,-4.0,1,2024-06-11,2026-07-23
2026-08-03,7203.T,2,1,0,30.34,30.33,39.33,2963.5,HOLD,0.59,5,2024-06-11,2026-07-23
2026-08-04,7203.T,2,2,1,27.33,26.13,46.53,2918.5,HOLD,2.78,5,2024-06-11,2026-07-23
2026-08-05,7203.T,2,2,1,27.76,26.4,45.84,2914.5,HOLD,2.42,5,2024-06-11,2026-07-23
2026-08-06,7203.T,2,1,0,30.0,30.08,39.93,2983.5,HOLD,1.22,5,2024-06-11,2026-07-23
2026-08-07,7203.T,2,1,0,21.56,29.41,49.04,2980.0,HOLD,1.11,5,2024-06-11,2026-07-23
2024-10-10,7269.T,1,0,0,32.72,34.1,33.18,1618.0,LOSS,-4.0,3,2022-08-31,2024-10-04
2024-10-11,7269.T,1,0,0,28.53,39.72,31.75,1592.5,LOSS,-4.0,2,2022-08-31,2024-10-04
2024-10-15,7269.T,1,0,0,24.46,43.86,31.68,1571.0,LOSS,-4.0,3,2022-08-31,2024-10-04
2024-10-16,7269.T,1,0,0,22.1,44.73,33.17,1537.5,LOSS,-4.0,4,2022-08-31,2024-10-04
2024-10-17,7269.T,1,0,0,21.92,46.56,31.52,1518.0,TIMEOUT_LOSS,-1.75,5,2022-08-31,2024-10-04
2024-10-18,7269.T,1,1,1,15.92,47.43,36.65,1496.0,TIMEOUT_LOSS,-0.9,5,2022-08-31,2024-10-04
2024-10-21,7269.T,1,1,1,21.47,47.36,31.16,1505.5,HOLD,1.63,5,2022-08-31,2024-10-04
2024-10-22,7269.T,1,1,1,30.61,39.79,29.6,1490.5,HOLD,1.58,5,2022-08-31,2024-10-04
2024-10-23,7269.T,2,1,0,29.4,32.24,38.36,1516.0,HOLD,1.65,5,2022-08-31,2024-10-04
2024-10-24,7269.T,1,2,0,32.57,35.46,31.97,1491.5,HOLD,3.42,5,2022-08-31,2024-10-04
2024-10-25,7269.T,2,2,1,36.27,27.18,36.54,1482.5,TIMEOUT_LOSS,-0.44,5,2022-08-31,2024-10-04
2024-10-28,7269.T,2,1,0,26.93,30.76,42.31,1530.0,TIMEOUT_LOSS,-1.73,5,2022-08-31,2024-10-04
2024-10-29,7269.T,2,0,0,31.41,33.2,35.39,1514.0,TIMEOUT_LOSS,-0.66,5,2022-08-31,2024-10-04
2024-10-30,7269.T,1,0,0,31.25,35.35,33.41,1541.0,LOSS,-4.0,2,2022-08-31,2024-10-04
2024-10-31,7269.T,2,0,0,30.01,32.33,37.66,1542.5,LOSS,-4.0,1,2022-08-31,2024-10-04
2024-11-01,7269.T,1,2,0,33.91,35.8,30.29,1476.0,WIN,8.0,4,2022-08-31,2024-10-04
2024-11-05,7269.T,1,2,0,28.04,36.32,35.64,1503.5,LOSS,-4.0,3,2022-08-31,2024-10-04
2024-11-06,7269.T,1,2,0,32.1,35.93,31.96,1504.0,LOSS,-4.0,2,2022-08-31,2024-10-04
2024-11-07,7269.T,1,2,0,33.49,34.71,31.8,1512.0,LOSS,-4.0,1,2022-08-31,2024-10-04
2024-11-08,7269.T,1,2,0,33.02,33.77,33.21,1573.5,WIN,8.0,1,2022-08-31,2024-10-04
2024-11-11,7269.T,1,0,0,29.43,39.34,31.23,1642.5,TIMEOUT_LOSS,-0.15,5,2022-10-03,2024-11-05
2024-11-12,7269.T,1,0,0,29.54,41.54,28.92,1681.5,LOSS,-4.0,2,2022-10-03,2024-11-05
2024-11-13,7269.T,1,1,1,24.92,42.81,32.27,1628.0,HOLD,1.75,5,2022-10-03,2024-11-05
2024-11-14,7269.T,1,2,0,28.05,39.35,32.6,1578.5,WIN,8.0,3,2022-10-03,2024-11-05
2024-11-15,7269.T,2,2,1,29.66,34.13,36.22,1597.0,HOLD,2.57,5,2022-10-03,2024-11-05
2024-11-18,7269.T,1,2,0,25.79,38.78,35.43,1640.0,TIMEOUT_LOSS,-0.7,5,2022-10-03,2024-11-05
2024-11-19,7269.T,1,1,1,30.01,36.5,33.49,1656.0,TIMEOUT_LOSS,-1.51,5,2022-10-03,2024-11-05
2024-11-20,7269.T,1,0,0,28.56,38.17,33.27,1656.5,LOSS,-4.0,5,2022-10-03,2024-11-05
2024-11-21,7269.T,1,0,0,26.5,44.38,29.12,1676.0,LOSS,-4.0,3,2022-10-03,2024-11-05
2024-11-22,7269.T,1,0,0,31.82,35.41,32.77,1638.0,LOSS,-4.0,4,2022-10-03,2024-11-05
2024-11-25,7269.T,1,0,0,33.26,35.44,31.3,1628.5,LOSS,-4.0,3,2022-10-03,2024-11-05
2024-11-26,7269.T,1,1,1,31.07,35.46,33.47,1631.0,LOSS,-4.0,2,2022-10-03,2024-11-05
2024-11-27,7269.T,1,2,0,25.61,39.24,35.15,1580.0,HOLD,3.45,5,2022-10-03,2024-11-05
2024-11-29,7269.T,1,2,0,27.2,39.98,32.82,1586.5,HOLD,3.34,5,2022-10-03,2024-11-05
2024-12-02,7269.T,2,1,0,29.78,31.85,38.37,1626.0,HOLD,1.57,5,2022-10-03,2024-11-05
2024-12-03,7269.T,0,1,0,34.89,32.91,32.2,1634.5,HOLD,3.79,5,2022-10-03,2024-11-05
2024-12-04,7269.T,0,1,0,40.09,31.19,28.73,1634.5,HOLD,6.79,5,2022-10-03,2024-11-05
2024-12-05,7269.T,0,2,0,41.26,27.21,31.53,1634.5,WIN,8.0,5,2022-10-03,2024-11-05
2024-12-06,7269.T,0,2,0,39.84,27.94,32.22,1639.5,WIN,8.0,4,2022-10-03,2024-11-05
2024-12-09,7269.T,0,2,0,41.17,28.79,30.04,1651.5,WIN,8.0,3,2022-10-03,2024-11-05
2024-12-10,7269.T,2,2,1,31.39,33.28,35.33,1696.5,HOLD,4.6,5,2022-11-01,2024-12-04
2024-12-11,7269.T,1,2,0,34.05,38.2,27.75,1745.5,HOLD,2.15,5,2022-11-01,2024-12-04
2024-12-12,7269.T,0,0,1,42.73,34.57,22.69,1805.0,TIMEOUT_LOSS,-1.99,5,2022-11-01,2024-12-04
2024-12-13,7269.T,1,1,1,29.71,44.26,26.03,1794.5,TIMEOUT_LOSS,-3.18,5,2022-11-01,2024-12-04
2024-12-16,7269.T,1,1,1,29.97,43.13,26.9,1775.0,TIMEOUT_LOSS,-0.62,5,2022-11-01,2024-12-04
2024-12-17,7269.T,1,0,0,29.86,45.15,24.99,1774.5,TIMEOUT_LOSS,-1.07,5,2022-11-01,2024-12-04
2024-12-18,7269.T,1,1,1,33.59,40.58,25.84,1783.0,TIMEOUT_LOSS,-1.4,5,2022-11-01,2024-12-04
2024-12-19,7269.T,0,1,0,38.51,30.86,30.63,1769.0,HOLD,1.41,5,2022-11-01,2024-12-04
2024-12-20,7269.T,1,1,1,34.47,36.21,29.32,1737.5,HOLD,3.02,5,2022-11-01,2024-12-04
2024-12-23,7269.T,0,2,0,39.1,32.08,28.82,1764.0,WIN,8.0,5,2022-11-01,2024-12-04
2024-12-24,7269.T,0,2,0,41.54,32.91,25.55,1755.5,WIN,8.0,4,2022-11-01,2024-12-04
2024-12-26,7269.T,0,2,0,38.31,31.75,29.95,1758.0,WIN,8.0,3,2022-11-01,2024-12-04
2024-12-27,7269.T,0,2,0,46.41,28.21,25.39,1794.0,HOLD,0.78,5,2022-11-01,2024-12-04
2024-12-30,7269.T,0,2,0,46.28,29.6,24.12,1790.0,TIMEOUT_LOSS,-1.17,5,2022-11-01,2024-12-04
2025-01-06,7269.T,0,0,1,41.3,32.52,26.17,1882.5,LOSS,-4.0,3,2022-11-01,2024-12-04
2025-01-07,7269.T,0,0,1,53.5,30.93,15.57,1886.0,LOSS,-4.0,2,2022-11-01,2024-12-04
2025-01-08,7269.T,0,0,1,50.28,31.02,18.7,1864.0,LOSS,-4.0,2,2022-11-01,2024-12-04
2025-01-09,7269.T,0,0,1,40.4,37.86,21.73,1808.0,LOSS,-4.0,4,2022-11-01,2024-12-04
2025-01-10,7269.T,0,0,1,42.79,35.45,21.76,1769.0,HOLD,2.32,5,2022-11-01,2024-12-04
2025-01-14,7269.T,0,1,0,36.74,34.24,29.02,1760.5,HOLD,5.11,5,2022-11-01,2024-12-04
2025-01-15,7269.T,1,2,0,35.24,38.31,26.45,1765.5,HOLD,5.72,5,2022-12-02,2025-01-08
2025-01-16,7269.T,1,2,0,27.01,42.82,30.17,1740.0,WIN,8.0,5,2022-12-02,2025-01-08
2025-01-17,7269.T,1,2,0,27.06,37.66,35.29,1743.5,WIN,8.0,4,2022-12-02,2025-01-08
2025-01-21,7269.T,2,2,1,33.17,29.7,37.14,1810.0,HOLD,2.54,5,2022-12-02,2025-01-08
2025-01-22,7269.T,2,1,0,33.66,28.38,37.96,1850.5,HOLD,1.59,5,2022-12-02,2025-01-08
2025-01-23,7269.T,0,1,0,37.13,32.47,30.4,1866.5,HOLD,0.29,5,2022-12-02,2025-01-08
2025-01-24,7269.T,0,1,0,37.58,32.42,30.0,1867.0,HOLD,0.11,5,2022-12-02,2025-01-08
2025-01-27,7269.T,0,1,0,39.97,31.92,28.11,1869.5,TIMEOUT_LOSS,-0.08,5,2022-12-02,2025-01-08
2025-01-28,7269.T,0,1,0,35.7,30.05,34.24,1856.0,HOLD,2.72,5,2022-12-02,2025-01-08
2025-01-29,7269.T,0,1,0,36.53,30.37,33.1,1880.0,HOLD,3.09,5,2022-12-02,2025-01-08
2025-01-30,7269.T,0,2,0,38.91,29.19,31.91,1872.0,HOLD,3.71,5,2022-12-02,2025-01-08
2025-01-31,7269.T,0,2,0,34.38,31.93,33.69,1869.0,HOLD,2.73,5,2022-12-02,2025-01-08
2025-02-03,7269.T,1,2,0,31.48,39.91,28.6,1868.0,HOLD,3.96,5,2022-12-02,2025-01-08
2025-02-04,7269.T,1,1,1,33.51,33.82,32.67,1906.5,HOLD,2.39,5,2022-12-02,2025-01-08
2025-02-05,7269.T,1,1,1,32.31,36.43,31.26,1938.0,LOSS,-4.0,1,2022-12-02,2025-01-08
2025-02-06,7269.T,0,1,0,39.47,37.01,23.52,1941.5,TIMEOUT_LOSS,-0.41,5,2022-12-02,2025-01-08
2025-02-07,7269.T,0,2,0,42.61,30.82,26.57,1920.0,HOLD,0.34,5,2022-12-02,2025-01-08
2025-02-10,7269.T,0,1,0,40.47,31.7,27.83,1942.0,TIMEOUT_LOSS,-1.34,5,2022-12-02,2025-01-08
2025-02-12,7269.T,0,1,0,47.87,29.4,22.73,1952.0,TIMEOUT_LOSS,-0.41,5,2022-12-02,2025-01-08
2025-02-13,7269.T,0,0,1,46.29,30.96,22.75,1955.5,LOSS,-4.0,5,2022-12-02,2025-01-08
2025-02-14,7269.T,0,1,0,38.14,31.05,30.81,1933.5,LOSS,-4.0,4,2023-01-04,2025-02-07
2025-02-18,7269.T,0,0,1,41.31,28.75,29.93,1926.5,LOSS,-4.0,3,2023-01-04,2025-02-07
2025-02-19,7269.T,1,0,0,27.84,39.29,32.87,1916.0,LOSS,-4.0,3,2023-01-04,2025-02-07
2025-02-20,7269.T,0,0,1,35.87,31.7,32.43,1944.0,LOSS,-4.0,1,2023-01-04,2025-02-07
2025-02-21,7269.T,2,1,0,33.61,31.41,34.99,1880.0,LOSS,-4.0,2,2023-01-04,2025-02-07
2025-02-25,7269.T,2,1,0,24.89,35.45,39.66,1838.5,TIMEOUT_LOSS,-0.63,5,2023-01-04,2025-02-07
2025-02-26,7269.T,2,1,0,20.96,34.39,44.65,1830.5,TIMEOUT_LOSS,-0.52,5,2023-01-04,2025-02-07
2025-02-27,7269.T,2,0,0,35.06,28.35,36.59,1875.5,LOSS,-4.0,1,2023-01-04,2025-02-07
2025-02-28,7269.T,2,1,0,15.42,25.37,59.21,1821.0,TIMEOUT_LOSS,-1.04,5,2023-01-04,2025-02-07
2025-03-03,7269.T,2,1,0,21.04,27.66,51.31,1857.0,LOSS,-4.0,4,2023-01-04,2025-02-07
2025-03-04,7269.T,2,1,0,22.27,26.45,51.28,1827.0,LOSS,-4.0,3,2023-01-04,2025-02-07
2025-03-05,7269.T,2,0,0,22.28,23.27,54.45,1821.0,LOSS,-4.0,4,2023-01-04,2025-02-07
2025-03-06,7269.T,1,0,0,29.05,36.62,34.32,1837.0,LOSS,-4.0,1,2023-01-04,2025-02-07
2025-03-07,7269.T,2,1,0,19.56,20.69,59.75,1802.0,LOSS,-4.0,2,2023-01-04,2025-02-07
2025-03-10,7269.T,1,0,0,21.21,40.63,38.17,1792.0,LOSS,-4.0,1,2023-01-04,2025-02-07
2025-03-11,7269.T,2,1,0,14.81,30.02,55.17,1752.0,HOLD,6.31,5,2023-01-04,2025-02-07
2025-03-12,7269.T,2,2,1,20.39,24.59,55.01,1790.5,HOLD,5.08,5,2023-01-04,2025-02-07
2025-03-13,7269.T,1,2,0,22.58,41.83,35.59,1760.0,WIN,8.0,4,2023-01-04,2025-02-07
2025-03-14,7269.T,2,2,1,25.35,31.81,42.84,1772.5,HOLD,3.58,5,2023-01-04,2025-02-07
2025-03-17,7269.T,0,2,0,39.48,29.87,30.65,1820.0,HOLD,4.07,5,2023-01-04,2025-02-07
2025-03-18,7269.T,0,1,0,54.59,27.41,18.01,1862.5,HOLD,2.87,5,2023-02-03,2025-03-12
2025-03-19,7269.T,0,1,0,52.52,28.37,19.11,1881.5,HOLD,2.26,5,2023-02-03,2025-03-12
2025-03-21,7269.T,0,2,0,47.41,35.09,17.51,1882.5,TIMEOUT_LOSS,-0.35,5,2023-02-03,2025-03-12
2025-03-24,7269.T,0,2,0,50.29,29.73,19.98,1836.0,LOSS,-4.0,5,2023-02-03,2025-03-12
2025-03-25,7269.T,0,1,0,50.76,30.74,18.51,1894.0,LOSS,-4.0,4,2023-02-03,2025-03-12
2025-03-26,7269.T,0,0,1,55.59,25.74,18.67,1916.0,LOSS,-4.0,3,2023-02-03,2025-03-12
2025-03-27,7269.T,0,0,1,53.46,31.0,15.54,1924.0,LOSS,-4.0,2,2023-02-03,2025-03-12
2025-03-28,7269.T,0,0,1,53.63,28.81,17.56,1876.0,LOSS,-4.0,1,2023-02-03,2025-03-12
2025-03-31,7269.T,0,1,0,36.84,28.46,34.7,1810.0,LOSS,-4.0,4,2023-02-03,2025-03-12
2025-04-01,7269.T,0,0,1,38.79,30.42,30.79,1826.0,LOSS,-4.0,2,2023-02-03,2025-03-12
2025-04-02,7269.T,0,0,1,39.54,32.02,28.44,1816.5,LOSS,-4.0,1,2023-02-03,2025-03-12
2025-04-03,7269.T,2,0,0,25.93,21.19,52.88,1788.5,LOSS,-4.0,1,2023-02-03,2025-03-12
2025-04-04,7269.T,2,0,0,24.53,20.43,55.03,1703.5,LOSS,-4.0,1,2023-02-03,2025-03-12
2025-04-07,7269.T,2,2,1,27.34,18.63,54.03,1570.5,LOSS,-4.0,2,2023-02-03,2025-03-12
2025-04-08,7269.T,2,1,0,17.43,20.59,61.98,1563.0,LOSS,-4.0,1,2023-02-03,2025-03-12
2025-04-09,7269.T,2,2,1,10.59,21.16,68.25,1493.5,WIN,8.0,1,2023-02-03,2025-03-12
2025-04-10,7269.T,2,2,1,14.65,26.44,58.91,1605.0,LOSS,-4.0,1,2023-02-03,2025-03-12
2025-04-11,7269.T,2,2,1,11.33,16.58,72.09,1570.0,HOLD,2.36,5,2023-02-03,2025-03-12
2025-04-14,7269.T,2,2,1,14.14,13.11,72.75,1570.5,HOLD,3.12,5,2023-02-03,2025-03-12
2025-04-15,7269.T,2,0,0,20.51,15.72,63.77,1645.0,HOLD,1.12,5,2023-02-03,2025-03-12
2025-04-16,7269.T,2,0,0,20.65,13.15,66.2,1668.0,LOSS,-4.0,2,2023-03-07,2025-04-10
2025-04-17,7269.T,2,1,0,18.22,21.03,60.75,1672.5,LOSS,-4.0,1,2023-03-07,2025-04-10
2025-04-21,7269.T,2,2,1,15.52,17.67,66.81,1607.0,HOLD,4.08,5,2023-03-07,2025-04-10
2025-04-22,7269.T,2,2,1,14.69,19.7,65.61,1619.5,HOLD,5.43,5,2023-03-07,2025-04-10
2025-04-23,7269.T,2,1,0,15.5,33.64,50.87,1663.5,HOLD,5.47,5,2023-03-07,2025-04-10
2025-04-24,7269.T,2,2,1,25.34,32.63,42.03,1680.0,HOLD,6.01,5,2023-03-07,2025-04-10
2025-04-25,7269.T,2,2,1,35.0,29.9,35.1,1698.5,HOLD,4.89,5,2023-03-07,2025-04-10
2025-04-28,7269.T,2,2,1,30.51,32.4,37.1,1672.5,HOLD,6.34,5,2023-03-07,2025-04-10
2025-04-30,7269.T,0,2,0,44.03,27.4,28.57,1707.5,HOLD,5.07,5,2023-03-07,2025-04-10
2025-05-01,7269.T,0,1,0,44.65,31.97,23.37,1754.5,HOLD,2.59,5,2023-03-07,2025-04-10
2025-05-02,7269.T,0,1,0,48.71,30.49,20.79,1781.0,WIN,8.0,5,2023-03-07,2025-04-10
2025-05-07,7269.T,0,1,0,43.97,30.89,25.13,1781.5,WIN,8.0,4,2023-03-07,2025-04-10
2025-05-08,7269.T,0,2,0,45.8,33.09,21.11,1778.5,WIN,8.0,3,2023-03-07,2025-04-10
2025-05-09,7269.T,0,1,0,49.0,29.71,21.29,1794.0,TIMEOUT_LOSS,-1.37,5,2023-03-07,2025-04-10
2025-05-12,7269.T,0,0,1,45.76,31.31,22.94,1800.0,HOLD,0.53,5,2023-03-07,2025-04-10
2025-05-13,7269.T,0,0,1,42.05,31.65,26.3,1868.0,LOSS,-4.0,2,2023-03-07,2025-04-10
2025-05-14,7269.T,0,1,0,47.86,28.81,23.33,1811.5,LOSS,-4.0,2,2023-03-07,2025-04-10
2025-05-15,7269.T,0,2,0,42.29,32.62,25.09,1757.5,HOLD,1.59,5,2023-03-07,2025-04-10
2025-05-16,7269.T,0,2,0,53.59,29.14,17.27,1769.5,HOLD,0.48,5,2023-03-07,2025-04-10
2025-05-19,7269.T,0,1,0,54.41,24.85,20.73,1809.5,HOLD,0.0,5,2023-03-07,2025-04-10
2025-05-20,7269.T,0,0,1,43.25,33.23,23.52,1816.0,HOLD,0.5,5,2023-04-05,2025-05-14
2025-05-21,7269.T,0,1,0,48.23,28.71,23.06,1798.0,HOLD,3.75,5,2023-04-05,2025-05-14
2025-05-22,7269.T,0,2,0,39.85,35.43,24.72,1785.5,HOLD,3.75,5,2023-04-05,2025-05-14
2025-05-23,7269.T,0,2,0,46.71,28.7,24.59,1778.0,HOLD,2.36,5,2023-04-05,2025-05-14
2025-05-27,7269.T,0,2,0,40.14,33.55,26.32,1809.5,TIMEOUT_LOSS,-3.95,5,2023-04-05,2025-05-14
2025-05-28,7269.T,0,1,0,49.46,25.16,25.38,1825.0,LOSS,-4.0,4,2023-04-05,2025-05-14
2025-05-29,7269.T,0,0,1,43.88,31.38,24.73,1865.5,LOSS,-4.0,3,2023-04-05,2025-05-14
2025-05-30,7269.T,0,0,1,46.56,28.19,25.25,1852.5,LOSS,-4.0,2,2023-04-05,2025-05-14
2025-06-02,7269.T,0,0,1,43.72,28.35,27.93,1820.0,LOSS,-4.0,1,2023-04-05,2025-05-14
2025-06-03,7269.T,1,0,0,31.69,39.97,28.35,1738.0,LOSS,-4.0,2,2023-04-05,2025-05-14
2025-06-04,7269.T,1,1,1,21.77,48.66,29.57,1715.0,LOSS,-4.0,1,2023-04-05,2025-05-14
2025-06-05,7269.T,1,2,0,24.29,48.06,27.66,1663.0,HOLD,1.26,5,2023-04-05,2025-05-14
2025-06-06,7269.T,1,1,1,27.07,47.99,24.94,1680.0,HOLD,0.65,5,2023-04-05,2025-05-14
2025-06-09,7269.T,1,1,1,28.53,42.76,28.71,1701.5,HOLD,0.03,5,2023-04-05,2025-05-14
2025-06-10,7269.T,1,1,1,34.13,36.68,29.19,1705.0,HOLD,0.26,5,2023-04-05,2025-05-14
2025-06-11,7269.T,0,1,0,38.21,31.49,30.3,1702.0,HOLD,1.53,5,2023-04-05,2025-05-14
2025-06-12,7269.T,0,2,0,38.38,27.55,34.07,1684.0,HOLD,0.74,5,2023-04-05,2025-05-14
2025-06-13,7269.T,0,2,0,38.22,28.31,33.47,1691.0,HOLD,0.41,5,2023-04-05,2025-05-14
2025-06-16,7269.T,0,1,0,38.72,29.74,31.54,1702.0,TIMEOUT_LOSS,-0.03,5,2023-04-05,2025-05-14
2025-06-17,7269.T,0,1,0,41.34,26.91,31.74,1709.5,HOLD,1.26,5,2023-04-05,2025-05-14
2025-06-18,7269.T,2,0,0,31.21,29.6,39.2,1728.0,TIMEOUT_LOSS,-0.06,5,2023-05-09,2025-06-12
2025-06-20,7269.T,2,2,1,34.79,29.56,35.66,1696.5,HOLD,3.24,5,2023-05-09,2025-06-12
2025-06-23,7269.T,2,2,1,29.77,30.32,39.91,1698.0,HOLD,2.65,5,2023-05-09,2025-06-12
2025-06-24,7269.T,2,2,1,32.82,30.7,36.47,1701.5,TIMEOUT_LOSS,-1.67,5,2023-05-09,2025-06-12
2025-06-25,7269.T,2,1,0,34.98,27.52,37.5,1731.0,LOSS,-4.0,5,2023-05-09,2025-06-12
2025-06-26,7269.T,0,0,1,39.34,29.28,31.37,1727.0,LOSS,-4.0,4,2023-05-09,2025-06-12
2025-06-27,7269.T,0,0,1,42.19,23.19,34.62,1751.5,LOSS,-4.0,2,2023-05-09,2025-06-12
2025-06-30,7269.T,0,0,1,46.25,25.62,28.13,1743.0,LOSS,-4.0,1,2023-05-09,2025-06-12
2025-07-01,7269.T,0,0,1,40.46,27.06,32.48,1673.0,HOLD,0.42,5,2023-05-09,2025-06-12
2025-07-02,7269.T,0,1,0,41.35,33.67,24.98,1656.5,TIMEOUT_LOSS,-0.27,5,2023-05-09,2025-06-12
2025-07-03,7269.T,0,1,0,44.48,25.88,29.64,1674.5,TIMEOUT_LOSS,-0.48,5,2023-05-09,2025-06-12
2025-07-07,7269.T,0,1,0,39.95,30.33,29.71,1641.5,HOLD,2.04,5,2023-05-09,2025-06-12
2025-07-08,7269.T,2,1,0,36.83,26.24,36.93,1655.5,HOLD,0.33,5,2023-05-09,2025-06-12
2025-07-09,7269.T,2,1,0,38.03,22.33,39.65,1680.0,TIMEOUT_LOSS,-1.58,5,2023-05-09,2025-06-12
2025-07-10,7269.T,0,1,0,38.69,24.17,37.14,1652.0,HOLD,0.03,5,2023-05-09,2025-06-12
2025-07-11,7269.T,2,1,0,35.57,27.02,37.41,1666.5,TIMEOUT_LOSS,-2.64,5,2023-05-09,2025-06-12
2025-07-14,7269.T,2,1,0,34.6,24.92,40.48,1675.0,TIMEOUT_LOSS,-2.39,5,2023-05-09,2025-06-12
2025-07-15,7269.T,2,0,0,36.81,25.61,37.58,1661.0,HOLD,2.23,5,2023-05-09,2025-06-12
2025-07-16,7269.T,0,1,0,39.82,26.73,33.45,1653.5,HOLD,2.81,5,2023-05-09,2025-06-12
2025-07-17,7269.T,0,2,0,37.07,29.08,33.86,1652.5,HOLD,0.18,5,2023-05-09,2025-06-12
2025-07-18,7269.T,1,2,0,25.23,50.85,23.91,1622.5,HOLD,3.79,5,2023-06-07,2025-07-14
2025-07-22,7269.T,1,1,1,24.5,50.09,25.41,1635.0,HOLD,1.28,5,2023-06-07,2025-07-14
2025-07-23,7269.T,0,1,0,34.84,33.04,32.12,1698.0,TIMEOUT_LOSS,-1.15,5,2023-06-07,2025-07-14
2025-07-24,7269.T,0,0,1,49.78,25.67,24.55,1700.0,TIMEOUT_LOSS,-1.97,5,2023-06-07,2025-07-14
2025-07-25,7269.T,1,1,1,34.97,38.5,26.53,1655.5,HOLD,2.05,5,2023-06-07,2025-07-14
2025-07-28,7269.T,0,1,0,37.09,30.75,32.16,1684.0,HOLD,0.71,5,2023-06-07,2025-07-14
2025-07-29,7269.T,1,2,0,28.82,40.0,31.17,1656.0,HOLD,4.35,5,2023-06-07,2025-07-14
2025-07-30,7269.T,1,1,1,29.92,39.45,30.62,1678.5,HOLD,4.2,5,2023-06-07,2025-07-14
2025-07-31,7269.T,0,2,0,39.57,34.39,26.04,1666.5,HOLD,5.94,5,2023-06-07,2025-07-14
2025-08-01,7269.T,0,2,0,40.51,31.17,28.33,1689.5,HOLD,6.63,5,2023-06-07,2025-07-14
2025-08-04,7269.T,0,2,0,39.32,33.62,27.06,1696.0,WIN,8.0,5,2023-06-07,2025-07-14
2025-08-05,7269.T,0,2,0,41.71,32.07,26.22,1728.0,HOLD,5.84,5,2023-06-07,2025-07-14
2025-08-06,7269.T,0,2,0,41.14,31.83,27.02,1749.0,HOLD,2.17,5,2023-06-07,2025-07-14
2025-08-07,7269.T,0,2,0,42.44,33.03,24.53,1765.5,HOLD,1.05,5,2023-06-07,2025-07-14
2025-08-08,7269.T,0,1,0,38.34,36.89,24.77,1801.5,WIN,8.0,5,2023-06-07,2025-07-14
2025-08-12,7269.T,1,0,0,36.43,39.56,24.01,1840.5,HOLD,7.33,5,2023-06-07,2025-07-14
2025-08-13,7269.T,0,2,0,50.7,28.75,20.56,1829.0,WIN,8.0,4,2023-06-07,2025-07-14
2025-08-14,7269.T,0,2,0,37.0,33.78,29.22,1787.0,WIN,8.0,2,2023-06-07,2025-07-14
2025-08-15,7269.T,1,2,0,33.58,39.72,26.7,1784.0,WIN,8.0,1,2023-06-07,2025-07-14
2025-08-18,7269.T,0,1,0,38.34,37.18,24.48,1966.0,HOLD,0.25,5,2023-06-07,2025-07-14
2025-08-19,7269.T,0,1,0,53.09,31.34,15.56,1975.5,TIMEOUT_LOSS,-2.0,5,2023-07-07,2025-08-13
2025-08-20,7269.T,0,1,0,48.92,31.51,19.56,1980.0,TIMEOUT_LOSS,-2.17,5,2023-07-07,2025-08-13
2025-08-21,7269.T,0,0,1,56.31,28.55,15.13,1970.0,TIMEOUT_LOSS,-0.3,5,2023-07-07,2025-08-13
2025-08-22,7269.T,0,0,1,60.46,25.91,13.63,1982.5,TIMEOUT_LOSS,-0.58,5,2023-07-07,2025-08-13
2025-08-25,7269.T,0,1,0,54.89,26.66,18.45,1971.0,HOLD,2.11,5,2023-07-07,2025-08-13
2025-08-26,7269.T,0,2,0,46.87,31.89,21.24,1936.0,HOLD,3.33,5,2023-07-07,2025-08-13
2025-08-27,7269.T,0,2,0,42.83,32.14,25.03,1937.0,HOLD,3.28,5,2023-07-07,2025-08-13
2025-08-28,7269.T,0,2,0,51.75,30.31,17.94,1964.0,HOLD,2.8,5,2023-07-07,2025-08-13
2025-08-29,7269.T,0,1,0,56.94,29.44,13.62,1971.0,HOLD,4.21,5,2023-07-07,2025-08-13
2025-09-02,7269.T,0,1,0,65.03,23.11,11.85,2012.5,HOLD,3.9,5,2023-07-07,2025-08-13
2025-09-03,7269.T,0,2,0,64.74,22.62,12.64,2000.5,HOLD,3.65,5,2023-07-07,2025-08-13
2025-09-04,7269.T,0,2,0,67.21,20.27,12.53,2000.5,HOLD,3.07,5,2023-07-07,2025-08-13
2025-09-05,7269.T,0,2,0,71.52,18.0,10.48,2019.0,HOLD,3.19,5,2023-07-07,2025-08-13
2025-09-08,7269.T,0,1,0,70.72,17.88,11.4,2054.0,HOLD,1.22,5,2023-07-07,2025-08-13
2025-09-09,7269.T,0,1,0,77.76,13.42,8.82,2091.0,HOLD,0.07,5,2023-07-07,2025-08-13
2025-09-10,7269.T,0,1,0,62.56,25.49,11.95,2073.5,HOLD,2.19,5,2023-07-07,2025-08-13
2025-09-11,7269.T,0,1,0,65.33,21.94,12.73,2062.0,HOLD,3.39,5,2023-07-07,2025-08-13
2025-09-12,7269.T,0,2,0,69.2,20.97,9.83,2083.5,HOLD,2.81,5,2023-07-07,2025-08-13
2025-09-16,7269.T,0,2,0,66.06,20.77,13.16,2079.0,WIN,8.0,5,2023-07-07,2025-08-13
2025-09-17,7269.T,0,2,0,65.27,21.37,13.37,2092.5,HOLD,5.14,5,2023-07-07,2025-08-13
2025-09-18,7269.T,1,2,0,28.77,57.31,13.91,2119.0,HOLD,5.05,5,2023-08-07,2025-09-11
2025-09-19,7269.T,1,2,0,32.14,52.82,15.04,2132.0,HOLD,1.81,5,2023-08-07,2025-09-11
2025-09-22,7269.T,1,2,0,34.54,50.48,14.98,2142.0,HOLD,0.86,5,2023-08-07,2025-09-11
2025-09-24,7269.T,1,0,0,39.46,45.37,15.17,2205.5,TIMEOUT_LOSS,-2.31,5,2023-08-07,2025-09-11
2025-09-25,7269.T,0,0,1,50.85,38.24,10.91,2200.0,TIMEOUT_LOSS,-3.41,5,2023-08-07,2025-09-11
2025-09-26,7269.T,0,0,1,51.31,37.35,11.34,2226.0,LOSS,-4.0,2,2023-08-07,2025-09-11
2025-09-29,7269.T,0,0,1,45.75,34.7,19.55,2170.5,HOLD,3.13,5,2023-08-07,2025-09-11
2025-09-30,7269.T,0,1,0,43.96,32.66,23.37,2160.5,HOLD,5.99,5,2023-08-07,2025-09-11
2025-10-01,7269.T,0,2,0,38.46,34.24,27.3,2154.5,HOLD,6.2,5,2023-08-07,2025-09-11
2025-10-02,7269.T,0,2,0,40.71,34.21,25.08,2125.0,WIN,8.0,4,2023-08-07,2025-09-11
2025-10-03,7269.T,0,2,0,40.2,38.24,21.56,2189.0,HOLD,2.19,5,2023-08-07,2025-09-11
2025-10-06,7269.T,1,2,0,40.56,41.98,17.47,2238.5,TIMEOUT_LOSS,-2.35,5,2023-08-07,2025-09-11
2025-10-07,7269.T,0,0,1,45.08,41.09,13.83,2290.0,LOSS,-4.0,4,2023-08-07,2025-09-11
2025-10-08,7269.T,1,0,0,43.29,44.39,12.32,2288.0,LOSS,-4.0,3,2023-08-07,2025-09-11
2025-10-09,7269.T,0,0,1,45.81,42.12,12.07,2274.0,LOSS,-4.0,2,2023-08-07,2025-09-11
2025-10-10,7269.T,1,1,1,37.0,37.93,25.08,2237.0,HOLD,0.09,5,2023-08-07,2025-09-11
2025-10-14,7269.T,0,1,0,43.73,35.88,20.39,2186.0,HOLD,3.82,5,2023-08-07,2025-09-11
2025-10-15,7269.T,0,1,0,38.05,36.2,25.74,2212.0,HOLD,4.23,5,2023-08-07,2025-09-11
2025-10-16,7269.T,0,2,0,47.57,31.93,20.5,2228.0,HOLD,2.11,5,2023-08-07,2025-09-11
2025-10-17,7269.T,0,2,0,51.34,30.34,18.31,2210.0,HOLD,3.89,5,2023-08-07,2025-09-11
2025-10-20,7269.T,0,2,0,40.26,32.11,27.63,2239.0,HOLD,3.53,5,2023-09-06,2025-10-14
2025-10-21,7269.T,0,1,0,49.56,28.46,21.98,2269.5,HOLD,0.53,5,2023-09-06,2025-10-14
2025-10-22,7269.T,0,1,0,52.91,24.04,23.05,2305.5,TIMEOUT_LOSS,-1.21,5,2023-09-06,2025-10-14
2025-10-23,7269.T,0,1,0,46.58,30.94,22.48,2275.0,HOLD,0.55,5,2023-09-06,2025-10-14
2025-10-24,7269.T,0,1,0,49.52,27.59,22.9,2296.0,HOLD,0.52,5,2023-09-06,2025-10-14
2025-10-27,7269.T,0,1,0,51.21,25.72,23.07,2318.0,LOSS,-4.0,5,2023-09-06,2025-10-14
2025-10-28,7269.T,0,1,0,44.7,33.78,21.53,2281.5,LOSS,-4.0,5,2023-09-06,2025-10-14
2025-10-29,7269.T,1,0,0,33.44,36.23,30.33,2277.5,LOSS,-4.0,4,2023-09-06,2025-10-14
2025-10-30,7269.T,0,0,1,42.09,32.2,25.71,2287.5,LOSS,-4.0,3,2023-09-06,2025-10-14
2025-10-31,7269.T,0,0,1,41.51,29.82,28.67,2308.0,LOSS,-4.0,1,2023-09-06,2025-10-14
2025-11-04,7269.T,1,1,1,35.07,41.38,23.55,2217.0,LOSS,-4.0,2,2023-09-06,2025-10-14
2025-11-05,7269.T,1,2,0,32.22,44.23,23.55,2185.5,LOSS,-4.0,1,2023-09-06,2025-10-14
2025-11-06,7269.T,1,2,0,27.71,46.25,26.04,2128.0,WIN,8.0,4,2023-09-06,2025-10-14
2025-11-07,7269.T,1,2,0,26.5,45.36,28.14,2208.5,HOLD,6.11,5,2023-09-06,2025-10-14
2025-11-10,7269.T,1,2,0,31.49,41.13,27.38,2234.5,HOLD,2.28,5,2023-09-06,2025-10-14
2025-11-11,7269.T,1,2,0,30.3,44.69,25.01,2225.5,HOLD,1.35,5,2023-09-06,2025-10-14
2025-11-12,7269.T,0,1,0,43.55,36.05,20.4,2285.5,TIMEOUT_LOSS,-0.59,5,2023-09-06,2025-10-14
2025-11-13,7269.T,0,0,1,49.19,33.04,17.77,2314.0,TIMEOUT_LOSS,-1.34,5,2023-09-06,2025-10-14
2025-11-14,7269.T,0,0,1,52.88,33.28,13.85,2343.5,LOSS,-4.0,3,2023-09-06,2025-10-14
2025-11-17,7269.T,0,1,0,44.93,36.43,18.64,2285.5,HOLD,5.73,5,2023-09-06,2025-10-14
2025-11-18,7269.T,2,2,1,24.65,32.21,43.13,2255.5,WIN,8.0,5,2023-10-05,2025-11-12
2025-11-19,7269.T,2,2,1,27.59,32.84,39.56,2272.0,WIN,8.0,4,2023-10-05,2025-11-12
2025-11-20,7269.T,2,2,1,32.73,30.23,37.04,2283.0,WIN,8.0,5,2023-10-05,2025-11-12
2025-11-21,7269.T,1,2,0,34.46,39.95,25.59,2358.0,HOLD,1.87,5,2023-10-05,2025-11-12
2025-11-25,7269.T,0,1,0,40.42,36.86,22.71,2416.5,TIMEOUT_LOSS,-2.01,5,2023-10-05,2025-11-12
2025-11-26,7269.T,0,0,1,41.99,39.08,18.93,2451.5,LOSS,-4.0,4,2023-10-05,2025-11-12
2025-11-28,7269.T,1,0,0,38.16,39.85,21.99,2441.0,LOSS,-4.0,4,2023-10-05,2025-11-12
2025-12-01,7269.T,0,0,1,39.67,36.06,24.27,2430.5,LOSS,-4.0,4,2023-10-05,2025-11-12
2025-12-02,7269.T,2,0,0,30.33,32.13,37.54,2402.0,LOSS,-4.0,3,2023-10-05,2025-11-12
2025-12-03,7269.T,2,0,0,25.15,31.2,43.65,2368.0,TIMEOUT_LOSS,-3.42,5,2023-10-05,2025-11-12
2025-12-04,7269.T,2,1,0,24.5,32.05,43.44,2356.0,TIMEOUT_LOSS,-2.93,5,2023-10-05,2025-11-12
2025-12-05,7269.T,2,1,0,18.95,37.74,43.31,2293.0,HOLD,0.57,5,2023-10-05,2025-11-12
2025-12-08,7269.T,2,0,0,23.13,35.24,41.63,2330.5,LOSS,-4.0,4,2023-10-05,2025-11-12
2025-12-09,7269.T,2,1,0,23.68,34.67,41.65,2324.0,LOSS,-4.0,3,2023-10-05,2025-11-12
2025-12-10,7269.T,2,2,1,22.56,29.71,47.73,2287.0,HOLD,1.99,5,2023-10-05,2025-11-12
2025-12-11,7269.T,2,2,1,24.61,27.21,48.18,2287.0,HOLD,1.99,5,2023-10-05,2025-11-12
2025-12-12,7269.T,2,1,0,33.5,28.85,37.65,2306.0,HOLD,1.15,5,2023-10-05,2025-11-12
2025-12-15,7269.T,2,1,0,29.98,33.95,36.07,2324.0,HOLD,1.36,5,2023-10-05,2025-11-12
2025-12-16,7269.T,2,1,0,34.04,29.76,36.2,2325.5,TIMEOUT_LOSS,-0.13,5,2023-10-05,2025-11-12
2025-12-17,7269.T,2,1,0,33.4,32.98,33.62,2332.5,TIMEOUT_LOSS,-0.51,5,2023-10-05,2025-11-12
2025-12-18,7269.T,2,1,0,33.43,29.88,36.68,2332.5,TIMEOUT_LOSS,-0.71,5,2023-11-06,2025-12-12
2025-12-19,7269.T,2,1,0,30.62,34.41,34.97,2332.5,TIMEOUT_LOSS,-0.62,5,2023-11-06,2025-12-12
2025-12-22,7269.T,0,0,1,39.08,33.04,27.88,2355.5,TIMEOUT_LOSS,-0.89,5,2023-11-06,2025-12-12
2025-12-23,7269.T,0,1,0,36.44,35.32,28.24,2322.5,HOLD,2.97,5,2023-11-06,2025-12-12
2025-12-24,7269.T,0,1,0,35.65,34.67,29.68,2320.5,HOLD,2.11,5,2023-11-06,2025-12-12
2025-12-26,7269.T,1,2,0,32.13,36.74,31.13,2316.0,TIMEOUT_LOSS,-0.47,5,2023-11-06,2025-12-12
2025-12-29,7269.T,1,2,0,31.6,37.49,30.91,2318.0,TIMEOUT_LOSS,-1.04,5,2023-11-06,2025-12-12
2025-12-30,7269.T,0,1,0,39.69,32.51,27.81,2334.5,TIMEOUT_LOSS,-1.48,5,2023-11-06,2025-12-12
2026-01-05,7269.T,0,0,1,46.38,31.71,21.91,2391.5,LOSS,-4.0,2,2023-11-06,2025-12-12
2026-01-06,7269.T,0,0,1,47.02,29.1,23.87,2369.5,LOSS,-4.0,3,2023-11-06,2025-12-12
2026-01-07,7269.T,1,2,0,33.43,39.27,27.3,2305.0,HOLD,2.93,5,2023-11-06,2025-12-12
2026-01-08,7269.T,1,2,0,26.89,39.17,33.94,2294.0,HOLD,2.88,5,2023-11-06,2025-12-12
2026-01-09,7269.T,1,2,0,31.15,40.69,28.16,2300.0,HOLD,0.0,5,2023-11-06,2025-12-12
2026-01-13,7269.T,0,1,0,40.35,34.19,25.47,2343.0,TIMEOUT_LOSS,-2.54,5,2023-11-06,2025-12-12
2026-01-14,7269.T,0,0,1,50.47,26.84,22.69,2389.0,LOSS,-4.0,4,2023-11-06,2025-12-12
2026-01-15,7269.T,0,0,1,49.14,29.45,21.42,2372.5,LOSS,-4.0,3,2023-11-06,2025-12-12
2026-01-16,7269.T,0,0,1,46.72,28.8,24.48,2360.0,LOSS,-4.0,2,2023-11-06,2025-12-12
2026-01-20,7269.T,1,0,0,28.44,40.27,31.28,2300.0,LOSS,-4.0,4,2023-11-06,2025-12-12
2026-01-21,7269.T,1,0,0,21.04,41.48,37.48,2283.5,LOSS,-4.0,3,2023-11-06,2025-12-12
2026-01-22,7269.T,2,0,0,19.32,36.45,44.23,2273.0,LOSS,-4.0,2,2023-11-06,2025-12-12
2026-01-23,7269.T,2,0,0,21.24,29.67,49.08,2262.5,LOSS,-4.0,1,2023-12-05,2026-01-16
2026-01-26,7269.T,2,0,0,16.33,33.12,50.54,2182.5,LOSS,-4.0,2,2023-12-05,2026-01-16
2026-01-27,7269.T,2,1,0,15.77,33.14,51.08,2106.5,HOLD,2.49,5,2023-12-05,2026-01-16
2026-01-28,7269.T,2,2,1,16.89,37.49,45.63,2057.5,HOLD,6.03,5,2023-12-05,2026-01-16
2026-01-29,7269.T,2,2,1,11.92,34.91,53.17,2088.5,WIN,8.0,5,2023-12-05,2026-01-16
2026-01-30,7269.T,2,2,1,11.37,33.03,55.61,2106.5,WIN,8.0,4,2023-12-05,2026-01-16
2026-02-02,7269.T,2,2,1,16.35,28.86,54.79,2095.5,WIN,8.0,3,2023-12-05,2026-01-16
2026-02-03,7269.T,2,2,1,21.68,29.05,49.27,2159.0,WIN,8.0,4,2023-12-05,2026-01-16
2026-02-04,7269.T,2,2,1,24.74,30.87,44.39,2181.5,WIN,8.0,3,2023-12-05,2026-01-16
2026-02-05,7269.T,2,2,1,30.04,30.4,39.56,2218.0,WIN,8.0,3,2023-12-05,2026-01-16
2026-02-06,7269.T,1,2,0,33.11,33.93,32.97,2308.0,HOLD,0.0,5,2023-12-05,2026-01-16
2026-02-09,7269.T,0,2,0,40.03,28.15,31.83,2261.0,HOLD,3.05,5,2023-12-05,2026-01-16
2026-02-10,7269.T,0,0,1,52.1,32.37,15.54,2386.0,HOLD,0.06,5,2023-12-05,2026-01-16
2026-02-12,7269.T,0,1,0,48.38,30.71,20.92,2353.0,TIMEOUT_LOSS,-2.51,5,2023-12-05,2026-01-16
2026-02-13,7269.T,0,1,0,49.51,30.79,19.7,2382.0,LOSS,-4.0,4,2023-12-05,2026-01-16
2026-02-17,7269.T,1,1,1,30.33,36.1,33.57,2308.0,TIMEOUT_LOSS,-1.82,5,2023-12-05,2026-01-16
2026-02-18,7269.T,1,0,0,26.96,37.03,36.01,2330.0,TIMEOUT_LOSS,-1.01,5,2023-12-05,2026-01-16
2026-02-19,7269.T,0,0,1,42.56,35.72,21.72,2387.5,LOSS,-4.0,1,2023-12-05,2026-01-16
2026-02-20,7269.T,2,1,0,23.06,33.59,43.35,2294.0,TIMEOUT_LOSS,-1.26,5,2023-12-05,2026-01-16
2026-02-24,7269.T,2,2,1,21.6,33.05,45.35,2252.5,LOSS,-4.0,5,2023-12-05,2026-01-16
2026-02-25,7269.T,1,1,1,30.74,39.18,30.08,2266.0,LOSS,-4.0,4,2024-01-09,2026-02-18
2026-02-26,7269.T,1,0,0,34.22,40.13,25.65,2306.5,LOSS,-4.0,3,2024-01-09,2026-02-18
2026-02-27,7269.T,0,0,1,43.28,39.94,16.78,2370.5,LOSS,-4.0,1,2024-01-09,2026-02-18
2026-03-02,7269.T,1,0,0,30.18,37.51,32.31,2265.0,LOSS,-4.0,1,2024-01-09,2026-02-18
2026-03-03,7269.T,2,1,0,29.44,34.96,35.6,2101.5,LOSS,-4.0,4,2024-01-09,2026-02-18
2026-03-04,7269.T,2,0,0,33.66,30.79,35.55,2081.0,HOLD,0.65,5,2024-01-09,2026-02-18
2026-03-05,7269.T,2,1,0,23.18,28.86,47.96,2081.5,TIMEOUT_LOSS,-2.16,5,2024-01-09,2026-02-18
2026-03-06,7269.T,2,1,0,20.52,31.8,47.69,2122.5,LOSS,-4.0,1,2024-01-09,2026-02-18
2026-03-09,7269.T,2,1,0,20.45,25.26,54.3,2043.5,LOSS,-4.0,4,2024-01-09,2026-02-18
2026-03-10,7269.T,2,0,0,17.72,21.48,60.81,2064.5,LOSS,-4.0,3,2024-01-09,2026-02-18
2026-03-11,7269.T,2,0,0,16.81,23.71,59.49,2094.5,LOSS,-4.0,2,2024-01-09,2026-02-18
2026-03-12,7269.T,2,0,0,15.31,20.92,63.77,2036.5,LOSS,-4.0,1,2024-01-09,2026-02-18
2026-03-13,7269.T,2,1,0,11.92,18.2,69.88,1963.5,LOSS,-4.0,5,2024-01-09,2026-02-18
2026-03-16,7269.T,2,1,0,11.95,17.15,70.9,1900.0,LOSS,-4.0,4,2024-01-09,2026-02-18
2026-03-17,7269.T,2,0,0,17.5,21.38,61.13,1934.5,LOSS,-4.0,3,2024-01-09,2026-02-18
2026-03-18,7269.T,2,0,0,13.98,21.2,64.82,1976.5,LOSS,-4.0,2,2024-01-09,2026-02-18
2026-03-19,7269.T,2,1,0,11.92,16.14,71.93,1919.0,LOSS,-4.0,1,2024-01-09,2026-02-18
2026-03-23,7269.T,2,2,1,16.73,17.07,66.2,1882.0,TIMEOUT_LOSS,-0.9,5,2024-01-09,2026-02-18
2026-03-24,7269.T,2,1,0,19.37,20.03,60.6,1918.5,LOSS,-4.0,4,2024-01-09,2026-02-18
2026-03-25,7269.T,2,0,0,16.01,21.03,62.96,1943.0,LOSS,-4.0,3,2024-01-09,2026-02-18
2026-03-26,7269.T,0,0,1,43.98,23.91,32.11,1945.5,LOSS,-4.0,2,2024-02-07,2026-03-19
2026-03-27,7269.T,1,0,0,33.86,35.49,30.65,1933.0,LOSS,-4.0,1,2024-02-07,2026-03-19
2026-03-30,7269.T,1,1,1,28.15,41.29,30.55,1865.0,LOSS,-4.0,5,2024-02-07,2026-03-19
2026-03-31,7269.T,1,0,0,33.25,33.79,32.96,1875.5,LOSS,-4.0,4,2024-02-07,2026-03-19
2026-04-01,7269.T,0,0,1,39.85,26.83,33.32,1897.5,LOSS,-4.0,2,2024-02-07,2026-03-19
2026-04-02,7269.T,0,1,0,34.61,31.87,33.52,1860.5,LOSS,-4.0,2,2024-02-07,2026-03-19
2026-04-06,7269.T,1,2,0,22.17,43.82,34.0,1803.0,LOSS,-4.0,1,2024-02-07,2026-03-19
2026-04-07,7269.T,1,2,0,23.05,40.34,36.61,1744.0,HOLD,6.02,5,2024-02-07,2026-03-19
2026-04-08,7269.T,1,0,0,27.23,37.88,34.88,1853.0,HOLD,1.32,5,2024-02-07,2026-03-19
2026-04-09,7269.T,1,1,1,30.46,35.36,34.19,1842.0,HOLD,4.29,5,2024-02-07,2026-03-19
2026-04-10,7269.T,1,2,0,27.16,41.21,31.63,1826.0,HOLD,3.78,5,2024-02-07,2026-03-19
2026-04-13,7269.T,2,2,1,29.25,34.11,36.64,1817.0,HOLD,4.24,5,2024-02-07,2026-03-19
2026-04-14,7269.T,2,2,1,32.79,30.44,36.77,1849.0,HOLD,1.05,5,2024-02-07,2026-03-19
2026-04-15,7269.T,0,1,0,36.8,26.68,36.52,1877.5,TIMEOUT_LOSS,-2.8,5,2024-02-07,2026-03-19
2026-04-16,7269.T,0,0,1,40.0,28.97,31.02,1921.0,LOSS,-4.0,4,2024-02-07,2026-03-19
2026-04-17,7269.T,2,0,0,30.18,32.61,37.21,1895.0,LOSS,-4.0,4,2024-02-07,2026-03-19
2026-04-20,7269.T,2,0,0,35.02,28.04,36.95,1894.0,LOSS,-4.0,3,2024-02-07,2026-03-19
2026-04-21,7269.T,2,0,0,33.11,27.82,39.06,1868.5,LOSS,-4.0,3,2024-02-07,2026-03-19
2026-04-22,7269.T,2,0,0,28.86,32.86,38.29,1825.0,LOSS,-4.0,5,2024-02-07,2026-03-19
2026-04-23,7269.T,2,1,0,33.54,30.73,35.73,1805.5,LOSS,-4.0,4,2024-02-07,2026-03-19
2026-04-24,7269.T,2,0,0,34.42,28.98,36.61,1776.5,HOLD,0.48,5,2024-03-11,2026-04-20
2026-04-27,7269.T,2,1,0,35.12,28.72,36.16,1776.0,HOLD,1.8,5,2024-03-11,2026-04-20
2026-04-28,7269.T,2,1,0,33.0,25.44,41.56,1800.0,LOSS,-4.0,2,2024-03-11,2026-04-20
2026-04-30,7269.T,2,2,1,26.83,28.09,45.08,1748.5,HOLD,1.86,5,2024-03-11,2026-04-20
2026-05-01,7269.T,2,2,1,28.49,24.87,46.63,1753.0,HOLD,3.14,5,2024-03-11,2026-04-20
2026-05-07,7269.T,0,1,0,46.74,23.69,29.58,1785.0,WIN,8.0,5,2024-03-11,2026-04-20
2026-05-08,7269.T,0,1,0,48.65,18.84,32.51,1808.0,HOLD,1.96,5,2024-03-11,2026-04-20
2026-05-11,7269.T,0,2,0,43.47,25.29,31.24,1783.5,WIN,8.0,3,2024-03-11,2026-04-20
2026-05-12,7269.T,0,2,0,47.05,20.24,32.72,1781.0,WIN,8.0,2,2024-03-11,2026-04-20
2026-05-13,7269.T,0,0,1,48.88,19.88,31.24,1808.0,TIMEOUT_LOSS,-3.04,5,2024-03-11,2026-04-20
2026-05-14,7269.T,0,0,1,49.99,27.96,22.05,1920.0,LOSS,-4.0,1,2024-03-11,2026-04-20
2026-05-15,7269.T,0,0,1,34.7,32.04,33.26,1843.5,LOSS,-4.0,1,2024-03-11,2026-04-20
2026-05-18,7269.T,2,1,0,30.69,34.2,35.11,1769.0,WIN,8.0,5,2024-03-11,2026-04-20
2026-05-19,7269.T,0,1,0,36.27,28.56,35.17,1810.0,WIN,8.0,5,2024-03-11,2026-04-20
2026-05-20,7269.T,0,2,0,36.87,29.76,33.37,1753.0,WIN,8.0,3,2024-03-11,2026-04-20
2026-05-21,7269.T,2,2,1,32.36,30.5,37.13,1779.5,WIN,8.0,2,2024-03-11,2026-04-20
2026-05-22,7269.T,0,2,0,38.54,26.41,35.05,1789.5,WIN,8.0,2,2024-03-11,2026-04-20
2026-05-26,7269.T,0,2,0,56.4,23.45,20.15,1921.0,TIMEOUT_LOSS,-0.13,5,2024-03-11,2026-04-20
2026-05-27,7269.T,0,1,0,54.58,25.29,20.13,1914.5,TIMEOUT_LOSS,-1.25,5,2024-03-11,2026-04-20
2026-05-28,7269.T,0,1,0,53.26,27.78,18.96,1919.0,TIMEOUT_LOSS,-3.28,5,2024-03-11,2026-04-20
2026-05-29,7269.T,0,0,1,58.85,26.81,14.34,1973.5,LOSS,-4.0,2,2024-04-10,2026-05-22
2026-06-01,7269.T,0,0,1,47.2,31.07,21.73,1940.5,LOSS,-4.0,1,2024-04-10,2026-05-22
2026-06-02,7269.T,0,0,1,46.12,31.75,22.12,1918.5,LOSS,-4.0,4,2024-04-10,2026-05-22
2026-06-03,7269.T,0,0,1,43.65,30.98,25.37,1890.5,TIMEOUT_LOSS,-2.46,5,2024-04-10,2026-05-22
2026-06-04,7269.T,2,1,0,32.54,32.97,34.49,1856.0,LOSS,-4.0,5,2024-04-10,2026-05-22
2026-06-05,7269.T,0,1,0,35.07,32.82,32.12,1865.5,LOSS,-4.0,4,2024-04-10,2026-05-22
2026-06-08,7269.T,1,0,0,30.62,35.68,33.7,1854.5,LOSS,-4.0,3,2024-04-10,2026-05-22
2026-06-09,7269.T,2,2,1,29.13,32.85,38.02,1838.5,LOSS,-4.0,2,2024-04-10,2026-05-22
2026-06-10,7269.T,2,2,1,30.07,32.71,37.22,1844.0,LOSS,-4.0,1,2024-04-10,2026-05-22
2026-06-11,7269.T,2,2,1,21.03,37.17,41.8,1786.5,WIN,8.0,2,2024-04-10,2026-05-22
2026-06-12,7269.T,0,2,0,37.63,31.91,30.46,1868.0,HOLD,2.3,5,2024-04-10,2026-05-22
2026-06-15,7269.T,0,1,0,48.56,28.34,23.11,1933.0,TIMEOUT_LOSS,-2.59,5,2024-04-10,2026-05-22
2026-06-16,7269.T,0,1,0,50.63,29.54,19.83,1900.0,TIMEOUT_LOSS,-0.87,5,2024-04-10,2026-05-22
2026-06-17,7269.T,0,0,1,57.74,23.36,18.9,1950.0,LOSS,-4.0,5,2024-04-10,2026-05-22
2026-06-18,7269.T,0,0,1,56.13,24.84,19.03,1936.0,HOLD,1.42,5,2024-04-10,2026-05-22
2026-06-22,7269.T,0,1,0,39.8,31.49,28.71,1911.0,HOLD,3.17,5,2024-04-10,2026-05-22
2026-06-23,7269.T,0,2,0,37.35,32.38,30.27,1883.0,HOLD,3.85,5,2024-04-10,2026-05-22
2026-06-24,7269.T,0,2,0,36.89,29.75,33.36,1883.5,HOLD,5.68,5,2024-04-10,2026-05-22
2026-06-25,7269.T,0,1,0,47.6,25.97,26.42,1936.5,HOLD,6.51,5,2024-04-10,2026-05-22
2026-06-26,7269.T,0,1,0,48.9,25.34,25.76,1963.5,WIN,8.0,5,2024-04-10,2026-05-22
2026-06-29,7269.T,0,2,0,43.26,30.22,26.52,1971.5,WIN,8.0,4,2024-05-13,2026-06-23
2026-06-30,7269.T,0,2,0,38.6,32.19,29.22,1955.5,WIN,8.0,3,2024-05-13,2026-06-23
2026-07-01,7269.T,0,2,0,43.24,32.83,23.93,1990.5,WIN,8.0,2,2024-05-13,2026-06-23
2026-07-02,7269.T,0,1,0,41.3,30.98,27.71,2062.5,TIMEOUT_LOSS,-1.28,5,2024-05-13,2026-06-23
2026-07-06,7269.T,0,0,1,48.76,32.77,18.47,2144.5,LOSS,-4.0,2,2024-05-13,2026-06-23
2026-07-07,7269.T,0,0,1,44.11,34.04,21.85,2129.5,LOSS,-4.0,2,2024-05-13,2026-06-23
2026-07-08,7269.T,1,1,1,32.93,33.62,33.45,2060.0,TIMEOUT_LOSS,-1.67,5,2024-05-13,2026-06-23
2026-07-09,7269.T,2,1,0,25.19,27.44,47.38,2027.5,HOLD,1.21,5,2024-05-13,2026-06-23
2026-07-10,7269.T,2,1,0,21.65,32.57,45.78,2036.0,HOLD,0.71,5,2024-05-13,2026-06-23
2026-07-13,7269.T,2,1,0,27.07,31.45,41.48,2029.5,HOLD,1.06,5,2024-05-13,2026-06-23
2026-07-14,7269.T,2,2,1,28.12,35.25,36.63,2017.0,HOLD,1.93,5,2024-05-13,2026-06-23
2026-07-15,7269.T,2,1,0,25.29,35.6,39.1,2025.5,HOLD,0.91,5,2024-05-13,2026-06-23
2026-07-16,7269.T,0,1,0,37.43,30.58,31.99,2052.0,LOSS,-4.0,5,2024-05-13,2026-06-23
2026-07-17,7269.T,0,1,0,36.19,32.34,31.47,2050.5,LOSS,-4.0,4,2024-05-13,2026-06-23
2026-07-21,7269.T,0,0,1,39.23,31.8,28.97,2051.0,LOSS,-4.0,3,2024-05-13,2026-06-23
2026-07-22,7269.T,0,1,0,37.82,33.68,28.51,2056.0,LOSS,-4.0,2,2024-05-13,2026-06-23
2026-07-23,7269.T,0,2,0,34.48,31.23,34.29,2044.0,LOSS,-4.0,1,2024-05-13,2026-06-23
2026-07-24,7269.T,1,2,0,32.61,36.26,31.14,1968.5,WIN,8.0,3,2024-05-13,2026-06-23
2026-07-27,7269.T,0,2,0,34.7,33.86,31.45,2055.0,LOSS,-4.0,5,2024-05-13,2026-06-23
2026-07-28,7269.T,0,1,0,40.16,29.07,30.77,2078.5,LOSS,-4.0,4,2024-05-13,2026-06-23
2026-07-29,7269.T,1,0,0,29.47,37.67,32.86,2145.5,LOSS,-4.0,3,2024-06-11,2026-07-23
2026-07-30,7269.T,1,0,0,30.59,39.66,29.75,2153.5,LOSS,-4.0,2,2024-06-11,2026-07-23
2026-07-31,7269.T,1,0,0,27.45,40.54,32.01,2086.0,LOSS,-4.0,1,2024-06-11,2026-07-23
2026-08-03,7269.T,1,2,0,24.25,39.32,36.42,1945.5,LOSS,-4.0,2,2024-06-11,2026-07-23
2026-08-04,7269.T,1,2,0,21.77,41.09,37.14,1904.0,LOSS,-4.0,1,2024-06-11,2026-07-23
2026-08-05,7269.T,1,2,0,26.84,37.08,36.08,1926.0,HOLD,3.87,5,2024-06-11,2026-07-23
2026-08-06,7269.T,1,1,1,30.21,37.56,32.23,1977.5,HOLD,5.51,5,2024-06-11,2026-07-23
2026-08-07,7269.T,1,2,0,29.46,40.81,29.73,1956.0,HOLD,6.98,5,2024-06-11,2026-07-23
2024-10-10,9984.T,2,1,0,35.19,26.54,38.27,2260.25,HOLD,0.4,5,2022-08-31,2024-10-04
2024-10-11,9984.T,0,2,0,40.76,20.57,38.67,2238.5,HOLD,2.02,5,2022-08-31,2024-10-04
2024-10-15,9984.T,0,0,1,37.24,26.51,36.25,2367.5,LOSS,-4.0,1,2022-08-31,2024-10-04
2024-10-16,9984.T,2,1,0,27.63,27.26,45.12,2273.5,TIMEOUT_LOSS,-1.37,5,2022-08-31,2024-10-04
2024-10-17,9984.T,2,0,0,28.77,27.1,44.13,2300.5,LOSS,-4.0,5,2022-08-31,2024-10-04
2024-10-18,9984.T,2,1,0,26.31,25.96,47.73,2269.25,LOSS,-4.0,4,2022-08-31,2024-10-04
2024-10-21,9984.T,2,0,0,29.64,26.59,43.77,2283.75,LOSS,-4.0,3,2022-08-31,2024-10-04
2024-10-22,9984.T,2,0,0,29.48,25.79,44.73,2253.5,LOSS,-4.0,2,2022-08-31,2024-10-04
2024-10-23,9984.T,2,1,0,34.82,27.83,37.35,2242.25,LOSS,-4.0,1,2022-08-31,2024-10-04
2024-10-24,9984.T,0,2,0,40.02,25.92,34.06,2198.0,WIN,8.0,4,2022-08-31,2024-10-04
2024-10-25,9984.T,0,2,0,39.49,29.85,30.66,2187.75,WIN,8.0,3,2022-08-31,2024-10-04
2024-10-28,9984.T,2,2,1,33.11,31.55,35.34,2252.25,TIMEOUT_LOSS,-0.7,5,2022-08-31,2024-10-04
2024-10-29,9984.T,2,0,0,33.53,23.99,42.48,2318.0,HOLD,1.43,5,2022-08-31,2024-10-04
2024-10-30,9984.T,2,0,0,30.02,27.97,42.02,2385.75,LOSS,-4.0,2,2022-08-31,2024-10-04
2024-10-31,9984.T,2,1,0,24.75,24.69,50.56,2374.5,LOSS,-4.0,1,2022-08-31,2024-10-04
2024-11-01,9984.T,2,2,1,30.61,30.56,38.82,2241.0,HOLD,6.12,5,2022-08-31,2024-10-04
2024-11-05,9984.T,0,2,0,38.54,23.59,37.88,2236.5,HOLD,5.18,5,2022-08-31,2024-10-04
2024-11-06,9984.T,2,1,0,34.6,21.29,44.11,2351.25,TIMEOUT_LOSS,-2.85,5,2022-08-31,2024-10-04
2024-11-07,9984.T,2,2,1,36.69,22.39,40.92,2305.5,LOSS,-4.0,5,2022-08-31,2024-10-04
2024-11-08,9984.T,2,0,0,36.53,20.43,43.04,2342.0,LOSS,-4.0,4,2022-08-31,2024-10-04
2024-11-11,9984.T,0,0,1,34.21,34.04,31.75,2378.25,LOSS,-4.0,2,2022-10-03,2024-11-05
2024-11-12,9984.T,0,0,1,38.83,33.07,28.1,2352.25,LOSS,-4.0,2,2022-10-03,2024-11-05
2024-11-13,9984.T,0,0,1,34.01,33.09,32.9,2284.25,LOSS,-4.0,3,2022-10-03,2024-11-05
2024-11-14,9984.T,2,0,0,33.63,27.27,39.1,2210.75,LOSS,-4.0,5,2022-10-03,2024-11-05
2024-11-15,9984.T,2,0,0,33.13,24.95,41.92,2230.0,LOSS,-4.0,4,2022-10-03,2024-11-05
2024-11-18,9984.T,2,0,0,25.99,30.52,43.49,2183.5,HOLD,1.6,5,2022-10-03,2024-11-05
2024-11-19,9984.T,2,1,0,31.2,19.77,49.03,2170.75,HOLD,1.85,5,2022-10-03,2024-11-05
2024-11-20,9984.T,2,2,1,29.83,22.29,47.88,2161.5,HOLD,3.87,5,2022-10-03,2024-11-05
2024-11-21,9984.T,2,2,1,31.34,24.74,43.92,2137.5,HOLD,4.51,5,2022-10-03,2024-11-05
2024-11-22,9984.T,2,2,1,29.9,22.9,47.2,2146.5,HOLD,3.73,5,2022-10-03,2024-11-05
2024-11-25,9984.T,2,1,0,28.31,28.18,43.52,2218.5,HOLD,3.11,5,2022-10-03,2024-11-05
2024-11-26,9984.T,2,1,0,24.77,26.55,48.68,2211.0,HOLD,1.67,5,2022-10-03,2024-11-05
2024-11-27,9984.T,2,2,1,21.27,30.74,47.98,2245.25,HOLD,1.28,5,2022-10-03,2024-11-05
2024-11-29,9984.T,2,1,0,24.75,29.67,45.58,2234.0,HOLD,1.28,5,2022-10-03,2024-11-05
2024-12-02,9984.T,2,2,1,27.63,23.01,49.36,2226.5,HOLD,3.64,5,2022-10-03,2024-11-05
2024-12-03,9984.T,0,1,0,35.32,30.04,34.64,2287.5,HOLD,1.3,5,2022-10-03,2024-11-05
2024-12-04,9984.T,2,2,1,29.72,23.71,46.57,2248.0,HOLD,1.95,5,2022-10-03,2024-11-05
2024-12-05,9984.T,2,2,1,35.21,23.19,41.6,2274.0,HOLD,2.73,5,2022-10-03,2024-11-05
2024-12-06,9984.T,2,1,0,31.81,24.81,43.37,2262.5,HOLD,3.08,5,2022-10-03,2024-11-05
2024-12-09,9984.T,0,1,0,42.68,28.03,29.29,2307.5,HOLD,2.07,5,2022-10-03,2024-11-05
2024-12-10,9984.T,0,1,0,51.22,23.28,25.5,2317.25,HOLD,6.13,5,2022-11-01,2024-12-04
2024-12-11,9984.T,0,2,0,50.2,25.43,24.37,2291.75,HOLD,2.91,5,2022-11-01,2024-12-04
2024-12-12,9984.T,0,2,0,54.65,21.35,24.0,2336.0,TIMEOUT_LOSS,-3.41,5,2022-11-01,2024-12-04
2024-12-13,9984.T,0,1,0,52.52,24.4,23.07,2332.25,LOSS,-4.0,5,2022-11-01,2024-12-04
2024-12-16,9984.T,0,0,1,50.14,23.07,26.79,2355.25,LOSS,-4.0,3,2022-11-01,2024-12-04
2024-12-17,9984.T,0,0,1,45.05,28.67,26.27,2459.25,LOSS,-4.0,1,2022-11-01,2024-12-04
2024-12-18,9984.T,0,0,1,41.14,31.12,27.75,2358.5,LOSS,-4.0,1,2022-11-01,2024-12-04
2024-12-19,9984.T,0,0,1,43.99,24.51,31.5,2256.25,HOLD,2.54,5,2022-11-01,2024-12-04
2024-12-20,9984.T,0,2,0,44.21,20.53,35.26,2190.0,HOLD,4.85,5,2022-11-01,2024-12-04
2024-12-23,9984.T,2,2,1,36.9,21.53,41.57,2234.0,HOLD,3.33,5,2022-11-01,2024-12-04
2024-12-24,9984.T,2,2,1,36.62,24.04,39.34,2202.25,WIN,8.0,5,2022-11-01,2024-12-04
2024-12-26,9984.T,2,1,0,32.98,27.41,39.61,2277.25,HOLD,2.88,5,2022-11-01,2024-12-04
2024-12-27,9984.T,0,1,0,43.57,26.42,30.02,2313.5,HOLD,0.81,5,2022-11-01,2024-12-04
2024-12-30,9984.T,0,2,0,48.59,23.89,27.52,2296.25,HOLD,0.72,5,2022-11-01,2024-12-04
2025-01-06,9984.T,0,1,0,50.47,23.77,25.76,2308.5,TIMEOUT_LOSS,-2.46,5,2022-11-01,2024-12-04
2025-01-07,9984.T,0,1,0,52.93,24.48,22.59,2336.25,LOSS,-4.0,4,2022-11-01,2024-12-04
2025-01-08,9984.T,0,0,1,56.37,21.31,22.32,2342.75,LOSS,-4.0,3,2022-11-01,2024-12-04
2025-01-09,9984.T,0,0,1,56.72,21.99,21.29,2332.25,LOSS,-4.0,2,2022-11-01,2024-12-04
2025-01-10,9984.T,0,1,0,53.9,23.64,22.47,2312.75,TIMEOUT_LOSS,-0.03,5,2022-11-01,2024-12-04
2025-01-14,9984.T,0,1,0,45.52,24.01,30.47,2251.75,WIN,8.0,5,2022-11-01,2024-12-04
2025-01-15,9984.T,0,2,0,35.75,29.53,34.72,2250.25,WIN,8.0,4,2022-12-02,2025-01-08
2025-01-16,9984.T,2,2,1,29.73,35.11,35.17,2300.5,WIN,8.0,3,2022-12-02,2025-01-08
2025-01-17,9984.T,2,2,1,34.35,30.74,34.91,2270.0,WIN,8.0,2,2022-12-02,2025-01-08
2025-01-21,9984.T,2,2,1,31.09,32.35,36.56,2312.0,WIN,8.0,1,2022-12-02,2025-01-08
2025-01-22,9984.T,2,0,0,30.18,34.32,35.5,2557.5,LOSS,-4.0,3,2022-12-02,2025-01-08
2025-01-23,9984.T,2,0,0,31.69,30.68,37.63,2688.75,LOSS,-4.0,2,2022-12-02,2025-01-08
2025-01-24,9984.T,2,0,0,36.19,25.54,38.27,2640.0,LOSS,-4.0,1,2022-12-02,2025-01-08
2025-01-27,9984.T,0,0,1,37.35,27.47,35.18,2420.25,LOSS,-4.0,1,2022-12-02,2025-01-08
2025-01-28,9984.T,0,2,0,37.91,32.51,29.58,2294.0,HOLD,3.8,5,2022-12-02,2025-01-08
2025-01-29,9984.T,0,1,0,39.65,25.11,35.24,2349.75,HOLD,2.89,5,2022-12-02,2025-01-08
2025-01-30,9984.T,0,2,0,43.35,22.12,34.53,2324.75,HOLD,5.02,5,2022-12-02,2025-01-08
2025-01-31,9984.T,2,2,1,38.3,21.88,39.82,2352.75,HOLD,2.89,5,2022-12-02,2025-01-08
2025-02-03,9984.T,2,2,1,30.55,27.37,42.09,2363.75,HOLD,0.43,5,2022-12-02,2025-01-08
2025-02-04,9984.T,2,2,1,29.46,32.86,37.68,2381.25,HOLD,3.48,5,2022-12-02,2025-01-08
2025-02-05,9984.T,2,0,0,26.94,32.56,40.5,2417.75,TIMEOUT_LOSS,-1.73,5,2022-12-02,2025-01-08
2025-02-06,9984.T,0,1,0,36.34,29.83,33.83,2441.5,LOSS,-4.0,4,2022-12-02,2025-01-08
2025-02-07,9984.T,2,0,0,32.33,31.51,36.16,2420.75,HOLD,1.61,5,2022-12-02,2025-01-08
2025-02-10,9984.T,2,1,0,20.49,30.7,48.82,2374.0,HOLD,1.64,5,2022-12-02,2025-01-08
2025-02-12,9984.T,2,1,0,22.95,34.94,42.11,2464.0,LOSS,-4.0,1,2022-12-02,2025-01-08
2025-02-13,9984.T,2,2,1,22.43,24.31,53.26,2376.0,TIMEOUT_LOSS,-1.2,5,2022-12-02,2025-01-08
2025-02-14,9984.T,2,0,0,25.78,23.06,51.16,2409.25,LOSS,-4.0,5,2023-01-04,2025-02-07
2025-02-18,9984.T,2,0,0,33.53,30.94,35.53,2459.75,LOSS,-4.0,2,2023-01-04,2025-02-07
2025-02-19,9984.T,2,0,0,29.15,23.44,47.4,2413.0,LOSS,-4.0,3,2023-01-04,2025-02-07
2025-02-20,9984.T,2,0,0,31.47,26.73,41.8,2362.75,LOSS,-4.0,2,2023-01-04,2025-02-07
2025-02-21,9984.T,2,0,0,27.0,24.89,48.11,2347.5,LOSS,-4.0,1,2023-01-04,2025-02-07
2025-02-25,9984.T,2,0,0,32.87,23.34,43.8,2247.75,LOSS,-4.0,3,2023-01-04,2025-02-07
2025-02-26,9984.T,2,0,0,28.19,24.13,47.69,2184.5,LOSS,-4.0,2,2023-01-04,2025-02-07
2025-02-27,9984.T,2,0,0,24.26,18.23,57.51,2202.0,LOSS,-4.0,1,2023-01-04,2025-02-07
2025-02-28,9984.T,2,0,0,28.4,24.13,47.47,2068.25,LOSS,-4.0,2,2023-01-04,2025-02-07
2025-03-03,9984.T,2,0,0,18.42,14.39,67.19,2082.5,LOSS,-4.0,1,2023-01-04,2025-02-07
2025-03-04,9984.T,2,1,0,20.06,17.75,62.19,1983.0,TIMEOUT_LOSS,-1.1,5,2023-01-04,2025-02-07
2025-03-05,9984.T,2,1,0,14.0,14.68,71.32,1999.25,LOSS,-4.0,4,2023-01-04,2025-02-07
2025-03-06,9984.T,2,0,0,9.76,14.15,76.09,2046.5,LOSS,-4.0,3,2023-01-04,2025-02-07
2025-03-07,9984.T,2,0,0,12.29,17.49,70.22,1988.25,LOSS,-4.0,5,2023-01-04,2025-02-07
2025-03-10,9984.T,2,0,0,9.49,13.73,76.78,2016.75,LOSS,-4.0,1,2023-01-04,2025-02-07
2025-03-11,9984.T,2,1,0,11.14,17.1,71.75,1961.25,HOLD,1.52,5,2023-01-04,2025-02-07
2025-03-12,9984.T,2,2,1,13.08,14.5,72.42,1945.25,HOLD,0.33,5,2023-01-04,2025-02-07
2025-03-13,9984.T,2,2,1,11.62,17.52,70.86,1939.0,HOLD,2.63,5,2023-01-04,2025-02-07
2025-03-14,9984.T,2,1,0,10.69,17.55,71.76,1959.0,HOLD,4.63,5,2023-01-04,2025-02-07
2025-03-17,9984.T,2,1,0,9.85,21.42,68.74,1994.75,HOLD,3.18,5,2023-01-04,2025-02-07
2025-03-18,9984.T,2,2,1,23.48,29.61,46.91,1991.0,HOLD,4.83,5,2023-02-03,2025-03-12
2025-03-19,9984.T,2,2,1,21.94,29.52,48.53,1951.75,WIN,8.0,4,2023-02-03,2025-03-12
2025-03-21,9984.T,2,2,1,21.09,37.19,41.71,1990.0,TIMEOUT_LOSS,-0.5,5,2023-02-03,2025-03-12
2025-03-24,9984.T,1,0,0,20.99,40.29,38.72,2049.75,LOSS,-4.0,4,2023-02-03,2025-03-12
2025-03-25,9984.T,1,0,0,23.4,41.34,35.26,2058.25,LOSS,-4.0,3,2023-02-03,2025-03-12
2025-03-26,9984.T,1,0,0,25.33,43.32,31.34,2087.25,LOSS,-4.0,1,2023-02-03,2025-03-12
2025-03-27,9984.T,2,0,0,22.4,38.46,39.14,2005.5,LOSS,-4.0,2,2023-02-03,2025-03-12
2025-03-28,9984.T,2,0,0,24.81,33.63,41.56,1980.0,LOSS,-4.0,1,2023-02-03,2025-03-12
2025-03-31,9984.T,2,0,0,30.32,26.49,43.2,1869.75,LOSS,-4.0,3,2023-02-03,2025-03-12
2025-04-01,9984.T,2,0,0,24.82,27.38,47.8,1873.25,LOSS,-4.0,2,2023-02-03,2025-03-12
2025-04-02,9984.T,2,0,0,23.69,23.66,52.65,1866.25,LOSS,-4.0,1,2023-02-03,2025-03-12
2025-04-03,9984.T,2,0,0,21.92,26.74,51.34,1793.0,LOSS,-4.0,1,2023-02-03,2025-03-12
2025-04-04,9984.T,2,0,0,22.13,29.93,47.95,1664.0,LOSS,-4.0,1,2023-02-03,2025-03-12
2025-04-07,9984.T,2,2,1,17.5,23.63,58.87,1458.75,WIN,8.0,1,2023-02-03,2025-03-12
2025-04-08,9984.T,2,2,1,15.75,24.18,60.07,1635.5,LOSS,-4.0,1,2023-02-03,2025-03-12
2025-04-09,9984.T,2,2,1,15.33,22.69,61.98,1517.5,WIN,8.0,1,2023-02-03,2025-03-12
2025-04-10,9984.T,2,2,1,14.84,22.71,62.45,1692.5,LOSS,-4.0,1,2023-02-03,2025-03-12
2025-04-11,9984.T,2,1,0,11.56,23.75,64.69,1677.75,TIMEOUT_LOSS,-0.89,5,2023-02-03,2025-03-12
2025-04-14,9984.T,2,1,0,12.83,26.8,60.37,1716.0,LOSS,-4.0,5,2023-02-03,2025-03-12
2025-04-15,9984.T,2,0,0,14.59,28.94,56.47,1728.25,LOSS,-4.0,3,2023-02-03,2025-03-12
2025-04-16,9984.T,2,1,0,15.93,25.99,58.08,1684.5,HOLD,4.19,5,2023-03-07,2025-04-10
2025-04-17,9984.T,2,1,0,17.81,34.05,48.14,1703.25,HOLD,6.02,5,2023-03-07,2025-04-10
2025-04-21,9984.T,2,2,1,18.88,25.19,55.92,1662.75,WIN,8.0,4,2023-03-07,2025-04-10
2025-04-22,9984.T,2,2,1,21.85,27.51,50.64,1664.75,WIN,8.0,3,2023-03-07,2025-04-10
2025-04-23,9984.T,2,2,1,17.8,34.17,48.03,1700.75,WIN,8.0,5,2023-03-07,2025-04-10
2025-04-24,9984.T,1,2,0,26.32,38.41,35.27,1755.0,HOLD,5.48,5,2023-03-07,2025-04-10
2025-04-25,9984.T,1,1,1,31.23,40.03,28.74,1805.75,HOLD,2.66,5,2023-03-07,2025-04-10
2025-04-28,9984.T,1,2,0,34.65,38.51,26.84,1792.5,HOLD,0.95,5,2023-03-07,2025-04-10
2025-04-30,9984.T,0,2,0,36.22,34.5,29.28,1791.0,HOLD,3.56,5,2023-03-07,2025-04-10
2025-05-01,9984.T,1,1,1,32.19,36.13,31.68,1828.75,HOLD,2.62,5,2023-03-07,2025-04-10
2025-05-02,9984.T,1,1,1,28.81,36.96,34.23,1851.25,HOLD,2.63,5,2023-03-07,2025-04-10
2025-05-07,9984.T,1,1,1,31.34,35.28,33.38,1853.75,WIN,8.0,5,2023-03-07,2025-04-10
2025-05-08,9984.T,2,2,1,30.79,31.95,37.26,1809.5,WIN,8.0,3,2023-03-07,2025-04-10
2025-05-09,9984.T,1,2,0,35.0,36.12,28.89,1854.75,WIN,8.0,3,2023-03-07,2025-04-10
2025-05-12,9984.T,0,2,0,36.07,32.87,31.06,1876.75,HOLD,0.96,5,2023-03-07,2025-04-10
2025-05-13,9984.T,1,2,0,30.76,37.46,31.78,1900.0,TIMEOUT_LOSS,-0.01,5,2023-03-07,2025-04-10
2025-05-14,9984.T,0,0,1,43.77,26.86,29.37,1974.0,LOSS,-4.0,3,2023-03-07,2025-04-10
2025-05-15,9984.T,1,0,0,32.11,34.85,33.04,1953.0,LOSS,-4.0,5,2023-03-07,2025-04-10
2025-05-16,9984.T,2,0,0,29.49,32.79,37.72,1932.25,LOSS,-4.0,4,2023-03-07,2025-04-10
2025-05-19,9984.T,2,0,0,26.62,31.64,41.74,1894.75,HOLD,2.93,5,2023-03-07,2025-04-10
2025-05-20,9984.T,2,0,0,26.52,34.66,38.82,1899.75,HOLD,2.78,5,2023-04-05,2025-05-14
2025-05-21,9984.T,2,2,1,22.42,22.07,55.52,1886.5,HOLD,4.93,5,2023-04-05,2025-05-14
2025-05-22,9984.T,2,2,1,24.02,24.95,51.03,1865.5,HOLD,2.04,5,2023-04-05,2025-05-14
2025-05-23,9984.T,2,2,1,24.73,25.64,49.64,1866.0,TIMEOUT_LOSS,-1.46,5,2023-04-05,2025-05-14
2025-05-27,9984.T,1,0,0,25.87,38.53,35.6,1950.25,LOSS,-4.0,4,2023-04-05,2025-05-14
2025-05-28,9984.T,1,0,0,24.64,39.65,35.71,1952.5,LOSS,-4.0,3,2023-04-05,2025-05-14
2025-05-29,9984.T,0,0,1,36.98,35.12,27.89,1979.5,LOSS,-4.0,1,2023-04-05,2025-05-14
2025-05-30,9984.T,1,0,0,31.96,35.13,32.91,1903.5,TIMEOUT_LOSS,-3.3,5,2023-04-05,2025-05-14
2025-06-02,9984.T,2,1,0,36.37,25.75,37.88,1838.75,HOLD,5.1,5,2023-04-05,2025-05-14
2025-06-03,9984.T,2,1,0,36.02,25.07,38.9,1844.25,HOLD,7.21,5,2023-04-05,2025-05-14
2025-06-04,9984.T,2,2,1,32.46,29.39,38.15,1864.0,WIN,8.0,5,2023-04-05,2025-05-14
2025-06-05,9984.T,0,2,0,38.15,23.87,37.98,1845.25,WIN,8.0,4,2023-04-05,2025-05-14
2025-06-06,9984.T,0,2,0,39.58,23.94,36.48,1840.75,WIN,8.0,2,2023-04-05,2025-05-14
2025-06-09,9984.T,1,2,0,32.34,40.22,27.44,1932.5,WIN,8.0,5,2023-04-05,2025-05-14
2025-06-10,9984.T,1,2,0,34.78,37.35,27.87,1977.25,WIN,8.0,5,2023-04-05,2025-05-14
2025-06-11,9984.T,0,2,0,43.68,30.94,25.39,2020.0,WIN,8.0,4,2023-04-05,2025-05-14
2025-06-12,9984.T,1,2,0,33.43,36.5,30.07,2015.0,WIN,8.0,3,2023-04-05,2025-05-14
2025-06-13,9984.T,0,2,0,46.81,27.47,25.72,2073.0,WIN,8.0,4,2023-04-05,2025-05-14
2025-06-16,9984.T,0,2,0,48.39,26.59,25.02,2124.75,WIN,8.0,5,2023-04-05,2025-05-14
2025-06-17,9984.T,0,2,0,47.87,27.91,24.22,2168.75,WIN,8.0,4,2023-04-05,2025-05-14
2025-06-18,9984.T,0,2,0,48.33,24.59,27.08,2172.75,WIN,8.0,3,2023-05-09,2025-06-12
2025-06-20,9984.T,0,2,0,40.78,30.89,28.33,2244.75,WIN,8.0,4,2023-05-09,2025-06-12
2025-06-23,9984.T,0,2,0,37.7,32.17,30.14,2244.75,WIN,8.0,3,2023-05-09,2025-06-12
2025-06-24,9984.T,0,2,0,43.85,25.97,30.18,2370.0,WIN,8.0,4,2023-05-09,2025-06-12
2025-06-25,9984.T,2,2,1,36.54,26.24,37.23,2329.0,WIN,8.0,2,2023-05-09,2025-06-12
2025-06-26,9984.T,2,2,1,37.66,23.88,38.45,2457.5,WIN,8.0,2,2023-05-09,2025-06-12
2025-06-27,9984.T,2,2,1,36.04,27.12,36.84,2520.0,WIN,8.0,2,2023-05-09,2025-06-12
2025-06-30,9984.T,0,1,0,40.94,30.24,28.82,2628.75,TIMEOUT_LOSS,-0.24,5,2023-05-09,2025-06-12
2025-07-01,9984.T,0,0,1,46.39,24.68,28.93,2697.5,LOSS,-4.0,4,2023-05-09,2025-06-12
2025-07-02,9984.T,0,0,1,44.52,28.54,26.94,2681.25,HOLD,0.14,5,2023-05-09,2025-06-12
2025-07-03,9984.T,0,1,0,49.34,24.86,25.8,2662.5,TIMEOUT_LOSS,-0.56,5,2023-05-09,2025-06-12
2025-07-07,9984.T,0,1,0,47.82,27.17,25.01,2646.25,TIMEOUT_LOSS,-3.07,5,2023-05-09,2025-06-12
2025-07-08,9984.T,0,1,0,42.27,29.18,28.55,2622.5,TIMEOUT_LOSS,-0.24,5,2023-05-09,2025-06-12
2025-07-09,9984.T,0,0,1,44.09,22.19,33.71,2642.5,TIMEOUT_LOSS,-1.14,5,2023-05-09,2025-06-12
2025-07-10,9984.T,0,0,1,49.48,21.79,28.73,2685.0,LOSS,-4.0,2,2023-05-09,2025-06-12
2025-07-11,9984.T,0,1,0,47.37,25.0,27.63,2647.5,HOLD,6.04,5,2023-05-09,2025-06-12
2025-07-14,9984.T,0,2,0,49.0,18.36,32.64,2565.0,WIN,8.0,4,2023-05-09,2025-06-12
2025-07-15,9984.T,0,2,0,48.04,21.76,30.21,2616.25,WIN,8.0,3,2023-05-09,2025-06-12
2025-07-16,9984.T,0,2,0,50.64,18.45,30.91,2612.5,WIN,8.0,2,2023-05-09,2025-06-12
2025-07-17,9984.T,0,2,0,42.69,21.47,35.84,2673.75,WIN,8.0,2,2023-05-09,2025-06-12
2025-07-18,9984.T,0,2,0,47.13,16.08,36.79,2807.5,WIN,8.0,3,2023-06-07,2025-07-14
2025-07-22,9984.T,0,2,0,47.93,18.37,33.7,2887.5,WIN,8.0,3,2023-06-07,2025-07-14
2025-07-23,9984.T,0,1,0,56.92,13.26,29.82,2956.25,TIMEOUT_LOSS,-2.75,5,2023-06-07,2025-07-14
2025-07-24,9984.T,0,0,1,59.62,13.26,27.12,3037.5,LOSS,-4.0,3,2023-06-07,2025-07-14
2025-07-25,9984.T,0,0,1,66.09,12.21,21.7,3051.25,LOSS,-4.0,1,2023-06-07,2025-07-14
2025-07-28,9984.T,0,1,0,75.38,10.84,13.77,2931.25,TIMEOUT_LOSS,-1.24,5,2023-06-07,2025-07-14
2025-07-29,9984.T,0,1,0,69.9,16.02,14.08,2890.0,HOLD,2.85,5,2023-06-07,2025-07-14
2025-07-30,9984.T,0,1,0,70.59,14.83,14.58,2875.0,WIN,8.0,5,2023-06-07,2025-07-14
2025-07-31,9984.T,0,1,0,70.85,13.72,15.43,2952.5,LOSS,-4.0,1,2023-06-07,2025-07-14
2025-08-01,9984.T,0,2,0,65.87,15.42,18.7,2896.25,WIN,8.0,4,2023-06-07,2025-07-14
2025-08-04,9984.T,0,2,0,62.97,21.93,15.1,2895.0,WIN,8.0,3,2023-06-07,2025-07-14
2025-08-05,9984.T,0,2,0,69.04,13.71,17.25,2972.5,WIN,8.0,3,2023-06-07,2025-07-14
2025-08-06,9984.T,0,2,0,67.93,12.26,19.81,3098.75,WIN,8.0,2,2023-06-07,2025-07-14
2025-08-07,9984.T,0,2,0,73.73,8.2,18.07,3140.0,WIN,8.0,1,2023-06-07,2025-07-14
2025-08-08,9984.T,0,2,0,69.03,8.82,22.15,3466.25,WIN,8.0,1,2023-06-07,2025-07-14
2025-08-12,9984.T,0,2,0,72.08,14.6,13.33,3706.25,WIN,8.0,3,2023-06-07,2025-07-14
2025-08-13,9984.T,0,2,0,74.0,15.43,10.58,3717.5,WIN,8.0,2,2023-06-07,2025-07-14
2025-08-14,9984.T,0,2,0,69.88,17.28,12.85,3881.25,WIN,8.0,2,2023-06-07,2025-07-14
2025-08-15,9984.T,0,0,1,71.58,18.26,10.16,4130.0,LOSS,-4.0,2,2023-06-07,2025-07-14
2025-08-18,9984.T,0,0,1,69.83,18.1,12.06,4176.25,LOSS,-4.0,1,2023-06-07,2025-07-14
2025-08-19,9984.T,2,0,0,24.68,30.95,44.38,4008.75,LOSS,-4.0,1,2023-07-07,2025-08-13
2025-08-20,9984.T,2,2,1,24.15,36.93,38.92,3722.5,HOLD,3.53,5,2023-07-07,2025-08-13
2025-08-21,9984.T,2,2,1,23.5,37.12,39.39,3647.5,WIN,8.0,5,2023-07-07,2025-08-13
2025-08-22,9984.T,2,2,1,25.24,35.41,39.35,3720.0,WIN,8.0,5,2023-07-07,2025-08-13
2025-08-25,9984.T,2,2,1,26.24,33.17,40.59,3851.25,TIMEOUT_LOSS,-0.16,5,2023-07-07,2025-08-13
2025-08-26,9984.T,1,2,0,22.68,40.08,37.24,3816.25,LOSS,-4.0,5,2023-07-07,2025-08-13
2025-08-27,9984.T,2,1,0,24.45,36.56,38.99,3853.75,LOSS,-4.0,4,2023-07-07,2025-08-13
2025-08-28,9984.T,2,0,0,25.33,31.67,42.99,3977.5,LOSS,-4.0,2,2023-07-07,2025-08-13
2025-08-29,9984.T,2,0,0,27.53,29.61,42.86,4057.5,LOSS,-4.0,1,2023-07-07,2025-08-13
2025-09-02,9984.T,2,1,0,31.15,31.12,37.74,3845.0,LOSS,-4.0,1,2023-07-07,2025-08-13
2025-09-03,9984.T,0,2,0,40.08,22.66,37.26,3642.5,WIN,8.0,2,2023-07-07,2025-08-13
2025-09-04,9984.T,2,0,0,29.46,20.54,50.01,3877.5,WIN,8.0,5,2023-07-07,2025-08-13
2025-09-05,9984.T,2,2,1,31.35,20.33,48.31,3885.0,WIN,8.0,4,2023-07-07,2025-08-13
2025-09-08,9984.T,2,2,1,28.76,26.14,45.11,3966.25,LOSS,-4.0,1,2023-07-07,2025-08-13
2025-09-09,9984.T,2,2,1,34.89,22.36,42.75,3793.75,WIN,8.0,2,2023-07-07,2025-08-13
2025-09-10,9984.T,2,2,1,32.44,26.77,40.79,4070.0,WIN,8.0,1,2023-07-07,2025-08-13
2025-09-11,9984.T,2,1,0,32.22,12.72,55.06,4476.25,HOLD,2.62,5,2023-07-07,2025-08-13
2025-09-12,9984.T,2,1,0,37.67,12.15,50.18,4557.5,TIMEOUT_LOSS,-1.65,5,2023-07-07,2025-08-13
2025-09-16,9984.T,2,1,0,40.54,13.28,46.18,4575.0,HOLD,3.83,5,2023-07-07,2025-08-13
2025-09-17,9984.T,2,1,0,33.71,22.55,43.74,4515.0,WIN,8.0,5,2023-07-07,2025-08-13
2025-09-18,9984.T,0,2,0,51.92,22.5,25.58,4563.75,WIN,8.0,5,2023-08-07,2025-09-11
2025-09-19,9984.T,0,2,0,47.22,22.09,30.69,4593.75,HOLD,3.62,5,2023-08-07,2025-09-11
2025-09-22,9984.T,0,2,0,42.79,22.38,34.83,4482.5,WIN,8.0,2,2023-08-07,2025-09-11
2025-09-24,9984.T,0,1,0,49.75,23.2,27.05,4750.0,LOSS,-4.0,5,2023-08-07,2025-09-11
2025-09-25,9984.T,0,0,1,51.1,22.41,26.49,4895.0,LOSS,-4.0,1,2023-08-07,2025-09-11
2025-09-26,9984.T,0,0,1,45.0,28.09,26.92,4711.25,HOLD,6.02,5,2023-08-07,2025-09-11
2025-09-29,9984.T,0,1,0,44.87,23.01,32.12,4760.0,LOSS,-4.0,2,2023-08-07,2025-09-11
2025-09-30,9984.T,0,2,0,42.31,29.44,28.25,4671.25,WIN,8.0,3,2023-08-07,2025-09-11
2025-10-01,9984.T,2,2,1,28.51,32.28,39.21,4560.0,WIN,8.0,2,2023-08-07,2025-09-11
2025-10-02,9984.T,2,2,1,36.64,25.42,37.94,4823.75,WIN,8.0,2,2023-08-07,2025-09-11
2025-10-03,9984.T,0,2,0,46.64,25.35,28.01,4995.0,WIN,8.0,2,2023-08-07,2025-09-11
2025-10-06,9984.T,0,2,0,46.95,24.88,28.17,5200.0,WIN,8.0,3,2023-08-07,2025-09-11
2025-10-07,9984.T,0,2,0,51.49,20.97,27.54,5257.5,WIN,8.0,2,2023-08-07,2025-09-11
2025-10-08,9984.T,0,1,0,50.34,23.51,26.15,5152.5,WIN,8.0,1,2023-08-07,2025-09-11
2025-10-09,9984.T,0,0,1,46.74,26.73,26.53,5741.25,LOSS,-4.0,1,2023-08-07,2025-09-11
2025-10-10,9984.T,0,2,0,46.26,24.03,29.71,5561.25,LOSS,-4.0,1,2023-08-07,2025-09-11
2025-10-14,9984.T,2,2,1,34.15,26.11,39.75,5220.0,WIN,8.0,2,2023-08-07,2025-09-11
2025-10-15,9984.T,0,2,0,38.43,30.46,31.11,5486.25,WIN,8.0,1,2023-08-07,2025-09-11
2025-10-16,9984.T,0,2,0,42.4,26.19,31.41,5957.5,LOSS,-4.0,1,2023-08-07,2025-09-11
2025-10-17,9984.T,2,2,1,34.76,27.0,38.24,5757.5,WIN,8.0,1,2023-08-07,2025-09-11
2025-10-20,9984.T,2,0,0,34.35,29.92,35.73,6246.25,LOSS,-4.0,2,2023-09-06,2025-10-14
2025-10-21,9984.T,2,0,0,24.21,23.49,52.29,6230.0,LOSS,-4.0,1,2023-09-06,2025-10-14
2025-10-22,9984.T,2,2,1,23.16,28.04,48.8,5925.0,LOSS,-4.0,1,2023-09-06,2025-10-14
2025-10-23,9984.T,2,2,1,17.96,22.94,59.09,5648.75,WIN,8.0,2,2023-09-06,2025-10-14
2025-10-24,9984.T,2,2,1,25.41,21.05,53.53,5970.0,WIN,8.0,2,2023-09-06,2025-10-14
2025-10-27,9984.T,2,2,1,24.8,25.33,49.88,6367.5,WIN,8.0,2,2023-09-06,2025-10-14
2025-10-28,9984.T,2,2,1,23.01,25.77,51.22,6572.5,LOSS,-4.0,4,2023-09-06,2025-10-14
2025-10-29,9984.T,2,0,0,33.09,30.01,36.9,6828.75,LOSS,-4.0,1,2023-09-06,2025-10-14
2025-10-30,9984.T,2,0,0,31.57,28.19,40.24,6575.0,LOSS,-4.0,2,2023-09-06,2025-10-14
2025-10-31,9984.T,2,0,0,30.32,34.03,35.65,6766.25,LOSS,-4.0,1,2023-09-06,2025-10-14
2025-11-04,9984.T,2,0,0,24.32,19.54,56.13,6290.0,LOSS,-4.0,1,2023-09-06,2025-10-14
2025-11-05,9984.T,2,0,0,22.47,20.53,57.0,5660.0,LOSS,-4.0,2,2023-09-06,2025-10-14
2025-11-06,9984.T,2,0,0,23.54,16.59,59.87,5825.0,LOSS,-4.0,1,2023-09-06,2025-10-14
2025-11-07,9984.T,2,1,0,21.51,25.3,53.19,5425.0,WIN,8.0,2,2023-09-06,2025-10-14
2025-11-10,9984.T,2,0,0,23.89,16.11,60.0,5563.75,LOSS,-4.0,2,2023-09-06,2025-10-14
2025-11-11,9984.T,2,0,0,18.07,18.61,63.32,5673.75,LOSS,-4.0,1,2023-09-06,2025-10-14
2025-11-12,9984.T,2,0,0,29.57,19.03,51.4,5477.5,LOSS,-4.0,1,2023-09-06,2025-10-14
2025-11-13,9984.T,2,0,0,29.12,16.44,54.43,5292.5,LOSS,-4.0,1,2023-09-06,2025-10-14
2025-11-14,9984.T,2,0,0,33.12,26.05,40.83,4945.0,LOSS,-4.0,2,2023-09-06,2025-10-14
2025-11-17,9984.T,2,0,0,31.64,19.87,48.49,5085.0,LOSS,-4.0,1,2023-09-06,2025-10-14
2025-11-18,9984.T,0,0,1,49.76,31.11,19.13,4705.0,WIN,8.0,2,2023-10-05,2025-11-12
2025-11-19,9984.T,0,0,1,47.28,33.31,19.41,4706.25,WIN,8.0,1,2023-10-05,2025-11-12
2025-11-20,9984.T,0,0,1,45.94,26.93,27.13,4795.0,LOSS,-4.0,1,2023-10-05,2025-11-12
2025-11-21,9984.T,0,0,1,38.1,36.44,25.47,4272.5,LOSS,-4.0,1,2023-10-05,2025-11-12
2025-11-25,9984.T,0,2,0,41.9,21.93,36.17,3847.5,WIN,8.0,2,2023-10-05,2025-11-12
2025-11-26,9984.T,0,0,1,36.34,29.03,34.63,4065.0,LOSS,-4.0,3,2023-10-05,2025-11-12
2025-11-28,9984.T,2,1,0,36.89,22.64,40.47,4206.25,LOSS,-4.0,1,2023-10-05,2025-11-12
2025-12-01,9984.T,2,2,1,37.8,22.83,39.36,4133.75,LOSS,-4.0,1,2023-10-05,2025-11-12
2025-12-02,9984.T,1,2,0,30.25,39.23,30.52,3917.5,WIN,8.0,1,2023-10-05,2025-11-12
2025-12-03,9984.T,0,2,0,36.72,27.94,35.34,4167.5,WIN,8.0,1,2023-10-05,2025-11-12
2025-12-04,9984.T,0,2,0,38.65,28.09,33.26,4550.0,WIN,8.0,2,2023-10-05,2025-11-12
2025-12-05,9984.T,0,0,1,40.34,30.32,29.33,4821.25,LOSS,-4.0,1,2023-10-05,2025-11-12
2025-12-08,9984.T,0,0,1,42.88,28.74,28.37,4663.75,LOSS,-4.0,3,2023-10-05,2025-11-12
2025-12-09,9984.T,0,0,1,38.53,36.02,25.46,4700.0,LOSS,-4.0,2,2023-10-05,2025-11-12
2025-12-10,9984.T,0,0,1,44.07,28.83,27.1,4665.0,LOSS,-4.0,1,2023-10-05,2025-11-12
2025-12-11,9984.T,0,0,1,41.29,27.51,31.2,4306.25,LOSS,-4.0,2,2023-10-05,2025-11-12
2025-12-12,9984.T,0,0,1,40.82,27.48,31.69,4473.75,LOSS,-4.0,1,2023-10-05,2025-11-12
2025-12-15,9984.T,0,0,1,37.37,36.29,26.34,4207.5,LOSS,-4.0,1,2023-10-05,2025-11-12
2025-12-16,9984.T,0,2,0,43.65,25.57,30.78,4135.0,LOSS,-4.0,2,2023-10-05,2025-11-12
2025-12-17,9984.T,0,2,0,36.48,35.14,28.39,4188.75,LOSS,-4.0,1,2023-10-05,2025-11-12
2025-12-18,9984.T,0,2,0,51.45,17.31,31.25,4031.25,WIN,8.0,2,2023-11-06,2025-12-12
2025-12-19,9984.T,0,2,0,51.95,15.0,33.04,4278.75,WIN,8.0,1,2023-11-06,2025-12-12
2025-12-22,9984.T,0,1,0,48.2,24.94,26.87,4453.75,TIMEOUT_LOSS,-1.21,5,2023-11-06,2025-12-12
2025-12-23,9984.T,0,1,0,56.37,22.1,21.53,4433.75,HOLD,4.09,5,2023-11-06,2025-12-12
2025-12-24,9984.T,0,1,0,58.99,19.47,21.54,4381.25,WIN,8.0,5,2023-11-06,2025-12-12
2025-12-26,9984.T,0,2,0,66.75,18.58,14.66,4450.0,HOLD,4.56,5,2023-11-06,2025-12-12
2025-12-29,9984.T,0,2,0,65.51,16.63,17.86,4485.0,LOSS,-4.0,5,2023-11-06,2025-12-12
2025-12-30,9984.T,0,2,0,66.41,16.63,16.96,4400.0,LOSS,-4.0,5,2023-11-06,2025-12-12
2026-01-05,9984.T,0,0,1,69.32,14.85,15.82,4615.0,LOSS,-4.0,3,2023-11-06,2025-12-12
2026-01-06,9984.T,0,0,1,62.35,21.52,16.13,4719.0,LOSS,-4.0,2,2023-11-06,2025-12-12
2026-01-07,9984.T,0,0,1,67.8,16.04,16.16,4653.0,LOSS,-4.0,1,2023-11-06,2025-12-12
2026-01-08,9984.T,0,1,0,71.93,12.56,15.5,4300.0,LOSS,-4.0,4,2023-11-06,2025-12-12
2026-01-09,9984.T,0,0,1,67.53,16.3,16.18,4263.0,LOSS,-4.0,3,2023-11-06,2025-12-12
2026-01-13,9984.T,0,0,1,64.79,16.06,19.15,4447.0,LOSS,-4.0,1,2023-11-06,2025-12-12
2026-01-14,9984.T,0,0,1,60.57,13.51,25.92,4261.0,LOSS,-4.0,1,2023-11-06,2025-12-12
2026-01-15,9984.T,0,0,1,57.28,18.89,23.83,4051.0,LOSS,-4.0,2,2023-11-06,2025-12-12
2026-01-16,9984.T,0,2,0,61.05,15.67,23.28,4010.0,LOSS,-4.0,1,2023-11-06,2025-12-12
2026-01-20,9984.T,0,2,0,63.36,14.68,21.97,3851.0,WIN,8.0,2,2023-11-06,2025-12-12
2026-01-21,9984.T,0,2,0,57.65,19.45,22.91,3875.0,WIN,8.0,1,2023-11-06,2025-12-12
2026-01-22,9984.T,0,0,1,61.99,16.57,21.44,4325.0,LOSS,-4.0,1,2023-11-06,2025-12-12
2026-01-23,9984.T,0,0,1,55.85,23.0,21.15,4274.0,LOSS,-4.0,1,2023-12-05,2026-01-16
2026-01-26,9984.T,0,2,0,42.2,31.81,25.99,4065.0,WIN,8.0,2,2023-12-05,2026-01-16
2026-01-27,9984.T,0,2,0,37.67,31.57,30.76,4051.0,WIN,8.0,1,2023-12-05,2026-01-16
2026-01-28,9984.T,0,0,1,48.05,30.61,21.34,4201.0,HOLD,0.14,5,2023-12-05,2026-01-16
2026-01-29,9984.T,0,1,0,52.03,24.76,23.21,4265.0,LOSS,-4.0,2,2023-12-05,2026-01-16
2026-01-30,9984.T,0,1,0,48.39,27.97,23.64,4253.0,LOSS,-4.0,1,2023-12-05,2026-01-16
2026-02-02,9984.T,0,0,1,46.96,26.63,26.41,4090.0,LOSS,-4.0,3,2023-12-05,2026-01-16
2026-02-03,9984.T,0,0,1,60.46,19.88,19.66,4300.0,LOSS,-4.0,2,2023-12-05,2026-01-16
2026-02-04,9984.T,0,1,0,55.27,20.83,23.91,4207.0,LOSS,-4.0,1,2023-12-05,2026-01-16
2026-02-05,9984.T,0,2,0,53.9,18.57,27.53,3912.0,WIN,8.0,2,2023-12-05,2026-01-16
2026-02-06,9984.T,0,2,0,52.87,16.97,30.17,3999.0,WIN,8.0,1,2023-12-05,2026-01-16
2026-02-09,9984.T,0,2,0,61.55,17.17,21.28,4251.0,WIN,8.0,1,2023-12-05,2026-01-16
2026-02-10,9984.T,0,0,1,67.25,13.82,18.92,4705.0,LOSS,-4.0,2,2023-12-05,2026-01-16
2026-02-12,9984.T,0,0,1,67.68,14.44,17.88,4817.0,LOSS,-4.0,1,2023-12-05,2026-01-16
2026-02-13,9984.T,0,1,0,60.77,20.97,18.26,4390.0,LOSS,-4.0,5,2023-12-05,2026-01-16
2026-02-17,9984.T,0,0,1,59.52,19.8,20.68,4449.0,LOSS,-4.0,3,2023-12-05,2026-01-16
2026-02-18,9984.T,0,0,1,54.92,19.38,25.7,4326.0,LOSS,-4.0,3,2023-12-05,2026-01-16
2026-02-19,9984.T,0,0,1,61.32,16.46,22.22,4440.0,LOSS,-4.0,1,2023-12-05,2026-01-16
2026-02-20,9984.T,0,0,1,53.5,22.25,24.25,4329.0,LOSS,-4.0,1,2023-12-05,2026-01-16
2026-02-24,9984.T,0,1,0,55.99,16.38,27.63,4096.0,TIMEOUT_LOSS,-2.54,5,2023-12-05,2026-01-16
2026-02-25,9984.T,0,1,0,47.33,15.34,37.32,4037.0,LOSS,-4.0,5,2024-01-09,2026-02-18
2026-02-26,9984.T,0,0,1,54.63,22.05,23.32,4198.0,LOSS,-4.0,1,2024-01-09,2026-02-18
2026-02-27,9984.T,0,0,1,49.72,20.03,30.25,4089.0,LOSS,-4.0,3,2024-01-09,2026-02-18
2026-03-02,9984.T,0,0,1,46.66,14.59,38.74,4046.0,LOSS,-4.0,2,2024-01-09,2026-02-18
2026-03-03,9984.T,2,0,0,23.27,24.78,51.95,3992.0,LOSS,-4.0,1,2024-01-09,2026-02-18
2026-03-04,9984.T,2,0,0,31.5,17.09,51.41,3706.0,WIN,8.0,1,2024-01-09,2026-02-18
2026-03-05,9984.T,2,0,0,25.93,17.04,57.03,3864.0,LOSS,-4.0,2,2024-01-09,2026-02-18
2026-03-06,9984.T,2,1,0,22.98,21.22,55.79,3926.0,LOSS,-4.0,1,2024-01-09,2026-02-18
2026-03-09,9984.T,2,2,1,30.12,14.45,55.43,3541.0,WIN,8.0,2,2024-01-09,2026-02-18
2026-03-10,9984.T,2,1,0,32.69,16.05,51.26,3632.0,WIN,8.0,1,2024-01-09,2026-02-18
2026-03-11,9984.T,2,0,0,29.62,23.33,47.05,3888.0,LOSS,-4.0,1,2024-01-09,2026-02-18
2026-03-12,9984.T,2,0,0,23.12,21.38,55.5,3748.0,LOSS,-4.0,1,2024-01-09,2026-02-18
2026-03-13,9984.T,2,2,1,26.37,17.24,56.4,3578.0,LOSS,-4.0,5,2024-01-09,2026-02-18
2026-03-16,9984.T,2,1,0,20.82,27.09,52.08,3609.0,LOSS,-4.0,4,2024-01-09,2026-02-18
2026-03-17,9984.T,2,1,0,18.82,21.67,59.52,3544.0,LOSS,-4.0,3,2024-01-09,2026-02-18
2026-03-18,9984.T,2,0,0,22.27,18.18,59.55,3750.0,LOSS,-4.0,1,2024-01-09,2026-02-18
2026-03-19,9984.T,2,2,1,19.37,19.43,61.2,3558.0,LOSS,-4.0,1,2024-01-09,2026-02-18
2026-03-23,9984.T,2,2,1,18.66,28.7,52.64,3507.0,WIN,8.0,2,2024-01-09,2026-02-18
2026-03-24,9984.T,2,2,1,19.16,23.6,57.25,3530.0,WIN,8.0,1,2024-01-09,2026-02-18
2026-03-25,9984.T,2,0,0,24.46,31.59,43.94,3809.0,LOSS,-4.0,3,2024-01-09,2026-02-18
2026-03-26,9984.T,1,0,0,31.95,42.93,25.12,3822.0,LOSS,-4.0,2,2024-02-07,2026-03-19
2026-03-27,9984.T,1,0,0,30.88,42.69,26.44,3946.0,LOSS,-4.0,1,2024-02-07,2026-03-19
2026-03-30,9984.T,1,0,0,24.7,44.27,31.03,3692.0,LOSS,-4.0,1,2024-02-07,2026-03-19
2026-03-31,9984.T,1,2,0,23.76,42.62,33.62,3555.0,WIN,8.0,1,2024-02-07,2026-03-19
2026-04-01,9984.T,0,0,1,36.59,34.67,28.74,3764.0,LOSS,-4.0,1,2024-02-07,2026-03-19
2026-04-02,9984.T,2,2,1,29.11,32.9,37.99,3604.0,HOLD,4.83,5,2024-02-07,2026-03-19
2026-04-06,9984.T,1,2,0,29.53,37.96,32.51,3648.0,HOLD,3.18,5,2024-02-07,2026-03-19
2026-04-07,9984.T,1,2,0,30.96,38.59,30.46,3565.0,WIN,8.0,1,2024-02-07,2026-03-19
2026-04-08,9984.T,0,0,1,37.84,28.89,33.26,3822.0,LOSS,-4.0,1,2024-02-07,2026-03-19
2026-04-09,9984.T,1,2,0,32.22,35.74,32.04,3775.0,WIN,8.0,3,2024-02-07,2026-03-19
2026-04-10,9984.T,0,2,0,35.97,34.45,29.58,3778.0,WIN,8.0,2,2024-02-07,2026-03-19
2026-04-13,9984.T,0,2,0,36.14,34.22,29.64,3764.0,WIN,8.0,1,2024-02-07,2026-03-19
2026-04-14,9984.T,0,2,0,55.42,26.12,18.46,4242.0,WIN,8.0,2,2024-02-07,2026-03-19
2026-04-15,9984.T,0,2,0,62.48,20.78,16.74,4444.0,WIN,8.0,3,2024-02-07,2026-03-19
2026-04-16,9984.T,0,2,0,63.85,22.25,13.91,4672.0,WIN,8.0,3,2024-02-07,2026-03-19
2026-04-17,9984.T,0,2,0,60.67,21.5,17.83,4527.0,WIN,8.0,2,2024-02-07,2026-03-19
2026-04-20,9984.T,0,2,0,62.57,20.09,17.35,4774.0,WIN,8.0,1,2024-02-07,2026-03-19
2026-04-21,9984.T,0,2,0,57.64,23.81,18.55,5181.0,WIN,8.0,1,2024-02-07,2026-03-19
2026-04-22,9984.T,0,2,0,56.03,21.04,22.94,5620.0,WIN,8.0,1,2024-02-07,2026-03-19
2026-04-23,9984.T,0,0,1,57.7,16.61,25.69,5837.0,LOSS,-4.0,3,2024-02-07,2026-03-19
2026-04-24,9984.T,0,0,1,44.1,24.42,31.48,5963.0,LOSS,-4.0,2,2024-03-11,2026-04-20
2026-04-27,9984.T,0,0,1,50.82,14.68,34.51,5844.0,LOSS,-4.0,1,2024-03-11,2026-04-20
2026-04-28,9984.T,0,2,0,55.97,13.81,30.23,5268.0,LOSS,-4.0,1,2024-03-11,2026-04-20
2026-04-30,9984.T,0,2,0,49.93,11.53,38.55,5219.0,WIN,8.0,2,2024-03-11,2026-04-20
2026-05-01,9984.T,0,2,0,54.54,9.49,35.97,5424.0,WIN,8.0,1,2024-03-11,2026-04-20
2026-05-07,9984.T,0,0,1,55.22,8.59,36.19,6424.0,LOSS,-4.0,1,2024-03-11,2026-04-20
2026-05-08,9984.T,0,0,1,57.96,13.69,28.35,6131.0,LOSS,-4.0,1,2024-03-11,2026-04-20
2026-05-11,9984.T,0,1,0,62.31,13.32,24.37,5743.0,WIN,8.0,3,2024-03-11,2026-04-20
2026-05-12,9984.T,0,0,1,59.75,19.28,20.97,5987.0,LOSS,-4.0,2,2024-03-11,2026-04-20
2026-05-13,9984.T,0,0,1,58.97,18.89,22.14,6012.0,LOSS,-4.0,1,2024-03-11,2026-04-20
2026-05-14,9984.T,0,0,1,67.95,10.97,21.08,5770.0,LOSS,-4.0,2,2024-03-11,2026-04-20
2026-05-15,9984.T,0,0,1,61.11,14.82,24.06,5745.0,LOSS,-4.0,1,2024-03-11,2026-04-20
2026-05-18,9984.T,0,2,0,40.96,34.31,24.73,5593.0,LOSS,-4.0,1,2024-03-11,2026-04-20
2026-05-19,9984.T,0,2,0,54.22,23.89,21.89,5361.0,LOSS,-4.0,1,2024-03-11,2026-04-20
2026-05-20,9984.T,0,2,0,51.59,30.0,18.41,5039.0,WIN,8.0,1,2024-03-11,2026-04-20
2026-05-21,9984.T,0,2,0,52.14,16.43,31.42,6039.0,WIN,8.0,1,2024-03-11,2026-04-20
2026-05-22,9984.T,0,2,0,62.36,12.42,25.22,6757.0,WIN,8.0,1,2024-03-11,2026-04-20
2026-05-26,9984.T,0,0,1,65.89,11.03,23.08,7841.0,LOSS,-4.0,1,2024-03-11,2026-04-20
2026-05-27,9984.T,0,2,0,69.29,10.79,19.91,7272.0,LOSS,-4.0,1,2024-03-11,2026-04-20
2026-05-28,9984.T,0,2,0,69.39,16.26,14.34,7125.0,WIN,8.0,1,2024-03-11,2026-04-20
2026-05-29,9984.T,0,2,0,69.63,13.3,17.07,7491.0,WIN,8.0,1,2024-04-10,2026-05-22
2026-06-01,9984.T,0,0,1,69.9,7.49,22.62,8541.0,LOSS,-4.0,2,2024-04-10,2026-05-22
2026-06-02,9984.T,0,0,1,71.27,12.7,16.03,8632.0,LOSS,-4.0,1,2024-04-10,2026-05-22
2026-06-03,9984.T,0,0,1,73.29,14.46,12.24,8315.0,LOSS,-4.0,1,2024-04-10,2026-05-22
2026-06-04,9984.T,0,0,1,64.29,23.45,12.26,7377.0,LOSS,-4.0,2,2024-04-10,2026-05-22
2026-06-05,9984.T,0,0,1,71.97,15.96,12.07,7426.0,LOSS,-4.0,1,2024-04-10,2026-05-22
2026-06-08,9984.T,0,0,1,50.31,24.08,25.6,6976.0,LOSS,-4.0,1,2024-04-10,2026-05-22
2026-06-09,9984.T,0,0,1,48.49,29.68,21.83,7048.0,LOSS,-4.0,1,2024-04-10,2026-05-22
2026-06-10,9984.T,0,2,0,43.72,30.32,25.96,6461.0,LOSS,-4.0,1,2024-04-10,2026-05-22
2026-06-11,9984.T,0,2,0,53.24,19.21,27.55,6374.0,WIN,8.0,2,2024-04-10,2026-05-22
2026-06-12,9984.T,0,2,0,58.83,21.28,19.89,6472.0,WIN,8.0,1,2024-04-10,2026-05-22
2026-06-15,9984.T,0,1,0,62.37,14.13,23.5,7139.0,LOSS,-4.0,2,2024-04-10,2026-05-22
2026-06-16,9984.T,0,2,0,60.28,27.73,11.98,7102.0,LOSS,-4.0,1,2024-04-10,2026-05-22
2026-06-17,9984.T,0,0,1,64.99,17.76,17.24,6880.0,LOSS,-4.0,3,2024-04-10,2026-05-22
2026-06-18,9984.T,0,0,1,68.77,14.52,16.71,7189.0,LOSS,-4.0,2,2024-04-10,2026-05-22
2026-06-22,9984.T,0,0,1,62.08,25.71,12.21,7244.0,LOSS,-4.0,1,2024-04-10,2026-05-22
2026-06-23,9984.T,0,0,1,63.64,21.35,15.01,6513.0,WIN,8.0,2,2024-04-10,2026-05-22
2026-06-24,9984.T,0,0,1,61.57,20.3,18.13,6597.0,WIN,8.0,1,2024-04-10,2026-05-22
2026-06-25,9984.T,0,0,1,68.67,12.13,19.2,7118.0,LOSS,-4.0,1,2024-04-10,2026-05-22
2026-06-26,9984.T,0,0,1,51.97,23.32,24.71,6226.0,LOSS,-4.0,1,2024-04-10,2026-05-22
2026-06-29,9984.T,0,2,0,51.2,20.97,27.83,5894.0,TIMEOUT_LOSS,-2.09,5,2024-05-13,2026-06-23
2026-06-30,9984.T,0,1,0,53.36,21.79,24.85,5963.0,LOSS,-4.0,4,2024-05-13,2026-06-23
2026-07-01,9984.T,0,0,1,56.81,20.88,22.31,6000.0,LOSS,-4.0,1,2024-05-13,2026-06-23
2026-07-02,9984.T,0,0,1,46.86,21.36,31.78,6195.0,LOSS,-4.0,1,2024-05-13,2026-06-23
2026-07-06,9984.T,0,0,1,45.03,25.97,29.0,5979.0,LOSS,-4.0,1,2024-05-13,2026-06-23
2026-07-07,9984.T,0,2,0,48.81,22.42,28.77,5771.0,WIN,8.0,3,2024-05-13,2026-06-23
2026-07-08,9984.T,0,2,0,42.97,22.52,34.51,5763.0,WIN,8.0,2,2024-05-13,2026-06-23
2026-07-09,9984.T,0,2,0,48.52,17.36,34.12,5757.0,WIN,8.0,1,2024-05-13,2026-06-23
2026-07-10,9984.T,0,1,0,44.9,19.9,35.2,6370.0,LOSS,-4.0,2,2024-05-13,2026-06-23
2026-07-13,9984.T,0,0,1,49.0,18.01,32.99,6364.0,LOSS,-4.0,1,2024-05-13,2026-06-23
2026-07-14,9984.T,0,0,1,50.28,19.03,30.69,6574.0,LOSS,-4.0,1,2024-05-13,2026-06-23
2026-07-15,9984.T,0,0,1,47.65,26.29,26.06,6360.0,LOSS,-4.0,1,2024-05-13,2026-06-23
2026-07-16,9984.T,0,0,1,42.45,22.51,35.03,5961.0,LOSS,-4.0,1,2024-05-13,2026-06-23
2026-07-17,9984.T,2,2,1,39.28,14.9,45.82,5424.0,WIN,8.0,2,2024-05-13,2026-06-23
2026-07-21,9984.T,0,0,1,43.06,21.1,35.84,5751.0,LOSS,-4.0,3,2024-05-13,2026-06-23
2026-07-22,9984.T,2,0,0,36.68,20.18,43.13,5703.0,LOSS,-4.0,2,2024-05-13,2026-06-23
2026-07-23,9984.T,0,0,1,41.76,19.41,38.83,5918.0,LOSS,-4.0,1,2024-05-13,2026-06-23
2026-07-24,9984.T,2,0,0,36.55,20.92,42.53,5500.0,LOSS,-4.0,1,2024-05-13,2026-06-23
2026-07-27,9984.T,2,0,0,35.52,20.95,43.54,5331.0,LOSS,-4.0,1,2024-05-13,2026-06-23
2026-07-28,9984.T,2,2,1,34.09,13.92,51.99,5095.0,LOSS,-4.0,1,2024-05-13,2026-06-23
2026-07-29,9984.T,2,2,1,32.81,11.98,55.22,4741.0,LOSS,-4.0,1,2024-06-11,2026-07-23
2026-07-30,9984.T,2,2,1,29.07,13.59,57.34,4622.0,WIN,8.0,1,2024-06-11,2026-07-23
2026-07-31,9984.T,0,2,0,41.77,18.32,39.91,5260.0,WIN,8.0,3,2024-06-11,2026-07-23
2026-08-03,9984.T,0,2,0,49.85,17.45,32.71,5393.0,LOSS,-4.0,1,2024-06-11,2026-07-23
2026-08-04,9984.T,0,2,0,45.72,18.37,35.9,5228.0,WIN,8.0,1,2024-06-11,2026-07-23
2026-08-05,9984.T,0,0,1,48.24,27.82,23.95,5958.0,LOSS,-4.0,1,2024-06-11,2026-07-23
2026-08-06,9984.T,0,0,1,61.31,16.89,21.8,5695.0,LOSS,-4.0,1,2024-06-11,2026-07-23
2026-08-07,9984.T,0,1,0,53.25,18.41,28.34,5552.0,HOLD,6.02,5,2024-06-11,2026-07-23
2024-10-10,4980.T,1,2,0,30.06,35.08,34.86,2333.0,HOLD,2.55,5,2022-08-31,2024-10-04
2024-10-11,4980.T,2,1,0,30.37,33.9,35.73,2338.0,HOLD,2.95,5,2022-08-31,2024-10-04
2024-10-15,4980.T,1,1,1,28.97,36.69,34.34,2421.5,LOSS,-4.0,2,2022-08-31,2024-10-04
2024-10-16,4980.T,1,1,1,27.68,37.66,34.66,2374.0,TIMEOUT_LOSS,-0.8,5,2022-08-31,2024-10-04
2024-10-17,4980.T,2,1,0,32.91,28.64,38.45,2335.5,HOLD,1.26,5,2022-08-31,2024-10-04
2024-10-18,4980.T,2,0,0,34.21,30.63,35.17,2392.5,TIMEOUT_LOSS,-3.47,5,2022-08-31,2024-10-04
2024-10-21,4980.T,0,0,1,37.87,27.64,34.49,2407.0,LOSS,-4.0,4,2022-08-31,2024-10-04
2024-10-22,4980.T,0,0,1,38.68,28.38,32.94,2348.5,HOLD,0.3,5,2022-08-31,2024-10-04
2024-10-23,4980.T,2,1,0,32.99,29.14,37.87,2355.0,HOLD,1.89,5,2022-08-31,2024-10-04
2024-10-24,4980.T,0,1,0,34.41,32.38,33.21,2365.0,HOLD,1.12,5,2022-08-31,2024-10-04
2024-10-25,4980.T,0,2,0,36.92,27.84,35.24,2309.5,TIMEOUT_LOSS,-2.1,5,2022-08-31,2024-10-04
2024-10-28,4980.T,0,1,0,35.4,30.17,34.43,2358.5,LOSS,-4.0,4,2022-08-31,2024-10-04
2024-10-29,4980.T,2,0,0,29.4,32.34,38.25,2355.5,LOSS,-4.0,3,2022-08-31,2024-10-04
2024-10-30,4980.T,2,1,0,28.11,33.43,38.46,2399.5,LOSS,-4.0,2,2022-08-31,2024-10-04
2024-10-31,4980.T,2,2,1,27.81,32.65,39.54,2391.5,LOSS,-4.0,1,2022-08-31,2024-10-04
2024-11-01,4980.T,2,2,1,29.94,33.88,36.19,2261.0,WIN,8.0,2,2022-08-31,2024-10-04
2024-11-05,4980.T,2,2,1,29.03,35.02,35.95,2393.5,HOLD,4.32,5,2022-08-31,2024-10-04
2024-11-06,4980.T,2,2,1,23.38,31.32,45.3,2470.0,TIMEOUT_LOSS,-0.04,5,2022-08-31,2024-10-04
2024-11-07,4980.T,2,1,0,24.36,30.2,45.44,2491.5,HOLD,0.24,5,2022-08-31,2024-10-04
2024-11-08,4980.T,2,0,0,22.93,37.55,39.53,2516.0,LOSS,-4.0,5,2022-08-31,2024-10-04
2024-11-11,4980.T,1,1,1,20.39,40.9,38.71,2532.0,LOSS,-4.0,4,2022-10-03,2024-11-05
2024-11-12,4980.T,2,1,0,20.95,37.39,41.65,2497.0,LOSS,-4.0,4,2022-10-03,2024-11-05
2024-11-13,4980.T,1,0,0,34.55,34.91,30.55,2469.0,LOSS,-4.0,3,2022-10-03,2024-11-05
2024-11-14,4980.T,1,0,0,32.69,37.43,29.88,2497.5,LOSS,-4.0,2,2022-10-03,2024-11-05
2024-11-15,4980.T,0,0,1,35.04,32.58,32.38,2477.5,LOSS,-4.0,1,2022-10-03,2024-11-05
2024-11-18,4980.T,1,2,0,31.0,35.59,33.41,2377.5,WIN,8.0,5,2022-10-03,2024-11-05
2024-11-19,4980.T,0,2,0,36.22,30.32,33.46,2383.0,WIN,8.0,4,2022-10-03,2024-11-05
2024-11-20,4980.T,2,2,1,27.66,35.77,36.56,2413.0,HOLD,1.41,5,2022-10-03,2024-11-05
2024-11-21,4980.T,1,2,0,32.59,33.71,33.7,2424.0,TIMEOUT_LOSS,-0.14,5,2022-10-03,2024-11-05
2024-11-22,4980.T,1,0,0,28.98,38.41,32.61,2534.0,LOSS,-4.0,4,2022-10-03,2024-11-05
2024-11-25,4980.T,1,0,0,24.98,40.15,34.87,2538.5,LOSS,-4.0,2,2022-10-03,2024-11-05
2024-11-26,4980.T,1,0,0,25.53,39.29,35.18,2509.5,LOSS,-4.0,2,2022-10-03,2024-11-05
2024-11-27,4980.T,1,2,0,26.24,39.12,34.63,2447.0,HOLD,3.19,5,2022-10-03,2024-11-05
2024-11-29,4980.T,2,2,1,26.49,36.72,36.79,2420.5,HOLD,2.52,5,2022-10-03,2024-11-05
2024-12-02,4980.T,2,2,1,31.5,28.39,40.11,2439.0,HOLD,0.82,5,2022-10-03,2024-11-05
2024-12-03,4980.T,2,1,0,27.25,28.34,44.42,2518.0,TIMEOUT_LOSS,-0.04,5,2022-10-03,2024-11-05
2024-12-04,4980.T,2,1,0,28.45,26.87,44.67,2495.5,TIMEOUT_LOSS,-0.06,5,2022-10-03,2024-11-05
2024-12-05,4980.T,2,1,0,22.82,32.12,45.07,2525.0,TIMEOUT_LOSS,-1.07,5,2022-10-03,2024-11-05
2024-12-06,4980.T,2,1,0,23.24,31.22,45.54,2481.5,HOLD,0.08,5,2022-10-03,2024-11-05
2024-12-09,4980.T,2,2,1,27.27,27.6,45.13,2459.0,HOLD,2.38,5,2022-10-03,2024-11-05
2024-12-10,4980.T,0,1,0,34.64,31.22,34.13,2517.0,TIMEOUT_LOSS,-0.18,5,2022-11-01,2024-12-04
2024-12-11,4980.T,2,1,0,34.01,28.38,37.62,2494.0,HOLD,0.04,5,2022-11-01,2024-12-04
2024-12-12,4980.T,2,1,0,31.46,33.76,34.77,2498.0,LOSS,-4.0,5,2022-11-01,2024-12-04
2024-12-13,4980.T,0,1,0,35.09,30.17,34.74,2483.5,TIMEOUT_LOSS,-1.87,5,2022-11-01,2024-12-04
2024-12-16,4980.T,0,0,1,37.18,30.62,32.2,2517.5,LOSS,-4.0,3,2022-11-01,2024-12-04
2024-12-17,4980.T,0,0,1,41.13,26.68,32.19,2512.5,LOSS,-4.0,2,2022-11-01,2024-12-04
2024-12-18,4980.T,0,1,0,45.67,24.58,29.75,2495.0,LOSS,-4.0,1,2022-11-01,2024-12-04
2024-12-19,4980.T,0,1,0,44.46,24.31,31.23,2446.5,HOLD,2.35,5,2022-11-01,2024-12-04
2024-12-20,4980.T,0,1,0,42.55,21.47,35.99,2437.0,HOLD,1.42,5,2022-11-01,2024-12-04
2024-12-23,4980.T,0,1,0,44.44,23.48,32.08,2490.5,LOSS,-4.0,5,2022-11-01,2024-12-04
2024-12-24,4980.T,0,1,0,40.46,21.24,38.29,2438.5,TIMEOUT_LOSS,-2.85,5,2022-11-01,2024-12-04
2024-12-26,4980.T,0,0,1,38.07,29.14,32.8,2448.5,LOSS,-4.0,5,2022-11-01,2024-12-04
2024-12-27,4980.T,0,0,1,38.39,32.76,28.85,2504.0,LOSS,-4.0,2,2022-11-01,2024-12-04
2024-12-30,4980.T,0,0,1,39.31,26.75,33.95,2471.5,LOSS,-4.0,2,2022-11-01,2024-12-04
2025-01-06,4980.T,2,1,0,36.2,25.65,38.15,2384.0,LOSS,-4.0,5,2022-11-01,2024-12-04
2025-01-07,4980.T,2,0,0,32.97,27.48,39.55,2369.0,LOSS,-4.0,4,2022-11-01,2024-12-04
2025-01-08,4980.T,2,0,0,29.59,27.57,42.84,2338.0,LOSS,-4.0,3,2022-11-01,2024-12-04
2025-01-09,4980.T,0,0,1,41.64,25.58,32.78,2365.0,LOSS,-4.0,2,2022-11-01,2024-12-04
2025-01-10,4980.T,0,0,1,45.65,21.1,33.25,2313.0,LOSS,-4.0,2,2022-11-01,2024-12-04
2025-01-14,4980.T,0,0,1,43.49,20.57,35.93,2272.5,LOSS,-4.0,2,2022-11-01,2024-12-04
2025-01-15,4980.T,0,1,0,45.17,30.3,24.53,2206.0,TIMEOUT_LOSS,-1.13,5,2022-12-02,2025-01-08
2025-01-16,4980.T,0,1,0,45.83,29.54,24.64,2197.0,TIMEOUT_LOSS,-3.5,5,2022-12-02,2025-01-08
2025-01-17,4980.T,0,1,0,40.99,25.98,33.03,2161.5,LOSS,-4.0,5,2022-12-02,2025-01-08
2025-01-21,4980.T,0,0,1,44.59,26.13,29.28,2183.0,LOSS,-4.0,4,2022-12-02,2025-01-08
2025-01-22,4980.T,0,0,1,47.17,25.9,26.93,2190.0,LOSS,-4.0,3,2022-12-02,2025-01-08
2025-01-23,4980.T,0,0,1,48.15,24.1,27.74,2181.0,LOSS,-4.0,2,2022-12-02,2025-01-08
2025-01-24,4980.T,0,0,1,45.06,22.47,32.47,2120.0,LOSS,-4.0,2,2022-12-02,2025-01-08
2025-01-27,4980.T,2,1,0,37.05,24.84,38.11,2070.0,LOSS,-4.0,1,2022-12-02,2025-01-08
2025-01-28,4980.T,0,1,0,38.19,30.87,30.94,2053.5,LOSS,-4.0,4,2022-12-02,2025-01-08
2025-01-29,4980.T,0,0,1,44.14,31.51,24.35,2066.0,LOSS,-4.0,3,2022-12-02,2025-01-08
2025-01-30,4980.T,0,0,1,46.04,31.66,22.3,2051.5,LOSS,-4.0,2,2022-12-02,2025-01-08
2025-01-31,4980.T,0,0,1,47.84,29.26,22.9,2038.0,LOSS,-4.0,1,2022-12-02,2025-01-08
2025-02-03,4980.T,0,2,0,39.22,32.47,28.31,1952.0,HOLD,4.43,5,2022-12-02,2025-01-08
2025-02-04,4980.T,0,2,0,41.39,33.5,25.11,1961.0,HOLD,5.23,5,2022-12-02,2025-01-08
2025-02-05,4980.T,0,2,0,40.81,31.98,27.21,1985.0,WIN,8.0,5,2022-12-02,2025-01-08
2025-02-06,4980.T,1,1,1,35.59,40.29,24.12,2033.5,WIN,8.0,4,2022-12-02,2025-01-08
2025-02-07,4980.T,1,2,0,35.25,36.57,28.18,2030.0,WIN,8.0,3,2022-12-02,2025-01-08
2025-02-10,4980.T,1,2,0,31.84,41.23,26.92,2038.5,WIN,8.0,2,2022-12-02,2025-01-08
2025-02-12,4980.T,1,2,0,35.09,36.13,28.78,2063.5,WIN,8.0,1,2022-12-02,2025-01-08
2025-02-13,4980.T,0,0,1,38.68,34.24,27.09,2289.5,TIMEOUT_LOSS,-0.85,5,2022-12-02,2025-01-08
2025-02-14,4980.T,0,1,0,41.67,35.07,23.25,2264.0,TIMEOUT_LOSS,-2.61,5,2023-01-04,2025-02-07
2025-02-18,4980.T,0,1,0,36.75,35.38,27.88,2267.5,TIMEOUT_LOSS,-2.47,5,2023-01-04,2025-02-07
2025-02-19,4980.T,0,0,1,41.04,30.8,28.16,2241.0,TIMEOUT_LOSS,-0.83,5,2023-01-04,2025-02-07
2025-02-20,4980.T,0,0,1,38.93,28.14,32.93,2260.0,LOSS,-4.0,5,2023-01-04,2025-02-07
2025-02-21,4980.T,1,0,0,28.83,39.0,32.17,2270.0,LOSS,-4.0,4,2023-01-04,2025-02-07
2025-02-25,4980.T,0,0,1,36.28,28.62,35.1,2205.0,LOSS,-4.0,3,2023-01-04,2025-02-07
2025-02-26,4980.T,2,0,0,33.01,30.81,36.18,2211.5,LOSS,-4.0,2,2023-01-04,2025-02-07
2025-02-27,4980.T,0,0,1,36.54,31.84,31.62,2222.5,LOSS,-4.0,1,2023-01-04,2025-02-07
2025-02-28,4980.T,2,0,0,30.57,30.29,39.14,2070.0,LOSS,-4.0,2,2023-01-04,2025-02-07
2025-03-03,4980.T,2,1,0,24.22,21.91,53.87,2037.0,LOSS,-4.0,1,2023-01-04,2025-02-07
2025-03-04,4980.T,2,0,0,19.3,18.93,61.77,1975.5,LOSS,-4.0,3,2023-01-04,2025-02-07
2025-03-05,4980.T,2,0,0,16.83,20.0,63.17,1956.5,LOSS,-4.0,4,2023-01-04,2025-02-07
2025-03-06,4980.T,2,0,0,24.22,25.21,50.57,2020.5,LOSS,-4.0,1,2023-01-04,2025-02-07
2025-03-07,4980.T,2,2,1,14.69,15.85,69.46,1900.0,WIN,8.0,3,2023-01-04,2025-02-07
2025-03-10,4980.T,2,2,1,18.79,18.45,62.76,1909.0,LOSS,-4.0,1,2023-01-04,2025-02-07
2025-03-11,4980.T,2,2,1,15.87,25.91,58.22,1955.5,HOLD,5.93,5,2023-01-04,2025-02-07
2025-03-12,4980.T,2,2,1,20.64,28.37,50.99,1997.5,HOLD,3.08,5,2023-01-04,2025-02-07
2025-03-13,4980.T,2,2,1,20.6,27.55,51.85,1988.0,HOLD,3.67,5,2023-01-04,2025-02-07
2025-03-14,4980.T,2,2,1,17.45,40.03,42.52,2006.0,HOLD,2.14,5,2023-01-04,2025-02-07
2025-03-17,4980.T,1,1,1,19.64,44.5,35.86,2062.5,TIMEOUT_LOSS,-1.14,5,2023-01-04,2025-02-07
2025-03-18,4980.T,1,1,1,25.18,42.54,32.28,2071.5,LOSS,-4.0,5,2023-02-03,2025-03-12
2025-03-19,4980.T,1,1,1,25.92,38.75,35.33,2059.0,LOSS,-4.0,5,2023-02-03,2025-03-12
2025-03-21,4980.T,1,0,0,25.55,41.76,32.69,2061.0,LOSS,-4.0,4,2023-02-03,2025-03-12
2025-03-24,4980.T,1,0,0,24.23,40.4,35.37,2049.0,LOSS,-4.0,3,2023-02-03,2025-03-12
2025-03-25,4980.T,2,0,0,24.16,37.73,38.11,2039.0,LOSS,-4.0,2,2023-02-03,2025-03-12
2025-03-26,4980.T,2,0,0,19.45,32.06,48.49,1998.0,LOSS,-4.0,2,2023-02-03,2025-03-12
2025-03-27,4980.T,2,0,0,17.71,35.7,46.59,1991.5,LOSS,-4.0,2,2023-02-03,2025-03-12
2025-03-28,4980.T,2,0,0,18.55,22.67,58.78,1931.5,LOSS,-4.0,1,2023-02-03,2025-03-12
2025-03-31,4980.T,2,0,0,16.08,19.45,64.47,1815.5,LOSS,-4.0,3,2023-02-03,2025-03-12
2025-04-01,4980.T,2,0,0,13.54,17.47,68.99,1787.5,LOSS,-4.0,2,2023-02-03,2025-03-12
2025-04-02,4980.T,2,0,0,11.15,17.49,71.37,1807.5,LOSS,-4.0,1,2023-02-03,2025-03-12
2025-04-03,4980.T,2,0,0,9.94,11.54,78.52,1708.0,LOSS,-4.0,1,2023-02-03,2025-03-12
2025-04-04,4980.T,2,0,0,12.1,11.32,76.58,1593.0,LOSS,-4.0,1,2023-02-03,2025-03-12
2025-04-07,4980.T,2,2,1,10.91,11.65,77.44,1405.0,WIN,8.0,1,2023-02-03,2025-03-12
2025-04-08,4980.T,2,1,0,7.82,13.93,78.26,1545.0,LOSS,-4.0,1,2023-02-03,2025-03-12
2025-04-09,4980.T,2,2,1,7.82,10.87,81.32,1446.0,WIN,8.0,1,2023-02-03,2025-03-12
2025-04-10,4980.T,2,0,0,9.95,22.05,68.0,1610.5,LOSS,-4.0,1,2023-02-03,2025-03-12
2025-04-11,4980.T,2,0,0,8.63,20.99,70.37,1535.0,LOSS,-4.0,4,2023-02-03,2025-03-12
2025-04-14,4980.T,2,0,0,10.28,23.89,65.83,1581.5,LOSS,-4.0,2,2023-02-03,2025-03-12
2025-04-15,4980.T,2,0,0,12.76,25.77,61.47,1548.5,LOSS,-4.0,1,2023-02-03,2025-03-12
2025-04-16,4980.T,2,0,0,28.73,26.26,45.0,1493.5,LOSS,-4.0,2,2023-03-07,2025-04-10
2025-04-17,4980.T,2,1,0,27.82,26.9,45.28,1500.0,LOSS,-4.0,1,2023-03-07,2025-04-10
2025-04-21,4980.T,2,2,1,31.93,20.83,47.23,1445.5,WIN,8.0,3,2023-03-07,2025-04-10
2025-04-22,4980.T,2,2,1,29.45,27.4,43.15,1461.5,WIN,8.0,3,2023-03-07,2025-04-10
2025-04-23,4980.T,1,2,0,26.91,37.72,35.37,1486.0,WIN,8.0,2,2023-03-07,2025-04-10
2025-04-24,4980.T,1,2,0,21.25,44.15,34.6,1545.5,WIN,8.0,2,2023-03-07,2025-04-10
2025-04-25,4980.T,1,2,0,28.37,43.55,28.08,1649.5,HOLD,2.15,5,2023-03-07,2025-04-10
2025-04-28,4980.T,1,2,0,24.22,47.2,28.58,1625.5,HOLD,3.23,5,2023-03-07,2025-04-10
2025-04-30,4980.T,1,1,1,23.12,49.98,26.9,1674.0,HOLD,2.0,5,2023-03-07,2025-04-10
2025-05-01,4980.T,1,1,1,21.89,46.36,31.74,1702.5,HOLD,3.38,5,2023-03-07,2025-04-10
2025-05-02,4980.T,1,1,1,24.7,42.82,32.48,1709.0,WIN,8.0,5,2023-03-07,2025-04-10
2025-05-07,4980.T,1,2,0,26.13,37.19,36.68,1685.0,WIN,8.0,4,2023-03-07,2025-04-10
2025-05-08,4980.T,1,2,0,29.65,35.74,34.61,1678.0,WIN,8.0,3,2023-03-07,2025-04-10
2025-05-09,4980.T,1,2,0,29.16,35.48,35.36,1707.5,WIN,8.0,2,2023-03-07,2025-04-10
2025-05-12,4980.T,1,2,0,27.55,37.86,34.59,1760.0,WIN,8.0,1,2023-03-07,2025-04-10
2025-05-13,4980.T,1,1,1,22.16,39.74,38.1,1919.0,TIMEOUT_LOSS,-1.95,5,2023-03-07,2025-04-10
2025-05-14,4980.T,1,0,0,23.16,41.94,34.9,1986.0,LOSS,-4.0,1,2023-03-07,2025-04-10
2025-05-15,4980.T,1,0,0,23.25,43.09,33.65,1970.5,LOSS,-4.0,1,2023-03-07,2025-04-10
2025-05-16,4980.T,2,0,0,19.43,40.21,40.36,1908.0,HOLD,1.65,5,2023-03-07,2025-04-10
2025-05-19,4980.T,2,2,1,19.26,37.11,43.62,1863.5,WIN,8.0,3,2023-03-07,2025-04-10
2025-05-20,4980.T,2,2,1,22.99,29.44,47.57,1881.5,WIN,8.0,5,2023-04-05,2025-05-14
2025-05-21,4980.T,2,2,1,23.93,25.53,50.54,1867.0,WIN,8.0,1,2023-04-05,2025-05-14
2025-05-22,4980.T,2,2,1,27.42,32.34,40.24,1972.0,WIN,8.0,3,2023-04-05,2025-05-14
2025-05-23,4980.T,2,2,1,25.08,26.78,48.14,1939.5,WIN,8.0,2,2023-04-05,2025-05-14
2025-05-27,4980.T,1,2,0,21.03,39.6,39.37,1972.5,WIN,8.0,1,2023-04-05,2025-05-14
2025-05-28,4980.T,1,2,0,23.1,44.59,32.31,2019.0,HOLD,5.25,5,2023-04-05,2025-05-14
2025-05-29,4980.T,1,1,1,25.03,39.12,35.85,2063.5,HOLD,0.97,5,2023-04-05,2025-05-14
2025-05-30,4980.T,1,1,1,25.96,38.94,35.1,2112.0,TIMEOUT_LOSS,-2.65,5,2023-04-05,2025-05-14
2025-06-02,4980.T,1,1,1,24.98,41.44,33.58,2098.5,TIMEOUT_LOSS,-0.76,5,2023-04-05,2025-05-14
2025-06-03,4980.T,2,0,0,29.64,34.78,35.58,2090.5,HOLD,0.1,5,2023-04-05,2025-05-14
2025-06-04,4980.T,2,0,0,28.04,34.67,37.29,2125.0,TIMEOUT_LOSS,-0.68,5,2023-04-05,2025-05-14
2025-06-05,4980.T,2,1,0,33.42,28.16,38.42,2083.5,HOLD,1.27,5,2023-04-05,2025-05-14
2025-06-06,4980.T,2,2,1,26.96,29.58,43.47,2056.0,HOLD,0.97,5,2023-04-05,2025-05-14
2025-06-09,4980.T,2,1,0,31.0,28.42,40.58,2082.5,HOLD,1.37,5,2023-04-05,2025-05-14
2025-06-10,4980.T,2,1,0,31.61,29.53,38.85,2092.5,HOLD,2.29,5,2023-04-05,2025-05-14
2025-06-11,4980.T,2,1,0,32.72,31.95,35.32,2110.5,HOLD,3.22,5,2023-04-05,2025-05-14
2025-06-12,4980.T,0,1,0,35.01,31.74,33.26,2110.0,HOLD,2.44,5,2023-04-05,2025-05-14
2025-06-13,4980.T,1,2,0,28.84,35.61,35.56,2076.0,HOLD,3.23,5,2023-04-05,2025-05-14
2025-06-16,4980.T,1,2,0,30.44,36.0,33.56,2111.0,HOLD,2.18,5,2023-04-05,2025-05-14
2025-06-17,4980.T,1,1,1,32.71,33.78,33.51,2140.5,HOLD,2.45,5,2023-04-05,2025-05-14
2025-06-18,4980.T,1,1,1,26.49,47.64,25.87,2178.5,HOLD,1.74,5,2023-05-09,2025-06-12
2025-06-20,4980.T,1,1,1,28.54,45.31,26.15,2161.5,HOLD,3.47,5,2023-05-09,2025-06-12
2025-06-23,4980.T,1,2,0,26.23,44.05,29.72,2143.0,HOLD,4.18,5,2023-05-09,2025-06-12
2025-06-24,4980.T,1,2,0,28.9,42.42,28.68,2157.0,HOLD,1.39,5,2023-05-09,2025-06-12
2025-06-25,4980.T,1,2,0,30.94,39.73,29.33,2193.0,TIMEOUT_LOSS,-3.4,5,2023-05-09,2025-06-12
2025-06-26,4980.T,1,1,1,31.93,38.28,29.79,2216.5,LOSS,-4.0,4,2023-05-09,2025-06-12
2025-06-27,4980.T,1,0,0,31.14,42.42,26.44,2236.5,LOSS,-4.0,3,2023-05-09,2025-06-12
2025-06-30,4980.T,1,0,0,31.22,42.99,25.79,2232.5,LOSS,-4.0,2,2023-05-09,2025-06-12
2025-07-01,4980.T,1,0,0,28.98,39.5,31.52,2187.0,LOSS,-4.0,3,2023-05-09,2025-06-12
2025-07-02,4980.T,1,1,1,26.78,41.11,32.11,2118.5,LOSS,-4.0,5,2023-05-09,2025-06-12
2025-07-03,4980.T,1,0,0,33.71,34.56,31.72,2142.0,LOSS,-4.0,2,2023-05-09,2025-06-12
2025-07-07,4980.T,0,0,1,35.42,31.87,32.71,2085.0,TIMEOUT_LOSS,-2.16,5,2023-05-09,2025-06-12
2025-07-08,4980.T,1,0,0,28.01,41.65,30.34,2088.5,TIMEOUT_LOSS,-0.05,5,2023-05-09,2025-06-12
2025-07-09,4980.T,1,1,1,30.13,35.84,34.03,2066.0,HOLD,1.06,5,2023-05-09,2025-06-12
2025-07-10,4980.T,2,2,1,32.05,31.84,36.11,2033.0,HOLD,5.07,5,2023-05-09,2025-06-12
2025-07-11,4980.T,0,2,0,35.1,29.91,34.99,2052.5,HOLD,2.97,5,2023-05-09,2025-06-12
2025-07-14,4980.T,0,2,0,35.58,29.33,35.09,2040.0,HOLD,5.05,5,2023-05-09,2025-06-12
2025-07-15,4980.T,1,1,1,34.1,35.88,30.02,2087.5,HOLD,5.13,5,2023-05-09,2025-06-12
2025-07-16,4980.T,0,2,0,37.09,33.09,29.82,2088.0,HOLD,5.2,5,2023-05-09,2025-06-12
2025-07-17,4980.T,1,2,0,33.3,41.41,25.29,2136.0,HOLD,1.97,5,2023-05-09,2025-06-12
2025-07-18,4980.T,1,2,0,34.7,39.17,26.13,2113.5,HOLD,3.17,5,2023-06-07,2025-07-14
2025-07-22,4980.T,0,2,0,37.74,35.27,26.99,2143.0,HOLD,0.35,5,2023-06-07,2025-07-14
2025-07-23,4980.T,0,1,0,40.1,34.7,25.2,2194.5,TIMEOUT_LOSS,-1.23,5,2023-06-07,2025-07-14
2025-07-24,4980.T,0,0,1,50.02,31.06,18.92,2196.5,HOLD,0.05,5,2023-06-07,2025-07-14
2025-07-25,4980.T,0,1,0,47.71,28.81,23.47,2178.0,TIMEOUT_LOSS,-1.63,5,2023-06-07,2025-07-14
2025-07-28,4980.T,0,1,0,40.33,37.0,22.67,2180.5,LOSS,-4.0,5,2023-06-07,2025-07-14
2025-07-29,4980.T,1,1,1,35.3,42.81,21.89,2150.5,LOSS,-4.0,4,2023-06-07,2025-07-14
2025-07-30,4980.T,0,0,1,49.66,27.81,22.52,2167.5,LOSS,-4.0,3,2023-06-07,2025-07-14
2025-07-31,4980.T,0,0,1,55.31,25.22,19.47,2197.5,LOSS,-4.0,2,2023-06-07,2025-07-14
2025-08-01,4980.T,0,0,1,48.84,27.12,24.04,2142.5,LOSS,-4.0,1,2023-06-07,2025-07-14
2025-08-04,4980.T,0,1,0,41.01,35.82,23.17,2105.0,LOSS,-4.0,2,2023-06-07,2025-07-14
2025-08-05,4980.T,1,1,1,34.44,35.38,30.18,2133.0,LOSS,-4.0,1,2023-06-07,2025-07-14
2025-08-06,4980.T,2,2,1,32.17,23.31,44.52,2003.5,WIN,8.0,3,2023-06-07,2025-07-14
2025-08-07,4980.T,0,2,0,37.99,32.29,29.72,2084.5,HOLD,1.08,5,2023-06-07,2025-07-14
2025-08-08,4980.T,0,0,1,38.28,34.29,27.42,2118.0,TIMEOUT_LOSS,-1.11,5,2023-06-07,2025-07-14
2025-08-12,4980.T,0,0,1,45.33,28.91,25.76,2144.0,TIMEOUT_LOSS,-1.61,5,2023-06-07,2025-07-14
2025-08-13,4980.T,0,0,1,50.21,28.85,20.94,2173.0,LOSS,-4.0,1,2023-06-07,2025-07-14
2025-08-14,4980.T,0,1,0,36.09,32.86,31.05,2083.5,LOSS,-4.0,5,2023-06-07,2025-07-14
2025-08-15,4980.T,0,0,1,38.74,34.63,26.63,2107.0,LOSS,-4.0,4,2023-06-07,2025-07-14
2025-08-18,4980.T,0,0,1,47.65,27.0,25.35,2094.5,LOSS,-4.0,3,2023-06-07,2025-07-14
2025-08-19,4980.T,0,0,1,61.34,22.59,16.07,2109.5,LOSS,-4.0,2,2023-07-07,2025-08-13
2025-08-20,4980.T,0,1,0,38.8,27.93,33.27,2034.5,HOLD,0.57,5,2023-07-07,2025-08-13
2025-08-21,4980.T,0,2,0,34.2,32.29,33.51,2025.0,HOLD,1.56,5,2023-07-07,2025-08-13
2025-08-22,4980.T,0,1,0,46.68,22.47,30.86,2031.5,TIMEOUT_LOSS,-0.54,5,2023-07-07,2025-08-13
2025-08-25,4980.T,0,1,0,51.68,23.26,25.06,2061.5,LOSS,-4.0,5,2023-07-07,2025-08-13
2025-08-26,4980.T,0,0,1,48.15,28.54,23.31,2069.0,LOSS,-4.0,4,2023-07-07,2025-08-13
2025-08-27,4980.T,0,0,1,41.61,26.25,32.14,2046.0,LOSS,-4.0,3,2023-07-07,2025-08-13
2025-08-28,4980.T,0,0,1,35.97,30.92,33.11,2056.5,LOSS,-4.0,2,2023-07-07,2025-08-13
2025-08-29,4980.T,0,0,1,37.08,29.67,33.25,2020.5,LOSS,-4.0,2,2023-07-07,2025-08-13
2025-09-02,4980.T,0,1,0,42.01,27.73,30.26,1949.5,HOLD,2.72,5,2023-07-07,2025-08-13
2025-09-03,4980.T,0,2,0,50.8,20.79,28.41,1916.0,WIN,8.0,5,2023-07-07,2025-08-13
2025-09-04,4980.T,0,2,0,43.92,21.32,34.76,1910.5,WIN,8.0,4,2023-07-07,2025-08-13
2025-09-05,4980.T,0,2,0,44.15,23.69,32.16,1955.5,WIN,8.0,3,2023-07-07,2025-08-13
2025-09-08,4980.T,0,2,0,47.89,24.83,27.28,1979.5,WIN,8.0,2,2023-07-07,2025-08-13
2025-09-09,4980.T,0,2,0,37.84,34.98,27.18,2002.5,WIN,8.0,1,2023-07-07,2025-08-13
2025-09-10,4980.T,1,2,0,30.34,47.48,22.18,2082.5,HOLD,5.93,5,2023-07-07,2025-08-13
2025-09-11,4980.T,0,1,0,38.78,38.22,23.0,2105.0,WIN,8.0,5,2023-07-07,2025-08-13
2025-09-12,4980.T,1,2,0,38.83,41.35,19.82,2126.0,WIN,8.0,4,2023-07-07,2025-08-13
2025-09-16,4980.T,1,2,0,39.01,39.15,21.84,2119.5,WIN,8.0,3,2023-07-07,2025-08-13
2025-09-17,4980.T,1,2,0,35.88,41.46,22.66,2089.0,WIN,8.0,2,2023-07-07,2025-08-13
2025-09-18,4980.T,1,2,0,29.22,46.65,24.13,2206.0,WIN,8.0,4,2023-08-07,2025-09-11
2025-09-19,4980.T,1,2,0,33.65,39.71,26.64,2182.5,WIN,8.0,3,2023-08-07,2025-09-11
2025-09-22,4980.T,1,2,0,29.87,46.98,23.14,2302.0,TIMEOUT_LOSS,-1.11,5,2023-08-07,2025-09-11
2025-09-24,4980.T,1,1,1,31.32,46.81,21.87,2257.0,WIN,8.0,2,2023-08-07,2025-09-11
2025-09-25,4980.T,1,0,0,31.77,40.97,27.26,2382.0,LOSS,-4.0,2,2023-08-07,2025-09-11
2025-09-26,4980.T,1,0,0,32.04,38.77,29.2,2343.5,LOSS,-4.0,3,2023-08-07,2025-09-11
2025-09-29,4980.T,1,2,0,30.7,41.72,27.59,2274.0,WIN,8.0,5,2023-08-07,2025-09-11
2025-09-30,4980.T,0,2,0,45.22,34.32,20.46,2276.5,WIN,8.0,4,2023-08-07,2025-09-11
2025-10-01,4980.T,0,2,0,47.59,32.1,20.31,2244.5,WIN,8.0,3,2023-08-07,2025-09-11
2025-10-02,4980.T,0,2,0,51.86,28.72,19.43,2309.0,WIN,8.0,2,2023-08-07,2025-09-11
2025-10-03,4980.T,0,1,0,41.89,31.94,26.17,2330.0,TIMEOUT_LOSS,-3.11,5,2023-08-07,2025-09-11
2025-10-06,4980.T,0,0,1,44.04,30.85,25.11,2416.5,LOSS,-4.0,4,2023-08-07,2025-09-11
2025-10-07,4980.T,0,0,1,51.64,25.42,22.94,2379.5,LOSS,-4.0,3,2023-08-07,2025-09-11
2025-10-08,4980.T,0,0,1,45.03,32.92,22.05,2355.0,LOSS,-4.0,2,2023-08-07,2025-09-11
2025-10-09,4980.T,0,0,1,57.5,24.15,18.35,2348.5,LOSS,-4.0,1,2023-08-07,2025-09-11
2025-10-10,4980.T,0,1,0,45.31,24.64,30.05,2257.5,LOSS,-4.0,1,2023-08-07,2025-09-11
2025-10-14,4980.T,1,2,0,31.29,35.91,32.8,2129.0,WIN,8.0,4,2023-08-07,2025-09-11
2025-10-15,4980.T,1,2,0,32.67,39.56,27.76,2195.0,WIN,8.0,4,2023-08-07,2025-09-11
2025-10-16,4980.T,0,2,0,43.13,28.8,28.07,2230.0,WIN,8.0,4,2023-08-07,2025-09-11
2025-10-17,4980.T,0,2,0,46.0,31.88,22.12,2214.5,WIN,8.0,3,2023-08-07,2025-09-11
2025-10-20,4980.T,0,2,0,40.38,30.15,29.47,2270.0,WIN,8.0,5,2023-09-06,2025-10-14
2025-10-21,4980.T,0,2,0,46.87,29.04,24.09,2375.0,HOLD,1.77,5,2023-09-06,2025-10-14
2025-10-22,4980.T,0,2,0,39.27,31.42,29.31,2370.0,HOLD,1.79,5,2023-09-06,2025-10-14
2025-10-23,4980.T,1,2,0,31.98,38.29,29.73,2359.0,HOLD,2.35,5,2023-09-06,2025-10-14
2025-10-24,4980.T,0,1,0,40.07,33.37,26.56,2431.0,HOLD,2.76,5,2023-09-06,2025-10-14
2025-10-27,4980.T,0,1,0,48.85,30.92,20.23,2442.0,HOLD,1.54,5,2023-09-06,2025-10-14
2025-10-28,4980.T,0,2,0,45.27,31.6,23.13,2417.0,LOSS,-4.0,5,2023-09-06,2025-10-14
2025-10-29,4980.T,0,2,0,55.73,25.62,18.65,2412.5,LOSS,-4.0,4,2023-09-06,2025-10-14
2025-10-30,4980.T,0,0,1,60.49,23.88,15.63,2414.5,LOSS,-4.0,3,2023-09-06,2025-10-14
2025-10-31,4980.T,0,0,1,66.81,20.9,12.29,2498.0,LOSS,-4.0,2,2023-09-06,2025-10-14
2025-11-04,4980.T,0,0,1,52.25,29.01,18.75,2479.5,LOSS,-4.0,1,2023-09-06,2025-10-14
2025-11-05,4980.T,1,2,0,22.15,42.06,35.79,2293.5,HOLD,3.03,5,2023-09-06,2025-10-14
2025-11-06,4980.T,2,1,0,30.53,30.74,38.73,2361.5,WIN,8.0,5,2023-09-06,2025-10-14
2025-11-07,4980.T,1,1,1,25.65,40.53,33.82,2336.0,WIN,8.0,4,2023-09-06,2025-10-14
2025-11-10,4980.T,2,2,1,34.47,29.25,36.28,2360.5,WIN,8.0,3,2023-09-06,2025-10-14
2025-11-11,4980.T,0,2,0,35.72,30.77,33.51,2348.5,WIN,8.0,2,2023-09-06,2025-10-14
2025-11-12,4980.T,1,2,0,32.79,34.38,32.82,2363.0,WIN,8.0,1,2023-09-06,2025-10-14
2025-11-13,4980.T,1,2,0,30.63,36.42,32.95,2863.0,WIN,8.0,2,2023-09-06,2025-10-14
2025-11-14,4980.T,1,1,1,30.65,39.06,30.28,2942.5,WIN,8.0,1,2023-09-06,2025-10-14
2025-11-17,4980.T,2,0,0,34.65,29.32,36.03,3317.0,LOSS,-4.0,1,2023-09-06,2025-10-14
2025-11-18,4980.T,1,0,0,34.01,35.97,30.02,3066.0,LOSS,-4.0,1,2023-10-05,2025-11-12
2025-11-19,4980.T,0,0,1,37.48,36.69,25.83,2977.0,HOLD,0.32,5,2023-10-05,2025-11-12
2025-11-20,4980.T,0,1,0,49.01,21.75,29.24,2955.5,TIMEOUT_LOSS,-0.02,5,2023-10-05,2025-11-12
2025-11-21,4980.T,0,2,0,42.56,30.37,27.07,2921.0,HOLD,3.01,5,2023-10-05,2025-11-12
2025-11-25,4980.T,0,1,0,42.2,24.78,33.02,2920.0,HOLD,5.38,5,2023-10-05,2025-11-12
2025-11-26,4980.T,0,1,0,42.76,31.5,25.74,2993.0,HOLD,2.04,5,2023-10-05,2025-11-12
2025-11-28,4980.T,0,2,0,51.97,27.37,20.67,2986.5,HOLD,1.69,5,2023-10-05,2025-11-12
2025-12-01,4980.T,0,2,0,49.69,28.55,21.76,2955.0,HOLD,3.62,5,2023-10-05,2025-11-12
2025-12-02,4980.T,0,1,0,41.87,36.64,21.49,3009.0,HOLD,4.02,5,2023-10-05,2025-11-12
2025-12-03,4980.T,0,1,0,50.08,29.0,20.92,3077.0,HOLD,1.33,5,2023-10-05,2025-11-12
2025-12-04,4980.T,0,2,0,54.59,25.24,20.17,3054.0,TIMEOUT_LOSS,-0.62,5,2023-10-05,2025-11-12
2025-12-05,4980.T,0,2,0,48.76,31.58,19.65,3037.0,HOLD,2.63,5,2023-10-05,2025-11-12
2025-12-08,4980.T,0,1,0,52.93,28.96,18.11,3062.0,TIMEOUT_LOSS,-0.42,5,2023-10-05,2025-11-12
2025-12-09,4980.T,0,1,0,51.72,29.71,18.58,3130.0,LOSS,-4.0,4,2023-10-05,2025-11-12
2025-12-10,4980.T,0,0,1,52.55,28.71,18.74,3118.0,LOSS,-4.0,3,2023-10-05,2025-11-12
2025-12-11,4980.T,0,0,1,49.34,30.11,20.55,3035.0,LOSS,-4.0,3,2023-10-05,2025-11-12
2025-12-12,4980.T,0,0,1,55.78,27.22,16.99,3117.0,LOSS,-4.0,1,2023-10-05,2025-11-12
2025-12-15,4980.T,0,0,1,40.85,39.84,19.31,3049.0,LOSS,-4.0,1,2023-10-05,2025-11-12
2025-12-16,4980.T,0,0,1,45.95,28.94,25.11,2902.5,LOSS,-4.0,2,2023-10-05,2025-11-12
2025-12-17,4980.T,0,0,1,45.66,31.22,23.13,2871.5,LOSS,-4.0,2,2023-10-05,2025-11-12
2025-12-18,4980.T,0,1,0,39.55,33.17,27.28,2783.5,LOSS,-4.0,5,2023-11-06,2025-12-12
2025-12-19,4980.T,0,1,0,39.5,38.06,22.44,2756.0,TIMEOUT_LOSS,-2.56,5,2023-11-06,2025-12-12
2025-12-22,4980.T,0,0,1,40.1,32.89,27.01,2816.5,LOSS,-4.0,3,2023-11-06,2025-12-12
2025-12-23,4980.T,0,0,1,46.63,33.19,20.18,2795.5,LOSS,-4.0,2,2023-11-06,2025-12-12
2025-12-24,4980.T,0,0,1,47.53,29.62,22.86,2751.5,LOSS,-4.0,3,2023-11-06,2025-12-12
2025-12-26,4980.T,0,1,0,49.69,29.54,20.77,2669.5,HOLD,0.9,5,2023-11-06,2025-12-12
2025-12-29,4980.T,0,1,0,55.11,24.39,20.49,2685.5,HOLD,2.03,5,2023-11-06,2025-12-12
2025-12-30,4980.T,0,2,0,51.47,32.25,16.28,2628.5,HOLD,3.2,5,2023-11-06,2025-12-12
2026-01-05,4980.T,0,2,0,54.61,21.98,23.41,2668.0,HOLD,1.91,5,2023-11-06,2025-12-12
2026-01-06,4980.T,0,1,0,52.71,25.74,21.55,2692.0,HOLD,6.2,5,2023-11-06,2025-12-12
2026-01-07,4980.T,0,1,0,49.91,28.79,21.29,2693.5,WIN,8.0,5,2023-11-06,2025-12-12
2026-01-08,4980.T,0,2,0,53.81,29.15,17.04,2740.0,HOLD,5.89,5,2023-11-06,2025-12-12
2026-01-09,4980.T,0,2,0,52.68,28.7,18.61,2712.5,WIN,8.0,3,2023-11-06,2025-12-12
2026-01-13,4980.T,0,2,0,50.01,30.23,19.75,2719.0,HOLD,4.78,5,2023-11-06,2025-12-12
2026-01-14,4980.T,0,0,1,49.99,27.13,22.88,2859.0,LOSS,-4.0,4,2023-11-06,2025-12-12
2026-01-15,4980.T,0,0,1,48.23,31.34,20.42,2921.5,LOSS,-4.0,2,2023-11-06,2025-12-12
2026-01-16,4980.T,0,1,0,55.66,26.98,17.36,2901.5,LOSS,-4.0,1,2023-11-06,2025-12-12
2026-01-20,4980.T,0,2,0,49.77,25.97,24.25,2799.0,TIMEOUT_LOSS,-0.23,5,2023-11-06,2025-12-12
2026-01-21,4980.T,0,0,1,48.79,27.78,23.43,2849.0,LOSS,-4.0,4,2023-11-06,2025-12-12
2026-01-22,4980.T,0,0,1,48.51,29.69,21.8,2921.0,LOSS,-4.0,2,2023-11-06,2025-12-12
2026-01-23,4980.T,0,0,1,36.93,35.83,27.24,2868.0,LOSS,-4.0,2,2023-12-05,2026-01-16
2026-01-26,4980.T,1,0,0,33.87,37.28,28.85,2773.0,LOSS,-4.0,2,2023-12-05,2026-01-16
2026-01-27,4980.T,0,0,1,36.11,34.99,28.9,2792.5,LOSS,-4.0,1,2023-12-05,2026-01-16
2026-01-28,4980.T,0,2,0,39.12,32.28,28.6,2686.0,WIN,8.0,4,2023-12-05,2026-01-16
2026-01-29,4980.T,0,2,0,34.12,33.83,32.05,2697.5,WIN,8.0,3,2023-12-05,2026-01-16
2026-01-30,4980.T,0,2,0,35.38,32.14,32.48,2688.5,WIN,8.0,2,2023-12-05,2026-01-16
2026-02-02,4980.T,0,2,0,42.5,31.5,26.0,2772.0,WIN,8.0,5,2023-12-05,2026-01-16
2026-02-03,4980.T,1,0,0,35.88,38.01,26.11,2963.5,LOSS,-4.0,3,2023-12-05,2026-01-16
2026-02-04,4980.T,0,2,0,42.15,30.77,27.07,2918.0,LOSS,-4.0,4,2023-12-05,2026-01-16
2026-02-05,4980.T,0,0,1,43.71,33.47,22.82,2906.0,LOSS,-4.0,3,2023-12-05,2026-01-16
2026-02-06,4980.T,1,0,0,34.84,35.3,29.86,2880.0,LOSS,-4.0,2,2023-12-05,2026-01-16
2026-02-09,4980.T,0,0,1,47.2,32.93,19.87,3095.0,LOSS,-4.0,1,2023-12-05,2026-01-16
2026-02-10,4980.T,0,0,1,41.08,30.87,28.04,2487.0,LOSS,-4.0,1,2023-12-05,2026-01-16
2026-02-12,4980.T,0,0,1,45.7,28.49,25.81,2419.0,LOSS,-4.0,1,2023-12-05,2026-01-16
2026-02-13,4980.T,2,2,1,28.85,28.51,42.65,2236.5,WIN,8.0,3,2023-12-05,2026-01-16
2026-02-17,4980.T,2,2,1,23.56,31.02,45.42,2290.0,HOLD,6.31,5,2023-12-05,2026-01-16
2026-02-18,4980.T,2,1,0,19.22,29.63,51.15,2344.5,WIN,8.0,5,2023-12-05,2026-01-16
2026-02-19,4980.T,2,2,1,22.46,31.51,46.04,2380.5,WIN,8.0,5,2023-12-05,2026-01-16
2026-02-20,4980.T,2,2,1,19.5,27.43,53.06,2372.5,WIN,8.0,4,2023-12-05,2026-01-16
2026-02-24,4980.T,2,2,1,20.88,28.33,50.79,2375.0,WIN,8.0,3,2023-12-05,2026-01-16
2026-02-25,4980.T,1,2,0,26.9,37.19,35.91,2434.5,WIN,8.0,4,2024-01-09,2026-02-18
2026-02-26,4980.T,0,0,1,37.12,31.24,31.64,2534.0,LOSS,-4.0,3,2024-01-09,2026-02-18
2026-02-27,4980.T,2,0,0,26.29,32.56,41.15,2587.5,LOSS,-4.0,2,2024-01-09,2026-02-18
2026-03-02,4980.T,2,0,0,25.32,31.43,43.26,2576.0,LOSS,-4.0,1,2024-01-09,2026-02-18
2026-03-03,4980.T,2,1,0,30.28,25.13,44.59,2374.0,LOSS,-4.0,4,2024-01-09,2026-02-18
2026-03-04,4980.T,2,0,0,30.81,29.24,39.96,2318.5,LOSS,-4.0,3,2024-01-09,2026-02-18
2026-03-05,4980.T,2,0,0,35.95,27.78,36.27,2442.5,LOSS,-4.0,2,2024-01-09,2026-02-18
2026-03-06,4980.T,2,1,0,32.66,30.48,36.86,2400.5,LOSS,-4.0,1,2024-01-09,2026-02-18
2026-03-09,4980.T,2,2,1,30.91,22.38,46.7,2250.0,WIN,8.0,2,2024-01-09,2026-02-18
2026-03-10,4980.T,2,1,0,32.91,26.98,40.11,2333.5,TIMEOUT_LOSS,-0.41,5,2024-01-09,2026-02-18
2026-03-11,4980.T,0,0,1,37.14,28.28,34.59,2417.5,LOSS,-4.0,2,2024-01-09,2026-02-18
2026-03-12,4980.T,0,0,1,39.51,26.15,34.33,2386.0,TIMEOUT_LOSS,-3.69,5,2024-01-09,2026-02-18
2026-03-13,4980.T,0,2,0,39.37,24.81,35.81,2341.0,LOSS,-4.0,5,2024-01-09,2026-02-18
2026-03-16,4980.T,2,0,0,39.24,20.03,40.73,2359.5,LOSS,-4.0,4,2024-01-09,2026-02-18
2026-03-17,4980.T,0,0,1,38.78,22.87,38.35,2324.0,LOSS,-4.0,3,2024-01-09,2026-02-18
2026-03-18,4980.T,0,0,1,39.35,27.36,33.29,2387.0,LOSS,-4.0,2,2024-01-09,2026-02-18
2026-03-19,4980.T,2,0,0,38.07,22.4,39.53,2298.0,LOSS,-4.0,1,2024-01-09,2026-02-18
2026-03-23,4980.T,2,2,1,39.06,20.13,40.8,2149.0,TIMEOUT_LOSS,-0.77,5,2024-01-09,2026-02-18
2026-03-24,4980.T,2,2,1,36.26,24.76,38.98,2190.5,LOSS,-4.0,4,2024-01-09,2026-02-18
2026-03-25,4980.T,2,0,0,31.87,27.55,40.58,2262.0,LOSS,-4.0,3,2024-01-09,2026-02-18
2026-03-26,4980.T,0,0,1,55.61,21.11,23.28,2243.5,LOSS,-4.0,2,2024-02-07,2026-03-19
2026-03-27,4980.T,0,0,1,47.56,23.65,28.79,2268.5,LOSS,-4.0,1,2024-02-07,2026-03-19
2026-03-30,4980.T,0,1,0,46.31,19.14,34.55,2132.5,HOLD,4.74,5,2024-02-07,2026-03-19
2026-03-31,4980.T,0,2,0,49.94,17.04,33.02,2114.5,WIN,8.0,5,2024-02-07,2026-03-19
2026-04-01,4980.T,0,1,0,56.5,20.67,22.83,2220.0,HOLD,5.11,5,2024-02-07,2026-03-19
2026-04-02,4980.T,0,2,0,51.94,22.35,25.7,2137.5,WIN,8.0,3,2024-02-07,2026-03-19
2026-04-06,4980.T,0,2,0,45.62,29.79,24.59,2192.5,WIN,8.0,4,2024-02-07,2026-03-19
2026-04-07,4980.T,0,2,0,55.77,25.51,18.72,2233.5,HOLD,6.25,5,2024-02-07,2026-03-19
2026-04-08,4980.T,0,0,1,52.72,26.1,21.19,2363.0,HOLD,0.4,5,2024-02-07,2026-03-19
2026-04-09,4980.T,0,2,0,58.44,19.75,21.81,2333.5,HOLD,3.9,5,2024-02-07,2026-03-19
2026-04-10,4980.T,0,1,0,54.47,20.14,25.39,2362.0,HOLD,3.03,5,2024-02-07,2026-03-19
2026-04-13,4980.T,0,2,0,56.66,19.41,23.93,2324.0,HOLD,5.44,5,2024-02-07,2026-03-19
2026-04-14,4980.T,0,2,0,59.02,16.94,24.04,2373.0,HOLD,3.31,5,2024-02-07,2026-03-19
2026-04-15,4980.T,0,2,0,59.49,16.32,24.2,2372.5,HOLD,4.07,5,2024-02-07,2026-03-19
2026-04-16,4980.T,0,1,0,58.58,17.68,23.74,2424.5,TIMEOUT_LOSS,-1.63,5,2024-02-07,2026-03-19
2026-04-17,4980.T,0,1,0,54.24,20.49,25.27,2433.5,HOLD,0.29,5,2024-02-07,2026-03-19
2026-04-20,4980.T,0,0,1,56.04,19.29,24.67,2450.5,HOLD,2.33,5,2024-02-07,2026-03-19
2026-04-21,4980.T,0,1,0,49.38,19.67,30.96,2451.5,HOLD,0.41,5,2024-02-07,2026-03-19
2026-04-22,4980.T,0,2,0,49.35,20.94,29.71,2469.0,LOSS,-4.0,1,2024-02-07,2026-03-19
2026-04-23,4980.T,0,2,0,52.59,18.41,28.99,2385.0,HOLD,4.03,5,2024-02-07,2026-03-19
2026-04-24,4980.T,1,1,1,33.34,37.9,28.75,2440.5,WIN,8.0,5,2024-03-11,2026-04-20
2026-04-27,4980.T,0,1,0,38.99,35.38,25.63,2507.5,WIN,8.0,5,2024-03-11,2026-04-20
2026-04-28,4980.T,0,2,0,38.19,32.98,28.83,2461.5,WIN,8.0,4,2024-03-11,2026-04-20
2026-04-30,4980.T,1,2,0,33.56,34.21,32.23,2441.5,WIN,8.0,2,2024-03-11,2026-04-20
2026-05-01,4980.T,0,2,0,37.74,32.13,30.13,2481.0,WIN,8.0,2,2024-03-11,2026-04-20
2026-05-07,4980.T,0,1,0,53.45,23.91,22.63,2642.5,WIN,8.0,5,2024-03-11,2026-04-20
2026-05-08,4980.T,0,0,1,48.5,27.44,24.06,2719.5,LOSS,-4.0,3,2024-03-11,2026-04-20
2026-05-11,4980.T,0,2,0,55.66,24.56,19.78,2739.5,LOSS,-4.0,2,2024-03-11,2026-04-20
2026-05-12,4980.T,0,2,0,51.6,28.79,19.61,2681.0,LOSS,-4.0,1,2024-03-11,2026-04-20
2026-05-13,4980.T,0,2,0,46.19,30.88,22.94,2648.5,WIN,8.0,1,2024-03-11,2026-04-20
2026-05-14,4980.T,0,2,0,51.0,25.9,23.09,3149.0,WIN,8.0,1,2024-03-11,2026-04-20
2026-05-15,4980.T,0,0,1,48.5,26.56,24.94,3849.0,WIN,8.0,1,2024-03-11,2026-04-20
2026-05-18,4980.T,0,0,1,49.32,28.98,21.7,4187.0,LOSS,-4.0,1,2024-03-11,2026-04-20
2026-05-19,4980.T,0,2,0,46.96,30.35,22.69,3872.0,LOSS,-4.0,1,2024-03-11,2026-04-20
2026-05-20,4980.T,0,2,0,43.83,33.69,22.48,3751.0,WIN,8.0,1,2024-03-11,2026-04-20
2026-05-21,4980.T,0,1,0,45.84,29.48,24.68,4085.0,WIN,8.0,2,2024-03-11,2026-04-20
2026-05-22,4980.T,0,0,1,39.4,34.42,26.18,4093.0,WIN,8.0,1,2024-03-11,2026-04-20
2026-05-26,4980.T,0,0,1,45.24,29.53,25.23,4218.0,LOSS,-4.0,1,2024-03-11,2026-04-20
2026-05-27,4980.T,0,2,0,51.09,24.48,24.43,4052.0,WIN,8.0,3,2024-03-11,2026-04-20
2026-05-28,4980.T,0,2,0,38.46,32.67,28.87,4029.0,WIN,8.0,2,2024-03-11,2026-04-20
2026-05-29,4980.T,0,2,0,46.78,22.83,30.39,4038.0,WIN,8.0,1,2024-04-10,2026-05-22
2026-06-01,4980.T,0,0,1,57.85,23.69,18.46,4542.0,LOSS,-4.0,1,2024-04-10,2026-05-22
2026-06-02,4980.T,0,0,1,54.95,18.38,26.67,4482.0,WIN,8.0,1,2024-04-10,2026-05-22
2026-06-03,4980.T,0,0,1,56.18,21.78,22.04,4503.0,LOSS,-4.0,1,2024-04-10,2026-05-22
2026-06-04,4980.T,0,0,1,47.64,21.66,30.69,4313.0,LOSS,-4.0,2,2024-04-10,2026-05-22
2026-06-05,4980.T,0,0,1,50.95,21.25,27.8,4369.0,LOSS,-4.0,1,2024-04-10,2026-05-22
2026-06-08,4980.T,0,0,1,38.79,28.64,32.57,3920.0,LOSS,-4.0,1,2024-04-10,2026-05-22
2026-06-09,4980.T,0,2,0,38.07,31.99,29.94,3920.0,LOSS,-4.0,1,2024-04-10,2026-05-22
2026-06-10,4980.T,2,2,1,31.81,31.44,36.74,3686.0,WIN,8.0,2,2024-04-10,2026-05-22
2026-06-11,4980.T,2,2,1,33.4,32.72,33.88,3785.0,WIN,8.0,1,2024-04-10,2026-05-22
2026-06-12,4980.T,0,2,0,42.43,28.22,29.35,4019.0,WIN,8.0,2,2024-04-10,2026-05-22
2026-06-15,4980.T,0,2,0,47.8,24.65,27.54,4285.0,WIN,8.0,2,2024-04-10,2026-05-22
2026-06-16,4980.T,0,2,0,55.86,22.45,21.69,4568.0,LOSS,-4.0,1,2024-04-10,2026-05-22
2026-06-17,4980.T,0,2,0,49.32,23.01,27.67,4608.0,WIN,8.0,2,2024-04-10,2026-05-22
2026-06-18,4980.T,0,2,0,48.13,21.25,30.62,4681.0,WIN,8.0,1,2024-04-10,2026-05-22
2026-06-22,4980.T,0,2,0,50.59,25.74,23.67,4931.0,LOSS,-4.0,4,2024-04-10,2026-05-22
2026-06-23,4980.T,0,0,1,49.94,20.75,29.3,4847.0,LOSS,-4.0,3,2024-04-10,2026-05-22
2026-06-24,4980.T,0,0,1,51.48,26.73,21.79,4970.0,LOSS,-4.0,2,2024-04-10,2026-05-22
2026-06-25,4980.T,0,0,1,52.52,23.74,23.74,5021.0,LOSS,-4.0,1,2024-04-10,2026-05-22
2026-06-26,4980.T,0,0,1,36.02,30.08,33.9,4407.0,LOSS,-4.0,1,2024-04-10,2026-05-22
2026-06-29,4980.T,2,0,0,25.22,9.42,65.36,4277.0,LOSS,-4.0,3,2024-05-13,2026-06-23
2026-06-30,4980.T,2,1,0,19.75,8.96,71.28,4254.0,LOSS,-4.0,2,2024-05-13,2026-06-23
2026-07-01,4980.T,2,0,0,20.42,9.37,70.2,4203.0,LOSS,-4.0,1,2024-05-13,2026-06-23
2026-07-02,4980.T,2,0,0,20.89,18.04,61.08,4091.0,LOSS,-4.0,3,2024-05-13,2026-06-23
2026-07-06,4980.T,2,0,0,28.89,16.25,54.87,4264.0,LOSS,-4.0,1,2024-05-13,2026-06-23
2026-07-07,4980.T,2,2,1,23.84,19.33,56.83,4036.0,LOSS,-4.0,5,2024-05-13,2026-06-23
2026-07-08,4980.T,2,1,0,31.0,23.67,45.33,3955.0,LOSS,-4.0,4,2024-05-13,2026-06-23
2026-07-09,4980.T,2,0,0,30.26,23.63,46.12,4022.0,LOSS,-4.0,3,2024-05-13,2026-06-23
2026-07-10,4980.T,2,0,0,28.35,23.3,48.36,4139.0,LOSS,-4.0,1,2024-05-13,2026-06-23
2026-07-13,4980.T,2,0,0,31.24,22.81,45.95,3922.0,LOSS,-4.0,3,2024-05-13,2026-06-23
2026-07-14,4980.T,2,0,0,31.49,27.37,41.14,3931.0,LOSS,-4.0,2,2024-05-13,2026-06-23
2026-07-15,4980.T,2,0,0,29.79,28.85,41.36,3941.0,LOSS,-4.0,1,2024-05-13,2026-06-23
2026-07-16,4980.T,2,0,0,33.56,23.35,43.09,3777.0,LOSS,-4.0,1,2024-05-13,2026-06-23
2026-07-17,4980.T,2,2,1,22.6,15.17,62.23,3509.0,WIN,8.0,2,2024-05-13,2026-06-23
2026-07-21,4980.T,2,0,0,23.88,24.89,51.23,3613.0,LOSS,-4.0,5,2024-05-13,2026-06-23
2026-07-22,4980.T,2,1,0,23.65,24.91,51.44,3692.0,LOSS,-4.0,2,2024-05-13,2026-06-23
2026-07-23,4980.T,2,0,0,26.58,26.22,47.2,3680.0,LOSS,-4.0,1,2024-05-13,2026-06-23
2026-07-24,4980.T,2,0,0,24.07,24.97,50.96,3551.0,LOSS,-4.0,2,2024-05-13,2026-06-23
2026-07-27,4980.T,2,0,0,31.72,23.77,44.51,3637.0,LOSS,-4.0,1,2024-05-13,2026-06-23
2026-07-28,4980.T,2,0,0,22.02,19.41,58.57,3371.0,LOSS,-4.0,1,2024-05-13,2026-06-23
2026-07-29,4980.T,2,2,1,25.72,12.2,62.08,3135.0,WIN,8.0,2,2024-06-11,2026-07-23
2026-07-30,4980.T,2,2,1,23.7,16.46,59.84,3136.0,WIN,8.0,1,2024-06-11,2026-07-23
2026-07-31,4980.T,1,1,1,32.4,36.12,31.49,3304.0,LOSS,-4.0,3,2024-06-11,2026-07-23
2026-08-03,4980.T,2,0,0,36.28,26.3,37.42,3300.0,LOSS,-4.0,3,2024-06-11,2026-07-23
2026-08-04,4980.T,0,0,1,40.86,28.5,30.64,3467.0,LOSS,-4.0,1,2024-06-11,2026-07-23
2026-08-05,4980.T,2,0,0,33.8,27.08,39.12,3291.0,LOSS,-4.0,1,2024-06-11,2026-07-23
2026-08-06,4980.T,2,1,0,32.58,24.08,43.34,3096.0,HOLD,3.07,5,2024-06-11,2026-07-23
2026-08-07,4980.T,2,2,1,35.59,26.68,37.73,3053.0,HOLD,4.78,5,2024-06-11,2026-07-23
2024-10-10,8031.T,2,0,0,31.85,25.94,42.21,3256.0,TIMEOUT_LOSS,-2.3,5,2022-08-31,2024-10-04
2024-10-11,8031.T,2,0,0,30.09,27.71,42.2,3259.0,TIMEOUT_LOSS,-3.5,5,2022-08-31,2024-10-04
2024-10-15,8031.T,2,1,0,31.57,28.72,39.71,3229.0,LOSS,-4.0,5,2022-08-31,2024-10-04
2024-10-16,8031.T,2,0,0,33.59,22.62,43.78,3202.0,TIMEOUT_LOSS,-3.03,5,2022-08-31,2024-10-04
2024-10-17,8031.T,2,0,0,38.34,21.39,40.27,3194.0,LOSS,-4.0,5,2022-08-31,2024-10-04
2024-10-18,8031.T,2,0,0,34.86,22.31,42.83,3181.0,LOSS,-4.0,4,2022-08-31,2024-10-04
2024-10-21,8031.T,2,1,0,33.92,24.78,41.3,3145.0,HOLD,0.22,5,2022-08-31,2024-10-04
2024-10-22,8031.T,0,1,0,40.86,23.53,35.62,3126.0,HOLD,1.79,5,2022-08-31,2024-10-04
2024-10-23,8031.T,0,2,0,38.77,25.42,35.82,3105.0,HOLD,2.87,5,2022-08-31,2024-10-04
2024-10-24,8031.T,2,2,1,36.2,26.09,37.71,3100.0,HOLD,2.0,5,2022-08-31,2024-10-04
2024-10-25,8031.T,0,2,0,36.55,29.12,34.33,3083.0,HOLD,2.3,5,2022-08-31,2024-10-04
2024-10-28,8031.T,2,1,0,37.96,22.66,39.38,3152.0,HOLD,2.06,5,2022-08-31,2024-10-04
2024-10-29,8031.T,2,1,0,34.37,23.8,41.83,3182.0,HOLD,2.77,5,2022-08-31,2024-10-04
2024-10-30,8031.T,2,1,0,29.74,27.04,43.23,3194.0,LOSS,-4.0,3,2022-08-31,2024-10-04
2024-10-31,8031.T,2,2,1,30.13,27.97,41.9,3162.0,HOLD,2.44,5,2022-08-31,2024-10-04
2024-11-01,8031.T,2,2,1,36.06,26.68,37.26,3154.0,HOLD,2.19,5,2022-08-31,2024-10-04
2024-11-05,8031.T,2,1,0,31.64,27.59,40.77,3217.0,TIMEOUT_LOSS,-0.4,5,2022-08-31,2024-10-04
2024-11-06,8031.T,2,1,0,28.72,26.55,44.73,3270.0,TIMEOUT_LOSS,-2.57,5,2022-08-31,2024-10-04
2024-11-07,8031.T,2,0,0,27.47,29.27,43.26,3292.0,LOSS,-4.0,4,2022-08-31,2024-10-04
2024-11-08,8031.T,2,0,0,32.89,26.95,40.16,3239.0,HOLD,0.34,5,2022-08-31,2024-10-04
2024-11-11,8031.T,1,1,1,28.72,37.94,33.35,3223.0,HOLD,0.06,5,2022-10-03,2024-11-05
2024-11-12,8031.T,1,1,1,32.43,38.17,29.4,3204.0,HOLD,2.56,5,2022-10-03,2024-11-05
2024-11-13,8031.T,0,1,0,34.62,34.5,30.88,3186.0,HOLD,2.82,5,2022-10-03,2024-11-05
2024-11-14,8031.T,1,2,0,31.44,34.57,33.99,3233.0,HOLD,1.14,5,2022-10-03,2024-11-05
2024-11-15,8031.T,1,1,1,31.25,39.89,28.86,3250.0,HOLD,1.69,5,2022-10-03,2024-11-05
2024-11-18,8031.T,1,1,1,33.23,35.06,31.71,3225.0,HOLD,3.1,5,2022-10-03,2024-11-05
2024-11-19,8031.T,1,1,1,32.17,38.58,29.25,3286.0,TIMEOUT_LOSS,-2.07,5,2022-10-03,2024-11-05
2024-11-20,8031.T,1,1,1,30.0,37.7,32.31,3276.0,LOSS,-4.0,5,2022-10-03,2024-11-05
2024-11-21,8031.T,1,0,0,32.33,37.39,30.28,3270.0,LOSS,-4.0,4,2022-10-03,2024-11-05
2024-11-22,8031.T,0,0,1,36.11,34.15,29.74,3305.0,LOSS,-4.0,2,2022-10-03,2024-11-05
2024-11-25,8031.T,1,0,0,28.05,36.66,35.3,3325.0,LOSS,-4.0,1,2022-10-03,2024-11-05
2024-11-26,8031.T,1,1,1,27.56,36.77,35.67,3218.0,HOLD,1.93,5,2022-10-03,2024-11-05
2024-11-27,8031.T,1,2,0,27.89,38.81,33.3,3170.0,HOLD,0.95,5,2022-10-03,2024-11-05
2024-11-29,8031.T,1,2,0,25.16,38.75,36.09,3136.0,TIMEOUT_LOSS,-0.03,5,2022-10-03,2024-11-05
2024-12-02,8031.T,1,1,1,29.57,43.34,27.1,3197.0,TIMEOUT_LOSS,-2.25,5,2022-10-03,2024-11-05
2024-12-03,8031.T,1,0,0,24.9,38.89,36.21,3299.0,LOSS,-4.0,3,2022-10-03,2024-11-05
2024-12-04,8031.T,1,0,0,26.82,42.61,30.57,3280.0,LOSS,-4.0,2,2022-10-03,2024-11-05
2024-12-05,8031.T,1,1,1,24.83,42.8,32.37,3200.0,HOLD,2.69,5,2022-10-03,2024-11-05
2024-12-06,8031.T,1,2,0,23.56,39.68,36.77,3135.0,HOLD,3.35,5,2022-10-03,2024-11-05
2024-12-09,8031.T,1,2,0,21.44,40.97,37.59,3125.0,HOLD,3.62,5,2022-10-03,2024-11-05
2024-12-10,8031.T,1,1,1,31.93,42.02,26.06,3232.0,TIMEOUT_LOSS,-0.62,5,2022-11-01,2024-12-04
2024-12-11,8031.T,1,1,1,31.98,46.09,21.93,3244.0,TIMEOUT_LOSS,-2.25,5,2022-11-01,2024-12-04
2024-12-12,8031.T,1,0,0,36.72,40.67,22.61,3286.0,LOSS,-4.0,5,2022-11-01,2024-12-04
2024-12-13,8031.T,1,0,0,35.43,41.38,23.19,3240.0,TIMEOUT_LOSS,-2.87,5,2022-11-01,2024-12-04
2024-12-16,8031.T,1,0,0,39.44,39.93,20.63,3238.0,TIMEOUT_LOSS,-0.65,5,2022-11-01,2024-12-04
2024-12-17,8031.T,1,0,0,36.42,44.02,19.56,3212.0,HOLD,0.12,5,2022-11-01,2024-12-04
2024-12-18,8031.T,1,1,1,35.44,36.2,28.36,3171.0,HOLD,3.12,5,2022-11-01,2024-12-04
2024-12-19,8031.T,1,1,1,34.07,35.81,30.11,3177.0,HOLD,4.56,5,2022-11-01,2024-12-04
2024-12-20,8031.T,1,2,0,27.31,40.18,32.51,3147.0,HOLD,5.21,5,2022-11-01,2024-12-04
2024-12-23,8031.T,1,2,0,36.5,39.14,24.36,3217.0,HOLD,2.21,5,2022-11-01,2024-12-04
2024-12-24,8031.T,1,2,0,36.48,39.33,24.19,3216.0,HOLD,2.39,5,2022-11-01,2024-12-04
2024-12-26,8031.T,0,1,0,37.81,37.04,25.15,3270.0,TIMEOUT_LOSS,-1.56,5,2022-11-01,2024-12-04
2024-12-27,8031.T,1,1,1,38.54,40.17,21.29,3322.0,LOSS,-4.0,5,2022-11-01,2024-12-04
2024-12-30,8031.T,0,0,1,46.06,36.78,17.16,3311.0,LOSS,-4.0,4,2022-11-01,2024-12-04
2025-01-06,8031.T,1,0,0,35.94,42.1,21.96,3288.0,LOSS,-4.0,3,2022-11-01,2024-12-04
2025-01-07,8031.T,0,0,1,42.55,36.47,20.98,3293.0,LOSS,-4.0,2,2022-11-01,2024-12-04
2025-01-08,8031.T,1,0,0,35.93,44.88,19.19,3219.0,LOSS,-4.0,1,2022-11-01,2024-12-04
2025-01-09,8031.T,1,1,1,31.63,37.33,31.04,3089.0,LOSS,-4.0,5,2022-11-01,2024-12-04
2025-01-10,8031.T,0,1,0,33.78,33.71,32.51,3060.0,HOLD,0.13,5,2022-11-01,2024-12-04
2025-01-14,8031.T,2,1,0,29.28,33.34,37.38,3042.0,HOLD,0.43,5,2022-11-01,2024-12-04
2025-01-15,8031.T,2,1,0,25.87,30.74,43.39,3044.0,HOLD,0.39,5,2022-12-02,2025-01-08
2025-01-16,8031.T,2,1,0,26.47,34.39,39.13,3026.0,HOLD,1.06,5,2022-12-02,2025-01-08
2025-01-17,8031.T,2,2,1,30.49,28.01,41.5,3002.0,HOLD,2.1,5,2022-12-02,2025-01-08
2025-01-21,8031.T,2,1,0,25.98,36.65,37.37,3064.0,TIMEOUT_LOSS,-0.78,5,2022-12-02,2025-01-08
2025-01-22,8031.T,1,1,1,22.85,41.11,36.04,3055.0,TIMEOUT_LOSS,-0.39,5,2022-12-02,2025-01-08
2025-01-23,8031.T,1,1,1,24.42,43.58,32.0,3056.0,HOLD,1.08,5,2022-12-02,2025-01-08
2025-01-24,8031.T,1,1,1,25.53,40.36,34.12,3058.0,HOLD,0.92,5,2022-12-02,2025-01-08
2025-01-27,8031.T,0,1,0,35.97,34.82,29.21,3065.0,TIMEOUT_LOSS,-2.17,5,2022-12-02,2025-01-08
2025-01-28,8031.T,0,2,0,42.57,28.63,28.8,3040.0,TIMEOUT_LOSS,-1.63,5,2022-12-02,2025-01-08
2025-01-29,8031.T,0,1,0,40.34,30.09,29.57,3043.0,LOSS,-4.0,5,2022-12-02,2025-01-08
2025-01-30,8031.T,0,0,1,36.24,28.11,35.65,3089.0,LOSS,-4.0,2,2022-12-02,2025-01-08
2025-01-31,8031.T,0,0,1,36.99,30.69,32.32,3086.0,LOSS,-4.0,2,2022-12-02,2025-01-08
2025-02-03,8031.T,2,0,0,29.85,29.81,40.34,2998.5,LOSS,-4.0,4,2022-12-02,2025-01-08
2025-02-04,8031.T,2,0,0,26.56,29.16,44.28,2990.5,LOSS,-4.0,3,2022-12-02,2025-01-08
2025-02-05,8031.T,2,0,0,24.1,27.94,47.96,2938.5,LOSS,-4.0,3,2022-12-02,2025-01-08
2025-02-06,8031.T,2,0,0,23.7,27.18,49.12,2900.0,TIMEOUT_LOSS,-3.66,5,2022-12-02,2025-01-08
2025-02-07,8031.T,2,1,0,22.93,28.84,48.22,2866.5,TIMEOUT_LOSS,-3.66,5,2022-12-02,2025-01-08
2025-02-10,8031.T,2,1,0,26.18,26.26,47.57,2814.0,LOSS,-4.0,5,2022-12-02,2025-01-08
2025-02-12,8031.T,2,1,0,23.35,26.37,50.28,2802.5,LOSS,-4.0,4,2022-12-02,2025-01-08
2025-02-13,8031.T,2,0,0,25.23,24.76,50.02,2837.5,LOSS,-4.0,3,2022-12-02,2025-01-08
2025-02-14,8031.T,1,0,0,29.1,35.83,35.07,2794.0,LOSS,-4.0,2,2023-01-04,2025-02-07
2025-02-18,8031.T,2,0,0,31.8,27.05,41.15,2761.5,HOLD,1.5,5,2023-01-04,2025-02-07
2025-02-19,8031.T,2,2,1,30.5,29.58,39.92,2722.0,HOLD,4.61,5,2023-01-04,2025-02-07
2025-02-20,8031.T,2,2,1,31.56,27.54,40.9,2720.5,HOLD,2.74,5,2023-01-04,2025-02-07
2025-02-21,8031.T,2,2,1,30.42,27.15,42.43,2716.5,HOLD,4.84,5,2023-01-04,2025-02-07
2025-02-25,8031.T,2,0,0,32.87,25.69,41.44,2844.0,TIMEOUT_LOSS,-2.6,5,2023-01-04,2025-02-07
2025-02-26,8031.T,2,2,1,31.63,19.97,48.4,2803.0,TIMEOUT_LOSS,-0.8,5,2023-01-04,2025-02-07
2025-02-27,8031.T,2,0,0,33.05,28.03,38.91,2847.5,TIMEOUT_LOSS,-2.0,5,2023-01-04,2025-02-07
2025-02-28,8031.T,2,1,0,23.84,21.14,55.02,2795.0,TIMEOUT_LOSS,-0.32,5,2023-01-04,2025-02-07
2025-03-03,8031.T,2,0,0,27.25,25.31,47.44,2848.0,LOSS,-4.0,4,2023-01-04,2025-02-07
2025-03-04,8031.T,2,1,0,25.17,17.84,56.99,2770.0,TIMEOUT_LOSS,-0.02,5,2023-01-04,2025-02-07
2025-03-05,8031.T,2,1,0,20.74,20.16,59.1,2780.5,TIMEOUT_LOSS,-0.56,5,2023-01-04,2025-02-07
2025-03-06,8031.T,2,1,0,28.14,30.4,41.45,2790.5,TIMEOUT_LOSS,-0.73,5,2023-01-04,2025-02-07
2025-03-07,8031.T,2,1,0,24.58,24.38,51.05,2786.0,TIMEOUT_LOSS,-0.81,5,2023-01-04,2025-02-07
2025-03-10,8031.T,2,1,0,24.5,22.12,53.39,2781.5,HOLD,0.81,5,2023-01-04,2025-02-07
2025-03-11,8031.T,2,1,0,23.58,26.61,49.8,2769.5,HOLD,4.37,5,2023-01-04,2025-02-07
2025-03-12,8031.T,2,1,0,24.46,21.48,54.06,2765.0,HOLD,7.67,5,2023-01-04,2025-02-07
2025-03-13,8031.T,2,2,1,24.32,25.31,50.37,2770.0,WIN,8.0,5,2023-01-04,2025-02-07
2025-03-14,8031.T,2,2,1,23.7,21.62,54.68,2763.5,WIN,8.0,4,2023-01-04,2025-02-07
2025-03-17,8031.T,2,2,1,23.57,31.74,44.69,2804.0,HOLD,5.37,5,2023-01-04,2025-02-07
2025-03-18,8031.T,1,2,0,32.53,39.72,27.75,2890.5,HOLD,3.44,5,2023-02-03,2025-03-12
2025-03-19,8031.T,1,1,1,35.07,36.42,28.52,2977.0,HOLD,1.71,5,2023-02-03,2025-03-12
2025-03-21,8031.T,0,1,0,37.58,35.85,26.58,2992.5,TIMEOUT_LOSS,-1.64,5,2023-02-03,2025-03-12
2025-03-24,8031.T,0,2,0,36.58,36.36,27.06,2939.0,LOSS,-4.0,5,2023-02-03,2025-03-12
2025-03-25,8031.T,0,1,0,36.1,33.69,30.22,2954.5,LOSS,-4.0,4,2023-02-03,2025-03-12
2025-03-26,8031.T,0,0,1,39.1,32.54,28.36,2990.0,LOSS,-4.0,3,2023-02-03,2025-03-12
2025-03-27,8031.T,0,0,1,43.78,30.71,25.5,3028.0,LOSS,-4.0,2,2023-02-03,2025-03-12
2025-03-28,8031.T,0,0,1,38.0,34.94,27.06,2943.5,LOSS,-4.0,1,2023-02-03,2025-03-12
2025-03-31,8031.T,2,0,0,21.56,38.1,40.34,2799.5,LOSS,-4.0,3,2023-02-03,2025-03-12
2025-04-01,8031.T,2,0,0,17.09,39.23,43.67,2825.0,LOSS,-4.0,2,2023-02-03,2025-03-12
2025-04-02,8031.T,1,0,0,15.41,45.1,39.5,2788.0,LOSS,-4.0,1,2023-02-03,2025-03-12
2025-04-03,8031.T,2,0,0,15.56,34.88,49.55,2724.5,LOSS,-4.0,1,2023-02-03,2025-03-12
2025-04-04,8031.T,2,0,0,16.67,31.34,52.0,2652.5,LOSS,-4.0,1,2023-02-03,2025-03-12
2025-04-07,8031.T,2,2,1,20.39,25.39,54.22,2470.0,WIN,8.0,3,2023-02-03,2025-03-12
2025-04-08,8031.T,2,1,0,16.0,30.6,53.4,2596.0,LOSS,-4.0,1,2023-02-03,2025-03-12
2025-04-09,8031.T,2,2,1,16.05,31.11,52.84,2513.5,WIN,8.0,1,2023-02-03,2025-03-12
2025-04-10,8031.T,2,0,0,20.05,26.49,53.46,2706.0,LOSS,-4.0,1,2023-02-03,2025-03-12
2025-04-11,8031.T,2,1,0,19.43,31.28,49.28,2620.0,HOLD,0.15,5,2023-02-03,2025-03-12
2025-04-14,8031.T,2,1,0,16.4,31.87,51.72,2629.5,HOLD,1.58,5,2023-02-03,2025-03-12
2025-04-15,8031.T,2,1,0,17.34,32.0,50.66,2649.5,HOLD,3.53,5,2023-02-03,2025-03-12
2025-04-16,8031.T,2,2,1,27.38,27.73,44.89,2613.0,HOLD,6.77,5,2023-03-07,2025-04-10
2025-04-17,8031.T,2,2,1,34.29,28.21,37.5,2613.0,WIN,8.0,5,2023-03-07,2025-04-10
2025-04-21,8031.T,2,2,1,30.26,31.14,38.6,2624.0,WIN,8.0,4,2023-03-07,2025-04-10
2025-04-22,8031.T,0,2,0,37.85,27.9,34.25,2671.0,WIN,8.0,5,2023-03-07,2025-04-10
2025-04-23,8031.T,2,2,1,30.39,28.68,40.93,2743.0,HOLD,1.71,5,2023-03-07,2025-04-10
2025-04-24,8031.T,2,2,1,28.29,31.98,39.73,2790.0,TIMEOUT_LOSS,-0.27,5,2023-03-07,2025-04-10
2025-04-25,8031.T,2,1,0,28.23,32.93,38.84,2820.0,LOSS,-4.0,3,2023-03-07,2025-04-10
2025-04-28,8031.T,2,0,0,27.14,35.59,37.27,2864.0,LOSS,-4.0,2,2023-03-07,2025-04-10
2025-04-30,8031.T,2,1,0,26.26,33.05,40.69,2898.0,LOSS,-4.0,1,2023-03-07,2025-04-10
2025-05-01,8031.T,1,2,0,31.9,36.87,31.23,2790.0,HOLD,4.32,5,2023-03-07,2025-04-10
2025-05-02,8031.T,1,2,0,23.77,48.25,27.98,2782.5,HOLD,5.37,5,2023-03-07,2025-04-10
2025-05-07,8031.T,2,1,0,32.24,33.53,34.24,2870.0,HOLD,1.86,5,2023-03-07,2025-04-10
2025-05-08,8031.T,1,2,0,27.9,45.73,26.37,2847.5,HOLD,2.48,5,2023-03-07,2025-04-10
2025-05-09,8031.T,1,1,1,28.63,47.8,23.58,2892.5,HOLD,1.68,5,2023-03-07,2025-04-10
2025-05-12,8031.T,1,1,1,35.99,38.97,25.05,2910.5,HOLD,1.22,5,2023-03-07,2025-04-10
2025-05-13,8031.T,2,1,0,30.82,34.34,34.84,2932.0,TIMEOUT_LOSS,-0.75,5,2023-03-07,2025-04-10
2025-05-14,8031.T,1,1,1,34.47,39.52,26.01,2923.5,HOLD,2.38,5,2023-03-07,2025-04-10
2025-05-15,8031.T,0,1,0,41.96,32.43,25.6,2918.0,HOLD,0.65,5,2023-03-07,2025-04-10
2025-05-16,8031.T,0,2,0,44.52,34.48,21.0,2941.0,HOLD,0.43,5,2023-03-07,2025-04-10
2025-05-19,8031.T,0,1,0,49.08,29.67,21.25,2946.0,TIMEOUT_LOSS,-0.03,5,2023-03-07,2025-04-10
2025-05-20,8031.T,0,1,0,41.24,35.82,22.94,2910.0,HOLD,2.23,5,2023-04-05,2025-05-14
2025-05-21,8031.T,0,0,1,41.31,37.81,20.87,2993.0,HOLD,1.24,5,2023-04-05,2025-05-14
2025-05-22,8031.T,0,1,0,40.42,33.94,25.64,2937.0,HOLD,3.13,5,2023-04-05,2025-05-14
2025-05-23,8031.T,0,2,0,48.86,31.36,19.78,2953.5,HOLD,1.0,5,2023-04-05,2025-05-14
2025-05-27,8031.T,0,2,0,43.54,35.24,21.21,2945.0,HOLD,0.95,5,2023-04-05,2025-05-14
2025-05-28,8031.T,1,1,1,36.1,37.77,26.13,2975.0,HOLD,0.22,5,2023-04-05,2025-05-14
2025-05-29,8031.T,1,0,0,32.4,40.37,27.22,3030.0,TIMEOUT_LOSS,-2.81,5,2023-04-05,2025-05-14
2025-05-30,8031.T,0,0,1,39.25,35.71,25.04,3029.0,TIMEOUT_LOSS,-2.36,5,2023-04-05,2025-05-14
2025-06-02,8031.T,0,1,0,43.8,35.35,20.85,2983.0,TIMEOUT_LOSS,-1.11,5,2023-04-05,2025-05-14
2025-06-03,8031.T,0,1,0,46.96,32.55,20.49,2973.0,TIMEOUT_LOSS,-1.63,5,2023-04-05,2025-05-14
2025-06-04,8031.T,0,1,0,42.76,35.0,22.24,2981.5,TIMEOUT_LOSS,-1.31,5,2023-04-05,2025-05-14
2025-06-05,8031.T,0,1,0,36.97,36.26,26.77,2945.0,TIMEOUT_LOSS,-0.17,5,2023-04-05,2025-05-14
2025-06-06,8031.T,0,1,0,37.93,33.8,28.27,2957.5,TIMEOUT_LOSS,-1.76,5,2023-04-05,2025-05-14
2025-06-09,8031.T,1,1,1,33.39,36.21,30.4,2950.0,HOLD,0.73,5,2023-04-05,2025-05-14
2025-06-10,8031.T,1,1,1,30.76,38.73,30.51,2924.5,HOLD,1.69,5,2023-04-05,2025-05-14
2025-06-11,8031.T,0,1,0,37.52,34.42,28.06,2942.5,HOLD,1.85,5,2023-04-05,2025-05-14
2025-06-12,8031.T,0,1,0,36.95,35.29,27.76,2940.0,TIMEOUT_LOSS,-0.6,5,2023-04-05,2025-05-14
2025-06-13,8031.T,1,2,0,33.46,38.15,28.39,2905.5,TIMEOUT_LOSS,-0.26,5,2023-04-05,2025-05-14
2025-06-16,8031.T,0,0,1,41.77,31.2,27.03,2971.5,TIMEOUT_LOSS,-2.14,5,2023-04-05,2025-05-14
2025-06-17,8031.T,0,0,1,42.42,31.28,26.3,2974.0,LOSS,-4.0,5,2023-04-05,2025-05-14
2025-06-18,8031.T,1,0,0,38.53,44.23,17.23,2997.0,LOSS,-4.0,4,2023-05-09,2025-06-12
2025-06-20,8031.T,1,0,0,27.83,57.31,14.86,2922.5,HOLD,0.53,5,2023-05-09,2025-06-12
2025-06-23,8031.T,1,1,1,23.14,55.13,21.72,2898.0,HOLD,1.69,5,2023-05-09,2025-06-12
2025-06-24,8031.T,1,1,1,19.2,63.6,17.21,2908.0,HOLD,0.58,5,2023-05-09,2025-06-12
2025-06-25,8031.T,1,2,0,21.89,59.68,18.43,2866.0,HOLD,3.18,5,2023-05-09,2025-06-12
2025-06-26,8031.T,1,2,0,18.67,61.15,20.18,2873.5,HOLD,4.92,5,2023-05-09,2025-06-12
2025-06-27,8031.T,1,1,1,22.59,53.84,23.58,2938.0,HOLD,1.97,5,2023-05-09,2025-06-12
2025-06-30,8031.T,1,2,0,19.29,61.63,19.09,2947.0,HOLD,2.68,5,2023-05-09,2025-06-12
2025-07-01,8031.T,1,2,0,28.56,55.66,15.78,2925.0,HOLD,4.75,5,2023-05-09,2025-06-12
2025-07-02,8031.T,1,2,0,38.22,45.49,16.29,2957.0,HOLD,2.06,5,2023-05-09,2025-06-12
2025-07-03,8031.T,0,2,0,45.54,38.31,16.15,3015.0,HOLD,1.03,5,2023-05-09,2025-06-12
2025-07-07,8031.T,0,1,0,49.29,36.9,13.81,2996.0,HOLD,1.74,5,2023-05-09,2025-06-12
2025-07-08,8031.T,0,1,0,53.22,30.83,15.95,3026.0,TIMEOUT_LOSS,-1.42,5,2023-05-09,2025-06-12
2025-07-09,8031.T,0,1,0,54.85,29.42,15.73,3064.0,TIMEOUT_LOSS,-2.58,5,2023-05-09,2025-06-12
2025-07-10,8031.T,0,1,0,51.92,30.54,17.54,3018.0,TIMEOUT_LOSS,-1.16,5,2023-05-09,2025-06-12
2025-07-11,8031.T,0,0,1,53.42,29.95,16.63,3046.0,TIMEOUT_LOSS,-2.02,5,2023-05-09,2025-06-12
2025-07-14,8031.T,0,0,1,54.69,27.69,17.62,3048.0,TIMEOUT_LOSS,-0.59,5,2023-05-09,2025-06-12
2025-07-15,8031.T,0,1,0,45.67,38.15,16.19,2983.0,HOLD,5.33,5,2023-05-09,2025-06-12
2025-07-16,8031.T,0,2,0,48.01,36.85,15.14,2985.0,HOLD,7.14,5,2023-05-09,2025-06-12
2025-07-17,8031.T,0,2,0,47.85,36.98,15.17,2983.0,HOLD,5.5,5,2023-05-09,2025-06-12
2025-07-18,8031.T,1,2,0,41.38,42.78,15.83,2984.5,HOLD,3.7,5,2023-06-07,2025-07-14
2025-07-22,8031.T,0,2,0,48.99,35.28,15.72,3030.0,HOLD,0.26,5,2023-06-07,2025-07-14
2025-07-23,8031.T,0,1,0,42.99,33.96,23.05,3142.0,TIMEOUT_LOSS,-2.61,5,2023-06-07,2025-07-14
2025-07-24,8031.T,1,0,0,28.65,43.78,27.57,3198.0,LOSS,-4.0,3,2023-06-07,2025-07-14
2025-07-25,8031.T,1,0,0,35.54,40.23,24.23,3147.0,TIMEOUT_LOSS,-1.27,5,2023-06-07,2025-07-14
2025-07-28,8031.T,0,1,0,39.87,38.82,21.31,3095.0,HOLD,0.39,5,2023-06-07,2025-07-14
2025-07-29,8031.T,1,2,0,36.64,43.66,19.7,3038.0,HOLD,2.7,5,2023-06-07,2025-07-14
2025-07-30,8031.T,0,2,0,47.33,38.01,14.66,3060.0,HOLD,2.81,5,2023-06-07,2025-07-14
2025-07-31,8031.T,0,1,0,46.24,37.19,16.57,3100.0,HOLD,2.0,5,2023-06-07,2025-07-14
2025-08-01,8031.T,0,1,0,53.66,30.2,16.14,3107.0,HOLD,4.02,5,2023-06-07,2025-07-14
2025-08-04,8031.T,0,2,0,55.57,28.08,16.35,3107.0,HOLD,6.4,5,2023-06-07,2025-07-14
2025-08-05,8031.T,0,2,0,56.77,28.55,14.69,3120.0,HOLD,5.0,5,2023-06-07,2025-07-14
2025-08-06,8031.T,0,2,0,56.88,27.45,15.67,3146.0,HOLD,2.19,5,2023-06-07,2025-07-14
2025-08-07,8031.T,0,2,0,56.12,29.43,14.44,3162.0,HOLD,3.48,5,2023-06-07,2025-07-14
2025-08-08,8031.T,0,1,0,41.99,39.25,18.76,3232.0,HOLD,1.73,5,2023-06-07,2025-07-14
2025-08-12,8031.T,1,1,1,29.94,46.49,23.57,3306.0,TIMEOUT_LOSS,-0.03,5,2023-06-07,2025-07-14
2025-08-13,8031.T,1,1,1,24.62,51.44,23.94,3276.0,HOLD,1.01,5,2023-06-07,2025-07-14
2025-08-14,8031.T,1,2,0,30.15,45.68,24.17,3215.0,HOLD,3.33,5,2023-06-07,2025-07-14
2025-08-15,8031.T,1,1,1,31.5,46.42,22.07,3272.0,HOLD,2.38,5,2023-06-07,2025-07-14
2025-08-18,8031.T,1,1,1,30.15,48.43,21.43,3288.0,HOLD,3.5,5,2023-06-07,2025-07-14
2025-08-19,8031.T,1,1,1,33.53,43.29,23.18,3305.0,HOLD,1.51,5,2023-07-07,2025-08-13
2025-08-20,8031.T,0,2,0,52.06,25.44,22.5,3309.0,HOLD,0.79,5,2023-07-07,2025-08-13
2025-08-21,8031.T,0,1,0,49.15,27.96,22.89,3322.0,HOLD,1.63,5,2023-07-07,2025-08-13
2025-08-22,8031.T,0,1,0,45.24,31.39,23.37,3350.0,HOLD,2.27,5,2023-07-07,2025-08-13
2025-08-25,8031.T,1,1,1,39.03,42.36,18.61,3403.0,HOLD,4.14,5,2023-07-07,2025-08-13
2025-08-26,8031.T,0,2,0,53.99,21.8,24.21,3355.0,HOLD,6.71,5,2023-07-07,2025-08-13
2025-08-27,8031.T,0,2,0,44.47,26.59,28.94,3335.0,WIN,8.0,4,2023-07-07,2025-08-13
2025-08-28,8031.T,0,2,0,47.28,30.72,22.0,3376.0,WIN,8.0,5,2023-07-07,2025-08-13
2025-08-29,8031.T,0,2,0,46.09,34.68,19.22,3426.0,WIN,8.0,4,2023-07-07,2025-08-13
2025-09-02,8031.T,1,2,0,35.1,41.77,23.13,3544.0,HOLD,3.36,5,2023-07-07,2025-08-13
2025-09-03,8031.T,1,2,0,37.22,42.23,20.55,3580.0,HOLD,1.82,5,2023-07-07,2025-08-13
2025-09-04,8031.T,0,1,0,43.02,39.46,17.52,3635.0,TIMEOUT_LOSS,-0.11,5,2023-07-07,2025-08-13
2025-09-05,8031.T,0,0,1,46.09,36.03,17.88,3715.0,TIMEOUT_LOSS,-1.91,5,2023-07-07,2025-08-13
2025-09-08,8031.T,0,0,1,45.25,40.22,14.53,3720.0,TIMEOUT_LOSS,-0.51,5,2023-07-07,2025-08-13
2025-09-09,8031.T,0,1,0,49.0,33.42,17.59,3663.0,TIMEOUT_LOSS,-0.55,5,2023-07-07,2025-08-13
2025-09-10,8031.T,0,2,0,47.07,28.33,24.61,3645.0,HOLD,0.6,5,2023-07-07,2025-08-13
2025-09-11,8031.T,0,1,0,50.87,25.85,23.28,3631.0,HOLD,2.56,5,2023-07-07,2025-08-13
2025-09-12,8031.T,0,1,0,44.62,32.47,22.91,3644.0,HOLD,3.57,5,2023-07-07,2025-08-13
2025-09-16,8031.T,0,1,0,46.02,31.73,22.25,3701.0,HOLD,1.97,5,2023-07-07,2025-08-13
2025-09-17,8031.T,0,2,0,46.66,30.37,22.98,3643.0,HOLD,3.6,5,2023-07-07,2025-08-13
2025-09-18,8031.T,1,2,0,28.0,41.64,30.37,3667.0,HOLD,4.06,5,2023-08-07,2025-09-11
2025-09-19,8031.T,1,1,1,36.04,42.48,21.48,3724.0,TIMEOUT_LOSS,-0.48,5,2023-08-07,2025-09-11
2025-09-22,8031.T,0,1,0,44.01,34.06,21.92,3774.0,TIMEOUT_LOSS,-2.49,5,2023-08-07,2025-09-11
2025-09-24,8031.T,0,0,1,37.62,31.99,30.39,3774.0,LOSS,-4.0,5,2023-08-07,2025-09-11
2025-09-25,8031.T,1,0,0,38.43,39.6,21.97,3774.0,LOSS,-4.0,4,2023-08-07,2025-09-11
2025-09-26,8031.T,0,0,1,44.04,31.85,24.11,3816.0,LOSS,-4.0,2,2023-08-07,2025-09-11
2025-09-29,8031.T,0,0,1,37.22,28.55,34.22,3706.0,HOLD,0.11,5,2023-08-07,2025-09-11
2025-09-30,8031.T,2,1,0,26.91,29.88,43.21,3680.0,HOLD,0.46,5,2023-08-07,2025-09-11
2025-10-01,8031.T,2,2,1,25.52,25.97,48.51,3637.0,HOLD,3.35,5,2023-08-07,2025-09-11
2025-10-02,8031.T,2,2,1,27.02,30.16,42.82,3632.0,HOLD,4.43,5,2023-08-07,2025-09-11
2025-10-03,8031.T,1,2,0,27.71,36.2,36.09,3657.0,HOLD,1.56,5,2023-08-07,2025-09-11
2025-10-06,8031.T,1,2,0,12.79,57.44,29.77,3710.0,TIMEOUT_LOSS,-0.81,5,2023-08-07,2025-09-11
2025-10-07,8031.T,1,1,1,14.74,58.24,27.02,3697.0,HOLD,1.0,5,2023-08-07,2025-09-11
2025-10-08,8031.T,1,0,0,17.06,51.81,31.13,3759.0,TIMEOUT_LOSS,-3.06,5,2023-08-07,2025-09-11
2025-10-09,8031.T,1,0,0,16.43,55.48,28.09,3793.0,LOSS,-4.0,5,2023-08-07,2025-09-11
2025-10-10,8031.T,1,0,0,15.27,54.6,30.13,3714.0,HOLD,0.13,5,2023-08-07,2025-09-11
2025-10-14,8031.T,2,1,0,29.06,33.06,37.88,3680.0,HOLD,1.11,5,2023-08-07,2025-09-11
2025-10-15,8031.T,2,1,0,31.64,31.51,36.85,3734.0,TIMEOUT_LOSS,-0.13,5,2023-08-07,2025-09-11
2025-10-16,8031.T,1,2,0,21.88,44.38,33.74,3644.0,HOLD,2.69,5,2023-08-07,2025-09-11
2025-10-17,8031.T,1,2,0,25.91,43.04,31.06,3651.0,HOLD,3.59,5,2023-08-07,2025-09-11
2025-10-20,8031.T,0,1,0,40.94,36.21,22.85,3719.0,HOLD,3.71,5,2023-09-06,2025-10-14
2025-10-21,8031.T,1,2,0,36.66,45.79,17.56,3721.0,HOLD,1.61,5,2023-09-06,2025-10-14
2025-10-22,8031.T,0,2,0,42.79,35.02,22.19,3729.0,HOLD,0.03,5,2023-09-06,2025-10-14
2025-10-23,8031.T,0,1,0,46.8,27.51,25.69,3742.0,HOLD,0.99,5,2023-09-06,2025-10-14
2025-10-24,8031.T,0,1,0,47.06,28.59,24.35,3782.0,HOLD,0.53,5,2023-09-06,2025-10-14
2025-10-27,8031.T,0,0,1,43.48,37.33,19.19,3857.0,TIMEOUT_LOSS,-2.62,5,2023-09-06,2025-10-14
2025-10-28,8031.T,0,1,0,42.46,37.82,19.72,3781.0,HOLD,4.02,5,2023-09-06,2025-10-14
2025-10-29,8031.T,0,1,0,45.05,35.98,18.97,3730.0,WIN,8.0,5,2023-09-06,2025-10-14
2025-10-30,8031.T,0,2,0,47.48,31.68,20.84,3779.0,HOLD,6.64,5,2023-09-06,2025-10-14
2025-10-31,8031.T,0,2,0,46.72,31.67,21.61,3802.0,HOLD,6.13,5,2023-09-06,2025-10-14
2025-11-04,8031.T,0,2,0,40.88,40.37,18.75,3756.0,WIN,8.0,2,2023-09-06,2025-10-14
2025-11-05,8031.T,0,2,0,54.96,26.28,18.76,3933.0,HOLD,2.52,5,2023-09-06,2025-10-14
2025-11-06,8031.T,0,0,1,51.1,33.08,15.82,4057.0,HOLD,1.06,5,2023-09-06,2025-10-14
2025-11-07,8031.T,0,1,0,49.74,30.58,19.68,4030.0,HOLD,1.81,5,2023-09-06,2025-10-14
2025-11-10,8031.T,0,2,0,54.42,28.77,16.81,4035.0,HOLD,0.57,5,2023-09-06,2025-10-14
2025-11-11,8031.T,0,2,0,47.88,33.0,19.11,3967.0,HOLD,0.15,5,2023-09-06,2025-10-14
2025-11-12,8031.T,0,1,0,53.77,27.06,19.18,4032.0,TIMEOUT_LOSS,-1.22,5,2023-09-06,2025-10-14
2025-11-13,8031.T,0,0,1,52.53,29.74,17.72,4100.0,LOSS,-4.0,4,2023-09-06,2025-10-14
2025-11-14,8031.T,0,0,1,53.06,27.06,19.88,4103.0,LOSS,-4.0,3,2023-09-06,2025-10-14
2025-11-17,8031.T,0,1,0,48.52,27.68,23.8,4058.0,TIMEOUT_LOSS,-1.75,5,2023-09-06,2025-10-14
2025-11-18,8031.T,0,1,0,35.48,33.47,31.05,3973.0,HOLD,4.03,5,2023-10-05,2025-11-12
2025-11-19,8031.T,0,1,0,40.56,28.56,30.88,3983.0,HOLD,4.12,5,2023-10-05,2025-11-12
2025-11-20,8031.T,0,2,0,43.92,27.36,28.72,4026.0,HOLD,1.79,5,2023-10-05,2025-11-12
2025-11-21,8031.T,0,2,0,37.61,33.49,28.9,3988.0,HOLD,3.28,5,2023-10-05,2025-11-12
2025-11-25,8031.T,0,2,0,35.65,34.81,29.54,3987.0,HOLD,2.86,5,2023-10-05,2025-11-12
2025-11-26,8031.T,0,1,0,43.1,30.2,26.7,4133.0,HOLD,3.58,5,2023-10-05,2025-11-12
2025-11-28,8031.T,0,1,0,43.4,30.73,25.87,4147.0,HOLD,1.54,5,2023-10-05,2025-11-12
2025-12-01,8031.T,0,2,0,39.65,34.27,26.08,4098.0,HOLD,4.42,5,2023-10-05,2025-11-12
2025-12-02,8031.T,0,2,0,42.11,29.65,28.23,4119.0,HOLD,4.59,5,2023-10-05,2025-11-12
2025-12-03,8031.T,0,2,0,44.42,28.34,27.24,4101.0,HOLD,5.66,5,2023-10-05,2025-11-12
2025-12-04,8031.T,0,1,0,44.63,29.64,25.74,4281.0,HOLD,6.12,5,2023-10-05,2025-11-12
2025-12-05,8031.T,0,2,0,38.73,35.77,25.5,4211.0,WIN,8.0,4,2023-10-05,2025-11-12
2025-12-08,8031.T,0,2,0,41.96,32.42,25.62,4279.0,HOLD,7.43,5,2023-10-05,2025-11-12
2025-12-09,8031.T,0,2,0,52.71,26.58,20.71,4308.0,HOLD,4.18,5,2023-10-05,2025-11-12
2025-12-10,8031.T,0,2,0,60.12,22.26,17.62,4333.0,HOLD,3.32,5,2023-10-05,2025-11-12
2025-12-11,8031.T,0,1,0,61.19,24.75,14.06,4543.0,TIMEOUT_LOSS,-1.58,5,2023-10-05,2025-11-12
2025-12-12,8031.T,0,0,1,65.42,23.15,11.43,4607.0,LOSS,-4.0,3,2023-10-05,2025-11-12
2025-12-15,8031.T,0,0,1,59.85,26.42,13.73,4597.0,LOSS,-4.0,2,2023-10-05,2025-11-12
2025-12-16,8031.T,0,1,0,60.51,24.81,14.69,4488.0,HOLD,2.45,5,2023-10-05,2025-11-12
2025-12-17,8031.T,0,2,0,65.35,20.32,14.33,4477.0,HOLD,1.41,5,2023-10-05,2025-11-12
2025-12-18,8031.T,0,2,0,46.65,25.56,27.78,4471.0,HOLD,2.1,5,2023-11-06,2025-12-12
2025-12-19,8031.T,0,1,0,45.13,28.8,26.07,4532.0,HOLD,3.49,5,2023-11-06,2025-12-12
2025-12-22,8031.T,0,1,0,45.59,28.71,25.7,4559.0,HOLD,1.84,5,2023-11-06,2025-12-12
2025-12-23,8031.T,0,2,0,51.24,21.02,27.74,4598.0,HOLD,3.37,5,2023-11-06,2025-12-12
2025-12-24,8031.T,0,2,0,49.81,18.64,31.55,4540.0,HOLD,6.83,5,2023-11-06,2025-12-12
2025-12-26,8031.T,2,2,1,39.95,19.44,40.6,4565.0,HOLD,5.02,5,2023-11-06,2025-12-12
2025-12-29,8031.T,0,2,0,54.58,22.89,22.53,4690.0,HOLD,1.92,5,2023-11-06,2025-12-12
2025-12-30,8031.T,0,2,0,52.33,21.02,26.65,4643.0,HOLD,3.36,5,2023-11-06,2025-12-12
2026-01-05,8031.T,0,1,0,54.22,25.27,20.51,4753.0,HOLD,5.2,5,2023-11-06,2025-12-12
2026-01-06,8031.T,0,1,0,46.82,34.43,18.76,4850.0,HOLD,4.08,5,2023-11-06,2025-12-12
2026-01-07,8031.T,0,2,0,52.72,22.81,24.47,4794.0,WIN,8.0,5,2023-11-06,2025-12-12
2026-01-08,8031.T,0,2,0,55.57,20.53,23.9,4780.0,WIN,8.0,4,2023-11-06,2025-12-12
2026-01-09,8031.T,0,2,0,47.65,21.41,30.94,4799.0,WIN,8.0,3,2023-11-06,2025-12-12
2026-01-13,8031.T,0,2,0,48.16,30.51,21.33,5000.0,HOLD,1.8,5,2023-11-06,2025-12-12
2026-01-14,8031.T,0,1,0,43.99,35.68,20.33,5048.0,HOLD,1.68,5,2023-11-06,2025-12-12
2026-01-15,8031.T,0,1,0,55.17,28.51,16.32,5148.0,TIMEOUT_LOSS,-0.06,5,2023-11-06,2025-12-12
2026-01-16,8031.T,0,1,0,56.24,25.65,18.11,5156.0,TIMEOUT_LOSS,-3.61,5,2023-11-06,2025-12-12
2026-01-20,8031.T,0,1,0,64.67,19.0,16.34,5115.0,TIMEOUT_LOSS,-1.94,5,2023-11-06,2025-12-12
2026-01-21,8031.T,0,0,1,58.69,21.33,19.98,5090.0,TIMEOUT_LOSS,-1.96,5,2023-11-06,2025-12-12
2026-01-22,8031.T,0,0,1,57.24,26.34,16.42,5133.0,TIMEOUT_LOSS,-1.25,5,2023-11-06,2025-12-12
2026-01-23,8031.T,1,0,0,25.85,41.08,33.07,5145.0,LOSS,-4.0,2,2023-12-05,2026-01-16
2026-01-26,8031.T,2,2,1,22.99,29.58,47.43,4970.0,TIMEOUT_LOSS,-0.36,5,2023-12-05,2026-01-16
2026-01-27,8031.T,2,1,0,20.7,22.64,56.65,5016.0,HOLD,2.61,5,2023-12-05,2026-01-16
2026-01-28,8031.T,2,1,0,19.18,28.06,52.77,4990.0,HOLD,4.81,5,2023-12-05,2026-01-16
2026-01-29,8031.T,2,2,1,21.03,31.59,47.38,5069.0,HOLD,1.07,5,2023-12-05,2026-01-16
2026-01-30,8031.T,2,2,1,17.77,24.16,58.07,5035.0,HOLD,2.8,5,2023-12-05,2026-01-16
2026-02-02,8031.T,2,2,1,19.44,24.98,55.58,4952.0,WIN,8.0,5,2023-12-05,2026-01-16
2026-02-03,8031.T,2,1,0,15.61,37.01,47.38,5147.0,HOLD,6.76,5,2023-12-05,2026-01-16
2026-02-04,8031.T,2,2,1,22.63,31.37,46.0,5230.0,LOSS,-4.0,2,2023-12-05,2026-01-16
2026-02-05,8031.T,2,2,1,20.98,23.42,55.6,5123.0,WIN,8.0,4,2023-12-05,2026-01-16
2026-02-06,8031.T,2,2,1,20.56,22.14,57.3,5176.0,WIN,8.0,3,2023-12-05,2026-01-16
2026-02-09,8031.T,1,2,0,17.43,53.06,29.5,5364.0,WIN,8.0,2,2023-12-05,2026-01-16
2026-02-10,8031.T,1,1,1,19.51,55.22,25.28,5495.0,HOLD,1.78,5,2023-12-05,2026-01-16
2026-02-12,8031.T,1,0,0,22.64,57.25,20.11,5807.0,LOSS,-4.0,2,2023-12-05,2026-01-16
2026-02-13,8031.T,1,0,0,19.5,48.92,31.58,5691.0,LOSS,-4.0,1,2023-12-05,2026-01-16
2026-02-17,8031.T,2,1,0,26.51,34.25,39.24,5430.0,HOLD,4.97,5,2023-12-05,2026-01-16
2026-02-18,8031.T,2,2,1,29.04,26.58,44.38,5448.0,HOLD,4.77,5,2023-12-05,2026-01-16
2026-02-19,8031.T,2,2,1,21.26,37.03,41.71,5593.0,HOLD,4.99,5,2023-12-05,2026-01-16
2026-02-20,8031.T,2,2,1,22.6,27.37,50.03,5505.0,WIN,8.0,5,2023-12-05,2026-01-16
2026-02-24,8031.T,2,2,1,23.97,26.4,49.63,5555.0,WIN,8.0,4,2023-12-05,2026-01-16
2026-02-25,8031.T,1,2,0,26.63,41.11,32.26,5700.0,LOSS,-4.0,5,2024-01-09,2026-02-18
2026-02-26,8031.T,1,2,0,28.66,40.26,31.09,5708.0,LOSS,-4.0,4,2024-01-09,2026-02-18
2026-02-27,8031.T,0,0,1,45.24,31.73,23.02,5872.0,LOSS,-4.0,3,2024-01-09,2026-02-18
2026-03-02,8031.T,0,0,1,53.24,33.09,13.67,6040.0,LOSS,-4.0,2,2024-01-09,2026-02-18
2026-03-03,8031.T,0,1,0,39.82,26.22,33.96,5959.0,LOSS,-4.0,1,2024-01-09,2026-02-18
2026-03-04,8031.T,2,2,1,29.92,29.23,40.84,5564.0,WIN,8.0,1,2024-01-09,2026-02-18
2026-03-05,8031.T,2,1,0,23.87,36.11,40.02,5904.0,LOSS,-4.0,2,2024-01-09,2026-02-18
2026-03-06,8031.T,2,1,0,27.43,24.26,48.3,5931.0,LOSS,-4.0,1,2024-01-09,2026-02-18
2026-03-09,8031.T,2,1,0,20.1,26.75,53.16,5722.0,HOLD,4.4,5,2024-01-09,2026-02-18
2026-03-10,8031.T,2,1,0,18.93,34.44,46.63,5892.0,LOSS,-4.0,3,2024-01-09,2026-02-18
2026-03-11,8031.T,2,1,0,26.03,28.34,45.63,5968.0,LOSS,-4.0,1,2024-01-09,2026-02-18
2026-03-12,8031.T,2,2,1,21.52,25.58,52.9,5792.0,WIN,8.0,3,2024-01-09,2026-02-18
2026-03-13,8031.T,2,2,1,18.05,26.74,55.21,5828.0,WIN,8.0,2,2024-01-09,2026-02-18
2026-03-16,8031.T,2,2,1,21.63,31.59,46.78,5974.0,WIN,8.0,2,2024-01-09,2026-02-18
2026-03-17,8031.T,1,0,0,22.78,44.67,32.55,6205.0,LOSS,-4.0,3,2024-01-09,2026-02-18
2026-03-18,8031.T,1,0,0,38.27,41.49,20.24,6659.0,LOSS,-4.0,1,2024-01-09,2026-02-18
2026-03-19,8031.T,2,1,0,23.66,36.9,39.45,6250.0,LOSS,-4.0,1,2024-01-09,2026-02-18
2026-03-23,8031.T,2,2,1,34.46,29.4,36.14,5874.0,WIN,8.0,2,2024-01-09,2026-02-18
2026-03-24,8031.T,2,2,1,27.27,33.0,39.74,6147.0,TIMEOUT_LOSS,-3.06,5,2024-01-09,2026-02-18
2026-03-25,8031.T,2,1,0,24.5,27.65,47.86,6253.0,LOSS,-4.0,4,2024-01-09,2026-02-18
2026-03-26,8031.T,1,0,0,22.84,48.15,29.0,6390.0,LOSS,-4.0,3,2024-02-07,2026-03-19
2026-03-27,8031.T,1,0,0,25.69,49.83,24.48,6540.0,LOSS,-4.0,1,2024-02-07,2026-03-19
2026-03-30,8031.T,1,1,1,18.33,53.64,28.03,6289.0,LOSS,-4.0,1,2024-02-07,2026-03-19
2026-03-31,8031.T,1,2,0,19.68,41.45,38.87,5959.0,WIN,8.0,2,2024-02-07,2026-03-19
2026-04-01,8031.T,1,1,1,20.99,42.82,36.19,6325.0,HOLD,0.87,5,2024-02-07,2026-03-19
2026-04-02,8031.T,2,2,1,21.53,35.71,42.76,6212.0,HOLD,1.29,5,2024-02-07,2026-03-19
2026-04-06,8031.T,2,1,0,21.44,28.8,49.76,6364.0,TIMEOUT_LOSS,-2.06,5,2024-02-07,2026-03-19
2026-04-07,8031.T,2,1,0,21.56,30.27,48.17,6378.0,LOSS,-4.0,5,2024-02-07,2026-03-19
2026-04-08,8031.T,2,0,0,21.94,31.69,46.38,6361.0,LOSS,-4.0,5,2024-02-07,2026-03-19
2026-04-09,8031.T,2,0,0,17.89,34.28,47.83,6380.0,LOSS,-4.0,3,2024-02-07,2026-03-19
2026-04-10,8031.T,2,0,0,18.96,30.82,50.22,6292.0,LOSS,-4.0,3,2024-02-07,2026-03-19
2026-04-13,8031.T,2,0,0,20.64,34.23,45.13,6233.0,LOSS,-4.0,2,2024-02-07,2026-03-19
2026-04-14,8031.T,2,0,0,20.71,35.35,43.93,6136.0,LOSS,-4.0,2,2024-02-07,2026-03-19
2026-04-15,8031.T,1,1,1,17.97,43.09,38.94,5902.0,LOSS,-4.0,5,2024-02-07,2026-03-19
2026-04-16,8031.T,2,0,0,20.64,35.87,43.5,5967.0,LOSS,-4.0,4,2024-02-07,2026-03-19
2026-04-17,8031.T,1,0,0,22.45,40.56,37.0,5800.0,TIMEOUT_LOSS,-0.28,5,2024-02-07,2026-03-19
2026-04-20,8031.T,1,0,0,25.14,40.51,34.34,5836.0,LOSS,-4.0,2,2024-02-07,2026-03-19
2026-04-21,8031.T,2,1,0,28.65,35.23,36.12,5780.0,HOLD,0.69,5,2024-02-07,2026-03-19
2026-04-22,8031.T,2,1,0,25.5,32.02,42.48,5614.0,HOLD,5.02,5,2024-02-07,2026-03-19
2026-04-23,8031.T,1,2,0,30.16,35.18,34.66,5719.0,HOLD,0.8,5,2024-02-07,2026-03-19
2026-04-24,8031.T,0,2,0,59.15,21.73,19.12,5784.0,LOSS,-4.0,5,2024-03-11,2026-04-20
2026-04-27,8031.T,0,1,0,52.27,27.62,20.12,5690.0,LOSS,-4.0,5,2024-03-11,2026-04-20
2026-04-28,8031.T,0,0,1,53.73,21.88,24.39,5820.0,LOSS,-4.0,3,2024-03-11,2026-04-20
2026-04-30,8031.T,0,0,1,51.35,22.13,26.52,5896.0,LOSS,-4.0,1,2024-03-11,2026-04-20
2026-05-01,8031.T,0,0,1,54.76,20.56,24.69,5765.0,LOSS,-4.0,1,2024-03-11,2026-04-20
2026-05-07,8031.T,0,2,0,48.7,28.03,23.27,5578.0,WIN,8.0,4,2024-03-11,2026-04-20
2026-05-08,8031.T,0,2,0,49.37,24.89,25.74,5560.0,WIN,8.0,3,2024-03-11,2026-04-20
2026-05-11,8031.T,0,2,0,46.9,28.56,24.54,5649.0,WIN,8.0,2,2024-03-11,2026-04-20
2026-05-12,8031.T,0,2,0,56.25,23.93,19.82,5868.0,HOLD,0.12,5,2024-03-11,2026-04-20
2026-05-13,8031.T,0,0,1,52.89,23.97,23.14,6132.0,LOSS,-4.0,3,2024-03-11,2026-04-20
2026-05-14,8031.T,0,0,1,51.83,28.05,20.12,6131.0,LOSS,-4.0,2,2024-03-11,2026-04-20
2026-05-15,8031.T,0,0,1,52.43,26.82,20.75,6106.0,LOSS,-4.0,2,2024-03-11,2026-04-20
2026-05-18,8031.T,0,0,1,49.41,29.39,21.2,5883.0,LOSS,-4.0,4,2024-03-11,2026-04-20
2026-05-19,8031.T,0,0,1,50.67,29.09,20.24,5875.0,LOSS,-4.0,3,2024-03-11,2026-04-20
2026-05-20,8031.T,0,0,1,48.19,27.02,24.8,5804.0,LOSS,-4.0,2,2024-03-11,2026-04-20
2026-05-21,8031.T,0,0,1,49.88,30.78,19.34,5662.0,LOSS,-4.0,2,2024-03-11,2026-04-20
2026-05-22,8031.T,0,0,1,50.89,29.19,19.92,5580.0,LOSS,-4.0,1,2024-03-11,2026-04-20
2026-05-26,8031.T,0,0,1,52.36,26.65,20.99,5381.0,LOSS,-4.0,4,2024-03-11,2026-04-20
2026-05-27,8031.T,0,0,1,48.91,27.55,23.54,5359.0,LOSS,-4.0,3,2024-03-11,2026-04-20
2026-05-28,8031.T,0,0,1,50.36,24.83,24.81,5327.0,LOSS,-4.0,2,2024-03-11,2026-04-20
2026-05-29,8031.T,2,0,0,30.28,10.67,59.05,5290.0,LOSS,-4.0,1,2024-04-10,2026-05-22
2026-06-01,8031.T,2,1,0,30.94,14.94,54.12,5033.0,TIMEOUT_LOSS,-2.01,5,2024-04-10,2026-05-22
2026-06-02,8031.T,2,1,0,28.54,16.27,55.19,5066.0,TIMEOUT_LOSS,-2.66,5,2024-04-10,2026-05-22
2026-06-03,8031.T,2,0,0,31.64,15.6,52.76,5059.0,LOSS,-4.0,5,2024-04-10,2026-05-22
2026-06-04,8031.T,2,0,0,31.38,16.09,52.53,5041.0,LOSS,-4.0,4,2024-04-10,2026-05-22
2026-06-05,8031.T,2,0,0,38.47,15.74,45.8,5039.0,LOSS,-4.0,3,2024-04-10,2026-05-22
2026-06-08,8031.T,0,0,1,47.01,15.28,37.71,4932.0,TIMEOUT_LOSS,-1.91,5,2024-04-10,2026-05-22
2026-06-09,8031.T,2,1,0,41.64,16.43,41.93,4931.0,LOSS,-4.0,5,2024-04-10,2026-05-22
2026-06-10,8031.T,0,1,0,43.72,15.68,40.59,4849.0,TIMEOUT_LOSS,-2.68,5,2024-04-10,2026-05-22
2026-06-11,8031.T,0,0,1,44.27,14.79,40.94,4857.0,TIMEOUT_LOSS,-2.84,5,2024-04-10,2026-05-22
2026-06-12,8031.T,2,0,0,37.07,14.49,48.44,4886.0,LOSS,-4.0,2,2024-04-10,2026-05-22
2026-06-15,8031.T,2,0,0,33.12,15.1,51.78,4838.0,LOSS,-4.0,4,2024-04-10,2026-05-22
2026-06-16,8031.T,2,1,0,26.78,12.88,60.34,4703.0,TIMEOUT_LOSS,-2.28,5,2024-04-10,2026-05-22
2026-06-17,8031.T,2,1,0,27.62,16.09,56.29,4719.0,LOSS,-4.0,5,2024-04-10,2026-05-22
2026-06-18,8031.T,2,0,0,27.6,15.65,56.75,4719.0,LOSS,-4.0,4,2024-04-10,2026-05-22
2026-06-22,8031.T,2,0,0,15.03,21.48,63.49,4739.0,LOSS,-4.0,3,2024-04-10,2026-05-22
2026-06-23,8031.T,2,0,0,29.74,17.74,52.52,4672.0,LOSS,-4.0,2,2024-04-10,2026-05-22
2026-06-24,8031.T,2,0,0,31.55,18.41,50.04,4596.0,LOSS,-4.0,5,2024-04-10,2026-05-22
2026-06-25,8031.T,2,1,0,25.58,20.71,53.71,4446.0,HOLD,2.36,5,2024-04-10,2026-05-22
2026-06-26,8031.T,2,0,0,30.55,17.48,51.97,4508.0,HOLD,3.53,5,2024-04-10,2026-05-22
2026-06-29,8031.T,0,1,0,62.77,23.59,13.64,4513.0,HOLD,3.63,5,2024-05-13,2026-06-23
2026-06-30,8031.T,0,2,0,66.65,21.45,11.9,4497.0,HOLD,3.56,5,2024-05-13,2026-06-23
2026-07-01,8031.T,0,2,0,61.0,25.53,13.48,4440.0,WIN,8.0,4,2024-05-13,2026-06-23
2026-07-02,8031.T,0,2,0,67.16,19.53,13.31,4551.0,HOLD,0.11,5,2024-05-13,2026-06-23
2026-07-06,8031.T,0,1,0,66.79,17.8,15.41,4667.0,TIMEOUT_LOSS,-1.86,5,2024-05-13,2026-06-23
2026-07-07,8031.T,0,0,1,61.2,23.94,14.86,4677.0,HOLD,0.45,5,2024-05-13,2026-06-23
2026-07-08,8031.T,0,0,1,57.26,22.79,19.95,4657.0,HOLD,3.59,5,2024-05-13,2026-06-23
2026-07-09,8031.T,0,2,0,60.58,22.28,17.14,4614.0,HOLD,2.69,5,2024-05-13,2026-06-23
2026-07-10,8031.T,0,2,0,59.17,25.12,15.71,4556.0,HOLD,2.33,5,2024-05-13,2026-06-23
2026-07-13,8031.T,0,2,0,53.97,26.51,19.52,4580.0,HOLD,5.33,5,2024-05-13,2026-06-23
2026-07-14,8031.T,0,1,0,46.95,25.24,27.81,4698.0,HOLD,4.53,5,2024-05-13,2026-06-23
2026-07-15,8031.T,0,1,0,49.53,24.52,25.95,4824.0,LOSS,-4.0,2,2024-05-13,2026-06-23
2026-07-16,8031.T,0,2,0,52.47,24.47,23.06,4738.0,HOLD,4.81,5,2024-05-13,2026-06-23
2026-07-17,8031.T,0,2,0,43.93,31.72,24.36,4662.0,HOLD,6.71,5,2024-05-13,2026-06-23
2026-07-21,8031.T,0,2,0,48.1,27.05,24.86,4824.0,HOLD,1.37,5,2024-05-13,2026-06-23
2026-07-22,8031.T,0,1,0,47.26,29.87,22.86,4911.0,HOLD,0.14,5,2024-05-13,2026-06-23
2026-07-23,8031.T,0,0,1,47.53,28.24,24.23,4970.0,TIMEOUT_LOSS,-1.01,5,2024-05-13,2026-06-23
2026-07-24,8031.T,0,1,0,50.78,26.73,22.49,4966.0,TIMEOUT_LOSS,-0.58,5,2024-05-13,2026-06-23
2026-07-27,8031.T,0,1,0,49.91,28.1,21.99,4975.0,LOSS,-4.0,5,2024-05-13,2026-06-23
2026-07-28,8031.T,0,1,0,41.26,32.87,25.87,4890.0,TIMEOUT_LOSS,-1.53,5,2024-05-13,2026-06-23
2026-07-29,8031.T,2,1,0,33.24,29.13,37.63,4918.0,LOSS,-4.0,4,2024-06-11,2026-07-23
2026-07-30,8031.T,2,0,0,33.66,26.51,39.83,4920.0,LOSS,-4.0,3,2024-06-11,2026-07-23
2026-07-31,8031.T,2,0,0,31.74,29.63,38.63,4937.0,LOSS,-4.0,2,2024-06-11,2026-07-23
2026-08-03,8031.T,2,0,0,32.35,26.17,41.48,4874.0,LOSS,-4.0,2,2024-06-11,2026-07-23
2026-08-04,8031.T,2,2,1,31.01,27.75,41.24,4815.0,HOLD,1.77,5,2024-06-11,2026-07-23
2026-08-05,8031.T,0,2,0,35.35,32.47,32.18,4700.0,HOLD,4.13,5,2024-06-11,2026-07-23
2026-08-06,8031.T,0,2,0,34.38,32.12,33.5,4763.0,HOLD,1.3,5,2024-06-11,2026-07-23
2026-08-07,8031.T,1,1,1,28.99,36.75,34.26,4933.0,TIMEOUT_LOSS,-2.78,5,2024-06-11,2026-07-23
2024-10-10,8058.T,0,0,1,42.23,40.44,17.33,2964.0,TIMEOUT_LOSS,-3.0,5,2022-08-31,2024-10-04
2024-10-11,8058.T,1,0,0,33.31,45.33,21.36,2961.5,LOSS,-4.0,5,2022-08-31,2024-10-04
2024-10-15,8058.T,1,0,0,25.26,44.03,30.71,2926.0,LOSS,-4.0,5,2022-08-31,2024-10-04
2024-10-16,8058.T,1,0,0,29.21,50.7,20.09,2895.0,TIMEOUT_LOSS,-3.11,5,2022-08-31,2024-10-04
2024-10-17,8058.T,0,0,1,41.78,41.3,16.92,2895.5,LOSS,-4.0,5,2022-08-31,2024-10-04
2024-10-18,8058.T,1,0,0,38.73,41.61,19.65,2875.0,LOSS,-4.0,4,2022-08-31,2024-10-04
2024-10-21,8058.T,1,0,0,35.99,40.99,23.02,2840.0,TIMEOUT_LOSS,-1.23,5,2022-08-31,2024-10-04
2024-10-22,8058.T,0,0,1,38.5,38.41,23.09,2816.5,HOLD,0.51,5,2022-08-31,2024-10-04
2024-10-23,8058.T,0,1,0,38.25,37.64,24.11,2805.0,HOLD,1.52,5,2022-08-31,2024-10-04
2024-10-24,8058.T,1,2,0,34.83,36.5,28.67,2787.5,HOLD,1.72,5,2022-08-31,2024-10-04
2024-10-25,8058.T,0,2,0,36.71,30.92,32.37,2765.5,TIMEOUT_LOSS,-0.69,5,2022-08-31,2024-10-04
2024-10-28,8058.T,0,1,0,36.75,29.46,33.79,2805.0,LOSS,-4.0,5,2022-08-31,2024-10-04
2024-10-29,8058.T,0,0,1,40.48,31.42,28.1,2831.0,LOSS,-4.0,4,2022-08-31,2024-10-04
2024-10-30,8058.T,2,0,0,33.1,32.38,34.52,2847.5,LOSS,-4.0,3,2022-08-31,2024-10-04
2024-10-31,8058.T,2,0,0,30.8,31.88,37.32,2835.5,LOSS,-4.0,2,2022-08-31,2024-10-04
2024-11-01,8058.T,1,1,1,29.13,37.28,33.59,2746.5,TIMEOUT_LOSS,-0.91,5,2022-08-31,2024-10-04
2024-11-05,8058.T,2,1,0,27.35,29.34,43.31,2715.0,TIMEOUT_LOSS,-0.53,5,2022-08-31,2024-10-04
2024-11-06,8058.T,2,0,0,26.76,32.26,40.99,2783.5,LOSS,-4.0,5,2022-08-31,2024-10-04
2024-11-07,8058.T,2,0,0,27.8,30.24,41.96,2768.0,TIMEOUT_LOSS,-2.46,5,2022-08-31,2024-10-04
2024-11-08,8058.T,2,0,0,19.79,35.02,45.19,2732.5,TIMEOUT_LOSS,-1.19,5,2022-08-31,2024-10-04
2024-11-11,8058.T,1,1,1,32.17,41.68,26.15,2721.5,TIMEOUT_LOSS,-2.11,5,2022-10-03,2024-11-05
2024-11-12,8058.T,1,1,1,34.68,35.96,29.36,2700.5,TIMEOUT_LOSS,-0.46,5,2022-10-03,2024-11-05
2024-11-13,8058.T,1,1,1,27.84,38.12,34.04,2667.5,TIMEOUT_LOSS,-0.22,5,2022-10-03,2024-11-05
2024-11-14,8058.T,1,1,1,32.06,38.85,29.09,2700.0,TIMEOUT_LOSS,-2.0,5,2022-10-03,2024-11-05
2024-11-15,8058.T,1,1,1,30.66,38.83,30.51,2700.0,TIMEOUT_LOSS,-1.98,5,2022-10-03,2024-11-05
2024-11-18,8058.T,1,1,1,22.47,43.47,34.05,2664.0,TIMEOUT_LOSS,-1.03,5,2022-10-03,2024-11-05
2024-11-19,8058.T,1,0,0,31.84,36.97,31.19,2688.0,LOSS,-4.0,5,2022-10-03,2024-11-05
2024-11-20,8058.T,2,1,0,25.78,32.53,41.69,2661.5,LOSS,-4.0,4,2022-10-03,2024-11-05
2024-11-21,8058.T,2,0,0,15.8,29.46,54.74,2646.0,LOSS,-4.0,3,2022-10-03,2024-11-05
2024-11-22,8058.T,2,0,0,16.27,29.88,53.85,2646.5,LOSS,-4.0,2,2022-10-03,2024-11-05
2024-11-25,8058.T,2,0,0,15.76,30.08,54.16,2636.5,LOSS,-4.0,1,2022-10-03,2024-11-05
2024-11-26,8058.T,2,1,0,9.83,29.82,60.35,2566.0,HOLD,1.29,5,2022-10-03,2024-11-05
2024-11-27,8058.T,2,2,1,7.56,30.65,61.78,2529.0,HOLD,1.3,5,2022-10-03,2024-11-05
2024-11-29,8058.T,2,2,1,8.26,33.21,58.53,2525.5,HOLD,1.23,5,2022-10-03,2024-11-05
2024-12-02,8058.T,2,1,0,13.72,30.41,55.87,2565.0,TIMEOUT_LOSS,-0.19,5,2022-10-03,2024-11-05
2024-12-03,8058.T,2,0,0,14.36,29.37,56.27,2628.0,TIMEOUT_LOSS,-1.35,5,2022-10-03,2024-11-05
2024-12-04,8058.T,2,0,0,19.4,30.26,50.34,2599.0,TIMEOUT_LOSS,-0.73,5,2022-10-03,2024-11-05
2024-12-05,8058.T,2,1,0,13.31,32.78,53.9,2562.0,HOLD,0.45,5,2022-10-03,2024-11-05
2024-12-06,8058.T,2,1,0,17.59,30.11,52.3,2556.5,TIMEOUT_LOSS,-0.2,5,2022-10-03,2024-11-05
2024-12-09,8058.T,2,1,0,16.02,29.89,54.1,2560.0,TIMEOUT_LOSS,-1.07,5,2022-10-03,2024-11-05
2024-12-10,8058.T,0,0,1,50.15,28.43,21.42,2592.5,TIMEOUT_LOSS,-3.14,5,2022-11-01,2024-12-04
2024-12-11,8058.T,0,0,1,54.28,27.99,17.73,2580.0,TIMEOUT_LOSS,-2.91,5,2022-11-01,2024-12-04
2024-12-12,8058.T,0,0,1,53.78,29.26,16.96,2573.5,TIMEOUT_LOSS,-2.86,5,2022-11-01,2024-12-04
2024-12-13,8058.T,0,0,1,47.6,32.49,19.91,2551.5,TIMEOUT_LOSS,-2.16,5,2022-11-01,2024-12-04
2024-12-16,8058.T,0,1,0,41.81,38.98,19.21,2532.5,TIMEOUT_LOSS,-0.81,5,2022-11-01,2024-12-04
2024-12-17,8058.T,0,1,0,40.77,35.78,23.45,2511.0,TIMEOUT_LOSS,-0.02,5,2022-11-01,2024-12-04
2024-12-18,8058.T,1,1,1,37.18,37.84,24.98,2505.0,HOLD,2.2,5,2022-11-01,2024-12-04
2024-12-19,8058.T,1,1,1,34.8,37.13,28.07,2500.0,HOLD,4.42,5,2022-11-01,2024-12-04
2024-12-20,8058.T,0,2,0,41.59,27.26,31.15,2496.5,HOLD,4.31,5,2022-11-01,2024-12-04
2024-12-23,8058.T,0,2,0,43.03,29.73,27.23,2512.0,HOLD,3.09,5,2022-11-01,2024-12-04
2024-12-24,8058.T,0,2,0,46.19,27.24,26.57,2510.5,HOLD,2.51,5,2022-11-01,2024-12-04
2024-12-26,8058.T,0,1,0,47.38,25.4,27.22,2560.0,TIMEOUT_LOSS,-0.86,5,2022-11-01,2024-12-04
2024-12-27,8058.T,0,1,0,46.06,34.1,19.84,2610.5,LOSS,-4.0,5,2022-11-01,2024-12-04
2024-12-30,8058.T,0,0,1,54.09,27.32,18.59,2604.0,LOSS,-4.0,4,2022-11-01,2024-12-04
2025-01-06,8058.T,0,0,1,53.54,27.42,19.04,2589.5,LOSS,-4.0,3,2022-11-01,2024-12-04
2025-01-07,8058.T,0,0,1,47.91,32.77,19.32,2573.5,TIMEOUT_LOSS,-3.01,5,2022-11-01,2024-12-04
2025-01-08,8058.T,0,1,0,52.78,25.67,21.55,2538.0,TIMEOUT_LOSS,-1.93,5,2022-11-01,2024-12-04
2025-01-09,8058.T,0,1,0,41.45,34.69,23.86,2483.0,TIMEOUT_LOSS,-1.15,5,2022-11-01,2024-12-04
2025-01-10,8058.T,0,1,0,38.49,37.61,23.91,2478.5,TIMEOUT_LOSS,-0.69,5,2022-11-01,2024-12-04
2025-01-14,8058.T,0,0,1,50.63,27.8,21.58,2508.0,TIMEOUT_LOSS,-2.23,5,2022-11-01,2024-12-04
2025-01-15,8058.T,0,1,0,39.14,34.14,26.72,2496.0,TIMEOUT_LOSS,-1.58,5,2022-12-02,2025-01-08
2025-01-16,8058.T,0,1,0,39.13,33.93,26.94,2489.0,TIMEOUT_LOSS,-0.8,5,2022-12-02,2025-01-08
2025-01-17,8058.T,1,1,1,22.29,48.36,29.35,2454.5,HOLD,1.28,5,2022-12-02,2025-01-08
2025-01-21,8058.T,0,1,0,39.22,33.26,27.52,2461.5,HOLD,0.69,5,2022-12-02,2025-01-08
2025-01-22,8058.T,1,1,1,29.21,43.52,27.27,2452.0,HOLD,0.92,5,2022-12-02,2025-01-08
2025-01-23,8058.T,1,1,1,29.36,41.51,29.12,2456.5,HOLD,1.47,5,2022-12-02,2025-01-08
2025-01-24,8058.T,1,1,1,35.92,37.14,26.94,2469.0,HOLD,0.83,5,2022-12-02,2025-01-08
2025-01-27,8058.T,0,1,0,45.69,30.39,23.93,2486.0,TIMEOUT_LOSS,-1.23,5,2022-12-02,2025-01-08
2025-01-28,8058.T,0,1,0,41.66,35.76,22.58,2478.5,HOLD,0.32,5,2022-12-02,2025-01-08
2025-01-29,8058.T,0,1,0,46.89,28.31,24.81,2474.5,HOLD,0.91,5,2022-12-02,2025-01-08
2025-01-30,8058.T,0,1,0,46.1,29.67,24.24,2492.5,HOLD,1.1,5,2022-12-02,2025-01-08
2025-01-31,8058.T,0,1,0,43.89,29.71,26.4,2489.5,HOLD,1.29,5,2022-12-02,2025-01-08
2025-02-03,8058.T,1,2,0,34.29,38.68,27.03,2455.5,HOLD,0.1,5,2022-12-02,2025-01-08
2025-02-04,8058.T,0,1,0,39.4,33.06,27.54,2486.5,TIMEOUT_LOSS,-1.27,5,2022-12-02,2025-01-08
2025-02-05,8058.T,0,0,1,40.35,31.37,28.27,2497.0,TIMEOUT_LOSS,-0.28,5,2022-12-02,2025-01-08
2025-02-06,8058.T,0,0,1,34.96,31.5,33.54,2520.0,TIMEOUT_LOSS,-2.3,5,2022-12-02,2025-01-08
2025-02-07,8058.T,0,1,0,37.95,30.53,31.52,2521.5,LOSS,-4.0,5,2022-12-02,2025-01-08
2025-02-10,8058.T,0,1,0,36.59,35.09,28.32,2458.0,TIMEOUT_LOSS,-3.34,5,2022-12-02,2025-01-08
2025-02-12,8058.T,0,1,0,41.39,30.42,28.2,2455.0,LOSS,-4.0,5,2022-12-02,2025-01-08
2025-02-13,8058.T,0,0,1,41.15,30.71,28.15,2490.0,LOSS,-4.0,3,2022-12-02,2025-01-08
2025-02-14,8058.T,1,0,0,36.13,49.37,14.5,2462.0,LOSS,-4.0,3,2023-01-04,2025-02-07
2025-02-18,8058.T,1,0,0,28.24,55.4,16.35,2420.0,HOLD,4.19,5,2023-01-04,2025-02-07
2025-02-19,8058.T,1,2,0,22.61,55.19,22.2,2376.0,WIN,8.0,3,2023-01-04,2025-02-07
2025-02-20,8058.T,1,2,0,19.98,58.47,21.55,2369.0,WIN,8.0,2,2023-01-04,2025-02-07
2025-02-21,8058.T,1,2,0,20.22,62.62,17.16,2380.5,WIN,8.0,1,2023-01-04,2025-02-07
2025-02-25,8058.T,0,0,1,40.75,35.87,23.38,2589.0,TIMEOUT_LOSS,-2.34,5,2023-01-04,2025-02-07
2025-02-26,8058.T,1,2,0,35.21,45.18,19.62,2521.5,HOLD,1.23,5,2023-01-04,2025-02-07
2025-02-27,8058.T,0,1,0,44.4,37.93,17.67,2548.0,HOLD,0.61,5,2023-01-04,2025-02-07
2025-02-28,8058.T,1,2,0,30.19,42.82,26.99,2496.5,HOLD,2.26,5,2023-01-04,2025-02-07
2025-03-03,8058.T,0,1,0,38.38,37.27,24.35,2562.5,HOLD,0.7,5,2023-01-04,2025-02-07
2025-03-04,8058.T,1,1,1,34.47,42.67,22.86,2528.5,HOLD,2.21,5,2023-01-04,2025-02-07
2025-03-05,8058.T,1,1,1,36.9,39.83,23.27,2552.5,HOLD,1.18,5,2023-01-04,2025-02-07
2025-03-06,8058.T,0,1,0,46.85,35.64,17.51,2563.5,HOLD,0.64,5,2023-01-04,2025-02-07
2025-03-07,8058.T,1,1,1,33.59,38.95,27.46,2553.0,HOLD,1.08,5,2023-01-04,2025-02-07
2025-03-10,8058.T,0,1,0,42.4,32.56,25.04,2580.5,HOLD,2.54,5,2023-01-04,2025-02-07
2025-03-11,8058.T,1,1,1,33.92,37.96,28.12,2584.5,WIN,8.0,5,2023-01-04,2025-02-07
2025-03-12,8058.T,0,2,0,39.6,33.64,26.76,2582.5,WIN,8.0,4,2023-01-04,2025-02-07
2025-03-13,8058.T,0,2,0,44.27,32.51,23.22,2580.0,WIN,8.0,3,2023-01-04,2025-02-07
2025-03-14,8058.T,0,2,0,40.17,35.65,24.18,2580.5,WIN,8.0,2,2023-01-04,2025-02-07
2025-03-17,8058.T,0,2,0,43.6,30.95,25.45,2646.0,HOLD,4.59,5,2023-01-04,2025-02-07
2025-03-18,8058.T,0,1,0,37.28,28.34,34.38,2741.5,HOLD,1.6,5,2023-02-03,2025-03-12
2025-03-19,8058.T,2,0,0,35.69,28.49,35.82,2824.5,TIMEOUT_LOSS,-0.8,5,2023-02-03,2025-03-12
2025-03-21,8058.T,0,1,0,35.06,32.05,32.89,2787.0,TIMEOUT_LOSS,-1.87,5,2023-02-03,2025-03-12
2025-03-24,8058.T,0,2,0,37.57,34.51,27.92,2760.0,LOSS,-4.0,5,2023-02-03,2025-03-12
2025-03-25,8058.T,0,1,0,39.59,31.81,28.59,2767.5,LOSS,-4.0,4,2023-02-03,2025-03-12
2025-03-26,8058.T,0,0,1,37.24,30.65,32.11,2785.5,LOSS,-4.0,3,2023-02-03,2025-03-12
2025-03-27,8058.T,2,0,0,29.08,32.79,38.14,2802.0,LOSS,-4.0,2,2023-02-03,2025-03-12
2025-03-28,8058.T,1,0,0,22.36,42.15,35.48,2735.0,LOSS,-4.0,1,2023-02-03,2025-03-12
2025-03-31,8058.T,2,1,0,9.84,44.42,45.74,2626.5,LOSS,-4.0,3,2023-02-03,2025-03-12
2025-04-01,8058.T,1,0,0,11.63,46.07,42.3,2652.5,LOSS,-4.0,2,2023-02-03,2025-03-12
2025-04-02,8058.T,1,0,0,13.33,49.33,37.34,2615.0,LOSS,-4.0,1,2023-02-03,2025-03-12
2025-04-03,8058.T,2,0,0,15.22,29.38,55.4,2660.0,LOSS,-4.0,1,2023-02-03,2025-03-12
2025-04-04,8058.T,2,0,0,8.79,36.14,55.07,2542.5,LOSS,-4.0,1,2023-02-03,2025-03-12
2025-04-07,8058.T,2,2,1,4.37,27.54,68.1,2334.0,WIN,8.0,1,2023-02-03,2025-03-12
2025-04-08,8058.T,2,1,0,12.11,32.33,55.56,2466.0,LOSS,-4.0,1,2023-02-03,2025-03-12
2025-04-09,8058.T,2,2,1,9.94,30.42,59.64,2404.5,WIN,8.0,1,2023-02-03,2025-03-12
2025-04-10,8058.T,2,0,0,19.21,30.89,49.9,2566.0,LOSS,-4.0,1,2023-02-03,2025-03-12
2025-04-11,8058.T,2,1,0,11.42,35.79,52.79,2473.0,TIMEOUT_LOSS,-1.58,5,2023-02-03,2025-03-12
2025-04-14,8058.T,2,1,0,16.85,36.5,46.65,2466.5,HOLD,2.51,5,2023-02-03,2025-03-12
2025-04-15,8058.T,2,0,0,18.39,36.52,45.09,2476.5,HOLD,6.04,5,2023-02-03,2025-03-12
2025-04-16,8058.T,2,2,1,23.6,36.39,40.0,2451.5,WIN,8.0,5,2023-03-07,2025-04-10
2025-04-17,8058.T,1,2,0,25.54,37.79,36.67,2478.5,WIN,8.0,5,2023-03-07,2025-04-10
2025-04-21,8058.T,2,2,1,25.58,36.12,38.3,2434.0,WIN,8.0,3,2023-03-07,2025-04-10
2025-04-22,8058.T,1,2,0,26.91,37.42,35.67,2528.5,WIN,8.0,4,2023-03-07,2025-04-10
2025-04-23,8058.T,2,2,1,29.1,35.14,35.76,2626.0,HOLD,2.32,5,2023-03-07,2025-04-10
2025-04-24,8058.T,1,2,0,30.32,37.48,32.2,2666.5,TIMEOUT_LOSS,-0.98,5,2023-03-07,2025-04-10
2025-04-25,8058.T,1,1,1,30.56,40.24,29.19,2678.0,HOLD,2.2,5,2023-03-07,2025-04-10
2025-04-28,8058.T,1,0,0,24.31,48.08,27.61,2709.5,HOLD,0.11,5,2023-03-07,2025-04-10
2025-04-30,8058.T,1,1,1,29.98,44.96,25.06,2712.0,HOLD,1.77,5,2023-03-07,2025-04-10
2025-05-01,8058.T,1,1,1,32.85,45.44,21.71,2687.0,HOLD,4.04,5,2023-03-07,2025-04-10
2025-05-02,8058.T,1,2,0,32.14,44.94,22.92,2640.5,WIN,8.0,5,2023-03-07,2025-04-10
2025-05-07,8058.T,0,2,0,40.69,33.57,25.73,2737.0,HOLD,4.11,5,2023-03-07,2025-04-10
2025-05-08,8058.T,0,2,0,43.45,38.4,18.15,2712.5,HOLD,5.49,5,2023-03-07,2025-04-10
2025-05-09,8058.T,0,2,0,42.97,36.72,20.31,2760.0,HOLD,4.35,5,2023-03-07,2025-04-10
2025-05-12,8058.T,0,2,0,47.56,35.04,17.4,2795.5,HOLD,3.74,5,2023-03-07,2025-04-10
2025-05-13,8058.T,0,1,0,40.74,37.32,21.94,2843.0,HOLD,1.99,5,2023-03-07,2025-04-10
2025-05-14,8058.T,0,2,0,45.93,36.39,17.69,2849.5,HOLD,3.0,5,2023-03-07,2025-04-10
2025-05-15,8058.T,0,1,0,50.42,32.55,17.03,2861.5,HOLD,1.83,5,2023-03-07,2025-04-10
2025-05-16,8058.T,0,2,0,54.4,26.32,19.28,2880.0,HOLD,1.63,5,2023-03-07,2025-04-10
2025-05-19,8058.T,0,1,0,47.45,26.07,26.49,2900.0,HOLD,1.36,5,2023-03-07,2025-04-10
2025-05-20,8058.T,0,1,0,38.27,28.51,33.22,2899.5,HOLD,0.47,5,2023-04-05,2025-05-14
2025-05-21,8058.T,0,1,0,37.1,27.08,35.82,2935.0,HOLD,0.0,5,2023-04-05,2025-05-14
2025-05-22,8058.T,0,1,0,38.53,32.52,28.96,2914.0,HOLD,0.72,5,2023-04-05,2025-05-14
2025-05-23,8058.T,0,1,0,42.82,28.37,28.81,2927.0,TIMEOUT_LOSS,-0.79,5,2023-04-05,2025-05-14
2025-05-27,8058.T,0,1,0,42.11,27.14,30.75,2939.5,TIMEOUT_LOSS,-2.52,5,2023-04-05,2025-05-14
2025-05-28,8058.T,2,1,0,33.7,28.87,37.43,2913.0,TIMEOUT_LOSS,-1.06,5,2023-04-05,2025-05-14
2025-05-29,8058.T,2,0,0,31.73,31.37,36.9,2935.0,TIMEOUT_LOSS,-2.52,5,2023-04-05,2025-05-14
2025-05-30,8058.T,0,0,1,37.15,28.86,33.98,2935.0,TIMEOUT_LOSS,-2.06,5,2023-04-05,2025-05-14
2025-06-02,8058.T,0,1,0,37.62,29.62,32.76,2904.0,TIMEOUT_LOSS,-2.07,5,2023-04-05,2025-05-14
2025-06-03,8058.T,0,1,0,36.43,29.87,33.71,2865.5,TIMEOUT_LOSS,-0.42,5,2023-04-05,2025-05-14
2025-06-04,8058.T,0,1,0,42.67,27.15,30.18,2882.0,TIMEOUT_LOSS,-0.17,5,2023-04-05,2025-05-14
2025-06-05,8058.T,0,1,0,38.24,31.96,29.8,2861.0,TIMEOUT_LOSS,-0.14,5,2023-04-05,2025-05-14
2025-06-06,8058.T,0,1,0,40.43,30.77,28.81,2874.5,TIMEOUT_LOSS,-1.01,5,2023-04-05,2025-05-14
2025-06-09,8058.T,0,1,0,40.83,32.47,26.7,2844.0,HOLD,1.58,5,2023-04-05,2025-05-14
2025-06-10,8058.T,0,1,0,50.37,30.1,19.52,2853.5,HOLD,0.12,5,2023-04-05,2025-05-14
2025-06-11,8058.T,0,1,0,52.91,28.66,18.43,2877.0,HOLD,0.05,5,2023-04-05,2025-05-14
2025-06-12,8058.T,0,1,0,52.04,31.41,16.55,2857.0,TIMEOUT_LOSS,-1.52,5,2023-04-05,2025-05-14
2025-06-13,8058.T,0,1,0,52.97,29.44,17.59,2845.5,TIMEOUT_LOSS,-1.32,5,2023-04-05,2025-05-14
2025-06-16,8058.T,0,0,1,53.78,27.98,18.24,2889.0,TIMEOUT_LOSS,-2.92,5,2023-04-05,2025-05-14
2025-06-17,8058.T,0,0,1,53.31,29.7,16.99,2857.0,TIMEOUT_LOSS,-3.01,5,2023-04-05,2025-05-14
2025-06-18,8058.T,1,0,0,41.22,47.54,11.24,2878.5,TIMEOUT_LOSS,-0.85,5,2023-05-09,2025-06-12
2025-06-20,8058.T,1,0,0,40.14,45.52,14.34,2813.5,HOLD,1.94,5,2023-05-09,2025-06-12
2025-06-23,8058.T,1,2,0,39.4,47.6,13.0,2808.0,HOLD,2.85,5,2023-05-09,2025-06-12
2025-06-24,8058.T,1,2,0,41.95,44.86,13.19,2804.5,HOLD,2.94,5,2023-05-09,2025-06-12
2025-06-25,8058.T,1,2,0,38.7,46.71,14.6,2771.0,HOLD,4.94,5,2023-05-09,2025-06-12
2025-06-26,8058.T,0,1,0,43.4,38.92,17.68,2854.0,HOLD,3.24,5,2023-05-09,2025-06-12
2025-06-27,8058.T,1,1,1,40.28,45.24,14.48,2868.0,HOLD,1.24,5,2023-05-09,2025-06-12
2025-06-30,8058.T,0,2,0,50.27,39.18,10.54,2888.0,HOLD,0.17,5,2023-05-09,2025-06-12
2025-07-01,8058.T,0,1,0,52.58,38.33,9.09,2887.0,TIMEOUT_LOSS,-0.47,5,2023-05-09,2025-06-12
2025-07-02,8058.T,0,1,0,52.77,38.83,8.4,2908.0,TIMEOUT_LOSS,-1.2,5,2023-05-09,2025-06-12
2025-07-03,8058.T,0,0,1,48.79,34.05,17.16,2946.5,TIMEOUT_LOSS,-1.75,5,2023-05-09,2025-06-12
2025-07-07,8058.T,0,1,0,46.44,40.91,12.64,2903.5,HOLD,0.12,5,2023-05-09,2025-06-12
2025-07-08,8058.T,0,1,0,43.7,43.42,12.88,2893.0,TIMEOUT_LOSS,-1.05,5,2023-05-09,2025-06-12
2025-07-09,8058.T,0,1,0,47.19,40.79,12.03,2873.5,TIMEOUT_LOSS,-0.47,5,2023-05-09,2025-06-12
2025-07-10,8058.T,0,1,0,44.79,42.32,12.9,2873.0,HOLD,0.45,5,2023-05-09,2025-06-12
2025-07-11,8058.T,0,1,0,46.46,41.67,11.87,2895.0,TIMEOUT_LOSS,-0.66,5,2023-05-09,2025-06-12
2025-07-14,8058.T,1,1,1,43.74,44.15,12.11,2907.0,HOLD,0.24,5,2023-05-09,2025-06-12
2025-07-15,8058.T,0,1,0,45.47,45.06,9.47,2862.5,HOLD,5.43,5,2023-05-09,2025-06-12
2025-07-16,8058.T,0,2,0,46.46,43.07,10.46,2860.0,HOLD,6.85,5,2023-05-09,2025-06-12
2025-07-17,8058.T,0,2,0,50.64,39.94,9.41,2886.0,HOLD,5.16,5,2023-05-09,2025-06-12
2025-07-18,8058.T,1,2,0,36.6,51.35,12.05,2876.0,HOLD,4.12,5,2023-06-07,2025-07-14
2025-07-22,8058.T,1,2,0,42.63,44.82,12.55,2914.0,HOLD,1.03,5,2023-06-07,2025-07-14
2025-07-23,8058.T,1,1,1,37.28,41.84,20.88,3018.0,TIMEOUT_LOSS,-1.72,5,2023-06-07,2025-07-14
2025-07-24,8058.T,1,0,0,33.14,41.29,25.57,3056.0,LOSS,-4.0,3,2023-06-07,2025-07-14
2025-07-25,8058.T,1,0,0,35.91,47.8,16.29,3035.0,TIMEOUT_LOSS,-0.23,5,2023-06-07,2025-07-14
2025-07-28,8058.T,1,1,1,37.49,46.74,15.77,2994.5,TIMEOUT_LOSS,-0.27,5,2023-06-07,2025-07-14
2025-07-29,8058.T,1,2,0,38.71,50.22,11.07,2944.0,HOLD,1.97,5,2023-06-07,2025-07-14
2025-07-30,8058.T,0,1,0,44.6,44.45,10.95,2966.0,HOLD,4.35,5,2023-06-07,2025-07-14
2025-07-31,8058.T,0,1,0,45.32,42.59,12.09,2988.0,HOLD,3.15,5,2023-06-07,2025-07-14
2025-08-01,8058.T,0,2,0,46.83,37.83,15.34,3028.0,HOLD,3.24,5,2023-06-07,2025-07-14
2025-08-04,8058.T,1,2,0,39.03,46.14,14.84,2986.5,HOLD,6.24,5,2023-06-07,2025-07-14
2025-08-05,8058.T,0,2,0,47.43,34.12,18.45,3002.0,HOLD,5.9,5,2023-06-07,2025-07-14
2025-08-06,8058.T,0,2,0,44.93,30.4,24.66,3095.0,HOLD,0.48,5,2023-06-07,2025-07-14
2025-08-07,8058.T,0,2,0,44.31,34.9,20.79,3082.0,HOLD,2.76,5,2023-06-07,2025-07-14
2025-08-08,8058.T,0,1,0,55.39,28.71,15.91,3126.0,HOLD,2.46,5,2023-06-07,2025-07-14
2025-08-12,8058.T,0,1,0,41.73,29.5,28.77,3173.0,HOLD,1.01,5,2023-06-07,2025-07-14
2025-08-13,8058.T,0,1,0,39.64,33.3,27.07,3179.0,HOLD,0.66,5,2023-06-07,2025-07-14
2025-08-14,8058.T,1,2,0,30.66,41.85,27.48,3110.0,HOLD,3.38,5,2023-06-07,2025-07-14
2025-08-15,8058.T,0,1,0,36.49,33.15,30.36,3167.0,HOLD,2.08,5,2023-06-07,2025-07-14
2025-08-18,8058.T,0,1,0,39.23,35.42,25.35,3203.0,HOLD,2.72,5,2023-06-07,2025-07-14
2025-08-19,8058.T,1,1,1,35.64,44.8,19.56,3205.0,HOLD,1.81,5,2023-07-07,2025-08-13
2025-08-20,8058.T,0,2,0,44.21,36.41,19.39,3200.0,HOLD,1.59,5,2023-07-07,2025-08-13
2025-08-21,8058.T,0,1,0,48.08,33.22,18.7,3215.0,HOLD,2.99,5,2023-07-07,2025-08-13
2025-08-22,8058.T,0,1,0,42.8,35.26,21.94,3233.0,HOLD,3.74,5,2023-07-07,2025-08-13
2025-08-25,8058.T,0,1,0,36.34,32.5,31.15,3290.0,HOLD,4.95,5,2023-07-07,2025-08-13
2025-08-26,8058.T,0,2,0,35.77,31.62,32.61,3263.0,HOLD,2.94,5,2023-07-07,2025-08-13
2025-08-27,8058.T,0,2,0,33.91,32.28,33.81,3251.0,HOLD,4.12,5,2023-07-07,2025-08-13
2025-08-28,8058.T,0,1,0,37.18,27.26,35.56,3311.0,HOLD,4.05,5,2023-07-07,2025-08-13
2025-08-29,8058.T,0,1,0,38.96,29.39,31.65,3354.0,HOLD,4.26,5,2023-07-07,2025-08-13
2025-09-02,8058.T,2,1,0,35.59,27.5,36.92,3453.0,HOLD,0.26,5,2023-07-07,2025-08-13
2025-09-03,8058.T,2,2,1,27.19,24.87,47.94,3359.0,HOLD,2.8,5,2023-07-07,2025-08-13
2025-09-04,8058.T,2,2,1,33.7,27.32,38.98,3385.0,HOLD,1.65,5,2023-07-07,2025-08-13
2025-09-05,8058.T,0,1,0,36.93,27.42,35.65,3445.0,TIMEOUT_LOSS,-0.12,5,2023-07-07,2025-08-13
2025-09-08,8058.T,0,0,1,42.37,31.7,25.92,3497.0,TIMEOUT_LOSS,-0.71,5,2023-07-07,2025-08-13
2025-09-09,8058.T,1,1,1,35.99,37.74,26.28,3462.0,TIMEOUT_LOSS,-0.06,5,2023-07-07,2025-08-13
2025-09-10,8058.T,0,1,0,42.53,32.83,24.64,3453.0,HOLD,1.51,5,2023-07-07,2025-08-13
2025-09-11,8058.T,1,1,1,31.78,40.21,28.02,3441.0,HOLD,3.78,5,2023-07-07,2025-08-13
2025-09-12,8058.T,1,2,0,29.6,43.56,26.84,3441.0,HOLD,4.62,5,2023-07-07,2025-08-13
2025-09-16,8058.T,1,2,0,36.0,44.53,19.47,3472.0,HOLD,1.79,5,2023-07-07,2025-08-13
2025-09-17,8058.T,1,2,0,36.58,43.18,20.24,3460.0,HOLD,2.98,5,2023-07-07,2025-08-13
2025-09-18,8058.T,1,1,1,20.32,56.64,23.04,3505.0,HOLD,3.08,5,2023-08-07,2025-09-11
2025-09-19,8058.T,1,1,1,27.62,44.56,27.83,3571.0,TIMEOUT_LOSS,-1.65,5,2023-08-07,2025-09-11
2025-09-22,8058.T,1,1,1,33.51,46.12,20.37,3600.0,TIMEOUT_LOSS,-1.92,5,2023-08-07,2025-09-11
2025-09-24,8058.T,1,1,1,25.04,42.25,32.72,3534.0,TIMEOUT_LOSS,-1.95,5,2023-08-07,2025-09-11
2025-09-25,8058.T,1,1,1,28.73,48.06,23.21,3563.0,TIMEOUT_LOSS,-2.64,5,2023-08-07,2025-09-11
2025-09-26,8058.T,1,0,0,30.11,44.25,25.64,3613.0,LOSS,-4.0,2,2023-08-07,2025-09-11
2025-09-29,8058.T,1,1,1,25.68,40.47,33.85,3512.0,HOLD,0.4,5,2023-08-07,2025-09-11
2025-09-30,8058.T,1,1,1,26.75,42.72,30.52,3531.0,HOLD,0.68,5,2023-08-07,2025-09-11
2025-10-01,8058.T,1,2,0,25.76,37.55,36.69,3465.0,HOLD,3.41,5,2023-08-07,2025-09-11
2025-10-02,8058.T,1,2,0,28.64,41.78,29.59,3469.0,HOLD,3.86,5,2023-08-07,2025-09-11
2025-10-03,8058.T,1,2,0,28.48,45.05,26.47,3492.0,HOLD,2.43,5,2023-08-07,2025-09-11
2025-10-06,8058.T,1,2,0,24.06,47.75,28.18,3526.0,TIMEOUT_LOSS,-0.23,5,2023-08-07,2025-09-11
2025-10-07,8058.T,1,1,1,23.15,51.44,25.4,3555.0,HOLD,1.21,5,2023-08-07,2025-09-11
2025-10-08,8058.T,1,0,0,26.27,48.09,25.64,3583.0,TIMEOUT_LOSS,-0.61,5,2023-08-07,2025-09-11
2025-10-09,8058.T,1,1,1,24.47,54.53,21.0,3603.0,TIMEOUT_LOSS,-0.94,5,2023-08-07,2025-09-11
2025-10-10,8058.T,1,1,1,23.03,49.62,27.35,3577.0,HOLD,1.71,5,2023-08-07,2025-09-11
2025-10-14,8058.T,2,1,0,29.96,34.36,35.68,3518.0,HOLD,3.13,5,2023-08-07,2025-09-11
2025-10-15,8058.T,1,1,1,31.78,38.51,29.71,3598.0,HOLD,2.08,5,2023-08-07,2025-09-11
2025-10-16,8058.T,1,2,0,29.04,45.7,25.26,3561.0,HOLD,3.82,5,2023-08-07,2025-09-11
2025-10-17,8058.T,1,2,0,32.55,39.79,27.65,3569.0,HOLD,3.17,5,2023-08-07,2025-09-11
2025-10-20,8058.T,1,2,0,28.11,50.81,21.09,3638.0,HOLD,3.68,5,2023-09-06,2025-10-14
2025-10-21,8058.T,1,1,1,26.1,51.89,22.01,3628.0,HOLD,1.41,5,2023-09-06,2025-10-14
2025-10-22,8058.T,1,2,0,30.01,48.93,21.06,3673.0,TIMEOUT_LOSS,-0.38,5,2023-09-06,2025-10-14
2025-10-23,8058.T,1,1,1,35.16,42.76,22.08,3697.0,TIMEOUT_LOSS,-0.43,5,2023-09-06,2025-10-14
2025-10-24,8058.T,1,1,1,29.8,48.66,21.54,3682.0,HOLD,0.81,5,2023-09-06,2025-10-14
2025-10-27,8058.T,1,0,0,23.62,50.77,25.61,3772.0,LOSS,-4.0,5,2023-09-06,2025-10-14
2025-10-28,8058.T,1,1,1,23.13,49.97,26.9,3679.0,LOSS,-4.0,5,2023-09-06,2025-10-14
2025-10-29,8058.T,1,0,0,20.24,47.74,32.02,3659.0,LOSS,-4.0,4,2023-09-06,2025-10-14
2025-10-30,8058.T,1,0,0,23.03,44.77,32.2,3681.0,LOSS,-4.0,3,2023-09-06,2025-10-14
2025-10-31,8058.T,1,0,0,22.94,51.39,25.67,3712.0,LOSS,-4.0,2,2023-09-06,2025-10-14
2025-11-04,8058.T,1,2,0,31.16,40.53,28.31,3568.0,HOLD,1.96,5,2023-09-06,2025-10-14
2025-11-05,8058.T,1,2,0,35.74,36.41,27.85,3572.0,HOLD,3.7,5,2023-09-06,2025-10-14
2025-11-06,8058.T,1,1,1,29.89,41.35,28.76,3639.0,HOLD,2.53,5,2023-09-06,2025-10-14
2025-11-07,8058.T,1,2,0,28.57,39.26,32.17,3637.0,HOLD,3.11,5,2023-09-06,2025-10-14
2025-11-10,8058.T,1,2,0,33.22,40.04,26.74,3672.0,HOLD,0.03,5,2023-09-06,2025-10-14
2025-11-11,8058.T,1,2,0,34.57,38.37,27.06,3638.0,TIMEOUT_LOSS,-1.15,5,2023-09-06,2025-10-14
2025-11-12,8058.T,1,1,1,34.19,38.48,27.33,3704.0,LOSS,-4.0,5,2023-09-06,2025-10-14
2025-11-13,8058.T,1,0,0,37.48,40.12,22.4,3731.0,LOSS,-4.0,4,2023-09-06,2025-10-14
2025-11-14,8058.T,0,0,1,39.66,36.31,24.03,3750.0,LOSS,-4.0,2,2023-09-06,2025-10-14
2025-11-17,8058.T,1,1,1,33.73,34.72,31.55,3673.0,TIMEOUT_LOSS,-0.95,5,2023-09-06,2025-10-14
2025-11-18,8058.T,0,2,0,37.2,26.78,36.02,3596.0,HOLD,2.45,5,2023-10-05,2025-11-12
2025-11-19,8058.T,0,1,0,42.44,28.28,29.28,3591.0,HOLD,3.09,5,2023-10-05,2025-11-12
2025-11-20,8058.T,0,2,0,42.29,24.94,32.77,3618.0,HOLD,1.33,5,2023-10-05,2025-11-12
2025-11-21,8058.T,0,1,0,37.65,27.96,34.39,3658.0,HOLD,0.55,5,2023-10-05,2025-11-12
2025-11-25,8058.T,0,1,0,43.87,24.29,31.84,3638.0,HOLD,0.88,5,2023-10-05,2025-11-12
2025-11-26,8058.T,0,1,0,42.7,26.91,30.39,3684.0,HOLD,4.18,5,2023-10-05,2025-11-12
2025-11-28,8058.T,0,1,0,38.83,27.59,33.58,3702.0,HOLD,1.13,5,2023-10-05,2025-11-12
2025-12-01,8058.T,0,2,0,38.74,27.93,33.33,3666.0,HOLD,4.17,5,2023-10-05,2025-11-12
2025-12-02,8058.T,0,2,0,40.28,31.41,28.31,3678.0,HOLD,3.59,5,2023-10-05,2025-11-12
2025-12-03,8058.T,0,2,0,48.02,25.9,26.08,3670.0,HOLD,1.96,5,2023-10-05,2025-11-12
2025-12-04,8058.T,0,1,0,41.5,28.41,30.09,3838.0,TIMEOUT_LOSS,-3.05,5,2023-10-05,2025-11-12
2025-12-05,8058.T,0,1,0,36.5,29.89,33.61,3744.0,HOLD,0.51,5,2023-10-05,2025-11-12
2025-12-08,8058.T,0,0,1,39.5,30.31,30.19,3819.0,TIMEOUT_LOSS,-1.02,5,2023-10-05,2025-11-12
2025-12-09,8058.T,0,1,0,39.16,30.19,30.65,3810.0,LOSS,-4.0,5,2023-10-05,2025-11-12
2025-12-10,8058.T,2,1,0,34.24,26.06,39.7,3742.0,LOSS,-4.0,5,2023-10-05,2025-11-12
2025-12-11,8058.T,2,0,0,32.75,25.93,41.32,3721.0,LOSS,-4.0,4,2023-10-05,2025-11-12
2025-12-12,8058.T,0,0,1,40.79,26.31,32.9,3763.0,LOSS,-4.0,3,2023-10-05,2025-11-12
2025-12-15,8058.T,0,0,1,40.3,35.99,23.71,3780.0,LOSS,-4.0,1,2023-10-05,2025-11-12
2025-12-16,8058.T,0,1,0,44.38,32.73,22.9,3617.0,TIMEOUT_LOSS,-1.35,5,2023-10-05,2025-11-12
2025-12-17,8058.T,0,1,0,47.27,31.55,21.18,3600.0,TIMEOUT_LOSS,-2.44,5,2023-10-05,2025-11-12
2025-12-18,8058.T,1,0,0,33.45,34.89,31.65,3628.0,TIMEOUT_LOSS,-2.73,5,2023-11-06,2025-12-12
2025-12-19,8058.T,0,0,1,38.24,33.12,28.65,3617.0,TIMEOUT_LOSS,-1.33,5,2023-11-06,2025-12-12
2025-12-22,8058.T,1,0,0,36.76,38.2,25.04,3605.0,TIMEOUT_LOSS,-0.53,5,2023-11-06,2025-12-12
2025-12-23,8058.T,0,1,0,41.88,36.97,21.15,3568.0,HOLD,2.38,5,2023-11-06,2025-12-12
2025-12-24,8058.T,1,2,0,34.71,42.47,22.82,3512.0,HOLD,7.83,5,2023-11-06,2025-12-12
2025-12-26,8058.T,0,2,0,39.71,39.0,21.29,3529.0,HOLD,6.83,5,2023-11-06,2025-12-12
2025-12-29,8058.T,0,2,0,42.71,33.58,23.72,3569.0,HOLD,4.76,5,2023-11-06,2025-12-12
2025-12-30,8058.T,1,2,0,36.88,37.75,25.38,3586.0,HOLD,5.47,5,2023-11-06,2025-12-12
2026-01-05,8058.T,0,2,0,37.65,35.88,26.48,3653.0,WIN,8.0,5,2023-11-06,2025-12-12
2026-01-06,8058.T,1,1,1,35.36,41.75,22.89,3787.0,HOLD,7.08,5,2023-11-06,2025-12-12
2026-01-07,8058.T,1,2,0,34.77,42.07,23.16,3770.0,WIN,8.0,5,2023-11-06,2025-12-12
2026-01-08,8058.T,1,2,0,32.56,39.34,28.1,3739.0,WIN,8.0,3,2023-11-06,2025-12-12
2026-01-09,8058.T,0,2,0,40.41,37.71,21.89,3782.0,WIN,8.0,3,2023-11-06,2025-12-12
2026-01-13,8058.T,0,2,0,37.2,34.42,28.38,3979.0,HOLD,1.68,5,2023-11-06,2025-12-12
2026-01-14,8058.T,0,1,0,39.54,37.96,22.49,4055.0,HOLD,0.67,5,2023-11-06,2025-12-12
2026-01-15,8058.T,0,0,1,39.88,35.58,24.54,4138.0,TIMEOUT_LOSS,-2.59,5,2023-11-06,2025-12-12
2026-01-16,8058.T,1,1,1,31.52,37.89,30.59,4055.0,TIMEOUT_LOSS,-3.58,5,2023-11-06,2025-12-12
2026-01-20,8058.T,1,1,1,33.02,34.23,32.75,4090.0,LOSS,-4.0,4,2023-11-06,2025-12-12
2026-01-21,8058.T,2,0,0,29.64,32.22,38.14,4046.0,HOLD,1.04,5,2023-11-06,2025-12-12
2026-01-22,8058.T,1,0,0,33.36,35.36,31.29,4082.0,LOSS,-4.0,2,2023-11-06,2025-12-12
2026-01-23,8058.T,1,1,1,24.32,41.16,34.52,4031.0,HOLD,1.64,5,2023-12-05,2026-01-16
2026-01-26,8058.T,2,2,1,22.11,32.23,45.66,3910.0,WIN,8.0,5,2023-12-05,2026-01-16
2026-01-27,8058.T,2,2,1,27.29,32.23,40.47,4008.0,HOLD,5.01,5,2023-12-05,2026-01-16
2026-01-28,8058.T,2,1,0,30.25,33.21,36.53,4088.0,HOLD,6.09,5,2023-12-05,2026-01-16
2026-01-29,8058.T,2,2,1,24.01,33.51,42.48,4057.0,WIN,8.0,5,2023-12-05,2026-01-16
2026-01-30,8058.T,2,2,1,33.6,28.85,37.54,4097.0,WIN,8.0,4,2023-12-05,2026-01-16
2026-02-02,8058.T,2,2,1,22.68,26.33,50.99,4081.0,WIN,8.0,3,2023-12-05,2026-01-16
2026-02-03,8058.T,2,2,1,30.92,33.04,36.04,4209.0,WIN,8.0,2,2023-12-05,2026-01-16
2026-02-04,8058.T,2,2,1,30.52,33.12,36.35,4337.0,WIN,8.0,2,2023-12-05,2026-01-16
2026-02-05,8058.T,2,2,1,27.26,35.23,37.51,4625.0,WIN,8.0,3,2023-12-05,2026-01-16
2026-02-06,8058.T,2,2,1,32.23,26.99,40.79,4723.0,WIN,8.0,2,2023-12-05,2026-01-16
2026-02-09,8058.T,1,2,0,27.51,38.02,34.47,4925.0,TIMEOUT_LOSS,-0.51,5,2023-12-05,2026-01-16
2026-02-10,8058.T,1,0,0,34.5,37.78,27.72,5137.0,LOSS,-4.0,3,2023-12-05,2026-01-16
2026-02-12,8058.T,0,0,1,38.72,36.6,24.68,5164.0,LOSS,-4.0,2,2023-12-05,2026-01-16
2026-02-13,8058.T,1,0,0,33.17,40.91,25.91,5058.0,HOLD,1.46,5,2023-12-05,2026-01-16
2026-02-17,8058.T,1,2,0,28.65,39.86,31.49,4890.0,HOLD,5.54,5,2023-12-05,2026-01-16
2026-02-18,8058.T,1,2,0,28.46,35.91,35.63,4900.0,HOLD,5.33,5,2023-12-05,2026-01-16
2026-02-19,8058.T,1,2,0,31.08,36.12,32.8,4977.0,HOLD,6.29,5,2023-12-05,2026-01-16
2026-02-20,8058.T,1,2,0,30.86,35.88,33.26,4991.0,HOLD,6.67,5,2023-12-05,2026-01-16
2026-02-24,8058.T,0,2,0,37.05,34.78,28.17,5132.0,WIN,8.0,5,2023-12-05,2026-01-16
2026-02-25,8058.T,0,2,0,57.76,16.99,25.25,5161.0,WIN,8.0,4,2024-01-09,2026-02-18
2026-02-26,8058.T,0,2,0,54.9,19.78,25.32,5161.0,WIN,8.0,3,2024-01-09,2026-02-18
2026-02-27,8058.T,0,0,1,59.19,12.06,28.74,5290.0,LOSS,-4.0,3,2024-01-09,2026-02-18
2026-03-02,8058.T,0,0,1,53.09,12.61,34.3,5324.0,LOSS,-4.0,2,2024-01-09,2026-02-18
2026-03-03,8058.T,2,0,0,41.21,14.12,44.67,5315.0,LOSS,-4.0,1,2024-01-09,2026-02-18
2026-03-04,8058.T,2,1,0,29.62,21.32,49.06,4953.0,LOSS,-4.0,3,2024-01-09,2026-02-18
2026-03-05,8058.T,2,1,0,25.34,19.14,55.52,5114.0,LOSS,-4.0,2,2024-01-09,2026-02-18
2026-03-06,8058.T,2,2,1,25.03,15.73,59.24,5073.0,LOSS,-4.0,1,2024-01-09,2026-02-18
2026-03-09,8058.T,2,2,1,21.97,23.23,54.8,4918.0,WIN,8.0,5,2024-01-09,2026-02-18
2026-03-10,8058.T,2,1,0,27.85,17.24,54.91,5177.0,HOLD,2.32,5,2024-01-09,2026-02-18
2026-03-11,8058.T,2,1,0,33.69,12.97,53.34,5220.0,LOSS,-4.0,2,2024-01-09,2026-02-18
2026-03-12,8058.T,2,2,1,24.9,16.05,59.05,5120.0,WIN,8.0,4,2024-01-09,2026-02-18
2026-03-13,8058.T,2,2,1,31.25,18.09,50.66,5211.0,WIN,8.0,3,2024-01-09,2026-02-18
2026-03-16,8058.T,2,2,1,28.76,16.29,54.95,5175.0,WIN,8.0,2,2024-01-09,2026-02-18
2026-03-17,8058.T,2,1,0,34.58,18.93,46.49,5297.0,WIN,8.0,1,2024-01-09,2026-02-18
2026-03-18,8058.T,2,0,0,39.37,14.25,46.38,5712.0,LOSS,-4.0,1,2024-01-09,2026-02-18
2026-03-19,8058.T,2,2,1,34.06,18.6,47.34,5397.0,LOSS,-4.0,1,2024-01-09,2026-02-18
2026-03-23,8058.T,2,2,1,31.87,24.5,43.63,5272.0,WIN,8.0,4,2024-01-09,2026-02-18
2026-03-24,8058.T,2,2,1,28.99,24.91,46.09,5426.0,TIMEOUT_LOSS,-2.01,5,2024-01-09,2026-02-18
2026-03-25,8058.T,2,2,1,33.31,17.33,49.35,5556.0,LOSS,-4.0,4,2024-01-09,2026-02-18
2026-03-26,8058.T,1,0,0,28.95,42.65,28.4,5655.0,LOSS,-4.0,3,2024-02-07,2026-03-19
2026-03-27,8058.T,0,0,1,42.36,16.42,41.22,5762.0,LOSS,-4.0,1,2024-02-07,2026-03-19
2026-03-30,8058.T,2,0,0,34.39,19.22,46.39,5669.0,LOSS,-4.0,1,2024-02-07,2026-03-19
2026-03-31,8058.T,2,2,1,14.04,22.67,63.29,5317.0,HOLD,2.24,5,2024-02-07,2026-03-19
2026-04-01,8058.T,2,1,0,18.13,34.33,47.54,5490.0,TIMEOUT_LOSS,-1.4,5,2024-02-07,2026-03-19
2026-04-02,8058.T,2,1,0,14.39,32.05,53.56,5397.0,TIMEOUT_LOSS,-1.67,5,2024-02-07,2026-03-19
2026-04-06,8058.T,2,1,0,18.99,20.75,60.26,5405.0,TIMEOUT_LOSS,-2.41,5,2024-02-07,2026-03-19
2026-04-07,8058.T,2,0,0,23.74,26.26,50.01,5425.0,LOSS,-4.0,5,2024-02-07,2026-03-19
2026-04-08,8058.T,2,0,0,24.25,20.29,55.46,5436.0,LOSS,-4.0,4,2024-02-07,2026-03-19
2026-04-09,8058.T,2,0,0,22.47,29.43,48.09,5413.0,LOSS,-4.0,3,2024-02-07,2026-03-19
2026-04-10,8058.T,2,0,0,17.93,23.06,59.01,5307.0,LOSS,-4.0,3,2024-02-07,2026-03-19
2026-04-13,8058.T,2,0,0,19.24,27.79,52.97,5275.0,LOSS,-4.0,2,2024-02-07,2026-03-19
2026-04-14,8058.T,2,0,0,20.09,25.42,54.49,5193.0,LOSS,-4.0,1,2024-02-07,2026-03-19
2026-04-15,8058.T,2,0,0,16.54,25.55,57.92,4989.0,LOSS,-4.0,5,2024-02-07,2026-03-19
2026-04-16,8058.T,2,0,0,24.51,24.88,50.61,5086.0,LOSS,-4.0,3,2024-02-07,2026-03-19
2026-04-17,8058.T,2,0,0,18.1,26.43,55.47,4952.0,LOSS,-4.0,3,2024-02-07,2026-03-19
2026-04-20,8058.T,2,0,0,22.85,26.44,50.71,4910.0,LOSS,-4.0,3,2024-02-07,2026-03-19
2026-04-21,8058.T,2,2,1,16.15,26.65,57.2,4844.0,HOLD,1.42,5,2024-02-07,2026-03-19
2026-04-22,8058.T,2,1,0,16.76,26.07,57.16,4746.0,HOLD,5.14,5,2024-02-07,2026-03-19
2026-04-23,8058.T,2,2,1,16.23,30.58,53.19,4792.0,WIN,8.0,5,2024-02-07,2026-03-19
2026-04-24,8058.T,0,1,0,57.2,15.62,27.18,4950.0,LOSS,-4.0,1,2024-03-11,2026-04-20
2026-04-27,8058.T,0,2,0,61.01,15.32,23.67,4810.0,WIN,8.0,3,2024-03-11,2026-04-20
2026-04-28,8058.T,0,2,0,54.84,15.77,29.39,4913.0,WIN,8.0,2,2024-03-11,2026-04-20
2026-04-30,8058.T,0,2,0,46.96,21.17,31.87,4990.0,WIN,8.0,1,2024-03-11,2026-04-20
2026-05-01,8058.T,0,1,0,46.75,20.29,32.96,5219.0,WIN,8.0,5,2024-03-11,2026-04-20
2026-05-07,8058.T,0,2,0,54.8,23.49,21.71,5398.0,LOSS,-4.0,1,2024-03-11,2026-04-20
2026-05-08,8058.T,0,2,0,53.57,20.28,26.14,5249.0,WIN,8.0,3,2024-03-11,2026-04-20
2026-05-11,8058.T,0,2,0,56.25,20.58,23.17,5252.0,WIN,8.0,2,2024-03-11,2026-04-20
2026-05-12,8058.T,0,2,0,58.37,15.8,25.83,5500.0,WIN,8.0,3,2024-03-11,2026-04-20
2026-05-13,8058.T,0,0,1,64.07,14.75,21.18,5864.0,LOSS,-4.0,3,2024-03-11,2026-04-20
2026-05-14,8058.T,0,0,1,52.81,20.1,27.09,5882.0,LOSS,-4.0,2,2024-03-11,2026-04-20
2026-05-15,8058.T,0,0,1,56.74,18.45,24.81,5849.0,LOSS,-4.0,1,2024-03-11,2026-04-20
2026-05-18,8058.T,0,0,1,45.24,25.29,29.47,5500.0,LOSS,-4.0,5,2024-03-11,2026-04-20
2026-05-19,8058.T,0,0,1,47.36,23.75,28.89,5519.0,LOSS,-4.0,3,2024-03-11,2026-04-20
2026-05-20,8058.T,0,0,1,43.45,26.88,29.67,5436.0,LOSS,-4.0,3,2024-03-11,2026-04-20
2026-05-21,8058.T,0,0,1,53.38,23.0,23.62,5411.0,LOSS,-4.0,2,2024-03-11,2026-04-20
2026-05-22,8058.T,0,0,1,60.98,17.83,21.19,5432.0,LOSS,-4.0,1,2024-03-11,2026-04-20
2026-05-26,8058.T,0,0,1,73.18,14.63,12.19,5186.0,LOSS,-4.0,3,2024-03-11,2026-04-20
2026-05-27,8058.T,0,0,1,70.14,15.88,13.98,5124.0,LOSS,-4.0,3,2024-03-11,2026-04-20
2026-05-28,8058.T,0,0,1,72.74,13.08,14.18,5038.0,TIMEOUT_LOSS,-2.82,5,2024-03-11,2026-04-20
2026-05-29,8058.T,0,0,1,58.28,10.44,31.28,5065.0,LOSS,-4.0,1,2024-04-10,2026-05-22
2026-06-01,8058.T,0,1,0,59.38,10.82,29.8,4921.0,TIMEOUT_LOSS,-1.79,5,2024-04-10,2026-05-22
2026-06-02,8058.T,0,1,0,46.61,12.54,40.85,4924.0,TIMEOUT_LOSS,-2.42,5,2024-04-10,2026-05-22
2026-06-03,8058.T,0,0,1,44.14,13.98,41.89,4979.0,LOSS,-4.0,3,2024-04-10,2026-05-22
2026-06-04,8058.T,2,0,0,34.75,15.36,49.89,4896.0,LOSS,-4.0,4,2024-04-10,2026-05-22
2026-06-05,8058.T,2,0,0,31.44,15.34,53.22,4859.0,LOSS,-4.0,3,2024-04-10,2026-05-22
2026-06-08,8058.T,2,0,0,34.38,24.19,41.43,4833.0,LOSS,-4.0,2,2024-04-10,2026-05-22
2026-06-09,8058.T,2,0,0,32.72,14.24,53.05,4805.0,LOSS,-4.0,1,2024-04-10,2026-05-22
2026-06-10,8058.T,2,2,1,31.79,25.49,42.72,4615.0,TIMEOUT_LOSS,-0.11,5,2024-04-10,2026-05-22
2026-06-11,8058.T,2,1,0,33.65,25.05,41.3,4605.0,TIMEOUT_LOSS,-0.76,5,2024-04-10,2026-05-22
2026-06-12,8058.T,2,0,0,26.68,17.85,55.47,4683.0,TIMEOUT_LOSS,-1.58,5,2024-04-10,2026-05-22
2026-06-15,8058.T,2,0,0,31.15,16.11,52.74,4728.0,LOSS,-4.0,4,2024-04-10,2026-05-22
2026-06-16,8058.T,2,1,0,32.95,15.97,51.08,4595.0,TIMEOUT_LOSS,-1.41,5,2024-04-10,2026-05-22
2026-06-17,8058.T,2,1,0,27.27,16.46,56.28,4610.0,LOSS,-4.0,5,2024-04-10,2026-05-22
2026-06-18,8058.T,2,1,0,31.34,13.3,55.36,4570.0,LOSS,-4.0,4,2024-04-10,2026-05-22
2026-06-22,8058.T,2,0,0,29.54,13.95,56.51,4609.0,LOSS,-4.0,3,2024-04-10,2026-05-22
2026-06-23,8058.T,2,0,0,23.07,14.06,62.86,4591.0,LOSS,-4.0,2,2024-04-10,2026-05-22
2026-06-24,8058.T,2,0,0,26.51,23.12,50.37,4530.0,LOSS,-4.0,4,2024-04-10,2026-05-22
2026-06-25,8058.T,2,1,0,22.26,20.53,57.21,4400.0,TIMEOUT_LOSS,-0.34,5,2024-04-10,2026-05-22
2026-06-26,8058.T,2,1,0,25.21,16.02,58.77,4403.0,HOLD,2.36,5,2024-04-10,2026-05-22
2026-06-29,8058.T,0,1,0,38.26,33.95,27.8,4414.0,HOLD,1.95,5,2024-05-13,2026-06-23
2026-06-30,8058.T,0,2,0,41.63,35.22,23.16,4347.0,HOLD,2.69,5,2024-05-13,2026-06-23
2026-07-01,8058.T,1,2,0,38.34,39.54,22.12,4344.0,HOLD,1.54,5,2024-05-13,2026-06-23
2026-07-02,8058.T,0,2,0,35.89,31.48,32.63,4385.0,HOLD,0.55,5,2024-05-13,2026-06-23
2026-07-06,8058.T,0,0,1,50.11,27.12,22.77,4507.0,TIMEOUT_LOSS,-1.49,5,2024-05-13,2026-06-23
2026-07-07,8058.T,0,0,1,48.38,21.86,29.76,4500.0,TIMEOUT_LOSS,-0.09,5,2024-05-13,2026-06-23
2026-07-08,8058.T,0,1,0,38.81,29.76,31.43,4464.0,HOLD,2.71,5,2024-05-13,2026-06-23
2026-07-09,8058.T,0,2,0,42.35,27.82,29.83,4411.0,HOLD,2.7,5,2024-05-13,2026-06-23
2026-07-10,8058.T,0,2,0,46.69,27.34,25.98,4409.0,HOLD,0.86,5,2024-05-13,2026-06-23
2026-07-13,8058.T,0,2,0,44.66,27.61,27.72,4440.0,HOLD,5.05,5,2024-05-13,2026-06-23
2026-07-14,8058.T,0,1,0,35.99,31.7,32.31,4496.0,WIN,8.0,5,2024-05-13,2026-06-23
2026-07-15,8058.T,0,2,0,38.71,27.79,33.5,4585.0,LOSS,-4.0,2,2024-05-13,2026-06-23
2026-07-16,8058.T,0,2,0,38.7,28.34,32.97,4530.0,WIN,8.0,3,2024-05-13,2026-06-23
2026-07-17,8058.T,2,2,1,34.35,29.26,36.39,4447.0,WIN,8.0,2,2024-05-13,2026-06-23
2026-07-21,8058.T,0,2,0,37.32,27.52,35.16,4664.0,HOLD,2.4,5,2024-05-13,2026-06-23
2026-07-22,8058.T,0,1,0,39.54,30.01,30.45,4888.0,TIMEOUT_LOSS,-1.41,5,2024-05-13,2026-06-23
2026-07-23,8058.T,0,0,1,38.35,24.76,36.89,4916.0,LOSS,-4.0,3,2024-05-13,2026-06-23
2026-07-24,8058.T,0,0,1,38.28,25.07,36.65,4918.0,LOSS,-4.0,2,2024-05-13,2026-06-23
2026-07-27,8058.T,2,1,0,35.04,27.73,37.23,4847.0,LOSS,-4.0,5,2024-05-13,2026-06-23
2026-07-28,8058.T,2,1,0,32.46,23.52,44.02,4776.0,LOSS,-4.0,4,2024-05-13,2026-06-23
2026-07-29,8058.T,2,1,0,31.59,20.1,48.32,4819.0,LOSS,-4.0,3,2024-06-11,2026-07-23
2026-07-30,8058.T,2,1,0,31.07,19.84,49.09,4777.0,LOSS,-4.0,2,2024-06-11,2026-07-23
2026-07-31,8058.T,2,0,0,37.18,22.83,39.99,4776.0,LOSS,-4.0,1,2024-06-11,2026-07-23
2026-08-03,8058.T,2,1,0,34.17,19.49,46.33,4787.0,HOLD,1.3,5,2024-06-11,2026-07-23
2026-08-04,8058.T,2,2,1,34.31,20.71,44.98,4738.0,HOLD,2.49,5,2024-06-11,2026-07-23
2026-08-05,8058.T,0,2,0,47.17,25.84,26.99,4641.0,HOLD,4.12,5,2024-06-11,2026-07-23
2026-08-06,8058.T,0,2,0,44.76,23.34,31.9,4748.0,HOLD,0.44,5,2024-06-11,2026-07-23
2026-08-07,8058.T,2,1,0,34.01,21.42,44.57,4868.0,TIMEOUT_LOSS,-3.27,5,2024-06-11,2026-07-23
2024-10-10,9509.T,2,1,0,40.28,19.18,40.54,1005.5,HOLD,1.74,5,2022-08-31,2024-10-04
2024-10-11,9509.T,2,2,1,22.75,22.23,55.03,1002.5,TIMEOUT_LOSS,-2.29,5,2022-08-31,2024-10-04
2024-10-15,9509.T,2,2,1,18.56,20.62,60.82,998.7,TIMEOUT_LOSS,-2.0,5,2022-08-31,2024-10-04
2024-10-16,9509.T,2,1,0,16.32,24.5,59.17,992.8,TIMEOUT_LOSS,-2.87,5,2022-08-31,2024-10-04
2024-10-17,9509.T,0,0,1,51.0,23.63,25.37,1053.0,LOSS,-4.0,2,2022-08-31,2024-10-04
2024-10-18,9509.T,0,0,1,40.17,24.07,35.76,1023.0,LOSS,-4.0,1,2022-08-31,2024-10-04
2024-10-21,9509.T,2,0,0,20.42,21.5,58.08,979.5,LOSS,-4.0,3,2022-08-31,2024-10-04
2024-10-22,9509.T,2,0,0,18.45,19.55,62.0,978.7,LOSS,-4.0,2,2022-08-31,2024-10-04
2024-10-23,9509.T,2,0,0,14.37,22.93,62.7,964.3,LOSS,-4.0,2,2022-08-31,2024-10-04
2024-10-24,9509.T,2,1,0,10.71,25.72,63.57,929.9,HOLD,6.34,5,2022-08-31,2024-10-04
2024-10-25,9509.T,2,2,1,12.95,27.16,59.88,919.1,WIN,8.0,3,2022-08-31,2024-10-04
2024-10-28,9509.T,2,2,1,13.85,15.71,70.44,931.8,HOLD,0.25,5,2022-08-31,2024-10-04
2024-10-29,9509.T,2,1,0,12.71,16.4,70.89,943.2,HOLD,0.18,5,2022-08-31,2024-10-04
2024-10-30,9509.T,2,0,0,33.44,18.7,47.86,997.1,LOSS,-4.0,2,2022-08-31,2024-10-04
2024-10-31,9509.T,2,0,0,24.28,17.85,57.87,988.9,LOSS,-4.0,1,2022-08-31,2024-10-04
2024-11-01,9509.T,2,2,1,16.79,22.78,60.43,936.2,HOLD,2.98,5,2022-08-31,2024-10-04
2024-11-05,9509.T,2,2,1,14.92,17.43,67.64,934.1,HOLD,3.83,5,2022-08-31,2024-10-04
2024-11-06,9509.T,2,2,1,16.44,18.76,64.8,944.9,TIMEOUT_LOSS,-0.3,5,2022-08-31,2024-10-04
2024-11-07,9509.T,2,1,0,17.86,19.05,63.09,964.9,LOSS,-4.0,5,2022-08-31,2024-10-04
2024-11-08,9509.T,2,0,0,14.5,24.06,61.44,961.6,LOSS,-4.0,4,2022-08-31,2024-10-04
2024-11-11,9509.T,2,0,0,37.2,25.24,37.56,964.1,LOSS,-4.0,3,2022-10-03,2024-11-05
2024-11-12,9509.T,0,0,1,45.78,21.74,32.49,969.9,LOSS,-4.0,2,2022-10-03,2024-11-05
2024-11-13,9509.T,2,0,0,34.38,24.97,40.65,942.1,LOSS,-4.0,1,2022-10-03,2024-11-05
2024-11-14,9509.T,2,2,1,16.03,37.22,46.75,854.8,TIMEOUT_LOSS,-0.61,5,2022-10-03,2024-11-05
2024-11-15,9509.T,2,0,0,21.68,24.95,53.37,879.4,LOSS,-4.0,4,2022-10-03,2024-11-05
2024-11-18,9509.T,2,0,0,18.83,24.36,56.81,892.7,LOSS,-4.0,3,2022-10-03,2024-11-05
2024-11-19,9509.T,2,0,0,20.57,23.26,56.17,881.7,LOSS,-4.0,2,2022-10-03,2024-11-05
2024-11-20,9509.T,2,0,0,17.9,23.65,58.45,862.0,LOSS,-4.0,4,2022-10-03,2024-11-05
2024-11-21,9509.T,2,0,0,20.94,21.94,57.11,849.6,LOSS,-4.0,4,2022-10-03,2024-11-05
2024-11-22,9509.T,2,0,0,18.15,23.02,58.83,841.2,HOLD,3.88,5,2022-10-03,2024-11-05
2024-11-25,9509.T,2,1,0,17.47,23.08,59.45,848.5,LOSS,-4.0,2,2022-10-03,2024-11-05
2024-11-26,9509.T,2,2,1,20.89,22.88,56.23,825.0,HOLD,2.41,5,2022-10-03,2024-11-05
2024-11-27,9509.T,2,2,1,20.86,20.66,58.48,828.0,TIMEOUT_LOSS,-0.52,5,2022-10-03,2024-11-05
2024-11-29,9509.T,2,1,0,27.9,24.65,47.46,851.5,TIMEOUT_LOSS,-2.88,5,2022-10-03,2024-11-05
2024-12-02,9509.T,2,0,0,31.59,23.44,44.97,873.8,LOSS,-4.0,3,2022-10-03,2024-11-05
2024-12-03,9509.T,2,0,0,29.21,28.94,41.85,864.6,LOSS,-4.0,2,2022-10-03,2024-11-05
2024-12-04,9509.T,2,0,0,29.66,24.69,45.65,844.9,LOSS,-4.0,5,2022-10-03,2024-11-05
2024-12-05,9509.T,2,1,0,24.29,26.63,49.08,823.7,TIMEOUT_LOSS,-1.66,5,2022-10-03,2024-11-05
2024-12-06,9509.T,2,0,0,20.94,25.18,53.88,827.0,TIMEOUT_LOSS,-2.42,5,2022-10-03,2024-11-05
2024-12-09,9509.T,2,1,0,18.76,26.21,55.02,820.4,LOSS,-4.0,5,2022-10-03,2024-11-05
2024-12-10,9509.T,0,1,0,43.17,19.97,36.86,814.6,LOSS,-4.0,5,2022-11-01,2024-12-04
2024-12-11,9509.T,0,0,1,42.33,16.39,41.28,804.8,HOLD,3.34,5,2022-11-01,2024-12-04
2024-12-12,9509.T,0,0,1,40.54,20.09,39.38,810.0,HOLD,0.11,5,2022-11-01,2024-12-04
2024-12-13,9509.T,2,2,1,38.87,19.2,41.94,807.0,TIMEOUT_LOSS,-2.08,5,2022-11-01,2024-12-04
2024-12-16,9509.T,2,2,1,33.39,19.37,47.25,790.4,WIN,8.0,2,2022-11-01,2024-12-04
2024-12-17,9509.T,2,1,0,31.03,20.23,48.74,779.6,WIN,8.0,1,2022-11-01,2024-12-04
2024-12-18,9509.T,0,0,1,47.65,17.43,34.92,831.7,LOSS,-4.0,2,2022-11-01,2024-12-04
2024-12-19,9509.T,0,1,0,46.43,17.37,36.2,810.9,HOLD,3.96,5,2022-11-01,2024-12-04
2024-12-20,9509.T,0,2,0,51.0,17.93,31.07,790.2,WIN,8.0,5,2022-11-01,2024-12-04
2024-12-23,9509.T,0,2,0,50.54,16.13,33.33,813.0,HOLD,1.83,5,2022-11-01,2024-12-04
2024-12-24,9509.T,0,2,0,48.61,17.04,34.35,820.5,TIMEOUT_LOSS,-0.84,5,2022-11-01,2024-12-04
2024-12-26,9509.T,0,1,0,42.04,19.47,38.49,817.4,TIMEOUT_LOSS,-0.77,5,2022-11-01,2024-12-04
2024-12-27,9509.T,0,0,1,51.32,19.64,29.04,843.0,LOSS,-4.0,3,2022-11-01,2024-12-04
2024-12-30,9509.T,0,0,1,46.67,19.4,33.93,834.0,LOSS,-4.0,4,2022-11-01,2024-12-04
2025-01-06,9509.T,0,0,1,46.41,20.61,32.98,827.9,LOSS,-4.0,4,2022-11-01,2024-12-04
2025-01-07,9509.T,0,0,1,42.66,17.6,39.74,813.6,LOSS,-4.0,4,2022-11-01,2024-12-04
2025-01-08,9509.T,0,0,1,41.1,18.26,40.64,811.1,LOSS,-4.0,3,2022-11-01,2024-12-04
2025-01-09,9509.T,2,0,0,37.6,23.51,38.9,800.1,LOSS,-4.0,2,2022-11-01,2024-12-04
2025-01-10,9509.T,2,0,0,38.06,21.8,40.14,788.8,LOSS,-4.0,2,2022-11-01,2024-12-04
2025-01-14,9509.T,2,2,1,31.86,24.08,44.05,761.0,HOLD,5.78,5,2022-11-01,2024-12-04
2025-01-15,9509.T,0,2,0,37.43,26.38,36.19,765.9,HOLD,1.36,5,2022-12-02,2025-01-08
2025-01-16,9509.T,2,2,1,35.92,27.6,36.49,760.6,HOLD,4.35,5,2022-12-02,2025-01-08
2025-01-17,9509.T,2,1,0,37.71,24.22,38.07,776.1,HOLD,2.25,5,2022-12-02,2025-01-08
2025-01-21,9509.T,0,1,0,39.85,22.91,37.24,787.4,TIMEOUT_LOSS,-1.12,5,2022-12-02,2025-01-08
2025-01-22,9509.T,0,1,0,55.05,18.43,26.51,805.0,TIMEOUT_LOSS,-2.22,5,2022-12-02,2025-01-08
2025-01-23,9509.T,0,1,0,46.87,23.45,29.68,776.3,HOLD,1.65,5,2022-12-02,2025-01-08
2025-01-24,9509.T,0,1,0,52.85,20.11,27.04,793.7,TIMEOUT_LOSS,-0.03,5,2022-12-02,2025-01-08
2025-01-27,9509.T,0,1,0,52.23,18.17,29.61,793.6,LOSS,-4.0,5,2022-12-02,2025-01-08
2025-01-28,9509.T,0,2,0,41.65,23.49,34.86,778.6,LOSS,-4.0,4,2022-12-02,2025-01-08
2025-01-29,9509.T,0,0,1,45.53,20.53,33.94,787.1,LOSS,-4.0,3,2022-12-02,2025-01-08
2025-01-30,9509.T,0,0,1,48.33,22.35,29.32,789.1,LOSS,-4.0,2,2022-12-02,2025-01-08
2025-01-31,9509.T,0,0,1,52.94,16.55,30.51,793.5,LOSS,-4.0,1,2022-12-02,2025-01-08
2025-02-03,9509.T,0,2,0,39.75,20.8,39.45,740.0,HOLD,1.07,5,2022-12-02,2025-01-08
2025-02-04,9509.T,0,2,0,40.85,21.49,37.66,729.6,TIMEOUT_LOSS,-0.03,5,2022-12-02,2025-01-08
2025-02-05,9509.T,2,2,1,35.46,24.6,39.94,731.2,HOLD,0.37,5,2022-12-02,2025-01-08
2025-02-06,9509.T,0,0,1,47.05,16.06,36.9,773.5,LOSS,-4.0,3,2022-12-02,2025-01-08
2025-02-07,9509.T,0,0,1,41.38,21.5,37.13,748.9,LOSS,-4.0,4,2022-12-02,2025-01-08
2025-02-10,9509.T,0,0,1,34.96,33.51,31.53,747.9,LOSS,-4.0,3,2022-12-02,2025-01-08
2025-02-12,9509.T,2,1,0,37.61,20.05,42.34,729.4,TIMEOUT_LOSS,-1.3,5,2022-12-02,2025-01-08
2025-02-13,9509.T,0,0,1,38.77,26.58,34.65,733.9,TIMEOUT_LOSS,-0.44,5,2022-12-02,2025-01-08
2025-02-14,9509.T,2,1,0,26.54,25.71,47.76,719.6,HOLD,1.4,5,2023-01-04,2025-02-07
2025-02-18,9509.T,2,1,0,28.19,32.13,39.68,727.9,HOLD,3.82,5,2023-01-04,2025-02-07
2025-02-19,9509.T,2,2,1,30.99,26.16,42.84,717.5,HOLD,1.42,5,2023-01-04,2025-02-07
2025-02-20,9509.T,2,2,1,29.65,23.97,46.38,719.9,HOLD,1.72,5,2023-01-04,2025-02-07
2025-02-21,9509.T,2,1,0,30.95,31.65,37.4,730.7,HOLD,2.68,5,2023-01-04,2025-02-07
2025-02-25,9509.T,1,1,1,29.84,35.91,34.26,729.7,HOLD,0.99,5,2023-01-04,2025-02-07
2025-02-26,9509.T,0,1,0,40.6,29.99,29.41,755.7,LOSS,-4.0,2,2023-01-04,2025-02-07
2025-02-27,9509.T,2,1,0,32.96,31.54,35.51,727.7,HOLD,1.15,5,2023-01-04,2025-02-07
2025-02-28,9509.T,0,1,0,37.45,26.9,35.66,732.3,HOLD,1.84,5,2023-01-04,2025-02-07
2025-03-03,9509.T,0,0,1,48.03,23.31,28.66,750.3,HOLD,2.49,5,2023-01-04,2025-02-07
2025-03-04,9509.T,0,1,0,46.75,19.96,33.29,736.9,HOLD,4.22,5,2023-01-04,2025-02-07
2025-03-05,9509.T,0,2,0,46.77,21.71,31.52,742.5,HOLD,4.35,5,2023-01-04,2025-02-07
2025-03-06,9509.T,0,2,0,41.52,26.39,32.09,736.1,HOLD,6.34,5,2023-01-04,2025-02-07
2025-03-07,9509.T,0,2,0,45.91,21.07,33.01,745.8,HOLD,7.27,5,2023-01-04,2025-02-07
2025-03-10,9509.T,0,2,0,49.1,27.29,23.62,769.0,WIN,8.0,5,2023-01-04,2025-02-07
2025-03-11,9509.T,0,2,0,45.55,24.42,30.02,768.0,WIN,8.0,4,2023-01-04,2025-02-07
2025-03-12,9509.T,0,2,0,50.23,24.05,25.72,774.8,WIN,8.0,3,2023-01-04,2025-02-07
2025-03-13,9509.T,0,2,0,47.51,29.18,23.31,782.8,WIN,8.0,2,2023-01-04,2025-02-07
2025-03-14,9509.T,0,2,0,39.92,31.47,28.61,800.0,HOLD,2.34,5,2023-01-04,2025-02-07
2025-03-17,9509.T,0,1,0,47.97,27.92,24.11,841.3,TIMEOUT_LOSS,-2.15,5,2023-01-04,2025-02-07
2025-03-18,9509.T,2,0,0,28.81,30.35,40.84,832.4,TIMEOUT_LOSS,-3.33,5,2023-02-03,2025-03-12
2025-03-19,9509.T,2,0,0,29.05,32.14,38.81,846.6,LOSS,-4.0,2,2023-02-03,2025-03-12
2025-03-21,9509.T,2,0,0,26.63,33.66,39.71,841.8,LOSS,-4.0,3,2023-02-03,2025-03-12
2025-03-24,9509.T,2,1,0,25.2,35.41,39.39,818.7,LOSS,-4.0,5,2023-02-03,2025-03-12
2025-03-25,9509.T,2,0,0,25.66,32.98,41.36,823.2,LOSS,-4.0,3,2023-02-03,2025-03-12
2025-03-26,9509.T,2,0,0,22.92,30.87,46.22,804.7,LOSS,-4.0,3,2023-02-03,2025-03-12
2025-03-27,9509.T,2,0,0,25.26,34.16,40.58,819.4,LOSS,-4.0,2,2023-02-03,2025-03-12
2025-03-28,9509.T,2,0,0,24.09,29.54,46.38,795.5,LOSS,-4.0,1,2023-02-03,2025-03-12
2025-03-31,9509.T,2,0,0,20.24,26.35,53.41,761.2,LOSS,-4.0,2,2023-02-03,2025-03-12
2025-04-01,9509.T,2,0,0,20.44,22.43,57.13,754.1,LOSS,-4.0,2,2023-02-03,2025-03-12
2025-04-02,9509.T,2,0,0,19.92,21.16,58.92,729.2,LOSS,-4.0,1,2023-02-03,2025-03-12
2025-04-03,9509.T,2,0,0,15.54,23.2,61.25,711.0,LOSS,-4.0,2,2023-02-03,2025-03-12
2025-04-04,9509.T,2,0,0,13.07,24.24,62.69,699.4,LOSS,-4.0,1,2023-02-03,2025-03-12
2025-04-07,9509.T,2,2,1,11.89,25.31,62.81,631.0,WIN,8.0,5,2023-02-03,2025-03-12
2025-04-08,9509.T,2,1,0,20.02,22.62,57.36,669.3,LOSS,-4.0,1,2023-02-03,2025-03-12
2025-04-09,9509.T,2,2,1,12.88,24.55,62.57,633.9,WIN,8.0,3,2023-02-03,2025-03-12
2025-04-10,9509.T,2,0,0,18.08,25.08,56.85,680.9,LOSS,-4.0,1,2023-02-03,2025-03-12
2025-04-11,9509.T,2,0,0,19.01,26.6,54.4,673.3,LOSS,-4.0,3,2023-02-03,2025-03-12
2025-04-14,9509.T,2,0,0,18.79,29.83,51.38,670.6,LOSS,-4.0,3,2023-02-03,2025-03-12
2025-04-15,9509.T,2,0,0,16.16,28.51,55.33,659.5,LOSS,-4.0,3,2023-02-03,2025-03-12
2025-04-16,9509.T,2,1,0,30.11,31.87,38.01,648.4,HOLD,0.54,5,2023-03-07,2025-04-10
2025-04-17,9509.T,2,1,0,25.63,32.04,42.32,645.2,HOLD,5.98,5,2023-03-07,2025-04-10
2025-04-21,9509.T,2,2,1,24.36,32.99,42.65,632.8,WIN,8.0,4,2023-03-07,2025-04-10
2025-04-22,9509.T,2,2,1,29.54,29.31,41.15,642.4,WIN,8.0,3,2023-03-07,2025-04-10
2025-04-23,9509.T,2,2,1,32.64,32.58,34.78,652.4,WIN,8.0,5,2023-03-07,2025-04-10
2025-04-24,9509.T,2,2,1,31.93,32.13,35.95,651.9,WIN,8.0,4,2023-03-07,2025-04-10
2025-04-25,9509.T,0,2,0,37.68,28.86,33.46,683.8,WIN,8.0,3,2023-03-07,2025-04-10
2025-04-28,9509.T,0,2,0,35.88,32.11,32.01,687.3,WIN,8.0,2,2023-03-07,2025-04-10
2025-04-30,9509.T,0,2,0,34.7,34.49,30.8,677.0,WIN,8.0,1,2023-03-07,2025-04-10
2025-05-01,9509.T,0,0,1,47.0,32.04,20.96,777.0,LOSS,-4.0,1,2023-03-07,2025-04-10
2025-05-02,9509.T,0,0,1,43.39,30.28,26.33,761.1,LOSS,-4.0,1,2023-03-07,2025-04-10
2025-05-07,9509.T,0,2,0,39.28,31.49,29.23,737.3,TIMEOUT_LOSS,-0.6,5,2023-03-07,2025-04-10
2025-05-08,9509.T,0,2,0,38.19,33.31,28.5,722.3,TIMEOUT_LOSS,-0.03,5,2023-03-07,2025-04-10
2025-05-09,9509.T,0,2,0,39.01,31.36,29.64,715.4,HOLD,2.63,5,2023-03-07,2025-04-10
2025-05-12,9509.T,0,0,1,37.64,34.82,27.55,770.4,LOSS,-4.0,2,2023-03-07,2025-04-10
2025-05-13,9509.T,2,0,0,33.85,32.0,34.15,746.4,TIMEOUT_LOSS,-3.58,5,2023-03-07,2025-04-10
2025-05-14,9509.T,0,1,0,33.37,33.37,33.26,732.9,TIMEOUT_LOSS,-1.35,5,2023-03-07,2025-04-10
2025-05-15,9509.T,0,1,0,33.87,33.53,32.6,722.1,TIMEOUT_LOSS,-0.83,5,2023-03-07,2025-04-10
2025-05-16,9509.T,0,0,1,34.56,31.91,33.53,734.2,TIMEOUT_LOSS,-3.81,5,2023-03-07,2025-04-10
2025-05-19,9509.T,1,0,0,32.22,34.84,32.94,728.6,TIMEOUT_LOSS,-2.32,5,2023-03-07,2025-04-10
2025-05-20,9509.T,2,0,0,28.67,33.79,37.53,719.7,TIMEOUT_LOSS,-2.51,5,2023-04-05,2025-05-14
2025-05-21,9509.T,2,0,0,34.43,26.35,39.22,723.0,TIMEOUT_LOSS,-2.71,5,2023-04-05,2025-05-14
2025-05-22,9509.T,2,0,0,34.29,28.26,37.44,716.1,TIMEOUT_LOSS,-0.91,5,2023-04-05,2025-05-14
2025-05-23,9509.T,0,1,0,37.19,26.15,36.65,706.2,TIMEOUT_LOSS,-0.69,5,2023-04-05,2025-05-14
2025-05-27,9509.T,2,1,0,31.99,33.2,34.81,711.7,TIMEOUT_LOSS,-1.98,5,2023-04-05,2025-05-14
2025-05-28,9509.T,1,1,1,31.2,36.77,32.03,701.6,TIMEOUT_LOSS,-0.03,5,2023-04-05,2025-05-14
2025-05-29,9509.T,1,1,1,27.72,41.47,30.81,703.4,TIMEOUT_LOSS,-0.91,5,2023-04-05,2025-05-14
2025-05-30,9509.T,1,1,1,27.61,38.13,34.27,709.6,TIMEOUT_LOSS,-2.71,5,2023-04-05,2025-05-14
2025-06-02,9509.T,0,1,0,38.3,24.56,37.14,701.3,TIMEOUT_LOSS,-1.41,5,2023-04-05,2025-05-14
2025-06-03,9509.T,2,1,0,36.4,23.93,39.67,697.6,TIMEOUT_LOSS,-0.32,5,2023-04-05,2025-05-14
2025-06-04,9509.T,2,1,0,31.81,25.43,42.76,701.4,TIMEOUT_LOSS,-1.78,5,2023-04-05,2025-05-14
2025-06-05,9509.T,2,1,0,32.05,25.94,42.01,697.0,TIMEOUT_LOSS,-0.53,5,2023-04-05,2025-05-14
2025-06-06,9509.T,2,1,0,29.85,25.0,45.16,690.4,HOLD,0.38,5,2023-04-05,2025-05-14
2025-06-09,9509.T,2,1,0,27.4,29.67,42.93,691.4,HOLD,1.66,5,2023-04-05,2025-05-14
2025-06-10,9509.T,2,1,0,25.97,27.41,46.62,695.4,HOLD,3.49,5,2023-04-05,2025-05-14
2025-06-11,9509.T,2,2,1,25.09,28.85,46.06,688.9,HOLD,5.73,5,2023-04-05,2025-05-14
2025-06-12,9509.T,2,2,1,27.36,27.62,45.01,693.3,HOLD,4.13,5,2023-04-05,2025-05-14
2025-06-13,9509.T,2,2,1,27.52,23.89,48.59,693.0,HOLD,0.0,5,2023-04-05,2025-05-14
2025-06-16,9509.T,2,2,1,27.96,25.07,46.97,702.9,HOLD,0.51,5,2023-04-05,2025-05-14
2025-06-17,9509.T,2,0,0,31.3,26.93,41.77,719.7,TIMEOUT_LOSS,-1.75,5,2023-04-05,2025-05-14
2025-06-18,9509.T,2,0,0,21.1,34.18,44.72,728.4,LOSS,-4.0,2,2023-05-09,2025-06-12
2025-06-20,9509.T,2,0,0,23.38,38.21,38.41,721.9,LOSS,-4.0,1,2023-05-09,2025-06-12
2025-06-23,9509.T,1,2,0,18.75,47.69,33.56,693.0,WIN,8.0,4,2023-05-09,2025-06-12
2025-06-24,9509.T,1,2,0,18.46,51.21,30.34,706.5,WIN,8.0,4,2023-05-09,2025-06-12
2025-06-25,9509.T,1,2,0,16.94,51.63,31.43,707.1,WIN,8.0,3,2023-05-09,2025-06-12
2025-06-26,9509.T,1,2,0,28.61,43.91,27.47,736.1,HOLD,4.78,5,2023-05-09,2025-06-12
2025-06-27,9509.T,1,1,1,35.83,41.68,22.49,751.5,WIN,8.0,5,2023-05-09,2025-06-12
2025-06-30,9509.T,1,2,0,27.54,45.84,26.62,751.1,WIN,8.0,4,2023-05-09,2025-06-12
2025-07-01,9509.T,1,1,1,37.98,43.37,18.65,778.2,LOSS,-4.0,2,2023-05-09,2025-06-12
2025-07-02,9509.T,1,2,0,26.21,44.14,29.66,756.1,WIN,8.0,2,2023-05-09,2025-06-12
2025-07-03,9509.T,1,2,0,32.54,39.38,28.08,771.3,TIMEOUT_LOSS,-0.17,5,2023-05-09,2025-06-12
2025-07-07,9509.T,0,1,0,37.89,32.53,29.59,780.1,HOLD,1.38,5,2023-05-09,2025-06-12
2025-07-08,9509.T,0,0,1,37.69,30.16,32.15,812.1,LOSS,-4.0,3,2023-05-09,2025-06-12
2025-07-09,9509.T,0,0,1,40.42,26.8,32.78,808.8,LOSS,-4.0,2,2023-05-09,2025-06-12
2025-07-10,9509.T,0,1,0,39.17,30.89,29.95,785.4,TIMEOUT_LOSS,-0.84,5,2023-05-09,2025-06-12
2025-07-11,9509.T,0,2,0,37.45,34.55,28.0,770.0,HOLD,4.03,5,2023-05-09,2025-06-12
2025-07-14,9509.T,0,0,1,39.27,30.02,30.72,790.9,WIN,8.0,5,2023-05-09,2025-06-12
2025-07-15,9509.T,0,1,0,34.96,33.93,31.12,790.1,WIN,8.0,4,2023-05-09,2025-06-12
2025-07-16,9509.T,0,2,0,39.94,32.94,27.12,784.8,WIN,8.0,3,2023-05-09,2025-06-12
2025-07-17,9509.T,0,2,0,36.84,35.67,27.49,778.8,WIN,8.0,2,2023-05-09,2025-06-12
2025-07-18,9509.T,0,2,0,41.92,33.29,24.78,801.0,WIN,8.0,3,2023-06-07,2025-07-14
2025-07-22,9509.T,0,2,0,51.05,26.4,22.55,825.6,WIN,8.0,2,2023-06-07,2025-07-14
2025-07-23,9509.T,0,2,0,45.67,27.68,26.65,845.5,WIN,8.0,5,2023-06-07,2025-07-14
2025-07-24,9509.T,0,2,0,42.85,35.17,21.98,879.5,HOLD,3.12,5,2023-06-07,2025-07-14
2025-07-25,9509.T,0,2,0,41.08,28.91,30.02,884.1,WIN,8.0,5,2023-06-07,2025-07-14
2025-07-28,9509.T,0,2,0,39.22,28.21,32.57,891.4,WIN,8.0,5,2023-06-07,2025-07-14
2025-07-29,9509.T,2,2,1,32.84,25.85,41.31,894.9,WIN,8.0,4,2023-06-07,2025-07-14
2025-07-30,9509.T,2,2,1,34.02,22.45,43.53,907.5,WIN,8.0,3,2023-06-07,2025-07-14
2025-07-31,9509.T,2,2,1,33.44,23.04,43.52,906.9,WIN,8.0,2,2023-06-07,2025-07-14
2025-08-01,9509.T,2,2,1,31.85,23.33,44.82,938.1,WIN,8.0,2,2023-06-07,2025-07-14
2025-08-04,9509.T,2,2,1,32.37,16.73,50.9,957.6,WIN,8.0,4,2023-06-07,2025-07-14
2025-08-05,9509.T,2,2,1,32.17,18.69,49.14,977.1,WIN,8.0,3,2023-06-07,2025-07-14
2025-08-06,9509.T,2,2,1,32.16,20.28,47.56,964.6,WIN,8.0,2,2023-06-07,2025-07-14
2025-08-07,9509.T,2,2,1,32.28,19.46,48.26,1022.5,WIN,8.0,3,2023-06-07,2025-07-14
2025-08-08,9509.T,2,2,1,24.47,19.94,55.59,1047.5,WIN,8.0,3,2023-06-07,2025-07-14
2025-08-12,9509.T,2,2,1,23.64,19.61,56.75,1050.5,WIN,8.0,2,2023-06-07,2025-07-14
2025-08-13,9509.T,2,2,1,26.36,27.48,46.16,1117.5,WIN,8.0,2,2023-06-07,2025-07-14
2025-08-14,9509.T,2,2,1,19.26,23.65,57.09,1141.0,HOLD,2.8,5,2023-06-07,2025-07-14
2025-08-15,9509.T,2,0,0,21.31,23.99,54.71,1195.0,LOSS,-4.0,1,2023-06-07,2025-07-14
2025-08-18,9509.T,2,2,1,21.7,22.08,56.22,1140.0,WIN,8.0,4,2023-06-07,2025-07-14
2025-08-19,9509.T,2,2,1,7.35,10.66,81.99,1170.0,LOSS,-4.0,1,2023-07-07,2025-08-13
2025-08-20,9509.T,2,1,0,9.69,11.19,79.12,1158.5,LOSS,-4.0,4,2023-07-07,2025-08-13
2025-08-21,9509.T,2,0,0,10.02,9.76,80.22,1173.0,LOSS,-4.0,3,2023-07-07,2025-08-13
2025-08-22,9509.T,2,0,0,11.39,8.56,80.05,1210.0,LOSS,-4.0,2,2023-07-07,2025-08-13
2025-08-25,9509.T,2,1,0,15.75,10.53,73.72,1169.0,LOSS,-4.0,1,2023-07-07,2025-08-13
2025-08-26,9509.T,2,2,1,20.68,14.32,65.0,1105.0,WIN,8.0,4,2023-07-07,2025-08-13
2025-08-27,9509.T,2,2,1,17.63,8.7,73.67,1147.0,HOLD,1.22,5,2023-07-07,2025-08-13
2025-08-28,9509.T,2,1,0,13.28,9.51,77.22,1164.0,HOLD,1.33,5,2023-07-07,2025-08-13
2025-08-29,9509.T,2,1,0,15.67,11.03,73.3,1166.0,HOLD,2.19,5,2023-07-07,2025-08-13
2025-09-02,9509.T,2,1,0,16.61,4.21,79.18,1186.0,TIMEOUT_LOSS,-0.04,5,2023-07-07,2025-08-13
2025-09-03,9509.T,2,2,1,25.41,9.96,64.63,1157.0,HOLD,3.46,5,2023-07-07,2025-08-13
2025-09-04,9509.T,2,2,1,21.77,11.3,66.93,1161.0,WIN,8.0,5,2023-07-07,2025-08-13
2025-09-05,9509.T,2,1,0,21.51,12.2,66.29,1179.5,HOLD,2.54,5,2023-07-07,2025-08-13
2025-09-08,9509.T,2,2,1,16.79,11.0,72.21,1191.5,HOLD,0.21,5,2023-07-07,2025-08-13
2025-09-09,9509.T,2,2,1,22.03,13.15,64.82,1185.5,LOSS,-4.0,5,2023-07-07,2025-08-13
2025-09-10,9509.T,2,1,0,13.59,13.48,72.93,1197.0,LOSS,-4.0,4,2023-07-07,2025-08-13
2025-09-11,9509.T,2,0,0,13.01,15.74,71.25,1230.0,LOSS,-4.0,3,2023-07-07,2025-08-13
2025-09-12,9509.T,2,0,0,18.59,9.6,71.81,1209.5,LOSS,-4.0,2,2023-07-07,2025-08-13
2025-09-16,9509.T,2,0,0,20.54,11.61,67.85,1194.0,LOSS,-4.0,1,2023-07-07,2025-08-13
2025-09-17,9509.T,2,0,0,23.2,18.33,58.47,1134.0,LOSS,-4.0,2,2023-07-07,2025-08-13
2025-09-18,9509.T,2,1,0,26.18,32.29,41.53,1102.0,HOLD,3.36,5,2023-08-07,2025-09-11
2025-09-19,9509.T,2,1,0,29.98,29.57,40.45,1131.0,TIMEOUT_LOSS,-0.27,5,2023-08-07,2025-09-11
2025-09-22,9509.T,2,2,1,26.25,33.11,40.64,1115.0,TIMEOUT_LOSS,-2.78,5,2023-08-07,2025-09-11
2025-09-24,9509.T,2,2,1,28.2,32.2,39.6,1093.0,HOLD,0.0,5,2023-08-07,2025-09-11
2025-09-25,9509.T,0,0,1,37.76,27.62,34.62,1142.0,LOSS,-4.0,3,2023-08-07,2025-09-11
2025-09-26,9509.T,0,0,1,40.26,26.62,33.13,1139.0,LOSS,-4.0,2,2023-08-07,2025-09-11
2025-09-29,9509.T,0,0,1,39.87,30.3,29.83,1128.0,LOSS,-4.0,1,2023-08-07,2025-09-11
2025-09-30,9509.T,0,1,0,41.05,27.28,31.68,1084.0,LOSS,-4.0,2,2023-08-07,2025-09-11
2025-10-01,9509.T,0,2,0,50.91,21.2,27.89,1093.0,LOSS,-4.0,1,2023-08-07,2025-09-11
2025-10-02,9509.T,0,2,0,34.41,33.14,32.45,1056.0,WIN,8.0,2,2023-08-07,2025-09-11
2025-10-03,9509.T,0,2,0,44.28,25.94,29.78,1093.0,WIN,8.0,2,2023-08-07,2025-09-11
2025-10-06,9509.T,0,2,0,49.55,20.37,30.08,1127.0,TIMEOUT_LOSS,-1.69,5,2023-08-07,2025-09-11
2025-10-07,9509.T,0,0,1,59.1,16.29,24.61,1164.0,LOSS,-4.0,3,2023-08-07,2025-09-11
2025-10-08,9509.T,0,0,1,42.94,26.0,31.07,1142.0,LOSS,-4.0,3,2023-08-07,2025-09-11
2025-10-09,9509.T,0,0,1,54.33,18.6,27.07,1170.5,LOSS,-4.0,1,2023-08-07,2025-09-11
2025-10-10,9509.T,0,2,0,44.38,22.49,33.13,1116.5,HOLD,2.78,5,2023-08-07,2025-09-11
2025-10-14,9509.T,0,2,0,50.15,23.23,26.63,1108.0,HOLD,1.35,5,2023-08-07,2025-09-11
2025-10-15,9509.T,0,1,0,51.74,22.67,25.59,1136.0,TIMEOUT_LOSS,-1.72,5,2023-08-07,2025-09-11
2025-10-16,9509.T,0,0,1,57.22,19.72,23.06,1160.5,LOSS,-4.0,3,2023-08-07,2025-09-11
2025-10-17,9509.T,0,1,0,53.46,19.5,27.04,1133.5,TIMEOUT_LOSS,-1.9,5,2023-08-07,2025-09-11
2025-10-20,9509.T,0,0,1,63.4,12.08,24.51,1147.5,LOSS,-4.0,3,2023-09-06,2025-10-14
2025-10-21,9509.T,0,1,0,49.11,13.26,37.63,1123.0,TIMEOUT_LOSS,-2.4,5,2023-09-06,2025-10-14
2025-10-22,9509.T,2,1,0,38.95,16.57,44.47,1116.5,LOSS,-4.0,5,2023-09-06,2025-10-14
2025-10-23,9509.T,2,1,0,32.14,23.18,44.68,1108.0,LOSS,-4.0,5,2023-09-06,2025-10-14
2025-10-24,9509.T,2,0,0,38.13,18.41,43.46,1112.0,LOSS,-4.0,3,2023-09-06,2025-10-14
2025-10-27,9509.T,2,0,0,39.34,17.34,43.33,1116.0,LOSS,-4.0,2,2023-09-06,2025-10-14
2025-10-28,9509.T,2,0,0,34.13,19.97,45.9,1096.0,LOSS,-4.0,2,2023-09-06,2025-10-14
2025-10-29,9509.T,2,0,0,31.81,23.9,44.29,1066.5,LOSS,-4.0,3,2023-09-06,2025-10-14
2025-10-30,9509.T,2,0,0,36.36,18.35,45.3,1088.0,LOSS,-4.0,2,2023-09-06,2025-10-14
2025-10-31,9509.T,2,0,0,32.92,21.99,45.09,1075.0,LOSS,-4.0,1,2023-09-06,2025-10-14
2025-11-04,9509.T,2,1,0,20.7,27.49,51.82,1010.0,HOLD,3.56,5,2023-09-06,2025-10-14
2025-11-05,9509.T,2,1,0,28.39,27.82,43.79,1016.5,HOLD,3.59,5,2023-09-06,2025-10-14
2025-11-06,9509.T,2,2,1,34.21,21.17,44.63,1023.5,HOLD,6.16,5,2023-09-06,2025-10-14
2025-11-07,9509.T,2,2,1,35.38,23.64,40.98,1021.5,HOLD,4.26,5,2023-09-06,2025-10-14
2025-11-10,9509.T,2,2,1,38.62,17.54,43.84,1022.5,WIN,8.0,5,2023-09-06,2025-10-14
2025-11-11,9509.T,0,2,0,48.99,14.17,36.84,1046.0,HOLD,5.54,5,2023-09-06,2025-10-14
2025-11-12,9509.T,0,2,0,44.22,17.5,38.27,1053.0,HOLD,4.04,5,2023-09-06,2025-10-14
2025-11-13,9509.T,0,2,0,54.9,15.6,29.5,1086.5,HOLD,3.27,5,2023-09-06,2025-10-14
2025-11-14,9509.T,0,2,0,43.47,21.39,35.14,1065.0,HOLD,3.0,5,2023-09-06,2025-10-14
2025-11-17,9509.T,0,1,0,61.13,10.84,28.03,1108.0,HOLD,3.88,5,2023-09-06,2025-10-14
2025-11-18,9509.T,0,1,0,54.58,20.59,24.83,1104.0,WIN,8.0,5,2023-10-05,2025-11-12
2025-11-19,9509.T,0,2,0,48.41,26.06,25.53,1095.5,WIN,8.0,4,2023-10-05,2025-11-12
2025-11-20,9509.T,0,2,0,54.91,23.22,21.87,1122.0,WIN,8.0,3,2023-10-05,2025-11-12
2025-11-21,9509.T,0,2,0,47.16,29.09,23.74,1097.0,WIN,8.0,2,2023-10-05,2025-11-12
2025-11-25,9509.T,0,1,0,58.31,20.72,20.98,1151.0,WIN,8.0,1,2023-10-05,2025-11-12
2025-11-26,9509.T,0,0,1,49.39,23.66,26.95,1258.0,LOSS,-4.0,1,2023-10-05,2025-11-12
2025-11-28,9509.T,0,0,1,51.4,16.52,32.08,1209.0,LOSS,-4.0,1,2023-10-05,2025-11-12
2025-12-01,9509.T,0,0,1,46.12,19.23,34.65,1140.0,LOSS,-4.0,2,2023-10-05,2025-11-12
2025-12-02,9509.T,0,0,1,38.13,29.84,32.03,1100.5,LOSS,-4.0,2,2023-10-05,2025-11-12
2025-12-03,9509.T,2,0,0,32.93,30.35,36.72,1071.5,LOSS,-4.0,3,2023-10-05,2025-11-12
2025-12-04,9509.T,2,0,0,34.32,29.08,36.6,1063.0,LOSS,-4.0,2,2023-10-05,2025-11-12
2025-12-05,9509.T,2,2,1,30.19,28.75,41.06,1039.0,HOLD,1.01,5,2023-10-05,2025-11-12
2025-12-08,9509.T,2,1,0,29.07,27.14,43.79,1033.0,HOLD,2.57,5,2023-10-05,2025-11-12
2025-12-09,9509.T,2,2,1,29.52,29.65,40.84,1011.0,HOLD,2.23,5,2023-10-05,2025-11-12
2025-12-10,9509.T,0,1,0,43.8,21.12,35.08,1064.0,LOSS,-4.0,1,2023-10-05,2025-11-12
2025-12-11,9509.T,2,1,0,35.49,27.58,36.92,1025.5,HOLD,1.12,5,2023-10-05,2025-11-12
2025-12-12,9509.T,2,0,0,39.15,20.7,40.14,1049.5,LOSS,-4.0,3,2023-10-05,2025-11-12
2025-12-15,9509.T,2,0,0,37.68,23.82,38.49,1059.5,LOSS,-4.0,2,2023-10-05,2025-11-12
2025-12-16,9509.T,0,1,0,41.4,24.96,33.64,1033.5,HOLD,2.56,5,2023-10-05,2025-11-12
2025-12-17,9509.T,0,2,0,41.24,24.87,33.9,1021.5,HOLD,4.31,5,2023-10-05,2025-11-12
2025-12-18,9509.T,0,2,0,40.62,27.88,31.5,1037.0,HOLD,2.22,5,2023-11-06,2025-12-12
2025-12-19,9509.T,0,2,0,46.9,25.57,27.53,1040.5,HOLD,2.5,5,2023-11-06,2025-12-12
2025-12-22,9509.T,0,1,0,40.99,27.11,31.9,1045.0,HOLD,0.57,5,2023-11-06,2025-12-12
2025-12-23,9509.T,0,1,0,45.97,24.16,29.87,1060.0,HOLD,3.77,5,2023-11-06,2025-12-12
2025-12-24,9509.T,0,1,0,47.01,22.71,30.28,1065.5,HOLD,3.24,5,2023-11-06,2025-12-12
2025-12-26,9509.T,0,2,0,47.12,29.85,23.03,1060.0,HOLD,2.78,5,2023-11-06,2025-12-12
2025-12-29,9509.T,0,2,0,50.06,26.96,22.98,1066.5,HOLD,5.91,5,2023-11-06,2025-12-12
2025-12-30,9509.T,0,2,0,50.0,25.1,24.9,1051.0,WIN,8.0,4,2023-11-06,2025-12-12
2026-01-05,9509.T,0,2,0,49.99,28.53,21.48,1100.0,HOLD,3.77,5,2023-11-06,2025-12-12
2026-01-06,9509.T,0,1,0,52.64,26.58,20.78,1100.0,HOLD,5.32,5,2023-11-06,2025-12-12
2026-01-07,9509.T,0,2,0,46.55,27.69,25.76,1089.5,HOLD,6.88,5,2023-11-06,2025-12-12
2026-01-08,9509.T,0,2,0,41.9,31.87,26.23,1129.5,HOLD,3.01,5,2023-11-06,2025-12-12
2026-01-09,9509.T,0,2,0,40.03,32.31,27.66,1109.0,HOLD,3.65,5,2023-11-06,2025-12-12
2026-01-13,9509.T,0,2,0,37.45,33.89,28.65,1141.5,HOLD,1.18,5,2023-11-06,2025-12-12
2026-01-14,9509.T,0,1,0,46.04,33.8,20.16,1158.5,TIMEOUT_LOSS,-0.69,5,2023-11-06,2025-12-12
2026-01-15,9509.T,0,1,0,44.61,26.08,29.31,1164.5,LOSS,-4.0,5,2023-11-06,2025-12-12
2026-01-16,9509.T,0,1,0,44.01,21.98,34.01,1163.5,LOSS,-4.0,4,2023-11-06,2025-12-12
2026-01-20,9509.T,2,0,0,35.1,27.43,37.47,1149.5,LOSS,-4.0,4,2023-11-06,2025-12-12
2026-01-21,9509.T,2,0,0,33.13,24.84,42.03,1155.0,LOSS,-4.0,2,2023-11-06,2025-12-12
2026-01-22,9509.T,2,0,0,33.92,28.97,37.11,1150.5,LOSS,-4.0,2,2023-11-06,2025-12-12
2026-01-23,9509.T,1,0,0,20.77,50.66,28.57,1109.0,LOSS,-4.0,2,2023-12-05,2026-01-16
2026-01-26,9509.T,1,0,0,20.5,40.1,39.4,1088.0,LOSS,-4.0,2,2023-12-05,2026-01-16
2026-01-27,9509.T,1,1,1,20.05,42.75,37.2,1058.0,LOSS,-4.0,2,2023-12-05,2026-01-16
2026-01-28,9509.T,1,0,0,19.93,46.07,33.99,1038.0,LOSS,-4.0,4,2023-12-05,2026-01-16
2026-01-29,9509.T,1,0,0,17.41,45.17,37.42,1033.5,HOLD,3.87,5,2023-12-05,2026-01-16
2026-01-30,9509.T,2,1,0,19.96,38.28,41.76,1049.0,LOSS,-4.0,1,2023-12-05,2026-01-16
2026-02-02,9509.T,1,2,0,19.13,46.42,34.46,1001.0,WIN,8.0,4,2023-12-05,2026-01-16
2026-02-03,9509.T,1,2,0,21.98,44.09,33.93,1010.0,WIN,8.0,3,2023-12-05,2026-01-16
2026-02-04,9509.T,2,2,1,23.46,35.31,41.22,1047.0,WIN,8.0,3,2023-12-05,2026-01-16
2026-02-05,9509.T,2,1,0,25.7,34.56,39.73,1073.5,HOLD,1.54,5,2023-12-05,2026-01-16
2026-02-06,9509.T,2,0,0,25.96,29.76,44.28,1115.0,LOSS,-4.0,2,2023-12-05,2026-01-16
2026-02-09,9509.T,1,1,1,35.07,39.44,25.49,1082.0,WIN,8.0,4,2023-12-05,2026-01-16
2026-02-10,9509.T,1,2,0,33.43,37.76,28.82,1089.5,WIN,8.0,3,2023-12-05,2026-01-16
2026-02-12,9509.T,1,2,0,32.57,37.08,30.35,1091.5,LOSS,-4.0,1,2023-12-05,2026-01-16
2026-02-13,9509.T,1,2,0,24.89,39.57,35.54,1090.0,WIN,8.0,1,2023-12-05,2026-01-16
2026-02-17,9509.T,1,1,1,30.55,37.73,31.72,1185.5,WIN,8.0,2,2023-12-05,2026-01-16
2026-02-18,9509.T,1,0,0,31.63,34.75,33.62,1241.0,LOSS,-4.0,2,2023-12-05,2026-01-16
2026-02-19,9509.T,2,0,0,34.27,31.35,34.37,1248.5,LOSS,-4.0,1,2023-12-05,2026-01-16
2026-02-20,9509.T,2,2,1,34.73,30.31,34.96,1191.0,TIMEOUT_LOSS,-1.81,5,2023-12-05,2026-01-16
2026-02-24,9509.T,0,2,0,36.57,32.24,31.2,1186.5,LOSS,-4.0,5,2023-12-05,2026-01-16
2026-02-25,9509.T,0,0,1,47.71,30.0,22.29,1192.5,LOSS,-4.0,4,2024-01-09,2026-02-18
2026-02-26,9509.T,0,0,1,51.24,28.18,20.59,1212.0,LOSS,-4.0,2,2024-01-09,2026-02-18
2026-02-27,9509.T,0,0,1,46.35,30.62,23.02,1230.5,LOSS,-4.0,1,2024-01-09,2026-02-18
2026-03-02,9509.T,0,0,1,45.71,32.95,21.34,1169.5,LOSS,-4.0,1,2024-01-09,2026-02-18
2026-03-03,9509.T,0,0,1,40.65,30.83,28.51,1127.0,LOSS,-4.0,1,2024-01-09,2026-02-18
2026-03-04,9509.T,0,0,1,34.82,32.47,32.71,1068.0,LOSS,-4.0,3,2024-01-09,2026-02-18
2026-03-05,9509.T,0,1,0,38.97,27.96,33.07,1051.0,LOSS,-4.0,2,2024-01-09,2026-02-18
2026-03-06,9509.T,0,1,0,35.15,32.05,32.8,1059.5,LOSS,-4.0,1,2024-01-09,2026-02-18
2026-03-09,9509.T,2,2,1,28.31,31.28,40.41,1005.0,WIN,8.0,4,2024-01-09,2026-02-18
2026-03-10,9509.T,2,1,0,33.3,29.71,36.99,1042.5,HOLD,0.48,5,2024-01-09,2026-02-18
2026-03-11,9509.T,0,1,0,35.89,33.26,30.86,1063.5,HOLD,3.62,5,2024-01-09,2026-02-18
2026-03-12,9509.T,2,0,0,35.9,28.0,36.09,1065.0,TIMEOUT_LOSS,-0.7,5,2024-01-09,2026-02-18
2026-03-13,9509.T,2,2,1,34.66,23.63,41.71,1057.5,TIMEOUT_LOSS,-2.74,5,2024-01-09,2026-02-18
2026-03-16,9509.T,2,1,0,28.47,30.05,41.48,1057.0,TIMEOUT_LOSS,-0.71,5,2024-01-09,2026-02-18
2026-03-17,9509.T,2,0,0,26.39,35.1,38.51,1047.5,HOLD,4.15,5,2024-01-09,2026-02-18
2026-03-18,9509.T,0,0,1,37.85,27.38,34.77,1102.0,LOSS,-4.0,1,2024-01-09,2026-02-18
2026-03-19,9509.T,2,2,1,30.12,31.04,38.84,1057.5,HOLD,4.59,5,2024-01-09,2026-02-18
2026-03-23,9509.T,2,2,1,29.93,29.5,40.57,1028.5,WIN,8.0,3,2024-01-09,2026-02-18
2026-03-24,9509.T,2,2,1,28.98,28.56,42.46,1049.5,HOLD,0.62,5,2024-01-09,2026-02-18
2026-03-25,9509.T,2,1,0,35.24,27.33,37.44,1091.0,HOLD,3.57,5,2024-01-09,2026-02-18
2026-03-26,9509.T,0,0,1,36.58,34.03,29.39,1080.0,HOLD,2.13,5,2024-02-07,2026-03-19
2026-03-27,9509.T,2,2,1,35.24,28.72,36.04,1106.0,LOSS,-4.0,1,2024-02-07,2026-03-19
2026-03-30,9509.T,2,2,1,29.41,28.0,42.58,1076.5,TIMEOUT_LOSS,-0.09,5,2024-02-07,2026-03-19
2026-03-31,9509.T,2,2,1,29.99,30.55,39.46,1056.0,WIN,8.0,2,2024-02-07,2026-03-19
2026-04-01,9509.T,0,0,1,35.9,34.02,30.07,1130.0,LOSS,-4.0,2,2024-02-07,2026-03-19
2026-04-02,9509.T,1,1,1,32.39,35.1,32.51,1103.0,TIMEOUT_LOSS,-3.04,5,2024-02-07,2026-03-19
2026-04-06,9509.T,1,1,1,30.29,35.01,34.7,1078.5,TIMEOUT_LOSS,-3.15,5,2024-02-07,2026-03-19
2026-04-07,9509.T,1,1,1,29.88,39.25,30.87,1075.5,TIMEOUT_LOSS,-3.35,5,2024-02-07,2026-03-19
2026-04-08,9509.T,1,0,0,33.65,34.31,32.04,1099.5,LOSS,-4.0,3,2024-02-07,2026-03-19
2026-04-09,9509.T,1,0,0,32.75,38.48,28.77,1088.5,LOSS,-4.0,2,2024-02-07,2026-03-19
2026-04-10,9509.T,1,0,0,29.38,37.12,33.49,1069.5,TIMEOUT_LOSS,-2.57,5,2024-02-07,2026-03-19
2026-04-13,9509.T,1,2,0,28.96,41.04,30.0,1044.5,TIMEOUT_LOSS,-1.44,5,2024-02-07,2026-03-19
2026-04-14,9509.T,1,1,1,30.76,41.27,27.97,1039.5,TIMEOUT_LOSS,-2.26,5,2024-02-07,2026-03-19
2026-04-15,9509.T,1,1,1,30.26,43.56,26.18,1044.5,TIMEOUT_LOSS,-3.16,5,2024-02-07,2026-03-19
2026-04-16,9509.T,1,0,0,32.8,36.97,30.23,1064.0,LOSS,-4.0,3,2024-02-07,2026-03-19
2026-04-17,9509.T,1,0,0,31.28,38.6,30.12,1042.0,LOSS,-4.0,4,2024-02-07,2026-03-19
2026-04-20,9509.T,1,0,0,30.72,38.9,30.38,1029.5,TIMEOUT_LOSS,-2.09,5,2024-02-07,2026-03-19
2026-04-21,9509.T,2,0,0,25.55,36.2,38.24,1016.0,HOLD,2.07,5,2024-02-07,2026-03-19
2026-04-22,9509.T,1,1,1,27.25,37.69,35.06,1011.5,TIMEOUT_LOSS,-0.1,5,2024-02-07,2026-03-19
2026-04-23,9509.T,1,2,0,25.8,40.7,33.5,998.2,HOLD,0.18,5,2024-02-07,2026-03-19
2026-04-24,9509.T,1,2,0,33.51,35.2,31.3,992.5,HOLD,2.57,5,2024-03-11,2026-04-20
2026-04-27,9509.T,1,1,1,36.69,36.77,26.53,1008.0,TIMEOUT_LOSS,-0.96,5,2024-03-11,2026-04-20
2026-04-28,9509.T,1,0,0,34.29,34.37,31.35,1037.0,LOSS,-4.0,1,2024-03-11,2026-04-20
2026-04-30,9509.T,1,1,1,33.0,33.72,33.28,1010.5,TIMEOUT_LOSS,-0.05,5,2024-03-11,2026-04-20
2026-05-01,9509.T,1,1,1,32.78,34.92,32.3,1000.0,TIMEOUT_LOSS,-0.08,5,2024-03-11,2026-04-20
2026-05-07,9509.T,0,1,0,40.9,31.83,27.27,1018.0,TIMEOUT_LOSS,-1.88,5,2024-03-11,2026-04-20
2026-05-08,9509.T,0,1,0,41.16,30.36,28.48,998.3,TIMEOUT_LOSS,-1.74,5,2024-03-11,2026-04-20
2026-05-11,9509.T,0,1,0,40.56,32.85,26.59,1008.0,LOSS,-4.0,5,2024-03-11,2026-04-20
2026-05-12,9509.T,0,0,1,42.12,31.51,26.37,1010.0,LOSS,-4.0,4,2024-03-11,2026-04-20
2026-05-13,9509.T,0,0,1,47.42,24.93,27.65,999.2,LOSS,-4.0,3,2024-03-11,2026-04-20
2026-05-14,9509.T,0,0,1,40.33,32.36,27.31,998.9,LOSS,-4.0,2,2024-03-11,2026-04-20
2026-05-15,9509.T,0,0,1,38.52,28.14,33.34,980.9,LOSS,-4.0,1,2024-03-11,2026-04-20
2026-05-18,9509.T,2,1,0,26.09,33.17,40.74,940.8,TIMEOUT_LOSS,-1.05,5,2024-03-11,2026-04-20
2026-05-19,9509.T,2,0,0,32.69,32.22,35.09,953.5,LOSS,-4.0,4,2024-03-11,2026-04-20
2026-05-20,9509.T,2,1,0,27.14,31.08,41.78,926.7,TIMEOUT_LOSS,-1.82,5,2024-03-11,2026-04-20
2026-05-21,9509.T,0,1,0,38.5,29.88,31.63,948.1,LOSS,-4.0,4,2024-03-11,2026-04-20
2026-05-22,9509.T,0,0,1,36.04,34.17,29.79,929.1,TIMEOUT_LOSS,-2.62,5,2024-03-11,2026-04-20
2026-05-26,9509.T,0,1,0,42.18,30.97,26.85,930.9,LOSS,-4.0,4,2024-03-11,2026-04-20
2026-05-27,9509.T,0,0,1,41.38,33.4,25.22,936.3,LOSS,-4.0,1,2024-03-11,2026-04-20
2026-05-28,9509.T,2,1,0,33.73,31.65,34.62,909.8,HOLD,0.34,5,2024-03-11,2026-04-20
2026-05-29,9509.T,0,1,0,42.2,35.41,22.4,932.6,LOSS,-4.0,1,2024-04-10,2026-05-22
2026-06-01,9509.T,0,1,0,37.72,33.9,28.38,904.8,HOLD,1.95,5,2024-04-10,2026-05-22
2026-06-02,9509.T,0,2,0,39.06,34.83,26.12,909.7,HOLD,1.62,5,2024-04-10,2026-05-22
2026-06-03,9509.T,0,1,0,44.16,31.91,23.93,929.5,TIMEOUT_LOSS,-0.6,5,2024-04-10,2026-05-22
2026-06-04,9509.T,0,1,0,42.54,38.88,18.58,912.9,HOLD,1.12,5,2024-04-10,2026-05-22
2026-06-05,9509.T,0,1,0,43.1,37.15,19.75,925.8,HOLD,0.29,5,2024-04-10,2026-05-22
2026-06-08,9509.T,0,1,0,39.72,34.24,26.03,922.4,HOLD,3.04,5,2024-04-10,2026-05-22
2026-06-09,9509.T,0,1,0,40.58,37.85,21.57,924.4,TIMEOUT_LOSS,-0.26,5,2024-04-10,2026-05-22
2026-06-10,9509.T,0,2,0,43.8,33.79,22.4,923.9,HOLD,1.15,5,2024-04-10,2026-05-22
2026-06-11,9509.T,0,1,0,46.37,28.55,25.08,923.1,TIMEOUT_LOSS,-0.04,5,2024-04-10,2026-05-22
2026-06-12,9509.T,0,1,0,46.5,29.42,24.08,928.5,TIMEOUT_LOSS,-0.97,5,2024-04-10,2026-05-22
2026-06-15,9509.T,0,0,1,51.05,23.34,25.61,950.4,LOSS,-4.0,4,2024-04-10,2026-05-22
2026-06-16,9509.T,0,1,0,48.48,30.34,21.18,922.0,TIMEOUT_LOSS,-1.63,5,2024-04-10,2026-05-22
2026-06-17,9509.T,0,0,1,59.8,19.55,20.65,934.5,TIMEOUT_LOSS,-0.58,5,2024-04-10,2026-05-22
2026-06-18,9509.T,0,0,1,58.62,22.21,19.17,922.7,TIMEOUT_LOSS,-0.31,5,2024-04-10,2026-05-22
2026-06-22,9509.T,0,1,0,51.54,28.76,19.7,919.5,HOLD,0.88,5,2024-04-10,2026-05-22
2026-06-23,9509.T,0,2,0,50.53,27.36,22.11,900.1,HOLD,3.01,5,2024-04-10,2026-05-22
2026-06-24,9509.T,0,2,0,47.36,29.67,22.98,907.0,HOLD,2.0,5,2024-04-10,2026-05-22
2026-06-25,9509.T,0,1,0,48.6,26.35,25.06,929.1,HOLD,0.13,5,2024-04-10,2026-05-22
2026-06-26,9509.T,0,1,0,47.82,26.94,25.24,919.8,HOLD,6.87,5,2024-04-10,2026-05-22
2026-06-29,9509.T,0,1,0,36.53,32.06,31.42,927.6,HOLD,4.85,5,2024-05-13,2026-06-23
2026-06-30,9509.T,0,2,0,36.3,35.52,28.18,927.2,HOLD,5.73,5,2024-05-13,2026-06-23
2026-07-01,9509.T,0,2,0,38.03,30.91,31.07,925.1,HOLD,5.39,5,2024-05-13,2026-06-23
2026-07-02,9509.T,0,2,0,34.33,31.44,34.24,930.3,HOLD,4.26,5,2024-05-13,2026-06-23
2026-07-06,9509.T,2,1,0,35.41,28.12,36.48,983.0,TIMEOUT_LOSS,-3.06,5,2024-05-13,2026-06-23
2026-07-07,9509.T,1,1,1,31.08,41.28,27.63,972.6,HOLD,1.87,5,2024-05-13,2026-06-23
2026-07-08,9509.T,2,0,0,29.8,29.62,40.58,980.3,HOLD,3.64,5,2024-05-13,2026-06-23
2026-07-09,9509.T,2,2,1,33.74,28.97,37.3,975.0,HOLD,3.9,5,2024-05-13,2026-06-23
2026-07-10,9509.T,0,2,0,39.27,33.7,27.03,969.9,HOLD,2.91,5,2024-05-13,2026-06-23
2026-07-13,9509.T,0,2,0,36.82,32.63,30.55,952.9,HOLD,6.78,5,2024-05-13,2026-06-23
2026-07-14,9509.T,2,1,0,35.78,27.9,36.32,990.8,HOLD,2.8,5,2024-05-13,2026-06-23
2026-07-15,9509.T,0,1,0,38.65,30.87,30.48,1016.0,LOSS,-4.0,2,2024-05-13,2026-06-23
2026-07-16,9509.T,2,1,0,33.48,30.36,36.16,1013.0,TIMEOUT_LOSS,-0.54,5,2024-05-13,2026-06-23
2026-07-17,9509.T,2,1,0,33.44,26.82,39.74,998.1,HOLD,3.4,5,2024-05-13,2026-06-23
2026-07-21,9509.T,2,1,0,30.66,26.18,43.16,1017.5,HOLD,0.34,5,2024-05-13,2026-06-23
2026-07-22,9509.T,1,1,1,30.35,40.37,29.29,1018.5,HOLD,0.98,5,2024-05-13,2026-06-23
2026-07-23,9509.T,0,1,0,37.21,30.87,31.91,1012.5,HOLD,0.49,5,2024-05-13,2026-06-23
2026-07-24,9509.T,2,2,1,35.02,26.03,38.95,1007.5,HOLD,1.84,5,2024-05-13,2026-06-23
2026-07-27,9509.T,2,1,0,30.48,25.32,44.2,1032.0,HOLD,0.63,5,2024-05-13,2026-06-23
2026-07-28,9509.T,2,1,0,32.47,26.01,41.52,1021.0,TIMEOUT_LOSS,-0.69,5,2024-05-13,2026-06-23
2026-07-29,9509.T,1,1,1,16.1,61.24,22.67,1028.5,TIMEOUT_LOSS,-0.44,5,2024-06-11,2026-07-23
2026-07-30,9509.T,1,1,1,16.62,50.99,32.39,1017.5,HOLD,0.29,5,2024-06-11,2026-07-23
2026-07-31,9509.T,1,1,1,16.25,53.97,29.78,1026.0,TIMEOUT_LOSS,-0.34,5,2024-06-11,2026-07-23
2026-08-03,9509.T,1,0,0,15.45,51.62,32.94,1038.5,TIMEOUT_LOSS,-0.39,5,2024-06-11,2026-07-23
2026-08-04,9509.T,1,1,1,19.72,46.24,34.03,1014.0,HOLD,0.15,5,2024-06-11,2026-07-23
2026-08-05,9509.T,1,1,1,31.92,44.54,23.54,1024.0,HOLD,0.78,5,2024-06-11,2026-07-23
2026-08-06,9509.T,1,1,1,25.65,44.16,30.19,1020.5,HOLD,2.25,5,2024-06-11,2026-07-23
2026-08-07,9509.T,1,1,1,20.18,46.3,33.52,1022.5,HOLD,3.37,5,2024-06-11,2026-07-23
2024-10-10,9501.T,2,0,0,14.2,28.39,57.41,652.9,LOSS,-4.0,3,2022-08-31,2024-10-04
2024-10-11,9501.T,2,1,0,14.5,29.18,56.32,653.7,LOSS,-4.0,2,2022-08-31,2024-10-04
2024-10-15,9501.T,2,1,0,12.04,30.5,57.46,640.0,LOSS,-4.0,5,2022-08-31,2024-10-04
2024-10-16,9501.T,2,0,0,12.23,27.2,60.57,638.6,LOSS,-4.0,4,2022-08-31,2024-10-04
2024-10-17,9501.T,2,0,0,27.79,28.84,43.37,663.0,LOSS,-4.0,2,2022-08-31,2024-10-04
2024-10-18,9501.T,2,0,0,19.91,27.07,53.02,642.2,LOSS,-4.0,2,2022-08-31,2024-10-04
2024-10-21,9501.T,2,0,0,15.14,27.85,57.01,621.6,LOSS,-4.0,3,2022-08-31,2024-10-04
2024-10-22,9501.T,2,0,0,25.85,27.37,46.78,617.1,LOSS,-4.0,3,2022-08-31,2024-10-04
2024-10-23,9501.T,2,1,0,25.03,27.67,47.31,608.5,HOLD,5.16,5,2022-08-31,2024-10-04
2024-10-24,9501.T,2,2,1,17.94,31.14,50.92,600.4,WIN,8.0,4,2022-08-31,2024-10-04
2024-10-25,9501.T,2,2,1,18.61,31.33,50.06,593.6,WIN,8.0,3,2022-08-31,2024-10-04
2024-10-28,9501.T,2,1,0,22.81,25.56,51.63,615.3,HOLD,1.79,5,2022-08-31,2024-10-04
2024-10-29,9501.T,2,2,1,18.93,24.07,56.99,616.0,HOLD,2.16,5,2022-08-31,2024-10-04
2024-10-30,9501.T,2,0,0,30.94,24.56,44.5,639.9,TIMEOUT_LOSS,-1.88,5,2022-08-31,2024-10-04
2024-10-31,9501.T,2,1,0,21.83,23.4,54.77,622.8,TIMEOUT_LOSS,-1.4,5,2022-08-31,2024-10-04
2024-11-01,9501.T,2,1,0,23.83,25.18,50.98,626.9,LOSS,-4.0,5,2022-08-31,2024-10-04
2024-11-05,9501.T,2,0,0,23.18,23.35,53.47,626.3,LOSS,-4.0,5,2022-08-31,2024-10-04
2024-11-06,9501.T,2,0,0,20.83,27.5,51.67,629.3,LOSS,-4.0,3,2022-08-31,2024-10-04
2024-11-07,9501.T,2,0,0,18.78,31.29,49.93,627.9,LOSS,-4.0,2,2022-08-31,2024-10-04
2024-11-08,9501.T,2,0,0,17.24,23.28,59.49,614.1,LOSS,-4.0,3,2022-08-31,2024-10-04
2024-11-11,9501.T,2,0,0,31.61,33.34,35.06,604.1,LOSS,-4.0,2,2022-10-03,2024-11-05
2024-11-12,9501.T,1,0,0,29.95,37.59,32.46,591.5,LOSS,-4.0,2,2022-10-03,2024-11-05
2024-11-13,9501.T,2,2,1,27.46,32.8,39.75,573.0,TIMEOUT_LOSS,-0.16,5,2022-10-03,2024-11-05
2024-11-14,9501.T,2,2,1,23.88,31.75,44.37,565.7,TIMEOUT_LOSS,-0.83,5,2022-10-03,2024-11-05
2024-11-15,9501.T,0,1,0,36.53,30.89,32.58,580.6,LOSS,-4.0,5,2022-10-03,2024-11-05
2024-11-18,9501.T,0,0,1,38.08,30.94,30.98,584.4,LOSS,-4.0,3,2022-10-03,2024-11-05
2024-11-19,9501.T,2,0,0,33.64,29.48,36.88,585.5,LOSS,-4.0,2,2022-10-03,2024-11-05
2024-11-20,9501.T,2,1,0,28.47,31.19,40.34,572.1,LOSS,-4.0,4,2022-10-03,2024-11-05
2024-11-21,9501.T,2,0,0,25.42,29.08,45.5,561.0,LOSS,-4.0,4,2022-10-03,2024-11-05
2024-11-22,9501.T,2,0,0,20.1,28.41,51.5,558.8,LOSS,-4.0,3,2022-10-03,2024-11-05
2024-11-25,9501.T,2,0,0,15.47,31.89,52.64,563.9,LOSS,-4.0,2,2022-10-03,2024-11-05
2024-11-26,9501.T,2,1,0,16.7,31.71,51.59,547.2,TIMEOUT_LOSS,-2.65,5,2022-10-03,2024-11-05
2024-11-27,9501.T,2,1,0,17.96,28.99,53.05,540.4,LOSS,-4.0,5,2022-10-03,2024-11-05
2024-11-29,9501.T,2,1,0,21.52,28.58,49.9,536.2,LOSS,-4.0,5,2022-10-03,2024-11-05
2024-12-02,9501.T,2,0,0,19.44,35.44,45.12,542.3,LOSS,-4.0,3,2022-10-03,2024-11-05
2024-12-03,9501.T,2,0,0,19.82,32.29,47.89,533.6,LOSS,-4.0,4,2022-10-03,2024-11-05
2024-12-04,9501.T,2,0,0,24.5,35.88,39.62,532.7,LOSS,-4.0,3,2022-10-03,2024-11-05
2024-12-05,9501.T,1,0,0,23.06,38.7,38.24,520.4,LOSS,-4.0,4,2022-10-03,2024-11-05
2024-12-06,9501.T,2,0,0,25.64,34.24,40.12,514.2,LOSS,-4.0,5,2022-10-03,2024-11-05
2024-12-09,9501.T,2,0,0,23.38,33.85,42.78,513.7,LOSS,-4.0,4,2022-10-03,2024-11-05
2024-12-10,9501.T,0,0,1,41.53,32.35,26.12,506.5,LOSS,-4.0,3,2022-11-01,2024-12-04
2024-12-11,9501.T,0,0,1,38.88,33.17,27.94,496.6,LOSS,-4.0,3,2022-11-01,2024-12-04
2024-12-12,9501.T,0,0,1,53.41,28.5,18.09,501.7,LOSS,-4.0,1,2022-11-01,2024-12-04
2024-12-13,9501.T,0,0,1,42.48,31.96,25.56,483.1,LOSS,-4.0,2,2022-11-01,2024-12-04
2024-12-16,9501.T,0,0,1,42.59,32.06,25.36,473.4,LOSS,-4.0,3,2022-11-01,2024-12-04
2024-12-17,9501.T,0,0,1,38.18,32.09,29.74,460.4,LOSS,-4.0,4,2022-11-01,2024-12-04
2024-12-18,9501.T,0,0,1,38.95,31.36,29.69,462.3,LOSS,-4.0,2,2022-11-01,2024-12-04
2024-12-19,9501.T,2,2,1,28.97,34.15,36.88,444.3,WIN,8.0,5,2022-11-01,2024-12-04
2024-12-20,9501.T,0,2,0,41.18,28.2,30.62,444.5,WIN,8.0,4,2022-11-01,2024-12-04
2024-12-23,9501.T,0,2,0,47.37,27.16,25.47,452.7,WIN,8.0,4,2022-11-01,2024-12-04
2024-12-24,9501.T,0,2,0,52.02,24.15,23.83,462.8,HOLD,0.56,5,2022-11-01,2024-12-04
2024-12-26,9501.T,0,2,0,53.45,25.3,21.26,464.4,TIMEOUT_LOSS,-1.29,5,2022-11-01,2024-12-04
2024-12-27,9501.T,0,0,1,49.03,24.8,26.17,477.7,LOSS,-4.0,4,2022-11-01,2024-12-04
2024-12-30,9501.T,0,0,1,52.84,23.74,23.42,475.0,LOSS,-4.0,4,2022-11-01,2024-12-04
2025-01-06,9501.T,0,0,1,55.76,21.87,22.37,472.7,LOSS,-4.0,3,2022-11-01,2024-12-04
2025-01-07,9501.T,0,0,1,55.65,25.47,18.88,465.4,LOSS,-4.0,2,2022-11-01,2024-12-04
2025-01-08,9501.T,0,0,1,58.95,24.32,16.74,458.4,LOSS,-4.0,2,2022-11-01,2024-12-04
2025-01-09,9501.T,0,0,1,41.02,30.03,28.95,442.4,LOSS,-4.0,2,2022-11-01,2024-12-04
2025-01-10,9501.T,2,0,0,34.01,30.7,35.29,434.8,LOSS,-4.0,2,2022-11-01,2024-12-04
2025-01-14,9501.T,2,1,0,29.63,34.47,35.9,422.4,HOLD,0.26,5,2022-11-01,2024-12-04
2025-01-15,9501.T,0,1,0,52.96,19.83,27.21,424.3,LOSS,-4.0,5,2022-12-02,2025-01-08
2025-01-16,9501.T,0,1,0,52.81,20.61,26.58,421.9,HOLD,1.11,5,2022-12-02,2025-01-08
2025-01-17,9501.T,0,1,0,55.42,22.46,22.12,421.8,HOLD,1.04,5,2022-12-02,2025-01-08
2025-01-21,9501.T,0,1,0,60.38,16.5,23.12,422.7,TIMEOUT_LOSS,-1.21,5,2022-12-02,2025-01-08
2025-01-22,9501.T,0,1,0,71.81,8.26,19.92,423.5,LOSS,-4.0,1,2022-12-02,2025-01-08
2025-01-23,9501.T,0,1,0,78.37,6.61,15.02,417.0,HOLD,1.82,5,2022-12-02,2025-01-08
2025-01-24,9501.T,0,1,0,71.7,8.55,19.76,426.6,LOSS,-4.0,5,2022-12-02,2025-01-08
2025-01-27,9501.T,0,1,0,70.01,11.41,18.57,426.2,LOSS,-4.0,4,2022-12-02,2025-01-08
2025-01-28,9501.T,0,0,1,54.5,23.17,22.33,417.6,LOSS,-4.0,4,2022-12-02,2025-01-08
2025-01-29,9501.T,0,0,1,65.14,12.05,22.81,420.4,LOSS,-4.0,3,2022-12-02,2025-01-08
2025-01-30,9501.T,0,0,1,55.31,17.94,26.75,424.6,LOSS,-4.0,2,2022-12-02,2025-01-08
2025-01-31,9501.T,0,0,1,62.54,17.02,20.44,409.1,TIMEOUT_LOSS,-2.22,5,2022-12-02,2025-01-08
2025-02-03,9501.T,0,2,0,42.27,26.66,31.07,398.6,HOLD,0.63,5,2022-12-02,2025-01-08
2025-02-04,9501.T,0,1,0,49.52,24.58,25.89,402.5,TIMEOUT_LOSS,-2.68,5,2022-12-02,2025-01-08
2025-02-05,9501.T,0,1,0,51.07,22.98,25.95,400.6,TIMEOUT_LOSS,-1.35,5,2022-12-02,2025-01-08
2025-02-06,9501.T,0,0,1,54.17,22.84,22.99,412.0,LOSS,-4.0,3,2022-12-02,2025-01-08
2025-02-07,9501.T,0,1,0,52.64,21.99,25.36,400.0,HOLD,0.53,5,2022-12-02,2025-01-08
2025-02-10,9501.T,0,0,1,50.42,23.07,26.5,401.1,TIMEOUT_LOSS,-1.84,5,2022-12-02,2025-01-08
2025-02-12,9501.T,0,2,0,49.62,25.21,25.17,391.7,HOLD,0.08,5,2022-12-02,2025-01-08
2025-02-13,9501.T,0,1,0,57.73,16.12,26.15,395.2,HOLD,0.28,5,2022-12-02,2025-01-08
2025-02-14,9501.T,1,1,1,38.39,47.8,13.8,393.0,HOLD,1.42,5,2023-01-04,2025-02-07
2025-02-18,9501.T,0,1,0,48.79,35.48,15.73,402.1,TIMEOUT_LOSS,-2.21,5,2023-01-04,2025-02-07
2025-02-19,9501.T,0,1,0,48.35,36.35,15.31,393.7,LOSS,-4.0,5,2023-01-04,2025-02-07
2025-02-20,9501.T,1,1,1,38.67,46.8,14.53,392.0,LOSS,-4.0,4,2023-01-04,2025-02-07
2025-02-21,9501.T,1,0,0,40.82,45.8,13.39,396.3,LOSS,-4.0,3,2023-01-04,2025-02-07
2025-02-25,9501.T,1,0,0,41.33,42.19,16.48,398.6,LOSS,-4.0,2,2023-01-04,2025-02-07
2025-02-26,9501.T,1,2,0,37.38,43.11,19.51,393.2,LOSS,-4.0,1,2023-01-04,2025-02-07
2025-02-27,9501.T,1,2,0,28.08,50.84,21.08,374.8,WIN,8.0,2,2023-01-04,2025-02-07
2025-02-28,9501.T,1,2,0,38.81,38.95,22.24,383.0,HOLD,5.74,5,2023-01-04,2025-02-07
2025-03-03,9501.T,0,1,0,43.76,33.83,22.41,402.8,HOLD,4.37,5,2023-01-04,2025-02-07
2025-03-04,9501.T,0,1,0,40.68,36.11,23.21,401.0,HOLD,3.29,5,2023-01-04,2025-02-07
2025-03-05,9501.T,0,2,0,38.46,37.3,24.24,406.6,HOLD,1.25,5,2023-01-04,2025-02-07
2025-03-06,9501.T,1,2,0,34.37,38.12,27.51,401.8,HOLD,4.75,5,2023-01-04,2025-02-07
2025-03-07,9501.T,1,2,0,35.35,37.25,27.4,405.0,WIN,8.0,5,2023-01-04,2025-02-07
2025-03-10,9501.T,0,1,0,40.24,33.83,25.93,420.4,WIN,8.0,5,2023-01-04,2025-02-07
2025-03-11,9501.T,1,2,0,32.78,39.63,27.58,414.2,WIN,8.0,4,2023-01-04,2025-02-07
2025-03-12,9501.T,1,2,0,30.36,41.09,28.55,411.7,WIN,8.0,3,2023-01-04,2025-02-07
2025-03-13,9501.T,1,2,0,28.33,38.98,32.69,420.9,WIN,8.0,2,2023-01-04,2025-02-07
2025-03-14,9501.T,1,2,0,26.56,41.38,32.06,434.9,WIN,8.0,1,2023-01-04,2025-02-07
2025-03-17,9501.T,0,1,0,46.1,27.38,26.51,459.8,LOSS,-4.0,1,2023-01-04,2025-02-07
2025-03-18,9501.T,2,2,1,25.51,37.19,37.3,443.8,HOLD,2.52,5,2023-02-03,2025-03-12
2025-03-19,9501.T,1,1,1,29.27,36.88,33.85,463.1,TIMEOUT_LOSS,-1.86,5,2023-02-03,2025-03-12
2025-03-21,9501.T,1,0,0,26.2,37.97,35.83,463.2,TIMEOUT_LOSS,-3.32,5,2023-02-03,2025-03-12
2025-03-24,9501.T,1,1,1,25.49,39.49,35.02,457.3,LOSS,-4.0,5,2023-02-03,2025-03-12
2025-03-25,9501.T,1,0,0,24.51,40.69,34.79,459.8,LOSS,-4.0,4,2023-02-03,2025-03-12
2025-03-26,9501.T,1,0,0,25.78,37.94,36.28,455.0,LOSS,-4.0,3,2023-02-03,2025-03-12
2025-03-27,9501.T,1,0,0,22.83,39.72,37.45,454.5,LOSS,-4.0,2,2023-02-03,2025-03-12
2025-03-28,9501.T,1,0,0,23.89,38.5,37.61,447.8,LOSS,-4.0,1,2023-02-03,2025-03-12
2025-03-31,9501.T,2,0,0,28.86,28.55,42.58,429.7,LOSS,-4.0,2,2023-02-03,2025-03-12
2025-04-01,9501.T,2,0,0,19.77,31.84,48.39,432.3,LOSS,-4.0,1,2023-02-03,2025-03-12
2025-04-02,9501.T,2,0,0,20.28,22.81,56.91,410.5,LOSS,-4.0,1,2023-02-03,2025-03-12
2025-04-03,9501.T,2,0,0,15.67,29.0,55.33,414.9,LOSS,-4.0,2,2023-02-03,2025-03-12
2025-04-04,9501.T,2,0,0,20.76,21.13,58.11,406.5,LOSS,-4.0,1,2023-02-03,2025-03-12
2025-04-07,9501.T,2,2,1,17.77,21.59,60.64,376.2,WIN,8.0,1,2023-02-03,2025-03-12
2025-04-08,9501.T,2,2,1,17.34,32.35,50.31,408.0,LOSS,-4.0,1,2023-02-03,2025-03-12
2025-04-09,9501.T,2,2,1,15.02,24.98,60.0,390.5,WIN,8.0,3,2023-02-03,2025-03-12
2025-04-10,9501.T,2,1,0,17.92,35.26,46.82,414.7,LOSS,-4.0,1,2023-02-03,2025-03-12
2025-04-11,9501.T,2,0,0,14.94,29.78,55.28,418.1,LOSS,-4.0,4,2023-02-03,2025-03-12
2025-04-14,9501.T,2,0,0,11.01,33.06,55.93,415.6,HOLD,2.55,5,2023-02-03,2025-03-12
2025-04-15,9501.T,2,2,1,11.31,34.72,53.97,411.1,WIN,8.0,5,2023-02-03,2025-03-12
2025-04-16,9501.T,2,2,1,16.5,31.78,51.72,403.9,WIN,8.0,4,2023-03-07,2025-04-10
2025-04-17,9501.T,2,2,1,23.11,29.39,47.5,405.2,WIN,8.0,3,2023-03-07,2025-04-10
2025-04-21,9501.T,2,2,1,19.83,34.39,45.79,421.4,HOLD,5.53,5,2023-03-07,2025-04-10
2025-04-22,9501.T,2,2,1,22.8,31.15,46.05,426.2,HOLD,2.32,5,2023-03-07,2025-04-10
2025-04-23,9501.T,2,2,1,22.61,30.45,46.94,434.8,LOSS,-4.0,5,2023-03-07,2025-04-10
2025-04-24,9501.T,2,1,0,23.27,31.08,45.65,430.0,LOSS,-4.0,5,2023-03-07,2025-04-10
2025-04-25,9501.T,2,0,0,26.08,30.11,43.8,436.2,LOSS,-4.0,3,2023-03-07,2025-04-10
2025-04-28,9501.T,2,0,0,32.61,31.75,35.63,444.7,LOSS,-4.0,2,2023-03-07,2025-04-10
2025-04-30,9501.T,2,0,0,27.41,32.79,39.8,436.1,LOSS,-4.0,1,2023-03-07,2025-04-10
2025-05-01,9501.T,2,0,0,26.31,33.13,40.56,416.0,HOLD,0.7,5,2023-03-07,2025-04-10
2025-05-02,9501.T,2,0,0,23.85,36.69,39.46,415.6,TIMEOUT_LOSS,-0.89,5,2023-03-07,2025-04-10
2025-05-07,9501.T,2,2,1,24.74,33.58,41.68,411.4,HOLD,0.51,5,2023-03-07,2025-04-10
2025-05-08,9501.T,1,2,0,21.69,41.49,36.82,405.2,HOLD,0.89,5,2023-03-07,2025-04-10
2025-05-09,9501.T,2,1,0,22.79,38.45,38.75,408.6,TIMEOUT_LOSS,-0.78,5,2023-03-07,2025-04-10
2025-05-12,9501.T,2,0,0,27.1,35.12,37.78,418.9,TIMEOUT_LOSS,-2.96,5,2023-03-07,2025-04-10
2025-05-13,9501.T,1,0,0,23.14,38.9,37.96,411.9,TIMEOUT_LOSS,-3.18,5,2023-03-07,2025-04-10
2025-05-14,9501.T,1,0,0,28.03,38.58,33.39,413.5,TIMEOUT_LOSS,-2.68,5,2023-03-07,2025-04-10
2025-05-15,9501.T,1,0,0,34.25,36.09,29.67,408.8,TIMEOUT_LOSS,-2.62,5,2023-03-07,2025-04-10
2025-05-16,9501.T,0,1,0,38.67,35.79,25.54,405.4,TIMEOUT_LOSS,-2.69,5,2023-03-07,2025-04-10
2025-05-19,9501.T,0,0,1,39.35,35.34,25.31,406.5,TIMEOUT_LOSS,-0.27,5,2023-03-07,2025-04-10
2025-05-20,9501.T,0,1,0,50.68,22.94,26.38,398.8,HOLD,0.2,5,2023-04-05,2025-05-14
2025-05-21,9501.T,0,1,0,49.9,23.37,26.73,402.4,TIMEOUT_LOSS,-2.46,5,2023-04-05,2025-05-14
2025-05-22,9501.T,0,1,0,47.52,20.95,31.53,398.1,TIMEOUT_LOSS,-0.15,5,2023-04-05,2025-05-14
2025-05-23,9501.T,0,1,0,42.8,24.08,33.12,394.5,TIMEOUT_LOSS,-1.93,5,2023-04-05,2025-05-14
2025-05-27,9501.T,0,0,1,39.43,24.62,35.94,405.4,LOSS,-4.0,4,2023-04-05,2025-05-14
2025-05-28,9501.T,0,0,1,40.7,28.91,30.39,399.6,LOSS,-4.0,4,2023-04-05,2025-05-14
2025-05-29,9501.T,0,0,1,37.11,31.67,31.21,392.5,LOSS,-4.0,5,2023-04-05,2025-05-14
2025-05-30,9501.T,0,0,1,46.02,30.33,23.65,397.5,LOSS,-4.0,2,2023-04-05,2025-05-14
2025-06-02,9501.T,0,0,1,39.01,27.42,33.57,386.9,LOSS,-4.0,4,2023-04-05,2025-05-14
2025-06-03,9501.T,0,0,1,36.53,28.69,34.78,380.9,HOLD,0.13,5,2023-04-05,2025-05-14
2025-06-04,9501.T,0,0,1,39.35,30.19,30.46,381.8,LOSS,-4.0,3,2023-04-05,2025-05-14
2025-06-05,9501.T,0,1,0,36.47,29.2,34.33,376.1,HOLD,5.16,5,2023-04-05,2025-05-14
2025-06-06,9501.T,0,2,0,35.39,29.53,35.08,372.9,WIN,8.0,5,2023-04-05,2025-05-14
2025-06-09,9501.T,0,2,0,44.98,27.55,27.47,371.2,WIN,8.0,4,2023-04-05,2025-05-14
2025-06-10,9501.T,0,2,0,50.21,26.85,22.94,381.4,WIN,8.0,3,2023-04-05,2025-05-14
2025-06-11,9501.T,0,2,0,52.58,26.72,20.7,393.8,WIN,8.0,3,2023-04-05,2025-05-14
2025-06-12,9501.T,0,2,0,50.31,21.88,27.8,395.5,WIN,8.0,2,2023-04-05,2025-05-14
2025-06-13,9501.T,0,2,0,41.37,24.89,33.74,405.8,WIN,8.0,2,2023-04-05,2025-05-14
2025-06-16,9501.T,0,2,0,51.03,22.43,26.54,424.7,WIN,8.0,3,2023-04-05,2025-05-14
2025-06-17,9501.T,0,0,1,53.18,23.75,23.06,442.2,TIMEOUT_LOSS,-3.39,5,2023-04-05,2025-05-14
2025-06-18,9501.T,2,1,0,35.39,25.4,39.21,446.7,LOSS,-4.0,2,2023-05-09,2025-06-12
2025-06-20,9501.T,0,0,1,41.65,23.66,34.69,445.8,LOSS,-4.0,1,2023-05-09,2025-06-12
2025-06-23,9501.T,0,2,0,46.27,21.11,32.62,427.2,WIN,8.0,5,2023-05-09,2025-06-12
2025-06-24,9501.T,0,2,0,44.17,26.54,29.29,443.2,LOSS,-4.0,2,2023-05-09,2025-06-12
2025-06-25,9501.T,0,2,0,47.56,26.37,26.07,427.2,WIN,8.0,3,2023-05-09,2025-06-12
2025-06-26,9501.T,0,2,0,52.39,26.88,20.73,443.0,WIN,8.0,2,2023-05-09,2025-06-12
2025-06-27,9501.T,0,2,0,52.16,25.99,21.85,452.4,WIN,8.0,2,2023-05-09,2025-06-12
2025-06-30,9501.T,0,2,0,47.7,31.08,21.22,480.1,WIN,8.0,1,2023-05-09,2025-06-12
2025-07-01,9501.T,0,0,1,50.0,26.52,23.48,528.0,LOSS,-4.0,2,2023-05-09,2025-06-12
2025-07-02,9501.T,0,2,0,50.33,28.01,21.66,516.3,WIN,8.0,3,2023-05-09,2025-06-12
2025-07-03,9501.T,0,2,0,45.77,32.77,21.46,526.8,TIMEOUT_LOSS,-3.4,5,2023-05-09,2025-06-12
2025-07-07,9501.T,0,1,0,43.73,31.92,24.35,518.1,WIN,8.0,1,2023-05-09,2025-06-12
2025-07-08,9501.T,0,0,1,45.11,27.66,27.23,550.0,LOSS,-4.0,2,2023-05-09,2025-06-12
2025-07-09,9501.T,0,0,1,42.07,31.45,26.49,546.7,LOSS,-4.0,1,2023-05-09,2025-06-12
2025-07-10,9501.T,0,1,0,41.65,26.38,31.96,519.0,TIMEOUT_LOSS,-0.77,5,2023-05-09,2025-06-12
2025-07-11,9501.T,0,2,0,43.72,24.94,31.35,508.9,HOLD,3.38,5,2023-05-09,2025-06-12
2025-07-14,9501.T,0,1,0,49.87,23.47,26.67,512.5,WIN,8.0,5,2023-05-09,2025-06-12
2025-07-15,9501.T,0,2,0,44.84,28.84,26.32,516.5,WIN,8.0,4,2023-05-09,2025-06-12
2025-07-16,9501.T,0,2,0,45.05,28.0,26.96,526.5,WIN,8.0,4,2023-05-09,2025-06-12
2025-07-17,9501.T,0,2,0,46.64,27.07,26.29,515.0,WIN,8.0,2,2023-05-09,2025-06-12
2025-07-18,9501.T,1,2,0,28.88,36.75,34.37,526.1,WIN,8.0,2,2023-06-07,2025-07-14
2025-07-22,9501.T,2,2,1,27.84,31.76,40.39,551.0,HOLD,5.64,5,2023-06-07,2025-07-14
2025-07-23,9501.T,0,2,0,40.41,21.73,37.86,575.7,HOLD,2.5,5,2023-06-07,2025-07-14
2025-07-24,9501.T,2,1,0,33.44,32.43,34.14,574.9,HOLD,0.02,5,2023-06-07,2025-07-14
2025-07-25,9501.T,1,2,0,32.93,36.16,30.91,571.8,HOLD,4.06,5,2023-06-07,2025-07-14
2025-07-28,9501.T,0,0,1,37.27,36.03,26.7,590.2,LOSS,-4.0,3,2023-06-07,2025-07-14
2025-07-29,9501.T,0,2,0,39.13,37.57,23.29,582.1,WIN,8.0,5,2023-06-07,2025-07-14
2025-07-30,9501.T,0,1,0,42.23,35.7,22.07,590.1,LOSS,-4.0,1,2023-06-07,2025-07-14
2025-07-31,9501.T,0,2,0,35.54,35.47,28.99,575.0,WIN,8.0,3,2023-06-07,2025-07-14
2025-08-01,9501.T,0,2,0,36.98,34.32,28.7,595.0,WIN,8.0,3,2023-06-07,2025-07-14
2025-08-04,9501.T,1,2,0,32.28,34.52,33.2,584.7,WIN,8.0,1,2023-06-07,2025-07-14
2025-08-05,9501.T,0,2,0,42.89,26.19,30.92,618.5,WIN,8.0,3,2023-06-07,2025-07-14
2025-08-06,9501.T,0,2,0,37.06,32.23,30.72,630.0,WIN,8.0,3,2023-06-07,2025-07-14
2025-08-07,9501.T,2,2,1,29.41,31.26,39.33,647.9,WIN,8.0,3,2023-06-07,2025-07-14
2025-08-08,9501.T,2,2,1,26.74,30.89,42.37,666.0,WIN,8.0,3,2023-06-07,2025-07-14
2025-08-12,9501.T,2,2,1,27.54,29.33,43.12,668.6,WIN,8.0,2,2023-06-07,2025-07-14
2025-08-13,9501.T,0,1,0,37.3,26.71,35.99,716.3,HOLD,2.71,5,2023-06-07,2025-07-14
2025-08-14,9501.T,2,2,1,30.81,31.06,38.13,723.9,HOLD,3.43,5,2023-06-07,2025-07-14
2025-08-15,9501.T,0,1,0,35.44,29.22,35.34,740.0,LOSS,-4.0,1,2023-06-07,2025-07-14
2025-08-18,9501.T,0,2,0,37.31,30.67,32.02,713.3,WIN,8.0,4,2023-06-07,2025-07-14
2025-08-19,9501.T,2,2,1,24.37,37.46,38.17,739.4,LOSS,-4.0,5,2023-07-07,2025-08-13
2025-08-20,9501.T,2,1,0,28.77,34.63,36.6,735.7,LOSS,-4.0,4,2023-07-07,2025-08-13
2025-08-21,9501.T,2,0,0,27.51,35.27,37.22,748.7,LOSS,-4.0,3,2023-07-07,2025-08-13
2025-08-22,9501.T,2,0,0,30.26,30.25,39.5,761.8,LOSS,-4.0,2,2023-07-07,2025-08-13
2025-08-25,9501.T,2,1,0,30.69,31.48,37.84,746.1,LOSS,-4.0,1,2023-07-07,2025-08-13
2025-08-26,9501.T,2,2,1,31.44,25.03,43.53,705.2,WIN,8.0,4,2023-07-07,2025-08-13
2025-08-27,9501.T,2,2,1,20.52,27.82,51.66,730.1,LOSS,-4.0,4,2023-07-07,2025-08-13
2025-08-28,9501.T,2,0,0,19.94,29.92,50.14,748.9,LOSS,-4.0,3,2023-07-07,2025-08-13
2025-08-29,9501.T,2,0,0,20.46,33.95,45.59,755.1,LOSS,-4.0,2,2023-07-07,2025-08-13
2025-09-02,9501.T,2,0,0,20.43,26.72,52.84,770.2,LOSS,-4.0,1,2023-07-07,2025-08-13
2025-09-03,9501.T,2,2,1,27.22,24.68,48.1,716.4,HOLD,4.69,5,2023-07-07,2025-08-13
2025-09-04,9501.T,2,2,1,23.71,30.61,45.68,738.5,HOLD,2.9,5,2023-07-07,2025-08-13
2025-09-05,9501.T,1,2,0,24.83,38.06,37.12,731.2,HOLD,2.5,5,2023-07-07,2025-08-13
2025-09-08,9501.T,2,1,0,25.27,35.94,38.79,761.5,TIMEOUT_LOSS,-2.95,5,2023-07-07,2025-08-13
2025-09-09,9501.T,1,1,1,22.27,46.43,31.31,754.2,LOSS,-4.0,5,2023-07-07,2025-08-13
2025-09-10,9501.T,1,1,1,22.29,40.36,37.35,750.0,LOSS,-4.0,4,2023-07-07,2025-08-13
2025-09-11,9501.T,1,0,0,23.58,45.41,31.01,759.9,LOSS,-4.0,3,2023-07-07,2025-08-13
2025-09-12,9501.T,1,0,0,23.21,47.75,29.05,749.5,LOSS,-4.0,2,2023-07-07,2025-08-13
2025-09-16,9501.T,1,0,0,22.17,48.21,29.62,739.0,LOSS,-4.0,1,2023-07-07,2025-08-13
2025-09-17,9501.T,1,0,0,21.46,47.7,30.84,707.0,LOSS,-4.0,1,2023-07-07,2025-08-13
2025-09-18,9501.T,2,0,0,20.71,34.67,44.62,652.7,LOSS,-4.0,3,2023-08-07,2025-09-11
2025-09-19,9501.T,2,0,0,24.93,35.65,39.42,685.6,LOSS,-4.0,1,2023-08-07,2025-09-11
2025-09-22,9501.T,1,2,0,17.23,42.86,39.91,659.9,LOSS,-4.0,1,2023-08-07,2025-09-11
2025-09-24,9501.T,2,2,1,16.73,37.19,46.08,627.8,WIN,8.0,2,2023-08-07,2025-09-11
2025-09-25,9501.T,2,2,1,19.31,36.14,44.54,660.7,LOSS,-4.0,5,2023-08-07,2025-09-11
2025-09-26,9501.T,2,2,1,20.37,34.47,45.15,679.6,LOSS,-4.0,4,2023-08-07,2025-09-11
2025-09-29,9501.T,2,0,0,21.01,36.52,42.47,682.2,LOSS,-4.0,3,2023-08-07,2025-09-11
2025-09-30,9501.T,2,1,0,18.83,29.07,52.11,694.2,LOSS,-4.0,2,2023-08-07,2025-09-11
2025-10-01,9501.T,2,2,1,17.45,28.37,54.18,698.0,LOSS,-4.0,1,2023-08-07,2025-09-11
2025-10-02,9501.T,2,2,1,21.16,27.91,50.94,643.1,WIN,8.0,1,2023-08-07,2025-09-11
2025-10-03,9501.T,2,2,1,22.91,29.61,47.49,697.5,WIN,8.0,2,2023-08-07,2025-09-11
2025-10-06,9501.T,2,2,1,17.85,36.92,45.23,723.6,WIN,8.0,3,2023-08-07,2025-09-11
2025-10-07,9501.T,2,2,1,17.98,36.07,45.96,743.7,WIN,8.0,2,2023-08-07,2025-09-11
2025-10-08,9501.T,2,1,0,20.41,36.71,42.88,759.0,WIN,8.0,5,2023-08-07,2025-09-11
2025-10-09,9501.T,1,0,0,24.04,39.49,36.46,796.5,LOSS,-4.0,1,2023-08-07,2025-09-11
2025-10-10,9501.T,2,2,1,20.3,34.77,44.93,763.5,WIN,8.0,3,2023-08-07,2025-09-11
2025-10-14,9501.T,1,2,0,23.41,40.81,35.78,749.4,WIN,8.0,2,2023-08-07,2025-09-11
2025-10-15,9501.T,2,2,1,25.85,36.46,37.69,782.5,HOLD,0.06,5,2023-08-07,2025-09-11
2025-10-16,9501.T,2,0,0,26.27,36.53,37.2,822.3,LOSS,-4.0,1,2023-08-07,2025-09-11
2025-10-17,9501.T,2,1,0,24.67,37.02,38.31,790.0,LOSS,-4.0,5,2023-08-07,2025-09-11
2025-10-20,9501.T,2,0,0,25.28,36.88,37.84,811.4,LOSS,-4.0,3,2023-09-06,2025-10-14
2025-10-21,9501.T,2,0,0,25.0,31.54,43.47,790.6,LOSS,-4.0,3,2023-09-06,2025-10-14
2025-10-22,9501.T,1,0,0,25.44,38.02,36.55,783.0,LOSS,-4.0,2,2023-09-06,2025-10-14
2025-10-23,9501.T,2,0,0,25.03,35.77,39.19,769.8,LOSS,-4.0,3,2023-09-06,2025-10-14
2025-10-24,9501.T,2,0,0,26.16,31.95,41.89,748.9,LOSS,-4.0,3,2023-09-06,2025-10-14
2025-10-27,9501.T,1,1,1,28.66,38.54,32.8,747.9,LOSS,-4.0,2,2023-09-06,2025-10-14
2025-10-28,9501.T,2,2,1,26.38,30.38,43.24,723.0,WIN,8.0,3,2023-09-06,2025-10-14
2025-10-29,9501.T,2,2,1,23.62,30.21,46.16,705.9,WIN,8.0,2,2023-09-06,2025-10-14
2025-10-30,9501.T,2,2,1,28.82,32.97,38.21,748.2,WIN,8.0,3,2023-09-06,2025-10-14
2025-10-31,9501.T,0,2,0,35.69,35.08,29.23,772.1,WIN,8.0,3,2023-09-06,2025-10-14
2025-11-04,9501.T,1,2,0,33.37,38.9,27.72,764.7,WIN,8.0,2,2023-09-06,2025-10-14
2025-11-05,9501.T,0,2,0,38.65,32.64,28.71,818.5,WIN,8.0,5,2023-09-06,2025-10-14
2025-11-06,9501.T,2,2,1,30.9,30.79,38.32,841.5,WIN,8.0,5,2023-09-06,2025-10-14
2025-11-07,9501.T,2,2,1,28.01,28.39,43.6,844.0,WIN,8.0,4,2023-09-06,2025-10-14
2025-11-10,9501.T,2,2,1,24.65,32.29,43.06,855.0,WIN,8.0,3,2023-09-06,2025-10-14
2025-11-11,9501.T,2,1,0,25.43,36.69,37.88,868.0,WIN,8.0,2,2023-09-06,2025-10-14
2025-11-12,9501.T,2,2,1,25.94,34.12,39.93,880.0,LOSS,-4.0,5,2023-09-06,2025-10-14
2025-11-13,9501.T,2,0,0,31.04,26.04,42.92,934.1,LOSS,-4.0,1,2023-09-06,2025-10-14
2025-11-14,9501.T,2,1,0,22.49,18.81,58.7,878.0,LOSS,-4.0,4,2023-09-06,2025-10-14
2025-11-17,9501.T,2,0,0,22.2,27.72,50.08,900.0,LOSS,-4.0,2,2023-09-06,2025-10-14
2025-11-18,9501.T,2,0,0,26.15,22.28,51.57,880.6,LOSS,-4.0,1,2023-10-05,2025-11-12
2025-11-19,9501.T,2,0,0,29.19,19.56,51.25,868.0,LOSS,-4.0,1,2023-10-05,2025-11-12
2025-11-20,9501.T,2,0,0,32.86,21.3,45.84,834.0,LOSS,-4.0,1,2023-10-05,2025-11-12
2025-11-21,9501.T,2,0,0,25.29,32.29,42.42,817.9,LOSS,-4.0,1,2023-10-05,2025-11-12
2025-11-25,9501.T,2,0,0,27.26,24.78,47.96,765.5,LOSS,-4.0,3,2023-10-05,2025-11-12
2025-11-26,9501.T,2,0,0,28.62,29.98,41.4,800.6,LOSS,-4.0,2,2023-10-05,2025-11-12
2025-11-28,9501.T,2,0,0,27.77,25.99,46.24,793.0,LOSS,-4.0,1,2023-10-05,2025-11-12
2025-12-01,9501.T,2,0,0,20.29,23.87,55.84,716.0,LOSS,-4.0,1,2023-10-05,2025-11-12
2025-12-02,9501.T,2,0,0,29.67,19.24,51.09,668.2,LOSS,-4.0,2,2023-10-05,2025-11-12
2025-12-03,9501.T,2,0,0,24.78,28.42,46.79,659.5,LOSS,-4.0,1,2023-10-05,2025-11-12
2025-12-04,9501.T,2,0,0,26.56,28.36,45.08,655.6,LOSS,-4.0,2,2023-10-05,2025-11-12
2025-12-05,9501.T,2,1,0,29.74,32.44,37.81,644.6,HOLD,2.54,5,2023-10-05,2025-11-12
2025-12-08,9501.T,2,1,0,31.07,29.89,39.03,627.5,HOLD,4.72,5,2023-10-05,2025-11-12
2025-12-09,9501.T,2,2,1,33.64,27.21,39.16,640.4,TIMEOUT_LOSS,-0.55,5,2023-10-05,2025-11-12
2025-12-10,9501.T,2,1,0,31.31,27.86,40.83,648.0,LOSS,-4.0,5,2023-10-05,2025-11-12
2025-12-11,9501.T,2,2,1,29.41,30.31,40.28,626.3,HOLD,2.52,5,2023-10-05,2025-11-12
2025-12-12,9501.T,2,0,0,31.13,19.64,49.23,661.0,LOSS,-4.0,3,2023-10-05,2025-11-12
2025-12-15,9501.T,2,0,0,31.3,20.16,48.54,657.1,LOSS,-4.0,2,2023-10-05,2025-11-12
2025-12-16,9501.T,2,1,0,32.66,21.49,45.85,636.9,HOLD,4.41,5,2023-10-05,2025-11-12
2025-12-17,9501.T,2,2,1,34.24,26.18,39.59,626.0,WIN,8.0,4,2023-10-05,2025-11-12
2025-12-18,9501.T,0,2,0,40.29,30.04,29.67,642.1,HOLD,0.58,5,2023-11-06,2025-12-12
2025-12-19,9501.T,1,2,0,34.96,35.85,29.2,636.5,HOLD,2.12,5,2023-11-06,2025-12-12
2025-12-22,9501.T,1,1,1,36.55,37.85,25.59,649.5,HOLD,1.2,5,2023-11-06,2025-12-12
2025-12-23,9501.T,0,0,1,40.54,26.4,33.06,665.0,HOLD,7.97,5,2023-11-06,2025-12-12
2025-12-24,9501.T,0,1,0,36.2,32.22,31.58,652.3,WIN,8.0,4,2023-11-06,2025-12-12
2025-12-26,9501.T,0,2,0,40.17,32.71,27.11,645.8,WIN,8.0,3,2023-11-06,2025-12-12
2025-12-29,9501.T,0,2,0,38.28,35.44,26.28,650.0,WIN,8.0,2,2023-11-06,2025-12-12
2025-12-30,9501.T,0,2,0,41.74,30.1,28.16,657.3,WIN,8.0,1,2023-11-06,2025-12-12
2026-01-05,9501.T,0,1,0,47.96,19.7,32.34,718.0,LOSS,-4.0,3,2023-11-06,2025-12-12
2026-01-06,9501.T,0,0,1,46.47,19.02,34.51,760.0,LOSS,-4.0,1,2023-11-06,2025-12-12
2026-01-07,9501.T,2,2,1,29.72,21.74,48.54,704.7,HOLD,0.04,5,2023-11-06,2025-12-12
2026-01-08,9501.T,2,1,0,25.59,19.57,54.84,727.3,LOSS,-4.0,5,2023-11-06,2025-12-12
2026-01-09,9501.T,2,0,0,31.61,25.24,43.15,718.0,LOSS,-4.0,4,2023-11-06,2025-12-12
2026-01-13,9501.T,2,0,0,31.33,28.03,40.64,722.0,LOSS,-4.0,3,2023-11-06,2025-12-12
2026-01-14,9501.T,2,0,0,29.24,31.42,39.35,717.8,LOSS,-4.0,2,2023-11-06,2025-12-12
2026-01-15,9501.T,2,2,1,28.14,29.68,42.18,705.0,LOSS,-4.0,2,2023-11-06,2025-12-12
2026-01-16,9501.T,2,2,1,27.82,26.62,45.56,681.5,TIMEOUT_LOSS,-2.86,5,2023-11-06,2025-12-12
2026-01-20,9501.T,2,1,0,30.35,33.83,35.82,685.5,LOSS,-4.0,5,2023-11-06,2025-12-12
2026-01-21,9501.T,2,0,0,31.2,22.87,45.93,720.6,LOSS,-4.0,1,2023-11-06,2025-12-12
2026-01-22,9501.T,2,0,0,35.2,20.67,44.14,695.5,LOSS,-4.0,2,2023-11-06,2025-12-12
2026-01-23,9501.T,2,0,0,30.78,30.94,38.28,688.0,LOSS,-4.0,1,2023-12-05,2026-01-16
2026-01-26,9501.T,2,0,0,34.63,22.97,42.41,662.0,LOSS,-4.0,1,2023-12-05,2026-01-16
2026-01-27,9501.T,2,0,0,39.69,19.53,40.78,609.6,LOSS,-4.0,1,2023-12-05,2026-01-16
2026-01-28,9501.T,0,2,0,42.05,22.69,35.26,557.4,WIN,8.0,2,2023-12-05,2026-01-16
2026-01-29,9501.T,1,2,0,35.03,36.45,28.52,570.5,WIN,8.0,5,2023-12-05,2026-01-16
2026-01-30,9501.T,0,2,0,37.31,28.09,34.6,580.9,WIN,8.0,5,2023-12-05,2026-01-16
2026-02-02,9501.T,2,2,1,27.82,34.27,37.91,581.1,WIN,8.0,4,2023-12-05,2026-01-16
2026-02-03,9501.T,2,2,1,34.23,29.76,36.01,592.1,WIN,8.0,4,2023-12-05,2026-01-16
2026-02-04,9501.T,2,2,1,28.33,33.25,38.42,610.0,LOSS,-4.0,2,2023-12-05,2026-01-16
2026-02-05,9501.T,2,2,1,28.68,35.37,35.95,592.1,WIN,8.0,2,2023-12-05,2026-01-16
2026-02-06,9501.T,2,2,1,29.28,28.0,42.72,634.0,WIN,8.0,4,2023-12-05,2026-01-16
2026-02-09,9501.T,2,2,1,31.15,30.34,38.51,636.6,WIN,8.0,3,2023-12-05,2026-01-16
2026-02-10,9501.T,2,2,1,30.04,25.54,44.42,635.4,WIN,8.0,2,2023-12-05,2026-01-16
2026-02-12,9501.T,2,2,1,32.87,20.62,46.51,666.9,WIN,8.0,2,2023-12-05,2026-01-16
2026-02-13,9501.T,2,2,1,30.22,28.67,41.11,690.3,TIMEOUT_LOSS,-0.61,5,2023-12-05,2026-01-16
2026-02-17,9501.T,2,1,0,31.84,28.09,40.08,701.0,LOSS,-4.0,5,2023-12-05,2026-01-16
2026-02-18,9501.T,2,0,0,26.01,28.05,45.94,713.7,LOSS,-4.0,3,2023-12-05,2026-01-16
2026-02-19,9501.T,2,0,0,24.98,25.43,49.59,715.0,LOSS,-4.0,2,2023-12-05,2026-01-16
2026-02-20,9501.T,2,0,0,30.88,23.94,45.18,703.3,LOSS,-4.0,2,2023-12-05,2026-01-16
2026-02-24,9501.T,2,2,1,34.49,26.68,38.83,686.1,LOSS,-4.0,1,2023-12-05,2026-01-16
2026-02-25,9501.T,2,0,0,23.89,24.39,51.73,689.0,LOSS,-4.0,3,2024-01-09,2026-02-18
2026-02-26,9501.T,2,0,0,24.94,26.0,49.06,675.2,LOSS,-4.0,3,2024-01-09,2026-02-18
2026-02-27,9501.T,2,0,0,28.94,26.26,44.8,700.4,LOSS,-4.0,1,2024-01-09,2026-02-18
2026-03-02,9501.T,2,0,0,26.64,22.15,51.2,667.8,LOSS,-4.0,1,2024-01-09,2026-02-18
2026-03-03,9501.T,2,1,0,27.96,21.8,50.24,637.4,LOSS,-4.0,1,2024-01-09,2026-02-18
2026-03-04,9501.T,2,0,0,38.69,16.83,44.48,637.6,LOSS,-4.0,3,2024-01-09,2026-02-18
2026-03-05,9501.T,2,0,0,29.56,21.14,49.3,650.1,LOSS,-4.0,2,2024-01-09,2026-02-18
2026-03-06,9501.T,0,0,1,41.41,20.75,37.84,642.7,LOSS,-4.0,1,2024-01-09,2026-02-18
2026-03-09,9501.T,2,2,1,34.85,20.75,44.4,598.2,WIN,8.0,4,2024-01-09,2026-02-18
2026-03-10,9501.T,2,2,1,24.8,27.51,47.69,599.5,WIN,8.0,3,2024-01-09,2026-02-18
2026-03-11,9501.T,2,0,0,22.67,24.7,52.63,624.0,WIN,8.0,5,2024-01-09,2026-02-18
2026-03-12,9501.T,2,0,0,27.43,28.57,44.0,645.0,LOSS,-4.0,2,2024-01-09,2026-02-18
2026-03-13,9501.T,2,2,1,33.11,20.1,46.79,640.5,LOSS,-4.0,1,2024-01-09,2026-02-18
2026-03-16,9501.T,2,2,1,24.88,21.38,53.74,610.0,WIN,8.0,2,2024-01-09,2026-02-18
2026-03-17,9501.T,2,1,0,24.27,25.94,49.79,613.4,WIN,8.0,1,2024-01-09,2026-02-18
2026-03-18,9501.T,2,0,0,33.02,24.72,42.26,713.4,LOSS,-4.0,1,2024-01-09,2026-02-18
2026-03-19,9501.T,2,0,0,39.01,17.81,43.18,653.4,LOSS,-4.0,1,2024-01-09,2026-02-18
2026-03-23,9501.T,2,1,0,39.27,19.3,41.42,617.3,HOLD,2.79,5,2024-01-09,2026-02-18
2026-03-24,9501.T,2,1,0,29.89,25.86,44.24,626.3,HOLD,2.01,5,2024-01-09,2026-02-18
2026-03-25,9501.T,2,1,0,30.05,22.83,47.12,636.6,HOLD,3.88,5,2024-01-09,2026-02-18
2026-03-26,9501.T,0,2,0,36.48,28.33,35.19,623.4,WIN,8.0,5,2024-02-07,2026-03-19
2026-03-27,9501.T,0,2,0,43.46,18.54,38.0,635.2,HOLD,0.17,5,2024-02-07,2026-03-19
2026-03-30,9501.T,2,2,1,38.81,20.0,41.19,634.5,TIMEOUT_LOSS,-1.64,5,2024-02-07,2026-03-19
2026-03-31,9501.T,0,1,0,40.45,20.99,38.56,638.9,HOLD,0.23,5,2024-02-07,2026-03-19
2026-04-01,9501.T,0,0,1,44.87,26.12,29.01,661.3,LOSS,-4.0,3,2024-02-07,2026-03-19
2026-04-02,9501.T,0,1,0,41.77,25.24,32.99,648.3,LOSS,-4.0,2,2024-02-07,2026-03-19
2026-04-06,9501.T,0,2,0,44.63,23.8,31.57,636.3,WIN,8.0,4,2024-02-07,2026-03-19
2026-04-07,9501.T,0,2,0,39.85,29.4,30.75,624.1,WIN,8.0,3,2024-02-07,2026-03-19
2026-04-08,9501.T,0,2,0,49.15,22.81,28.04,640.4,WIN,8.0,2,2024-02-07,2026-03-19
2026-04-09,9501.T,0,1,0,49.62,23.51,26.87,657.3,LOSS,-4.0,4,2024-02-07,2026-03-19
2026-04-10,9501.T,0,0,1,43.31,20.16,36.52,665.1,LOSS,-4.0,1,2024-02-07,2026-03-19
2026-04-13,9501.T,0,0,1,43.08,21.36,35.56,651.3,LOSS,-4.0,3,2024-02-07,2026-03-19
2026-04-14,9501.T,0,0,1,43.41,21.82,34.78,650.0,LOSS,-4.0,2,2024-02-07,2026-03-19
2026-04-15,9501.T,0,0,1,51.1,24.4,24.5,632.5,LOSS,-4.0,4,2024-02-07,2026-03-19
2026-04-16,9501.T,0,0,1,43.84,24.44,31.71,638.0,LOSS,-4.0,2,2024-02-07,2026-03-19
2026-04-17,9501.T,0,1,0,42.28,33.42,24.3,624.0,LOSS,-4.0,3,2024-02-07,2026-03-19
2026-04-20,9501.T,0,0,1,39.27,32.79,27.94,611.5,LOSS,-4.0,3,2024-02-07,2026-03-19
2026-04-21,9501.T,0,0,1,43.17,32.54,24.29,603.2,LOSS,-4.0,3,2024-02-07,2026-03-19
2026-04-22,9501.T,0,0,1,48.83,23.98,27.18,625.3,LOSS,-4.0,1,2024-02-07,2026-03-19
2026-04-23,9501.T,0,2,0,49.14,25.65,25.21,584.8,HOLD,4.77,5,2024-02-07,2026-03-19
2026-04-24,9501.T,0,1,0,38.46,26.79,34.75,584.7,HOLD,6.72,5,2024-03-11,2026-04-20
2026-04-27,9501.T,0,2,0,43.8,28.25,27.95,580.5,WIN,8.0,4,2024-03-11,2026-04-20
2026-04-28,9501.T,0,2,0,43.44,22.37,34.19,611.1,LOSS,-4.0,1,2024-03-11,2026-04-20
2026-04-30,9501.T,0,2,0,35.61,34.06,30.32,592.2,WIN,8.0,4,2024-03-11,2026-04-20
2026-05-01,9501.T,0,2,0,44.54,25.23,30.24,612.7,WIN,8.0,4,2024-03-11,2026-04-20
2026-05-07,9501.T,0,2,0,47.08,20.14,32.78,624.0,TIMEOUT_LOSS,-2.4,5,2024-03-11,2026-04-20
2026-05-08,9501.T,0,0,1,42.94,19.33,37.73,632.8,LOSS,-4.0,5,2024-03-11,2026-04-20
2026-05-11,9501.T,0,0,1,49.81,19.91,30.28,651.1,LOSS,-4.0,2,2024-03-11,2026-04-20
2026-05-12,9501.T,0,0,1,43.6,17.25,39.14,645.2,LOSS,-4.0,1,2024-03-11,2026-04-20
2026-05-13,9501.T,0,0,1,43.67,19.12,37.21,612.6,LOSS,-4.0,3,2024-03-11,2026-04-20
2026-05-14,9501.T,0,0,1,44.56,23.85,31.59,609.0,LOSS,-4.0,2,2024-03-11,2026-04-20
2026-05-15,9501.T,1,0,0,35.34,37.08,27.58,592.7,LOSS,-4.0,1,2024-03-11,2026-04-20
2026-05-18,9501.T,2,1,0,31.74,27.87,40.39,558.5,HOLD,3.24,5,2024-03-11,2026-04-20
2026-05-19,9501.T,0,0,1,38.56,28.35,33.08,580.7,LOSS,-4.0,1,2024-03-11,2026-04-20
2026-05-20,9501.T,2,2,1,33.61,28.52,37.88,547.9,WIN,8.0,4,2024-03-11,2026-04-20
2026-05-21,9501.T,2,2,1,34.47,28.68,36.85,557.4,HOLD,1.31,5,2024-03-11,2026-04-20
2026-05-22,9501.T,2,2,1,35.86,26.58,37.56,549.0,HOLD,1.8,5,2024-03-11,2026-04-20
2026-05-26,9501.T,0,0,1,39.48,25.99,34.53,576.6,LOSS,-4.0,2,2024-03-11,2026-04-20
2026-05-27,9501.T,0,0,1,39.29,25.36,35.35,572.3,LOSS,-4.0,3,2024-03-11,2026-04-20
2026-05-28,9501.T,2,1,0,33.44,25.36,41.19,557.3,TIMEOUT_LOSS,-2.92,5,2024-03-11,2026-04-20
2026-05-29,9501.T,2,1,0,32.39,14.88,52.73,564.7,LOSS,-4.0,2,2024-04-10,2026-05-22
2026-06-01,9501.T,2,0,0,25.95,16.44,57.6,558.9,LOSS,-4.0,3,2024-04-10,2026-05-22
2026-06-02,9501.T,2,0,0,28.42,15.07,56.51,560.0,LOSS,-4.0,2,2024-04-10,2026-05-22
2026-06-03,9501.T,2,0,0,29.55,11.21,59.24,572.9,LOSS,-4.0,1,2024-04-10,2026-05-22
2026-06-04,9501.T,2,0,0,27.57,13.85,58.58,541.0,LOSS,-4.0,2,2024-04-10,2026-05-22
2026-06-05,9501.T,2,0,0,24.86,18.88,56.26,528.4,LOSS,-4.0,3,2024-04-10,2026-05-22
2026-06-08,9501.T,2,0,0,31.41,24.45,44.15,535.4,LOSS,-4.0,1,2024-04-10,2026-05-22
2026-06-09,9501.T,2,0,0,21.37,24.45,54.18,519.2,LOSS,-4.0,2,2024-04-10,2026-05-22
2026-06-10,9501.T,2,2,1,21.73,26.36,51.91,512.2,LOSS,-4.0,1,2024-04-10,2026-05-22
2026-06-11,9501.T,2,2,1,22.39,22.87,54.75,494.8,WIN,8.0,2,2024-04-10,2026-05-22
2026-06-12,9501.T,2,1,0,24.61,26.27,49.12,509.3,LOSS,-4.0,5,2024-04-10,2026-05-22
2026-06-15,9501.T,2,0,0,30.49,17.49,52.02,531.3,LOSS,-4.0,2,2024-04-10,2026-05-22
2026-06-16,9501.T,2,0,0,28.6,15.76,55.64,513.5,LOSS,-4.0,3,2024-04-10,2026-05-22
2026-06-17,9501.T,2,0,0,34.01,15.31,50.68,508.1,LOSS,-4.0,2,2024-04-10,2026-05-22
2026-06-18,9501.T,2,0,0,33.54,12.7,53.76,510.3,LOSS,-4.0,1,2024-04-10,2026-05-22
2026-06-22,9501.T,2,1,0,27.72,16.38,55.9,477.5,LOSS,-4.0,2,2024-04-10,2026-05-22
2026-06-23,9501.T,2,0,0,27.19,15.98,56.83,470.6,LOSS,-4.0,1,2024-04-10,2026-05-22
2026-06-24,9501.T,2,0,0,29.92,19.6,50.48,470.7,LOSS,-4.0,2,2024-04-10,2026-05-22
2026-06-25,9501.T,2,0,0,25.86,13.51,60.64,481.2,LOSS,-4.0,1,2024-04-10,2026-05-22
2026-06-26,9501.T,2,1,0,26.46,21.02,52.52,456.6,HOLD,2.67,5,2024-04-10,2026-05-22
2026-06-29,9501.T,0,1,0,47.92,25.09,26.99,462.0,LOSS,-4.0,2,2024-05-13,2026-06-23
2026-06-30,9501.T,0,2,0,49.68,26.67,23.65,461.3,LOSS,-4.0,1,2024-05-13,2026-06-23
2026-07-01,9501.T,0,2,0,55.43,23.49,21.08,455.1,HOLD,5.27,5,2024-05-13,2026-06-23
2026-07-02,9501.T,0,2,0,40.9,22.98,36.12,457.4,WIN,8.0,5,2024-05-13,2026-06-23
2026-07-06,9501.T,0,2,0,47.12,22.62,30.26,468.8,HOLD,3.52,5,2024-05-13,2026-06-23
2026-07-07,9501.T,0,2,0,41.73,31.82,26.44,462.3,WIN,8.0,5,2024-05-13,2026-06-23
2026-07-08,9501.T,0,1,0,40.54,22.55,36.91,479.9,HOLD,6.0,5,2024-05-13,2026-06-23
2026-07-09,9501.T,0,2,0,40.55,28.0,31.45,479.1,HOLD,4.7,5,2024-05-13,2026-06-23
2026-07-10,9501.T,0,2,0,42.1,28.15,29.75,480.4,HOLD,5.45,5,2024-05-13,2026-06-23
2026-07-13,9501.T,0,2,0,39.13,28.47,32.4,485.3,HOLD,3.73,5,2024-05-13,2026-06-23
2026-07-14,9501.T,2,1,0,36.19,22.17,41.65,503.1,HOLD,0.44,5,2024-05-13,2026-06-23
2026-07-15,9501.T,0,1,0,44.56,23.31,32.12,508.7,HOLD,1.55,5,2024-05-13,2026-06-23
2026-07-16,9501.T,0,1,0,39.34,28.99,31.67,501.6,HOLD,3.01,5,2024-05-13,2026-06-23
2026-07-17,9501.T,0,2,0,36.66,26.82,36.52,506.6,HOLD,6.0,5,2024-05-13,2026-06-23
2026-07-21,9501.T,2,2,1,34.61,30.73,34.65,503.4,HOLD,4.01,5,2024-05-13,2026-06-23
2026-07-22,9501.T,1,2,0,34.97,37.32,27.71,505.3,HOLD,5.62,5,2024-05-13,2026-06-23
2026-07-23,9501.T,0,1,0,34.74,33.05,32.21,516.6,HOLD,1.43,5,2024-05-13,2026-06-23
2026-07-24,9501.T,0,2,0,36.93,32.71,30.36,516.7,HOLD,0.64,5,2024-05-13,2026-06-23
2026-07-27,9501.T,0,0,1,34.13,31.96,33.91,537.0,LOSS,-4.0,1,2024-05-13,2026-06-23
2026-07-28,9501.T,2,1,0,31.29,30.64,38.07,523.6,LOSS,-4.0,2,2024-05-13,2026-06-23
2026-07-29,9501.T,2,1,0,22.14,35.93,41.92,533.7,LOSS,-4.0,1,2024-06-11,2026-07-23
2026-07-30,9501.T,2,1,0,22.32,27.02,50.66,524.0,LOSS,-4.0,2,2024-06-11,2026-07-23
2026-07-31,9501.T,2,1,0,24.35,32.45,43.19,520.0,LOSS,-4.0,1,2024-06-11,2026-07-23
2026-08-03,9501.T,2,2,1,24.55,30.95,44.5,526.1,TIMEOUT_LOSS,-0.87,5,2024-06-11,2026-07-23
2026-08-04,9501.T,2,1,0,26.96,28.06,44.98,522.8,TIMEOUT_LOSS,-1.19,5,2024-06-11,2026-07-23
2026-08-05,9501.T,2,1,0,29.31,32.42,38.27,526.0,TIMEOUT_LOSS,-0.97,5,2024-06-11,2026-07-23
2026-08-06,9501.T,2,0,0,30.27,29.7,40.03,537.0,LOSS,-4.0,3,2024-06-11,2026-07-23
2026-08-07,9501.T,2,1,0,28.54,30.83,40.64,521.3,HOLD,0.27,5,2024-06-11,2026-07-23
2024-10-10,8306.T,0,2,0,35.26,34.38,30.36,1525.5,WIN,8.0,5,2022-08-31,2024-10-04
2024-10-11,8306.T,1,2,0,32.25,38.98,28.77,1552.0,HOLD,3.93,5,2022-08-31,2024-10-04
2024-10-15,8306.T,1,2,0,30.82,38.52,30.66,1586.5,HOLD,0.32,5,2022-08-31,2024-10-04
2024-10-16,8306.T,1,1,1,32.28,37.72,29.99,1590.0,TIMEOUT_LOSS,-1.45,5,2022-08-31,2024-10-04
2024-10-17,8306.T,0,0,1,39.43,30.77,29.8,1620.5,LOSS,-4.0,5,2022-08-31,2024-10-04
2024-10-18,8306.T,0,0,1,37.59,31.19,31.22,1644.0,LOSS,-4.0,3,2022-08-31,2024-10-04
2024-10-21,8306.T,0,0,1,41.97,31.63,26.4,1613.0,LOSS,-4.0,3,2022-08-31,2024-10-04
2024-10-22,8306.T,0,0,1,47.31,29.76,22.93,1591.5,LOSS,-4.0,4,2022-08-31,2024-10-04
2024-10-23,8306.T,0,1,0,41.98,34.92,23.1,1567.0,HOLD,3.96,5,2022-08-31,2024-10-04
2024-10-24,8306.T,1,2,0,34.82,37.72,27.46,1565.0,HOLD,4.06,5,2022-08-31,2024-10-04
2024-10-25,8306.T,1,2,0,24.46,38.4,37.14,1548.5,HOLD,4.65,5,2022-08-31,2024-10-04
2024-10-28,8306.T,1,2,0,29.52,39.37,31.11,1562.0,HOLD,3.91,5,2022-08-31,2024-10-04
2024-10-29,8306.T,1,1,1,31.16,40.18,28.66,1609.0,HOLD,6.62,5,2022-08-31,2024-10-04
2024-10-30,8306.T,0,1,0,37.11,33.82,29.07,1629.0,WIN,8.0,5,2022-08-31,2024-10-04
2024-10-31,8306.T,0,2,0,37.03,33.56,29.41,1628.5,WIN,8.0,4,2022-08-31,2024-10-04
2024-11-01,8306.T,0,2,0,42.0,33.52,24.48,1620.5,WIN,8.0,3,2022-08-31,2024-10-04
2024-11-05,8306.T,0,2,0,41.52,31.17,27.31,1623.0,WIN,8.0,2,2022-08-31,2024-10-04
2024-11-06,8306.T,0,2,0,44.1,27.59,28.31,1715.5,HOLD,4.11,5,2022-08-31,2024-10-04
2024-11-07,8306.T,0,1,0,48.0,27.75,24.25,1767.0,HOLD,1.75,5,2022-08-31,2024-10-04
2024-11-08,8306.T,0,1,0,44.56,31.96,23.48,1768.5,HOLD,3.14,5,2022-08-31,2024-10-04
2024-11-11,8306.T,0,2,0,47.48,29.3,23.23,1763.0,HOLD,2.69,5,2022-10-03,2024-11-05
2024-11-12,8306.T,0,2,0,51.06,31.3,17.63,1791.5,HOLD,2.9,5,2022-10-03,2024-11-05
2024-11-13,8306.T,0,1,0,49.2,33.81,16.99,1786.0,HOLD,1.68,5,2022-10-03,2024-11-05
2024-11-14,8306.T,0,2,0,45.96,36.76,17.28,1798.0,HOLD,0.44,5,2022-10-03,2024-11-05
2024-11-15,8306.T,0,1,0,44.4,34.66,20.94,1824.0,HOLD,0.05,5,2022-10-03,2024-11-05
2024-11-18,8306.T,1,1,1,40.83,41.65,17.52,1810.5,HOLD,0.86,5,2022-10-03,2024-11-05
2024-11-19,8306.T,0,1,0,46.03,34.34,19.63,1843.5,TIMEOUT_LOSS,-2.66,5,2022-10-03,2024-11-05
2024-11-20,8306.T,0,1,0,46.77,33.38,19.85,1816.0,TIMEOUT_LOSS,-2.64,5,2022-10-03,2024-11-05
2024-11-21,8306.T,1,1,1,32.42,46.62,20.96,1806.0,TIMEOUT_LOSS,-0.78,5,2022-10-03,2024-11-05
2024-11-22,8306.T,1,0,0,33.99,43.42,22.59,1825.0,LOSS,-4.0,3,2022-10-03,2024-11-05
2024-11-25,8306.T,0,0,1,39.86,39.51,20.63,1826.0,LOSS,-4.0,2,2022-10-03,2024-11-05
2024-11-26,8306.T,0,2,0,39.8,36.65,23.55,1794.5,HOLD,0.86,5,2022-10-03,2024-11-05
2024-11-27,8306.T,0,2,0,42.81,36.42,20.78,1768.0,HOLD,2.91,5,2022-10-03,2024-11-05
2024-11-29,8306.T,0,1,0,44.94,32.17,22.89,1792.0,HOLD,0.98,5,2022-10-03,2024-11-05
2024-12-02,8306.T,0,1,0,45.55,37.08,17.37,1826.5,TIMEOUT_LOSS,-0.68,5,2022-10-03,2024-11-05
2024-12-03,8306.T,0,0,1,39.09,33.68,27.22,1840.5,TIMEOUT_LOSS,-1.87,5,2022-10-03,2024-11-05
2024-12-04,8306.T,0,1,0,40.81,33.09,26.1,1810.0,HOLD,1.77,5,2022-10-03,2024-11-05
2024-12-05,8306.T,0,1,0,38.29,32.98,28.73,1819.5,HOLD,1.76,5,2022-10-03,2024-11-05
2024-12-06,8306.T,0,2,0,42.03,28.4,29.57,1809.5,HOLD,2.21,5,2022-10-03,2024-11-05
2024-12-09,8306.T,0,2,0,40.84,29.25,29.91,1814.0,HOLD,2.37,5,2022-10-03,2024-11-05
2024-12-10,8306.T,0,2,0,41.98,29.26,28.76,1806.0,HOLD,0.83,5,2022-11-01,2024-12-04
2024-12-11,8306.T,0,1,0,51.69,25.32,22.99,1842.0,TIMEOUT_LOSS,-1.6,5,2022-11-01,2024-12-04
2024-12-12,8306.T,0,0,1,47.37,29.53,23.1,1851.5,TIMEOUT_LOSS,-0.92,5,2022-11-01,2024-12-04
2024-12-13,8306.T,0,0,1,48.9,24.92,26.19,1849.5,LOSS,-4.0,5,2022-11-01,2024-12-04
2024-12-16,8306.T,0,1,0,47.65,26.81,25.54,1857.0,LOSS,-4.0,4,2022-11-01,2024-12-04
2024-12-17,8306.T,0,0,1,48.12,26.32,25.56,1821.0,TIMEOUT_LOSS,-0.71,5,2022-11-01,2024-12-04
2024-12-18,8306.T,0,1,0,47.33,27.27,25.4,1812.5,TIMEOUT_LOSS,-0.08,5,2022-11-01,2024-12-04
2024-12-19,8306.T,0,1,0,50.12,30.48,19.4,1834.5,TIMEOUT_LOSS,-0.11,5,2022-11-01,2024-12-04
2024-12-20,8306.T,0,2,0,46.46,31.28,22.25,1773.0,HOLD,4.12,5,2022-11-01,2024-12-04
2024-12-23,8306.T,0,2,0,54.76,21.75,23.49,1800.0,HOLD,3.19,5,2022-11-01,2024-12-04
2024-12-24,8306.T,0,2,0,50.57,26.84,22.6,1808.0,HOLD,6.11,5,2022-11-01,2024-12-04
2024-12-26,8306.T,0,2,0,40.93,25.25,33.83,1811.0,HOLD,5.96,5,2022-11-01,2024-12-04
2024-12-27,8306.T,0,2,0,41.96,32.28,25.76,1832.5,HOLD,4.64,5,2022-11-01,2024-12-04
2024-12-30,8306.T,0,2,0,47.24,27.74,25.02,1846.0,HOLD,3.11,5,2022-11-01,2024-12-04
2025-01-06,8306.T,0,2,0,52.0,27.61,20.39,1857.5,HOLD,0.11,5,2022-11-01,2024-12-04
2025-01-07,8306.T,0,1,0,49.95,25.36,24.69,1918.5,TIMEOUT_LOSS,-1.36,5,2022-11-01,2024-12-04
2025-01-08,8306.T,0,0,1,53.92,21.81,24.26,1919.0,TIMEOUT_LOSS,-1.51,5,2022-11-01,2024-12-04
2025-01-09,8306.T,0,1,0,58.75,20.43,20.82,1917.5,LOSS,-4.0,5,2022-11-01,2024-12-04
2025-01-10,8306.T,0,1,0,56.18,21.09,22.73,1903.5,HOLD,0.76,5,2022-11-01,2024-12-04
2025-01-14,8306.T,0,1,0,60.56,23.68,15.76,1859.5,HOLD,2.53,5,2022-11-01,2024-12-04
2025-01-15,8306.T,0,1,0,40.07,35.24,24.69,1892.5,HOLD,0.77,5,2022-12-02,2025-01-08
2025-01-16,8306.T,0,1,0,37.74,36.24,26.02,1890.0,HOLD,0.9,5,2022-12-02,2025-01-08
2025-01-17,8306.T,1,2,0,34.54,36.66,28.79,1867.5,HOLD,2.86,5,2022-12-02,2025-01-08
2025-01-21,8306.T,0,1,0,45.04,32.36,22.6,1918.0,HOLD,2.69,5,2022-12-02,2025-01-08
2025-01-22,8306.T,0,1,0,35.48,31.68,32.84,1906.5,HOLD,3.3,5,2022-12-02,2025-01-08
2025-01-23,8306.T,2,2,1,33.27,30.84,35.89,1907.0,HOLD,3.02,5,2022-12-02,2025-01-08
2025-01-24,8306.T,2,2,1,34.55,29.09,36.35,1907.0,HOLD,3.75,5,2022-12-02,2025-01-08
2025-01-27,8306.T,0,2,0,44.32,29.87,25.81,1921.0,HOLD,0.26,5,2022-12-02,2025-01-08
2025-01-28,8306.T,0,1,0,49.89,36.38,13.73,1969.5,TIMEOUT_LOSS,-1.42,5,2022-12-02,2025-01-08
2025-01-29,8306.T,0,0,1,61.07,24.93,14.0,1969.5,TIMEOUT_LOSS,-2.01,5,2022-12-02,2025-01-08
2025-01-30,8306.T,0,1,0,52.48,30.5,17.03,1964.5,TIMEOUT_LOSS,-2.65,5,2022-12-02,2025-01-08
2025-01-31,8306.T,0,0,1,49.19,30.67,20.14,1978.5,LOSS,-4.0,5,2022-12-02,2025-01-08
2025-02-03,8306.T,0,1,0,49.66,29.3,21.04,1926.0,TIMEOUT_LOSS,-1.32,5,2022-12-02,2025-01-08
2025-02-04,8306.T,1,0,0,34.42,34.87,30.72,1941.5,TIMEOUT_LOSS,-1.8,5,2022-12-02,2025-01-08
2025-02-05,8306.T,0,0,1,33.85,32.93,33.22,1930.0,HOLD,0.62,5,2022-12-02,2025-01-08
2025-02-06,8306.T,2,1,0,31.18,29.86,38.96,1912.5,HOLD,1.62,5,2022-12-02,2025-01-08
2025-02-07,8306.T,2,2,1,28.43,29.03,42.54,1911.0,HOLD,5.81,5,2022-12-02,2025-01-08
2025-02-10,8306.T,2,2,1,30.23,27.92,41.85,1900.5,HOLD,5.84,5,2022-12-02,2025-01-08
2025-02-12,8306.T,2,2,1,27.34,23.95,48.71,1906.5,HOLD,3.46,5,2022-12-02,2025-01-08
2025-02-13,8306.T,2,2,1,26.72,31.77,41.51,1942.0,HOLD,0.39,5,2022-12-02,2025-01-08
2025-02-14,8306.T,2,1,0,30.14,27.62,42.24,1943.5,HOLD,0.87,5,2023-01-04,2025-02-07
2025-02-18,8306.T,1,0,0,31.45,35.6,32.94,2022.0,LOSS,-4.0,3,2023-01-04,2025-02-07
2025-02-19,8306.T,1,0,0,34.33,35.1,30.57,2011.5,LOSS,-4.0,3,2023-01-04,2025-02-07
2025-02-20,8306.T,1,0,0,36.7,42.06,21.23,1972.5,LOSS,-4.0,5,2023-01-04,2025-02-07
2025-02-21,8306.T,1,1,1,32.15,39.68,28.16,1949.5,TIMEOUT_LOSS,-0.05,5,2023-01-04,2025-02-07
2025-02-25,8306.T,1,0,0,32.25,41.7,26.05,1960.5,TIMEOUT_LOSS,-1.45,5,2023-01-04,2025-02-07
2025-02-26,8306.T,2,1,0,24.1,27.35,48.54,1920.0,HOLD,0.39,5,2023-01-04,2025-02-07
2025-02-27,8306.T,2,1,0,30.31,33.32,36.37,1940.5,HOLD,0.72,5,2023-01-04,2025-02-07
2025-02-28,8306.T,0,1,0,37.94,26.52,35.54,1903.0,HOLD,1.02,5,2023-01-04,2025-02-07
2025-03-03,8306.T,1,1,1,33.12,37.91,28.97,1948.5,TIMEOUT_LOSS,-1.46,5,2023-01-04,2025-02-07
2025-03-04,8306.T,2,1,0,29.2,30.17,40.63,1932.0,LOSS,-4.0,5,2023-01-04,2025-02-07
2025-03-05,8306.T,2,1,0,28.42,34.41,37.17,1927.5,LOSS,-4.0,4,2023-01-04,2025-02-07
2025-03-06,8306.T,1,0,0,30.94,42.52,26.54,1954.5,LOSS,-4.0,3,2023-01-04,2025-02-07
2025-03-07,8306.T,1,1,1,30.79,36.48,32.74,1922.5,LOSS,-4.0,2,2023-01-04,2025-02-07
2025-03-10,8306.T,2,2,1,28.43,30.16,41.41,1920.0,LOSS,-4.0,1,2023-01-04,2025-02-07
2025-03-11,8306.T,2,2,1,27.91,29.04,43.05,1893.0,WIN,8.0,5,2023-01-04,2025-02-07
2025-03-12,8306.T,1,2,0,25.49,39.31,35.19,1930.0,WIN,8.0,4,2023-01-04,2025-02-07
2025-03-13,8306.T,1,2,0,34.36,41.42,24.23,1957.0,WIN,8.0,3,2023-01-04,2025-02-07
2025-03-14,8306.T,1,2,0,37.36,38.25,24.39,2000.5,WIN,8.0,4,2023-01-04,2025-02-07
2025-03-17,8306.T,1,2,0,35.77,37.15,27.08,2030.0,WIN,8.0,3,2023-01-04,2025-02-07
2025-03-18,8306.T,0,2,0,42.96,34.38,22.66,2106.0,HOLD,2.52,5,2023-02-03,2025-03-12
2025-03-19,8306.T,0,2,0,44.61,35.8,19.59,2105.5,HOLD,3.47,5,2023-02-03,2025-03-12
2025-03-21,8306.T,0,0,1,42.7,39.38,17.92,2226.0,LOSS,-4.0,5,2023-02-03,2025-03-12
2025-03-24,8306.T,0,1,0,48.51,35.99,15.5,2181.5,LOSS,-4.0,5,2023-02-03,2025-03-12
2025-03-25,8306.T,0,0,1,48.88,37.14,13.98,2163.5,LOSS,-4.0,4,2023-02-03,2025-03-12
2025-03-26,8306.T,1,0,0,40.66,44.16,15.18,2159.0,LOSS,-4.0,3,2023-02-03,2025-03-12
2025-03-27,8306.T,1,0,0,43.27,45.16,11.57,2178.5,LOSS,-4.0,2,2023-02-03,2025-03-12
2025-03-28,8306.T,1,0,0,31.63,42.9,25.47,2108.5,LOSS,-4.0,1,2023-02-03,2025-03-12
2025-03-31,8306.T,1,0,0,27.55,38.31,34.14,2011.0,LOSS,-4.0,3,2023-02-03,2025-03-12
2025-04-01,8306.T,2,0,0,26.94,29.34,43.72,1994.0,LOSS,-4.0,2,2023-02-03,2025-03-12
2025-04-02,8306.T,2,0,0,24.81,29.59,45.61,1963.5,LOSS,-4.0,1,2023-02-03,2025-03-12
2025-04-03,8306.T,2,0,0,22.66,29.51,47.83,1823.0,LOSS,-4.0,1,2023-02-03,2025-03-12
2025-04-04,8306.T,2,0,0,22.59,22.09,55.33,1668.5,LOSS,-4.0,1,2023-02-03,2025-03-12
2025-04-07,8306.T,2,2,1,16.86,18.57,64.57,1495.5,WIN,8.0,1,2023-02-03,2025-03-12
2025-04-08,8306.T,2,1,0,9.66,30.84,59.5,1658.0,LOSS,-4.0,1,2023-02-03,2025-03-12
2025-04-09,8306.T,2,2,1,9.34,29.18,61.48,1570.0,WIN,8.0,1,2023-02-03,2025-03-12
2025-04-10,8306.T,2,0,0,15.02,33.38,51.6,1711.0,LOSS,-4.0,1,2023-02-03,2025-03-12
2025-04-11,8306.T,2,1,0,18.95,24.82,56.23,1644.5,HOLD,0.52,5,2023-02-03,2025-03-12
2025-04-14,8306.T,2,2,1,18.27,23.81,57.92,1647.0,TIMEOUT_LOSS,-0.85,5,2023-02-03,2025-03-12
2025-04-15,8306.T,2,0,0,15.3,25.68,59.02,1684.0,HOLD,0.21,5,2023-02-03,2025-03-12
2025-04-16,8306.T,2,1,0,29.07,24.28,46.65,1642.0,HOLD,4.84,5,2023-03-07,2025-04-10
2025-04-17,8306.T,2,1,0,30.99,22.41,46.61,1680.0,HOLD,3.27,5,2023-03-07,2025-04-10
2025-04-21,8306.T,2,2,1,31.37,25.43,43.2,1653.0,HOLD,7.2,5,2023-03-07,2025-04-10
2025-04-22,8306.T,2,2,1,28.07,24.47,47.46,1633.0,WIN,8.0,4,2023-03-07,2025-04-10
2025-04-23,8306.T,2,2,1,31.41,30.94,37.65,1687.5,HOLD,5.6,5,2023-03-07,2025-04-10
2025-04-24,8306.T,1,2,0,33.29,34.91,31.79,1721.5,HOLD,0.93,5,2023-03-07,2025-04-10
2025-04-25,8306.T,1,2,0,31.97,39.02,29.01,1735.0,HOLD,0.89,5,2023-03-07,2025-04-10
2025-04-28,8306.T,0,0,1,39.09,37.17,23.74,1772.0,TIMEOUT_LOSS,-0.48,5,2023-03-07,2025-04-10
2025-04-30,8306.T,0,0,1,40.87,31.27,27.86,1803.5,LOSS,-4.0,2,2023-03-07,2025-04-10
2025-05-01,8306.T,1,1,1,34.11,40.13,25.76,1782.0,HOLD,3.23,5,2023-03-07,2025-04-10
2025-05-02,8306.T,1,2,0,22.21,49.61,28.17,1737.5,WIN,8.0,5,2023-03-07,2025-04-10
2025-05-07,8306.T,1,2,0,23.95,42.04,34.01,1750.5,WIN,8.0,4,2023-03-07,2025-04-10
2025-05-08,8306.T,1,2,0,20.63,45.66,33.71,1763.5,WIN,8.0,3,2023-03-07,2025-04-10
2025-05-09,8306.T,1,2,0,22.9,45.63,31.46,1811.0,WIN,8.0,3,2023-03-07,2025-04-10
2025-05-12,8306.T,1,2,0,26.11,39.63,34.27,1839.5,WIN,8.0,4,2023-03-07,2025-04-10
2025-05-13,8306.T,1,2,0,32.62,40.02,27.36,1907.5,HOLD,3.51,5,2023-03-07,2025-04-10
2025-05-14,8306.T,1,1,1,33.7,34.39,31.92,1945.0,HOLD,1.29,5,2023-03-07,2025-04-10
2025-05-15,8306.T,1,2,0,30.17,35.9,33.93,1930.0,HOLD,0.78,5,2023-03-07,2025-04-10
2025-05-16,8306.T,1,1,1,35.07,35.66,29.27,1947.0,TIMEOUT_LOSS,-0.23,5,2023-03-07,2025-04-10
2025-05-19,8306.T,1,1,1,36.51,37.91,25.58,1969.5,HOLD,0.38,5,2023-03-07,2025-04-10
2025-05-20,8306.T,1,0,0,38.72,40.49,20.8,1974.5,TIMEOUT_LOSS,-0.58,5,2023-04-05,2025-05-14
2025-05-21,8306.T,1,1,1,38.08,39.06,22.87,1970.0,HOLD,1.78,5,2023-04-05,2025-05-14
2025-05-22,8306.T,0,1,0,41.96,40.39,17.65,1945.0,HOLD,4.14,5,2023-04-05,2025-05-14
2025-05-23,8306.T,0,2,0,40.4,37.07,22.53,1942.5,HOLD,2.45,5,2023-04-05,2025-05-14
2025-05-27,8306.T,0,2,0,37.12,31.64,31.24,1977.0,HOLD,0.0,5,2023-04-05,2025-05-14
2025-05-28,8306.T,1,1,1,30.6,42.22,27.18,1963.0,HOLD,0.89,5,2023-04-05,2025-05-14
2025-05-29,8306.T,1,1,1,31.37,37.25,31.38,2005.0,TIMEOUT_LOSS,-2.59,5,2023-04-05,2025-05-14
2025-05-30,8306.T,0,0,1,41.93,34.25,23.82,2025.5,LOSS,-4.0,4,2023-04-05,2025-05-14
2025-06-02,8306.T,0,0,1,47.44,31.9,20.66,1990.0,TIMEOUT_LOSS,-0.35,5,2023-04-05,2025-05-14
2025-06-03,8306.T,0,1,0,42.81,33.06,24.13,1977.0,TIMEOUT_LOSS,-0.63,5,2023-04-05,2025-05-14
2025-06-04,8306.T,0,1,0,41.09,31.3,27.61,1980.5,TIMEOUT_LOSS,-1.24,5,2023-04-05,2025-05-14
2025-06-05,8306.T,0,1,0,41.31,28.76,29.93,1953.0,HOLD,0.54,5,2023-04-05,2025-05-14
2025-06-06,8306.T,2,1,0,36.12,25.96,37.92,1963.0,TIMEOUT_LOSS,-1.45,5,2023-04-05,2025-05-14
2025-06-09,8306.T,2,1,0,30.27,27.8,41.93,1983.0,TIMEOUT_LOSS,-1.51,5,2023-04-05,2025-05-14
2025-06-10,8306.T,2,0,0,29.62,30.36,40.02,1964.5,TIMEOUT_LOSS,-0.66,5,2023-04-05,2025-05-14
2025-06-11,8306.T,2,1,0,26.84,27.71,45.45,1956.0,TIMEOUT_LOSS,-0.05,5,2023-04-05,2025-05-14
2025-06-12,8306.T,2,1,0,28.31,28.89,42.8,1963.5,TIMEOUT_LOSS,-0.31,5,2023-04-05,2025-05-14
2025-06-13,8306.T,2,1,0,25.61,30.3,44.08,1934.5,HOLD,0.26,5,2023-04-05,2025-05-14
2025-06-16,8306.T,2,1,0,19.95,26.91,53.13,1953.0,HOLD,0.97,5,2023-04-05,2025-05-14
2025-06-17,8306.T,2,1,0,19.95,26.57,53.48,1951.5,HOLD,0.69,5,2023-04-05,2025-05-14
2025-06-18,8306.T,2,1,0,14.18,40.75,45.07,1955.0,HOLD,1.1,5,2023-05-09,2025-06-12
2025-06-20,8306.T,2,1,0,21.09,36.47,42.44,1957.5,HOLD,1.35,5,2023-05-09,2025-06-12
2025-06-23,8306.T,2,2,1,17.26,38.38,44.36,1939.5,HOLD,2.24,5,2023-05-09,2025-06-12
2025-06-24,8306.T,2,1,0,22.55,33.56,43.89,1972.0,TIMEOUT_LOSS,-0.15,5,2023-05-09,2025-06-12
2025-06-25,8306.T,2,1,0,18.29,33.67,48.04,1965.0,HOLD,0.43,5,2023-05-09,2025-06-12
2025-06-26,8306.T,2,1,0,15.26,34.01,50.73,1976.5,HOLD,0.51,5,2023-05-09,2025-06-12
2025-06-27,8306.T,2,1,0,17.81,39.46,42.73,1984.0,TIMEOUT_LOSS,-0.76,5,2023-05-09,2025-06-12
2025-06-30,8306.T,2,1,0,18.72,36.92,44.35,1983.0,TIMEOUT_LOSS,-0.81,5,2023-05-09,2025-06-12
2025-07-01,8306.T,2,1,0,21.74,38.47,39.8,1969.0,HOLD,0.51,5,2023-05-09,2025-06-12
2025-07-02,8306.T,2,1,0,27.36,36.05,36.59,1973.5,TIMEOUT_LOSS,-0.05,5,2023-05-09,2025-06-12
2025-07-03,8306.T,2,1,0,30.77,30.48,38.74,1986.5,HOLD,1.06,5,2023-05-09,2025-06-12
2025-07-07,8306.T,2,1,0,30.76,34.36,34.88,1969.0,HOLD,1.19,5,2023-05-09,2025-06-12
2025-07-08,8306.T,1,2,0,32.29,35.96,31.75,1967.0,HOLD,1.6,5,2023-05-09,2025-06-12
2025-07-09,8306.T,2,1,0,32.32,30.68,37.0,1979.0,TIMEOUT_LOSS,-0.45,5,2023-05-09,2025-06-12
2025-07-10,8306.T,2,1,0,28.92,34.06,37.02,1972.5,TIMEOUT_LOSS,-0.05,5,2023-05-09,2025-06-12
2025-07-11,8306.T,2,0,0,30.35,34.24,35.4,2007.5,TIMEOUT_LOSS,-1.97,5,2023-05-09,2025-06-12
2025-07-14,8306.T,1,1,1,32.23,34.74,33.03,1992.5,HOLD,0.38,5,2023-05-09,2025-06-12
2025-07-15,8306.T,2,0,0,30.74,32.28,36.97,1998.5,HOLD,4.95,5,2023-05-09,2025-06-12
2025-07-16,8306.T,2,2,1,25.7,36.13,38.16,1970.0,WIN,8.0,5,2023-05-09,2025-06-12
2025-07-17,8306.T,2,2,1,21.21,34.18,44.61,1971.5,WIN,8.0,4,2023-05-09,2025-06-12
2025-07-18,8306.T,1,2,0,15.18,63.21,21.61,1968.0,WIN,8.0,3,2023-06-07,2025-07-14
2025-07-22,8306.T,1,2,0,27.01,58.21,14.78,2000.0,WIN,8.0,2,2023-06-07,2025-07-14
2025-07-23,8306.T,1,1,1,33.83,40.99,25.19,2097.5,TIMEOUT_LOSS,-0.41,5,2023-06-07,2025-07-14
2025-07-24,8306.T,1,0,0,35.23,44.95,19.82,2171.5,LOSS,-4.0,3,2023-06-07,2025-07-14
2025-07-25,8306.T,0,0,1,50.52,33.88,15.59,2157.0,LOSS,-4.0,2,2023-06-07,2025-07-14
2025-07-28,8306.T,0,1,0,50.0,33.36,16.65,2105.5,LOSS,-4.0,5,2023-06-07,2025-07-14
2025-07-29,8306.T,0,2,0,53.33,32.89,13.78,2071.5,TIMEOUT_LOSS,-0.58,5,2023-06-07,2025-07-14
2025-07-30,8306.T,0,0,1,53.02,34.67,12.31,2089.0,TIMEOUT_LOSS,-0.55,5,2023-06-07,2025-07-14
2025-07-31,8306.T,0,0,1,54.14,34.4,11.45,2110.5,LOSS,-4.0,2,2023-06-07,2025-07-14
2025-08-01,8306.T,0,0,1,62.53,28.81,8.66,2127.0,LOSS,-4.0,1,2023-06-07,2025-07-14
2025-08-04,8306.T,0,2,0,66.7,23.62,9.68,2047.0,WIN,8.0,5,2023-06-07,2025-07-14
2025-08-05,8306.T,0,2,0,63.67,25.21,11.12,2059.5,WIN,8.0,4,2023-06-07,2025-07-14
2025-08-06,8306.T,0,2,0,62.35,26.44,11.21,2077.5,WIN,8.0,4,2023-06-07,2025-07-14
2025-08-07,8306.T,0,2,0,64.5,25.76,9.74,2116.0,WIN,8.0,5,2023-06-07,2025-07-14
2025-08-08,8306.T,0,2,0,54.12,31.87,14.01,2129.5,WIN,8.0,4,2023-06-07,2025-07-14
2025-08-12,8306.T,0,2,0,47.67,37.72,14.62,2223.5,HOLD,1.3,5,2023-06-07,2025-07-14
2025-08-13,8306.T,0,2,0,42.79,36.49,20.71,2224.0,HOLD,1.71,5,2023-06-07,2025-07-14
2025-08-14,8306.T,0,1,0,51.41,32.16,16.44,2239.5,HOLD,0.67,5,2023-06-07,2025-07-14
2025-08-15,8306.T,0,0,1,51.42,34.77,13.8,2374.0,LOSS,-4.0,2,2023-06-07,2025-07-14
2025-08-18,8306.T,0,0,1,49.83,33.35,16.82,2313.5,TIMEOUT_LOSS,-1.08,5,2023-06-07,2025-07-14
2025-08-19,8306.T,2,2,1,25.1,23.12,51.78,2252.5,HOLD,0.87,5,2023-07-07,2025-08-13
2025-08-20,8306.T,2,1,0,38.11,19.88,42.01,2262.0,TIMEOUT_LOSS,-0.55,5,2023-07-07,2025-08-13
2025-08-21,8306.T,2,1,0,37.74,20.4,41.86,2254.5,HOLD,0.58,5,2023-07-07,2025-08-13
2025-08-22,8306.T,2,0,0,39.18,18.78,42.04,2291.0,TIMEOUT_LOSS,-1.4,5,2023-07-07,2025-08-13
2025-08-25,8306.T,0,1,0,40.14,19.79,40.07,2288.5,TIMEOUT_LOSS,-0.72,5,2023-07-07,2025-08-13
2025-08-26,8306.T,0,1,0,43.53,19.32,37.15,2272.0,TIMEOUT_LOSS,-3.15,5,2023-07-07,2025-08-13
2025-08-27,8306.T,2,1,0,38.87,20.13,41.01,2249.5,TIMEOUT_LOSS,-0.09,5,2023-07-07,2025-08-13
2025-08-28,8306.T,2,0,0,37.6,18.04,44.36,2267.5,HOLD,0.04,5,2023-07-07,2025-08-13
2025-08-29,8306.T,2,1,0,32.93,21.41,45.65,2259.0,HOLD,1.17,5,2023-07-07,2025-08-13
2025-09-02,8306.T,2,1,0,33.0,20.84,46.16,2272.0,TIMEOUT_LOSS,-0.53,5,2023-07-07,2025-08-13
2025-09-03,8306.T,2,2,1,30.67,18.32,51.01,2200.5,HOLD,5.61,5,2023-07-07,2025-08-13
2025-09-04,8306.T,2,1,0,34.27,19.03,46.7,2247.5,HOLD,1.6,5,2023-07-07,2025-08-13
2025-09-05,8306.T,2,2,1,34.46,17.5,48.05,2268.5,HOLD,0.9,5,2023-07-07,2025-08-13
2025-09-08,8306.T,2,1,0,23.79,23.01,53.2,2285.5,HOLD,0.22,5,2023-07-07,2025-08-13
2025-09-09,8306.T,2,1,0,25.79,26.79,47.41,2260.0,HOLD,0.86,5,2023-07-07,2025-08-13
2025-09-10,8306.T,2,1,0,27.62,22.54,49.84,2324.0,TIMEOUT_LOSS,-1.81,5,2023-07-07,2025-08-13
2025-09-11,8306.T,2,1,0,24.39,28.02,47.59,2283.5,HOLD,2.54,5,2023-07-07,2025-08-13
2025-09-12,8306.T,2,1,0,23.93,29.79,46.28,2289.0,HOLD,3.49,5,2023-07-07,2025-08-13
2025-09-16,8306.T,2,2,1,24.17,31.84,44.0,2290.5,HOLD,3.1,5,2023-07-07,2025-08-13
2025-09-17,8306.T,2,2,1,24.47,32.14,43.39,2279.5,HOLD,4.1,5,2023-07-07,2025-08-13
2025-09-18,8306.T,1,2,0,16.59,61.73,21.69,2282.0,HOLD,4.93,5,2023-08-07,2025-09-11
2025-09-19,8306.T,1,1,1,27.24,37.54,35.22,2341.5,TIMEOUT_LOSS,-0.62,5,2023-08-07,2025-09-11
2025-09-22,8306.T,1,1,1,32.98,41.9,25.12,2369.0,HOLD,1.06,5,2023-08-07,2025-09-11
2025-09-24,8306.T,1,1,1,24.82,48.94,26.24,2361.5,TIMEOUT_LOSS,-1.84,5,2023-08-07,2025-09-11
2025-09-25,8306.T,1,1,1,29.8,40.87,29.33,2373.0,LOSS,-4.0,5,2023-08-07,2025-09-11
2025-09-26,8306.T,0,0,1,41.98,37.58,20.44,2394.5,LOSS,-4.0,4,2023-08-07,2025-09-11
2025-09-29,8306.T,1,0,0,30.49,49.31,20.21,2327.0,TIMEOUT_LOSS,-0.47,5,2023-08-07,2025-09-11
2025-09-30,8306.T,1,0,0,36.14,46.54,17.33,2394.0,LOSS,-4.0,2,2023-08-07,2025-09-11
2025-10-01,8306.T,1,1,1,32.25,43.9,23.85,2318.0,HOLD,1.19,5,2023-08-07,2025-09-11
2025-10-02,8306.T,1,1,1,28.13,40.23,31.64,2273.5,HOLD,3.8,5,2023-08-07,2025-09-11
2025-10-03,8306.T,1,1,1,24.01,45.49,30.5,2313.0,TIMEOUT_LOSS,-1.21,5,2023-08-07,2025-09-11
2025-10-06,8306.T,1,2,0,17.22,51.05,31.73,2316.0,TIMEOUT_LOSS,-3.24,5,2023-08-07,2025-09-11
2025-10-07,8306.T,1,1,1,12.58,46.55,40.88,2293.5,TIMEOUT_LOSS,-0.11,5,2023-08-07,2025-09-11
2025-10-08,8306.T,1,0,0,16.97,51.27,31.76,2345.5,LOSS,-4.0,3,2023-08-07,2025-09-11
2025-10-09,8306.T,1,0,0,18.45,44.83,36.73,2360.0,LOSS,-4.0,2,2023-08-07,2025-09-11
2025-10-10,8306.T,1,1,1,13.91,44.05,42.05,2285.0,HOLD,1.75,5,2023-08-07,2025-09-11
2025-10-14,8306.T,1,1,1,19.93,42.24,37.82,2241.0,HOLD,2.97,5,2023-08-07,2025-09-11
2025-10-15,8306.T,1,1,1,21.75,41.4,36.85,2291.0,TIMEOUT_LOSS,-0.48,5,2023-08-07,2025-09-11
2025-10-16,8306.T,1,1,1,18.8,42.49,38.71,2301.0,TIMEOUT_LOSS,-1.72,5,2023-08-07,2025-09-11
2025-10-17,8306.T,2,2,1,20.85,30.86,48.29,2232.5,HOLD,0.07,5,2023-08-07,2025-09-11
2025-10-20,8306.T,1,0,0,22.22,47.84,29.94,2325.0,TIMEOUT_LOSS,-2.24,5,2023-09-06,2025-10-14
2025-10-21,8306.T,1,0,0,18.2,54.66,27.14,2307.5,TIMEOUT_LOSS,-1.47,5,2023-09-06,2025-10-14
2025-10-22,8306.T,1,1,1,16.24,44.96,38.81,2280.0,HOLD,0.02,5,2023-09-06,2025-10-14
2025-10-23,8306.T,2,1,0,14.25,40.11,45.64,2261.5,HOLD,2.68,5,2023-09-06,2025-10-14
2025-10-24,8306.T,1,2,0,12.18,45.81,42.01,2234.0,HOLD,4.3,5,2023-09-06,2025-10-14
2025-10-27,8306.T,1,2,0,14.26,48.75,36.99,2273.0,HOLD,2.6,5,2023-09-06,2025-10-14
2025-10-28,8306.T,1,2,0,15.07,48.14,36.79,2273.5,HOLD,0.9,5,2023-09-06,2025-10-14
2025-10-29,8306.T,1,2,0,14.52,46.38,39.09,2280.5,HOLD,2.17,5,2023-09-06,2025-10-14
2025-10-30,8306.T,1,1,1,24.2,43.66,32.14,2322.0,TIMEOUT_LOSS,-0.32,5,2023-09-06,2025-10-14
2025-10-31,8306.T,1,1,1,26.98,38.93,34.09,2330.0,HOLD,0.0,5,2023-09-06,2025-10-14
2025-11-04,8306.T,1,1,1,20.54,44.46,35.0,2332.0,LOSS,-4.0,1,2023-09-06,2025-10-14
2025-11-05,8306.T,1,2,0,21.2,46.51,32.29,2294.0,HOLD,4.62,5,2023-09-06,2025-10-14
2025-11-06,8306.T,1,1,1,28.77,43.07,28.17,2330.0,HOLD,5.15,5,2023-09-06,2025-10-14
2025-11-07,8306.T,1,2,0,25.4,38.56,36.04,2314.5,HOLD,5.9,5,2023-09-06,2025-10-14
2025-11-10,8306.T,1,2,0,27.95,39.88,32.17,2330.0,HOLD,4.14,5,2023-09-06,2025-10-14
2025-11-11,8306.T,1,2,0,24.06,44.88,31.06,2321.5,HOLD,1.01,5,2023-09-06,2025-10-14
2025-11-12,8306.T,1,1,1,27.85,38.5,33.65,2400.0,TIMEOUT_LOSS,-2.5,5,2023-09-06,2025-10-14
2025-11-13,8306.T,0,0,1,41.8,28.13,30.07,2450.0,LOSS,-4.0,3,2023-09-06,2025-10-14
2025-11-14,8306.T,0,0,1,42.27,35.06,22.67,2451.0,LOSS,-4.0,2,2023-09-06,2025-10-14
2025-11-17,8306.T,0,0,1,49.33,28.56,22.11,2426.5,LOSS,-4.0,2,2023-09-06,2025-10-14
2025-11-18,8306.T,1,2,0,36.9,38.36,24.74,2345.0,HOLD,4.35,5,2023-10-05,2025-11-12
2025-11-19,8306.T,1,2,0,34.49,39.14,26.37,2340.0,HOLD,3.57,5,2023-10-05,2025-11-12
2025-11-20,8306.T,0,2,0,37.14,37.04,25.82,2386.5,HOLD,3.21,5,2023-10-05,2025-11-12
2025-11-21,8306.T,1,2,0,34.55,40.06,25.38,2385.0,HOLD,5.81,5,2023-10-05,2025-11-12
2025-11-25,8306.T,1,2,0,30.88,40.69,28.43,2377.5,HOLD,3.89,5,2023-10-05,2025-11-12
2025-11-26,8306.T,0,2,0,40.36,33.11,26.54,2447.0,HOLD,2.78,5,2023-10-05,2025-11-12
2025-11-28,8306.T,0,2,0,37.74,32.12,30.15,2423.5,HOLD,4.37,5,2023-10-05,2025-11-12
2025-12-01,8306.T,0,2,0,41.58,30.92,27.5,2463.0,HOLD,1.44,5,2023-10-05,2025-11-12
2025-12-02,8306.T,0,1,0,46.17,29.92,23.91,2523.5,TIMEOUT_LOSS,-1.49,5,2023-10-05,2025-11-12
2025-12-03,8306.T,0,1,0,43.83,30.73,25.44,2470.0,TIMEOUT_LOSS,-0.08,5,2023-10-05,2025-11-12
2025-12-04,8306.T,0,1,0,42.84,29.97,27.19,2515.0,TIMEOUT_LOSS,-3.04,5,2023-10-05,2025-11-12
2025-12-05,8306.T,0,0,1,50.19,24.16,25.65,2529.5,TIMEOUT_LOSS,-1.21,5,2023-10-05,2025-11-12
2025-12-08,8306.T,0,0,1,38.41,31.5,30.09,2498.5,HOLD,2.38,5,2023-10-05,2025-11-12
2025-12-09,8306.T,0,1,0,37.2,36.05,26.75,2486.0,TIMEOUT_LOSS,-0.36,5,2023-10-05,2025-11-12
2025-12-10,8306.T,0,2,0,39.52,34.64,25.84,2468.0,TIMEOUT_LOSS,-0.59,5,2023-10-05,2025-11-12
2025-12-11,8306.T,0,2,0,40.49,30.09,29.42,2438.5,TIMEOUT_LOSS,-0.39,5,2023-10-05,2025-11-12
2025-12-12,8306.T,0,0,1,45.08,31.29,23.64,2499.0,TIMEOUT_LOSS,-1.98,5,2023-10-05,2025-11-12
2025-12-15,8306.T,0,0,1,48.36,33.93,17.71,2558.0,LOSS,-4.0,2,2023-10-05,2025-11-12
2025-12-16,8306.T,0,1,0,44.71,34.1,21.18,2477.0,HOLD,1.53,5,2023-10-05,2025-11-12
2025-12-17,8306.T,0,2,0,43.72,31.92,24.36,2453.5,HOLD,1.12,5,2023-10-05,2025-11-12
2025-12-18,8306.T,2,2,1,28.8,32.24,38.96,2429.0,HOLD,2.33,5,2023-11-06,2025-12-12
2025-12-19,8306.T,2,1,0,25.84,24.97,49.19,2449.5,HOLD,1.92,5,2023-11-06,2025-12-12
2025-12-22,8306.T,2,1,0,32.46,27.7,39.84,2495.0,TIMEOUT_LOSS,-0.08,5,2023-11-06,2025-12-12
2025-12-23,8306.T,2,1,0,28.24,32.77,38.99,2515.0,HOLD,1.19,5,2023-11-06,2025-12-12
2025-12-24,8306.T,2,1,0,25.21,33.04,41.75,2481.0,HOLD,5.8,5,2023-11-06,2025-12-12
2025-12-26,8306.T,2,2,1,21.73,28.9,49.37,2485.5,HOLD,5.37,5,2023-11-06,2025-12-12
2025-12-29,8306.T,2,2,1,29.87,28.9,41.24,2496.5,HOLD,4.31,5,2023-11-06,2025-12-12
2025-12-30,8306.T,2,2,1,27.14,27.1,45.76,2493.0,HOLD,5.98,5,2023-11-06,2025-12-12
2026-01-05,8306.T,1,2,0,31.5,39.35,29.15,2545.0,WIN,8.0,5,2023-11-06,2025-12-12
2026-01-06,8306.T,0,1,0,38.48,38.05,23.47,2625.0,WIN,8.0,5,2023-11-06,2025-12-12
2026-01-07,8306.T,0,2,0,47.22,33.98,18.8,2619.0,WIN,8.0,4,2023-11-06,2025-12-12
2026-01-08,8306.T,0,2,0,60.47,26.1,13.44,2604.0,WIN,8.0,3,2023-11-06,2025-12-12
2026-01-09,8306.T,0,2,0,52.4,31.91,15.68,2642.0,WIN,8.0,2,2023-11-06,2025-12-12
2026-01-13,8306.T,0,2,0,51.02,32.63,16.35,2782.0,WIN,8.0,3,2023-11-06,2025-12-12
2026-01-14,8306.T,0,2,0,61.81,19.35,18.85,2879.5,TIMEOUT_LOSS,-2.15,5,2023-11-06,2025-12-12
2026-01-15,8306.T,0,0,1,65.43,20.74,13.83,2964.0,LOSS,-4.0,3,2023-11-06,2025-12-12
2026-01-16,8306.T,0,0,1,63.01,23.81,13.18,2990.0,LOSS,-4.0,2,2023-11-06,2025-12-12
2026-01-20,8306.T,0,0,1,56.74,34.42,8.85,2934.0,LOSS,-4.0,3,2023-11-06,2025-12-12
2026-01-21,8306.T,0,0,1,49.22,38.39,12.4,2831.5,LOSS,-4.0,4,2023-11-06,2025-12-12
2026-01-22,8306.T,1,0,0,37.61,45.03,17.36,2817.5,TIMEOUT_LOSS,-1.46,5,2023-11-06,2025-12-12
2026-01-23,8306.T,0,0,1,43.79,32.54,23.68,2835.5,LOSS,-4.0,2,2023-12-05,2026-01-16
2026-01-26,8306.T,2,2,1,33.08,31.51,35.41,2730.0,HOLD,0.51,5,2023-12-05,2026-01-16
2026-01-27,8306.T,0,1,0,39.03,32.18,28.79,2771.5,HOLD,4.01,5,2023-12-05,2026-01-16
2026-01-28,8306.T,0,1,0,35.78,32.92,31.3,2750.0,HOLD,7.25,5,2023-12-05,2026-01-16
2026-01-29,8306.T,0,2,0,38.38,30.69,30.93,2776.5,HOLD,3.71,5,2023-12-05,2026-01-16
2026-01-30,8306.T,0,2,0,53.99,21.72,24.29,2804.5,HOLD,5.24,5,2023-12-05,2026-01-16
2026-02-02,8306.T,2,2,1,31.71,30.75,37.54,2744.0,WIN,8.0,5,2023-12-05,2026-01-16
2026-02-03,8306.T,0,2,0,43.0,26.44,30.56,2882.5,HOLD,5.26,5,2023-12-05,2026-01-16
2026-02-04,8306.T,0,1,0,57.27,20.15,22.58,2949.5,LOSS,-4.0,2,2023-12-05,2026-01-16
2026-02-05,8306.T,0,2,0,47.08,25.97,26.95,2879.5,HOLD,4.29,5,2023-12-05,2026-01-16
2026-02-06,8306.T,0,2,0,49.01,23.26,27.73,2951.5,TIMEOUT_LOSS,-2.54,5,2023-12-05,2026-01-16
2026-02-09,8306.T,0,2,0,46.76,20.94,32.31,2957.5,TIMEOUT_LOSS,-0.2,5,2023-12-05,2026-01-16
2026-02-10,8306.T,0,0,1,47.06,20.28,32.66,3034.0,LOSS,-4.0,3,2023-12-05,2026-01-16
2026-02-12,8306.T,0,0,1,46.01,21.72,32.27,3085.0,LOSS,-4.0,2,2023-12-05,2026-01-16
2026-02-13,8306.T,0,1,0,50.42,25.94,23.64,3003.0,LOSS,-4.0,1,2023-12-05,2026-01-16
2026-02-17,8306.T,0,2,0,38.36,29.31,32.34,2876.5,TIMEOUT_LOSS,-1.58,5,2023-12-05,2026-01-16
2026-02-18,8306.T,0,0,1,45.8,29.4,24.8,2951.5,LOSS,-4.0,4,2023-12-05,2026-01-16
2026-02-19,8306.T,0,0,1,45.54,30.02,24.43,3009.0,LOSS,-4.0,2,2023-12-05,2026-01-16
2026-02-20,8306.T,0,1,0,41.72,28.75,29.53,2942.0,LOSS,-4.0,2,2023-12-05,2026-01-16
2026-02-24,8306.T,0,2,0,39.9,26.9,33.19,2888.0,LOSS,-4.0,5,2023-12-05,2026-01-16
2026-02-25,8306.T,2,1,0,28.85,20.04,51.12,2831.0,LOSS,-4.0,5,2024-01-09,2026-02-18
2026-02-26,8306.T,0,0,1,40.29,21.17,38.53,2925.0,LOSS,-4.0,2,2024-01-09,2026-02-18
2026-02-27,8306.T,0,0,1,48.48,23.21,28.31,2968.5,LOSS,-4.0,1,2024-01-09,2026-02-18
2026-03-02,8306.T,2,0,0,32.43,19.26,48.31,2820.0,LOSS,-4.0,2,2024-01-09,2026-02-18
2026-03-03,8306.T,2,1,0,28.29,23.97,47.73,2775.0,LOSS,-4.0,1,2024-01-09,2026-02-18
2026-03-04,8306.T,2,1,0,35.64,23.2,41.16,2644.5,HOLD,1.51,5,2024-01-09,2026-02-18
2026-03-05,8306.T,2,1,0,24.38,27.45,48.17,2735.0,LOSS,-4.0,2,2024-01-09,2026-02-18
2026-03-06,8306.T,2,0,0,27.0,25.56,47.44,2759.5,LOSS,-4.0,1,2024-01-09,2026-02-18
2026-03-09,8306.T,2,1,0,37.39,23.57,39.04,2665.0,TIMEOUT_LOSS,-1.16,5,2024-01-09,2026-02-18
2026-03-10,8306.T,2,0,0,25.91,26.52,47.57,2721.5,LOSS,-4.0,2,2024-01-09,2026-02-18
2026-03-11,8306.T,2,0,0,19.77,25.63,54.6,2684.5,HOLD,1.73,5,2024-01-09,2026-02-18
2026-03-12,8306.T,2,1,0,22.67,21.75,55.58,2654.0,HOLD,1.21,5,2024-01-09,2026-02-18
2026-03-13,8306.T,2,2,1,24.7,23.37,51.93,2656.0,LOSS,-4.0,5,2024-01-09,2026-02-18
2026-03-16,8306.T,2,2,1,22.75,23.67,53.58,2634.0,LOSS,-4.0,4,2024-01-09,2026-02-18
2026-03-17,8306.T,2,0,0,23.91,29.41,46.68,2659.5,LOSS,-4.0,3,2024-01-09,2026-02-18
2026-03-18,8306.T,2,0,0,26.71,23.88,49.4,2731.0,LOSS,-4.0,2,2024-01-09,2026-02-18
2026-03-19,8306.T,2,1,0,32.45,25.91,41.65,2686.0,LOSS,-4.0,1,2024-01-09,2026-02-18
2026-03-23,8306.T,2,2,1,30.84,24.05,45.1,2564.5,HOLD,2.2,5,2024-01-09,2026-02-18
2026-03-24,8306.T,2,2,1,28.65,25.82,45.53,2639.0,TIMEOUT_LOSS,-1.48,5,2024-01-09,2026-02-18
2026-03-25,8306.T,2,0,0,28.26,25.75,45.99,2718.5,LOSS,-4.0,3,2024-01-09,2026-02-18
2026-03-26,8306.T,0,0,1,46.5,29.8,23.7,2700.5,LOSS,-4.0,2,2024-02-07,2026-03-19
2026-03-27,8306.T,0,2,0,42.53,32.43,25.04,2715.0,LOSS,-4.0,1,2024-02-07,2026-03-19
2026-03-30,8306.T,1,2,0,33.55,36.6,29.86,2621.0,WIN,8.0,3,2024-02-07,2026-03-19
2026-03-31,8306.T,1,2,0,30.84,34.97,34.19,2600.0,WIN,8.0,1,2024-02-07,2026-03-19
2026-04-01,8306.T,0,1,0,40.54,29.71,29.74,2808.0,HOLD,1.23,5,2024-02-07,2026-03-19
2026-04-02,8306.T,0,2,0,41.34,30.68,27.98,2760.0,HOLD,2.97,5,2024-02-07,2026-03-19
2026-04-06,8306.T,2,2,1,35.29,27.9,36.81,2792.0,HOLD,2.44,5,2024-02-07,2026-03-19
2026-04-07,8306.T,0,1,0,40.86,26.5,32.63,2811.0,HOLD,1.39,5,2024-02-07,2026-03-19
2026-04-08,8306.T,0,1,0,39.81,29.54,30.65,2885.0,HOLD,0.99,5,2024-02-07,2026-03-19
2026-04-09,8306.T,2,1,0,33.22,30.38,36.39,2842.5,HOLD,3.66,5,2024-02-07,2026-03-19
2026-04-10,8306.T,2,2,1,36.71,25.19,38.1,2842.0,HOLD,0.99,5,2024-02-07,2026-03-19
2026-04-13,8306.T,0,2,0,37.83,25.86,36.3,2860.0,HOLD,0.37,5,2024-02-07,2026-03-19
2026-04-14,8306.T,0,1,0,36.87,27.84,35.28,2850.0,TIMEOUT_LOSS,-0.68,5,2024-02-07,2026-03-19
2026-04-15,8306.T,0,1,0,48.18,26.56,25.26,2913.5,LOSS,-4.0,5,2024-02-07,2026-03-19
2026-04-16,8306.T,0,0,1,57.4,20.6,22.0,2946.5,LOSS,-4.0,4,2024-02-07,2026-03-19
2026-04-17,8306.T,0,0,1,36.5,33.09,30.41,2870.0,LOSS,-4.0,4,2024-02-07,2026-03-19
2026-04-20,8306.T,0,0,1,37.0,32.29,30.71,2870.5,LOSS,-4.0,3,2024-02-07,2026-03-19
2026-04-21,8306.T,0,0,1,36.07,30.66,33.26,2830.5,LOSS,-4.0,4,2024-02-07,2026-03-19
2026-04-22,8306.T,2,1,0,33.23,31.57,35.2,2794.0,HOLD,0.82,5,2024-02-07,2026-03-19
2026-04-23,8306.T,1,2,0,30.92,35.27,33.81,2752.0,HOLD,1.67,5,2024-02-07,2026-03-19
2026-04-24,8306.T,0,2,0,36.91,33.45,29.65,2755.5,HOLD,3.9,5,2024-03-11,2026-04-20
2026-04-27,8306.T,0,1,0,45.65,31.81,22.54,2788.0,HOLD,0.66,5,2024-03-11,2026-04-20
2026-04-28,8306.T,0,1,0,40.93,33.93,25.13,2875.0,LOSS,-4.0,2,2024-03-11,2026-04-20
2026-04-30,8306.T,2,1,0,33.52,30.73,35.74,2817.0,HOLD,2.45,5,2024-03-11,2026-04-20
2026-05-01,8306.T,2,2,1,31.21,30.96,37.83,2798.0,HOLD,4.59,5,2024-03-11,2026-04-20
2026-05-07,8306.T,1,1,1,37.76,38.93,23.32,2863.0,HOLD,0.49,5,2024-03-11,2026-04-20
2026-05-08,8306.T,1,2,0,31.83,36.4,31.77,2806.5,HOLD,4.36,5,2024-03-11,2026-04-20
2026-05-11,8306.T,0,1,0,37.87,35.98,26.16,2856.5,HOLD,4.85,5,2024-03-11,2026-04-20
2026-05-12,8306.T,0,1,0,37.86,36.69,25.46,2886.0,HOLD,7.69,5,2024-03-11,2026-04-20
2026-05-13,8306.T,0,2,0,43.57,34.14,22.29,2926.5,WIN,8.0,5,2024-03-11,2026-04-20
2026-05-14,8306.T,0,2,0,36.29,34.05,29.66,2877.0,WIN,8.0,3,2024-03-11,2026-04-20
2026-05-15,8306.T,0,2,0,50.0,26.42,23.59,2929.0,WIN,8.0,3,2024-03-11,2026-04-20
2026-05-18,8306.T,0,2,0,53.57,27.73,18.7,2995.0,HOLD,2.2,5,2024-03-11,2026-04-20
2026-05-19,8306.T,0,1,0,62.35,19.77,17.88,3108.0,TIMEOUT_LOSS,-2.48,5,2024-03-11,2026-04-20
2026-05-20,8306.T,0,1,0,52.62,28.3,19.07,3030.0,TIMEOUT_LOSS,-1.58,5,2024-03-11,2026-04-20
2026-05-21,8306.T,0,1,0,61.1,21.25,17.65,3067.0,TIMEOUT_LOSS,-2.22,5,2024-03-11,2026-04-20
2026-05-22,8306.T,0,0,1,60.64,22.51,16.85,3091.0,LOSS,-4.0,3,2024-03-11,2026-04-20
2026-05-26,8306.T,0,0,1,52.98,27.2,19.82,3061.0,TIMEOUT_LOSS,-0.49,5,2024-03-11,2026-04-20
2026-05-27,8306.T,0,1,0,49.25,29.12,21.62,3031.0,HOLD,3.5,5,2024-03-11,2026-04-20
2026-05-28,8306.T,0,2,0,45.74,31.55,22.72,2982.0,HOLD,6.27,5,2024-03-11,2026-04-20
2026-05-29,8306.T,0,2,0,43.03,30.9,26.07,2999.0,WIN,8.0,5,2024-04-10,2026-05-22
2026-06-01,8306.T,0,2,0,52.14,27.99,19.87,3023.0,WIN,8.0,4,2024-04-10,2026-05-22
2026-06-02,8306.T,0,2,0,47.75,30.25,22.0,3046.0,HOLD,4.4,5,2024-04-10,2026-05-22
2026-06-03,8306.T,0,1,0,56.18,26.37,17.45,3137.0,HOLD,1.47,5,2024-04-10,2026-05-22
2026-06-04,8306.T,0,1,0,53.46,26.4,20.13,3169.0,TIMEOUT_LOSS,-0.88,5,2024-04-10,2026-05-22
2026-06-05,8306.T,0,1,0,52.83,28.25,18.92,3219.0,LOSS,-4.0,4,2024-04-10,2026-05-22
2026-06-08,8306.T,1,1,1,36.0,41.87,22.12,3168.0,HOLD,2.34,5,2024-04-10,2026-05-22
2026-06-09,8306.T,0,1,0,41.27,34.66,24.07,3180.0,HOLD,1.51,5,2024-04-10,2026-05-22
2026-06-10,8306.T,1,2,0,36.08,44.16,19.75,3183.0,HOLD,2.8,5,2024-04-10,2026-05-22
2026-06-11,8306.T,1,2,0,36.18,38.51,25.31,3141.0,WIN,8.0,5,2024-04-10,2026-05-22
2026-06-12,8306.T,0,2,0,36.91,36.06,27.03,3162.0,HOLD,5.41,5,2024-04-10,2026-05-22
2026-06-15,8306.T,0,2,0,58.51,24.74,16.75,3242.0,HOLD,0.77,5,2024-04-10,2026-05-22
2026-06-16,8306.T,0,2,0,49.03,25.88,25.09,3228.0,TIMEOUT_LOSS,-0.71,5,2024-04-10,2026-05-22
2026-06-17,8306.T,0,1,0,58.47,21.81,19.72,3272.0,TIMEOUT_LOSS,-1.19,5,2024-04-10,2026-05-22
2026-06-18,8306.T,0,0,1,62.51,20.54,16.95,3374.0,LOSS,-4.0,1,2024-04-10,2026-05-22
2026-06-22,8306.T,0,0,1,54.18,23.37,22.45,3333.0,LOSS,-4.0,5,2024-04-10,2026-05-22
2026-06-23,8306.T,0,1,0,45.91,25.53,28.57,3267.0,TIMEOUT_LOSS,-1.84,5,2024-04-10,2026-05-22
2026-06-24,8306.T,0,1,0,35.99,34.74,29.28,3205.0,HOLD,1.31,5,2024-04-10,2026-05-22
2026-06-25,8306.T,0,1,0,49.49,28.24,22.27,3233.0,HOLD,2.26,5,2024-04-10,2026-05-22
2026-06-26,8306.T,0,1,0,36.48,33.17,30.35,3245.0,HOLD,3.85,5,2024-04-10,2026-05-22
2026-06-29,8306.T,2,2,1,17.5,36.34,46.16,3211.0,WIN,8.0,5,2024-05-13,2026-06-23
2026-06-30,8306.T,2,2,1,18.1,35.98,45.91,3207.0,WIN,8.0,4,2024-05-13,2026-06-23
2026-07-01,8306.T,1,2,0,21.95,40.43,37.62,3247.0,WIN,8.0,3,2024-05-13,2026-06-23
2026-07-02,8306.T,2,2,1,18.25,39.76,41.99,3306.0,HOLD,4.69,5,2024-05-13,2026-06-23
2026-07-06,8306.T,1,1,1,31.78,38.45,29.77,3370.0,HOLD,5.07,5,2024-05-13,2026-06-23
2026-07-07,8306.T,1,1,1,26.94,46.87,26.19,3446.0,HOLD,4.47,5,2024-05-13,2026-06-23
2026-07-08,8306.T,1,2,0,20.92,47.77,31.31,3433.0,WIN,8.0,5,2024-05-13,2026-06-23
2026-07-09,8306.T,1,2,0,28.82,36.94,34.23,3414.0,WIN,8.0,4,2024-05-13,2026-06-23
2026-07-10,8306.T,1,2,0,34.84,37.59,27.57,3461.0,HOLD,0.35,5,2024-05-13,2026-06-23
2026-07-13,8306.T,1,2,0,34.57,41.07,24.36,3541.0,HOLD,1.1,5,2024-05-13,2026-06-23
2026-07-14,8306.T,0,0,1,41.81,32.25,25.93,3600.0,LOSS,-4.0,3,2024-05-13,2026-06-23
2026-07-15,8306.T,0,0,1,52.71,23.72,23.57,3697.0,LOSS,-4.0,2,2024-05-13,2026-06-23
2026-07-16,8306.T,0,1,0,45.48,34.09,20.43,3629.0,LOSS,-4.0,1,2024-05-13,2026-06-23
2026-07-17,8306.T,0,2,0,35.26,29.65,35.08,3473.0,WIN,8.0,3,2024-05-13,2026-06-23
2026-07-21,8306.T,0,2,0,45.16,26.79,28.05,3580.0,HOLD,2.26,5,2024-05-13,2026-06-23
2026-07-22,8306.T,0,2,0,45.25,27.39,27.36,3668.0,TIMEOUT_LOSS,-0.57,5,2024-05-13,2026-06-23
2026-07-23,8306.T,0,0,1,46.35,29.97,23.68,3750.0,LOSS,-4.0,4,2024-05-13,2026-06-23
2026-07-24,8306.T,0,0,1,41.42,32.61,25.97,3754.0,LOSS,-4.0,3,2024-05-13,2026-06-23
2026-07-27,8306.T,0,0,1,45.19,28.01,26.8,3799.0,LOSS,-4.0,1,2024-05-13,2026-06-23
2026-07-28,8306.T,0,0,1,37.41,26.7,35.89,3661.0,LOSS,-4.0,2,2024-05-13,2026-06-23
2026-07-29,8306.T,2,0,0,23.41,19.14,57.45,3647.0,LOSS,-4.0,3,2024-06-11,2026-07-23
2026-07-30,8306.T,2,0,0,22.94,20.28,56.78,3525.0,HOLD,1.39,5,2024-06-11,2026-07-23
2026-07-31,8306.T,2,1,0,30.32,23.59,46.08,3571.0,LOSS,-4.0,1,2024-06-11,2026-07-23
2026-08-03,8306.T,2,1,0,24.36,23.08,52.56,3567.0,TIMEOUT_LOSS,-1.6,5,2024-06-11,2026-07-23
2026-08-04,8306.T,2,2,1,28.75,25.81,45.44,3470.0,HOLD,3.92,5,2024-06-11,2026-07-23
2026-08-05,8306.T,2,1,0,26.84,31.98,41.18,3541.0,HOLD,4.74,5,2024-06-11,2026-07-23
2026-08-06,8306.T,2,1,0,26.79,26.91,46.3,3574.0,HOLD,3.13,5,2024-06-11,2026-07-23
2026-08-07,8306.T,2,2,1,27.43,23.16,49.41,3564.0,HOLD,2.38,5,2024-06-11,2026-07-23
2024-10-10,5803.T,0,2,0,47.86,25.32,26.82,861.67,HOLD,2.67,5,2022-08-31,2024-10-04
2024-10-11,5803.T,0,0,1,44.58,25.75,29.67,909.33,LOSS,-4.0,2,2022-08-31,2024-10-04
2024-10-15,5803.T,0,1,0,45.99,24.91,29.1,883.33,LOSS,-4.0,2,2022-08-31,2024-10-04
2024-10-16,5803.T,0,0,1,41.54,31.72,26.74,906.67,LOSS,-4.0,1,2022-08-31,2024-10-04
2024-10-17,5803.T,2,0,0,29.32,18.3,52.38,862.17,LOSS,-4.0,4,2022-08-31,2024-10-04
2024-10-18,5803.T,2,0,0,34.12,21.08,44.8,884.67,LOSS,-4.0,2,2022-08-31,2024-10-04
2024-10-21,5803.T,2,1,0,12.79,19.75,67.46,855.17,LOSS,-4.0,2,2022-08-31,2024-10-04
2024-10-22,5803.T,2,1,0,24.37,28.29,47.34,843.0,HOLD,4.37,5,2022-08-31,2024-10-04
2024-10-23,5803.T,2,1,0,14.89,25.79,59.32,837.5,WIN,8.0,5,2022-08-31,2024-10-04
2024-10-24,5803.T,0,2,0,37.26,31.97,30.77,855.5,WIN,8.0,4,2022-08-31,2024-10-04
2024-10-25,5803.T,2,2,1,23.58,30.6,45.82,849.83,WIN,8.0,3,2022-08-31,2024-10-04
2024-10-28,5803.T,2,2,1,22.15,30.27,47.59,849.0,WIN,8.0,2,2022-08-31,2024-10-04
2024-10-29,5803.T,2,2,1,32.35,27.0,40.65,879.83,WIN,8.0,1,2022-08-31,2024-10-04
2024-10-30,5803.T,0,0,1,45.92,22.5,31.57,936.17,LOSS,-4.0,2,2022-08-31,2024-10-04
2024-10-31,5803.T,0,1,0,46.2,25.76,28.04,955.33,LOSS,-4.0,1,2022-08-31,2024-10-04
2024-11-01,5803.T,1,2,0,33.35,36.28,30.37,905.0,WIN,8.0,3,2022-08-31,2024-10-04
2024-11-05,5803.T,2,2,1,35.08,27.02,37.9,901.83,WIN,8.0,2,2022-08-31,2024-10-04
2024-11-06,5803.T,0,2,0,43.13,21.43,35.45,961.67,LOSS,-4.0,2,2022-08-31,2024-10-04
2024-11-07,5803.T,0,1,0,45.03,19.89,35.08,968.0,LOSS,-4.0,1,2022-08-31,2024-10-04
2024-11-08,5803.T,2,2,1,17.62,23.61,58.77,925.33,WIN,8.0,1,2022-08-31,2024-10-04
2024-11-11,5803.T,0,0,1,43.19,23.55,33.26,984.67,LOSS,-4.0,1,2022-10-03,2024-11-05
2024-11-12,5803.T,0,0,1,42.7,27.33,29.97,965.83,LOSS,-4.0,3,2022-10-03,2024-11-05
2024-11-13,5803.T,2,0,0,32.03,32.92,35.05,959.5,LOSS,-4.0,2,2022-10-03,2024-11-05
2024-11-14,5803.T,2,1,0,24.18,36.82,39.0,940.0,LOSS,-4.0,2,2022-10-03,2024-11-05
2024-11-15,5803.T,1,2,0,19.91,40.92,39.17,920.67,LOSS,-4.0,1,2022-10-03,2024-11-05
2024-11-18,5803.T,2,2,1,7.1,43.9,49.0,878.67,WIN,8.0,1,2022-10-03,2024-11-05
2024-11-19,5803.T,2,2,1,29.38,25.26,45.36,941.67,LOSS,-4.0,5,2022-10-03,2024-11-05
2024-11-20,5803.T,2,1,0,21.27,29.28,49.46,940.5,LOSS,-4.0,4,2022-10-03,2024-11-05
2024-11-21,5803.T,2,0,0,26.42,30.69,42.89,931.17,LOSS,-4.0,3,2022-10-03,2024-11-05
2024-11-22,5803.T,2,0,0,29.4,26.04,44.56,958.17,LOSS,-4.0,2,2022-10-03,2024-11-05
2024-11-25,5803.T,2,0,0,32.5,23.93,43.57,940.0,LOSS,-4.0,1,2022-10-03,2024-11-05
2024-11-26,5803.T,2,2,1,7.6,33.0,59.4,876.5,WIN,8.0,4,2022-10-03,2024-11-05
2024-11-27,5803.T,2,2,1,13.16,27.57,59.27,888.33,WIN,8.0,3,2022-10-03,2024-11-05
2024-11-29,5803.T,2,2,1,12.17,26.55,61.28,887.0,WIN,8.0,2,2022-10-03,2024-11-05
2024-12-02,5803.T,2,2,1,32.77,24.29,42.94,943.67,WIN,8.0,2,2022-10-03,2024-11-05
2024-12-03,5803.T,0,2,0,39.31,23.84,36.85,1002.0,WIN,8.0,2,2022-10-03,2024-11-05
2024-12-04,5803.T,0,1,0,43.57,25.23,31.2,1030.33,LOSS,-4.0,4,2022-10-03,2024-11-05
2024-12-05,5803.T,0,0,1,40.48,27.08,32.44,1062.5,LOSS,-4.0,1,2022-10-03,2024-11-05
2024-12-06,5803.T,0,0,1,37.48,29.42,33.1,1020.33,LOSS,-4.0,2,2022-10-03,2024-11-05
2024-12-09,5803.T,2,1,0,34.82,29.84,35.34,1031.33,LOSS,-4.0,1,2022-10-03,2024-11-05
2024-12-10,5803.T,2,2,1,28.49,35.0,36.51,975.17,WIN,8.0,2,2022-11-01,2024-12-04
2024-12-11,5803.T,2,2,1,30.68,29.05,40.26,995.83,WIN,8.0,3,2022-11-01,2024-12-04
2024-12-12,5803.T,2,2,1,22.43,33.4,44.17,1021.67,WIN,8.0,3,2022-11-01,2024-12-04
2024-12-13,5803.T,0,1,0,49.5,22.12,28.38,1045.5,LOSS,-4.0,4,2022-11-01,2024-12-04
2024-12-16,5803.T,0,0,1,43.6,31.3,25.1,1081.67,LOSS,-4.0,3,2022-11-01,2024-12-04
2024-12-17,5803.T,0,1,0,39.0,34.0,27.01,1051.17,LOSS,-4.0,2,2022-11-01,2024-12-04
2024-12-18,5803.T,0,2,0,40.56,26.75,32.69,1041.33,HOLD,6.91,5,2022-11-01,2024-12-04
2024-12-19,5803.T,2,0,0,35.46,25.49,39.05,1040.67,WIN,8.0,5,2022-11-01,2024-12-04
2024-12-20,5803.T,2,2,1,28.42,28.47,43.11,1040.67,WIN,8.0,4,2022-11-01,2024-12-04
2024-12-23,5803.T,2,2,1,29.48,31.04,39.48,1057.67,HOLD,4.13,5,2022-11-01,2024-12-04
2024-12-24,5803.T,2,2,1,25.23,31.99,42.78,1025.0,WIN,8.0,1,2022-11-01,2024-12-04
2024-12-26,5803.T,0,1,0,38.33,31.38,30.29,1113.33,LOSS,-4.0,5,2022-11-01,2024-12-04
2024-12-27,5803.T,1,0,0,33.02,38.12,28.86,1116.83,LOSS,-4.0,1,2022-11-01,2024-12-04
2024-12-30,5803.T,0,1,0,36.99,31.91,31.1,1091.33,LOSS,-4.0,4,2022-11-01,2024-12-04
2025-01-06,5803.T,0,0,1,37.1,33.34,29.56,1101.33,LOSS,-4.0,3,2022-11-01,2024-12-04
2025-01-07,5803.T,0,0,1,46.63,22.58,30.79,1088.0,LOSS,-4.0,3,2022-11-01,2024-12-04
2025-01-08,5803.T,0,0,1,35.42,30.73,33.85,1094.67,LOSS,-4.0,1,2022-11-01,2024-12-04
2025-01-09,5803.T,2,0,0,20.77,34.02,45.22,1048.83,LOSS,-4.0,2,2022-11-01,2024-12-04
2025-01-10,5803.T,0,0,1,38.61,26.48,34.9,1050.83,LOSS,-4.0,1,2022-11-01,2024-12-04
2025-01-14,5803.T,2,0,0,12.88,30.33,56.79,1017.67,LOSS,-4.0,3,2022-11-01,2024-12-04
2025-01-15,5803.T,2,1,0,31.64,29.94,38.42,1004.67,WIN,8.0,4,2022-12-02,2025-01-08
2025-01-16,5803.T,2,2,1,16.03,29.63,54.35,990.0,WIN,8.0,3,2022-12-02,2025-01-08
2025-01-17,5803.T,0,2,0,43.58,22.14,34.28,993.67,WIN,8.0,2,2022-12-02,2025-01-08
2025-01-21,5803.T,2,2,1,30.58,30.14,39.28,1007.83,WIN,8.0,1,2022-12-02,2025-01-08
2025-01-22,5803.T,0,0,1,42.7,22.22,35.08,1157.17,LOSS,-4.0,3,2022-12-02,2025-01-08
2025-01-23,5803.T,0,0,1,44.53,26.04,29.43,1212.67,LOSS,-4.0,2,2022-12-02,2025-01-08
2025-01-24,5803.T,0,0,1,44.99,34.25,20.76,1216.67,LOSS,-4.0,1,2022-12-02,2025-01-08
2025-01-27,5803.T,0,0,1,37.63,28.56,33.82,1087.0,LOSS,-4.0,1,2022-12-02,2025-01-08
2025-01-28,5803.T,2,2,1,25.86,22.38,51.75,986.83,LOSS,-4.0,1,2022-12-02,2025-01-08
2025-01-29,5803.T,2,1,0,13.4,17.11,69.49,1003.33,WIN,8.0,5,2022-12-02,2025-01-08
2025-01-30,5803.T,2,2,1,12.69,17.15,70.15,1007.17,WIN,8.0,4,2022-12-02,2025-01-08
2025-01-31,5803.T,2,1,0,12.3,18.83,68.86,1048.33,LOSS,-4.0,1,2022-12-02,2025-01-08
2025-02-03,5803.T,2,2,1,19.11,18.19,62.7,1008.17,WIN,8.0,5,2022-12-02,2025-01-08
2025-02-04,5803.T,2,1,0,37.7,24.49,37.81,1051.33,WIN,8.0,5,2022-12-02,2025-01-08
2025-02-05,5803.T,0,2,0,37.27,25.94,36.8,1047.67,WIN,8.0,4,2022-12-02,2025-01-08
2025-02-06,5803.T,0,2,0,42.93,25.96,31.11,1056.67,WIN,8.0,3,2022-12-02,2025-01-08
2025-02-07,5803.T,0,2,0,45.77,25.92,28.32,1038.33,WIN,8.0,2,2022-12-02,2025-01-08
2025-02-10,5803.T,0,2,0,52.41,17.66,29.93,1112.5,WIN,8.0,1,2022-12-02,2025-01-08
2025-02-12,5803.T,0,0,1,44.0,21.88,34.12,1227.67,LOSS,-4.0,2,2022-12-02,2025-01-08
2025-02-13,5803.T,0,0,1,43.21,29.06,27.73,1204.67,LOSS,-4.0,1,2022-12-02,2025-01-08
2025-02-14,5803.T,2,0,0,35.39,26.31,38.3,1155.33,LOSS,-4.0,4,2023-01-04,2025-02-07
2025-02-18,5803.T,2,0,0,29.12,29.73,41.15,1148.33,LOSS,-4.0,3,2023-01-04,2025-02-07
2025-02-19,5803.T,2,0,0,17.38,27.8,54.82,1149.33,LOSS,-4.0,2,2023-01-04,2025-02-07
2025-02-20,5803.T,2,0,0,18.35,28.65,53.01,1122.33,LOSS,-4.0,2,2023-01-04,2025-02-07
2025-02-21,5803.T,2,1,0,22.43,27.85,49.73,1102.17,LOSS,-4.0,1,2023-01-04,2025-02-07
2025-02-25,5803.T,2,1,0,9.7,26.25,64.05,1019.5,WIN,8.0,2,2023-01-04,2025-02-07
2025-02-26,5803.T,2,0,0,12.88,28.96,58.16,1053.5,WIN,8.0,1,2023-01-04,2025-02-07
2025-02-27,5803.T,2,0,0,25.1,30.36,44.54,1104.17,LOSS,-4.0,1,2023-01-04,2025-02-07
2025-02-28,5803.T,2,2,1,15.23,22.53,62.24,1023.33,LOSS,-4.0,2,2023-01-04,2025-02-07
2025-03-03,5803.T,2,1,0,22.0,29.99,48.01,1033.67,LOSS,-4.0,1,2023-01-04,2025-02-07
2025-03-04,5803.T,2,1,0,24.72,24.01,51.27,968.0,WIN,8.0,2,2023-01-04,2025-02-07
2025-03-05,5803.T,2,0,0,25.83,23.34,50.83,1039.83,LOSS,-4.0,2,2023-01-04,2025-02-07
2025-03-06,5803.T,2,0,0,17.25,27.04,55.71,1021.67,LOSS,-4.0,1,2023-01-04,2025-02-07
2025-03-07,5803.T,2,0,0,24.65,19.25,56.1,974.83,LOSS,-4.0,2,2023-01-04,2025-02-07
2025-03-10,5803.T,2,1,0,17.5,23.93,58.57,962.17,LOSS,-4.0,1,2023-01-04,2025-02-07
2025-03-11,5803.T,2,2,1,30.9,19.26,49.84,942.83,WIN,8.0,3,2023-01-04,2025-02-07
2025-03-12,5803.T,2,2,1,15.35,22.93,61.72,951.83,WIN,8.0,2,2023-01-04,2025-02-07
2025-03-13,5803.T,2,2,1,25.1,20.95,53.96,958.17,WIN,8.0,1,2023-01-04,2025-02-07
2025-03-14,5803.T,2,0,0,30.92,20.64,48.44,1035.33,LOSS,-4.0,3,2023-01-04,2025-02-07
2025-03-17,5803.T,2,0,0,29.67,19.62,50.71,1021.17,LOSS,-4.0,2,2023-01-04,2025-02-07
2025-03-18,5803.T,2,1,0,35.98,26.18,37.84,1033.0,LOSS,-4.0,1,2023-02-03,2025-03-12
2025-03-19,5803.T,0,2,0,37.39,29.83,32.78,978.17,WIN,8.0,3,2023-02-03,2025-03-12
2025-03-21,5803.T,0,2,0,38.59,29.88,31.53,993.17,WIN,8.0,2,2023-02-03,2025-03-12
2025-03-24,5803.T,0,0,1,38.99,31.17,29.84,1019.5,LOSS,-4.0,3,2023-02-03,2025-03-12
2025-03-25,5803.T,0,0,1,35.79,30.66,33.55,1035.33,LOSS,-4.0,2,2023-02-03,2025-03-12
2025-03-26,5803.T,0,0,1,36.06,33.17,30.78,1045.17,LOSS,-4.0,1,2023-02-03,2025-03-12
2025-03-27,5803.T,0,0,1,38.19,30.59,31.23,971.83,LOSS,-4.0,1,2023-02-03,2025-03-12
2025-03-28,5803.T,1,0,0,33.76,35.91,30.33,948.5,LOSS,-4.0,1,2023-02-03,2025-03-12
2025-03-31,5803.T,2,0,0,27.49,17.89,54.62,899.67,LOSS,-4.0,2,2023-02-03,2025-03-12
2025-04-01,5803.T,2,0,0,24.75,17.54,57.71,871.83,LOSS,-4.0,2,2023-02-03,2025-03-12
2025-04-02,5803.T,2,0,0,18.76,22.7,58.55,892.17,LOSS,-4.0,1,2023-02-03,2025-03-12
2025-04-03,5803.T,2,0,0,16.19,21.52,62.3,815.33,LOSS,-4.0,1,2023-02-03,2025-03-12
2025-04-04,5803.T,2,0,0,15.26,15.14,69.6,715.33,LOSS,-4.0,1,2023-02-03,2025-03-12
2025-04-07,5803.T,2,2,1,15.41,14.9,69.7,598.83,WIN,8.0,1,2023-02-03,2025-03-12
2025-04-08,5803.T,2,2,1,13.53,18.21,68.26,715.5,LOSS,-4.0,1,2023-02-03,2025-03-12
2025-04-09,5803.T,2,2,1,9.59,18.67,71.75,668.33,WIN,8.0,1,2023-02-03,2025-03-12
2025-04-10,5803.T,2,1,0,19.03,24.13,56.84,785.0,LOSS,-4.0,1,2023-02-03,2025-03-12
2025-04-11,5803.T,2,0,0,18.73,19.91,61.36,776.83,TIMEOUT_LOSS,-2.3,5,2023-02-03,2025-03-12
2025-04-14,5803.T,2,1,0,19.13,18.61,62.26,775.5,LOSS,-4.0,5,2023-02-03,2025-03-12
2025-04-15,5803.T,2,0,0,22.77,22.05,55.19,784.83,LOSS,-4.0,1,2023-02-03,2025-03-12
2025-04-16,5803.T,2,0,0,23.63,23.65,52.72,760.83,HOLD,6.16,5,2023-03-07,2025-04-10
2025-04-17,5803.T,2,2,1,24.63,26.75,48.62,767.5,LOSS,-4.0,2,2023-03-07,2025-04-10
2025-04-21,5803.T,2,2,1,18.81,31.32,49.87,759.0,WIN,8.0,4,2023-03-07,2025-04-10
2025-04-22,5803.T,2,2,1,25.48,21.77,52.75,738.67,WIN,8.0,2,2023-03-07,2025-04-10
2025-04-23,5803.T,2,2,1,20.47,31.18,48.34,782.67,WIN,8.0,2,2023-03-07,2025-04-10
2025-04-24,5803.T,2,2,1,28.63,25.99,45.38,807.67,WIN,8.0,1,2023-03-07,2025-04-10
2025-04-25,5803.T,2,2,1,34.95,23.47,41.58,878.67,HOLD,7.66,5,2023-03-07,2025-04-10
2025-04-28,5803.T,2,2,1,37.73,24.41,37.86,868.17,WIN,8.0,4,2023-03-07,2025-04-10
2025-04-30,5803.T,0,2,0,39.29,24.88,35.83,874.5,WIN,8.0,3,2023-03-07,2025-04-10
2025-05-01,5803.T,0,2,0,44.13,21.34,34.52,926.0,WIN,8.0,4,2023-03-07,2025-04-10
2025-05-02,5803.T,0,2,0,41.13,24.71,34.16,921.5,WIN,8.0,3,2023-03-07,2025-04-10
2025-05-07,5803.T,0,2,0,44.33,22.92,32.74,946.0,WIN,8.0,3,2023-03-07,2025-04-10
2025-05-08,5803.T,0,0,1,47.44,22.56,30.0,983.17,TIMEOUT_LOSS,-2.36,5,2023-03-07,2025-04-10
2025-05-09,5803.T,0,1,0,44.99,24.27,30.74,999.17,LOSS,-4.0,2,2023-03-07,2025-04-10
2025-05-12,5803.T,0,0,1,41.29,26.97,31.74,1009.33,LOSS,-4.0,1,2023-03-07,2025-04-10
2025-05-13,5803.T,0,1,0,37.1,28.61,34.29,957.17,HOLD,6.6,5,2023-03-07,2025-04-10
2025-05-14,5803.T,0,0,1,47.16,24.02,28.82,1004.5,LOSS,-4.0,1,2023-03-07,2025-04-10
2025-05-15,5803.T,2,2,1,32.29,25.82,41.89,960.0,HOLD,3.44,5,2023-03-07,2025-04-10
2025-05-16,5803.T,2,2,1,28.09,32.68,39.23,964.17,WIN,8.0,5,2023-03-07,2025-04-10
2025-05-19,5803.T,2,2,1,27.49,31.7,40.81,965.67,WIN,8.0,4,2023-03-07,2025-04-10
2025-05-20,5803.T,0,2,0,46.26,29.0,24.74,1020.33,LOSS,-4.0,2,2023-04-05,2025-05-14
2025-05-21,5803.T,0,2,0,35.58,31.94,32.49,1009.83,LOSS,-4.0,1,2023-04-05,2025-05-14
2025-05-22,5803.T,0,2,0,39.95,26.12,33.93,993.0,WIN,8.0,2,2023-04-05,2025-05-14
2025-05-23,5803.T,0,2,0,40.57,32.06,27.37,1041.17,WIN,8.0,3,2023-04-05,2025-05-14
2025-05-27,5803.T,0,2,0,41.02,29.98,29.0,1080.33,HOLD,3.18,5,2023-04-05,2025-05-14
2025-05-28,5803.T,0,2,0,41.41,33.33,25.26,1085.67,HOLD,2.84,5,2023-04-05,2025-05-14
2025-05-29,5803.T,0,0,1,53.84,22.35,23.8,1145.83,TIMEOUT_LOSS,-0.06,5,2023-04-05,2025-05-14
2025-05-30,5803.T,0,1,0,38.95,38.26,22.79,1119.67,HOLD,2.69,5,2023-04-05,2025-05-14
2025-06-02,5803.T,0,1,0,38.47,35.4,26.13,1134.67,HOLD,3.85,5,2023-04-05,2025-05-14
2025-06-03,5803.T,0,2,0,36.7,35.44,27.86,1114.67,HOLD,2.86,5,2023-04-05,2025-05-14
2025-06-04,5803.T,0,2,0,39.18,32.14,28.68,1116.5,TIMEOUT_LOSS,-0.28,5,2023-04-05,2025-05-14
2025-06-05,5803.T,0,1,0,46.68,27.7,25.62,1145.17,TIMEOUT_LOSS,-2.27,5,2023-04-05,2025-05-14
2025-06-06,5803.T,0,0,1,43.37,33.7,22.93,1149.83,LOSS,-4.0,5,2023-04-05,2025-05-14
2025-06-09,5803.T,0,0,1,49.26,32.55,18.18,1178.33,LOSS,-4.0,2,2023-04-05,2025-05-14
2025-06-10,5803.T,0,1,0,42.57,36.52,20.91,1146.5,LOSS,-4.0,3,2023-04-05,2025-05-14
2025-06-11,5803.T,0,2,0,35.04,35.04,29.92,1113.33,HOLD,1.5,5,2023-04-05,2025-05-14
2025-06-12,5803.T,0,2,0,35.63,32.63,31.74,1119.17,HOLD,2.16,5,2023-04-05,2025-05-14
2025-06-13,5803.T,0,1,0,37.57,29.62,32.8,1130.0,TIMEOUT_LOSS,-0.99,5,2023-04-05,2025-05-14
2025-06-16,5803.T,0,1,0,38.94,32.02,29.05,1142.5,HOLD,3.53,5,2023-04-05,2025-05-14
2025-06-17,5803.T,0,0,1,41.02,32.28,26.7,1147.5,HOLD,4.39,5,2023-04-05,2025-05-14
2025-06-18,5803.T,1,2,0,25.0,39.28,35.72,1130.0,WIN,8.0,5,2023-05-09,2025-06-12
2025-06-20,5803.T,1,2,0,24.32,42.14,33.55,1143.33,WIN,8.0,4,2023-05-09,2025-06-12
2025-06-23,5803.T,1,2,0,25.97,39.88,34.15,1118.83,WIN,8.0,2,2023-05-09,2025-06-12
2025-06-24,5803.T,0,2,0,39.61,36.12,24.27,1182.83,WIN,8.0,4,2023-05-09,2025-06-12
2025-06-25,5803.T,1,2,0,35.34,42.71,21.95,1197.83,WIN,8.0,3,2023-05-09,2025-06-12
2025-06-26,5803.T,0,2,0,46.62,35.37,18.01,1240.83,HOLD,3.49,5,2023-05-09,2025-06-12
2025-06-27,5803.T,0,1,0,48.27,31.15,20.58,1266.5,TIMEOUT_LOSS,-2.49,5,2023-05-09,2025-06-12
2025-06-30,5803.T,0,2,0,48.45,30.76,20.79,1261.83,HOLD,3.22,5,2023-05-09,2025-06-12
2025-07-01,5803.T,0,0,1,56.28,27.94,15.77,1313.33,LOSS,-4.0,1,2023-05-09,2025-06-12
2025-07-02,5803.T,0,2,0,48.86,29.06,22.09,1260.83,HOLD,2.58,5,2023-05-09,2025-06-12
2025-07-03,5803.T,0,1,0,45.88,32.92,21.21,1284.17,LOSS,-4.0,1,2023-05-09,2025-06-12
2025-07-07,5803.T,0,2,0,41.99,31.2,26.81,1235.0,HOLD,1.92,5,2023-05-09,2025-06-12
2025-07-08,5803.T,0,0,1,52.03,25.29,22.68,1302.5,LOSS,-4.0,3,2023-05-09,2025-06-12
2025-07-09,5803.T,0,0,1,47.7,32.82,19.47,1285.67,HOLD,3.12,5,2023-05-09,2025-06-12
2025-07-10,5803.T,0,1,0,44.04,34.18,21.78,1293.33,LOSS,-4.0,2,2023-05-09,2025-06-12
2025-07-11,5803.T,0,2,0,44.86,33.86,21.28,1252.0,WIN,8.0,5,2023-05-09,2025-06-12
2025-07-14,5803.T,0,2,0,42.77,31.97,25.26,1258.67,WIN,8.0,4,2023-05-09,2025-06-12
2025-07-15,5803.T,0,2,0,50.81,29.15,20.04,1308.33,WIN,8.0,4,2023-05-09,2025-06-12
2025-07-16,5803.T,0,2,0,49.56,33.26,17.18,1325.83,WIN,8.0,4,2023-05-09,2025-06-12
2025-07-17,5803.T,0,2,0,48.11,35.52,16.38,1336.0,WIN,8.0,4,2023-05-09,2025-06-12
2025-07-18,5803.T,0,2,0,48.15,29.89,21.96,1347.5,WIN,8.0,4,2023-06-07,2025-07-14
2025-07-22,5803.T,0,2,0,44.81,35.83,19.36,1407.17,HOLD,5.89,5,2023-06-07,2025-07-14
2025-07-23,5803.T,0,2,0,44.91,32.64,22.46,1393.17,WIN,8.0,5,2023-06-07,2025-07-14
2025-07-24,5803.T,0,2,0,42.52,33.42,24.07,1450.67,WIN,8.0,4,2023-06-07,2025-07-14
2025-07-25,5803.T,1,2,0,40.2,40.61,19.19,1476.17,WIN,8.0,3,2023-06-07,2025-07-14
2025-07-28,5803.T,0,2,0,39.54,38.57,21.89,1469.0,WIN,8.0,2,2023-06-07,2025-07-14
2025-07-29,5803.T,0,2,0,49.64,29.43,20.93,1490.0,WIN,8.0,1,2023-06-07,2025-07-14
2025-07-30,5803.T,0,2,0,56.33,25.73,17.94,1622.67,WIN,8.0,4,2023-06-07,2025-07-14
2025-07-31,5803.T,0,2,0,45.64,37.74,16.62,1729.17,LOSS,-4.0,1,2023-06-07,2025-07-14
2025-08-01,5803.T,0,2,0,43.03,34.02,22.95,1715.0,LOSS,-4.0,1,2023-06-07,2025-07-14
2025-08-04,5803.T,0,2,0,50.49,24.42,25.09,1711.67,WIN,8.0,3,2023-06-07,2025-07-14
2025-08-05,5803.T,0,2,0,49.22,27.76,23.03,1779.17,WIN,8.0,2,2023-06-07,2025-07-14
2025-08-06,5803.T,0,2,0,45.69,31.92,22.39,1821.67,LOSS,-4.0,1,2023-06-07,2025-07-14
2025-08-07,5803.T,0,2,0,54.72,26.28,19.0,1918.33,LOSS,-4.0,1,2023-06-07,2025-07-14
2025-08-08,5803.T,0,2,0,43.03,35.11,21.86,1849.17,WIN,8.0,2,2023-06-07,2025-07-14
2025-08-12,5803.T,0,2,0,47.25,33.72,19.03,1938.33,HOLD,3.27,5,2023-06-07,2025-07-14
2025-08-13,5803.T,0,2,0,50.98,28.54,20.48,2000.0,LOSS,-4.0,5,2023-06-07,2025-07-14
2025-08-14,5803.T,0,1,0,46.51,32.21,21.28,1984.17,LOSS,-4.0,4,2023-06-07,2025-07-14
2025-08-15,5803.T,0,0,1,52.54,28.69,18.77,2045.83,LOSS,-4.0,2,2023-06-07,2025-07-14
2025-08-18,5803.T,0,0,1,53.15,31.36,15.48,2066.67,LOSS,-4.0,1,2023-06-07,2025-07-14
2025-08-19,5803.T,2,0,0,10.34,6.49,83.17,2001.67,LOSS,-4.0,1,2023-07-07,2025-08-13
2025-08-20,5803.T,2,1,0,17.47,11.09,71.44,1888.33,HOLD,3.05,5,2023-07-07,2025-08-13
2025-08-21,5803.T,2,1,0,17.4,11.07,71.53,1907.5,HOLD,7.65,5,2023-07-07,2025-08-13
2025-08-22,5803.T,2,2,1,13.63,12.28,74.09,1914.17,WIN,8.0,5,2023-07-07,2025-08-13
2025-08-25,5803.T,2,2,1,14.15,11.72,74.12,1915.83,WIN,8.0,4,2023-07-07,2025-08-13
2025-08-26,5803.T,2,2,1,14.22,11.42,74.37,1920.83,WIN,8.0,3,2023-07-07,2025-08-13
2025-08-27,5803.T,2,2,1,13.62,13.36,73.02,1945.83,WIN,8.0,2,2023-07-07,2025-08-13
2025-08-28,5803.T,2,1,0,9.82,10.34,79.85,2053.33,WIN,8.0,4,2023-07-07,2025-08-13
2025-08-29,5803.T,2,2,1,9.68,9.8,80.53,2128.33,LOSS,-4.0,1,2023-07-07,2025-08-13
2025-09-02,5803.T,2,2,1,14.61,11.07,74.32,2070.83,WIN,8.0,3,2023-07-07,2025-08-13
2025-09-03,5803.T,2,2,1,11.92,11.42,76.66,2083.33,WIN,8.0,2,2023-07-07,2025-08-13
2025-09-04,5803.T,2,0,0,11.69,9.17,79.14,2190.0,WIN,8.0,5,2023-07-07,2025-08-13
2025-09-05,5803.T,2,2,1,9.73,8.37,81.9,2223.33,HOLD,5.7,5,2023-07-07,2025-08-13
2025-09-08,5803.T,2,2,1,7.17,9.12,83.71,2259.17,LOSS,-4.0,1,2023-07-07,2025-08-13
2025-09-09,5803.T,2,2,1,13.22,9.37,77.41,2150.83,WIN,8.0,2,2023-07-07,2025-08-13
2025-09-10,5803.T,2,2,1,10.19,10.15,79.67,2271.67,TIMEOUT_LOSS,-0.18,5,2023-07-07,2025-08-13
2025-09-11,5803.T,2,0,0,13.81,9.28,76.91,2331.67,LOSS,-4.0,3,2023-07-07,2025-08-13
2025-09-12,5803.T,2,0,0,7.32,8.85,83.83,2350.0,LOSS,-4.0,2,2023-07-07,2025-08-13
2025-09-16,5803.T,2,1,0,8.39,8.82,82.79,2328.33,LOSS,-4.0,1,2023-07-07,2025-08-13
2025-09-17,5803.T,2,2,1,9.74,10.9,79.35,2242.5,WIN,8.0,4,2023-07-07,2025-08-13
2025-09-18,5803.T,2,2,1,21.37,31.53,47.1,2267.5,WIN,8.0,4,2023-08-07,2025-09-11
2025-09-19,5803.T,2,2,1,33.21,21.11,45.68,2329.17,HOLD,5.04,5,2023-08-07,2025-09-11
2025-09-22,5803.T,2,1,0,28.43,28.47,43.1,2375.0,HOLD,1.44,5,2023-08-07,2025-09-11
2025-09-24,5803.T,2,1,0,30.08,23.63,46.29,2428.33,TIMEOUT_LOSS,-1.89,5,2023-08-07,2025-09-11
2025-09-25,5803.T,2,1,0,29.24,23.43,47.33,2425.0,TIMEOUT_LOSS,-2.71,5,2023-08-07,2025-09-11
2025-09-26,5803.T,2,1,0,20.39,31.51,48.1,2350.0,HOLD,0.25,5,2023-08-07,2025-09-11
2025-09-29,5803.T,2,0,0,27.14,25.42,47.44,2446.67,LOSS,-4.0,4,2023-08-07,2025-09-11
2025-09-30,5803.T,2,0,0,23.23,26.52,50.25,2409.17,LOSS,-4.0,3,2023-08-07,2025-09-11
2025-10-01,5803.T,2,1,0,20.98,25.44,53.59,2382.5,WIN,8.0,4,2023-08-07,2025-09-11
2025-10-02,5803.T,2,2,1,19.97,25.54,54.49,2359.17,WIN,8.0,3,2023-08-07,2025-09-11
2025-10-03,5803.T,2,2,1,18.77,26.98,54.25,2355.83,WIN,8.0,2,2023-08-07,2025-09-11
2025-10-06,5803.T,2,2,1,27.59,21.4,51.01,2416.67,WIN,8.0,1,2023-08-07,2025-09-11
2025-10-07,5803.T,0,2,0,41.29,17.64,41.07,2548.33,WIN,8.0,2,2023-08-07,2025-09-11
2025-10-08,5803.T,0,1,0,46.8,12.68,40.52,2660.83,WIN,8.0,1,2023-08-07,2025-09-11
2025-10-09,5803.T,0,0,1,43.17,14.03,42.8,2797.5,LOSS,-4.0,2,2023-08-07,2025-09-11
2025-10-10,5803.T,2,1,0,42.72,14.26,43.02,2760.0,LOSS,-4.0,1,2023-08-07,2025-09-11
2025-10-14,5803.T,2,2,1,33.88,21.42,44.7,2624.17,WIN,8.0,4,2023-08-07,2025-09-11
2025-10-15,5803.T,2,2,1,25.53,28.66,45.81,2693.33,WIN,8.0,4,2023-08-07,2025-09-11
2025-10-16,5803.T,2,1,0,33.04,18.46,48.5,2800.0,LOSS,-4.0,4,2023-08-07,2025-09-11
2025-10-17,5803.T,2,2,1,24.91,33.77,41.32,2740.83,WIN,8.0,5,2023-08-07,2025-09-11
2025-10-20,5803.T,1,1,1,30.04,41.55,28.41,2865.83,LOSS,-4.0,2,2023-09-06,2025-10-14
2025-10-21,5803.T,2,2,1,28.49,34.64,36.87,2779.17,WIN,8.0,4,2023-09-06,2025-10-14
2025-10-22,5803.T,1,2,0,30.61,45.05,24.34,2822.5,WIN,8.0,3,2023-09-06,2025-10-14
2025-10-23,5803.T,1,2,0,26.2,48.83,24.98,2874.17,WIN,8.0,2,2023-09-06,2025-10-14
2025-10-24,5803.T,1,2,0,33.4,41.7,24.9,2987.5,WIN,8.0,1,2023-09-06,2025-10-14
2025-10-27,5803.T,0,2,0,41.1,33.53,25.38,3225.83,WIN,8.0,3,2023-09-06,2025-10-14
2025-10-28,5803.T,1,2,0,35.31,38.68,26.02,3199.17,WIN,8.0,2,2023-09-06,2025-10-14
2025-10-29,5803.T,0,2,0,47.65,33.08,19.27,3351.67,LOSS,-4.0,4,2023-09-06,2025-10-14
2025-10-30,5803.T,0,0,1,47.36,30.83,21.81,3467.5,LOSS,-4.0,3,2023-09-06,2025-10-14
2025-10-31,5803.T,0,2,0,45.5,34.41,20.09,3528.33,LOSS,-4.0,2,2023-09-06,2025-10-14
2025-11-04,5803.T,0,1,0,42.88,37.22,19.89,3451.67,LOSS,-4.0,1,2023-09-06,2025-10-14
2025-11-05,5803.T,1,2,0,28.66,46.61,24.73,3269.17,WIN,8.0,1,2023-09-06,2025-10-14
2025-11-06,5803.T,0,0,1,42.51,35.64,21.85,3587.5,LOSS,-4.0,1,2023-09-06,2025-10-14
2025-11-07,5803.T,0,0,1,39.38,32.24,28.38,3402.5,LOSS,-4.0,2,2023-09-06,2025-10-14
2025-11-10,5803.T,0,1,0,39.88,30.42,29.7,3418.33,LOSS,-4.0,1,2023-09-06,2025-10-14
2025-11-11,5803.T,2,1,0,25.69,28.89,45.41,3214.17,LOSS,-4.0,1,2023-09-06,2025-10-14
2025-11-12,5803.T,0,1,0,38.36,32.0,29.63,3345.83,LOSS,-4.0,2,2023-09-06,2025-10-14
2025-11-13,5803.T,0,0,1,34.95,30.87,34.17,3450.83,LOSS,-4.0,1,2023-09-06,2025-10-14
2025-11-14,5803.T,1,0,0,19.57,44.66,35.77,3230.0,LOSS,-4.0,2,2023-09-06,2025-10-14
2025-11-17,5803.T,2,0,0,31.39,32.8,35.82,3306.67,LOSS,-4.0,1,2023-09-06,2025-10-14
2025-11-18,5803.T,1,0,0,15.25,48.42,36.33,2979.17,LOSS,-4.0,1,2023-10-05,2025-11-12
2025-11-19,5803.T,1,0,0,22.33,41.18,36.49,2973.33,WIN,8.0,1,2023-10-05,2025-11-12
2025-11-20,5803.T,1,0,0,20.46,42.97,36.57,3148.33,LOSS,-4.0,1,2023-10-05,2025-11-12
2025-11-21,5803.T,1,2,0,19.95,44.58,35.47,2887.5,LOSS,-4.0,4,2023-10-05,2025-11-12
2025-11-25,5803.T,1,0,0,19.81,44.09,36.09,2896.67,LOSS,-4.0,3,2023-10-05,2025-11-12
2025-11-26,5803.T,1,0,0,21.44,43.1,35.46,3005.83,LOSS,-4.0,2,2023-10-05,2025-11-12
2025-11-28,5803.T,1,0,0,20.07,40.7,39.23,2991.67,LOSS,-4.0,1,2023-10-05,2025-11-12
2025-12-01,5803.T,1,2,0,21.14,40.67,38.19,2724.17,WIN,8.0,5,2023-10-05,2025-11-12
2025-12-02,5803.T,2,2,1,21.94,32.26,45.8,2766.67,WIN,8.0,4,2023-10-05,2025-11-12
2025-12-03,5803.T,2,2,1,21.41,35.74,42.85,2838.33,WIN,8.0,3,2023-10-05,2025-11-12
2025-12-04,5803.T,2,2,1,21.61,37.04,41.35,2825.0,WIN,8.0,2,2023-10-05,2025-11-12
2025-12-05,5803.T,2,2,1,24.36,35.8,39.84,2875.0,WIN,8.0,3,2023-10-05,2025-11-12
2025-12-08,5803.T,0,1,0,36.81,28.91,34.28,3075.83,LOSS,-4.0,5,2023-10-05,2025-11-12
2025-12-09,5803.T,0,1,0,35.19,31.68,33.14,3078.33,LOSS,-4.0,4,2023-10-05,2025-11-12
2025-12-10,5803.T,0,0,1,38.75,28.41,32.83,3076.67,LOSS,-4.0,3,2023-10-05,2025-11-12
2025-12-11,5803.T,0,0,1,40.01,29.1,30.89,3036.67,LOSS,-4.0,2,2023-10-05,2025-11-12
2025-12-12,5803.T,0,0,1,38.65,30.37,30.99,3083.33,LOSS,-4.0,1,2023-10-05,2025-11-12
2025-12-15,5803.T,0,0,1,43.57,26.66,29.77,2948.33,LOSS,-4.0,1,2023-10-05,2025-11-12
2025-12-16,5803.T,0,1,0,40.88,32.11,27.01,2750.0,LOSS,-4.0,2,2023-10-05,2025-11-12
2025-12-17,5803.T,0,2,0,44.13,24.68,31.18,2754.17,LOSS,-4.0,1,2023-10-05,2025-11-12
2025-12-18,5803.T,0,2,0,42.09,18.49,39.41,2660.0,WIN,8.0,2,2023-11-06,2025-12-12
2025-12-19,5803.T,0,2,0,39.57,23.01,37.41,2771.67,WIN,8.0,3,2023-11-06,2025-12-12
2025-12-22,5803.T,0,0,1,50.94,22.19,26.87,2964.17,LOSS,-4.0,3,2023-11-06,2025-12-12
2025-12-23,5803.T,0,1,0,44.72,32.76,22.51,2973.33,LOSS,-4.0,2,2023-11-06,2025-12-12
2025-12-24,5803.T,0,0,1,50.78,31.1,18.12,3011.67,LOSS,-4.0,1,2023-11-06,2025-12-12
2025-12-26,5803.T,0,2,0,42.83,22.12,35.05,2860.0,WIN,8.0,3,2023-11-06,2025-12-12
2025-12-29,5803.T,0,2,0,55.97,22.27,21.76,2967.5,TIMEOUT_LOSS,-1.24,5,2023-11-06,2025-12-12
2025-12-30,5803.T,0,2,0,61.16,16.53,22.32,2906.67,LOSS,-4.0,5,2023-11-06,2025-12-12
2026-01-05,5803.T,0,0,1,51.53,23.73,24.74,3074.17,LOSS,-4.0,3,2023-11-06,2025-12-12
2026-01-06,5803.T,0,0,1,46.2,26.8,27.0,3083.33,LOSS,-4.0,2,2023-11-06,2025-12-12
2026-01-07,5803.T,0,0,1,48.53,28.84,22.63,3040.83,LOSS,-4.0,2,2023-11-06,2025-12-12
2026-01-08,5803.T,0,0,1,53.75,23.32,22.93,2930.83,LOSS,-4.0,1,2023-11-06,2025-12-12
2026-01-09,5803.T,0,1,0,42.49,23.31,34.2,2847.5,TIMEOUT_LOSS,-1.2,5,2023-11-06,2025-12-12
2026-01-13,5803.T,2,2,1,40.2,19.38,40.43,2860.83,LOSS,-4.0,5,2023-11-06,2025-12-12
2026-01-14,5803.T,0,0,1,39.28,22.1,38.61,2882.5,LOSS,-4.0,4,2023-11-06,2025-12-12
2026-01-15,5803.T,0,2,0,37.72,26.64,35.64,2883.33,LOSS,-4.0,3,2023-11-06,2025-12-12
2026-01-16,5803.T,0,2,0,47.76,26.34,25.9,2951.67,LOSS,-4.0,1,2023-11-06,2025-12-12
2026-01-20,5803.T,0,2,0,50.52,22.92,26.56,2813.33,WIN,8.0,2,2023-11-06,2025-12-12
2026-01-21,5803.T,0,1,0,62.79,16.7,20.51,2988.33,WIN,8.0,5,2023-11-06,2025-12-12
2026-01-22,5803.T,0,1,0,48.65,22.57,28.78,3027.5,WIN,8.0,4,2023-11-06,2025-12-12
2026-01-23,5803.T,0,2,0,55.72,14.65,29.63,2984.17,WIN,8.0,3,2023-12-05,2026-01-16
2026-01-26,5803.T,0,2,0,57.61,17.48,24.91,2993.33,WIN,8.0,2,2023-12-05,2026-01-16
2026-01-27,5803.T,0,2,0,54.95,26.21,18.84,3061.67,WIN,8.0,1,2023-12-05,2026-01-16
2026-01-28,5803.T,0,1,0,59.15,20.59,20.27,3345.0,LOSS,-4.0,1,2023-12-05,2026-01-16
2026-01-29,5803.T,0,2,0,55.46,21.74,22.81,3245.0,WIN,8.0,2,2023-12-05,2026-01-16
2026-01-30,5803.T,0,2,0,44.35,31.95,23.7,3261.67,WIN,8.0,2,2023-12-05,2026-01-16
2026-02-02,5803.T,0,2,0,51.03,26.96,22.01,3310.0,WIN,8.0,1,2023-12-05,2026-01-16
2026-02-03,5803.T,0,2,0,53.75,23.69,22.57,3630.0,WIN,8.0,4,2023-12-05,2026-01-16
2026-02-04,5803.T,0,0,1,51.66,29.5,18.85,3801.67,LOSS,-4.0,1,2023-12-05,2026-01-16
2026-02-05,5803.T,0,2,0,49.17,33.75,17.09,3609.17,WIN,8.0,2,2023-12-05,2026-01-16
2026-02-06,5803.T,0,2,0,56.04,30.25,13.71,3732.5,LOSS,-4.0,1,2023-12-05,2026-01-16
2026-02-09,5803.T,0,1,0,46.81,30.14,23.05,3659.17,WIN,8.0,1,2023-12-05,2026-01-16
2026-02-10,5803.T,0,0,1,53.09,29.9,17.01,3843.33,LOSS,-4.0,2,2023-12-05,2026-01-16
2026-02-12,5803.T,0,0,1,47.87,31.59,20.54,3841.67,LOSS,-4.0,1,2023-12-05,2026-01-16
2026-02-13,5803.T,0,2,0,51.01,25.94,23.05,3632.5,LOSS,-4.0,1,2023-12-05,2026-01-16
2026-02-17,5803.T,0,2,0,52.18,28.58,19.24,3570.0,WIN,8.0,2,2023-12-05,2026-01-16
2026-02-18,5803.T,0,2,0,49.88,32.65,17.47,3723.33,WIN,8.0,3,2023-12-05,2026-01-16
2026-02-19,5803.T,0,2,0,52.26,27.87,19.86,3825.0,WIN,8.0,2,2023-12-05,2026-01-16
2026-02-20,5803.T,0,2,0,50.38,32.32,17.31,3816.67,WIN,8.0,1,2023-12-05,2026-01-16
2026-02-24,5803.T,0,2,0,51.59,28.75,19.66,4198.33,WIN,8.0,2,2023-12-05,2026-01-16
2026-02-25,5803.T,0,2,0,50.79,15.5,33.71,4470.83,WIN,8.0,1,2024-01-09,2026-02-18
2026-02-26,5803.T,0,1,0,46.08,20.73,33.19,4577.5,LOSS,-4.0,1,2024-01-09,2026-02-18
2026-02-27,5803.T,2,0,0,35.98,24.24,39.78,4460.83,WIN,8.0,2,2024-01-09,2026-02-18
2026-03-02,5803.T,0,0,1,50.58,19.48,29.93,4737.5,LOSS,-4.0,1,2024-01-09,2026-02-18
2026-03-03,5803.T,0,0,1,45.54,26.3,28.16,4558.33,LOSS,-4.0,1,2024-01-09,2026-02-18
2026-03-04,5803.T,0,0,1,44.03,27.42,28.56,4229.17,WIN,8.0,1,2024-01-09,2026-02-18
2026-03-05,5803.T,0,0,1,44.47,27.35,28.18,4386.67,LOSS,-4.0,1,2024-01-09,2026-02-18
2026-03-06,5803.T,0,2,0,47.16,26.21,26.63,4183.33,LOSS,-4.0,1,2024-01-09,2026-02-18
2026-03-09,5803.T,0,2,0,45.7,22.09,32.21,3769.17,WIN,8.0,1,2024-01-09,2026-02-18
2026-03-10,5803.T,0,2,0,51.67,18.02,30.31,4010.83,WIN,8.0,1,2024-01-09,2026-02-18
2026-03-11,5803.T,0,1,0,49.55,19.28,31.17,4275.0,LOSS,-4.0,4,2024-01-09,2026-02-18
2026-03-12,5803.T,0,0,1,50.46,20.55,28.99,4283.33,LOSS,-4.0,1,2024-01-09,2026-02-18
2026-03-13,5803.T,0,0,1,54.53,17.06,28.41,4420.0,LOSS,-4.0,1,2024-01-09,2026-02-18
2026-03-16,5803.T,0,1,0,50.62,20.55,28.84,4271.67,LOSS,-4.0,1,2024-01-09,2026-02-18
2026-03-17,5803.T,0,1,0,50.64,20.21,29.15,4100.83,WIN,8.0,5,2024-01-09,2026-02-18
2026-03-18,5803.T,0,1,0,47.5,20.5,32.0,4284.17,LOSS,-4.0,2,2024-01-09,2026-02-18
2026-03-19,5803.T,0,2,0,50.43,18.51,31.06,4221.67,LOSS,-4.0,1,2024-01-09,2026-02-18
2026-03-23,5803.T,0,2,0,46.16,19.75,34.09,4055.0,WIN,8.0,2,2024-01-09,2026-02-18
2026-03-24,5803.T,0,2,0,48.72,17.88,33.4,4266.67,WIN,8.0,1,2024-01-09,2026-02-18
2026-03-25,5803.T,0,0,1,46.28,19.16,34.56,4579.17,LOSS,-4.0,3,2024-01-09,2026-02-18
2026-03-26,5803.T,1,0,0,34.9,36.88,28.22,4685.83,LOSS,-4.0,1,2024-02-07,2026-03-19
2026-03-27,5803.T,0,0,1,38.01,30.55,31.45,4605.0,LOSS,-4.0,1,2024-02-07,2026-03-19
2026-03-30,5803.T,2,0,0,30.66,32.53,36.81,4505.0,LOSS,-4.0,1,2024-02-07,2026-03-19
2026-03-31,5803.T,2,2,1,28.37,33.93,37.7,4090.0,WIN,8.0,1,2024-02-07,2026-03-19
2026-04-01,5803.T,1,0,0,29.31,38.78,31.92,4446.0,LOSS,-4.0,1,2024-02-07,2026-03-19
2026-04-02,5803.T,1,2,0,29.51,39.98,30.5,4293.0,WIN,8.0,1,2024-02-07,2026-03-19
2026-04-06,5803.T,2,2,1,34.15,29.69,36.16,4600.0,LOSS,-4.0,1,2024-02-07,2026-03-19
2026-04-07,5803.T,1,2,0,33.58,37.75,28.66,4370.0,WIN,8.0,1,2024-02-07,2026-03-19
2026-04-08,5803.T,0,2,0,39.4,32.31,28.29,4876.0,WIN,8.0,2,2024-02-07,2026-03-19
2026-04-09,5803.T,1,2,0,34.87,40.2,24.93,5028.0,WIN,8.0,1,2024-02-07,2026-03-19
2026-04-10,5803.T,0,1,0,45.87,24.5,29.63,5630.0,HOLD,2.34,5,2024-02-07,2026-03-19
2026-04-13,5803.T,0,2,0,43.38,35.55,21.07,5698.0,TIMEOUT_LOSS,-2.97,5,2024-02-07,2026-03-19
2026-04-14,5803.T,0,0,1,47.51,27.03,25.46,5935.0,LOSS,-4.0,1,2024-02-07,2026-03-19
2026-04-15,5803.T,0,0,1,43.57,33.3,23.12,5683.0,HOLD,5.31,5,2024-02-07,2026-03-19
2026-04-16,5803.T,0,1,0,48.82,25.11,26.07,5951.0,LOSS,-4.0,2,2024-02-07,2026-03-19
2026-04-17,5803.T,0,2,0,42.72,32.86,24.42,5762.0,LOSS,-4.0,1,2024-02-07,2026-03-19
2026-04-20,5803.T,0,2,0,41.34,29.39,29.27,5529.0,WIN,8.0,2,2024-02-07,2026-03-19
2026-04-21,5803.T,0,2,0,44.47,27.43,28.1,5889.0,WIN,8.0,4,2024-02-07,2026-03-19
2026-04-22,5803.T,0,2,0,44.19,27.32,28.48,5985.0,TIMEOUT_LOSS,-0.23,5,2024-02-07,2026-03-19
2026-04-23,5803.T,0,2,0,38.57,34.72,26.72,5893.0,WIN,8.0,2,2024-02-07,2026-03-19
2026-04-24,5803.T,0,1,0,37.61,26.16,36.23,6037.0,HOLD,7.64,5,2024-03-11,2026-04-20
2026-04-27,5803.T,0,0,1,36.55,34.2,29.25,6347.0,LOSS,-4.0,2,2024-03-11,2026-04-20
2026-04-28,5803.T,1,2,0,32.93,34.39,32.68,6281.0,LOSS,-4.0,1,2024-03-11,2026-04-20
2026-04-30,5803.T,2,2,1,32.93,27.07,40.01,5971.0,WIN,8.0,2,2024-03-11,2026-04-20
2026-05-01,5803.T,2,2,1,27.68,27.96,44.36,5808.0,WIN,8.0,1,2024-03-11,2026-04-20
2026-05-07,5803.T,2,2,1,31.43,32.47,36.1,6498.0,WIN,8.0,3,2024-03-11,2026-04-20
2026-05-08,5803.T,2,2,1,31.28,32.16,36.56,6582.0,WIN,8.0,2,2024-03-11,2026-04-20
2026-05-11,5803.T,1,0,0,29.63,39.0,31.37,6832.0,WIN,8.0,1,2024-03-11,2026-04-20
2026-05-12,5803.T,0,0,1,45.82,31.08,23.1,7624.0,LOSS,-4.0,1,2024-03-11,2026-04-20
2026-05-13,5803.T,0,0,1,43.67,34.1,22.23,7855.0,LOSS,-4.0,1,2024-03-11,2026-04-20
2026-05-14,5803.T,2,0,0,30.9,33.21,35.89,6355.0,LOSS,-4.0,1,2024-03-11,2026-04-20
2026-05-15,5803.T,2,0,0,30.68,31.79,37.53,5819.0,LOSS,-4.0,1,2024-03-11,2026-04-20
2026-05-18,5803.T,2,0,0,32.93,23.95,43.12,5653.0,LOSS,-4.0,1,2024-03-11,2026-04-20
2026-05-19,5803.T,2,2,1,32.18,28.74,39.08,4695.0,LOSS,-4.0,1,2024-03-11,2026-04-20
2026-05-20,5803.T,2,2,1,34.54,25.32,40.14,4295.0,WIN,8.0,1,2024-03-11,2026-04-20
2026-05-21,5803.T,2,2,1,27.25,33.74,39.02,4501.0,WIN,8.0,1,2024-03-11,2026-04-20
2026-05-22,5803.T,2,2,1,28.04,32.84,39.12,4850.0,WIN,8.0,1,2024-03-11,2026-04-20
2026-05-26,5803.T,2,0,0,31.42,34.24,34.34,5329.0,LOSS,-4.0,1,2024-03-11,2026-04-20
2026-05-27,5803.T,2,0,0,30.8,31.9,37.3,5140.0,LOSS,-4.0,1,2024-03-11,2026-04-20
2026-05-28,5803.T,2,0,0,27.69,25.27,47.04,5017.0,LOSS,-4.0,1,2024-03-11,2026-04-20
2026-05-29,5803.T,2,2,1,25.95,23.46,50.59,4771.0,LOSS,-4.0,1,2024-04-10,2026-05-22
2026-06-01,5803.T,2,2,1,22.5,25.63,51.86,4677.0,LOSS,-4.0,1,2024-04-10,2026-05-22
2026-06-02,5803.T,2,2,1,23.92,25.11,50.97,4574.0,WIN,8.0,1,2024-04-10,2026-05-22
2026-06-03,5803.T,2,0,0,28.77,19.59,51.64,5001.0,LOSS,-4.0,1,2024-04-10,2026-05-22
2026-06-04,5803.T,2,0,0,26.31,23.18,50.51,4805.0,LOSS,-4.0,1,2024-04-10,2026-05-22
2026-06-05,5803.T,2,0,0,23.94,24.41,51.65,4747.0,LOSS,-4.0,1,2024-04-10,2026-05-22
2026-06-08,5803.T,2,0,0,31.09,24.55,44.37,4401.0,LOSS,-4.0,2,2024-04-10,2026-05-22
2026-06-09,5803.T,2,0,0,32.24,21.03,46.73,4499.0,LOSS,-4.0,1,2024-04-10,2026-05-22
2026-06-10,5803.T,2,2,1,22.3,19.76,57.94,4194.0,LOSS,-4.0,1,2024-04-10,2026-05-22
2026-06-11,5803.T,2,2,1,23.57,17.93,58.5,4142.0,WIN,8.0,2,2024-04-10,2026-05-22
2026-06-12,5803.T,2,2,1,26.72,20.09,53.19,4256.0,WIN,8.0,2,2024-04-10,2026-05-22
2026-06-15,5803.T,2,2,1,26.77,20.81,52.43,4346.0,WIN,8.0,1,2024-04-10,2026-05-22
2026-06-16,5803.T,2,2,1,32.13,23.77,44.1,4738.0,LOSS,-4.0,2,2024-04-10,2026-05-22
2026-06-17,5803.T,2,2,1,28.67,25.71,45.62,4729.0,LOSS,-4.0,1,2024-04-10,2026-05-22
2026-06-18,5803.T,2,2,1,30.79,23.09,46.12,4461.0,WIN,8.0,1,2024-04-10,2026-05-22
2026-06-22,5803.T,2,2,1,33.89,23.26,42.84,6161.0,WIN,8.0,1,2024-04-10,2026-05-22
2026-06-23,5803.T,0,0,1,41.48,27.43,31.1,6487.0,LOSS,-4.0,1,2024-04-10,2026-05-22
2026-06-24,5803.T,0,0,1,42.34,20.46,37.21,6313.0,LOSS,-4.0,3,2024-04-10,2026-05-22
2026-06-25,5803.T,0,0,1,37.55,28.31,34.14,6436.0,LOSS,-4.0,1,2024-04-10,2026-05-22
2026-06-26,5803.T,0,0,1,41.44,19.84,38.72,6131.0,LOSS,-4.0,1,2024-04-10,2026-05-22
2026-06-29,5803.T,0,0,1,62.54,11.56,25.9,5885.0,WIN,8.0,2,2024-05-13,2026-06-23
2026-06-30,5803.T,0,0,1,52.28,10.89,36.84,6238.0,LOSS,-4.0,1,2024-05-13,2026-06-23
2026-07-01,5803.T,0,0,1,48.69,11.36,39.95,5826.0,LOSS,-4.0,1,2024-05-13,2026-06-23
2026-07-02,5803.T,2,0,0,41.4,13.35,45.25,5368.0,LOSS,-4.0,2,2024-05-13,2026-06-23
2026-07-06,5803.T,2,0,0,38.61,13.52,47.87,5354.0,LOSS,-4.0,1,2024-05-13,2026-06-23
2026-07-07,5803.T,2,2,1,30.11,13.98,55.91,5072.0,LOSS,-4.0,1,2024-05-13,2026-06-23
2026-07-08,5803.T,2,2,1,28.92,13.32,57.76,4824.0,WIN,8.0,2,2024-05-13,2026-06-23
2026-07-09,5803.T,2,0,0,32.31,11.75,55.93,4938.0,WIN,8.0,1,2024-05-13,2026-06-23
2026-07-10,5803.T,2,1,0,38.72,12.03,49.25,5150.0,LOSS,-4.0,1,2024-05-13,2026-06-23
2026-07-13,5803.T,2,0,0,33.09,12.66,54.25,5007.0,LOSS,-4.0,1,2024-05-13,2026-06-23
2026-07-14,5803.T,2,0,0,30.89,10.61,58.51,4800.0,LOSS,-4.0,3,2024-05-13,2026-06-23
2026-07-15,5803.T,2,0,0,36.78,13.39,49.84,5145.0,LOSS,-4.0,1,2024-05-13,2026-06-23
2026-07-16,5803.T,2,1,0,31.92,12.56,55.52,4761.0,LOSS,-4.0,1,2024-05-13,2026-06-23
2026-07-17,5803.T,2,2,1,29.25,9.5,61.24,4472.0,WIN,8.0,2,2024-05-13,2026-06-23
2026-07-21,5803.T,2,0,0,26.84,12.38,60.78,4672.0,LOSS,-4.0,4,2024-05-13,2026-06-23
2026-07-22,5803.T,2,0,0,30.28,13.19,56.53,4751.0,LOSS,-4.0,2,2024-05-13,2026-06-23
2026-07-23,5803.T,2,0,0,29.46,11.04,59.5,4727.0,LOSS,-4.0,1,2024-05-13,2026-06-23
2026-07-24,5803.T,2,0,0,30.44,9.76,59.79,4593.0,LOSS,-4.0,1,2024-05-13,2026-06-23
2026-07-27,5803.T,2,0,0,26.2,9.0,64.79,4325.0,LOSS,-4.0,1,2024-05-13,2026-06-23
2026-07-28,5803.T,2,2,1,24.25,7.57,68.18,4073.0,LOSS,-4.0,1,2024-05-13,2026-06-23
2026-07-29,5803.T,2,2,1,21.66,9.21,69.13,3760.0,WIN,8.0,2,2024-06-11,2026-07-23
2026-07-30,5803.T,2,2,1,18.27,7.94,73.79,3720.0,WIN,8.0,1,2024-06-11,2026-07-23
2026-07-31,5803.T,2,2,1,26.03,13.85,60.12,4172.0,WIN,8.0,2,2024-06-11,2026-07-23
2026-08-03,5803.T,2,2,1,38.86,13.62,47.52,4290.0,WIN,8.0,1,2024-06-11,2026-07-23
2026-08-04,5803.T,0,2,0,41.59,17.13,41.28,4628.0,WIN,8.0,1,2024-06-11,2026-07-23
2026-08-05,5803.T,0,2,0,44.62,16.66,38.71,5073.0,LOSS,-4.0,1,2024-06-11,2026-07-23
2026-08-06,5803.T,0,2,0,45.13,17.38,37.49,4596.0,LOSS,-4.0,1,2024-06-11,2026-07-23
2026-08-07,5803.T,0,2,0,51.29,22.21,26.51,5185.0,WIN,8.0,1,2024-06-11,2026-07-23
2025-12-02,6526.T,0,2,0,37.21,36.29,26.5,2143.0,WIN,8.0,2,2023-10-18,2025-11-25
2025-12-03,6526.T,1,2,0,29.02,42.59,28.39,2222.5,HOLD,4.27,5,2023-10-18,2025-11-25
2025-12-04,6526.T,1,1,1,28.72,36.09,35.19,2319.0,HOLD,0.11,5,2023-10-18,2025-11-25
2025-12-05,6526.T,0,1,0,34.55,30.92,34.53,2324.5,TIMEOUT_LOSS,-1.48,5,2023-10-18,2025-11-25
2025-12-08,6526.T,0,0,1,33.6,33.6,32.79,2357.5,LOSS,-4.0,4,2023-10-18,2025-11-25
2025-12-09,6526.T,2,0,0,33.43,29.87,36.7,2348.0,LOSS,-4.0,4,2023-10-18,2025-11-25
2025-12-10,6526.T,0,0,1,35.88,30.91,33.21,2317.5,LOSS,-4.0,3,2023-10-18,2025-11-25
2025-12-11,6526.T,0,0,1,37.4,30.29,32.32,2321.5,LOSS,-4.0,2,2023-10-18,2025-11-25
2025-12-12,6526.T,2,0,0,32.05,31.45,36.5,2290.0,LOSS,-4.0,1,2023-10-18,2025-11-25
2025-12-15,6526.T,0,0,1,37.25,31.99,30.76,2200.5,LOSS,-4.0,3,2023-10-18,2025-11-25
2025-12-16,6526.T,0,1,0,40.28,32.41,27.31,2149.0,HOLD,1.77,5,2023-10-18,2025-11-25
2025-12-17,6526.T,0,2,0,39.07,32.82,28.11,2160.0,HOLD,1.81,5,2023-10-18,2025-11-25
2025-12-18,6526.T,0,2,0,40.03,29.9,30.07,2132.0,HOLD,3.21,5,2023-10-18,2025-11-25
2025-12-19,6526.T,0,2,0,38.63,34.87,26.5,2137.5,HOLD,2.11,5,2023-10-18,2025-11-25
2025-12-22,6526.T,0,1,0,36.19,29.52,34.3,2193.5,TIMEOUT_LOSS,-0.18,5,2023-10-18,2025-11-25
2025-12-23,6526.T,1,1,1,32.63,35.66,31.71,2187.0,HOLD,3.89,5,2023-10-18,2025-11-25
2025-12-24,6526.T,0,1,0,37.02,27.72,35.26,2199.0,WIN,8.0,5,2023-10-18,2025-11-25
2025-12-26,6526.T,0,2,0,34.75,30.82,34.42,2200.5,WIN,8.0,4,2023-10-18,2025-11-25
2025-12-29,6526.T,0,2,0,40.19,28.28,31.53,2182.5,WIN,8.0,3,2023-10-18,2025-11-25
2025-12-30,6526.T,0,2,0,42.41,28.36,29.23,2189.5,WIN,8.0,2,2023-10-18,2025-11-25
2026-01-05,6526.T,0,1,0,40.06,37.13,22.81,2272.0,HOLD,3.01,5,2023-11-16,2025-12-24
2026-01-06,6526.T,0,1,0,42.47,34.89,22.64,2301.0,HOLD,3.11,5,2023-11-16,2025-12-24
2026-01-07,6526.T,0,1,0,42.24,31.76,26.0,2309.0,HOLD,1.15,5,2023-11-16,2025-12-24
2026-01-08,6526.T,0,2,0,42.7,28.37,28.93,2267.0,HOLD,3.02,5,2023-11-16,2025-12-24
2026-01-09,6526.T,0,1,0,44.8,26.18,29.02,2315.0,TIMEOUT_LOSS,-0.93,5,2023-11-16,2025-12-24
2026-01-13,6526.T,0,1,0,42.41,29.06,28.53,2340.5,LOSS,-4.0,5,2023-11-16,2025-12-24
2026-01-14,6526.T,0,0,1,45.4,32.93,21.67,2372.5,LOSS,-4.0,3,2023-11-16,2025-12-24
2026-01-15,6526.T,0,0,1,41.69,35.55,22.76,2335.5,LOSS,-4.0,3,2023-11-16,2025-12-24
2026-01-16,6526.T,0,1,0,39.46,35.0,25.54,2335.5,LOSS,-4.0,2,2023-11-16,2025-12-24
2026-01-20,6526.T,0,2,0,43.93,30.89,25.18,2293.5,TIMEOUT_LOSS,-2.27,5,2023-11-16,2025-12-24
2026-01-21,6526.T,0,0,1,44.53,29.22,26.25,2293.5,LOSS,-4.0,5,2023-11-16,2025-12-24
2026-01-22,6526.T,0,0,1,50.57,22.25,27.18,2360.5,LOSS,-4.0,2,2023-11-16,2025-12-24
2026-01-23,6526.T,0,0,1,49.76,21.9,28.34,2374.0,LOSS,-4.0,1,2023-11-16,2025-12-24
2026-01-26,6526.T,0,0,1,46.0,24.51,29.49,2252.5,LOSS,-4.0,2,2023-11-16,2025-12-24
2026-01-27,6526.T,0,0,1,44.05,26.11,29.84,2241.5,LOSS,-4.0,1,2023-11-16,2025-12-24
2026-01-28,6526.T,1,1,1,35.73,37.19,27.09,2076.5,TIMEOUT_LOSS,-0.46,5,2023-11-16,2025-12-24
2026-01-29,6526.T,1,2,0,32.67,38.62,28.71,2043.0,HOLD,2.15,5,2023-11-16,2025-12-24
2026-01-30,6526.T,0,1,0,36.21,35.16,28.63,2061.5,TIMEOUT_LOSS,-0.39,5,2023-11-16,2025-12-24
2026-02-02,6526.T,1,1,1,33.31,39.62,27.08,2086.5,HOLD,1.17,5,2023-11-16,2025-12-24
2026-02-03,6526.T,1,0,0,30.57,43.48,25.96,2115.5,TIMEOUT_LOSS,-0.43,5,2023-11-16,2025-12-24
2026-02-04,6526.T,1,2,0,22.64,47.69,29.66,2067.0,TIMEOUT_LOSS,-2.18,5,2023-12-15,2026-01-29
2026-02-05,6526.T,1,1,1,28.38,41.21,30.4,2087.0,HOLD,0.26,5,2023-12-15,2026-01-29
2026-02-06,6526.T,1,0,0,26.27,42.12,31.62,2053.5,HOLD,1.9,5,2023-12-15,2026-01-29
2026-02-09,6526.T,1,1,1,35.32,41.51,23.18,2111.0,LOSS,-4.0,2,2023-12-15,2026-01-29
2026-02-10,6526.T,1,1,1,31.21,42.41,26.38,2106.5,LOSS,-4.0,1,2023-12-15,2026-01-29
2026-02-12,6526.T,1,1,1,30.89,41.59,27.51,2022.0,LOSS,-4.0,5,2023-12-15,2026-01-29
2026-02-13,6526.T,1,0,0,32.84,43.59,23.57,2092.5,LOSS,-4.0,2,2023-12-15,2026-01-29
2026-02-17,6526.T,1,0,0,34.56,36.33,29.11,2092.5,LOSS,-4.0,1,2023-12-15,2026-01-29
2026-02-18,6526.T,0,0,1,36.38,33.17,30.45,2027.0,LOSS,-4.0,2,2023-12-15,2026-01-29
2026-02-19,6526.T,1,1,1,34.09,37.67,28.24,1983.0,HOLD,2.04,5,2023-12-15,2026-01-29
2026-02-20,6526.T,0,2,0,33.91,33.36,32.73,1946.5,TIMEOUT_LOSS,-0.41,5,2023-12-15,2026-01-29
2026-02-24,6526.T,1,2,0,33.73,34.45,31.82,1945.5,TIMEOUT_LOSS,-3.47,5,2023-12-15,2026-01-29
2026-02-25,6526.T,1,0,0,30.05,42.67,27.28,1996.0,LOSS,-4.0,4,2023-12-15,2026-01-29
2026-02-26,6526.T,0,0,1,43.23,28.97,27.8,2047.0,LOSS,-4.0,1,2023-12-15,2026-01-29
2026-02-27,6526.T,0,0,1,41.84,30.82,27.34,2023.5,LOSS,-4.0,1,2023-12-15,2026-01-29
2026-03-02,6526.T,1,0,0,34.89,35.79,29.32,1938.5,LOSS,-4.0,2,2023-12-15,2026-01-29
2026-03-03,6526.T,0,0,1,40.73,29.2,30.07,1878.0,LOSS,-4.0,1,2023-12-15,2026-01-29
2026-03-04,6526.T,0,0,1,48.79,22.06,29.15,1775.0,LOSS,-4.0,3,2023-12-15,2026-01-29
2026-03-05,6526.T,0,1,0,39.17,31.49,29.34,1835.5,LOSS,-4.0,2,2023-12-15,2026-01-29
2026-03-06,6526.T,0,1,0,43.94,25.33,30.73,1831.5,LOSS,-4.0,1,2023-12-15,2026-01-29
2026-03-09,6526.T,0,2,0,43.2,23.12,33.68,1741.5,HOLD,1.72,5,2024-01-22,2026-03-03
2026-03-10,6526.T,2,0,0,31.74,33.24,35.01,1814.0,LOSS,-4.0,4,2024-01-22,2026-03-03
2026-03-11,6526.T,2,0,0,29.38,35.17,35.45,1825.0,LOSS,-4.0,2,2024-01-22,2026-03-03
2026-03-12,6526.T,2,1,0,30.43,32.03,37.54,1787.5,TIMEOUT_LOSS,-3.05,5,2024-01-22,2026-03-03
2026-03-13,6526.T,0,2,0,39.7,27.78,32.52,1759.0,TIMEOUT_LOSS,-0.8,5,2024-01-22,2026-03-03
2026-03-16,6526.T,2,0,0,33.58,29.97,36.45,1771.5,LOSS,-4.0,4,2024-01-22,2026-03-03
2026-03-17,6526.T,2,0,0,33.06,32.62,34.32,1776.5,LOSS,-4.0,3,2024-01-22,2026-03-03
2026-03-18,6526.T,2,1,0,30.16,33.4,36.44,1811.5,LOSS,-4.0,1,2024-01-22,2026-03-03
2026-03-19,6526.T,2,2,1,35.08,26.99,37.93,1733.0,WIN,8.0,3,2024-01-22,2026-03-03
2026-03-23,6526.T,0,2,0,39.86,28.36,31.79,1745.0,WIN,8.0,2,2024-01-22,2026-03-03
2026-03-24,6526.T,0,2,0,38.77,29.7,31.53,1795.0,WIN,8.0,2,2024-01-22,2026-03-03
2026-03-25,6526.T,2,2,1,32.75,29.72,37.53,1866.0,WIN,8.0,1,2024-01-22,2026-03-03
2026-03-26,6526.T,0,0,1,42.51,26.61,30.87,1987.0,LOSS,-4.0,2,2024-01-22,2026-03-03
2026-03-27,6526.T,0,0,1,44.29,27.12,28.59,2037.0,LOSS,-4.0,1,2024-01-22,2026-03-03
2026-03-30,6526.T,0,0,1,40.13,27.6,32.26,1907.5,TIMEOUT_LOSS,-2.04,5,2024-01-22,2026-03-03
2026-03-31,6526.T,2,1,0,36.08,26.82,37.11,1869.0,WIN,8.0,1,2024-01-22,2026-03-03
2026-04-01,6526.T,0,0,1,36.36,32.42,31.21,1992.5,LOSS,-4.0,1,2024-01-22,2026-03-03
2026-04-02,6526.T,2,2,1,35.76,27.3,36.94,1876.5,LOSS,-4.0,5,2024-01-22,2026-03-03
2026-04-06,6526.T,2,0,0,33.34,29.4,37.26,1866.5,LOSS,-4.0,4,2024-01-22,2026-03-03
2026-04-07,6526.T,2,0,0,27.27,35.26,37.47,1868.5,LOSS,-4.0,3,2024-01-22,2026-03-03
2026-04-08,6526.T,1,0,0,33.05,37.1,29.85,1931.0,LOSS,-4.0,1,2024-02-21,2026-04-01
2026-04-09,6526.T,1,1,1,32.15,35.63,32.22,1830.0,HOLD,1.31,5,2024-02-21,2026-04-01
2026-04-10,6526.T,1,2,0,24.61,39.26,36.13,1801.0,HOLD,0.53,5,2024-02-21,2026-04-01
2026-04-13,6526.T,1,2,0,24.12,38.63,37.25,1778.5,HOLD,3.6,5,2024-02-21,2026-04-01
2026-04-14,6526.T,1,1,1,29.31,40.51,30.17,1830.0,HOLD,2.4,5,2024-02-21,2026-04-01
2026-04-15,6526.T,0,1,0,38.24,33.69,28.07,1841.5,HOLD,1.55,5,2024-02-21,2026-04-01
2026-04-16,6526.T,0,1,0,36.23,35.7,28.07,1854.0,WIN,8.0,5,2024-02-21,2026-04-01
2026-04-17,6526.T,0,2,0,36.04,33.97,29.99,1810.5,WIN,8.0,4,2024-02-21,2026-04-01
2026-04-20,6526.T,0,2,0,40.92,30.13,28.94,1842.5,WIN,8.0,3,2024-02-21,2026-04-01
2026-04-21,6526.T,0,2,0,40.99,29.54,29.47,1874.0,WIN,8.0,2,2024-02-21,2026-04-01
2026-04-22,6526.T,0,2,0,39.96,28.76,31.29,1870.0,WIN,8.0,1,2024-02-21,2026-04-01
2026-04-23,6526.T,0,1,0,63.97,16.4,19.63,2002.5,LOSS,-4.0,4,2024-02-21,2026-04-01
2026-04-24,6526.T,0,0,1,59.83,20.82,19.35,2046.5,LOSS,-4.0,3,2024-02-21,2026-04-01
2026-04-27,6526.T,0,0,1,64.08,18.64,17.29,2100.0,LOSS,-4.0,1,2024-02-21,2026-04-01
2026-04-28,6526.T,0,2,0,47.77,25.26,26.97,2009.5,LOSS,-4.0,1,2024-02-21,2026-04-01
2026-04-30,6526.T,0,2,0,34.67,31.25,34.08,1859.0,WIN,8.0,2,2024-02-21,2026-04-01
2026-05-01,6526.T,0,2,0,37.93,32.89,29.19,1927.5,WIN,8.0,2,2024-02-21,2026-04-01
2026-05-07,6526.T,0,2,0,56.23,26.64,17.13,2050.5,WIN,8.0,1,2024-02-21,2026-04-01
2026-05-08,6526.T,0,1,0,54.46,25.36,20.18,2204.0,WIN,8.0,1,2024-02-21,2026-04-01
2026-05-11,6526.T,0,0,1,64.15,19.81,16.04,2380.0,LOSS,-4.0,1,2024-02-21,2026-04-01
2026-05-12,6526.T,0,2,0,48.29,24.73,26.98,2265.0,LOSS,-4.0,1,2024-03-22,2026-05-01
2026-05-13,6526.T,0,2,0,45.11,24.94,29.95,2235.0,WIN,8.0,2,2024-03-22,2026-05-01
2026-05-14,6526.T,0,1,0,43.88,26.59,29.54,2295.0,WIN,8.0,1,2024-03-22,2026-05-01
2026-05-15,6526.T,0,0,1,38.77,27.66,33.58,2426.0,LOSS,-4.0,2,2024-03-22,2026-05-01
2026-05-18,6526.T,2,2,1,30.59,31.0,38.41,2391.5,LOSS,-4.0,1,2024-03-22,2026-05-01
2026-05-19,6526.T,2,2,1,28.74,28.17,43.09,2302.0,LOSS,-4.0,1,2024-03-22,2026-05-01
2026-05-20,6526.T,2,2,1,28.93,23.17,47.9,2216.5,WIN,8.0,1,2024-03-22,2026-05-01
2026-05-21,6526.T,1,2,0,33.81,34.14,32.05,2637.0,WIN,8.0,1,2024-03-22,2026-05-01
2026-05-22,6526.T,1,0,0,33.69,34.83,31.48,2723.5,LOSS,-4.0,3,2024-03-22,2026-05-01
2026-05-26,6526.T,0,0,1,38.74,34.07,27.19,2844.0,LOSS,-4.0,1,2024-03-22,2026-05-01
2026-05-27,6526.T,0,1,0,44.57,32.67,22.75,2820.5,LOSS,-4.0,1,2024-03-22,2026-05-01
2026-05-28,6526.T,1,2,0,36.06,36.15,27.79,2665.0,WIN,8.0,2,2024-03-22,2026-05-01
2026-05-29,6526.T,1,2,0,35.99,40.3,23.71,2635.0,WIN,8.0,1,2024-03-22,2026-05-01
2026-06-01,6526.T,0,1,0,43.84,35.5,20.66,2862.0,LOSS,-4.0,1,2024-03-22,2026-05-01
2026-06-02,6526.T,0,0,1,39.23,38.75,22.02,2848.0,WIN,8.0,1,2024-03-22,2026-05-01
2026-06-03,6526.T,0,0,1,46.66,35.94,17.4,3020.0,LOSS,-4.0,1,2024-03-22,2026-05-01
2026-06-04,6526.T,0,0,1,41.81,34.54,23.66,2878.5,LOSS,-4.0,1,2024-03-22,2026-05-01
2026-06-05,6526.T,0,0,1,39.17,33.59,27.24,2730.5,LOSS,-4.0,1,2024-03-22,2026-05-01
2026-06-08,6526.T,0,0,1,39.88,30.17,29.96,2456.0,LOSS,-4.0,1,2024-03-22,2026-05-01
2026-06-09,6526.T,1,0,0,31.82,38.75,29.43,2442.5,LOSS,-4.0,1,2024-03-22,2026-05-01
2026-06-10,6526.T,2,2,1,29.54,26.26,44.21,2302.5,LOSS,-4.0,1,2024-04-22,2026-06-04
2026-06-11,6526.T,2,2,1,32.33,27.25,40.42,2294.0,WIN,8.0,3,2024-04-22,2026-06-04
2026-06-12,6526.T,2,2,1,27.0,35.48,37.52,2265.0,WIN,8.0,2,2024-04-22,2026-06-04
2026-06-15,6526.T,1,2,0,30.33,42.99,26.68,2404.0,WIN,8.0,3,2024-04-22,2026-06-04
2026-06-16,6526.T,1,2,0,33.28,41.64,25.08,2400.0,WIN,8.0,2,2024-04-22,2026-06-04
2026-06-17,6526.T,0,2,0,35.34,34.68,29.98,2480.0,WIN,8.0,1,2024-04-22,2026-06-04
2026-06-18,6526.T,0,2,0,41.13,36.09,22.78,2604.0,LOSS,-4.0,5,2024-04-22,2026-06-04
2026-06-22,6526.T,0,1,0,48.18,34.93,16.88,2710.5,LOSS,-4.0,1,2024-04-22,2026-06-04
2026-06-23,6526.T,0,0,1,38.15,33.62,28.24,2615.0,LOSS,-4.0,3,2024-04-22,2026-06-04
2026-06-24,6526.T,0,0,1,40.23,31.79,27.99,2650.5,LOSS,-4.0,2,2024-04-22,2026-06-04
2026-06-25,6526.T,1,0,0,35.99,40.82,23.18,2697.5,LOSS,-4.0,1,2024-04-22,2026-06-04
2026-06-26,6526.T,2,2,1,30.08,30.89,39.03,2519.5,LOSS,-4.0,1,2024-04-22,2026-06-04
2026-06-29,6526.T,0,2,0,36.72,29.87,33.41,2517.5,WIN,8.0,2,2024-04-22,2026-06-04
2026-06-30,6526.T,1,2,0,33.12,36.44,30.44,2551.5,WIN,8.0,1,2024-04-22,2026-06-04
2026-07-01,6526.T,1,0,0,34.7,41.62,23.69,2719.5,LOSS,-4.0,3,2024-04-22,2026-06-04
2026-07-02,6526.T,0,0,1,44.14,31.2,24.66,2767.5,LOSS,-4.0,1,2024-04-22,2026-06-04
2026-07-06,6526.T,0,1,0,43.15,25.94,30.9,2700.0,LOSS,-4.0,2,2024-04-22,2026-06-04
2026-07-07,6526.T,1,2,0,33.72,34.58,31.7,2643.0,WIN,8.0,3,2024-04-22,2026-06-04
2026-07-08,6526.T,0,2,0,39.86,22.88,37.26,2597.5,WIN,8.0,2,2024-04-22,2026-06-04
2026-07-09,6526.T,1,0,0,32.79,37.37,29.84,2663.5,WIN,8.0,1,2024-04-22,2026-06-04
2026-07-10,6526.T,0,0,1,40.44,34.47,25.09,2850.0,LOSS,-4.0,1,2024-05-23,2026-07-06
2026-07-13,6526.T,2,0,0,29.26,26.94,43.81,2677.0,LOSS,-4.0,1,2024-05-23,2026-07-06
2026-07-14,6526.T,2,0,0,32.76,25.06,42.18,2587.0,LOSS,-4.0,2,2024-05-23,2026-07-06
2026-07-15,6526.T,2,0,0,28.01,28.38,43.61,2572.0,LOSS,-4.0,1,2024-05-23,2026-07-06
2026-07-16,6526.T,2,1,0,27.75,23.44,48.81,2472.5,LOSS,-4.0,1,2024-05-23,2026-07-06
2026-07-17,6526.T,2,2,1,31.74,19.6,48.66,2266.0,WIN,8.0,1,2024-05-23,2026-07-06
2026-07-21,6526.T,2,0,0,30.84,30.16,39.0,2472.5,LOSS,-4.0,3,2024-05-23,2026-07-06
2026-07-22,6526.T,2,0,0,32.47,24.08,43.45,2486.5,LOSS,-4.0,2,2024-05-23,2026-07-06
2026-07-23,6526.T,2,0,0,32.58,24.8,42.62,2473.5,LOSS,-4.0,1,2024-05-23,2026-07-06
2026-07-24,6526.T,2,0,0,30.75,22.61,46.65,2392.5,LOSS,-4.0,2,2024-05-23,2026-07-06
2026-07-27,6526.T,2,0,0,37.35,20.99,41.66,2397.5,LOSS,-4.0,1,2024-05-23,2026-07-06
2026-07-28,6526.T,2,0,0,29.92,24.28,45.8,2149.0,LOSS,-4.0,1,2024-05-23,2026-07-06
2026-07-29,6526.T,2,1,0,35.15,19.33,45.51,2023.0,LOSS,-4.0,1,2024-05-23,2026-07-06
2026-07-30,6526.T,2,2,1,34.47,18.72,46.81,1893.5,WIN,8.0,1,2024-05-23,2026-07-06
2026-07-31,6526.T,2,2,1,31.52,27.92,40.56,1912.5,WIN,8.0,2,2024-05-23,2026-07-06
2026-08-03,6526.T,2,1,0,35.71,24.63,39.66,2028.5,LOSS,-4.0,4,2024-05-23,2026-07-06
2026-08-04,6526.T,2,0,0,31.62,28.45,39.93,2071.5,LOSS,-4.0,3,2024-05-23,2026-07-06
2026-08-05,6526.T,2,0,0,30.36,33.53,36.11,2090.0,LOSS,-4.0,1,2024-05-23,2026-07-06
2026-08-06,6526.T,2,0,0,29.19,33.17,37.64,2011.0,LOSS,-4.0,2,2024-05-23,2026-07-06
2026-08-07,6526.T,2,1,0,30.23,33.66,36.12,1981.0,WIN,8.0,5,2024-05-23,2026-07-06
2024-10-10,6613.T,2,0,0,21.0,31.52,47.48,383.0,LOSS,-4.0,5,2022-08-31,2024-10-04
2024-10-11,6613.T,2,0,0,22.06,32.85,45.09,383.0,LOSS,-4.0,4,2022-08-31,2024-10-04
2024-10-15,6613.T,2,0,0,17.12,29.99,52.89,381.0,LOSS,-4.0,3,2022-08-31,2024-10-04
2024-10-16,6613.T,2,1,0,20.42,33.12,46.46,372.0,LOSS,-4.0,5,2022-08-31,2024-10-04
2024-10-17,6613.T,1,0,0,25.25,38.43,36.32,373.0,LOSS,-4.0,4,2022-08-31,2024-10-04
2024-10-18,6613.T,2,0,0,22.25,31.63,46.12,366.0,LOSS,-4.0,4,2022-08-31,2024-10-04
2024-10-21,6613.T,1,0,0,29.25,37.49,33.26,376.0,LOSS,-4.0,2,2022-08-31,2024-10-04
2024-10-22,6613.T,1,0,0,28.54,40.35,31.11,365.0,LOSS,-4.0,2,2022-08-31,2024-10-04
2024-10-23,6613.T,1,1,1,28.16,42.85,29.0,357.0,HOLD,2.24,5,2022-08-31,2024-10-04
2024-10-24,6613.T,1,1,1,28.57,44.45,26.98,357.0,HOLD,3.64,5,2022-08-31,2024-10-04
2024-10-25,6613.T,1,2,0,29.45,43.94,26.61,349.0,HOLD,3.15,5,2022-08-31,2024-10-04
2024-10-28,6613.T,1,2,0,22.95,41.35,35.7,353.0,HOLD,1.98,5,2022-08-31,2024-10-04
2024-10-29,6613.T,1,1,1,23.57,43.27,33.16,359.0,HOLD,0.56,5,2022-08-31,2024-10-04
2024-10-30,6613.T,1,1,1,30.11,41.64,28.25,365.0,TIMEOUT_LOSS,-0.27,5,2022-08-31,2024-10-04
2024-10-31,6613.T,1,0,0,39.43,39.84,20.74,370.0,TIMEOUT_LOSS,-2.16,5,2022-08-31,2024-10-04
2024-11-01,6613.T,0,1,0,40.45,34.35,25.2,360.0,TIMEOUT_LOSS,-1.11,5,2022-08-31,2024-10-04
2024-11-05,6613.T,0,1,0,42.3,34.28,23.43,360.0,TIMEOUT_LOSS,-1.11,5,2022-08-31,2024-10-04
2024-11-06,6613.T,1,1,1,31.63,39.7,28.67,361.0,TIMEOUT_LOSS,-2.22,5,2022-08-31,2024-10-04
2024-11-07,6613.T,1,0,0,34.18,42.67,23.15,364.0,LOSS,-4.0,5,2022-08-31,2024-10-04
2024-11-08,6613.T,2,0,0,25.88,35.59,38.53,362.0,LOSS,-4.0,4,2022-08-31,2024-10-04
2024-11-11,6613.T,1,0,0,27.07,42.28,30.65,356.0,LOSS,-4.0,4,2022-10-03,2024-11-05
2024-11-12,6613.T,0,0,1,35.45,35.26,29.29,356.0,LOSS,-4.0,3,2022-10-03,2024-11-05
2024-11-13,6613.T,1,0,0,32.82,42.84,24.34,353.0,LOSS,-4.0,2,2022-10-03,2024-11-05
2024-11-14,6613.T,1,0,0,28.2,40.51,31.28,347.0,LOSS,-4.0,1,2022-10-03,2024-11-05
2024-11-15,6613.T,1,0,0,29.74,35.83,34.42,334.0,LOSS,-4.0,3,2022-10-03,2024-11-05
2024-11-18,6613.T,1,2,0,25.16,42.98,31.86,323.0,HOLD,3.1,5,2022-10-03,2024-11-05
2024-11-19,6613.T,1,2,0,24.64,40.26,35.1,322.0,HOLD,2.17,5,2022-10-03,2024-11-05
2024-11-20,6613.T,1,2,0,23.27,41.09,35.64,320.0,TIMEOUT_LOSS,-0.31,5,2022-10-03,2024-11-05
2024-11-21,6613.T,1,1,1,27.86,41.28,30.86,328.0,TIMEOUT_LOSS,-2.13,5,2022-10-03,2024-11-05
2024-11-22,6613.T,1,0,0,28.89,46.29,24.83,328.0,TIMEOUT_LOSS,-1.52,5,2022-10-03,2024-11-05
2024-11-25,6613.T,1,0,0,28.19,47.63,24.17,333.0,LOSS,-4.0,2,2022-10-03,2024-11-05
2024-11-26,6613.T,1,0,0,26.3,47.91,25.79,329.0,LOSS,-4.0,5,2022-10-03,2024-11-05
2024-11-27,6613.T,1,2,0,27.21,46.6,26.19,319.0,LOSS,-4.0,4,2022-10-03,2024-11-05
2024-11-29,6613.T,1,0,0,22.77,46.92,30.31,321.0,LOSS,-4.0,3,2022-10-03,2024-11-05
2024-12-02,6613.T,1,0,0,27.34,47.52,25.14,323.0,LOSS,-4.0,2,2022-10-03,2024-11-05
2024-12-03,6613.T,1,0,0,31.21,40.9,27.89,324.0,LOSS,-4.0,1,2022-10-03,2024-11-05
2024-12-04,6613.T,2,1,0,25.76,29.8,44.44,306.0,LOSS,-4.0,5,2022-10-03,2024-11-05
2024-12-05,6613.T,1,0,0,24.64,38.03,37.33,310.0,LOSS,-4.0,4,2022-10-03,2024-11-05
2024-12-06,6613.T,2,0,0,23.8,36.94,39.25,306.0,LOSS,-4.0,3,2022-10-03,2024-11-05
2024-12-09,6613.T,1,0,0,25.41,39.02,35.57,306.0,LOSS,-4.0,2,2022-10-03,2024-11-05
2024-12-10,6613.T,2,1,0,28.59,29.48,41.92,299.0,HOLD,5.69,5,2022-11-01,2024-12-04
2024-12-11,6613.T,2,0,0,33.82,30.65,35.53,297.0,WIN,8.0,4,2022-11-01,2024-12-04
2024-12-12,6613.T,2,2,1,26.04,32.03,41.92,295.0,WIN,8.0,3,2022-11-01,2024-12-04
2024-12-13,6613.T,0,2,0,36.37,32.41,31.21,297.0,WIN,8.0,2,2022-11-01,2024-12-04
2024-12-16,6613.T,2,2,1,30.93,32.6,36.47,291.0,WIN,8.0,1,2022-11-01,2024-12-04
2024-12-17,6613.T,0,0,1,53.44,25.65,20.91,316.0,LOSS,-4.0,2,2022-11-01,2024-12-04
2024-12-18,6613.T,0,1,0,48.11,26.07,25.82,305.0,LOSS,-4.0,4,2022-11-01,2024-12-04
2024-12-19,6613.T,0,0,1,47.53,29.61,22.86,309.0,LOSS,-4.0,3,2022-11-01,2024-12-04
2024-12-20,6613.T,0,0,1,49.02,32.79,18.19,309.0,LOSS,-4.0,2,2022-11-01,2024-12-04
2024-12-23,6613.T,0,2,0,46.81,31.63,21.56,304.0,LOSS,-4.0,1,2022-11-01,2024-12-04
2024-12-24,6613.T,2,2,1,31.6,28.38,40.02,294.0,WIN,8.0,3,2022-11-01,2024-12-04
2024-12-26,6613.T,0,2,0,45.83,28.74,25.43,300.0,WIN,8.0,4,2022-11-01,2024-12-04
2024-12-27,6613.T,0,2,0,44.61,39.46,15.93,309.0,WIN,8.0,3,2022-11-01,2024-12-04
2024-12-30,6613.T,0,2,0,53.33,32.35,14.32,306.0,WIN,8.0,2,2022-11-01,2024-12-04
2025-01-06,6613.T,0,1,0,56.51,32.86,10.63,312.0,WIN,8.0,1,2022-11-01,2024-12-04
2025-01-07,6613.T,0,0,1,60.09,25.25,14.66,335.0,LOSS,-4.0,2,2022-11-01,2024-12-04
2025-01-08,6613.T,0,0,1,61.13,23.73,15.15,328.0,LOSS,-4.0,1,2022-11-01,2024-12-04
2025-01-09,6613.T,0,0,1,47.7,25.65,26.65,310.0,LOSS,-4.0,2,2022-11-01,2024-12-04
2025-01-10,6613.T,0,0,1,49.97,31.58,18.45,308.0,LOSS,-4.0,1,2022-11-01,2024-12-04
2025-01-14,6613.T,0,0,1,39.15,28.43,32.42,296.0,LOSS,-4.0,3,2022-11-01,2024-12-04
2025-01-15,6613.T,2,1,0,19.16,28.92,51.92,296.0,LOSS,-4.0,2,2022-12-02,2025-01-08
2025-01-16,6613.T,2,2,1,15.8,19.85,64.34,290.0,WIN,8.0,4,2022-12-02,2025-01-08
2025-01-17,6613.T,2,2,1,17.65,17.84,64.51,284.0,WIN,8.0,2,2022-12-02,2025-01-08
2025-01-21,6613.T,1,2,0,27.8,38.18,34.02,297.0,HOLD,4.71,5,2022-12-02,2025-01-08
2025-01-22,6613.T,0,1,0,43.35,30.47,26.18,311.0,TIMEOUT_LOSS,-0.32,5,2022-12-02,2025-01-08
2025-01-23,6613.T,2,2,1,31.39,31.79,36.82,304.0,TIMEOUT_LOSS,-0.66,5,2022-12-02,2025-01-08
2025-01-24,6613.T,0,1,0,48.64,28.51,22.85,312.0,TIMEOUT_LOSS,-2.56,5,2022-12-02,2025-01-08
2025-01-27,6613.T,0,0,1,51.71,30.94,17.34,313.0,LOSS,-4.0,4,2022-12-02,2025-01-08
2025-01-28,6613.T,1,0,0,36.93,40.51,22.56,311.0,LOSS,-4.0,4,2022-12-02,2025-01-08
2025-01-29,6613.T,0,0,1,40.18,37.51,22.3,310.0,LOSS,-4.0,3,2022-12-02,2025-01-08
2025-01-30,6613.T,2,1,0,33.02,33.43,33.55,302.0,HOLD,1.66,5,2022-12-02,2025-01-08
2025-01-31,6613.T,0,1,0,37.76,37.0,25.24,304.0,HOLD,0.33,5,2022-12-02,2025-01-08
2025-02-03,6613.T,2,2,1,31.49,31.04,37.46,295.0,HOLD,6.44,5,2022-12-02,2025-01-08
2025-02-04,6613.T,0,2,0,34.47,34.14,31.39,300.0,HOLD,5.67,5,2022-12-02,2025-01-08
2025-02-05,6613.T,0,2,0,46.82,32.63,20.55,308.0,HOLD,4.55,5,2022-12-02,2025-01-08
2025-02-06,6613.T,0,2,0,50.24,31.51,18.25,307.0,WIN,8.0,5,2022-12-02,2025-01-08
2025-02-07,6613.T,0,2,0,40.87,36.11,23.02,305.0,WIN,8.0,4,2022-12-02,2025-01-08
2025-02-10,6613.T,0,2,0,60.83,26.88,12.29,314.0,WIN,8.0,4,2022-12-02,2025-01-08
2025-02-12,6613.T,0,2,0,64.58,23.47,11.96,317.0,WIN,8.0,3,2022-12-02,2025-01-08
2025-02-13,6613.T,0,2,0,67.77,20.97,11.26,322.0,WIN,8.0,2,2022-12-02,2025-01-08
2025-02-14,6613.T,0,2,0,61.31,23.07,15.62,330.0,HOLD,0.3,5,2023-01-04,2025-02-07
2025-02-18,6613.T,0,1,0,58.76,24.08,17.16,343.0,LOSS,-4.0,4,2023-01-04,2025-02-07
2025-02-19,6613.T,0,0,1,59.15,23.89,16.96,339.0,LOSS,-4.0,3,2023-01-04,2025-02-07
2025-02-20,6613.T,0,1,0,52.57,24.44,22.99,338.0,LOSS,-4.0,2,2023-01-04,2025-02-07
2025-02-21,6613.T,0,1,0,51.6,25.88,22.52,340.0,LOSS,-4.0,1,2023-01-04,2025-02-07
2025-02-25,6613.T,0,0,1,41.7,27.02,31.28,331.0,LOSS,-4.0,4,2023-01-04,2025-02-07
2025-02-26,6613.T,0,0,1,39.57,26.46,33.97,335.0,LOSS,-4.0,3,2023-01-04,2025-02-07
2025-02-27,6613.T,0,0,1,45.4,23.99,30.6,342.0,LOSS,-4.0,1,2023-01-04,2025-02-07
2025-02-28,6613.T,2,0,0,26.75,22.97,50.28,326.0,LOSS,-4.0,2,2023-01-04,2025-02-07
2025-03-03,6613.T,2,2,1,27.56,28.29,44.15,314.0,HOLD,2.87,5,2023-01-04,2025-02-07
2025-03-04,6613.T,2,1,0,28.1,30.27,41.63,319.0,HOLD,0.0,5,2023-01-04,2025-02-07
2025-03-05,6613.T,2,1,0,23.31,32.77,43.92,319.0,HOLD,1.25,5,2023-01-04,2025-02-07
2025-03-06,6613.T,2,1,0,21.19,38.55,40.26,321.0,HOLD,0.93,5,2023-01-04,2025-02-07
2025-03-07,6613.T,2,1,0,27.3,34.55,38.15,322.0,HOLD,3.11,5,2023-01-04,2025-02-07
2025-03-10,6613.T,2,1,0,32.03,31.57,36.41,323.0,LOSS,-4.0,1,2023-01-04,2025-02-07
2025-03-11,6613.T,2,2,1,30.19,34.66,35.14,319.0,HOLD,4.08,5,2023-01-04,2025-02-07
2025-03-12,6613.T,2,2,1,28.75,32.13,39.12,323.0,HOLD,2.17,5,2023-01-04,2025-02-07
2025-03-13,6613.T,2,2,1,31.05,33.15,35.8,324.0,HOLD,0.62,5,2023-01-04,2025-02-07
2025-03-14,6613.T,0,1,0,36.5,31.16,32.35,332.0,LOSS,-4.0,5,2023-01-04,2025-02-07
2025-03-17,6613.T,0,0,1,39.49,30.22,30.29,334.0,LOSS,-4.0,4,2023-01-04,2025-02-07
2025-03-18,6613.T,1,0,0,33.07,35.46,31.47,332.0,LOSS,-4.0,3,2023-02-03,2025-03-12
2025-03-19,6613.T,1,0,0,34.02,34.12,31.86,330.0,LOSS,-4.0,5,2023-02-03,2025-03-12
2025-03-21,6613.T,1,0,0,28.5,37.52,33.98,326.0,TIMEOUT_LOSS,-3.37,5,2023-02-03,2025-03-12
2025-03-24,6613.T,2,1,0,19.22,35.79,44.99,320.0,LOSS,-4.0,5,2023-02-03,2025-03-12
2025-03-25,6613.T,2,0,0,20.25,35.05,44.7,320.0,LOSS,-4.0,4,2023-02-03,2025-03-12
2025-03-26,6613.T,2,0,0,23.04,34.08,42.88,320.0,LOSS,-4.0,3,2023-02-03,2025-03-12
2025-03-27,6613.T,2,0,0,26.62,31.93,41.45,317.0,LOSS,-4.0,2,2023-02-03,2025-03-12
2025-03-28,6613.T,2,0,0,26.09,32.55,41.36,315.0,LOSS,-4.0,1,2023-02-03,2025-03-12
2025-03-31,6613.T,2,0,0,26.49,30.45,43.05,303.0,LOSS,-4.0,3,2023-02-03,2025-03-12
2025-04-01,6613.T,2,0,0,17.85,27.77,54.38,299.0,LOSS,-4.0,2,2023-02-03,2025-03-12
2025-04-02,6613.T,2,0,0,16.18,28.2,55.62,293.0,LOSS,-4.0,1,2023-02-03,2025-03-12
2025-04-03,6613.T,2,0,0,15.2,24.3,60.5,285.0,LOSS,-4.0,1,2023-02-03,2025-03-12
2025-04-04,6613.T,2,0,0,16.95,18.49,64.56,268.0,LOSS,-4.0,1,2023-02-03,2025-03-12
2025-04-07,6613.T,2,2,1,15.89,13.7,70.4,228.0,WIN,8.0,1,2023-02-03,2025-03-12
2025-04-08,6613.T,2,2,1,25.54,18.69,55.77,254.0,LOSS,-4.0,1,2023-02-03,2025-03-12
2025-04-09,6613.T,2,2,1,15.71,14.54,69.76,243.0,WIN,8.0,1,2023-02-03,2025-03-12
2025-04-10,6613.T,2,2,1,25.05,22.42,52.52,265.0,LOSS,-4.0,1,2023-02-03,2025-03-12
2025-04-11,6613.T,2,0,0,24.46,24.88,50.66,276.0,HOLD,0.36,5,2023-02-03,2025-03-12
2025-04-14,6613.T,2,0,0,20.28,25.73,53.99,278.0,LOSS,-4.0,2,2023-02-03,2025-03-12
2025-04-15,6613.T,2,2,1,13.5,28.09,58.41,272.0,HOLD,2.21,5,2023-02-03,2025-03-12
2025-04-16,6613.T,2,2,1,15.34,19.45,65.21,268.0,HOLD,3.73,5,2023-03-07,2025-04-10
2025-04-17,6613.T,2,2,1,15.3,22.52,62.18,272.0,HOLD,5.51,5,2023-03-07,2025-04-10
2025-04-21,6613.T,2,1,0,16.08,22.68,61.25,277.0,HOLD,3.25,5,2023-03-07,2025-04-10
2025-04-22,6613.T,2,2,1,13.52,24.36,62.12,273.0,HOLD,6.96,5,2023-03-07,2025-04-10
2025-04-23,6613.T,2,2,1,18.68,32.98,48.35,278.0,HOLD,3.24,5,2023-03-07,2025-04-10
2025-04-24,6613.T,2,2,1,16.72,37.59,45.69,278.0,HOLD,3.96,5,2023-03-07,2025-04-10
2025-04-25,6613.T,1,1,1,27.65,37.78,34.57,287.0,TIMEOUT_LOSS,-0.35,5,2023-03-07,2025-04-10
2025-04-28,6613.T,1,1,1,26.36,42.23,31.42,286.0,HOLD,0.0,5,2023-03-07,2025-04-10
2025-04-30,6613.T,0,0,1,36.58,35.62,27.8,292.0,TIMEOUT_LOSS,-1.71,5,2023-03-07,2025-04-10
2025-05-01,6613.T,1,1,1,32.82,35.04,32.14,287.0,HOLD,0.7,5,2023-03-07,2025-04-10
2025-05-02,6613.T,1,1,1,34.43,35.18,30.4,289.0,HOLD,2.08,5,2023-03-07,2025-04-10
2025-05-07,6613.T,1,1,1,29.75,38.29,31.96,286.0,HOLD,3.15,5,2023-03-07,2025-04-10
2025-05-08,6613.T,0,2,0,38.13,30.83,31.04,286.0,TIMEOUT_LOSS,-2.8,5,2023-03-07,2025-04-10
2025-05-09,6613.T,2,2,1,37.54,23.42,39.04,287.0,LOSS,-4.0,5,2023-03-07,2025-04-10
2025-05-12,6613.T,0,0,1,46.32,26.06,27.62,289.0,LOSS,-4.0,4,2023-03-07,2025-04-10
2025-05-13,6613.T,0,0,1,53.85,20.56,25.58,295.0,LOSS,-4.0,2,2023-03-07,2025-04-10
2025-05-14,6613.T,0,0,1,46.81,27.3,25.88,295.0,LOSS,-4.0,1,2023-03-07,2025-04-10
2025-05-15,6613.T,2,0,0,28.25,24.82,46.92,278.0,LOSS,-4.0,2,2023-03-07,2025-04-10
2025-05-16,6613.T,2,0,0,26.04,22.85,51.11,272.0,LOSS,-4.0,4,2023-03-07,2025-04-10
2025-05-19,6613.T,2,0,0,24.99,23.84,51.17,265.0,LOSS,-4.0,4,2023-03-07,2025-04-10
2025-05-20,6613.T,2,0,0,30.86,22.83,46.3,268.0,LOSS,-4.0,2,2023-04-05,2025-05-14
2025-05-21,6613.T,2,0,0,33.18,20.71,46.12,265.0,LOSS,-4.0,2,2023-04-05,2025-05-14
2025-05-22,6613.T,2,2,1,34.13,26.28,39.59,259.0,HOLD,0.0,5,2023-04-05,2025-05-14
2025-05-23,6613.T,2,1,0,35.04,23.78,41.18,260.0,TIMEOUT_LOSS,-2.69,5,2023-04-05,2025-05-14
2025-05-27,6613.T,2,1,0,30.97,27.42,41.61,261.0,LOSS,-4.0,5,2023-04-05,2025-05-14
2025-05-28,6613.T,2,0,0,34.58,25.79,39.64,264.0,LOSS,-4.0,3,2023-04-05,2025-05-14
2025-05-29,6613.T,2,0,0,31.52,25.94,42.55,261.0,LOSS,-4.0,3,2023-04-05,2025-05-14
2025-05-30,6613.T,2,0,0,34.3,25.36,40.34,259.0,LOSS,-4.0,2,2023-04-05,2025-05-14
2025-06-02,6613.T,2,0,0,32.37,28.79,38.85,253.0,LOSS,-4.0,4,2023-04-05,2025-05-14
2025-06-03,6613.T,2,0,0,31.82,26.23,41.95,252.0,LOSS,-4.0,4,2023-04-05,2025-05-14
2025-06-04,6613.T,2,0,0,24.65,23.17,52.17,247.0,HOLD,2.02,5,2023-04-05,2025-05-14
2025-06-05,6613.T,2,1,0,30.96,22.65,46.39,245.0,HOLD,2.45,5,2023-04-05,2025-05-14
2025-06-06,6613.T,2,2,1,25.89,22.0,52.11,244.0,TIMEOUT_LOSS,-3.28,5,2023-04-05,2025-05-14
2025-06-09,6613.T,2,2,1,21.35,22.26,56.39,240.0,HOLD,2.5,5,2023-04-05,2025-05-14
2025-06-10,6613.T,2,0,0,25.75,25.07,49.17,245.0,HOLD,1.22,5,2023-04-05,2025-05-14
2025-06-11,6613.T,2,0,0,33.31,25.18,41.51,252.0,LOSS,-4.0,2,2023-04-05,2025-05-14
2025-06-12,6613.T,2,1,0,35.56,22.23,42.21,251.0,LOSS,-4.0,1,2023-04-05,2025-05-14
2025-06-13,6613.T,2,2,1,31.77,21.37,46.86,236.0,LOSS,-4.0,5,2023-04-05,2025-05-14
2025-06-16,6613.T,2,0,0,34.32,25.94,39.74,246.0,LOSS,-4.0,4,2023-04-05,2025-05-14
2025-06-17,6613.T,2,0,0,30.31,23.47,46.22,248.0,LOSS,-4.0,2,2023-04-05,2025-05-14
2025-06-18,6613.T,0,0,1,45.75,28.08,26.17,246.0,LOSS,-4.0,2,2023-05-09,2025-06-12
2025-06-20,6613.T,2,1,0,26.4,30.03,43.57,237.0,LOSS,-4.0,1,2023-05-09,2025-06-12
2025-06-23,6613.T,2,2,1,28.86,24.99,46.15,228.0,HOLD,2.19,5,2023-05-09,2025-06-12
2025-06-24,6613.T,2,1,0,29.48,20.9,49.61,237.0,LOSS,-4.0,5,2023-05-09,2025-06-12
2025-06-25,6613.T,2,1,0,22.4,27.17,50.43,234.0,LOSS,-4.0,5,2023-05-09,2025-06-12
2025-06-26,6613.T,2,0,0,28.42,23.09,48.49,235.0,LOSS,-4.0,4,2023-05-09,2025-06-12
2025-06-27,6613.T,2,0,0,22.46,22.2,55.35,235.0,LOSS,-4.0,3,2023-05-09,2025-06-12
2025-06-30,6613.T,2,0,0,23.32,24.61,52.07,233.0,LOSS,-4.0,2,2023-05-09,2025-06-12
2025-07-01,6613.T,2,0,0,27.72,23.28,49.0,227.0,LOSS,-4.0,3,2023-05-09,2025-06-12
2025-07-02,6613.T,2,1,0,28.65,23.16,48.19,222.0,WIN,8.0,5,2023-05-09,2025-06-12
2025-07-03,6613.T,2,2,1,23.17,25.28,51.55,222.0,WIN,8.0,4,2023-05-09,2025-06-12
2025-07-07,6613.T,2,2,1,30.9,23.28,45.82,221.0,WIN,8.0,3,2023-05-09,2025-06-12
2025-07-08,6613.T,1,2,0,29.51,35.67,34.82,223.0,WIN,8.0,2,2023-05-09,2025-06-12
2025-07-09,6613.T,0,2,0,38.91,30.34,30.75,233.0,WIN,8.0,2,2023-05-09,2025-06-12
2025-07-10,6613.T,0,0,1,53.66,29.18,17.15,245.0,WIN,8.0,1,2023-05-09,2025-06-12
2025-07-11,6613.T,0,0,1,52.9,30.25,16.85,252.0,LOSS,-4.0,2,2023-05-09,2025-06-12
2025-07-14,6613.T,0,0,1,55.06,29.39,15.56,247.0,LOSS,-4.0,2,2023-05-09,2025-06-12
2025-07-15,6613.T,0,2,0,38.29,35.95,25.76,239.0,WIN,8.0,5,2023-05-09,2025-06-12
2025-07-16,6613.T,0,1,0,52.05,31.49,16.46,244.0,WIN,8.0,4,2023-05-09,2025-06-12
2025-07-17,6613.T,1,2,0,34.08,39.33,26.59,241.0,WIN,8.0,3,2023-05-09,2025-06-12
2025-07-18,6613.T,0,2,0,61.01,19.83,19.16,248.0,WIN,8.0,3,2023-06-07,2025-07-14
2025-07-22,6613.T,0,2,0,50.63,25.2,24.17,244.0,WIN,8.0,1,2023-06-07,2025-07-14
2025-07-23,6613.T,0,2,0,67.63,16.85,15.53,264.0,HOLD,3.03,5,2023-06-07,2025-07-14
2025-07-24,6613.T,0,2,0,58.64,20.26,21.09,265.0,TIMEOUT_LOSS,-0.75,5,2023-06-07,2025-07-14
2025-07-25,6613.T,0,2,0,51.95,26.29,21.75,266.0,HOLD,0.0,5,2023-06-07,2025-07-14
2025-07-28,6613.T,0,0,1,50.84,27.41,21.75,278.0,LOSS,-4.0,1,2023-06-07,2025-07-14
2025-07-29,6613.T,0,1,0,48.03,25.08,26.89,270.0,LOSS,-4.0,2,2023-06-07,2025-07-14
2025-07-30,6613.T,0,2,0,42.78,29.29,27.92,272.0,LOSS,-4.0,1,2023-06-07,2025-07-14
2025-07-31,6613.T,0,2,0,41.79,20.75,37.46,263.0,WIN,8.0,3,2023-06-07,2025-07-14
2025-08-01,6613.T,0,2,0,37.89,29.43,32.68,266.0,WIN,8.0,2,2023-06-07,2025-07-14
2025-08-04,6613.T,0,1,0,43.79,23.03,33.18,283.0,WIN,8.0,5,2023-06-07,2025-07-14
2025-08-05,6613.T,0,0,1,50.32,23.91,25.77,291.0,LOSS,-4.0,2,2023-06-07,2025-07-14
2025-08-06,6613.T,0,2,0,42.95,21.28,35.76,282.0,WIN,8.0,3,2023-06-07,2025-07-14
2025-08-07,6613.T,0,2,0,42.9,22.15,34.95,282.0,WIN,8.0,2,2023-06-07,2025-07-14
2025-08-08,6613.T,0,2,0,42.63,25.01,32.36,281.0,WIN,8.0,1,2023-06-07,2025-07-14
2025-08-12,6613.T,0,2,0,52.58,22.01,25.4,295.0,WIN,8.0,1,2023-06-07,2025-07-14
2025-08-13,6613.T,0,2,0,49.45,24.87,25.68,314.0,WIN,8.0,4,2023-06-07,2025-07-14
2025-08-14,6613.T,0,2,0,44.32,27.93,27.75,311.0,WIN,8.0,3,2023-06-07,2025-07-14
2025-08-15,6613.T,0,2,0,51.73,26.73,21.54,318.0,WIN,8.0,2,2023-06-07,2025-07-14
2025-08-18,6613.T,0,2,0,50.58,24.1,25.32,330.0,WIN,8.0,1,2023-06-07,2025-07-14
2025-08-19,6613.T,0,0,1,44.3,12.41,43.29,389.0,LOSS,-4.0,1,2023-07-07,2025-08-13
2025-08-20,6613.T,0,0,1,51.77,20.08,28.16,397.0,LOSS,-4.0,1,2023-07-07,2025-08-13
2025-08-21,6613.T,0,0,1,38.84,27.99,33.17,381.0,LOSS,-4.0,1,2023-07-07,2025-08-13
2025-08-22,6613.T,2,0,0,35.78,22.81,41.41,370.0,LOSS,-4.0,4,2023-07-07,2025-08-13
2025-08-25,6613.T,2,0,0,30.96,16.82,52.22,363.0,LOSS,-4.0,3,2023-07-07,2025-08-13
2025-08-26,6613.T,2,0,0,24.8,23.79,51.41,369.0,LOSS,-4.0,2,2023-07-07,2025-08-13
2025-08-27,6613.T,2,0,0,18.14,17.39,64.47,356.0,LOSS,-4.0,1,2023-07-07,2025-08-13
2025-08-28,6613.T,2,0,0,16.47,16.66,66.87,342.0,LOSS,-4.0,3,2023-07-07,2025-08-13
2025-08-29,6613.T,2,0,0,20.51,16.9,62.58,336.0,HOLD,1.19,5,2023-07-07,2025-08-13
2025-09-02,6613.T,2,1,0,21.56,34.15,44.29,339.0,HOLD,3.83,5,2023-07-07,2025-08-13
2025-09-03,6613.T,2,2,1,23.24,24.18,52.58,330.0,WIN,8.0,5,2023-07-07,2025-08-13
2025-09-04,6613.T,2,2,1,25.02,22.15,52.84,329.0,WIN,8.0,4,2023-07-07,2025-08-13
2025-09-05,6613.T,2,2,1,23.88,24.11,52.01,334.0,WIN,8.0,4,2023-07-07,2025-08-13
2025-09-08,6613.T,2,2,1,27.56,17.52,54.92,340.0,WIN,8.0,3,2023-07-07,2025-08-13
2025-09-09,6613.T,2,2,1,27.37,17.22,55.41,352.0,WIN,8.0,2,2023-07-07,2025-08-13
2025-09-10,6613.T,2,2,1,34.61,23.59,41.81,357.0,WIN,8.0,1,2023-07-07,2025-08-13
2025-09-11,6613.T,0,0,1,50.65,12.5,36.84,380.0,LOSS,-4.0,3,2023-07-07,2025-08-13
2025-09-12,6613.T,0,0,1,42.56,17.82,39.62,379.0,LOSS,-4.0,2,2023-07-07,2025-08-13
2025-09-16,6613.T,0,2,0,41.02,19.29,39.69,377.0,LOSS,-4.0,1,2023-07-07,2025-08-13
2025-09-17,6613.T,2,2,1,32.62,17.79,49.59,359.0,WIN,8.0,2,2023-07-07,2025-08-13
2025-09-18,6613.T,2,2,1,39.98,8.53,51.49,364.0,WIN,8.0,1,2023-08-07,2025-09-11
2025-09-19,6613.T,0,0,1,55.05,6.48,38.46,402.0,LOSS,-4.0,2,2023-08-07,2025-09-11
2025-09-22,6613.T,0,0,1,53.22,11.63,35.14,391.0,LOSS,-4.0,1,2023-08-07,2025-09-11
2025-09-24,6613.T,0,0,1,44.96,11.43,43.61,397.0,LOSS,-4.0,1,2023-08-07,2025-09-11
2025-09-25,6613.T,0,2,0,48.35,7.8,43.85,374.0,HOLD,5.08,5,2023-08-07,2025-09-11
2025-09-26,6613.T,2,1,0,40.65,4.54,54.81,375.0,HOLD,3.2,5,2023-08-07,2025-09-11
2025-09-29,6613.T,2,2,1,41.22,9.18,49.6,375.0,WIN,8.0,5,2023-08-07,2025-09-11
2025-09-30,6613.T,2,1,0,44.39,7.81,47.8,387.0,LOSS,-4.0,1,2023-08-07,2025-09-11
2025-10-01,6613.T,0,2,0,44.42,13.37,42.21,379.0,WIN,8.0,3,2023-08-07,2025-09-11
2025-10-02,6613.T,0,1,0,45.96,10.08,43.96,393.0,WIN,8.0,2,2023-08-07,2025-09-11
2025-10-03,6613.T,2,0,0,42.76,10.87,46.37,387.0,WIN,8.0,1,2023-08-07,2025-09-11
2025-10-06,6613.T,0,0,1,47.31,8.08,44.61,399.0,LOSS,-4.0,1,2023-08-07,2025-09-11
2025-10-07,6613.T,0,1,0,45.13,11.05,43.82,390.0,LOSS,-4.0,4,2023-08-07,2025-09-11
2025-10-08,6613.T,0,0,1,45.35,17.74,36.9,379.0,LOSS,-4.0,3,2023-08-07,2025-09-11
2025-10-09,6613.T,0,0,1,46.55,14.32,39.13,388.0,LOSS,-4.0,2,2023-08-07,2025-09-11
2025-10-10,6613.T,0,2,0,45.55,11.65,42.8,386.0,LOSS,-4.0,1,2023-08-07,2025-09-11
2025-10-14,6613.T,0,2,0,48.25,19.3,32.45,355.0,WIN,8.0,2,2023-08-07,2025-09-11
2025-10-15,6613.T,0,2,0,42.99,25.84,31.17,382.0,HOLD,1.05,5,2023-08-07,2025-09-11
2025-10-16,6613.T,0,0,1,47.74,11.75,40.51,395.0,LOSS,-4.0,1,2023-08-07,2025-09-11
2025-10-17,6613.T,0,2,0,44.52,19.39,36.09,374.0,HOLD,0.27,5,2023-08-07,2025-09-11
2025-10-20,6613.T,0,0,1,35.39,33.11,31.5,390.0,LOSS,-4.0,3,2023-09-06,2025-10-14
2025-10-21,6613.T,2,0,0,33.71,29.48,36.81,388.0,LOSS,-4.0,2,2023-09-06,2025-10-14
2025-10-22,6613.T,2,1,0,24.88,20.77,54.34,386.0,LOSS,-4.0,5,2023-09-06,2025-10-14
2025-10-23,6613.T,2,2,1,24.65,22.59,52.76,375.0,TIMEOUT_LOSS,-1.6,5,2023-09-06,2025-10-14
2025-10-24,6613.T,2,1,0,23.18,21.26,55.56,375.0,TIMEOUT_LOSS,-1.07,5,2023-09-06,2025-10-14
2025-10-27,6613.T,0,0,1,41.14,29.12,29.74,390.0,LOSS,-4.0,2,2023-09-06,2025-10-14
2025-10-28,6613.T,2,0,0,26.54,22.62,50.85,382.0,LOSS,-4.0,2,2023-09-06,2025-10-14
2025-10-29,6613.T,2,0,0,27.31,22.69,50.0,373.0,LOSS,-4.0,3,2023-09-06,2025-10-14
2025-10-30,6613.T,2,0,0,28.3,25.15,46.55,369.0,LOSS,-4.0,3,2023-09-06,2025-10-14
2025-10-31,6613.T,2,0,0,31.38,28.19,40.44,371.0,LOSS,-4.0,1,2023-09-06,2025-10-14
2025-11-04,6613.T,2,0,0,29.02,20.99,50.0,357.0,TIMEOUT_LOSS,-0.84,5,2023-09-06,2025-10-14
2025-11-05,6613.T,2,1,0,33.88,31.09,35.03,356.0,HOLD,1.69,5,2023-09-06,2025-10-14
2025-11-06,6613.T,2,1,0,27.32,31.12,41.56,356.0,TIMEOUT_LOSS,-0.84,5,2023-09-06,2025-10-14
2025-11-07,6613.T,1,2,0,28.37,36.3,35.33,349.0,HOLD,0.0,5,2023-09-06,2025-10-14
2025-11-10,6613.T,2,1,0,28.61,33.73,37.65,357.0,HOLD,0.56,5,2023-09-06,2025-10-14
2025-11-11,6613.T,2,1,0,29.49,33.35,37.16,354.0,TIMEOUT_LOSS,-2.54,5,2023-09-06,2025-10-14
2025-11-12,6613.T,1,1,1,32.72,37.74,29.54,362.0,LOSS,-4.0,2,2023-09-06,2025-10-14
2025-11-13,6613.T,2,0,0,32.59,33.2,34.21,353.0,HOLD,3.4,5,2023-09-06,2025-10-14
2025-11-14,6613.T,0,1,0,39.8,32.87,27.33,349.0,TIMEOUT_LOSS,-2.29,5,2023-09-06,2025-10-14
2025-11-17,6613.T,0,2,0,42.11,30.72,27.17,359.0,LOSS,-4.0,2,2023-09-06,2025-10-14
2025-11-18,6613.T,1,1,1,36.1,36.39,27.51,345.0,HOLD,6.38,5,2023-10-05,2025-11-12
2025-11-19,6613.T,1,0,0,32.44,47.34,20.22,346.0,WIN,8.0,5,2023-10-05,2025-11-12
2025-11-20,6613.T,0,1,0,46.16,35.03,18.82,365.0,LOSS,-4.0,1,2023-10-05,2025-11-12
2025-11-21,6613.T,0,2,0,42.43,32.73,24.84,341.0,WIN,8.0,2,2023-10-05,2025-11-12
2025-11-25,6613.T,1,2,0,27.37,42.31,30.32,336.0,WIN,8.0,1,2023-10-05,2025-11-12
2025-11-26,6613.T,0,0,1,47.75,35.62,16.64,367.0,LOSS,-4.0,3,2023-10-05,2025-11-12
2025-11-28,6613.T,0,0,1,51.6,29.68,18.73,378.0,LOSS,-4.0,1,2023-10-05,2025-11-12
2025-12-01,6613.T,0,1,0,45.5,26.46,28.04,359.0,LOSS,-4.0,1,2023-10-05,2025-11-12
2025-12-02,6613.T,0,2,0,44.31,30.19,25.5,344.0,HOLD,1.16,5,2023-10-05,2025-11-12
2025-12-03,6613.T,1,1,1,26.71,47.58,25.71,353.0,TIMEOUT_LOSS,-1.98,5,2023-10-05,2025-11-12
2025-12-04,6613.T,1,0,0,28.06,47.65,24.29,355.0,LOSS,-4.0,2,2023-10-05,2025-11-12
2025-12-05,6613.T,1,1,1,28.23,47.69,24.08,351.0,LOSS,-4.0,4,2023-10-05,2025-11-12
2025-12-08,6613.T,0,0,1,41.03,33.48,25.5,356.0,LOSS,-4.0,2,2023-10-05,2025-11-12
2025-12-09,6613.T,1,0,0,33.55,37.1,29.35,348.0,LOSS,-4.0,2,2023-10-05,2025-11-12
2025-12-10,6613.T,1,0,0,31.36,40.56,28.08,346.0,LOSS,-4.0,1,2023-10-05,2025-11-12
2025-12-11,6613.T,0,0,1,38.37,26.13,35.5,330.0,LOSS,-4.0,3,2023-10-05,2025-11-12
2025-12-12,6613.T,1,0,0,31.17,34.83,34.0,324.0,LOSS,-4.0,3,2023-10-05,2025-11-12
2025-12-15,6613.T,1,0,0,23.66,43.97,32.37,323.0,LOSS,-4.0,2,2023-10-05,2025-11-12
2025-12-16,6613.T,2,0,0,25.98,34.99,39.03,313.0,LOSS,-4.0,2,2023-10-05,2025-11-12
2025-12-17,6613.T,2,2,1,30.06,29.83,40.11,305.0,HOLD,1.97,5,2023-10-05,2025-11-12
2025-12-18,6613.T,2,2,1,27.47,29.49,43.05,299.0,HOLD,5.69,5,2023-11-06,2025-12-12
2025-12-19,6613.T,2,2,1,28.83,28.64,42.54,300.0,WIN,8.0,5,2023-11-06,2025-12-12
2025-12-22,6613.T,0,1,0,34.41,32.52,33.07,314.0,HOLD,1.59,5,2023-11-06,2025-12-12
2025-12-23,6613.T,2,2,1,33.73,30.98,35.3,308.0,WIN,8.0,5,2023-11-06,2025-12-12
2025-12-24,6613.T,0,2,0,35.9,32.08,32.02,311.0,WIN,8.0,5,2023-11-06,2025-12-12
2025-12-26,6613.T,0,2,0,38.56,34.44,27.0,316.0,WIN,8.0,5,2023-11-06,2025-12-12
2025-12-29,6613.T,0,2,0,38.7,38.18,23.13,325.0,WIN,8.0,4,2023-11-06,2025-12-12
2025-12-30,6613.T,1,2,0,33.43,43.52,23.05,319.0,WIN,8.0,3,2023-11-06,2025-12-12
2026-01-05,6613.T,0,2,0,41.55,36.68,21.77,333.0,WIN,8.0,2,2023-11-06,2025-12-12
2026-01-06,6613.T,0,2,0,48.04,31.83,20.13,335.0,WIN,8.0,1,2023-11-06,2025-12-12
2026-01-07,6613.T,0,2,0,60.5,24.62,14.88,352.0,WIN,8.0,3,2023-11-06,2025-12-12
2026-01-08,6613.T,0,2,0,57.16,25.64,17.19,359.0,WIN,8.0,2,2023-11-06,2025-12-12
2026-01-09,6613.T,0,2,0,50.65,30.44,18.91,354.0,WIN,8.0,1,2023-11-06,2025-12-12
2026-01-13,6613.T,0,2,0,59.45,22.76,17.79,396.0,WIN,8.0,2,2023-11-06,2025-12-12
2026-01-14,6613.T,0,2,0,63.71,15.14,21.15,405.0,WIN,8.0,1,2023-11-06,2025-12-12
2026-01-15,6613.T,0,0,1,73.29,12.18,14.53,473.0,LOSS,-4.0,1,2023-11-06,2025-12-12
2026-01-16,6613.T,0,0,1,74.92,11.57,13.51,465.0,LOSS,-4.0,1,2023-11-06,2025-12-12
2026-01-20,6613.T,0,0,1,64.11,20.12,15.77,438.0,WIN,8.0,1,2023-11-06,2025-12-12
2026-01-21,6613.T,0,0,1,66.13,22.21,11.67,446.0,LOSS,-4.0,1,2023-11-06,2025-12-12
2026-01-22,6613.T,0,0,1,59.68,18.9,21.42,431.0,LOSS,-4.0,2,2023-11-06,2025-12-12
2026-01-23,6613.T,0,0,1,55.47,20.38,24.14,428.0,LOSS,-4.0,1,2023-12-05,2026-01-16
2026-01-26,6613.T,0,1,0,45.54,29.34,25.12,416.0,LOSS,-4.0,1,2023-12-05,2026-01-16
2026-01-27,6613.T,0,2,0,49.26,27.14,23.6,403.0,WIN,8.0,3,2023-12-05,2026-01-16
2026-01-28,6613.T,0,2,0,51.75,25.36,22.89,417.0,WIN,8.0,2,2023-12-05,2026-01-16
2026-01-29,6613.T,0,2,0,51.87,24.74,23.39,420.0,WIN,8.0,1,2023-12-05,2026-01-16
2026-01-30,6613.T,0,2,0,54.49,25.65,19.86,454.0,WIN,8.0,1,2023-12-05,2026-01-16
2026-02-02,6613.T,0,2,0,62.37,21.15,16.48,490.0,WIN,8.0,1,2023-12-05,2026-01-16
2026-02-03,6613.T,0,2,0,72.9,13.53,13.57,570.0,LOSS,-4.0,1,2023-12-05,2026-01-16
2026-02-04,6613.T,0,2,0,71.7,13.45,14.86,550.0,LOSS,-4.0,1,2023-12-05,2026-01-16
2026-02-05,6613.T,0,2,0,71.69,14.03,14.28,542.0,WIN,8.0,1,2023-12-05,2026-01-16
2026-02-06,6613.T,0,2,0,69.79,15.96,14.25,619.0,WIN,8.0,1,2023-12-05,2026-01-16
2026-02-09,6613.T,0,0,1,71.13,14.41,14.46,627.0,LOSS,-4.0,3,2023-12-05,2026-01-16
2026-02-10,6613.T,0,2,0,70.43,13.58,15.99,631.0,LOSS,-4.0,1,2023-12-05,2026-01-16
2026-02-12,6613.T,0,2,0,67.82,17.79,14.38,635.0,LOSS,-4.0,1,2023-12-05,2026-01-16
2026-02-13,6613.T,0,2,0,65.93,18.73,15.34,615.0,WIN,8.0,1,2023-12-05,2026-01-16
2026-02-17,6613.T,0,2,0,69.35,14.79,15.86,688.0,WIN,8.0,1,2023-12-05,2026-01-16
2026-02-18,6613.T,0,0,1,64.81,23.5,11.69,788.0,LOSS,-4.0,1,2023-12-05,2026-01-16
2026-02-19,6613.T,0,0,1,69.39,15.25,15.36,771.0,LOSS,-4.0,1,2023-12-05,2026-01-16
2026-02-20,6613.T,0,2,0,65.07,14.9,20.04,724.0,LOSS,-4.0,1,2023-12-05,2026-01-16
2026-02-24,6613.T,0,2,0,52.45,20.89,26.66,662.0,WIN,8.0,2,2023-12-05,2026-01-16
2026-02-25,6613.T,2,2,1,37.7,10.27,52.03,647.0,WIN,8.0,1,2024-01-09,2026-02-18
2026-02-26,6613.T,2,2,1,40.68,6.18,53.14,747.0,WIN,8.0,3,2024-01-09,2026-02-18
2026-02-27,6613.T,2,2,1,32.91,7.64,59.46,763.0,LOSS,-4.0,1,2024-01-09,2026-02-18
2026-03-02,6613.T,2,2,1,30.95,7.46,61.59,779.0,WIN,8.0,1,2024-01-09,2026-02-18
2026-03-03,6613.T,2,0,0,33.34,8.02,58.64,888.0,LOSS,-4.0,1,2024-01-09,2026-02-18
2026-03-04,6613.T,2,1,0,30.33,16.13,53.54,810.0,WIN,8.0,1,2024-01-09,2026-02-18
2026-03-05,6613.T,2,0,0,31.97,10.12,57.91,934.0,LOSS,-4.0,1,2024-01-09,2026-02-18
2026-03-06,6613.T,2,2,1,27.65,18.21,54.14,859.0,LOSS,-4.0,1,2024-01-09,2026-02-18
2026-03-09,6613.T,2,2,1,29.57,16.47,53.96,816.0,WIN,8.0,1,2024-01-09,2026-02-18
2026-03-10,6613.T,2,2,1,27.61,14.07,58.32,875.0,WIN,8.0,1,2024-01-09,2026-02-18
2026-03-11,6613.T,2,2,1,24.47,10.08,65.46,950.0,WIN,8.0,1,2024-01-09,2026-02-18
2026-03-12,6613.T,2,2,1,35.99,16.85,47.16,1100.0,WIN,8.0,1,2024-01-09,2026-02-18
2026-03-13,6613.T,2,2,1,31.7,13.73,54.57,1140.0,WIN,8.0,1,2024-01-09,2026-02-18
2026-03-16,6613.T,2,2,1,37.87,8.22,53.91,1440.0,LOSS,-4.0,1,2024-01-09,2026-02-18
2026-03-17,6613.T,2,0,0,38.93,9.34,51.74,1450.0,WIN,8.0,1,2024-01-09,2026-02-18
2026-03-18,6613.T,2,0,0,37.63,8.58,53.79,1721.0,LOSS,-4.0,1,2024-01-09,2026-02-18
2026-03-19,6613.T,2,0,0,32.36,14.92,52.72,1546.0,LOSS,-4.0,1,2024-01-09,2026-02-18
2026-03-23,6613.T,2,0,0,33.84,22.03,44.13,1300.0,WIN,8.0,1,2024-01-09,2026-02-18
2026-03-24,6613.T,2,0,0,36.29,19.26,44.45,1393.0,WIN,8.0,1,2024-01-09,2026-02-18
2026-03-25,6613.T,2,0,0,27.76,19.09,53.15,1382.0,LOSS,-4.0,1,2024-01-09,2026-02-18
2026-03-26,6613.T,2,2,1,36.59,13.24,50.18,1156.0,LOSS,-4.0,1,2024-02-07,2026-03-19
2026-03-27,6613.T,2,2,1,27.3,24.56,48.14,1171.0,LOSS,-4.0,1,2024-02-07,2026-03-19
2026-03-30,6613.T,2,0,0,26.83,15.83,57.34,1295.0,LOSS,-4.0,1,2024-02-07,2026-03-19
2026-03-31,6613.T,2,0,0,28.5,13.16,58.33,1216.0,WIN,8.0,1,2024-02-07,2026-03-19
2026-04-01,6613.T,2,0,0,30.88,16.72,52.39,1215.0,LOSS,-4.0,1,2024-02-07,2026-03-19
2026-04-02,6613.T,2,2,1,26.04,15.88,58.07,1081.0,LOSS,-4.0,1,2024-02-07,2026-03-19
2026-04-06,6613.T,2,1,0,23.31,23.58,53.11,1048.0,LOSS,-4.0,1,2024-02-07,2026-03-19
2026-04-07,6613.T,2,2,1,24.15,21.25,54.61,1035.0,WIN,8.0,1,2024-02-07,2026-03-19
2026-04-08,6613.T,2,2,1,26.57,18.82,54.61,1115.0,LOSS,-4.0,1,2024-02-07,2026-03-19
2026-04-09,6613.T,2,2,1,29.74,20.14,50.13,1033.0,WIN,8.0,1,2024-02-07,2026-03-19
2026-04-10,6613.T,2,2,1,23.42,14.15,62.43,1086.0,WIN,8.0,1,2024-02-07,2026-03-19
2026-04-13,6613.T,2,2,1,24.96,10.12,64.93,1221.0,WIN,8.0,1,2024-02-07,2026-03-19
2026-04-14,6613.T,2,0,0,34.04,7.46,58.5,1462.0,LOSS,-4.0,1,2024-02-07,2026-03-19
2026-04-15,6613.T,2,2,1,25.75,7.46,66.8,1338.0,WIN,8.0,1,2024-02-07,2026-03-19
2026-04-16,6613.T,2,2,1,28.39,10.61,61.0,1381.0,LOSS,-4.0,1,2024-02-07,2026-03-19
2026-04-17,6613.T,2,2,1,24.5,9.89,65.62,1285.0,WIN,8.0,1,2024-02-07,2026-03-19
2026-04-20,6613.T,2,0,0,39.0,5.84,55.16,1585.0,WIN,8.0,1,2024-02-07,2026-03-19
2026-04-21,6613.T,2,0,0,33.11,5.58,61.31,1609.0,LOSS,-4.0,1,2024-02-07,2026-03-19
2026-04-22,6613.T,2,1,0,25.03,8.42,66.55,1526.0,LOSS,-4.0,1,2024-02-07,2026-03-19
2026-04-23,6613.T,2,0,0,36.52,6.6,56.88,1544.0,LOSS,-4.0,1,2024-02-07,2026-03-19
2026-04-24,6613.T,2,0,0,26.7,12.18,61.12,1465.0,LOSS,-4.0,1,2024-03-11,2026-04-20
2026-04-27,6613.T,2,0,0,34.87,2.91,62.23,1533.0,LOSS,-4.0,1,2024-03-11,2026-04-20
2026-04-28,6613.T,2,2,1,27.18,5.6,67.23,1459.0,LOSS,-4.0,1,2024-03-11,2026-04-20
2026-04-30,6613.T,2,2,1,25.97,6.95,67.08,1419.0,WIN,8.0,1,2024-03-11,2026-04-20
2026-05-01,6613.T,2,2,1,25.47,5.41,69.12,1419.0,WIN,8.0,1,2024-03-11,2026-04-20
2026-05-07,6613.T,2,2,1,33.91,3.14,62.95,1506.0,WIN,8.0,1,2024-03-11,2026-04-20
2026-05-08,6613.T,0,0,1,51.91,1.58,46.51,1853.0,LOSS,-4.0,1,2024-03-11,2026-04-20
2026-05-11,6613.T,2,0,0,33.21,5.79,61.0,1688.0,LOSS,-4.0,2,2024-03-11,2026-04-20
2026-05-12,6613.T,2,2,1,36.05,5.6,58.34,1680.0,LOSS,-4.0,1,2024-03-11,2026-04-20
2026-05-13,6613.T,2,2,1,30.5,6.54,62.96,1641.0,LOSS,-4.0,1,2024-03-11,2026-04-20
2026-05-14,6613.T,2,2,1,28.95,8.78,62.27,1579.0,WIN,8.0,1,2024-03-11,2026-04-20
2026-05-15,6613.T,2,2,1,35.54,4.54,59.92,1727.0,WIN,8.0,1,2024-03-11,2026-04-20
2026-05-18,6613.T,0,2,0,52.91,7.66,39.44,2127.0,LOSS,-4.0,1,2024-03-11,2026-04-20
2026-05-19,6613.T,0,2,0,68.55,3.05,28.39,2626.0,LOSS,-4.0,1,2024-03-11,2026-04-20
2026-05-20,6613.T,0,2,0,62.07,5.4,32.53,2645.0,LOSS,-4.0,1,2024-03-11,2026-04-20
2026-05-21,6613.T,0,1,0,64.54,3.94,31.51,2600.0,WIN,8.0,1,2024-03-11,2026-04-20
2026-05-22,6613.T,0,0,1,65.09,2.01,32.9,3100.0,LOSS,-4.0,1,2024-03-11,2026-04-20
2026-05-26,6613.T,0,0,1,58.73,1.34,39.93,3320.0,LOSS,-4.0,1,2024-03-11,2026-04-20
2026-05-27,6613.T,0,0,1,49.57,5.36,45.07,2620.0,LOSS,-4.0,1,2024-03-11,2026-04-20
2026-05-28,6613.T,0,1,0,49.27,2.63,48.11,2732.0,LOSS,-4.0,1,2024-03-11,2026-04-20
2026-05-29,6613.T,2,2,1,29.57,10.25,60.19,2424.0,WIN,8.0,2,2024-04-10,2026-05-22
2026-06-01,6613.T,2,1,0,23.81,13.21,62.98,2423.0,WIN,8.0,1,2024-04-10,2026-05-22
2026-06-02,6613.T,2,0,0,27.44,13.42,59.14,2740.0,LOSS,-4.0,1,2024-04-10,2026-05-22
2026-06-03,6613.T,2,0,0,24.99,12.58,62.43,2600.0,LOSS,-4.0,1,2024-04-10,2026-05-22
2026-06-04,6613.T,2,2,1,20.7,12.14,67.16,2450.0,LOSS,-4.0,2,2024-04-10,2026-05-22
2026-06-05,6613.T,2,0,0,21.17,13.67,65.17,2570.0,LOSS,-4.0,1,2024-04-10,2026-05-22
2026-06-08,6613.T,2,0,0,22.49,30.3,47.2,2550.0,LOSS,-4.0,1,2024-04-10,2026-05-22
2026-06-09,6613.T,2,2,1,21.73,13.81,64.46,2578.0,LOSS,-4.0,1,2024-04-10,2026-05-22
2026-06-10,6613.T,2,2,1,17.86,25.38,56.76,2372.0,LOSS,-4.0,1,2024-04-10,2026-05-22
2026-06-11,6613.T,2,2,1,20.8,25.84,53.36,2409.0,WIN,8.0,1,2024-04-10,2026-05-22
2026-06-12,6613.T,2,0,0,27.07,12.49,60.43,2620.0,WIN,8.0,1,2024-04-10,2026-05-22
2026-06-15,6613.T,2,0,0,28.44,10.83,60.73,2769.0,LOSS,-4.0,1,2024-04-10,2026-05-22
2026-06-16,6613.T,2,2,1,25.65,9.39,64.96,2620.0,LOSS,-4.0,1,2024-04-10,2026-05-22
2026-06-17,6613.T,2,2,1,21.29,11.98,66.73,2377.0,WIN,8.0,1,2024-04-10,2026-05-22
2026-06-18,6613.T,2,2,1,27.28,8.79,63.93,2467.0,WIN,8.0,1,2024-04-10,2026-05-22
2026-06-22,6613.T,2,2,1,36.69,9.33,53.97,3020.0,LOSS,-4.0,1,2024-04-10,2026-05-22
2026-06-23,6613.T,2,1,0,31.87,12.61,55.52,2877.0,LOSS,-4.0,1,2024-04-10,2026-05-22
2026-06-24,6613.T,2,1,0,24.48,24.31,51.21,2752.0,WIN,8.0,1,2024-04-10,2026-05-22
2026-06-25,6613.T,2,0,0,38.71,13.53,47.76,3255.0,LOSS,-4.0,1,2024-04-10,2026-05-22
2026-06-26,6613.T,2,0,0,32.63,13.83,53.53,2840.0,LOSS,-4.0,1,2024-04-10,2026-05-22
2026-06-29,6613.T,2,0,0,20.18,26.42,53.4,2765.0,LOSS,-4.0,3,2024-05-13,2026-06-23
2026-06-30,6613.T,2,0,0,18.9,18.97,62.13,2802.0,LOSS,-4.0,2,2024-05-13,2026-06-23
2026-07-01,6613.T,2,0,0,15.8,17.34,66.86,2752.0,LOSS,-4.0,1,2024-05-13,2026-06-23
2026-07-02,6613.T,2,1,0,12.91,21.88,65.21,2610.0,WIN,8.0,1,2024-05-13,2026-06-23
2026-07-06,6613.T,2,0,0,18.84,27.83,53.32,2710.0,LOSS,-4.0,1,2024-05-13,2026-06-23
2026-07-07,6613.T,2,0,0,12.08,17.82,70.1,2600.0,LOSS,-4.0,1,2024-05-13,2026-06-23
2026-07-08,6613.T,2,0,0,14.71,28.55,56.75,2621.0,LOSS,-4.0,2,2024-05-13,2026-06-23
2026-07-09,6613.T,2,0,0,10.53,20.44,69.04,2540.0,LOSS,-4.0,2,2024-05-13,2026-06-23
2026-07-10,6613.T,2,0,0,12.18,21.23,66.59,2505.0,LOSS,-4.0,1,2024-05-13,2026-06-23
2026-07-13,6613.T,2,0,0,17.24,22.71,60.04,2545.0,LOSS,-4.0,1,2024-05-13,2026-06-23
2026-07-14,6613.T,2,0,0,14.24,28.51,57.25,2425.0,LOSS,-4.0,2,2024-05-13,2026-06-23
2026-07-15,6613.T,2,0,0,13.87,21.62,64.51,2384.0,LOSS,-4.0,1,2024-05-13,2026-06-23
2026-07-16,6613.T,2,0,0,18.56,20.66,60.78,1940.0,LOSS,-4.0,1,2024-05-13,2026-06-23
2026-07-17,6613.T,2,1,0,24.23,21.5,54.26,1766.0,LOSS,-4.0,1,2024-05-13,2026-06-23
2026-07-21,6613.T,2,0,0,21.96,20.3,57.74,1676.0,WIN,8.0,2,2024-05-13,2026-06-23
2026-07-22,6613.T,2,0,0,22.31,22.43,55.26,1655.0,WIN,8.0,1,2024-05-13,2026-06-23
2026-07-23,6613.T,2,0,0,23.19,25.02,51.8,1753.0,LOSS,-4.0,1,2024-05-13,2026-06-23
2026-07-24,6613.T,2,0,0,22.79,21.43,55.78,1643.0,LOSS,-4.0,1,2024-05-13,2026-06-23
2026-07-27,6613.T,2,0,0,24.21,19.63,56.16,1550.0,LOSS,-4.0,1,2024-05-13,2026-06-23
2026-07-28,6613.T,2,2,1,23.57,12.04,64.4,1391.0,LOSS,-4.0,1,2024-05-13,2026-06-23
2026-07-29,6613.T,0,2,0,41.55,28.31,30.14,1243.0,WIN,8.0,1,2024-06-11,2026-07-23
2026-07-30,6613.T,0,2,0,49.03,22.31,28.67,1301.0,WIN,8.0,1,2024-06-11,2026-07-23
2026-07-31,6613.T,0,2,0,54.35,12.43,33.22,1537.0,LOSS,-4.0,1,2024-06-11,2026-07-23
2026-08-03,6613.T,0,2,0,53.13,13.43,33.44,1485.0,WIN,8.0,1,2024-06-11,2026-07-23
2026-08-04,6613.T,0,2,0,53.07,11.03,35.91,1626.0,WIN,8.0,1,2024-06-11,2026-07-23
2026-08-05,6613.T,0,2,0,55.37,15.43,29.2,1785.0,LOSS,-4.0,1,2024-06-11,2026-07-23
2026-08-06,6613.T,0,0,1,54.0,14.93,31.07,1766.0,LOSS,-4.0,1,2024-06-11,2026-07-23
2026-08-07,6613.T,0,1,0,54.98,14.91,30.12,1744.0,WIN,8.0,1,2024-06-11,2026-07-23
