strategy,phase,date,ticker,result,return,hold_days,gc_gap,gc_approach,gc_slope,adx,breakout20,relative_strength,volume_surge,atr_ratio,vol,rsi
UP25_SCORE70_NIKKEION_TP4.0_SL1.0_H1,VALIDATION,2022-05-13,2501.T,LOSS,-2.2852357779900023,1,5.944871187551252,False,3.400604512726435,38.685878809615936,-0.3244343527760707,0.0267817779012543,1.333862563100472,2.2340551504373973,1.455429821541605,78.64119875658174
UP25_SCORE70_NIKKEION_TP4.0_SL1.0_H1,VALIDATION,2022-05-16,9531.T,LOSS,-2.5482469743246527,1,2.5034930380954985,False,2.918378221747409,35.99524805652664,0.0770927134631671,0.0268486183782619,0.6259226454089164,2.5096903934471575,0.7872520745924935,72.12547021118274
UP25_SCORE70_NIKKEION_TP4.0_SL1.0_H1,VALIDATION,2022-05-17,5020.T,LOSS,-2.4595859520750274,1,1.760630250605687,False,1.405987367477768,19.07032630053753,3.1570597639297704,0.0728946497185125,1.0614395952093003,2.4166078924213226,1.7550698443476471,75.02798470985627
UP25_SCORE70_NIKKEION_TP4.0_SL1.0_H1,VALIDATION,2022-06-10,5803.T,HOLD,8.026663916998123,1,18.524807642590567,False,6.702168884496307,43.39822829433884,-2.2248190983177096,0.0388881292514335,1.243466362599772,3.4588471392703823,1.0810864397269426,71.89716109124154
UP25_SCORE70_NIKKEION_TP4.0_SL1.0_H1,VALIDATION,2022-06-24,7211.T,HOLD,11.175615019526564,1,20.002268211229577,False,4.349113502823965,42.1196056280957,-8.606548698090188,0.0025616573777389,1.480431990860245,4.339395390652548,1.9367317893950209,57.01585206707608
UP25_SCORE70_NIKKEION_TP4.0_SL1.0_H1,VALIDATION,2022-06-27,2501.T,WIN,8.337913878233072,1,9.820015702889275,False,1.5644775018713195,43.76912496196353,0.2368803875811176,0.0039577750676822,1.6676743248690045,2.109478469558268,1.781581355293611,70.83940742006217
UP25_SCORE70_NIKKEION_TP4.0_SL1.0_H1,VALIDATION,2022-06-28,9501.T,HOLD,5.172727272727274,1,9.046096065256291,False,-0.1853194746595843,20.191556948575037,4.166666666666674,0.1471293143668663,2.302757482523177,3.818181818181817,2.373206083583625,67.66977151936806
UP25_SCORE70_NIKKEION_TP4.0_SL1.0_H1,VALIDATION,2022-06-29,9501.T,LOSS,-3.9572251007484183,1,8.88196224656258,False,0.6706528765352271,22.37396857143523,5.272727272727273,0.204249264353729,2.005658483470548,3.857225100748418,2.7880650383729697,72.51589607440937
UP25_SCORE70_NIKKEION_TP4.0_SL1.0_H1,VALIDATION,2022-06-30,9501.T,HOLD,2.016402116402116,1,8.69955156950672,False,1.466418212752152,24.51597202150592,-2.072538860103623,0.19025697032202,1.2002946002712256,4.115226337448563,2.0613896712206934,67.97537846674064
UP25_SCORE70_NIKKEION_TP4.0_SL1.0_H1,VALIDATION,2022-07-07,8804.T,LOSS,-2.3564891360168927,1,0.0265934630896393,False,1.8073914631535404,23.4174748041781,0.84344269467298,0.019848201568192,1.172779728039382,2.308582038921199,1.0809252854327047,66.07021427242472
UP25_SCORE70_NIKKEION_TP4.0_SL1.0_H1,VALIDATION,2022-07-08,8804.T,LOSS,-2.3442071763351224,1,0.4282553834964402,False,2.048754876514192,24.50874722643819,0.8886574055018581,0.0080089640833866,1.4952237669705812,2.2957280704411014,1.4730094105462403,67.7674063851828
UP25_SCORE70_NIKKEION_TP4.0_SL1.0_H1,VALIDATION,2022-08-26,3402.T,WIN,7.4033022680537135,1,4.715826557188758,False,1.3227068499944927,23.326868980224702,2.1349419667568537,0.0451499048489812,2.120364579714173,1.87582556701343,1.8661862363859685,71.48351885781872
UP25_SCORE70_NIKKEION_TP4.0_SL1.0_H1,VALIDATION,2022-09-08,6963.T,WIN,10.483042605336978,1,3.389358493787343,False,1.450911551849754,17.181027533475167,1.1029514224850656,0.0575267132257677,1.5761652398423698,2.645760651334246,1.9134264834457844,63.69425087590122
UP25_SCORE70_NIKKEION_TP4.0_SL1.0_H1,VALIDATION,2022-09-09,8233.T,WIN,8.075196109081217,1,7.105545004350923,False,2.419994828977501,47.07602457680796,1.4067191098883436,0.0424264355421359,1.5726287733935918,2.043799027270306,2.0167180592190808,84.96763309537195
UP25_SCORE70_NIKKEION_TP4.0_SL1.0_H1,VALIDATION,2022-09-12,3099.T,HOLD,8.589121662137844,1,0.7190452600000207,False,2.762599012130851,32.50220295696049,4.701928889725493,0.0900232111163203,1.2789892584444156,2.54233766046678,1.6376233727228475,80.32291358388707
UP25_SCORE70_NIKKEION_TP4.0_SL1.0_H1,VALIDATION,2022-09-13,6762.T,HOLD,4.55946891217528,1,9.463813495840416,False,1.1505973027165384,23.741570665434217,3.5363485256876714,0.0267329113111032,1.529791393965503,2.3772466104535024,1.9478991951222084,70.83421513435317
UP25_SCORE70_NIKKEION_TP4.0_SL1.0_H1,VALIDATION,2022-09-14,6762.T,HOLD,8.90136156473954,1,9.479109815344067,False,1.1934819770905936,23.95264966470376,-3.605319642757554,0.0110704579108096,1.155304655862548,2.6442402550284143,1.5151809744067293,58.94862853932386
UP25_SCORE70_NIKKEION_TP4.0_SL1.0_H1,VALIDATION,2022-10-04,4502.T,WIN,6.521601945168077,1,0.1784752662705485,False,0.0923229281194926,12.91568892333423,1.3032940182379882,0.0434328521808546,1.4568342799069054,1.6554004862920173,1.980215777578708,61.542227510413
UP25_SCORE70_NIKKEION_TP4.0_SL1.0_H1,VALIDATION,2022-10-06,8031.T,LOSS,-2.2940204005170495,1,5.065407746825307,False,0.0837280115831173,18.889517197394643,1.2750327617096602,0.0227091221899091,0.809571229942505,2.243237488650074,0.8381690110706707,63.42700055474461
UP25_SCORE70_NIKKEION_TP4.0_SL1.0_H1,VALIDATION,2022-10-14,8252.T,LOSS,-2.4442579470050907,1,2.389445668348921,False,0.5022998885166441,13.699459371716976,1.0879489875212478,0.0305650495027016,1.5028310064366206,2.4005326238092,1.7893257501729267,61.433450449673664
UP25_SCORE70_NIKKEION_TP4.0_SL1.0_H1,VALIDATION,2022-12-12,7453.T,HOLD,5.168993152993251,1,7.785745537710707,False,0.6688510049293495,23.26400560168437,2.5965432538196165,0.0730793230628874,1.71096128417233,2.3300665706892305,1.800916419691897,67.18226053707386
UP25_SCORE70_NIKKEION_TP4.0_SL1.0_H1,VALIDATION,2022-12-14,4183.T,WIN,7.405831632360161,1,4.047842666128099,False,1.735151101832666,33.47960405091145,1.4353983141801807,0.0171772644233658,1.467974580070142,1.8764579080900419,1.530005084442979,66.28826055987322
UP25_SCORE70_NIKKEION_TP4.0_SL1.0_H1,VALIDATION,2023-01-04,8306.T,LOSS,-2.5587527687580547,1,9.942721833814636,False,4.004071511887508,53.97241962566525,3.140323074040752,0.0772790598147473,1.5402472630176538,2.5207313198785037,1.7562880669658096,80.2377668052138
UP25_SCORE70_NIKKEION_TP4.0_SL1.0_H1,VALIDATION,2023-01-11,3382.T,LOSS,-1.7895410481692742,1,-0.342018630134584,True,0.0643002033458461,11.064368921038149,0.1567953069600225,0.002254167969536,1.330397347716364,1.7185771139539858,1.7491209180835523,59.8589561169827
UP25_SCORE70_NIKKEION_TP4.0_SL1.0_H1,VALIDATION,2023-01-12,8795.T,LOSS,-2.7453695800282008,1,13.347418043336852,False,3.631370741500861,41.89053345181456,1.373349552942793,-0.0147676883364578,1.2388590074410453,2.7172509089875936,1.5983048518463,71.32842362367616
UP25_SCORE70_NIKKEION_TP4.0_SL1.0_H1,VALIDATION,2023-02-24,9107.T,WIN,11.605946284777014,1,9.446404148371524,False,4.09844994706916,43.4164883645031,1.0370470060754755,0.0191426801055223,1.190554996700955,2.9264865711942534,1.0778453082226491,71.89668183793219
UP25_SCORE70_NIKKEION_TP4.0_SL1.0_H1,VALIDATION,2023-03-01,5406.T,WIN,11.168328716414832,1,14.91716099759614,False,6.888477232737333,54.04595324073036,3.2292749761118733,0.0651599338858062,1.252977261833042,2.8170821791037097,1.4760421644722026,84.29291427976493
UP25_SCORE70_NIKKEION_TP4.0_SL1.0_H1,VALIDATION,2023-03-02,7532.T,HOLD,3.8475946283756834,1,2.311749896743116,False,1.110301730656027,23.028168592738364,-2.3219991254686434,0.0040066512595293,1.2480259842078736,2.4894896230590753,1.209647434940606,58.48457558086351
UP25_SCORE70_NIKKEION_TP4.0_SL1.0_H1,VALIDATION,2023-03-10,7532.T,HOLD,2.5956173520402026,1,3.57934608370132,False,1.880228685350693,28.13455632423358,-2.921340206282974,0.0131222127276182,1.491419817093107,2.5463457920216275,1.7096566069760155,58.657926704217566
UP25_SCORE70_NIKKEION_TP4.0_SL1.0_H1,VALIDATION,2023-03-22,9432.T,WIN,5.064884984967611,1,2.9886769743890587,False,0.7353999834895264,15.681016052641414,0.4470819300953277,0.0202850673358965,1.1697412593408478,1.2912212462419026,1.3366632783126184,63.96297916656753
UP25_SCORE70_NIKKEION_TP4.0_SL1.0_H1,VALIDATION,2023-03-23,2282.T,WIN,5.308156466981318,1,1.7935028429780078,False,0.8430250161032271,22.46676756670302,2.213557995259552,0.0245550521425392,1.4819834848611226,1.3520391167453294,1.6059746686702747,66.90274959696077
UP25_SCORE70_NIKKEION_TP4.0_SL1.0_H1,VALIDATION,2023-03-29,6501.T,HOLD,5.231834133933145,1,1.0988968003756614,False,0.0979342932952764,16.39183530118584,0.7640034424433395,0.040399658979535,1.4440823297722165,2.0827135864235418,1.320943838763867,62.83061669805912
UP25_SCORE70_NIKKEION_TP4.0_SL1.0_H1,VALIDATION,2023-05-02,4062.T,HOLD,1.0139579242476215,1,4.013966551592089,False,1.802827796504003,20.67844708573587,9.00735727262434,0.1648387926054175,2.2486169616892635,3.1848252355601923,4.576523959366289,74.71698370331268
UP25_SCORE70_NIKKEION_TP4.0_SL1.0_H1,VALIDATION,2023-05-08,4062.T,HOLD,5.527817301031235,1,4.5676056091174,False,2.5347224805395863,23.10031811179641,-1.0118074056056026,0.1743182992262808,0.7399843511094202,3.210063097006962,1.5313197485061518,71.9754167058368
UP25_SCORE70_NIKKEION_TP4.0_SL1.0_H1,VALIDATION,2023-07-14,3697.T,HOLD,2.6352689429760656,1,4.414202111466844,False,0.9825434478655692,14.066035777668535,11.423477609773958,0.2445951797241883,3.1735855666491504,3.664836270819342,5.869603952377096,73.90035206959334
UP25_SCORE70_NIKKEION_TP4.0_SL1.0_H1,VALIDATION,2023-07-18,3697.T,HOLD,3.523970101615148,1,4.9953295049275175,False,2.044955701868667,17.111553296105495,2.299582343674889,0.2528169654791361,1.6606525716609066,3.758092130501045,3.6132920490987503,75.56989565836771
UP25_SCORE70_NIKKEION_TP4.0_SL1.0_H1,VALIDATION,2023-07-19,3697.T,TIMEOUT_LOSS,-2.2265375704661805,1,5.567456335180463,False,3.178951129004992,20.179742269010724,3.184516937369808,0.2654910535496504,1.1688741037667625,3.7680333712417116,2.7744672503003995,77.74209892609204
UP25_SCORE70_NIKKEION_TP4.0_SL1.0_H1,VALIDATION,2023-07-20,9107.T,WIN,14.006070099017409,1,7.365756579489273,False,4.617551222256289,40.456823312574784,0.6164097608000185,0.0938839039136021,1.2425910903490696,3.5265175247543543,1.297700012415697,75.59799884044793
UP25_SCORE70_NIKKEION_TP4.0_SL1.0_H1,VALIDATION,2023-07-24,8304.T,WIN,4.646462184734912,1,5.965186154094392,False,1.4953254814182193,46.50894890976158,-0.1436610728448251,0.0052203232234606,0.9984152139461172,1.186615546183726,0.9270053085895136,73.84824848778555
UP25_SCORE70_NIKKEION_TP4.0_SL1.0_H1,VALIDATION,2023-07-25,9107.T,WIN,13.424120072605417,1,9.426236891350596,False,5.728474038906661,43.95468824272265,0.4712471779455551,0.0685211820160593,0.7454517534288647,3.381030018151354,0.7193571847781792,73.09781851674379
UP25_SCORE70_NIKKEION_TP4.0_SL1.0_H1,VALIDATION,2023-07-27,3697.T,TIMEOUT_LOSS,-0.7186061325326508,1,6.924157184283334,False,3.259052026362852,29.05887576099701,-1.0892575373501412,0.002571187096052,0.7087931439305001,3.531479074970112,0.5298027773512055,71.0424364651647
UP25_SCORE70_NIKKEION_TP4.0_SL1.0_H1,VALIDATION,2023-08-02,2871.T,WIN,6.0627349642954025,1,3.8189108712657336,False,0.7242951919965934,34.654865155400365,-0.3352535094952369,0.0165360395766838,1.8527815891231132,1.5406837410738485,2.5689084895259096,68.58018561012706
UP25_SCORE70_NIKKEION_TP4.0_SL1.0_H1,VALIDATION,2023-08-10,1605.T,HOLD,6.879169240044492,1,11.164981718369583,False,3.493592257604239,52.83446425483549,12.463460383201651,0.1554229117371919,2.79979946927813,2.9283910300581084,4.34619726101322,79.77015775754742
UP25_SCORE70_NIKKEION_TP4.0_SL1.0_H1,VALIDATION,2023-08-23,7261.T,WIN,10.508662911097277,1,5.953331285872705,False,1.9455717693589447,12.708498948693068,1.9993264348709736,0.0386591443652704,1.6638416589958922,2.652165727774321,1.5720263859369508,64.21075613369555
UP25_SCORE70_NIKKEION_TP4.0_SL1.0_H1,VALIDATION,2023-08-24,4062.T,LOSS,-3.593088741091144,1,6.80922560641553,False,-0.1925287628427585,15.369284537342974,1.0315239770017692,0.0820505230531885,2.3957283900866413,3.493088741091155,2.2102836747592667,63.32774287075412
UP25_SCORE70_NIKKEION_TP4.0_SL1.0_H1,VALIDATION,2023-08-25,3405.T,WIN,8.751136359044375,1,5.563676524694812,False,3.2152690771133585,33.8857711933423,0.5009277123760647,0.0383852602473304,1.6114387669128216,2.2127840897610955,1.4383193507789016,74.62114188384804
UP25_SCORE70_NIKKEION_TP4.0_SL1.0_H1,VALIDATION,2023-08-28,6113.T,WIN,8.383439084083,1,2.0495189820741966,False,1.2136642361419758,13.1843960890482,2.1775693976564536,0.045055261327477,1.8592336349121876,2.1208597710207515,1.5424862573680376,68.72876119221075
UP25_SCORE70_NIKKEION_TP4.0_SL1.0_H1,VALIDATION,2023-09-21,9501.T,HOLD,2.430923944535668,1,12.439084434745476,False,3.3705390033044846,55.35845466158926,3.1764129913268717,0.1079233947128065,1.2387773526238668,2.8613704298891873,1.684289366876984,77.03312199329181
UP25_SCORE70_NIKKEION_TP4.0_SL1.0_H1,VALIDATION,2023-09-25,6724.T,LOSS,-1.9149314878120882,1,1.9559915809231725,False,1.1888741021515823,18.999088168220453,0.5744797730551587,0.0697933184223795,0.6486843807032923,1.8484801358434666,0.7463562635890907,67.74065809684637
UP25_SCORE70_NIKKEION_TP4.0_SL1.0_H1,VALIDATION,2023-09-26,8795.T,LOSS,-2.598671049358936,1,8.073776484220787,False,2.6441221533526127,40.65925639038708,0.3276185569456968,0.031178315543677,1.4798864527695812,2.562704607466282,1.5836332714471573,67.81712545659161
UP25_SCORE70_NIKKEION_TP4.0_SL1.0_H1,VALIDATION,2023-09-27,8697.T,LOSS,-2.075594545046533,1,3.3470779308842338,False,1.4497709058478805,32.77614038546648,3.4413909652475594,0.0834387115714591,1.6005725384357377,2.015410892703044,2.222029709001226,79.38085439124544
UP25_SCORE70_NIKKEION_TP4.0_SL1.0_H1,VALIDATION,2023-09-28,7211.T,LOSS,-2.7868180437806034,1,9.117007954978993,False,3.450040277711963,39.29149553083054,1.8863381236379428,0.0571909307090926,1.5897506486632105,2.7610011200634483,2.021996336198152,71.69805481165484
UP25_SCORE70_NIKKEION_TP4.0_SL1.0_H1,VALIDATION,2023-09-29,4519.T,LOSS,-2.446928996996245,1,5.059909895761967,False,0.93704686797198,28.12251682599573,0.1516356839443844,0.1048133624170686,1.5080802597375482,2.4033335284704487,2.628650714220726,65.25518100416157
UP25_SCORE70_NIKKEION_TP4.0_SL1.0_H1,VALIDATION,2023-10-10,9107.T,LOSS,-3.625029196249774,1,15.933972418178186,False,1.9657485360281115,32.90204777315115,5.531622163232508,0.1134071461102983,1.3518507547182232,3.653827689070136,1.4354720499868414,67.38977612445666
UP25_SCORE70_NIKKEION_TP4.0_SL1.0_H1,VALIDATION,2023-10-18,7453.T,LOSS,-3.169829452539341,1,4.136507868839604,False,0.1223158978307381,22.63425020648197,3.166167693874544,0.1318619295282879,0.9600826348913224,3.16705256495576,1.773623917931742,67.49018008188494
UP25_SCORE70_NIKKEION_TP4.0_SL1.0_H1,VALIDATION,2023-10-20,2501.T,LOSS,-1.973792269914465,1,13.549303533545825,False,1.2865739537807783,42.10627268358788,0.397069077036738,0.0451092945210227,1.6116698336191315,1.9095737145663187,1.7322540473225403,71.17290890964611
UP25_SCORE70_NIKKEION_TP4.0_SL1.0_H1,VALIDATION,2023-10-30,8354.T,LOSS,-2.7488412271219786,1,6.961966882938133,False,0.4635109606138554,20.183945473791084,-1.572169017049041,0.0235651555938773,2.242165378893315,2.7209139167020906,3.041452154524692,57.710746195913416
UP25_SCORE70_NIKKEION_TP4.0_SL1.0_H1,VALIDATION,2023-10-31,8354.T,LOSS,-2.778247518823007,1,6.990528763368678,False,0.7896743702185294,20.80181074330227,1.9845406507217331,0.061751516195736,1.2017489922798388,2.7519515941115085,1.8450726385902343,64.8150694647926
UP25_SCORE70_NIKKEION_TP4.0_SL1.0_H1,VALIDATION,2023-12-06,9501.T,HOLD,10.44913294797688,1,1.1578272175565565,False,0.4150857548883557,12.53495466131979,3.919503623521159,0.0978182408120953,2.777650370355735,2.9865125240847794,3.8960955408717135,65.11804068639108
UP25_SCORE70_NIKKEION_TP4.0_SL1.0_H1,VALIDATION,2024-03-08,8331.T,WIN,10.194336414833705,1,5.405307907021086,False,2.693774385595749,36.25104127848698,0.9972018532308002,0.0155313857543469,1.357289321773241,2.573584103708426,1.6865697218534337,73.6374923996679
UP25_SCORE70_NIKKEION_TP4.0_SL1.0_H1,VALIDATION,2024-03-11,8309.T,WIN,9.7796709059245,1,5.456514832612866,False,1.8033243234927052,38.94777737859525,-2.829621941040217,0.0670779999091881,1.2557221617814778,2.469917726481123,1.5724905472866024,64.63927772022649
UP25_SCORE70_NIKKEION_TP4.0_SL1.0_H1,VALIDATION,2024-03-13,9502.T,WIN,9.352818067430947,1,0.3284805989638264,False,-0.3949155550553529,9.336203923379715,-0.4163332885228521,0.0416315849555858,1.3713123246439942,2.363204516857735,1.5435690298745686,53.35620076050401
UP25_SCORE70_NIKKEION_TP4.0_SL1.0_H1,VALIDATION,2024-03-18,3289.T,WIN,10.456607692483834,1,3.1788561124538144,False,1.0067788984315262,36.8627274994429,2.9795236379785983,0.0993729974623696,1.2184818060410647,2.6391519231209566,1.515077338343676,70.79072631991961
UP25_SCORE70_NIKKEION_TP4.0_SL1.0_H1,VALIDATION,2024-03-19,8801.T,HOLD,8.495777150300976,1,9.773150047748146,False,2.115825121948145,32.446154882604525,5.3761017561049895,0.122181980734735,1.510534167150447,2.8278956009457774,2.033014039373544,75.61957057625732
UP25_SCORE70_NIKKEION_TP4.0_SL1.0_H1,VALIDATION,2024-04-24,8306.T,HOLD,7.140239660000736,1,5.791235339906379,False,0.4467188060413019,17.604649912322607,0.4799929191379393,0.0388005802676905,0.8113443422931543,2.263652438436166,0.8313150105569843,58.02624765264058
UP20_SCORE70_NIKKEION_TP4.0_SL1.0_H1,VALIDATION,2022-05-13,2501.T,LOSS,-2.2852357779900023,1,5.944871187551252,False,3.400604512726435,38.685878809615936,-0.3244343527760707,0.0267817779012543,1.333862563100472,2.2340551504373973,1.455429821541605,78.64119875658174
UP20_SCORE70_NIKKEION_TP4.0_SL1.0_H1,VALIDATION,2022-05-16,9531.T,LOSS,-2.5482469743246527,1,2.5034930380954985,False,2.918378221747409,35.99524805652664,0.0770927134631671,0.0268486183782619,0.6259226454089164,2.5096903934471575,0.7872520745924935,72.12547021118274
UP20_SCORE70_NIKKEION_TP4.0_SL1.0_H1,VALIDATION,2022-05-17,5020.T,LOSS,-2.4595859520750274,1,1.760630250605687,False,1.405987367477768,19.07032630053753,3.1570597639297704,0.0728946497185125,1.0614395952093003,2.4166078924213226,1.7550698443476471,75.02798470985627
UP20_SCORE70_NIKKEION_TP4.0_SL1.0_H1,VALIDATION,2022-06-10,5803.T,HOLD,8.026663916998123,1,18.524807642590567,False,6.702168884496307,43.39822829433884,-2.2248190983177096,0.0388881292514335,1.243466362599772,3.4588471392703823,1.0810864397269426,71.89716109124154
UP20_SCORE70_NIKKEION_TP4.0_SL1.0_H1,VALIDATION,2022-06-24,7211.T,HOLD,11.175615019526564,1,20.002268211229577,False,4.349113502823965,42.1196056280957,-8.606548698090188,0.0025616573777389,1.480431990860245,4.339395390652548,1.9367317893950209,57.01585206707608
UP20_SCORE70_NIKKEION_TP4.0_SL1.0_H1,VALIDATION,2022-06-27,2501.T,WIN,8.337913878233072,1,9.820015702889275,False,1.5644775018713195,43.76912496196353,0.2368803875811176,0.0039577750676822,1.6676743248690045,2.109478469558268,1.781581355293611,70.83940742006217
UP20_SCORE70_NIKKEION_TP4.0_SL1.0_H1,VALIDATION,2022-06-28,9501.T,HOLD,5.172727272727274,1,9.046096065256291,False,-0.1853194746595843,20.191556948575037,4.166666666666674,0.1471293143668663,2.302757482523177,3.818181818181817,2.373206083583625,67.66977151936806
UP20_SCORE70_NIKKEION_TP4.0_SL1.0_H1,VALIDATION,2022-06-29,9501.T,LOSS,-3.9572251007484183,1,8.88196224656258,False,0.6706528765352271,22.37396857143523,5.272727272727273,0.204249264353729,2.005658483470548,3.857225100748418,2.7880650383729697,72.51589607440937
UP20_SCORE70_NIKKEION_TP4.0_SL1.0_H1,VALIDATION,2022-06-30,9501.T,HOLD,2.016402116402116,1,8.69955156950672,False,1.466418212752152,24.51597202150592,-2.072538860103623,0.19025697032202,1.2002946002712256,4.115226337448563,2.0613896712206934,67.97537846674064
UP20_SCORE70_NIKKEION_TP4.0_SL1.0_H1,VALIDATION,2022-07-07,8804.T,LOSS,-2.3564891360168927,1,0.0265934630896393,False,1.8073914631535404,23.4174748041781,0.84344269467298,0.019848201568192,1.172779728039382,2.308582038921199,1.0809252854327047,66.07021427242472
UP20_SCORE70_NIKKEION_TP4.0_SL1.0_H1,VALIDATION,2022-07-08,8804.T,LOSS,-2.3442071763351224,1,0.4282553834964402,False,2.048754876514192,24.50874722643819,0.8886574055018581,0.0080089640833866,1.4952237669705812,2.2957280704411014,1.4730094105462403,67.7674063851828
UP20_SCORE70_NIKKEION_TP4.0_SL1.0_H1,VALIDATION,2022-08-26,3402.T,WIN,7.4033022680537135,1,4.715826557188758,False,1.3227068499944927,23.326868980224702,2.1349419667568537,0.0451499048489812,2.120364579714173,1.87582556701343,1.8661862363859685,71.48351885781872
UP20_SCORE70_NIKKEION_TP4.0_SL1.0_H1,VALIDATION,2022-09-08,6963.T,WIN,10.483042605336978,1,3.389358493787343,False,1.450911551849754,17.181027533475167,1.1029514224850656,0.0575267132257677,1.5761652398423698,2.645760651334246,1.9134264834457844,63.69425087590122
UP20_SCORE70_NIKKEION_TP4.0_SL1.0_H1,VALIDATION,2022-09-09,8233.T,WIN,8.075196109081217,1,7.105545004350923,False,2.419994828977501,47.07602457680796,1.4067191098883436,0.0424264355421359,1.5726287733935918,2.043799027270306,2.0167180592190808,84.96763309537195
UP20_SCORE70_NIKKEION_TP4.0_SL1.0_H1,VALIDATION,2022-09-12,3099.T,HOLD,8.589121662137844,1,0.7190452600000207,False,2.762599012130851,32.50220295696049,4.701928889725493,0.0900232111163203,1.2789892584444156,2.54233766046678,1.6376233727228475,80.32291358388707
UP20_SCORE70_NIKKEION_TP4.0_SL1.0_H1,VALIDATION,2022-09-13,6762.T,HOLD,4.55946891217528,1,9.463813495840416,False,1.1505973027165384,23.741570665434217,3.5363485256876714,0.0267329113111032,1.529791393965503,2.3772466104535024,1.9478991951222084,70.83421513435317
UP20_SCORE70_NIKKEION_TP4.0_SL1.0_H1,VALIDATION,2022-09-14,6762.T,HOLD,8.90136156473954,1,9.479109815344067,False,1.1934819770905936,23.95264966470376,-3.605319642757554,0.0110704579108096,1.155304655862548,2.6442402550284143,1.5151809744067293,58.94862853932386
UP20_SCORE70_NIKKEION_TP4.0_SL1.0_H1,VALIDATION,2022-10-04,4502.T,WIN,6.521601945168077,1,0.1784752662705485,False,0.0923229281194926,12.91568892333423,1.3032940182379882,0.0434328521808546,1.4568342799069054,1.6554004862920173,1.980215777578708,61.542227510413
UP20_SCORE70_NIKKEION_TP4.0_SL1.0_H1,VALIDATION,2022-10-06,8031.T,LOSS,-2.2940204005170495,1,5.065407746825307,False,0.0837280115831173,18.889517197394643,1.2750327617096602,0.0227091221899091,0.809571229942505,2.243237488650074,0.8381690110706707,63.42700055474461
UP20_SCORE70_NIKKEION_TP4.0_SL1.0_H1,VALIDATION,2022-10-14,8252.T,LOSS,-2.4442579470050907,1,2.389445668348921,False,0.5022998885166441,13.699459371716976,1.0879489875212478,0.0305650495027016,1.5028310064366206,2.4005326238092,1.7893257501729267,61.433450449673664
UP20_SCORE70_NIKKEION_TP4.0_SL1.0_H1,VALIDATION,2022-12-12,7453.T,HOLD,5.168993152993251,1,7.785745537710707,False,0.6688510049293495,23.26400560168437,2.5965432538196165,0.0730793230628874,1.71096128417233,2.3300665706892305,1.800916419691897,67.18226053707386
UP20_SCORE70_NIKKEION_TP4.0_SL1.0_H1,VALIDATION,2022-12-14,4183.T,WIN,7.405831632360161,1,4.047842666128099,False,1.735151101832666,33.47960405091145,1.4353983141801807,0.0171772644233658,1.467974580070142,1.8764579080900419,1.530005084442979,66.28826055987322
UP20_SCORE70_NIKKEION_TP4.0_SL1.0_H1,VALIDATION,2023-01-04,8306.T,LOSS,-2.5587527687580547,1,9.942721833814636,False,4.004071511887508,53.97241962566525,3.140323074040752,0.0772790598147473,1.5402472630176538,2.5207313198785037,1.7562880669658096,80.2377668052138
UP20_SCORE70_NIKKEION_TP4.0_SL1.0_H1,VALIDATION,2023-01-11,3382.T,LOSS,-1.7895410481692742,1,-0.342018630134584,True,0.0643002033458461,11.064368921038149,0.1567953069600225,0.002254167969536,1.330397347716364,1.7185771139539858,1.7491209180835523,59.8589561169827
UP20_SCORE70_NIKKEION_TP4.0_SL1.0_H1,VALIDATION,2023-01-12,8795.T,LOSS,-2.7453695800282008,1,13.347418043336852,False,3.631370741500861,41.89053345181456,1.373349552942793,-0.0147676883364578,1.2388590074410453,2.7172509089875936,1.5983048518463,71.32842362367616
UP20_SCORE70_NIKKEION_TP4.0_SL1.0_H1,VALIDATION,2023-02-24,9107.T,WIN,11.605946284777014,1,9.446404148371524,False,4.09844994706916,43.4164883645031,1.0370470060754755,0.0191426801055223,1.190554996700955,2.9264865711942534,1.0778453082226491,71.89668183793219
UP20_SCORE70_NIKKEION_TP4.0_SL1.0_H1,VALIDATION,2023-03-01,5406.T,WIN,11.168328716414832,1,14.91716099759614,False,6.888477232737333,54.04595324073036,3.2292749761118733,0.0651599338858062,1.252977261833042,2.8170821791037097,1.4760421644722026,84.29291427976493
UP20_SCORE70_NIKKEION_TP4.0_SL1.0_H1,VALIDATION,2023-03-02,7532.T,HOLD,3.8475946283756834,1,2.311749896743116,False,1.110301730656027,23.028168592738364,-2.3219991254686434,0.0040066512595293,1.2480259842078736,2.4894896230590753,1.209647434940606,58.48457558086351
UP20_SCORE70_NIKKEION_TP4.0_SL1.0_H1,VALIDATION,2023-03-10,7532.T,HOLD,2.5956173520402026,1,3.57934608370132,False,1.880228685350693,28.13455632423358,-2.921340206282974,0.0131222127276182,1.491419817093107,2.5463457920216275,1.7096566069760155,58.657926704217566
UP20_SCORE70_NIKKEION_TP4.0_SL1.0_H1,VALIDATION,2023-03-22,9432.T,WIN,5.064884984967611,1,2.9886769743890587,False,0.7353999834895264,15.681016052641414,0.4470819300953277,0.0202850673358965,1.1697412593408478,1.2912212462419026,1.3366632783126184,63.96297916656753
UP20_SCORE70_NIKKEION_TP4.0_SL1.0_H1,VALIDATION,2023-03-23,2282.T,WIN,5.308156466981318,1,1.7935028429780078,False,0.8430250161032271,22.46676756670302,2.213557995259552,0.0245550521425392,1.4819834848611226,1.3520391167453294,1.6059746686702747,66.90274959696077
UP20_SCORE70_NIKKEION_TP4.0_SL1.0_H1,VALIDATION,2023-03-29,6501.T,HOLD,5.231834133933145,1,1.0988968003756614,False,0.0979342932952764,16.39183530118584,0.7640034424433395,0.040399658979535,1.4440823297722165,2.0827135864235418,1.320943838763867,62.83061669805912
UP20_SCORE70_NIKKEION_TP4.0_SL1.0_H1,VALIDATION,2023-05-02,4062.T,HOLD,1.0139579242476215,1,4.013966551592089,False,1.802827796504003,20.67844708573587,9.00735727262434,0.1648387926054175,2.2486169616892635,3.1848252355601923,4.576523959366289,74.71698370331268
UP20_SCORE70_NIKKEION_TP4.0_SL1.0_H1,VALIDATION,2023-05-08,4062.T,HOLD,5.527817301031235,1,4.5676056091174,False,2.5347224805395863,23.10031811179641,-1.0118074056056026,0.1743182992262808,0.7399843511094202,3.210063097006962,1.5313197485061518,71.9754167058368
UP20_SCORE70_NIKKEION_TP4.0_SL1.0_H1,VALIDATION,2023-07-14,3697.T,HOLD,2.6352689429760656,1,4.414202111466844,False,0.9825434478655692,14.066035777668535,11.423477609773958,0.2445951797241883,3.1735855666491504,3.664836270819342,5.869603952377096,73.90035206959334
UP20_SCORE70_NIKKEION_TP4.0_SL1.0_H1,VALIDATION,2023-07-18,3697.T,HOLD,3.523970101615148,1,4.9953295049275175,False,2.044955701868667,17.111553296105495,2.299582343674889,0.2528169654791361,1.6606525716609066,3.758092130501045,3.6132920490987503,75.56989565836771
UP20_SCORE70_NIKKEION_TP4.0_SL1.0_H1,VALIDATION,2023-07-19,3697.T,TIMEOUT_LOSS,-2.2265375704661805,1,5.567456335180463,False,3.178951129004992,20.179742269010724,3.184516937369808,0.2654910535496504,1.1688741037667625,3.7680333712417116,2.7744672503003995,77.74209892609204
UP20_SCORE70_NIKKEION_TP4.0_SL1.0_H1,VALIDATION,2023-07-20,9107.T,WIN,14.006070099017409,1,7.365756579489273,False,4.617551222256289,40.456823312574784,0.6164097608000185,0.0938839039136021,1.2425910903490696,3.5265175247543543,1.297700012415697,75.59799884044793
UP20_SCORE70_NIKKEION_TP4.0_SL1.0_H1,VALIDATION,2023-07-24,8304.T,WIN,4.646462184734912,1,5.965186154094392,False,1.4953254814182193,46.50894890976158,-0.1436610728448251,0.0052203232234606,0.9984152139461172,1.186615546183726,0.9270053085895136,73.84824848778555
UP20_SCORE70_NIKKEION_TP4.0_SL1.0_H1,VALIDATION,2023-07-25,9107.T,WIN,13.424120072605417,1,9.426236891350596,False,5.728474038906661,43.95468824272265,0.4712471779455551,0.0685211820160593,0.7454517534288647,3.381030018151354,0.7193571847781792,73.09781851674379
UP20_SCORE70_NIKKEION_TP4.0_SL1.0_H1,VALIDATION,2023-07-27,3697.T,TIMEOUT_LOSS,-0.7186061325326508,1,6.924157184283334,False,3.259052026362852,29.05887576099701,-1.0892575373501412,0.002571187096052,0.7087931439305001,3.531479074970112,0.5298027773512055,71.0424364651647
UP20_SCORE70_NIKKEION_TP4.0_SL1.0_H1,VALIDATION,2023-08-02,2871.T,WIN,6.0627349642954025,1,3.8189108712657336,False,0.7242951919965934,34.654865155400365,-0.3352535094952369,0.0165360395766838,1.8527815891231132,1.5406837410738485,2.5689084895259096,68.58018561012706
UP20_SCORE70_NIKKEION_TP4.0_SL1.0_H1,VALIDATION,2023-08-10,1605.T,HOLD,6.879169240044492,1,11.164981718369583,False,3.493592257604239,52.83446425483549,12.463460383201651,0.1554229117371919,2.79979946927813,2.9283910300581084,4.34619726101322,79.77015775754742
UP20_SCORE70_NIKKEION_TP4.0_SL1.0_H1,VALIDATION,2023-08-23,7261.T,WIN,10.508662911097277,1,5.953331285872705,False,1.9455717693589447,12.708498948693068,1.9993264348709736,0.0386591443652704,1.6638416589958922,2.652165727774321,1.5720263859369508,64.21075613369555
UP20_SCORE70_NIKKEION_TP4.0_SL1.0_H1,VALIDATION,2023-08-24,4062.T,LOSS,-3.593088741091144,1,6.80922560641553,False,-0.1925287628427585,15.369284537342974,1.0315239770017692,0.0820505230531885,2.3957283900866413,3.493088741091155,2.2102836747592667,63.32774287075412
UP20_SCORE70_NIKKEION_TP4.0_SL1.0_H1,VALIDATION,2023-08-25,3405.T,WIN,8.751136359044375,1,5.563676524694812,False,3.2152690771133585,33.8857711933423,0.5009277123760647,0.0383852602473304,1.6114387669128216,2.2127840897610955,1.4383193507789016,74.62114188384804
UP20_SCORE70_NIKKEION_TP4.0_SL1.0_H1,VALIDATION,2023-08-28,6113.T,WIN,8.383439084083,1,2.0495189820741966,False,1.2136642361419758,13.1843960890482,2.1775693976564536,0.045055261327477,1.8592336349121876,2.1208597710207515,1.5424862573680376,68.72876119221075
UP20_SCORE70_NIKKEION_TP4.0_SL1.0_H1,VALIDATION,2023-09-21,9501.T,HOLD,2.430923944535668,1,12.439084434745476,False,3.3705390033044846,55.35845466158926,3.1764129913268717,0.1079233947128065,1.2387773526238668,2.8613704298891873,1.684289366876984,77.03312199329181
UP20_SCORE70_NIKKEION_TP4.0_SL1.0_H1,VALIDATION,2023-09-25,6724.T,LOSS,-1.9149314878120882,1,1.9559915809231725,False,1.1888741021515823,18.999088168220453,0.5744797730551587,0.0697933184223795,0.6486843807032923,1.8484801358434666,0.7463562635890907,67.74065809684637
UP20_SCORE70_NIKKEION_TP4.0_SL1.0_H1,VALIDATION,2023-09-26,8795.T,LOSS,-2.598671049358936,1,8.073776484220787,False,2.6441221533526127,40.65925639038708,0.3276185569456968,0.031178315543677,1.4798864527695812,2.562704607466282,1.5836332714471573,67.81712545659161
UP20_SCORE70_NIKKEION_TP4.0_SL1.0_H1,VALIDATION,2023-09-27,8697.T,LOSS,-2.075594545046533,1,3.3470779308842338,False,1.4497709058478805,32.77614038546648,3.4413909652475594,0.0834387115714591,1.6005725384357377,2.015410892703044,2.222029709001226,79.38085439124544
UP20_SCORE70_NIKKEION_TP4.0_SL1.0_H1,VALIDATION,2023-09-28,7211.T,LOSS,-2.7868180437806034,1,9.117007954978993,False,3.450040277711963,39.29149553083054,1.8863381236379428,0.0571909307090926,1.5897506486632105,2.7610011200634483,2.021996336198152,71.69805481165484
UP20_SCORE70_NIKKEION_TP4.0_SL1.0_H1,VALIDATION,2023-09-29,4519.T,LOSS,-2.446928996996245,1,5.059909895761967,False,0.93704686797198,28.12251682599573,0.1516356839443844,0.1048133624170686,1.5080802597375482,2.4033335284704487,2.628650714220726,65.25518100416157
UP20_SCORE70_NIKKEION_TP4.0_SL1.0_H1,VALIDATION,2023-10-10,9107.T,LOSS,-3.625029196249774,1,15.933972418178186,False,1.9657485360281115,32.90204777315115,5.531622163232508,0.1134071461102983,1.3518507547182232,3.653827689070136,1.4354720499868414,67.38977612445666
UP20_SCORE70_NIKKEION_TP4.0_SL1.0_H1,VALIDATION,2023-10-18,7453.T,LOSS,-3.169829452539341,1,4.136507868839604,False,0.1223158978307381,22.63425020648197,3.166167693874544,0.1318619295282879,0.9600826348913224,3.16705256495576,1.773623917931742,67.49018008188494
UP20_SCORE70_NIKKEION_TP4.0_SL1.0_H1,VALIDATION,2023-10-20,2501.T,LOSS,-1.973792269914465,1,13.549303533545825,False,1.2865739537807783,42.10627268358788,0.397069077036738,0.0451092945210227,1.6116698336191315,1.9095737145663187,1.7322540473225403,71.17290890964611
UP20_SCORE70_NIKKEION_TP4.0_SL1.0_H1,VALIDATION,2023-10-30,8354.T,LOSS,-2.7488412271219786,1,6.961966882938133,False,0.4635109606138554,20.183945473791084,-1.572169017049041,0.0235651555938773,2.242165378893315,2.7209139167020906,3.041452154524692,57.710746195913416
UP20_SCORE70_NIKKEION_TP4.0_SL1.0_H1,VALIDATION,2023-10-31,8354.T,LOSS,-2.778247518823007,1,6.990528763368678,False,0.7896743702185294,20.80181074330227,1.9845406507217331,0.061751516195736,1.2017489922798388,2.7519515941115085,1.8450726385902343,64.8150694647926
UP20_SCORE70_NIKKEION_TP4.0_SL1.0_H1,VALIDATION,2023-12-06,9501.T,HOLD,10.44913294797688,1,1.1578272175565565,False,0.4150857548883557,12.53495466131979,3.919503623521159,0.0978182408120953,2.777650370355735,2.9865125240847794,3.8960955408717135,65.11804068639108
UP20_SCORE70_NIKKEION_TP4.0_SL1.0_H1,VALIDATION,2024-03-08,8331.T,WIN,10.194336414833705,1,5.405307907021086,False,2.693774385595749,36.25104127848698,0.9972018532308002,0.0155313857543469,1.357289321773241,2.573584103708426,1.6865697218534337,73.6374923996679
UP20_SCORE70_NIKKEION_TP4.0_SL1.0_H1,VALIDATION,2024-03-11,8309.T,WIN,9.7796709059245,1,5.456514832612866,False,1.8033243234927052,38.94777737859525,-2.829621941040217,0.0670779999091881,1.2557221617814778,2.469917726481123,1.5724905472866024,64.63927772022649
UP20_SCORE70_NIKKEION_TP4.0_SL1.0_H1,VALIDATION,2024-03-13,9502.T,WIN,9.352818067430947,1,0.3284805989638264,False,-0.3949155550553529,9.336203923379715,-0.4163332885228521,0.0416315849555858,1.3713123246439942,2.363204516857735,1.5435690298745686,53.35620076050401
UP20_SCORE70_NIKKEION_TP4.0_SL1.0_H1,VALIDATION,2024-03-18,3289.T,WIN,10.456607692483834,1,3.1788561124538144,False,1.0067788984315262,36.8627274994429,2.9795236379785983,0.0993729974623696,1.2184818060410647,2.6391519231209566,1.515077338343676,70.79072631991961
UP20_SCORE70_NIKKEION_TP4.0_SL1.0_H1,VALIDATION,2024-03-19,8801.T,HOLD,8.495777150300976,1,9.773150047748146,False,2.115825121948145,32.446154882604525,5.3761017561049895,0.122181980734735,1.510534167150447,2.8278956009457774,2.033014039373544,75.61957057625732
UP20_SCORE70_NIKKEION_TP4.0_SL1.0_H1,VALIDATION,2024-04-24,8306.T,HOLD,7.140239660000736,1,5.791235339906379,False,0.4467188060413019,17.604649912322607,0.4799929191379393,0.0388005802676905,0.8113443422931543,2.263652438436166,0.8313150105569843,58.02624765264058
UP30_SCORE70_NIKKEION_TP4.0_SL1.0_H1,VALIDATION,2022-05-13,2501.T,LOSS,-2.2852357779900023,1,5.944871187551252,False,3.400604512726435,38.685878809615936,-0.3244343527760707,0.0267817779012543,1.333862563100472,2.2340551504373973,1.455429821541605,78.64119875658174
UP30_SCORE70_NIKKEION_TP4.0_SL1.0_H1,VALIDATION,2022-05-16,9531.T,LOSS,-2.5482469743246527,1,2.5034930380954985,False,2.918378221747409,35.99524805652664,0.0770927134631671,0.0268486183782619,0.6259226454089164,2.5096903934471575,0.7872520745924935,72.12547021118274
UP30_SCORE70_NIKKEION_TP4.0_SL1.0_H1,VALIDATION,2022-05-17,5020.T,LOSS,-2.4595859520750274,1,1.760630250605687,False,1.405987367477768,19.07032630053753,3.1570597639297704,0.0728946497185125,1.0614395952093003,2.4166078924213226,1.7550698443476471,75.02798470985627
UP30_SCORE70_NIKKEION_TP4.0_SL1.0_H1,VALIDATION,2022-06-10,5803.T,HOLD,8.026663916998123,1,18.524807642590567,False,6.702168884496307,43.39822829433884,-2.2248190983177096,0.0388881292514335,1.243466362599772,3.4588471392703823,1.0810864397269426,71.89716109124154
UP30_SCORE70_NIKKEION_TP4.0_SL1.0_H1,VALIDATION,2022-06-24,7211.T,HOLD,11.175615019526564,1,20.002268211229577,False,4.349113502823965,42.1196056280957,-8.606548698090188,0.0025616573777389,1.480431990860245,4.339395390652548,1.9367317893950209,57.01585206707608
UP30_SCORE70_NIKKEION_TP4.0_SL1.0_H1,VALIDATION,2022-06-27,2501.T,WIN,8.337913878233072,1,9.820015702889275,False,1.5644775018713195,43.76912496196353,0.2368803875811176,0.0039577750676822,1.6676743248690045,2.109478469558268,1.781581355293611,70.83940742006217
UP30_SCORE70_NIKKEION_TP4.0_SL1.0_H1,VALIDATION,2022-06-28,9501.T,HOLD,5.172727272727274,1,9.046096065256291,False,-0.1853194746595843,20.191556948575037,4.166666666666674,0.1471293143668663,2.302757482523177,3.818181818181817,2.373206083583625,67.66977151936806
UP30_SCORE70_NIKKEION_TP4.0_SL1.0_H1,VALIDATION,2022-06-29,9501.T,LOSS,-3.9572251007484183,1,8.88196224656258,False,0.6706528765352271,22.37396857143523,5.272727272727273,0.204249264353729,2.005658483470548,3.857225100748418,2.7880650383729697,72.51589607440937
UP30_SCORE70_NIKKEION_TP4.0_SL1.0_H1,VALIDATION,2022-06-30,9501.T,HOLD,2.016402116402116,1,8.69955156950672,False,1.466418212752152,24.51597202150592,-2.072538860103623,0.19025697032202,1.2002946002712256,4.115226337448563,2.0613896712206934,67.97537846674064
UP30_SCORE70_NIKKEION_TP4.0_SL1.0_H1,VALIDATION,2022-07-07,8804.T,LOSS,-2.3564891360168927,1,0.0265934630896393,False,1.8073914631535404,23.4174748041781,0.84344269467298,0.019848201568192,1.172779728039382,2.308582038921199,1.0809252854327047,66.07021427242472
UP30_SCORE70_NIKKEION_TP4.0_SL1.0_H1,VALIDATION,2022-07-08,8804.T,LOSS,-2.3442071763351224,1,0.4282553834964402,False,2.048754876514192,24.50874722643819,0.8886574055018581,0.0080089640833866,1.4952237669705812,2.2957280704411014,1.4730094105462403,67.7674063851828
UP30_SCORE70_NIKKEION_TP4.0_SL1.0_H1,VALIDATION,2022-08-26,3402.T,WIN,7.4033022680537135,1,4.715826557188758,False,1.3227068499944927,23.326868980224702,2.1349419667568537,0.0451499048489812,2.120364579714173,1.87582556701343,1.8661862363859685,71.48351885781872
UP30_SCORE70_NIKKEION_TP4.0_SL1.0_H1,VALIDATION,2022-09-08,6963.T,WIN,10.483042605336978,1,3.389358493787343,False,1.450911551849754,17.181027533475167,1.1029514224850656,0.0575267132257677,1.5761652398423698,2.645760651334246,1.9134264834457844,63.69425087590122
UP30_SCORE70_NIKKEION_TP4.0_SL1.0_H1,VALIDATION,2022-09-09,8233.T,WIN,8.075196109081217,1,7.105545004350923,False,2.419994828977501,47.07602457680796,1.4067191098883436,0.0424264355421359,1.5726287733935918,2.043799027270306,2.0167180592190808,84.96763309537195
UP30_SCORE70_NIKKEION_TP4.0_SL1.0_H1,VALIDATION,2022-09-12,3099.T,HOLD,8.589121662137844,1,0.7190452600000207,False,2.762599012130851,32.50220295696049,4.701928889725493,0.0900232111163203,1.2789892584444156,2.54233766046678,1.6376233727228475,80.32291358388707
UP30_SCORE70_NIKKEION_TP4.0_SL1.0_H1,VALIDATION,2022-09-13,6762.T,HOLD,4.55946891217528,1,9.463813495840416,False,1.1505973027165384,23.741570665434217,3.5363485256876714,0.0267329113111032,1.529791393965503,2.3772466104535024,1.9478991951222084,70.83421513435317
UP30_SCORE70_NIKKEION_TP4.0_SL1.0_H1,VALIDATION,2022-09-14,6762.T,HOLD,8.90136156473954,1,9.479109815344067,False,1.1934819770905936,23.95264966470376,-3.605319642757554,0.0110704579108096,1.155304655862548,2.6442402550284143,1.5151809744067293,58.94862853932386
UP30_SCORE70_NIKKEION_TP4.0_SL1.0_H1,VALIDATION,2022-10-04,4502.T,WIN,6.521601945168077,1,0.1784752662705485,False,0.0923229281194926,12.91568892333423,1.3032940182379882,0.0434328521808546,1.4568342799069054,1.6554004862920173,1.980215777578708,61.542227510413
UP30_SCORE70_NIKKEION_TP4.0_SL1.0_H1,VALIDATION,2022-10-06,8031.T,LOSS,-2.2940204005170495,1,5.065407746825307,False,0.0837280115831173,18.889517197394643,1.2750327617096602,0.0227091221899091,0.809571229942505,2.243237488650074,0.8381690110706707,63.42700055474461
UP30_SCORE70_NIKKEION_TP4.0_SL1.0_H1,VALIDATION,2022-10-14,8252.T,LOSS,-2.4442579470050907,1,2.389445668348921,False,0.5022998885166441,13.699459371716976,1.0879489875212478,0.0305650495027016,1.5028310064366206,2.4005326238092,1.7893257501729267,61.433450449673664
UP30_SCORE70_NIKKEION_TP4.0_SL1.0_H1,VALIDATION,2022-12-12,7453.T,HOLD,5.168993152993251,1,7.785745537710707,False,0.6688510049293495,23.26400560168437,2.5965432538196165,0.0730793230628874,1.71096128417233,2.3300665706892305,1.800916419691897,67.18226053707386
UP30_SCORE70_NIKKEION_TP4.0_SL1.0_H1,VALIDATION,2022-12-14,4183.T,WIN,7.405831632360161,1,4.047842666128099,False,1.735151101832666,33.47960405091145,1.4353983141801807,0.0171772644233658,1.467974580070142,1.8764579080900419,1.530005084442979,66.28826055987322
UP30_SCORE70_NIKKEION_TP4.0_SL1.0_H1,VALIDATION,2023-01-04,8306.T,LOSS,-2.5587527687580547,1,9.942721833814636,False,4.004071511887508,53.97241962566525,3.140323074040752,0.0772790598147473,1.5402472630176538,2.5207313198785037,1.7562880669658096,80.2377668052138
UP30_SCORE70_NIKKEION_TP4.0_SL1.0_H1,VALIDATION,2023-01-11,3382.T,LOSS,-1.7895410481692742,1,-0.342018630134584,True,0.0643002033458461,11.064368921038149,0.1567953069600225,0.002254167969536,1.330397347716364,1.7185771139539858,1.7491209180835523,59.8589561169827
UP30_SCORE70_NIKKEION_TP4.0_SL1.0_H1,VALIDATION,2023-01-12,8795.T,LOSS,-2.7453695800282008,1,13.347418043336852,False,3.631370741500861,41.89053345181456,1.373349552942793,-0.0147676883364578,1.2388590074410453,2.7172509089875936,1.5983048518463,71.32842362367616
UP30_SCORE70_NIKKEION_TP4.0_SL1.0_H1,VALIDATION,2023-02-24,9107.T,WIN,11.605946284777014,1,9.446404148371524,False,4.09844994706916,43.4164883645031,1.0370470060754755,0.0191426801055223,1.190554996700955,2.9264865711942534,1.0778453082226491,71.89668183793219
UP30_SCORE70_NIKKEION_TP4.0_SL1.0_H1,VALIDATION,2023-03-01,5406.T,WIN,11.168328716414832,1,14.91716099759614,False,6.888477232737333,54.04595324073036,3.2292749761118733,0.0651599338858062,1.252977261833042,2.8170821791037097,1.4760421644722026,84.29291427976493
UP30_SCORE70_NIKKEION_TP4.0_SL1.0_H1,VALIDATION,2023-03-02,7532.T,HOLD,3.8475946283756834,1,2.311749896743116,False,1.110301730656027,23.028168592738364,-2.3219991254686434,0.0040066512595293,1.2480259842078736,2.4894896230590753,1.209647434940606,58.48457558086351
UP30_SCORE70_NIKKEION_TP4.0_SL1.0_H1,VALIDATION,2023-03-10,7532.T,HOLD,2.5956173520402026,1,3.57934608370132,False,1.880228685350693,28.13455632423358,-2.921340206282974,0.0131222127276182,1.491419817093107,2.5463457920216275,1.7096566069760155,58.657926704217566
UP30_SCORE70_NIKKEION_TP4.0_SL1.0_H1,VALIDATION,2023-03-22,9432.T,WIN,5.064884984967611,1,2.9886769743890587,False,0.7353999834895264,15.681016052641414,0.4470819300953277,0.0202850673358965,1.1697412593408478,1.2912212462419026,1.3366632783126184,63.96297916656753
UP30_SCORE70_NIKKEION_TP4.0_SL1.0_H1,VALIDATION,2023-03-23,2282.T,WIN,5.308156466981318,1,1.7935028429780078,False,0.8430250161032271,22.46676756670302,2.213557995259552,0.0245550521425392,1.4819834848611226,1.3520391167453294,1.6059746686702747,66.90274959696077
UP30_SCORE70_NIKKEION_TP4.0_SL1.0_H1,VALIDATION,2023-03-29,6501.T,HOLD,5.231834133933145,1,1.0988968003756614,False,0.0979342932952764,16.39183530118584,0.7640034424433395,0.040399658979535,1.4440823297722165,2.0827135864235418,1.320943838763867,62.83061669805912
UP30_SCORE70_NIKKEION_TP4.0_SL1.0_H1,VALIDATION,2023-05-02,4062.T,HOLD,1.0139579242476215,1,4.013966551592089,False,1.802827796504003,20.67844708573587,9.00735727262434,0.1648387926054175,2.2486169616892635,3.1848252355601923,4.576523959366289,74.71698370331268
UP30_SCORE70_NIKKEION_TP4.0_SL1.0_H1,VALIDATION,2023-05-08,4062.T,HOLD,5.527817301031235,1,4.5676056091174,False,2.5347224805395863,23.10031811179641,-1.0118074056056026,0.1743182992262808,0.7399843511094202,3.210063097006962,1.5313197485061518,71.9754167058368
UP30_SCORE70_NIKKEION_TP4.0_SL1.0_H1,VALIDATION,2023-07-14,3697.T,HOLD,2.6352689429760656,1,4.414202111466844,False,0.9825434478655692,14.066035777668535,11.423477609773958,0.2445951797241883,3.1735855666491504,3.664836270819342,5.869603952377096,73.90035206959334
UP30_SCORE70_NIKKEION_TP4.0_SL1.0_H1,VALIDATION,2023-07-18,3697.T,HOLD,3.523970101615148,1,4.9953295049275175,False,2.044955701868667,17.111553296105495,2.299582343674889,0.2528169654791361,1.6606525716609066,3.758092130501045,3.6132920490987503,75.56989565836771
UP30_SCORE70_NIKKEION_TP4.0_SL1.0_H1,VALIDATION,2023-07-19,3697.T,TIMEOUT_LOSS,-2.2265375704661805,1,5.567456335180463,False,3.178951129004992,20.179742269010724,3.184516937369808,0.2654910535496504,1.1688741037667625,3.7680333712417116,2.7744672503003995,77.74209892609204
UP30_SCORE70_NIKKEION_TP4.0_SL1.0_H1,VALIDATION,2023-07-20,9107.T,WIN,14.006070099017409,1,7.365756579489273,False,4.617551222256289,40.456823312574784,0.6164097608000185,0.0938839039136021,1.2425910903490696,3.5265175247543543,1.297700012415697,75.59799884044793
UP30_SCORE70_NIKKEION_TP4.0_SL1.0_H1,VALIDATION,2023-07-24,8304.T,WIN,4.646462184734912,1,5.965186154094392,False,1.4953254814182193,46.50894890976158,-0.1436610728448251,0.0052203232234606,0.9984152139461172,1.186615546183726,0.9270053085895136,73.84824848778555
UP30_SCORE70_NIKKEION_TP4.0_SL1.0_H1,VALIDATION,2023-07-25,9107.T,WIN,13.424120072605417,1,9.426236891350596,False,5.728474038906661,43.95468824272265,0.4712471779455551,0.0685211820160593,0.7454517534288647,3.381030018151354,0.7193571847781792,73.09781851674379
UP30_SCORE70_NIKKEION_TP4.0_SL1.0_H1,VALIDATION,2023-07-27,3697.T,TIMEOUT_LOSS,-0.7186061325326508,1,6.924157184283334,False,3.259052026362852,29.05887576099701,-1.0892575373501412,0.002571187096052,0.7087931439305001,3.531479074970112,0.5298027773512055,71.0424364651647
UP30_SCORE70_NIKKEION_TP4.0_SL1.0_H1,VALIDATION,2023-08-02,2871.T,WIN,6.0627349642954025,1,3.8189108712657336,False,0.7242951919965934,34.654865155400365,-0.3352535094952369,0.0165360395766838,1.8527815891231132,1.5406837410738485,2.5689084895259096,68.58018561012706
UP30_SCORE70_NIKKEION_TP4.0_SL1.0_H1,VALIDATION,2023-08-10,1605.T,HOLD,6.879169240044492,1,11.164981718369583,False,3.493592257604239,52.83446425483549,12.463460383201651,0.1554229117371919,2.79979946927813,2.9283910300581084,4.34619726101322,79.77015775754742
UP30_SCORE70_NIKKEION_TP4.0_SL1.0_H1,VALIDATION,2023-08-23,7261.T,WIN,10.508662911097277,1,5.953331285872705,False,1.9455717693589447,12.708498948693068,1.9993264348709736,0.0386591443652704,1.6638416589958922,2.652165727774321,1.5720263859369508,64.21075613369555
UP30_SCORE70_NIKKEION_TP4.0_SL1.0_H1,VALIDATION,2023-08-24,4062.T,LOSS,-3.593088741091144,1,6.80922560641553,False,-0.1925287628427585,15.369284537342974,1.0315239770017692,0.0820505230531885,2.3957283900866413,3.493088741091155,2.2102836747592667,63.32774287075412
UP30_SCORE70_NIKKEION_TP4.0_SL1.0_H1,VALIDATION,2023-08-25,3405.T,WIN,8.751136359044375,1,5.563676524694812,False,3.2152690771133585,33.8857711933423,0.5009277123760647,0.0383852602473304,1.6114387669128216,2.2127840897610955,1.4383193507789016,74.62114188384804
UP30_SCORE70_NIKKEION_TP4.0_SL1.0_H1,VALIDATION,2023-08-28,6113.T,WIN,8.383439084083,1,2.0495189820741966,False,1.2136642361419758,13.1843960890482,2.1775693976564536,0.045055261327477,1.8592336349121876,2.1208597710207515,1.5424862573680376,68.72876119221075
UP30_SCORE70_NIKKEION_TP4.0_SL1.0_H1,VALIDATION,2023-09-21,9501.T,HOLD,2.430923944535668,1,12.439084434745476,False,3.3705390033044846,55.35845466158926,3.1764129913268717,0.1079233947128065,1.2387773526238668,2.8613704298891873,1.684289366876984,77.03312199329181
UP30_SCORE70_NIKKEION_TP4.0_SL1.0_H1,VALIDATION,2023-09-25,6724.T,LOSS,-1.9149314878120882,1,1.9559915809231725,False,1.1888741021515823,18.999088168220453,0.5744797730551587,0.0697933184223795,0.6486843807032923,1.8484801358434666,0.7463562635890907,67.74065809684637
UP30_SCORE70_NIKKEION_TP4.0_SL1.0_H1,VALIDATION,2023-09-26,8795.T,LOSS,-2.598671049358936,1,8.073776484220787,False,2.6441221533526127,40.65925639038708,0.3276185569456968,0.031178315543677,1.4798864527695812,2.562704607466282,1.5836332714471573,67.81712545659161
UP30_SCORE70_NIKKEION_TP4.0_SL1.0_H1,VALIDATION,2023-09-27,8697.T,LOSS,-2.075594545046533,1,3.3470779308842338,False,1.4497709058478805,32.77614038546648,3.4413909652475594,0.0834387115714591,1.6005725384357377,2.015410892703044,2.222029709001226,79.38085439124544
UP30_SCORE70_NIKKEION_TP4.0_SL1.0_H1,VALIDATION,2023-09-28,7211.T,LOSS,-2.7868180437806034,1,9.117007954978993,False,3.450040277711963,39.29149553083054,1.8863381236379428,0.0571909307090926,1.5897506486632105,2.7610011200634483,2.021996336198152,71.69805481165484
UP30_SCORE70_NIKKEION_TP4.0_SL1.0_H1,VALIDATION,2023-09-29,4519.T,LOSS,-2.446928996996245,1,5.059909895761967,False,0.93704686797198,28.12251682599573,0.1516356839443844,0.1048133624170686,1.5080802597375482,2.4033335284704487,2.628650714220726,65.25518100416157
UP30_SCORE70_NIKKEION_TP4.0_SL1.0_H1,VALIDATION,2023-10-10,9107.T,LOSS,-3.625029196249774,1,15.933972418178186,False,1.9657485360281115,32.90204777315115,5.531622163232508,0.1134071461102983,1.3518507547182232,3.653827689070136,1.4354720499868414,67.38977612445666
UP30_SCORE70_NIKKEION_TP4.0_SL1.0_H1,VALIDATION,2023-10-18,7453.T,LOSS,-3.169829452539341,1,4.136507868839604,False,0.1223158978307381,22.63425020648197,3.166167693874544,0.1318619295282879,0.9600826348913224,3.16705256495576,1.773623917931742,67.49018008188494
UP30_SCORE70_NIKKEION_TP4.0_SL1.0_H1,VALIDATION,2023-10-20,2501.T,LOSS,-1.973792269914465,1,13.549303533545825,False,1.2865739537807783,42.10627268358788,0.397069077036738,0.0451092945210227,1.6116698336191315,1.9095737145663187,1.7322540473225403,71.17290890964611
UP30_SCORE70_NIKKEION_TP4.0_SL1.0_H1,VALIDATION,2023-10-30,8354.T,LOSS,-2.7488412271219786,1,6.961966882938133,False,0.4635109606138554,20.183945473791084,-1.572169017049041,0.0235651555938773,2.242165378893315,2.7209139167020906,3.041452154524692,57.710746195913416
UP30_SCORE70_NIKKEION_TP4.0_SL1.0_H1,VALIDATION,2023-10-31,8354.T,LOSS,-2.778247518823007,1,6.990528763368678,False,0.7896743702185294,20.80181074330227,1.9845406507217331,0.061751516195736,1.2017489922798388,2.7519515941115085,1.8450726385902343,64.8150694647926
UP30_SCORE70_NIKKEION_TP4.0_SL1.0_H1,VALIDATION,2023-12-06,9501.T,HOLD,10.44913294797688,1,1.1578272175565565,False,0.4150857548883557,12.53495466131979,3.919503623521159,0.0978182408120953,2.777650370355735,2.9865125240847794,3.8960955408717135,65.11804068639108
UP30_SCORE70_NIKKEION_TP4.0_SL1.0_H1,VALIDATION,2024-03-08,8331.T,WIN,10.194336414833705,1,5.405307907021086,False,2.693774385595749,36.25104127848698,0.9972018532308002,0.0155313857543469,1.357289321773241,2.573584103708426,1.6865697218534337,73.6374923996679
UP30_SCORE70_NIKKEION_TP4.0_SL1.0_H1,VALIDATION,2024-03-11,8309.T,WIN,9.7796709059245,1,5.456514832612866,False,1.8033243234927052,38.94777737859525,-2.829621941040217,0.0670779999091881,1.2557221617814778,2.469917726481123,1.5724905472866024,64.63927772022649
UP30_SCORE70_NIKKEION_TP4.0_SL1.0_H1,VALIDATION,2024-03-13,9502.T,WIN,9.352818067430947,1,0.3284805989638264,False,-0.3949155550553529,9.336203923379715,-0.4163332885228521,0.0416315849555858,1.3713123246439942,2.363204516857735,1.5435690298745686,53.35620076050401
UP30_SCORE70_NIKKEION_TP4.0_SL1.0_H1,VALIDATION,2024-03-18,3289.T,WIN,10.456607692483834,1,3.1788561124538144,False,1.0067788984315262,36.8627274994429,2.9795236379785983,0.0993729974623696,1.2184818060410647,2.6391519231209566,1.515077338343676,70.79072631991961
UP30_SCORE70_NIKKEION_TP4.0_SL1.0_H1,VALIDATION,2024-03-19,8801.T,HOLD,8.495777150300976,1,9.773150047748146,False,2.115825121948145,32.446154882604525,5.3761017561049895,0.122181980734735,1.510534167150447,2.8278956009457774,2.033014039373544,75.61957057625732
UP30_SCORE70_NIKKEION_TP4.0_SL1.0_H1,VALIDATION,2024-04-24,8306.T,HOLD,7.140239660000736,1,5.791235339906379,False,0.4467188060413019,17.604649912322607,0.4799929191379393,0.0388005802676905,0.8113443422931543,2.263652438436166,0.8313150105569843,58.02624765264058
UP30_SCORE50_NIKKEION_TP4.0_SL1.0_H1,VALIDATION,2022-05-13,2501.T,LOSS,-2.2852357779900023,1,5.944871187551252,False,3.400604512726435,38.685878809615936,-0.3244343527760707,0.0267817779012543,1.333862563100472,2.2340551504373973,1.455429821541605,78.64119875658174
UP30_SCORE50_NIKKEION_TP4.0_SL1.0_H1,VALIDATION,2022-05-16,6301.T,LOSS,-3.1632717938697374,1,5.068992986471936,False,0.7836985691567211,15.798331855947607,-3.900932073936836,-0.0024932155918815,0.6914859348369753,3.1600734319770694,0.6245396225466924,57.77345937599581
UP30_SCORE50_NIKKEION_TP4.0_SL1.0_H1,VALIDATION,2022-05-17,5020.T,LOSS,-2.4595859520750274,1,1.760630250605687,False,1.405987367477768,19.07032630053753,3.1570597639297704,0.0728946497185125,1.0614395952093003,2.4166078924213226,1.7550698443476471,75.02798470985627
UP30_SCORE50_NIKKEION_TP4.0_SL1.0_H1,VALIDATION,2022-05-19,2501.T,LOSS,-2.3502619316515982,1,7.467256675485255,False,3.2599036571882234,37.80008010592002,-2.81183741478237,-0.0535223213251143,0.665694627967376,2.302064410728333,0.5957733125363183,64.63334214326557
UP30_SCORE50_NIKKEION_TP4.0_SL1.0_H1,VALIDATION,2022-06-10,5803.T,HOLD,8.026663916998123,1,18.524807642590567,False,6.702168884496307,43.39822829433884,-2.2248190983177096,0.0388881292514335,1.243466362599772,3.4588471392703823,1.0810864397269426,71.89716109124154
UP30_SCORE50_NIKKEION_TP4.0_SL1.0_H1,VALIDATION,2022-06-24,7211.T,HOLD,11.175615019526564,1,20.002268211229577,False,4.349113502823965,42.1196056280957,-8.606548698090188,0.0025616573777389,1.480431990860245,4.339395390652548,1.9367317893950209,57.01585206707608
UP30_SCORE50_NIKKEION_TP4.0_SL1.0_H1,VALIDATION,2022-06-27,2501.T,WIN,8.337913878233072,1,9.820015702889275,False,1.5644775018713195,43.76912496196353,0.2368803875811176,0.0039577750676822,1.6676743248690045,2.109478469558268,1.781581355293611,70.83940742006217
UP30_SCORE50_NIKKEION_TP4.0_SL1.0_H1,VALIDATION,2022-06-28,9501.T,HOLD,5.172727272727274,1,9.046096065256291,False,-0.1853194746595843,20.191556948575037,4.166666666666674,0.1471293143668663,2.302757482523177,3.818181818181817,2.373206083583625,67.66977151936806
UP30_SCORE50_NIKKEION_TP4.0_SL1.0_H1,VALIDATION,2022-06-29,9501.T,LOSS,-3.9572251007484183,1,8.88196224656258,False,0.6706528765352271,22.37396857143523,5.272727272727273,0.204249264353729,2.005658483470548,3.857225100748418,2.7880650383729697,72.51589607440937
UP30_SCORE50_NIKKEION_TP4.0_SL1.0_H1,VALIDATION,2022-06-30,9501.T,HOLD,2.016402116402116,1,8.69955156950672,False,1.466418212752152,24.51597202150592,-2.072538860103623,0.19025697032202,1.2002946002712256,4.115226337448563,2.0613896712206934,67.97537846674064
UP30_SCORE50_NIKKEION_TP4.0_SL1.0_H1,VALIDATION,2022-07-07,8804.T,LOSS,-2.3564891360168927,1,0.0265934630896393,False,1.8073914631535404,23.4174748041781,0.84344269467298,0.019848201568192,1.172779728039382,2.308582038921199,1.0809252854327047,66.07021427242472
UP30_SCORE50_NIKKEION_TP4.0_SL1.0_H1,VALIDATION,2022-07-08,8804.T,LOSS,-2.3442071763351224,1,0.4282553834964402,False,2.048754876514192,24.50874722643819,0.8886574055018581,0.0080089640833866,1.4952237669705812,2.2957280704411014,1.4730094105462403,67.7674063851828
UP30_SCORE50_NIKKEION_TP4.0_SL1.0_H1,VALIDATION,2022-08-26,3402.T,WIN,7.4033022680537135,1,4.715826557188758,False,1.3227068499944927,23.326868980224702,2.1349419667568537,0.0451499048489812,2.120364579714173,1.87582556701343,1.8661862363859685,71.48351885781872
UP30_SCORE50_NIKKEION_TP4.0_SL1.0_H1,VALIDATION,2022-09-08,6963.T,WIN,10.483042605336978,1,3.389358493787343,False,1.450911551849754,17.181027533475167,1.1029514224850656,0.0575267132257677,1.5761652398423698,2.645760651334246,1.9134264834457844,63.69425087590122
UP30_SCORE50_NIKKEION_TP4.0_SL1.0_H1,VALIDATION,2022-09-09,8233.T,WIN,8.075196109081217,1,7.105545004350923,False,2.419994828977501,47.07602457680796,1.4067191098883436,0.0424264355421359,1.5726287733935918,2.043799027270306,2.0167180592190808,84.96763309537195
UP30_SCORE50_NIKKEION_TP4.0_SL1.0_H1,VALIDATION,2022-09-12,3099.T,HOLD,8.589121662137844,1,0.7190452600000207,False,2.762599012130851,32.50220295696049,4.701928889725493,0.0900232111163203,1.2789892584444156,2.54233766046678,1.6376233727228475,80.32291358388707
UP30_SCORE50_NIKKEION_TP4.0_SL1.0_H1,VALIDATION,2022-09-13,6762.T,HOLD,4.55946891217528,1,9.463813495840416,False,1.1505973027165384,23.741570665434217,3.5363485256876714,0.0267329113111032,1.529791393965503,2.3772466104535024,1.9478991951222084,70.83421513435317
UP30_SCORE50_NIKKEION_TP4.0_SL1.0_H1,VALIDATION,2022-09-14,6762.T,HOLD,8.90136156473954,1,9.479109815344067,False,1.1934819770905936,23.95264966470376,-3.605319642757554,0.0110704579108096,1.155304655862548,2.6442402550284143,1.5151809744067293,58.94862853932386
UP30_SCORE50_NIKKEION_TP4.0_SL1.0_H1,VALIDATION,2022-10-04,4502.T,WIN,6.521601945168077,1,0.1784752662705485,False,0.0923229281194926,12.91568892333423,1.3032940182379882,0.0434328521808546,1.4568342799069054,1.6554004862920173,1.980215777578708,61.542227510413
UP30_SCORE50_NIKKEION_TP4.0_SL1.0_H1,VALIDATION,2022-10-06,8031.T,LOSS,-2.2940204005170495,1,5.065407746825307,False,0.0837280115831173,18.889517197394643,1.2750327617096602,0.0227091221899091,0.809571229942505,2.243237488650074,0.8381690110706707,63.42700055474461
UP30_SCORE50_NIKKEION_TP4.0_SL1.0_H1,VALIDATION,2022-10-14,8252.T,LOSS,-2.4442579470050907,1,2.389445668348921,False,0.5022998885166441,13.699459371716976,1.0879489875212478,0.0305650495027016,1.5028310064366206,2.4005326238092,1.7893257501729267,61.433450449673664
UP30_SCORE50_NIKKEION_TP4.0_SL1.0_H1,VALIDATION,2022-10-17,9020.T,LOSS,-2.3816676285319693,1,6.136483812063122,False,2.379010135446391,30.3413445400842,0.5790447743810434,0.0552230149803631,0.6641383234980005,2.3349432733444404,0.7780152141950449,67.39867832806928
UP30_SCORE50_NIKKEION_TP4.0_SL1.0_H1,VALIDATION,2022-12-12,7453.T,HOLD,5.168993152993251,1,7.785745537710707,False,0.6688510049293495,23.26400560168437,2.5965432538196165,0.0730793230628874,1.71096128417233,2.3300665706892305,1.800916419691897,67.18226053707386
UP30_SCORE50_NIKKEION_TP4.0_SL1.0_H1,VALIDATION,2022-12-14,4183.T,WIN,7.405831632360161,1,4.047842666128099,False,1.735151101832666,33.47960405091145,1.4353983141801807,0.0171772644233658,1.467974580070142,1.8764579080900419,1.530005084442979,66.28826055987322
UP30_SCORE50_NIKKEION_TP4.0_SL1.0_H1,VALIDATION,2022-12-15,5803.T,HOLD,7.095558669756919,1,12.463364993046987,False,4.045411099573748,27.54188408217238,1.6710683760046807,0.0610497321030985,1.23869204673954,3.026494906484123,1.3570608199661895,66.5231637345376
UP30_SCORE50_NIKKEION_TP4.0_SL1.0_H1,VALIDATION,2023-01-04,8306.T,LOSS,-2.5587527687580547,1,9.942721833814636,False,4.004071511887508,53.97241962566525,3.140323074040752,0.0772790598147473,1.5402472630176538,2.5207313198785037,1.7562880669658096,80.2377668052138
UP30_SCORE50_NIKKEION_TP4.0_SL1.0_H1,VALIDATION,2023-01-10,8306.T,LOSS,-2.6428098648574094,1,11.168476859444912,False,3.7567415977903806,53.3374668171745,-3.552148419021073,0.0102480136578335,0.6960690082106086,2.6091557342575955,0.7399519584810441,67.124779054125
UP30_SCORE50_NIKKEION_TP4.0_SL1.0_H1,VALIDATION,2023-01-11,3382.T,LOSS,-1.7895410481692742,1,-0.342018630134584,True,0.0643002033458461,11.064368921038149,0.1567953069600225,0.002254167969536,1.330397347716364,1.7185771139539858,1.7491209180835523,59.8589561169827
UP30_SCORE50_NIKKEION_TP4.0_SL1.0_H1,VALIDATION,2023-01-12,8795.T,LOSS,-2.7453695800282008,1,13.347418043336852,False,3.631370741500861,41.89053345181456,1.373349552942793,-0.0147676883364578,1.2388590074410453,2.7172509089875936,1.5983048518463,71.32842362367616
UP30_SCORE50_NIKKEION_TP4.0_SL1.0_H1,VALIDATION,2023-01-17,8304.T,LOSS,-1.9467528617879926,1,1.5180680908893067,False,1.0887323265154736,29.739522415801503,-3.353980520298649,0.0273378625270058,0.7193841847445767,1.8814995077926906,0.7796521901805284,56.275925104326
UP30_SCORE50_NIKKEION_TP4.0_SL1.0_H1,VALIDATION,2023-02-24,9107.T,WIN,11.605946284777014,1,9.446404148371524,False,4.09844994706916,43.4164883645031,1.0370470060754755,0.0191426801055223,1.190554996700955,2.9264865711942534,1.0778453082226491,71.89668183793219
UP30_SCORE50_NIKKEION_TP4.0_SL1.0_H1,VALIDATION,2023-03-01,5406.T,WIN,11.168328716414832,1,14.91716099759614,False,6.888477232737333,54.04595324073036,3.2292749761118733,0.0651599338858062,1.252977261833042,2.8170821791037097,1.4760421644722026,84.29291427976493
UP30_SCORE50_NIKKEION_TP4.0_SL1.0_H1,VALIDATION,2023-03-02,7532.T,HOLD,3.8475946283756834,1,2.311749896743116,False,1.110301730656027,23.028168592738364,-2.3219991254686434,0.0040066512595293,1.2480259842078736,2.4894896230590753,1.209647434940606,58.48457558086351
UP30_SCORE50_NIKKEION_TP4.0_SL1.0_H1,VALIDATION,2023-03-10,7532.T,HOLD,2.5956173520402026,1,3.57934608370132,False,1.880228685350693,28.13455632423358,-2.921340206282974,0.0131222127276182,1.491419817093107,2.5463457920216275,1.7096566069760155,58.657926704217566
UP30_SCORE50_NIKKEION_TP4.0_SL1.0_H1,VALIDATION,2023-03-22,9432.T,WIN,5.064884984967611,1,2.9886769743890587,False,0.7353999834895264,15.681016052641414,0.4470819300953277,0.0202850673358965,1.1697412593408478,1.2912212462419026,1.3366632783126184,63.96297916656753
UP30_SCORE50_NIKKEION_TP4.0_SL1.0_H1,VALIDATION,2023-03-23,2282.T,WIN,5.308156466981318,1,1.7935028429780078,False,0.8430250161032271,22.46676756670302,2.213557995259552,0.0245550521425392,1.4819834848611226,1.3520391167453294,1.6059746686702747,66.90274959696077
UP30_SCORE50_NIKKEION_TP4.0_SL1.0_H1,VALIDATION,2023-03-24,6723.T,HOLD,2.5769774427449987,1,21.077810898210828,False,2.4896742800021965,43.31982897965375,-4.3964883172957325,-0.0202395987154747,1.1259718314548754,3.1405859161334573,1.0754052744686402,57.82603205917243
UP30_SCORE50_NIKKEION_TP4.0_SL1.0_H1,VALIDATION,2023-03-27,6361.T,HOLD,6.739283324087009,1,8.015432590568775,False,0.7256587766140354,32.560408763507056,0.3372783188205552,0.0885154918963881,0.9994858611825193,2.521615739209733,1.401131572308912,62.16034027957021
UP30_SCORE50_NIKKEION_TP4.0_SL1.0_H1,VALIDATION,2023-03-28,5406.T,WIN,14.893240252881357,1,27.71121179146026,False,3.418661545644519,47.33339839088339,-9.545051328617529,-0.0041982856109186,0.8995679943658907,3.748310063220339,0.4577978948027875,58.09078371530008
UP30_SCORE50_NIKKEION_TP4.0_SL1.0_H1,VALIDATION,2023-03-29,6501.T,HOLD,5.231834133933145,1,1.0988968003756614,False,0.0979342932952764,16.39183530118584,0.7640034424433395,0.040399658979535,1.4440823297722165,2.0827135864235418,1.320943838763867,62.83061669805912
UP30_SCORE50_NIKKEION_TP4.0_SL1.0_H1,VALIDATION,2023-05-02,4062.T,HOLD,1.0139579242476215,1,4.013966551592089,False,1.802827796504003,20.67844708573587,9.00735727262434,0.1648387926054175,2.2486169616892635,3.1848252355601923,4.576523959366289,74.71698370331268
UP30_SCORE50_NIKKEION_TP4.0_SL1.0_H1,VALIDATION,2023-05-08,4062.T,HOLD,5.527817301031235,1,4.5676056091174,False,2.5347224805395863,23.10031811179641,-1.0118074056056026,0.1743182992262808,0.7399843511094202,3.210063097006962,1.5313197485061518,71.9754167058368
UP30_SCORE50_NIKKEION_TP4.0_SL1.0_H1,VALIDATION,2023-06-23,9432.T,WIN,5.924094680342463,1,1.1363365080353516,False,-0.2749633970042797,11.371284216097926,-0.4109173678928934,0.0364913154366119,1.114048707553409,1.5060236700856175,1.0082536774631734,53.32269300141883
UP30_SCORE50_NIKKEION_TP4.0_SL1.0_H1,VALIDATION,2023-07-14,3697.T,HOLD,2.6352689429760656,1,4.414202111466844,False,0.9825434478655692,14.066035777668535,11.423477609773958,0.2445951797241883,3.1735855666491504,3.664836270819342,5.869603952377096,73.90035206959334
UP30_SCORE50_NIKKEION_TP4.0_SL1.0_H1,VALIDATION,2023-07-18,3697.T,HOLD,3.523970101615148,1,4.9953295049275175,False,2.044955701868667,17.111553296105495,2.299582343674889,0.2528169654791361,1.6606525716609066,3.758092130501045,3.6132920490987503,75.56989565836771
UP30_SCORE50_NIKKEION_TP4.0_SL1.0_H1,VALIDATION,2023-07-19,3697.T,TIMEOUT_LOSS,-2.2265375704661805,1,5.567456335180463,False,3.178951129004992,20.179742269010724,3.184516937369808,0.2654910535496504,1.1688741037667625,3.7680333712417116,2.7744672503003995,77.74209892609204
UP30_SCORE50_NIKKEION_TP4.0_SL1.0_H1,VALIDATION,2023-07-20,9107.T,WIN,14.006070099017409,1,7.365756579489273,False,4.617551222256289,40.456823312574784,0.6164097608000185,0.0938839039136021,1.2425910903490696,3.5265175247543543,1.297700012415697,75.59799884044793
UP30_SCORE50_NIKKEION_TP4.0_SL1.0_H1,VALIDATION,2023-07-24,8304.T,WIN,4.646462184734912,1,5.965186154094392,False,1.4953254814182193,46.50894890976158,-0.1436610728448251,0.0052203232234606,0.9984152139461172,1.186615546183726,0.9270053085895136,73.84824848778555
UP30_SCORE50_NIKKEION_TP4.0_SL1.0_H1,VALIDATION,2023-07-25,9107.T,WIN,13.424120072605417,1,9.426236891350596,False,5.728474038906661,43.95468824272265,0.4712471779455551,0.0685211820160593,0.7454517534288647,3.381030018151354,0.7193571847781792,73.09781851674379
UP30_SCORE50_NIKKEION_TP4.0_SL1.0_H1,VALIDATION,2023-07-27,3697.T,TIMEOUT_LOSS,-0.7186061325326508,1,6.924157184283334,False,3.259052026362852,29.05887576099701,-1.0892575373501412,0.002571187096052,0.7087931439305001,3.531479074970112,0.5298027773512055,71.0424364651647
UP30_SCORE50_NIKKEION_TP4.0_SL1.0_H1,VALIDATION,2023-08-02,2871.T,WIN,6.0627349642954025,1,3.8189108712657336,False,0.7242951919965934,34.654865155400365,-0.3352535094952369,0.0165360395766838,1.8527815891231132,1.5406837410738485,2.5689084895259096,68.58018561012706
UP30_SCORE50_NIKKEION_TP4.0_SL1.0_H1,VALIDATION,2023-08-10,1605.T,HOLD,6.879169240044492,1,11.164981718369583,False,3.493592257604239,52.83446425483549,12.463460383201651,0.1554229117371919,2.79979946927813,2.9283910300581084,4.34619726101322,79.77015775754742
UP30_SCORE50_NIKKEION_TP4.0_SL1.0_H1,VALIDATION,2023-08-23,7261.T,WIN,10.508662911097277,1,5.953331285872705,False,1.9455717693589447,12.708498948693068,1.9993264348709736,0.0386591443652704,1.6638416589958922,2.652165727774321,1.5720263859369508,64.21075613369555
UP30_SCORE50_NIKKEION_TP4.0_SL1.0_H1,VALIDATION,2023-08-24,4062.T,LOSS,-3.593088741091144,1,6.80922560641553,False,-0.1925287628427585,15.369284537342974,1.0315239770017692,0.0820505230531885,2.3957283900866413,3.493088741091155,2.2102836747592667,63.32774287075412
UP30_SCORE50_NIKKEION_TP4.0_SL1.0_H1,VALIDATION,2023-08-25,3405.T,WIN,8.751136359044375,1,5.563676524694812,False,3.2152690771133585,33.8857711933423,0.5009277123760647,0.0383852602473304,1.6114387669128216,2.2127840897610955,1.4383193507789016,74.62114188384804
UP30_SCORE50_NIKKEION_TP4.0_SL1.0_H1,VALIDATION,2023-08-28,6113.T,WIN,8.383439084083,1,2.0495189820741966,False,1.2136642361419758,13.1843960890482,2.1775693976564536,0.045055261327477,1.8592336349121876,2.1208597710207515,1.5424862573680376,68.72876119221075
UP30_SCORE50_NIKKEION_TP4.0_SL1.0_H1,VALIDATION,2023-09-21,9501.T,HOLD,2.430923944535668,1,12.439084434745476,False,3.3705390033044846,55.35845466158926,3.1764129913268717,0.1079233947128065,1.2387773526238668,2.8613704298891873,1.684289366876984,77.03312199329181
UP30_SCORE50_NIKKEION_TP4.0_SL1.0_H1,VALIDATION,2023-09-25,9501.T,TIMEOUT_LOSS,-0.11415884285430603,1,12.88310819699138,False,3.374417007853281,58.02956451732003,-2.0940197056126486,0.0391210454202126,0.8268094745310657,2.9745042492917833,0.8797495788732139,69.48561231535493
UP30_SCORE50_NIKKEION_TP4.0_SL1.0_H1,VALIDATION,2023-09-26,8795.T,LOSS,-2.598671049358936,1,8.073776484220787,False,2.6441221533526127,40.65925639038708,0.3276185569456968,0.031178315543677,1.4798864527695812,2.562704607466282,1.5836332714471573,67.81712545659161
UP30_SCORE50_NIKKEION_TP4.0_SL1.0_H1,VALIDATION,2023-09-27,8697.T,LOSS,-2.075594545046533,1,3.3470779308842338,False,1.4497709058478805,32.77614038546648,3.4413909652475594,0.0834387115714591,1.6005725384357377,2.015410892703044,2.222029709001226,79.38085439124544
UP30_SCORE50_NIKKEION_TP4.0_SL1.0_H1,VALIDATION,2023-09-28,7211.T,LOSS,-2.7868180437806034,1,9.117007954978993,False,3.450040277711963,39.29149553083054,1.8863381236379428,0.0571909307090926,1.5897506486632105,2.7610011200634483,2.021996336198152,71.69805481165484
UP30_SCORE50_NIKKEION_TP4.0_SL1.0_H1,VALIDATION,2023-09-29,4519.T,LOSS,-2.446928996996245,1,5.059909895761967,False,0.93704686797198,28.12251682599573,0.1516356839443844,0.1048133624170686,1.5080802597375482,2.4033335284704487,2.628650714220726,65.25518100416157
UP30_SCORE50_NIKKEION_TP4.0_SL1.0_H1,VALIDATION,2023-10-05,2269.T,LOSS,-1.5982093299072075,1,5.667624576179167,False,0.1451186230179368,24.34501268351313,-1.262131078753559,0.0233988642222333,1.0088775203129705,1.5209970496121126,1.013320955136232,57.58098723507021
UP30_SCORE50_NIKKEION_TP4.0_SL1.0_H1,VALIDATION,2023-10-10,9107.T,LOSS,-3.625029196249774,1,15.933972418178186,False,1.9657485360281115,32.90204777315115,5.531622163232508,0.1134071461102983,1.3518507547182232,3.653827689070136,1.4354720499868414,67.38977612445666
UP30_SCORE50_NIKKEION_TP4.0_SL1.0_H1,VALIDATION,2023-10-11,9107.T,LOSS,-4.01935664188624,1,15.362860239972823,False,1.817783356617397,33.364067410548024,-6.101345299331939,0.0227167095357356,1.0926120652724227,4.079236467305844,1.229057736320596,55.98673825518541
UP30_SCORE50_NIKKEION_TP4.0_SL1.0_H1,VALIDATION,2023-10-18,7453.T,LOSS,-3.169829452539341,1,4.136507868839604,False,0.1223158978307381,22.63425020648197,3.166167693874544,0.1318619295282879,0.9600826348913224,3.16705256495576,1.773623917931742,67.49018008188494
UP30_SCORE50_NIKKEION_TP4.0_SL1.0_H1,VALIDATION,2023-10-20,6146.T,LOSS,-4.184819502409342,1,4.86039981790385,False,1.3515102489323416,14.912070979595237,-8.256885924341816,-0.0165392411775153,2.06778634855144,4.258783105258246,2.6872402350224203,49.996886216467445
UP30_SCORE50_NIKKEION_TP4.0_SL1.0_H1,VALIDATION,2023-10-23,6146.T,LOSS,-4.133144432597879,1,4.817619835452092,False,1.439467587139709,13.874446729497864,-6.37287494688662,0.0082183644223207,1.3655025933265694,4.202643098757367,1.9839982365684723,53.13269282156323
UP30_SCORE50_NIKKEION_TP4.0_SL1.0_H1,VALIDATION,2023-10-24,6762.T,LOSS,-2.51643032389427,1,4.1604519363736845,False,0.9948155952706816,17.151550373912308,-2.38955240864851,0.0110094748032077,1.2599746640825475,2.476267605207279,0.982404599244012,56.23701851890526
UP30_SCORE50_NIKKEION_TP4.0_SL1.0_H1,VALIDATION,2023-10-25,8354.T,LOSS,-2.629245405764913,1,7.543562389122455,False,0.2248247343790588,20.147436021905254,0.3421078714360925,0.0275245695155686,1.2498093252656737,2.594876192652884,1.1612895605596203,59.73818591868691
UP30_SCORE50_NIKKEION_TP4.0_SL1.0_H1,VALIDATION,2023-10-27,7453.T,LOSS,-2.9619415088255385,1,2.219489345986285,False,0.8191807321748623,23.100694441319646,1.448541445823448,0.0410464872483673,1.0020694881660257,2.9462617981865042,0.7730977542858364,65.26072739948032
UP30_SCORE50_NIKKEION_TP4.0_SL1.0_H1,VALIDATION,2023-10-30,8354.T,LOSS,-2.7488412271219786,1,6.961966882938133,False,0.4635109606138554,20.183945473791084,-1.572169017049041,0.0235651555938773,2.242165378893315,2.7209139167020906,3.041452154524692,57.710746195913416
UP30_SCORE50_NIKKEION_TP4.0_SL1.0_H1,VALIDATION,2023-10-31,8354.T,LOSS,-2.778247518823007,1,6.990528763368678,False,0.7896743702185294,20.80181074330227,1.9845406507217331,0.061751516195736,1.2017489922798388,2.7519515941115085,1.8450726385902343,64.8150694647926
UP30_SCORE50_NIKKEION_TP4.0_SL1.0_H1,VALIDATION,2023-12-06,9501.T,HOLD,10.44913294797688,1,1.1578272175565565,False,0.4150857548883557,12.53495466131979,3.919503623521159,0.0978182408120953,2.777650370355735,2.9865125240847794,3.8960955408717135,65.11804068639108
UP30_SCORE50_NIKKEION_TP4.0_SL1.0_H1,VALIDATION,2023-12-12,9434.T,WIN,3.8564981738389625,1,3.666793621977835,False,1.29191483774298,40.13151817494092,-0.6322107278257882,0.0034921505240095,0.6726550999333534,0.9891245434597407,0.7436676511251774,69.58475793091037
UP30_SCORE50_NIKKEION_TP4.0_SL1.0_H1,VALIDATION,2023-12-20,4751.T,HOLD,4.377563165800658,1,3.2796344993330924,False,0.5968344014660953,15.889307443901632,-6.580945769099788,0.0432022766255002,0.7191332989209253,3.1244795018202653,0.4118260002949004,56.27814074644787
UP30_SCORE50_NIKKEION_TP4.0_SL1.0_H1,VALIDATION,2024-03-08,8331.T,WIN,10.194336414833705,1,5.405307907021086,False,2.693774385595749,36.25104127848698,0.9972018532308002,0.0155313857543469,1.357289321773241,2.573584103708426,1.6865697218534337,73.6374923996679
UP30_SCORE50_NIKKEION_TP4.0_SL1.0_H1,VALIDATION,2024-03-11,8309.T,WIN,9.7796709059245,1,5.456514832612866,False,1.8033243234927052,38.94777737859525,-2.829621941040217,0.0670779999091881,1.2557221617814778,2.469917726481123,1.5724905472866024,64.63927772022649
UP30_SCORE50_NIKKEION_TP4.0_SL1.0_H1,VALIDATION,2024-03-13,9502.T,WIN,9.352818067430947,1,0.3284805989638264,False,-0.3949155550553529,9.336203923379715,-0.4163332885228521,0.0416315849555858,1.3713123246439942,2.363204516857735,1.5435690298745686,53.35620076050401
UP30_SCORE50_NIKKEION_TP4.0_SL1.0_H1,VALIDATION,2024-03-14,8750.T,WIN,9.83825761176641,1,6.723172643826112,False,3.0553242124834457,28.73657296378135,-2.003808894791248,0.0074324154293817,0.7894672961852629,2.4845644029416025,0.7682347991053303,65.40246304310125
UP30_SCORE50_NIKKEION_TP4.0_SL1.0_H1,VALIDATION,2024-03-18,3289.T,WIN,10.456607692483834,1,3.1788561124538144,False,1.0067788984315262,36.8627274994429,2.9795236379785983,0.0993729974623696,1.2184818060410647,2.6391519231209566,1.515077338343676,70.79072631991961
UP30_SCORE50_NIKKEION_TP4.0_SL1.0_H1,VALIDATION,2024-03-19,8801.T,HOLD,8.495777150300976,1,9.773150047748146,False,2.115825121948145,32.446154882604525,5.3761017561049895,0.122181980734735,1.510534167150447,2.8278956009457774,2.033014039373544,75.61957057625732
UP30_SCORE50_NIKKEION_TP4.0_SL1.0_H1,VALIDATION,2024-04-09,2802.T,HOLD,2.084859200252953,1,-2.0396650901238145,True,0.1140152048729081,11.84818662713996,-0.1054377642351167,0.0248691679840129,0.9442094751373102,2.069009730016713,0.7392609115577428,57.09474121995388
UP30_SCORE50_NIKKEION_TP4.0_SL1.0_H1,VALIDATION,2024-04-10,6762.T,HOLD,4.404569372984535,1,1.7483349542660995,False,-0.7984789682288995,17.61370277586641,-1.2453024400790658,0.0196837125091595,0.8644640211555924,2.5918242589761054,0.6724433305554953,53.10534978918167
UP30_SCORE50_NIKKEION_TP4.0_SL1.0_H1,VALIDATION,2024-04-24,8306.T,HOLD,7.140239660000736,1,5.791235339906379,False,0.4467188060413019,17.604649912322607,0.4799929191379393,0.0388005802676905,0.8113443422931543,2.263652438436166,0.8313150105569843,58.02624765264058
UP20_SCORE50_NIKKEION_TP4.0_SL1.0_H1,VALIDATION,2022-05-13,2501.T,LOSS,-2.2852357779900023,1,5.944871187551252,False,3.400604512726435,38.685878809615936,-0.3244343527760707,0.0267817779012543,1.333862563100472,2.2340551504373973,1.455429821541605,78.64119875658174
UP20_SCORE50_NIKKEION_TP4.0_SL1.0_H1,VALIDATION,2022-05-16,6301.T,LOSS,-3.1632717938697374,1,5.068992986471936,False,0.7836985691567211,15.798331855947607,-3.900932073936836,-0.0024932155918815,0.6914859348369753,3.1600734319770694,0.6245396225466924,57.77345937599581
UP20_SCORE50_NIKKEION_TP4.0_SL1.0_H1,VALIDATION,2022-05-17,5020.T,LOSS,-2.4595859520750274,1,1.760630250605687,False,1.405987367477768,19.07032630053753,3.1570597639297704,0.0728946497185125,1.0614395952093003,2.4166078924213226,1.7550698443476471,75.02798470985627
UP20_SCORE50_NIKKEION_TP4.0_SL1.0_H1,VALIDATION,2022-05-19,2501.T,LOSS,-2.3502619316515982,1,7.467256675485255,False,3.2599036571882234,37.80008010592002,-2.81183741478237,-0.0535223213251143,0.665694627967376,2.302064410728333,0.5957733125363183,64.63334214326557
UP20_SCORE50_NIKKEION_TP4.0_SL1.0_H1,VALIDATION,2022-06-10,5803.T,HOLD,8.026663916998123,1,18.524807642590567,False,6.702168884496307,43.39822829433884,-2.2248190983177096,0.0388881292514335,1.243466362599772,3.4588471392703823,1.0810864397269426,71.89716109124154
UP20_SCORE50_NIKKEION_TP4.0_SL1.0_H1,VALIDATION,2022-06-24,7211.T,HOLD,11.175615019526564,1,20.002268211229577,False,4.349113502823965,42.1196056280957,-8.606548698090188,0.0025616573777389,1.480431990860245,4.339395390652548,1.9367317893950209,57.01585206707608
UP20_SCORE50_NIKKEION_TP4.0_SL1.0_H1,VALIDATION,2022-06-27,2501.T,WIN,8.337913878233072,1,9.820015702889275,False,1.5644775018713195,43.76912496196353,0.2368803875811176,0.0039577750676822,1.6676743248690045,2.109478469558268,1.781581355293611,70.83940742006217
UP20_SCORE50_NIKKEION_TP4.0_SL1.0_H1,VALIDATION,2022-06-28,9501.T,HOLD,5.172727272727274,1,9.046096065256291,False,-0.1853194746595843,20.191556948575037,4.166666666666674,0.1471293143668663,2.302757482523177,3.818181818181817,2.373206083583625,67.66977151936806
UP20_SCORE50_NIKKEION_TP4.0_SL1.0_H1,VALIDATION,2022-06-29,9501.T,LOSS,-3.9572251007484183,1,8.88196224656258,False,0.6706528765352271,22.37396857143523,5.272727272727273,0.204249264353729,2.005658483470548,3.857225100748418,2.7880650383729697,72.51589607440937
UP20_SCORE50_NIKKEION_TP4.0_SL1.0_H1,VALIDATION,2022-06-30,9501.T,HOLD,2.016402116402116,1,8.69955156950672,False,1.466418212752152,24.51597202150592,-2.072538860103623,0.19025697032202,1.2002946002712256,4.115226337448563,2.0613896712206934,67.97537846674064
UP20_SCORE50_NIKKEION_TP4.0_SL1.0_H1,VALIDATION,2022-07-07,8804.T,LOSS,-2.3564891360168927,1,0.0265934630896393,False,1.8073914631535404,23.4174748041781,0.84344269467298,0.019848201568192,1.172779728039382,2.308582038921199,1.0809252854327047,66.07021427242472
UP20_SCORE50_NIKKEION_TP4.0_SL1.0_H1,VALIDATION,2022-07-08,8804.T,LOSS,-2.3442071763351224,1,0.4282553834964402,False,2.048754876514192,24.50874722643819,0.8886574055018581,0.0080089640833866,1.4952237669705812,2.2957280704411014,1.4730094105462403,67.7674063851828
UP20_SCORE50_NIKKEION_TP4.0_SL1.0_H1,VALIDATION,2022-08-26,3402.T,WIN,7.4033022680537135,1,4.715826557188758,False,1.3227068499944927,23.326868980224702,2.1349419667568537,0.0451499048489812,2.120364579714173,1.87582556701343,1.8661862363859685,71.48351885781872
UP20_SCORE50_NIKKEION_TP4.0_SL1.0_H1,VALIDATION,2022-09-08,6963.T,WIN,10.483042605336978,1,3.389358493787343,False,1.450911551849754,17.181027533475167,1.1029514224850656,0.0575267132257677,1.5761652398423698,2.645760651334246,1.9134264834457844,63.69425087590122
UP20_SCORE50_NIKKEION_TP4.0_SL1.0_H1,VALIDATION,2022-09-09,8233.T,WIN,8.075196109081217,1,7.105545004350923,False,2.419994828977501,47.07602457680796,1.4067191098883436,0.0424264355421359,1.5726287733935918,2.043799027270306,2.0167180592190808,84.96763309537195
UP20_SCORE50_NIKKEION_TP4.0_SL1.0_H1,VALIDATION,2022-09-12,3099.T,HOLD,8.589121662137844,1,0.7190452600000207,False,2.762599012130851,32.50220295696049,4.701928889725493,0.0900232111163203,1.2789892584444156,2.54233766046678,1.6376233727228475,80.32291358388707
UP20_SCORE50_NIKKEION_TP4.0_SL1.0_H1,VALIDATION,2022-09-13,6762.T,HOLD,4.55946891217528,1,9.463813495840416,False,1.1505973027165384,23.741570665434217,3.5363485256876714,0.0267329113111032,1.529791393965503,2.3772466104535024,1.9478991951222084,70.83421513435317
UP20_SCORE50_NIKKEION_TP4.0_SL1.0_H1,VALIDATION,2022-09-14,6762.T,HOLD,8.90136156473954,1,9.479109815344067,False,1.1934819770905936,23.95264966470376,-3.605319642757554,0.0110704579108096,1.155304655862548,2.6442402550284143,1.5151809744067293,58.94862853932386
UP20_SCORE50_NIKKEION_TP4.0_SL1.0_H1,VALIDATION,2022-10-04,4502.T,WIN,6.521601945168077,1,0.1784752662705485,False,0.0923229281194926,12.91568892333423,1.3032940182379882,0.0434328521808546,1.4568342799069054,1.6554004862920173,1.980215777578708,61.542227510413
UP20_SCORE50_NIKKEION_TP4.0_SL1.0_H1,VALIDATION,2022-10-06,8031.T,LOSS,-2.2940204005170495,1,5.065407746825307,False,0.0837280115831173,18.889517197394643,1.2750327617096602,0.0227091221899091,0.809571229942505,2.243237488650074,0.8381690110706707,63.42700055474461
UP20_SCORE50_NIKKEION_TP4.0_SL1.0_H1,VALIDATION,2022-10-14,8252.T,LOSS,-2.4442579470050907,1,2.389445668348921,False,0.5022998885166441,13.699459371716976,1.0879489875212478,0.0305650495027016,1.5028310064366206,2.4005326238092,1.7893257501729267,61.433450449673664
UP20_SCORE50_NIKKEION_TP4.0_SL1.0_H1,VALIDATION,2022-10-17,9020.T,LOSS,-2.3816676285319693,1,6.136483812063122,False,2.379010135446391,30.3413445400842,0.5790447743810434,0.0552230149803631,0.6641383234980005,2.3349432733444404,0.7780152141950449,67.39867832806928
UP20_SCORE50_NIKKEION_TP4.0_SL1.0_H1,VALIDATION,2022-12-12,7453.T,HOLD,5.168993152993251,1,7.785745537710707,False,0.6688510049293495,23.26400560168437,2.5965432538196165,0.0730793230628874,1.71096128417233,2.3300665706892305,1.800916419691897,67.18226053707386
UP20_SCORE50_NIKKEION_TP4.0_SL1.0_H1,VALIDATION,2022-12-14,4183.T,WIN,7.405831632360161,1,4.047842666128099,False,1.735151101832666,33.47960405091145,1.4353983141801807,0.0171772644233658,1.467974580070142,1.8764579080900419,1.530005084442979,66.28826055987322
UP20_SCORE50_NIKKEION_TP4.0_SL1.0_H1,VALIDATION,2022-12-15,5803.T,HOLD,7.095558669756919,1,12.463364993046987,False,4.045411099573748,27.54188408217238,1.6710683760046807,0.0610497321030985,1.23869204673954,3.026494906484123,1.3570608199661895,66.5231637345376
UP20_SCORE50_NIKKEION_TP4.0_SL1.0_H1,VALIDATION,2023-01-04,8306.T,LOSS,-2.5587527687580547,1,9.942721833814636,False,4.004071511887508,53.97241962566525,3.140323074040752,0.0772790598147473,1.5402472630176538,2.5207313198785037,1.7562880669658096,80.2377668052138
UP20_SCORE50_NIKKEION_TP4.0_SL1.0_H1,VALIDATION,2023-01-10,8306.T,LOSS,-2.6428098648574094,1,11.168476859444912,False,3.7567415977903806,53.3374668171745,-3.552148419021073,0.0102480136578335,0.6960690082106086,2.6091557342575955,0.7399519584810441,67.124779054125
UP20_SCORE50_NIKKEION_TP4.0_SL1.0_H1,VALIDATION,2023-01-11,3382.T,LOSS,-1.7895410481692742,1,-0.342018630134584,True,0.0643002033458461,11.064368921038149,0.1567953069600225,0.002254167969536,1.330397347716364,1.7185771139539858,1.7491209180835523,59.8589561169827
UP20_SCORE50_NIKKEION_TP4.0_SL1.0_H1,VALIDATION,2023-01-12,8795.T,LOSS,-2.7453695800282008,1,13.347418043336852,False,3.631370741500861,41.89053345181456,1.373349552942793,-0.0147676883364578,1.2388590074410453,2.7172509089875936,1.5983048518463,71.32842362367616
UP20_SCORE50_NIKKEION_TP4.0_SL1.0_H1,VALIDATION,2023-01-17,8304.T,LOSS,-1.9467528617879926,1,1.5180680908893067,False,1.0887323265154736,29.739522415801503,-3.353980520298649,0.0273378625270058,0.7193841847445767,1.8814995077926906,0.7796521901805284,56.275925104326
UP20_SCORE50_NIKKEION_TP4.0_SL1.0_H1,VALIDATION,2023-02-24,9107.T,WIN,11.605946284777014,1,9.446404148371524,False,4.09844994706916,43.4164883645031,1.0370470060754755,0.0191426801055223,1.190554996700955,2.9264865711942534,1.0778453082226491,71.89668183793219
UP20_SCORE50_NIKKEION_TP4.0_SL1.0_H1,VALIDATION,2023-03-01,5406.T,WIN,11.168328716414832,1,14.91716099759614,False,6.888477232737333,54.04595324073036,3.2292749761118733,0.0651599338858062,1.252977261833042,2.8170821791037097,1.4760421644722026,84.29291427976493
UP20_SCORE50_NIKKEION_TP4.0_SL1.0_H1,VALIDATION,2023-03-02,7532.T,HOLD,3.8475946283756834,1,2.311749896743116,False,1.110301730656027,23.028168592738364,-2.3219991254686434,0.0040066512595293,1.2480259842078736,2.4894896230590753,1.209647434940606,58.48457558086351
UP20_SCORE50_NIKKEION_TP4.0_SL1.0_H1,VALIDATION,2023-03-10,7532.T,HOLD,2.5956173520402026,1,3.57934608370132,False,1.880228685350693,28.13455632423358,-2.921340206282974,0.0131222127276182,1.491419817093107,2.5463457920216275,1.7096566069760155,58.657926704217566
UP20_SCORE50_NIKKEION_TP4.0_SL1.0_H1,VALIDATION,2023-03-22,9432.T,WIN,5.064884984967611,1,2.9886769743890587,False,0.7353999834895264,15.681016052641414,0.4470819300953277,0.0202850673358965,1.1697412593408478,1.2912212462419026,1.3366632783126184,63.96297916656753
UP20_SCORE50_NIKKEION_TP4.0_SL1.0_H1,VALIDATION,2023-03-23,2282.T,WIN,5.308156466981318,1,1.7935028429780078,False,0.8430250161032271,22.46676756670302,2.213557995259552,0.0245550521425392,1.4819834848611226,1.3520391167453294,1.6059746686702747,66.90274959696077
UP20_SCORE50_NIKKEION_TP4.0_SL1.0_H1,VALIDATION,2023-03-24,6723.T,HOLD,2.5769774427449987,1,21.077810898210828,False,2.4896742800021965,43.31982897965375,-4.3964883172957325,-0.0202395987154747,1.1259718314548754,3.1405859161334573,1.0754052744686402,57.82603205917243
UP20_SCORE50_NIKKEION_TP4.0_SL1.0_H1,VALIDATION,2023-03-27,6361.T,HOLD,6.739283324087009,1,8.015432590568775,False,0.7256587766140354,32.560408763507056,0.3372783188205552,0.0885154918963881,0.9994858611825193,2.521615739209733,1.401131572308912,62.16034027957021
UP20_SCORE50_NIKKEION_TP4.0_SL1.0_H1,VALIDATION,2023-03-28,5406.T,WIN,14.893240252881357,1,27.71121179146026,False,3.418661545644519,47.33339839088339,-9.545051328617529,-0.0041982856109186,0.8995679943658907,3.748310063220339,0.4577978948027875,58.09078371530008
UP20_SCORE50_NIKKEION_TP4.0_SL1.0_H1,VALIDATION,2023-03-29,6501.T,HOLD,5.231834133933145,1,1.0988968003756614,False,0.0979342932952764,16.39183530118584,0.7640034424433395,0.040399658979535,1.4440823297722165,2.0827135864235418,1.320943838763867,62.83061669805912
UP20_SCORE50_NIKKEION_TP4.0_SL1.0_H1,VALIDATION,2023-05-02,4062.T,HOLD,1.0139579242476215,1,4.013966551592089,False,1.802827796504003,20.67844708573587,9.00735727262434,0.1648387926054175,2.2486169616892635,3.1848252355601923,4.576523959366289,74.71698370331268
UP20_SCORE50_NIKKEION_TP4.0_SL1.0_H1,VALIDATION,2023-05-08,4062.T,HOLD,5.527817301031235,1,4.5676056091174,False,2.5347224805395863,23.10031811179641,-1.0118074056056026,0.1743182992262808,0.7399843511094202,3.210063097006962,1.5313197485061518,71.9754167058368
UP20_SCORE50_NIKKEION_TP4.0_SL1.0_H1,VALIDATION,2023-06-23,9432.T,WIN,5.924094680342463,1,1.1363365080353516,False,-0.2749633970042797,11.371284216097926,-0.4109173678928934,0.0364913154366119,1.114048707553409,1.5060236700856175,1.0082536774631734,53.32269300141883
UP20_SCORE50_NIKKEION_TP4.0_SL1.0_H1,VALIDATION,2023-07-14,3697.T,HOLD,2.6352689429760656,1,4.414202111466844,False,0.9825434478655692,14.066035777668535,11.423477609773958,0.2445951797241883,3.1735855666491504,3.664836270819342,5.869603952377096,73.90035206959334
UP20_SCORE50_NIKKEION_TP4.0_SL1.0_H1,VALIDATION,2023-07-18,3697.T,HOLD,3.523970101615148,1,4.9953295049275175,False,2.044955701868667,17.111553296105495,2.299582343674889,0.2528169654791361,1.6606525716609066,3.758092130501045,3.6132920490987503,75.56989565836771
UP20_SCORE50_NIKKEION_TP4.0_SL1.0_H1,VALIDATION,2023-07-19,3697.T,TIMEOUT_LOSS,-2.2265375704661805,1,5.567456335180463,False,3.178951129004992,20.179742269010724,3.184516937369808,0.2654910535496504,1.1688741037667625,3.7680333712417116,2.7744672503003995,77.74209892609204
UP20_SCORE50_NIKKEION_TP4.0_SL1.0_H1,VALIDATION,2023-07-20,9107.T,WIN,14.006070099017409,1,7.365756579489273,False,4.617551222256289,40.456823312574784,0.6164097608000185,0.0938839039136021,1.2425910903490696,3.5265175247543543,1.297700012415697,75.59799884044793
UP20_SCORE50_NIKKEION_TP4.0_SL1.0_H1,VALIDATION,2023-07-24,8304.T,WIN,4.646462184734912,1,5.965186154094392,False,1.4953254814182193,46.50894890976158,-0.1436610728448251,0.0052203232234606,0.9984152139461172,1.186615546183726,0.9270053085895136,73.84824848778555
UP20_SCORE50_NIKKEION_TP4.0_SL1.0_H1,VALIDATION,2023-07-25,9107.T,WIN,13.424120072605417,1,9.426236891350596,False,5.728474038906661,43.95468824272265,0.4712471779455551,0.0685211820160593,0.7454517534288647,3.381030018151354,0.7193571847781792,73.09781851674379
UP20_SCORE50_NIKKEION_TP4.0_SL1.0_H1,VALIDATION,2023-07-27,3697.T,TIMEOUT_LOSS,-0.7186061325326508,1,6.924157184283334,False,3.259052026362852,29.05887576099701,-1.0892575373501412,0.002571187096052,0.7087931439305001,3.531479074970112,0.5298027773512055,71.0424364651647
UP20_SCORE50_NIKKEION_TP4.0_SL1.0_H1,VALIDATION,2023-08-02,2871.T,WIN,6.0627349642954025,1,3.8189108712657336,False,0.7242951919965934,34.654865155400365,-0.3352535094952369,0.0165360395766838,1.8527815891231132,1.5406837410738485,2.5689084895259096,68.58018561012706
UP20_SCORE50_NIKKEION_TP4.0_SL1.0_H1,VALIDATION,2023-08-10,1605.T,HOLD,6.879169240044492,1,11.164981718369583,False,3.493592257604239,52.83446425483549,12.463460383201651,0.1554229117371919,2.79979946927813,2.9283910300581084,4.34619726101322,79.77015775754742
UP20_SCORE50_NIKKEION_TP4.0_SL1.0_H1,VALIDATION,2023-08-23,7261.T,WIN,10.508662911097277,1,5.953331285872705,False,1.9455717693589447,12.708498948693068,1.9993264348709736,0.0386591443652704,1.6638416589958922,2.652165727774321,1.5720263859369508,64.21075613369555
UP20_SCORE50_NIKKEION_TP4.0_SL1.0_H1,VALIDATION,2023-08-24,4062.T,LOSS,-3.593088741091144,1,6.80922560641553,False,-0.1925287628427585,15.369284537342974,1.0315239770017692,0.0820505230531885,2.3957283900866413,3.493088741091155,2.2102836747592667,63.32774287075412
UP20_SCORE50_NIKKEION_TP4.0_SL1.0_H1,VALIDATION,2023-08-25,3405.T,WIN,8.751136359044375,1,5.563676524694812,False,3.2152690771133585,33.8857711933423,0.5009277123760647,0.0383852602473304,1.6114387669128216,2.2127840897610955,1.4383193507789016,74.62114188384804
UP20_SCORE50_NIKKEION_TP4.0_SL1.0_H1,VALIDATION,2023-08-28,6113.T,WIN,8.383439084083,1,2.0495189820741966,False,1.2136642361419758,13.1843960890482,2.1775693976564536,0.045055261327477,1.8592336349121876,2.1208597710207515,1.5424862573680376,68.72876119221075
UP20_SCORE50_NIKKEION_TP4.0_SL1.0_H1,VALIDATION,2023-09-21,9501.T,HOLD,2.430923944535668,1,12.439084434745476,False,3.3705390033044846,55.35845466158926,3.1764129913268717,0.1079233947128065,1.2387773526238668,2.8613704298891873,1.684289366876984,77.03312199329181
UP20_SCORE50_NIKKEION_TP4.0_SL1.0_H1,VALIDATION,2023-09-25,9501.T,TIMEOUT_LOSS,-0.11415884285430603,1,12.88310819699138,False,3.374417007853281,58.02956451732003,-2.0940197056126486,0.0391210454202126,0.8268094745310657,2.9745042492917833,0.8797495788732139,69.48561231535493
UP20_SCORE50_NIKKEION_TP4.0_SL1.0_H1,VALIDATION,2023-09-26,8795.T,LOSS,-2.598671049358936,1,8.073776484220787,False,2.6441221533526127,40.65925639038708,0.3276185569456968,0.031178315543677,1.4798864527695812,2.562704607466282,1.5836332714471573,67.81712545659161
UP20_SCORE50_NIKKEION_TP4.0_SL1.0_H1,VALIDATION,2023-09-27,8697.T,LOSS,-2.075594545046533,1,3.3470779308842338,False,1.4497709058478805,32.77614038546648,3.4413909652475594,0.0834387115714591,1.6005725384357377,2.015410892703044,2.222029709001226,79.38085439124544
UP20_SCORE50_NIKKEION_TP4.0_SL1.0_H1,VALIDATION,2023-09-28,7211.T,LOSS,-2.7868180437806034,1,9.117007954978993,False,3.450040277711963,39.29149553083054,1.8863381236379428,0.0571909307090926,1.5897506486632105,2.7610011200634483,2.021996336198152,71.69805481165484
UP20_SCORE50_NIKKEION_TP4.0_SL1.0_H1,VALIDATION,2023-09-29,4519.T,LOSS,-2.446928996996245,1,5.059909895761967,False,0.93704686797198,28.12251682599573,0.1516356839443844,0.1048133624170686,1.5080802597375482,2.4033335284704487,2.628650714220726,65.25518100416157
UP20_SCORE50_NIKKEION_TP4.0_SL1.0_H1,VALIDATION,2023-10-05,2269.T,LOSS,-1.5982093299072075,1,5.667624576179167,False,0.1451186230179368,24.34501268351313,-1.262131078753559,0.0233988642222333,1.0088775203129705,1.5209970496121126,1.013320955136232,57.58098723507021
UP20_SCORE50_NIKKEION_TP4.0_SL1.0_H1,VALIDATION,2023-10-10,9107.T,LOSS,-3.625029196249774,1,15.933972418178186,False,1.9657485360281115,32.90204777315115,5.531622163232508,0.1134071461102983,1.3518507547182232,3.653827689070136,1.4354720499868414,67.38977612445666
UP20_SCORE50_NIKKEION_TP4.0_SL1.0_H1,VALIDATION,2023-10-11,9107.T,LOSS,-4.01935664188624,1,15.362860239972823,False,1.817783356617397,33.364067410548024,-6.101345299331939,0.0227167095357356,1.0926120652724227,4.079236467305844,1.229057736320596,55.98673825518541
UP20_SCORE50_NIKKEION_TP4.0_SL1.0_H1,VALIDATION,2023-10-18,7453.T,LOSS,-3.169829452539341,1,4.136507868839604,False,0.1223158978307381,22.63425020648197,3.166167693874544,0.1318619295282879,0.9600826348913224,3.16705256495576,1.773623917931742,67.49018008188494
UP20_SCORE50_NIKKEION_TP4.0_SL1.0_H1,VALIDATION,2023-10-20,6146.T,LOSS,-4.184819502409342,1,4.86039981790385,False,1.3515102489323416,14.912070979595237,-8.256885924341816,-0.0165392411775153,2.06778634855144,4.258783105258246,2.6872402350224203,49.996886216467445
UP20_SCORE50_NIKKEION_TP4.0_SL1.0_H1,VALIDATION,2023-10-23,6146.T,LOSS,-4.133144432597879,1,4.817619835452092,False,1.439467587139709,13.874446729497864,-6.37287494688662,0.0082183644223207,1.3655025933265694,4.202643098757367,1.9839982365684723,53.13269282156323
UP20_SCORE50_NIKKEION_TP4.0_SL1.0_H1,VALIDATION,2023-10-24,6762.T,LOSS,-2.51643032389427,1,4.1604519363736845,False,0.9948155952706816,17.151550373912308,-2.38955240864851,0.0110094748032077,1.2599746640825475,2.476267605207279,0.982404599244012,56.23701851890526
UP20_SCORE50_NIKKEION_TP4.0_SL1.0_H1,VALIDATION,2023-10-25,8354.T,LOSS,-2.629245405764913,1,7.543562389122455,False,0.2248247343790588,20.147436021905254,0.3421078714360925,0.0275245695155686,1.2498093252656737,2.594876192652884,1.1612895605596203,59.73818591868691
UP20_SCORE50_NIKKEION_TP4.0_SL1.0_H1,VALIDATION,2023-10-27,7453.T,LOSS,-2.9619415088255385,1,2.219489345986285,False,0.8191807321748623,23.100694441319646,1.448541445823448,0.0410464872483673,1.0020694881660257,2.9462617981865042,0.7730977542858364,65.26072739948032
UP20_SCORE50_NIKKEION_TP4.0_SL1.0_H1,VALIDATION,2023-10-30,8354.T,LOSS,-2.7488412271219786,1,6.961966882938133,False,0.4635109606138554,20.183945473791084,-1.572169017049041,0.0235651555938773,2.242165378893315,2.7209139167020906,3.041452154524692,57.710746195913416
UP20_SCORE50_NIKKEION_TP4.0_SL1.0_H1,VALIDATION,2023-10-31,8354.T,LOSS,-2.778247518823007,1,6.990528763368678,False,0.7896743702185294,20.80181074330227,1.9845406507217331,0.061751516195736,1.2017489922798388,2.7519515941115085,1.8450726385902343,64.8150694647926
UP20_SCORE50_NIKKEION_TP4.0_SL1.0_H1,VALIDATION,2023-12-06,9501.T,HOLD,10.44913294797688,1,1.1578272175565565,False,0.4150857548883557,12.53495466131979,3.919503623521159,0.0978182408120953,2.777650370355735,2.9865125240847794,3.8960955408717135,65.11804068639108
UP20_SCORE50_NIKKEION_TP4.0_SL1.0_H1,VALIDATION,2023-12-12,9434.T,WIN,3.8564981738389625,1,3.666793621977835,False,1.29191483774298,40.13151817494092,-0.6322107278257882,0.0034921505240095,0.6726550999333534,0.9891245434597407,0.7436676511251774,69.58475793091037
UP20_SCORE50_NIKKEION_TP4.0_SL1.0_H1,VALIDATION,2023-12-20,4751.T,HOLD,4.377563165800658,1,3.2796344993330924,False,0.5968344014660953,15.889307443901632,-6.580945769099788,0.0432022766255002,0.7191332989209253,3.1244795018202653,0.4118260002949004,56.27814074644787
UP20_SCORE50_NIKKEION_TP4.0_SL1.0_H1,VALIDATION,2024-03-08,8331.T,WIN,10.194336414833705,1,5.405307907021086,False,2.693774385595749,36.25104127848698,0.9972018532308002,0.0155313857543469,1.357289321773241,2.573584103708426,1.6865697218534337,73.6374923996679
UP20_SCORE50_NIKKEION_TP4.0_SL1.0_H1,VALIDATION,2024-03-11,8309.T,WIN,9.7796709059245,1,5.456514832612866,False,1.8033243234927052,38.94777737859525,-2.829621941040217,0.0670779999091881,1.2557221617814778,2.469917726481123,1.5724905472866024,64.63927772022649
UP20_SCORE50_NIKKEION_TP4.0_SL1.0_H1,VALIDATION,2024-03-13,9502.T,WIN,9.352818067430947,1,0.3284805989638264,False,-0.3949155550553529,9.336203923379715,-0.4163332885228521,0.0416315849555858,1.3713123246439942,2.363204516857735,1.5435690298745686,53.35620076050401
UP20_SCORE50_NIKKEION_TP4.0_SL1.0_H1,VALIDATION,2024-03-14,8750.T,WIN,9.83825761176641,1,6.723172643826112,False,3.0553242124834457,28.73657296378135,-2.003808894791248,0.0074324154293817,0.7894672961852629,2.4845644029416025,0.7682347991053303,65.40246304310125
UP20_SCORE50_NIKKEION_TP4.0_SL1.0_H1,VALIDATION,2024-03-18,3289.T,WIN,10.456607692483834,1,3.1788561124538144,False,1.0067788984315262,36.8627274994429,2.9795236379785983,0.0993729974623696,1.2184818060410647,2.6391519231209566,1.515077338343676,70.79072631991961
UP20_SCORE50_NIKKEION_TP4.0_SL1.0_H1,VALIDATION,2024-03-19,8801.T,HOLD,8.495777150300976,1,9.773150047748146,False,2.115825121948145,32.446154882604525,5.3761017561049895,0.122181980734735,1.510534167150447,2.8278956009457774,2.033014039373544,75.61957057625732
UP20_SCORE50_NIKKEION_TP4.0_SL1.0_H1,VALIDATION,2024-04-09,2802.T,HOLD,2.084859200252953,1,-2.0396650901238145,True,0.1140152048729081,11.84818662713996,-0.1054377642351167,0.0248691679840129,0.9442094751373102,2.069009730016713,0.7392609115577428,57.09474121995388
UP20_SCORE50_NIKKEION_TP4.0_SL1.0_H1,VALIDATION,2024-04-10,6762.T,HOLD,4.404569372984535,1,1.7483349542660995,False,-0.7984789682288995,17.61370277586641,-1.2453024400790658,0.0196837125091595,0.8644640211555924,2.5918242589761054,0.6724433305554953,53.10534978918167
UP20_SCORE50_NIKKEION_TP4.0_SL1.0_H1,VALIDATION,2024-04-24,8306.T,HOLD,7.140239660000736,1,5.791235339906379,False,0.4467188060413019,17.604649912322607,0.4799929191379393,0.0388005802676905,0.8113443422931543,2.263652438436166,0.8313150105569843,58.02624765264058
UP20_SCORE40_NIKKEION_TP4.0_SL1.0_H1,VALIDATION,2022-05-13,2501.T,LOSS,-2.2852357779900023,1,5.944871187551252,False,3.400604512726435,38.685878809615936,-0.3244343527760707,0.0267817779012543,1.333862563100472,2.2340551504373973,1.455429821541605,78.64119875658174
UP20_SCORE40_NIKKEION_TP4.0_SL1.0_H1,VALIDATION,2022-05-16,6301.T,LOSS,-3.1632717938697374,1,5.068992986471936,False,0.7836985691567211,15.798331855947607,-3.900932073936836,-0.0024932155918815,0.6914859348369753,3.1600734319770694,0.6245396225466924,57.77345937599581
UP20_SCORE40_NIKKEION_TP4.0_SL1.0_H1,VALIDATION,2022-05-17,5020.T,LOSS,-2.4595859520750274,1,1.760630250605687,False,1.405987367477768,19.07032630053753,3.1570597639297704,0.0728946497185125,1.0614395952093003,2.4166078924213226,1.7550698443476471,75.02798470985627
UP20_SCORE40_NIKKEION_TP4.0_SL1.0_H1,VALIDATION,2022-05-19,2501.T,LOSS,-2.3502619316515982,1,7.467256675485255,False,3.2599036571882234,37.80008010592002,-2.81183741478237,-0.0535223213251143,0.665694627967376,2.302064410728333,0.5957733125363183,64.63334214326557
UP20_SCORE40_NIKKEION_TP4.0_SL1.0_H1,VALIDATION,2022-06-10,5803.T,HOLD,8.026663916998123,1,18.524807642590567,False,6.702168884496307,43.39822829433884,-2.2248190983177096,0.0388881292514335,1.243466362599772,3.4588471392703823,1.0810864397269426,71.89716109124154
UP20_SCORE40_NIKKEION_TP4.0_SL1.0_H1,VALIDATION,2022-06-24,7211.T,HOLD,11.175615019526564,1,20.002268211229577,False,4.349113502823965,42.1196056280957,-8.606548698090188,0.0025616573777389,1.480431990860245,4.339395390652548,1.9367317893950209,57.01585206707608
UP20_SCORE40_NIKKEION_TP4.0_SL1.0_H1,VALIDATION,2022-06-27,2501.T,WIN,8.337913878233072,1,9.820015702889275,False,1.5644775018713195,43.76912496196353,0.2368803875811176,0.0039577750676822,1.6676743248690045,2.109478469558268,1.781581355293611,70.83940742006217
UP20_SCORE40_NIKKEION_TP4.0_SL1.0_H1,VALIDATION,2022-06-28,9501.T,HOLD,5.172727272727274,1,9.046096065256291,False,-0.1853194746595843,20.191556948575037,4.166666666666674,0.1471293143668663,2.302757482523177,3.818181818181817,2.373206083583625,67.66977151936806
UP20_SCORE40_NIKKEION_TP4.0_SL1.0_H1,VALIDATION,2022-06-29,9501.T,LOSS,-3.9572251007484183,1,8.88196224656258,False,0.6706528765352271,22.37396857143523,5.272727272727273,0.204249264353729,2.005658483470548,3.857225100748418,2.7880650383729697,72.51589607440937
UP20_SCORE40_NIKKEION_TP4.0_SL1.0_H1,VALIDATION,2022-06-30,9501.T,HOLD,2.016402116402116,1,8.69955156950672,False,1.466418212752152,24.51597202150592,-2.072538860103623,0.19025697032202,1.2002946002712256,4.115226337448563,2.0613896712206934,67.97537846674064
UP20_SCORE40_NIKKEION_TP4.0_SL1.0_H1,VALIDATION,2022-07-07,8804.T,LOSS,-2.3564891360168927,1,0.0265934630896393,False,1.8073914631535404,23.4174748041781,0.84344269467298,0.019848201568192,1.172779728039382,2.308582038921199,1.0809252854327047,66.07021427242472
UP20_SCORE40_NIKKEION_TP4.0_SL1.0_H1,VALIDATION,2022-07-08,8804.T,LOSS,-2.3442071763351224,1,0.4282553834964402,False,2.048754876514192,24.50874722643819,0.8886574055018581,0.0080089640833866,1.4952237669705812,2.2957280704411014,1.4730094105462403,67.7674063851828
UP20_SCORE40_NIKKEION_TP4.0_SL1.0_H1,VALIDATION,2022-08-26,3402.T,WIN,7.4033022680537135,1,4.715826557188758,False,1.3227068499944927,23.326868980224702,2.1349419667568537,0.0451499048489812,2.120364579714173,1.87582556701343,1.8661862363859685,71.48351885781872
UP20_SCORE40_NIKKEION_TP4.0_SL1.0_H1,VALIDATION,2022-09-08,6963.T,WIN,10.483042605336978,1,3.389358493787343,False,1.450911551849754,17.181027533475167,1.1029514224850656,0.0575267132257677,1.5761652398423698,2.645760651334246,1.9134264834457844,63.69425087590122
UP20_SCORE40_NIKKEION_TP4.0_SL1.0_H1,VALIDATION,2022-09-09,8233.T,WIN,8.075196109081217,1,7.105545004350923,False,2.419994828977501,47.07602457680796,1.4067191098883436,0.0424264355421359,1.5726287733935918,2.043799027270306,2.0167180592190808,84.96763309537195
UP20_SCORE40_NIKKEION_TP4.0_SL1.0_H1,VALIDATION,2022-09-12,3099.T,HOLD,8.589121662137844,1,0.7190452600000207,False,2.762599012130851,32.50220295696049,4.701928889725493,0.0900232111163203,1.2789892584444156,2.54233766046678,1.6376233727228475,80.32291358388707
UP20_SCORE40_NIKKEION_TP4.0_SL1.0_H1,VALIDATION,2022-09-13,6762.T,HOLD,4.55946891217528,1,9.463813495840416,False,1.1505973027165384,23.741570665434217,3.5363485256876714,0.0267329113111032,1.529791393965503,2.3772466104535024,1.9478991951222084,70.83421513435317
UP20_SCORE40_NIKKEION_TP4.0_SL1.0_H1,VALIDATION,2022-09-14,6762.T,HOLD,8.90136156473954,1,9.479109815344067,False,1.1934819770905936,23.95264966470376,-3.605319642757554,0.0110704579108096,1.155304655862548,2.6442402550284143,1.5151809744067293,58.94862853932386
UP20_SCORE40_NIKKEION_TP4.0_SL1.0_H1,VALIDATION,2022-10-04,4502.T,WIN,6.521601945168077,1,0.1784752662705485,False,0.0923229281194926,12.91568892333423,1.3032940182379882,0.0434328521808546,1.4568342799069054,1.6554004862920173,1.980215777578708,61.542227510413
UP20_SCORE40_NIKKEION_TP4.0_SL1.0_H1,VALIDATION,2022-10-06,8031.T,LOSS,-2.2940204005170495,1,5.065407746825307,False,0.0837280115831173,18.889517197394643,1.2750327617096602,0.0227091221899091,0.809571229942505,2.243237488650074,0.8381690110706707,63.42700055474461
UP20_SCORE40_NIKKEION_TP4.0_SL1.0_H1,VALIDATION,2022-10-14,8252.T,LOSS,-2.4442579470050907,1,2.389445668348921,False,0.5022998885166441,13.699459371716976,1.0879489875212478,0.0305650495027016,1.5028310064366206,2.4005326238092,1.7893257501729267,61.433450449673664
UP20_SCORE40_NIKKEION_TP4.0_SL1.0_H1,VALIDATION,2022-10-17,9020.T,LOSS,-2.3816676285319693,1,6.136483812063122,False,2.379010135446391,30.3413445400842,0.5790447743810434,0.0552230149803631,0.6641383234980005,2.3349432733444404,0.7780152141950449,67.39867832806928
UP20_SCORE40_NIKKEION_TP4.0_SL1.0_H1,VALIDATION,2022-12-09,1605.T,WIN,8.808198355718522,1,1.3832846364679428,False,-0.8940106944303805,17.745321578699027,-9.241547871791555,-0.0531960665596382,1.3205778711055436,2.2270495889296305,1.3881681707997269,34.26191314652557
UP20_SCORE40_NIKKEION_TP4.0_SL1.0_H1,VALIDATION,2022-12-12,7453.T,HOLD,5.168993152993251,1,7.785745537710707,False,0.6688510049293495,23.26400560168437,2.5965432538196165,0.0730793230628874,1.71096128417233,2.3300665706892305,1.800916419691897,67.18226053707386
UP20_SCORE40_NIKKEION_TP4.0_SL1.0_H1,VALIDATION,2022-12-14,4183.T,WIN,7.405831632360161,1,4.047842666128099,False,1.735151101832666,33.47960405091145,1.4353983141801807,0.0171772644233658,1.467974580070142,1.8764579080900419,1.530005084442979,66.28826055987322
UP20_SCORE40_NIKKEION_TP4.0_SL1.0_H1,VALIDATION,2022-12-15,5803.T,HOLD,7.095558669756919,1,12.463364993046987,False,4.045411099573748,27.54188408217238,1.6710683760046807,0.0610497321030985,1.23869204673954,3.026494906484123,1.3570608199661895,66.5231637345376
UP20_SCORE40_NIKKEION_TP4.0_SL1.0_H1,VALIDATION,2023-01-04,8306.T,LOSS,-2.5587527687580547,1,9.942721833814636,False,4.004071511887508,53.97241962566525,3.140323074040752,0.0772790598147473,1.5402472630176538,2.5207313198785037,1.7562880669658096,80.2377668052138
UP20_SCORE40_NIKKEION_TP4.0_SL1.0_H1,VALIDATION,2023-01-10,8306.T,LOSS,-2.6428098648574094,1,11.168476859444912,False,3.7567415977903806,53.3374668171745,-3.552148419021073,0.0102480136578335,0.6960690082106086,2.6091557342575955,0.7399519584810441,67.124779054125
UP20_SCORE40_NIKKEION_TP4.0_SL1.0_H1,VALIDATION,2023-01-11,3382.T,LOSS,-1.7895410481692742,1,-0.342018630134584,True,0.0643002033458461,11.064368921038149,0.1567953069600225,0.002254167969536,1.330397347716364,1.7185771139539858,1.7491209180835523,59.8589561169827
UP20_SCORE40_NIKKEION_TP4.0_SL1.0_H1,VALIDATION,2023-01-12,8795.T,LOSS,-2.7453695800282008,1,13.347418043336852,False,3.631370741500861,41.89053345181456,1.373349552942793,-0.0147676883364578,1.2388590074410453,2.7172509089875936,1.5983048518463,71.32842362367616
UP20_SCORE40_NIKKEION_TP4.0_SL1.0_H1,VALIDATION,2023-01-13,9101.T,LOSS,-2.8212090004889,1,8.432275775259813,False,0.0226082431078467,23.78444107266994,-5.357685487463915,0.0504641355467856,0.8072282660539424,2.7973302017112607,0.6535182892279281,51.06914415189403
UP20_SCORE40_NIKKEION_TP4.0_SL1.0_H1,VALIDATION,2023-01-17,8304.T,LOSS,-1.9467528617879926,1,1.5180680908893067,False,1.0887323265154736,29.739522415801503,-3.353980520298649,0.0273378625270058,0.7193841847445767,1.8814995077926906,0.7796521901805284,56.275925104326
UP20_SCORE40_NIKKEION_TP4.0_SL1.0_H1,VALIDATION,2023-02-24,9107.T,WIN,11.605946284777014,1,9.446404148371524,False,4.09844994706916,43.4164883645031,1.0370470060754755,0.0191426801055223,1.190554996700955,2.9264865711942534,1.0778453082226491,71.89668183793219
UP20_SCORE40_NIKKEION_TP4.0_SL1.0_H1,VALIDATION,2023-03-01,5406.T,WIN,11.168328716414832,1,14.91716099759614,False,6.888477232737333,54.04595324073036,3.2292749761118733,0.0651599338858062,1.252977261833042,2.8170821791037097,1.4760421644722026,84.29291427976493
UP20_SCORE40_NIKKEION_TP4.0_SL1.0_H1,VALIDATION,2023-03-02,7532.T,HOLD,3.8475946283756834,1,2.311749896743116,False,1.110301730656027,23.028168592738364,-2.3219991254686434,0.0040066512595293,1.2480259842078736,2.4894896230590753,1.209647434940606,58.48457558086351
UP20_SCORE40_NIKKEION_TP4.0_SL1.0_H1,VALIDATION,2023-03-10,7532.T,HOLD,2.5956173520402026,1,3.57934608370132,False,1.880228685350693,28.13455632423358,-2.921340206282974,0.0131222127276182,1.491419817093107,2.5463457920216275,1.7096566069760155,58.657926704217566
UP20_SCORE40_NIKKEION_TP4.0_SL1.0_H1,VALIDATION,2023-03-22,9432.T,WIN,5.064884984967611,1,2.9886769743890587,False,0.7353999834895264,15.681016052641414,0.4470819300953277,0.0202850673358965,1.1697412593408478,1.2912212462419026,1.3366632783126184,63.96297916656753
UP20_SCORE40_NIKKEION_TP4.0_SL1.0_H1,VALIDATION,2023-03-23,2282.T,WIN,5.308156466981318,1,1.7935028429780078,False,0.8430250161032271,22.46676756670302,2.213557995259552,0.0245550521425392,1.4819834848611226,1.3520391167453294,1.6059746686702747,66.90274959696077
UP20_SCORE40_NIKKEION_TP4.0_SL1.0_H1,VALIDATION,2023-03-24,6723.T,HOLD,2.5769774427449987,1,21.077810898210828,False,2.4896742800021965,43.31982897965375,-4.3964883172957325,-0.0202395987154747,1.1259718314548754,3.1405859161334573,1.0754052744686402,57.82603205917243
UP20_SCORE40_NIKKEION_TP4.0_SL1.0_H1,VALIDATION,2023-03-27,6361.T,HOLD,6.739283324087009,1,8.015432590568775,False,0.7256587766140354,32.560408763507056,0.3372783188205552,0.0885154918963881,0.9994858611825193,2.521615739209733,1.401131572308912,62.16034027957021
UP20_SCORE40_NIKKEION_TP4.0_SL1.0_H1,VALIDATION,2023-03-28,5406.T,WIN,14.893240252881357,1,27.71121179146026,False,3.418661545644519,47.33339839088339,-9.545051328617529,-0.0041982856109186,0.8995679943658907,3.748310063220339,0.4577978948027875,58.09078371530008
UP20_SCORE40_NIKKEION_TP4.0_SL1.0_H1,VALIDATION,2023-03-29,6501.T,HOLD,5.231834133933145,1,1.0988968003756614,False,0.0979342932952764,16.39183530118584,0.7640034424433395,0.040399658979535,1.4440823297722165,2.0827135864235418,1.320943838763867,62.83061669805912
UP20_SCORE40_NIKKEION_TP4.0_SL1.0_H1,VALIDATION,2023-05-02,4062.T,HOLD,1.0139579242476215,1,4.013966551592089,False,1.802827796504003,20.67844708573587,9.00735727262434,0.1648387926054175,2.2486169616892635,3.1848252355601923,4.576523959366289,74.71698370331268
UP20_SCORE40_NIKKEION_TP4.0_SL1.0_H1,VALIDATION,2023-05-08,4062.T,HOLD,5.527817301031235,1,4.5676056091174,False,2.5347224805395863,23.10031811179641,-1.0118074056056026,0.1743182992262808,0.7399843511094202,3.210063097006962,1.5313197485061518,71.9754167058368
UP20_SCORE40_NIKKEION_TP4.0_SL1.0_H1,VALIDATION,2023-06-23,9432.T,WIN,5.924094680342463,1,1.1363365080353516,False,-0.2749633970042797,11.371284216097926,-0.4109173678928934,0.0364913154366119,1.114048707553409,1.5060236700856175,1.0082536774631734,53.32269300141883
UP20_SCORE40_NIKKEION_TP4.0_SL1.0_H1,VALIDATION,2023-07-14,3697.T,HOLD,2.6352689429760656,1,4.414202111466844,False,0.9825434478655692,14.066035777668535,11.423477609773958,0.2445951797241883,3.1735855666491504,3.664836270819342,5.869603952377096,73.90035206959334
UP20_SCORE40_NIKKEION_TP4.0_SL1.0_H1,VALIDATION,2023-07-18,3697.T,HOLD,3.523970101615148,1,4.9953295049275175,False,2.044955701868667,17.111553296105495,2.299582343674889,0.2528169654791361,1.6606525716609066,3.758092130501045,3.6132920490987503,75.56989565836771
UP20_SCORE40_NIKKEION_TP4.0_SL1.0_H1,VALIDATION,2023-07-19,3697.T,TIMEOUT_LOSS,-2.2265375704661805,1,5.567456335180463,False,3.178951129004992,20.179742269010724,3.184516937369808,0.2654910535496504,1.1688741037667625,3.7680333712417116,2.7744672503003995,77.74209892609204
UP20_SCORE40_NIKKEION_TP4.0_SL1.0_H1,VALIDATION,2023-07-20,9107.T,WIN,14.006070099017409,1,7.365756579489273,False,4.617551222256289,40.456823312574784,0.6164097608000185,0.0938839039136021,1.2425910903490696,3.5265175247543543,1.297700012415697,75.59799884044793
UP20_SCORE40_NIKKEION_TP4.0_SL1.0_H1,VALIDATION,2023-07-24,8304.T,WIN,4.646462184734912,1,5.965186154094392,False,1.4953254814182193,46.50894890976158,-0.1436610728448251,0.0052203232234606,0.9984152139461172,1.186615546183726,0.9270053085895136,73.84824848778555
UP20_SCORE40_NIKKEION_TP4.0_SL1.0_H1,VALIDATION,2023-07-25,9107.T,WIN,13.424120072605417,1,9.426236891350596,False,5.728474038906661,43.95468824272265,0.4712471779455551,0.0685211820160593,0.7454517534288647,3.381030018151354,0.7193571847781792,73.09781851674379
UP20_SCORE40_NIKKEION_TP4.0_SL1.0_H1,VALIDATION,2023-07-27,3697.T,TIMEOUT_LOSS,-0.7186061325326508,1,6.924157184283334,False,3.259052026362852,29.05887576099701,-1.0892575373501412,0.002571187096052,0.7087931439305001,3.531479074970112,0.5298027773512055,71.0424364651647
UP20_SCORE40_NIKKEION_TP4.0_SL1.0_H1,VALIDATION,2023-08-02,2871.T,WIN,6.0627349642954025,1,3.8189108712657336,False,0.7242951919965934,34.654865155400365,-0.3352535094952369,0.0165360395766838,1.8527815891231132,1.5406837410738485,2.5689084895259096,68.58018561012706
UP20_SCORE40_NIKKEION_TP4.0_SL1.0_H1,VALIDATION,2023-08-10,1605.T,HOLD,6.879169240044492,1,11.164981718369583,False,3.493592257604239,52.83446425483549,12.463460383201651,0.1554229117371919,2.79979946927813,2.9283910300581084,4.34619726101322,79.77015775754742
UP20_SCORE40_NIKKEION_TP4.0_SL1.0_H1,VALIDATION,2023-08-23,7261.T,WIN,10.508662911097277,1,5.953331285872705,False,1.9455717693589447,12.708498948693068,1.9993264348709736,0.0386591443652704,1.6638416589958922,2.652165727774321,1.5720263859369508,64.21075613369555
UP20_SCORE40_NIKKEION_TP4.0_SL1.0_H1,VALIDATION,2023-08-24,4062.T,LOSS,-3.593088741091144,1,6.80922560641553,False,-0.1925287628427585,15.369284537342974,1.0315239770017692,0.0820505230531885,2.3957283900866413,3.493088741091155,2.2102836747592667,63.32774287075412
UP20_SCORE40_NIKKEION_TP4.0_SL1.0_H1,VALIDATION,2023-08-25,3405.T,WIN,8.751136359044375,1,5.563676524694812,False,3.2152690771133585,33.8857711933423,0.5009277123760647,0.0383852602473304,1.6114387669128216,2.2127840897610955,1.4383193507789016,74.62114188384804
UP20_SCORE40_NIKKEION_TP4.0_SL1.0_H1,VALIDATION,2023-08-28,6113.T,WIN,8.383439084083,1,2.0495189820741966,False,1.2136642361419758,13.1843960890482,2.1775693976564536,0.045055261327477,1.8592336349121876,2.1208597710207515,1.5424862573680376,68.72876119221075
UP20_SCORE40_NIKKEION_TP4.0_SL1.0_H1,VALIDATION,2023-09-21,9501.T,HOLD,2.430923944535668,1,12.439084434745476,False,3.3705390033044846,55.35845466158926,3.1764129913268717,0.1079233947128065,1.2387773526238668,2.8613704298891873,1.684289366876984,77.03312199329181
UP20_SCORE40_NIKKEION_TP4.0_SL1.0_H1,VALIDATION,2023-09-25,9501.T,TIMEOUT_LOSS,-0.11415884285430603,1,12.88310819699138,False,3.374417007853281,58.02956451732003,-2.0940197056126486,0.0391210454202126,0.8268094745310657,2.9745042492917833,0.8797495788732139,69.48561231535493
UP20_SCORE40_NIKKEION_TP4.0_SL1.0_H1,VALIDATION,2023-09-26,8795.T,LOSS,-2.598671049358936,1,8.073776484220787,False,2.6441221533526127,40.65925639038708,0.3276185569456968,0.031178315543677,1.4798864527695812,2.562704607466282,1.5836332714471573,67.81712545659161
UP20_SCORE40_NIKKEION_TP4.0_SL1.0_H1,VALIDATION,2023-09-27,8697.T,LOSS,-2.075594545046533,1,3.3470779308842338,False,1.4497709058478805,32.77614038546648,3.4413909652475594,0.0834387115714591,1.6005725384357377,2.015410892703044,2.222029709001226,79.38085439124544
UP20_SCORE40_NIKKEION_TP4.0_SL1.0_H1,VALIDATION,2023-09-28,7211.T,LOSS,-2.7868180437806034,1,9.117007954978993,False,3.450040277711963,39.29149553083054,1.8863381236379428,0.0571909307090926,1.5897506486632105,2.7610011200634483,2.021996336198152,71.69805481165484
UP20_SCORE40_NIKKEION_TP4.0_SL1.0_H1,VALIDATION,2023-09-29,4519.T,LOSS,-2.446928996996245,1,5.059909895761967,False,0.93704686797198,28.12251682599573,0.1516356839443844,0.1048133624170686,1.5080802597375482,2.4033335284704487,2.628650714220726,65.25518100416157
UP20_SCORE40_NIKKEION_TP4.0_SL1.0_H1,VALIDATION,2023-10-05,2269.T,LOSS,-1.5982093299072075,1,5.667624576179167,False,0.1451186230179368,24.34501268351313,-1.262131078753559,0.0233988642222333,1.0088775203129705,1.5209970496121126,1.013320955136232,57.58098723507021
UP20_SCORE40_NIKKEION_TP4.0_SL1.0_H1,VALIDATION,2023-10-10,9107.T,LOSS,-3.625029196249774,1,15.933972418178186,False,1.9657485360281115,32.90204777315115,5.531622163232508,0.1134071461102983,1.3518507547182232,3.653827689070136,1.4354720499868414,67.38977612445666
UP20_SCORE40_NIKKEION_TP4.0_SL1.0_H1,VALIDATION,2023-10-11,9107.T,LOSS,-4.01935664188624,1,15.362860239972823,False,1.817783356617397,33.364067410548024,-6.101345299331939,0.0227167095357356,1.0926120652724227,4.079236467305844,1.229057736320596,55.98673825518541
UP20_SCORE40_NIKKEION_TP4.0_SL1.0_H1,VALIDATION,2023-10-18,7453.T,LOSS,-3.169829452539341,1,4.136507868839604,False,0.1223158978307381,22.63425020648197,3.166167693874544,0.1318619295282879,0.9600826348913224,3.16705256495576,1.773623917931742,67.49018008188494
UP20_SCORE40_NIKKEION_TP4.0_SL1.0_H1,VALIDATION,2023-10-20,6146.T,LOSS,-4.184819502409342,1,4.86039981790385,False,1.3515102489323416,14.912070979595237,-8.256885924341816,-0.0165392411775153,2.06778634855144,4.258783105258246,2.6872402350224203,49.996886216467445
UP20_SCORE40_NIKKEION_TP4.0_SL1.0_H1,VALIDATION,2023-10-23,6146.T,LOSS,-4.133144432597879,1,4.817619835452092,False,1.439467587139709,13.874446729497864,-6.37287494688662,0.0082183644223207,1.3655025933265694,4.202643098757367,1.9839982365684723,53.13269282156323
UP20_SCORE40_NIKKEION_TP4.0_SL1.0_H1,VALIDATION,2023-10-24,6762.T,LOSS,-2.51643032389427,1,4.1604519363736845,False,0.9948155952706816,17.151550373912308,-2.38955240864851,0.0110094748032077,1.2599746640825475,2.476267605207279,0.982404599244012,56.23701851890526
UP20_SCORE40_NIKKEION_TP4.0_SL1.0_H1,VALIDATION,2023-10-25,8354.T,LOSS,-2.629245405764913,1,7.543562389122455,False,0.2248247343790588,20.147436021905254,0.3421078714360925,0.0275245695155686,1.2498093252656737,2.594876192652884,1.1612895605596203,59.73818591868691
UP20_SCORE40_NIKKEION_TP4.0_SL1.0_H1,VALIDATION,2023-10-27,7453.T,LOSS,-2.9619415088255385,1,2.219489345986285,False,0.8191807321748623,23.100694441319646,1.448541445823448,0.0410464872483673,1.0020694881660257,2.9462617981865042,0.7730977542858364,65.26072739948032
UP20_SCORE40_NIKKEION_TP4.0_SL1.0_H1,VALIDATION,2023-10-30,8354.T,LOSS,-2.7488412271219786,1,6.961966882938133,False,0.4635109606138554,20.183945473791084,-1.572169017049041,0.0235651555938773,2.242165378893315,2.7209139167020906,3.041452154524692,57.710746195913416
UP20_SCORE40_NIKKEION_TP4.0_SL1.0_H1,VALIDATION,2023-10-31,8354.T,LOSS,-2.778247518823007,1,6.990528763368678,False,0.7896743702185294,20.80181074330227,1.9845406507217331,0.061751516195736,1.2017489922798388,2.7519515941115085,1.8450726385902343,64.8150694647926
UP20_SCORE40_NIKKEION_TP4.0_SL1.0_H1,VALIDATION,2023-12-06,9501.T,HOLD,10.44913294797688,1,1.1578272175565565,False,0.4150857548883557,12.53495466131979,3.919503623521159,0.0978182408120953,2.777650370355735,2.9865125240847794,3.8960955408717135,65.11804068639108
UP20_SCORE40_NIKKEION_TP4.0_SL1.0_H1,VALIDATION,2023-12-12,9434.T,WIN,3.8564981738389625,1,3.666793621977835,False,1.29191483774298,40.13151817494092,-0.6322107278257882,0.0034921505240095,0.6726550999333534,0.9891245434597407,0.7436676511251774,69.58475793091037
UP20_SCORE40_NIKKEION_TP4.0_SL1.0_H1,VALIDATION,2023-12-20,4751.T,HOLD,4.377563165800658,1,3.2796344993330924,False,0.5968344014660953,15.889307443901632,-6.580945769099788,0.0432022766255002,0.7191332989209253,3.1244795018202653,0.4118260002949004,56.27814074644787
UP20_SCORE40_NIKKEION_TP4.0_SL1.0_H1,VALIDATION,2024-03-08,8331.T,WIN,10.194336414833705,1,5.405307907021086,False,2.693774385595749,36.25104127848698,0.9972018532308002,0.0155313857543469,1.357289321773241,2.573584103708426,1.6865697218534337,73.6374923996679
UP20_SCORE40_NIKKEION_TP4.0_SL1.0_H1,VALIDATION,2024-03-11,8309.T,WIN,9.7796709059245,1,5.456514832612866,False,1.8033243234927052,38.94777737859525,-2.829621941040217,0.0670779999091881,1.2557221617814778,2.469917726481123,1.5724905472866024,64.63927772022649
UP20_SCORE40_NIKKEION_TP4.0_SL1.0_H1,VALIDATION,2024-03-13,9502.T,WIN,9.352818067430947,1,0.3284805989638264,False,-0.3949155550553529,9.336203923379715,-0.4163332885228521,0.0416315849555858,1.3713123246439942,2.363204516857735,1.5435690298745686,53.35620076050401
UP20_SCORE40_NIKKEION_TP4.0_SL1.0_H1,VALIDATION,2024-03-14,8750.T,WIN,9.83825761176641,1,6.723172643826112,False,3.0553242124834457,28.73657296378135,-2.003808894791248,0.0074324154293817,0.7894672961852629,2.4845644029416025,0.7682347991053303,65.40246304310125
UP20_SCORE40_NIKKEION_TP4.0_SL1.0_H1,VALIDATION,2024-03-18,3289.T,WIN,10.456607692483834,1,3.1788561124538144,False,1.0067788984315262,36.8627274994429,2.9795236379785983,0.0993729974623696,1.2184818060410647,2.6391519231209566,1.515077338343676,70.79072631991961
UP20_SCORE40_NIKKEION_TP4.0_SL1.0_H1,VALIDATION,2024-03-19,8801.T,HOLD,8.495777150300976,1,9.773150047748146,False,2.115825121948145,32.446154882604525,5.3761017561049895,0.122181980734735,1.510534167150447,2.8278956009457774,2.033014039373544,75.61957057625732
UP20_SCORE40_NIKKEION_TP4.0_SL1.0_H1,VALIDATION,2024-04-09,2802.T,HOLD,2.084859200252953,1,-2.0396650901238145,True,0.1140152048729081,11.84818662713996,-0.1054377642351167,0.0248691679840129,0.9442094751373102,2.069009730016713,0.7392609115577428,57.09474121995388
UP20_SCORE40_NIKKEION_TP4.0_SL1.0_H1,VALIDATION,2024-04-10,6762.T,HOLD,4.404569372984535,1,1.7483349542660995,False,-0.7984789682288995,17.61370277586641,-1.2453024400790658,0.0196837125091595,0.8644640211555924,2.5918242589761054,0.6724433305554953,53.10534978918167
UP20_SCORE40_NIKKEION_TP4.0_SL1.0_H1,VALIDATION,2024-04-24,8306.T,HOLD,7.140239660000736,1,5.791235339906379,False,0.4467188060413019,17.604649912322607,0.4799929191379393,0.0388005802676905,0.8113443422931543,2.263652438436166,0.8313150105569843,58.02624765264058
UP20_SCORE40_NIKKEION_TP4.0_SL1.0_H1,VALIDATION,2024-04-26,6506.T,HOLD,7.5832116635503715,1,4.608123466613713,False,-0.2466751805144218,15.375926432937815,-3.6363626563306606,0.0401719323174898,0.7309661134065686,3.3302363521135803,0.5926472185540254,52.826725832596445
UP25_SCORE50_NIKKEION_TP4.0_SL1.0_H1,VALIDATION,2022-05-13,2501.T,LOSS,-2.2852357779900023,1,5.944871187551252,False,3.400604512726435,38.685878809615936,-0.3244343527760707,0.0267817779012543,1.333862563100472,2.2340551504373973,1.455429821541605,78.64119875658174
UP25_SCORE50_NIKKEION_TP4.0_SL1.0_H1,VALIDATION,2022-05-16,6301.T,LOSS,-3.1632717938697374,1,5.068992986471936,False,0.7836985691567211,15.798331855947607,-3.900932073936836,-0.0024932155918815,0.6914859348369753,3.1600734319770694,0.6245396225466924,57.77345937599581
UP25_SCORE50_NIKKEION_TP4.0_SL1.0_H1,VALIDATION,2022-05-17,5020.T,LOSS,-2.4595859520750274,1,1.760630250605687,False,1.405987367477768,19.07032630053753,3.1570597639297704,0.0728946497185125,1.0614395952093003,2.4166078924213226,1.7550698443476471,75.02798470985627
UP25_SCORE50_NIKKEION_TP4.0_SL1.0_H1,VALIDATION,2022-05-19,2501.T,LOSS,-2.3502619316515982,1,7.467256675485255,False,3.2599036571882234,37.80008010592002,-2.81183741478237,-0.0535223213251143,0.665694627967376,2.302064410728333,0.5957733125363183,64.63334214326557
UP25_SCORE50_NIKKEION_TP4.0_SL1.0_H1,VALIDATION,2022-06-10,5803.T,HOLD,8.026663916998123,1,18.524807642590567,False,6.702168884496307,43.39822829433884,-2.2248190983177096,0.0388881292514335,1.243466362599772,3.4588471392703823,1.0810864397269426,71.89716109124154
UP25_SCORE50_NIKKEION_TP4.0_SL1.0_H1,VALIDATION,2022-06-24,7211.T,HOLD,11.175615019526564,1,20.002268211229577,False,4.349113502823965,42.1196056280957,-8.606548698090188,0.0025616573777389,1.480431990860245,4.339395390652548,1.9367317893950209,57.01585206707608
UP25_SCORE50_NIKKEION_TP4.0_SL1.0_H1,VALIDATION,2022-06-27,2501.T,WIN,8.337913878233072,1,9.820015702889275,False,1.5644775018713195,43.76912496196353,0.2368803875811176,0.0039577750676822,1.6676743248690045,2.109478469558268,1.781581355293611,70.83940742006217
UP25_SCORE50_NIKKEION_TP4.0_SL1.0_H1,VALIDATION,2022-06-28,9501.T,HOLD,5.172727272727274,1,9.046096065256291,False,-0.1853194746595843,20.191556948575037,4.166666666666674,0.1471293143668663,2.302757482523177,3.818181818181817,2.373206083583625,67.66977151936806
UP25_SCORE50_NIKKEION_TP4.0_SL1.0_H1,VALIDATION,2022-06-29,9501.T,LOSS,-3.9572251007484183,1,8.88196224656258,False,0.6706528765352271,22.37396857143523,5.272727272727273,0.204249264353729,2.005658483470548,3.857225100748418,2.7880650383729697,72.51589607440937
UP25_SCORE50_NIKKEION_TP4.0_SL1.0_H1,VALIDATION,2022-06-30,9501.T,HOLD,2.016402116402116,1,8.69955156950672,False,1.466418212752152,24.51597202150592,-2.072538860103623,0.19025697032202,1.2002946002712256,4.115226337448563,2.0613896712206934,67.97537846674064
UP25_SCORE50_NIKKEION_TP4.0_SL1.0_H1,VALIDATION,2022-07-07,8804.T,LOSS,-2.3564891360168927,1,0.0265934630896393,False,1.8073914631535404,23.4174748041781,0.84344269467298,0.019848201568192,1.172779728039382,2.308582038921199,1.0809252854327047,66.07021427242472
UP25_SCORE50_NIKKEION_TP4.0_SL1.0_H1,VALIDATION,2022-07-08,8804.T,LOSS,-2.3442071763351224,1,0.4282553834964402,False,2.048754876514192,24.50874722643819,0.8886574055018581,0.0080089640833866,1.4952237669705812,2.2957280704411014,1.4730094105462403,67.7674063851828
UP25_SCORE50_NIKKEION_TP4.0_SL1.0_H1,VALIDATION,2022-08-26,3402.T,WIN,7.4033022680537135,1,4.715826557188758,False,1.3227068499944927,23.326868980224702,2.1349419667568537,0.0451499048489812,2.120364579714173,1.87582556701343,1.8661862363859685,71.48351885781872
UP25_SCORE50_NIKKEION_TP4.0_SL1.0_H1,VALIDATION,2022-09-08,6963.T,WIN,10.483042605336978,1,3.389358493787343,False,1.450911551849754,17.181027533475167,1.1029514224850656,0.0575267132257677,1.5761652398423698,2.645760651334246,1.9134264834457844,63.69425087590122
UP25_SCORE50_NIKKEION_TP4.0_SL1.0_H1,VALIDATION,2022-09-09,8233.T,WIN,8.075196109081217,1,7.105545004350923,False,2.419994828977501,47.07602457680796,1.4067191098883436,0.0424264355421359,1.5726287733935918,2.043799027270306,2.0167180592190808,84.96763309537195
UP25_SCORE50_NIKKEION_TP4.0_SL1.0_H1,VALIDATION,2022-09-12,3099.T,HOLD,8.589121662137844,1,0.7190452600000207,False,2.762599012130851,32.50220295696049,4.701928889725493,0.0900232111163203,1.2789892584444156,2.54233766046678,1.6376233727228475,80.32291358388707
UP25_SCORE50_NIKKEION_TP4.0_SL1.0_H1,VALIDATION,2022-09-13,6762.T,HOLD,4.55946891217528,1,9.463813495840416,False,1.1505973027165384,23.741570665434217,3.5363485256876714,0.0267329113111032,1.529791393965503,2.3772466104535024,1.9478991951222084,70.83421513435317
UP25_SCORE50_NIKKEION_TP4.0_SL1.0_H1,VALIDATION,2022-09-14,6762.T,HOLD,8.90136156473954,1,9.479109815344067,False,1.1934819770905936,23.95264966470376,-3.605319642757554,0.0110704579108096,1.155304655862548,2.6442402550284143,1.5151809744067293,58.94862853932386
UP25_SCORE50_NIKKEION_TP4.0_SL1.0_H1,VALIDATION,2022-10-04,4502.T,WIN,6.521601945168077,1,0.1784752662705485,False,0.0923229281194926,12.91568892333423,1.3032940182379882,0.0434328521808546,1.4568342799069054,1.6554004862920173,1.980215777578708,61.542227510413
UP25_SCORE50_NIKKEION_TP4.0_SL1.0_H1,VALIDATION,2022-10-06,8031.T,LOSS,-2.2940204005170495,1,5.065407746825307,False,0.0837280115831173,18.889517197394643,1.2750327617096602,0.0227091221899091,0.809571229942505,2.243237488650074,0.8381690110706707,63.42700055474461
UP25_SCORE50_NIKKEION_TP4.0_SL1.0_H1,VALIDATION,2022-10-14,8252.T,LOSS,-2.4442579470050907,1,2.389445668348921,False,0.5022998885166441,13.699459371716976,1.0879489875212478,0.0305650495027016,1.5028310064366206,2.4005326238092,1.7893257501729267,61.433450449673664
UP25_SCORE50_NIKKEION_TP4.0_SL1.0_H1,VALIDATION,2022-10-17,9020.T,LOSS,-2.3816676285319693,1,6.136483812063122,False,2.379010135446391,30.3413445400842,0.5790447743810434,0.0552230149803631,0.6641383234980005,2.3349432733444404,0.7780152141950449,67.39867832806928
UP25_SCORE50_NIKKEION_TP4.0_SL1.0_H1,VALIDATION,2022-12-12,7453.T,HOLD,5.168993152993251,1,7.785745537710707,False,0.6688510049293495,23.26400560168437,2.5965432538196165,0.0730793230628874,1.71096128417233,2.3300665706892305,1.800916419691897,67.18226053707386
UP25_SCORE50_NIKKEION_TP4.0_SL1.0_H1,VALIDATION,2022-12-14,4183.T,WIN,7.405831632360161,1,4.047842666128099,False,1.735151101832666,33.47960405091145,1.4353983141801807,0.0171772644233658,1.467974580070142,1.8764579080900419,1.530005084442979,66.28826055987322
UP25_SCORE50_NIKKEION_TP4.0_SL1.0_H1,VALIDATION,2022-12-15,5803.T,HOLD,7.095558669756919,1,12.463364993046987,False,4.045411099573748,27.54188408217238,1.6710683760046807,0.0610497321030985,1.23869204673954,3.026494906484123,1.3570608199661895,66.5231637345376
UP25_SCORE50_NIKKEION_TP4.0_SL1.0_H1,VALIDATION,2023-01-04,8306.T,LOSS,-2.5587527687580547,1,9.942721833814636,False,4.004071511887508,53.97241962566525,3.140323074040752,0.0772790598147473,1.5402472630176538,2.5207313198785037,1.7562880669658096,80.2377668052138
UP25_SCORE50_NIKKEION_TP4.0_SL1.0_H1,VALIDATION,2023-01-10,8306.T,LOSS,-2.6428098648574094,1,11.168476859444912,False,3.7567415977903806,53.3374668171745,-3.552148419021073,0.0102480136578335,0.6960690082106086,2.6091557342575955,0.7399519584810441,67.124779054125
UP25_SCORE50_NIKKEION_TP4.0_SL1.0_H1,VALIDATION,2023-01-11,3382.T,LOSS,-1.7895410481692742,1,-0.342018630134584,True,0.0643002033458461,11.064368921038149,0.1567953069600225,0.002254167969536,1.330397347716364,1.7185771139539858,1.7491209180835523,59.8589561169827
UP25_SCORE50_NIKKEION_TP4.0_SL1.0_H1,VALIDATION,2023-01-12,8795.T,LOSS,-2.7453695800282008,1,13.347418043336852,False,3.631370741500861,41.89053345181456,1.373349552942793,-0.0147676883364578,1.2388590074410453,2.7172509089875936,1.5983048518463,71.32842362367616
UP25_SCORE50_NIKKEION_TP4.0_SL1.0_H1,VALIDATION,2023-01-17,8304.T,LOSS,-1.9467528617879926,1,1.5180680908893067,False,1.0887323265154736,29.739522415801503,-3.353980520298649,0.0273378625270058,0.7193841847445767,1.8814995077926906,0.7796521901805284,56.275925104326
UP25_SCORE50_NIKKEION_TP4.0_SL1.0_H1,VALIDATION,2023-02-24,9107.T,WIN,11.605946284777014,1,9.446404148371524,False,4.09844994706916,43.4164883645031,1.0370470060754755,0.0191426801055223,1.190554996700955,2.9264865711942534,1.0778453082226491,71.89668183793219
UP25_SCORE50_NIKKEION_TP4.0_SL1.0_H1,VALIDATION,2023-03-01,5406.T,WIN,11.168328716414832,1,14.91716099759614,False,6.888477232737333,54.04595324073036,3.2292749761118733,0.0651599338858062,1.252977261833042,2.8170821791037097,1.4760421644722026,84.29291427976493
UP25_SCORE50_NIKKEION_TP4.0_SL1.0_H1,VALIDATION,2023-03-02,7532.T,HOLD,3.8475946283756834,1,2.311749896743116,False,1.110301730656027,23.028168592738364,-2.3219991254686434,0.0040066512595293,1.2480259842078736,2.4894896230590753,1.209647434940606,58.48457558086351
UP25_SCORE50_NIKKEION_TP4.0_SL1.0_H1,VALIDATION,2023-03-10,7532.T,HOLD,2.5956173520402026,1,3.57934608370132,False,1.880228685350693,28.13455632423358,-2.921340206282974,0.0131222127276182,1.491419817093107,2.5463457920216275,1.7096566069760155,58.657926704217566
UP25_SCORE50_NIKKEION_TP4.0_SL1.0_H1,VALIDATION,2023-03-22,9432.T,WIN,5.064884984967611,1,2.9886769743890587,False,0.7353999834895264,15.681016052641414,0.4470819300953277,0.0202850673358965,1.1697412593408478,1.2912212462419026,1.3366632783126184,63.96297916656753
UP25_SCORE50_NIKKEION_TP4.0_SL1.0_H1,VALIDATION,2023-03-23,2282.T,WIN,5.308156466981318,1,1.7935028429780078,False,0.8430250161032271,22.46676756670302,2.213557995259552,0.0245550521425392,1.4819834848611226,1.3520391167453294,1.6059746686702747,66.90274959696077
UP25_SCORE50_NIKKEION_TP4.0_SL1.0_H1,VALIDATION,2023-03-24,6723.T,HOLD,2.5769774427449987,1,21.077810898210828,False,2.4896742800021965,43.31982897965375,-4.3964883172957325,-0.0202395987154747,1.1259718314548754,3.1405859161334573,1.0754052744686402,57.82603205917243
UP25_SCORE50_NIKKEION_TP4.0_SL1.0_H1,VALIDATION,2023-03-27,6361.T,HOLD,6.739283324087009,1,8.015432590568775,False,0.7256587766140354,32.560408763507056,0.3372783188205552,0.0885154918963881,0.9994858611825193,2.521615739209733,1.401131572308912,62.16034027957021
UP25_SCORE50_NIKKEION_TP4.0_SL1.0_H1,VALIDATION,2023-03-28,5406.T,WIN,14.893240252881357,1,27.71121179146026,False,3.418661545644519,47.33339839088339,-9.545051328617529,-0.0041982856109186,0.8995679943658907,3.748310063220339,0.4577978948027875,58.09078371530008
UP25_SCORE50_NIKKEION_TP4.0_SL1.0_H1,VALIDATION,2023-03-29,6501.T,HOLD,5.231834133933145,1,1.0988968003756614,False,0.0979342932952764,16.39183530118584,0.7640034424433395,0.040399658979535,1.4440823297722165,2.0827135864235418,1.320943838763867,62.83061669805912
UP25_SCORE50_NIKKEION_TP4.0_SL1.0_H1,VALIDATION,2023-05-02,4062.T,HOLD,1.0139579242476215,1,4.013966551592089,False,1.802827796504003,20.67844708573587,9.00735727262434,0.1648387926054175,2.2486169616892635,3.1848252355601923,4.576523959366289,74.71698370331268
UP25_SCORE50_NIKKEION_TP4.0_SL1.0_H1,VALIDATION,2023-05-08,4062.T,HOLD,5.527817301031235,1,4.5676056091174,False,2.5347224805395863,23.10031811179641,-1.0118074056056026,0.1743182992262808,0.7399843511094202,3.210063097006962,1.5313197485061518,71.9754167058368
UP25_SCORE50_NIKKEION_TP4.0_SL1.0_H1,VALIDATION,2023-06-23,9432.T,WIN,5.924094680342463,1,1.1363365080353516,False,-0.2749633970042797,11.371284216097926,-0.4109173678928934,0.0364913154366119,1.114048707553409,1.5060236700856175,1.0082536774631734,53.32269300141883
UP25_SCORE50_NIKKEION_TP4.0_SL1.0_H1,VALIDATION,2023-07-14,3697.T,HOLD,2.6352689429760656,1,4.414202111466844,False,0.9825434478655692,14.066035777668535,11.423477609773958,0.2445951797241883,3.1735855666491504,3.664836270819342,5.869603952377096,73.90035206959334
UP25_SCORE50_NIKKEION_TP4.0_SL1.0_H1,VALIDATION,2023-07-18,3697.T,HOLD,3.523970101615148,1,4.9953295049275175,False,2.044955701868667,17.111553296105495,2.299582343674889,0.2528169654791361,1.6606525716609066,3.758092130501045,3.6132920490987503,75.56989565836771
UP25_SCORE50_NIKKEION_TP4.0_SL1.0_H1,VALIDATION,2023-07-19,3697.T,TIMEOUT_LOSS,-2.2265375704661805,1,5.567456335180463,False,3.178951129004992,20.179742269010724,3.184516937369808,0.2654910535496504,1.1688741037667625,3.7680333712417116,2.7744672503003995,77.74209892609204
UP25_SCORE50_NIKKEION_TP4.0_SL1.0_H1,VALIDATION,2023-07-20,9107.T,WIN,14.006070099017409,1,7.365756579489273,False,4.617551222256289,40.456823312574784,0.6164097608000185,0.0938839039136021,1.2425910903490696,3.5265175247543543,1.297700012415697,75.59799884044793
UP25_SCORE50_NIKKEION_TP4.0_SL1.0_H1,VALIDATION,2023-07-24,8304.T,WIN,4.646462184734912,1,5.965186154094392,False,1.4953254814182193,46.50894890976158,-0.1436610728448251,0.0052203232234606,0.9984152139461172,1.186615546183726,0.9270053085895136,73.84824848778555
UP25_SCORE50_NIKKEION_TP4.0_SL1.0_H1,VALIDATION,2023-07-25,9107.T,WIN,13.424120072605417,1,9.426236891350596,False,5.728474038906661,43.95468824272265,0.4712471779455551,0.0685211820160593,0.7454517534288647,3.381030018151354,0.7193571847781792,73.09781851674379
UP25_SCORE50_NIKKEION_TP4.0_SL1.0_H1,VALIDATION,2023-07-27,3697.T,TIMEOUT_LOSS,-0.7186061325326508,1,6.924157184283334,False,3.259052026362852,29.05887576099701,-1.0892575373501412,0.002571187096052,0.7087931439305001,3.531479074970112,0.5298027773512055,71.0424364651647
UP25_SCORE50_NIKKEION_TP4.0_SL1.0_H1,VALIDATION,2023-08-02,2871.T,WIN,6.0627349642954025,1,3.8189108712657336,False,0.7242951919965934,34.654865155400365,-0.3352535094952369,0.0165360395766838,1.8527815891231132,1.5406837410738485,2.5689084895259096,68.58018561012706
UP25_SCORE50_NIKKEION_TP4.0_SL1.0_H1,VALIDATION,2023-08-10,1605.T,HOLD,6.879169240044492,1,11.164981718369583,False,3.493592257604239,52.83446425483549,12.463460383201651,0.1554229117371919,2.79979946927813,2.9283910300581084,4.34619726101322,79.77015775754742
UP25_SCORE50_NIKKEION_TP4.0_SL1.0_H1,VALIDATION,2023-08-23,7261.T,WIN,10.508662911097277,1,5.953331285872705,False,1.9455717693589447,12.708498948693068,1.9993264348709736,0.0386591443652704,1.6638416589958922,2.652165727774321,1.5720263859369508,64.21075613369555
UP25_SCORE50_NIKKEION_TP4.0_SL1.0_H1,VALIDATION,2023-08-24,4062.T,LOSS,-3.593088741091144,1,6.80922560641553,False,-0.1925287628427585,15.369284537342974,1.0315239770017692,0.0820505230531885,2.3957283900866413,3.493088741091155,2.2102836747592667,63.32774287075412
UP25_SCORE50_NIKKEION_TP4.0_SL1.0_H1,VALIDATION,2023-08-25,3405.T,WIN,8.751136359044375,1,5.563676524694812,False,3.2152690771133585,33.8857711933423,0.5009277123760647,0.0383852602473304,1.6114387669128216,2.2127840897610955,1.4383193507789016,74.62114188384804
UP25_SCORE50_NIKKEION_TP4.0_SL1.0_H1,VALIDATION,2023-08-28,6113.T,WIN,8.383439084083,1,2.0495189820741966,False,1.2136642361419758,13.1843960890482,2.1775693976564536,0.045055261327477,1.8592336349121876,2.1208597710207515,1.5424862573680376,68.72876119221075
UP25_SCORE50_NIKKEION_TP4.0_SL1.0_H1,VALIDATION,2023-09-21,9501.T,HOLD,2.430923944535668,1,12.439084434745476,False,3.3705390033044846,55.35845466158926,3.1764129913268717,0.1079233947128065,1.2387773526238668,2.8613704298891873,1.684289366876984,77.03312199329181
UP25_SCORE50_NIKKEION_TP4.0_SL1.0_H1,VALIDATION,2023-09-25,9501.T,TIMEOUT_LOSS,-0.11415884285430603,1,12.88310819699138,False,3.374417007853281,58.02956451732003,-2.0940197056126486,0.0391210454202126,0.8268094745310657,2.9745042492917833,0.8797495788732139,69.48561231535493
UP25_SCORE50_NIKKEION_TP4.0_SL1.0_H1,VALIDATION,2023-09-26,8795.T,LOSS,-2.598671049358936,1,8.073776484220787,False,2.6441221533526127,40.65925639038708,0.3276185569456968,0.031178315543677,1.4798864527695812,2.562704607466282,1.5836332714471573,67.81712545659161
UP25_SCORE50_NIKKEION_TP4.0_SL1.0_H1,VALIDATION,2023-09-27,8697.T,LOSS,-2.075594545046533,1,3.3470779308842338,False,1.4497709058478805,32.77614038546648,3.4413909652475594,0.0834387115714591,1.6005725384357377,2.015410892703044,2.222029709001226,79.38085439124544
UP25_SCORE50_NIKKEION_TP4.0_SL1.0_H1,VALIDATION,2023-09-28,7211.T,LOSS,-2.7868180437806034,1,9.117007954978993,False,3.450040277711963,39.29149553083054,1.8863381236379428,0.0571909307090926,1.5897506486632105,2.7610011200634483,2.021996336198152,71.69805481165484
UP25_SCORE50_NIKKEION_TP4.0_SL1.0_H1,VALIDATION,2023-09-29,4519.T,LOSS,-2.446928996996245,1,5.059909895761967,False,0.93704686797198,28.12251682599573,0.1516356839443844,0.1048133624170686,1.5080802597375482,2.4033335284704487,2.628650714220726,65.25518100416157
UP25_SCORE50_NIKKEION_TP4.0_SL1.0_H1,VALIDATION,2023-10-05,2269.T,LOSS,-1.5982093299072075,1,5.667624576179167,False,0.1451186230179368,24.34501268351313,-1.262131078753559,0.0233988642222333,1.0088775203129705,1.5209970496121126,1.013320955136232,57.58098723507021
UP25_SCORE50_NIKKEION_TP4.0_SL1.0_H1,VALIDATION,2023-10-10,9107.T,LOSS,-3.625029196249774,1,15.933972418178186,False,1.9657485360281115,32.90204777315115,5.531622163232508,0.1134071461102983,1.3518507547182232,3.653827689070136,1.4354720499868414,67.38977612445666
UP25_SCORE50_NIKKEION_TP4.0_SL1.0_H1,VALIDATION,2023-10-11,9107.T,LOSS,-4.01935664188624,1,15.362860239972823,False,1.817783356617397,33.364067410548024,-6.101345299331939,0.0227167095357356,1.0926120652724227,4.079236467305844,1.229057736320596,55.98673825518541
UP25_SCORE50_NIKKEION_TP4.0_SL1.0_H1,VALIDATION,2023-10-18,7453.T,LOSS,-3.169829452539341,1,4.136507868839604,False,0.1223158978307381,22.63425020648197,3.166167693874544,0.1318619295282879,0.9600826348913224,3.16705256495576,1.773623917931742,67.49018008188494
UP25_SCORE50_NIKKEION_TP4.0_SL1.0_H1,VALIDATION,2023-10-20,6146.T,LOSS,-4.184819502409342,1,4.86039981790385,False,1.3515102489323416,14.912070979595237,-8.256885924341816,-0.0165392411775153,2.06778634855144,4.258783105258246,2.6872402350224203,49.996886216467445
UP25_SCORE50_NIKKEION_TP4.0_SL1.0_H1,VALIDATION,2023-10-23,6146.T,LOSS,-4.133144432597879,1,4.817619835452092,False,1.439467587139709,13.874446729497864,-6.37287494688662,0.0082183644223207,1.3655025933265694,4.202643098757367,1.9839982365684723,53.13269282156323
UP25_SCORE50_NIKKEION_TP4.0_SL1.0_H1,VALIDATION,2023-10-24,6762.T,LOSS,-2.51643032389427,1,4.1604519363736845,False,0.9948155952706816,17.151550373912308,-2.38955240864851,0.0110094748032077,1.2599746640825475,2.476267605207279,0.982404599244012,56.23701851890526
UP25_SCORE50_NIKKEION_TP4.0_SL1.0_H1,VALIDATION,2023-10-25,8354.T,LOSS,-2.629245405764913,1,7.543562389122455,False,0.2248247343790588,20.147436021905254,0.3421078714360925,0.0275245695155686,1.2498093252656737,2.594876192652884,1.1612895605596203,59.73818591868691
UP25_SCORE50_NIKKEION_TP4.0_SL1.0_H1,VALIDATION,2023-10-27,7453.T,LOSS,-2.9619415088255385,1,2.219489345986285,False,0.8191807321748623,23.100694441319646,1.448541445823448,0.0410464872483673,1.0020694881660257,2.9462617981865042,0.7730977542858364,65.26072739948032
UP25_SCORE50_NIKKEION_TP4.0_SL1.0_H1,VALIDATION,2023-10-30,8354.T,LOSS,-2.7488412271219786,1,6.961966882938133,False,0.4635109606138554,20.183945473791084,-1.572169017049041,0.0235651555938773,2.242165378893315,2.7209139167020906,3.041452154524692,57.710746195913416
UP25_SCORE50_NIKKEION_TP4.0_SL1.0_H1,VALIDATION,2023-10-31,8354.T,LOSS,-2.778247518823007,1,6.990528763368678,False,0.7896743702185294,20.80181074330227,1.9845406507217331,0.061751516195736,1.2017489922798388,2.7519515941115085,1.8450726385902343,64.8150694647926
UP25_SCORE50_NIKKEION_TP4.0_SL1.0_H1,VALIDATION,2023-12-06,9501.T,HOLD,10.44913294797688,1,1.1578272175565565,False,0.4150857548883557,12.53495466131979,3.919503623521159,0.0978182408120953,2.777650370355735,2.9865125240847794,3.8960955408717135,65.11804068639108
UP25_SCORE50_NIKKEION_TP4.0_SL1.0_H1,VALIDATION,2023-12-12,9434.T,WIN,3.8564981738389625,1,3.666793621977835,False,1.29191483774298,40.13151817494092,-0.6322107278257882,0.0034921505240095,0.6726550999333534,0.9891245434597407,0.7436676511251774,69.58475793091037
UP25_SCORE50_NIKKEION_TP4.0_SL1.0_H1,VALIDATION,2023-12-20,4751.T,HOLD,4.377563165800658,1,3.2796344993330924,False,0.5968344014660953,15.889307443901632,-6.580945769099788,0.0432022766255002,0.7191332989209253,3.1244795018202653,0.4118260002949004,56.27814074644787
UP25_SCORE50_NIKKEION_TP4.0_SL1.0_H1,VALIDATION,2024-03-08,8331.T,WIN,10.194336414833705,1,5.405307907021086,False,2.693774385595749,36.25104127848698,0.9972018532308002,0.0155313857543469,1.357289321773241,2.573584103708426,1.6865697218534337,73.6374923996679
UP25_SCORE50_NIKKEION_TP4.0_SL1.0_H1,VALIDATION,2024-03-11,8309.T,WIN,9.7796709059245,1,5.456514832612866,False,1.8033243234927052,38.94777737859525,-2.829621941040217,0.0670779999091881,1.2557221617814778,2.469917726481123,1.5724905472866024,64.63927772022649
UP25_SCORE50_NIKKEION_TP4.0_SL1.0_H1,VALIDATION,2024-03-13,9502.T,WIN,9.352818067430947,1,0.3284805989638264,False,-0.3949155550553529,9.336203923379715,-0.4163332885228521,0.0416315849555858,1.3713123246439942,2.363204516857735,1.5435690298745686,53.35620076050401
UP25_SCORE50_NIKKEION_TP4.0_SL1.0_H1,VALIDATION,2024-03-14,8750.T,WIN,9.83825761176641,1,6.723172643826112,False,3.0553242124834457,28.73657296378135,-2.003808894791248,0.0074324154293817,0.7894672961852629,2.4845644029416025,0.7682347991053303,65.40246304310125
UP25_SCORE50_NIKKEION_TP4.0_SL1.0_H1,VALIDATION,2024-03-18,3289.T,WIN,10.456607692483834,1,3.1788561124538144,False,1.0067788984315262,36.8627274994429,2.9795236379785983,0.0993729974623696,1.2184818060410647,2.6391519231209566,1.515077338343676,70.79072631991961
UP25_SCORE50_NIKKEION_TP4.0_SL1.0_H1,VALIDATION,2024-03-19,8801.T,HOLD,8.495777150300976,1,9.773150047748146,False,2.115825121948145,32.446154882604525,5.3761017561049895,0.122181980734735,1.510534167150447,2.8278956009457774,2.033014039373544,75.61957057625732
UP25_SCORE50_NIKKEION_TP4.0_SL1.0_H1,VALIDATION,2024-04-09,2802.T,HOLD,2.084859200252953,1,-2.0396650901238145,True,0.1140152048729081,11.84818662713996,-0.1054377642351167,0.0248691679840129,0.9442094751373102,2.069009730016713,0.7392609115577428,57.09474121995388
UP25_SCORE50_NIKKEION_TP4.0_SL1.0_H1,VALIDATION,2024-04-10,6762.T,HOLD,4.404569372984535,1,1.7483349542660995,False,-0.7984789682288995,17.61370277586641,-1.2453024400790658,0.0196837125091595,0.8644640211555924,2.5918242589761054,0.6724433305554953,53.10534978918167
UP25_SCORE50_NIKKEION_TP4.0_SL1.0_H1,VALIDATION,2024-04-24,8306.T,HOLD,7.140239660000736,1,5.791235339906379,False,0.4467188060413019,17.604649912322607,0.4799929191379393,0.0388005802676905,0.8113443422931543,2.263652438436166,0.8313150105569843,58.02624765264058
UP25_SCORE40_NIKKEION_TP4.0_SL1.0_H1,VALIDATION,2022-05-13,2501.T,LOSS,-2.2852357779900023,1,5.944871187551252,False,3.400604512726435,38.685878809615936,-0.3244343527760707,0.0267817779012543,1.333862563100472,2.2340551504373973,1.455429821541605,78.64119875658174
UP25_SCORE40_NIKKEION_TP4.0_SL1.0_H1,VALIDATION,2022-05-16,6301.T,LOSS,-3.1632717938697374,1,5.068992986471936,False,0.7836985691567211,15.798331855947607,-3.900932073936836,-0.0024932155918815,0.6914859348369753,3.1600734319770694,0.6245396225466924,57.77345937599581
UP25_SCORE40_NIKKEION_TP4.0_SL1.0_H1,VALIDATION,2022-05-17,5020.T,LOSS,-2.4595859520750274,1,1.760630250605687,False,1.405987367477768,19.07032630053753,3.1570597639297704,0.0728946497185125,1.0614395952093003,2.4166078924213226,1.7550698443476471,75.02798470985627
UP25_SCORE40_NIKKEION_TP4.0_SL1.0_H1,VALIDATION,2022-05-19,2501.T,LOSS,-2.3502619316515982,1,7.467256675485255,False,3.2599036571882234,37.80008010592002,-2.81183741478237,-0.0535223213251143,0.665694627967376,2.302064410728333,0.5957733125363183,64.63334214326557
UP25_SCORE40_NIKKEION_TP4.0_SL1.0_H1,VALIDATION,2022-06-10,5803.T,HOLD,8.026663916998123,1,18.524807642590567,False,6.702168884496307,43.39822829433884,-2.2248190983177096,0.0388881292514335,1.243466362599772,3.4588471392703823,1.0810864397269426,71.89716109124154
UP25_SCORE40_NIKKEION_TP4.0_SL1.0_H1,VALIDATION,2022-06-24,7211.T,HOLD,11.175615019526564,1,20.002268211229577,False,4.349113502823965,42.1196056280957,-8.606548698090188,0.0025616573777389,1.480431990860245,4.339395390652548,1.9367317893950209,57.01585206707608
UP25_SCORE40_NIKKEION_TP4.0_SL1.0_H1,VALIDATION,2022-06-27,2501.T,WIN,8.337913878233072,1,9.820015702889275,False,1.5644775018713195,43.76912496196353,0.2368803875811176,0.0039577750676822,1.6676743248690045,2.109478469558268,1.781581355293611,70.83940742006217
UP25_SCORE40_NIKKEION_TP4.0_SL1.0_H1,VALIDATION,2022-06-28,9501.T,HOLD,5.172727272727274,1,9.046096065256291,False,-0.1853194746595843,20.191556948575037,4.166666666666674,0.1471293143668663,2.302757482523177,3.818181818181817,2.373206083583625,67.66977151936806
UP25_SCORE40_NIKKEION_TP4.0_SL1.0_H1,VALIDATION,2022-06-29,9501.T,LOSS,-3.9572251007484183,1,8.88196224656258,False,0.6706528765352271,22.37396857143523,5.272727272727273,0.204249264353729,2.005658483470548,3.857225100748418,2.7880650383729697,72.51589607440937
UP25_SCORE40_NIKKEION_TP4.0_SL1.0_H1,VALIDATION,2022-06-30,9501.T,HOLD,2.016402116402116,1,8.69955156950672,False,1.466418212752152,24.51597202150592,-2.072538860103623,0.19025697032202,1.2002946002712256,4.115226337448563,2.0613896712206934,67.97537846674064
UP25_SCORE40_NIKKEION_TP4.0_SL1.0_H1,VALIDATION,2022-07-07,8804.T,LOSS,-2.3564891360168927,1,0.0265934630896393,False,1.8073914631535404,23.4174748041781,0.84344269467298,0.019848201568192,1.172779728039382,2.308582038921199,1.0809252854327047,66.07021427242472
UP25_SCORE40_NIKKEION_TP4.0_SL1.0_H1,VALIDATION,2022-07-08,8804.T,LOSS,-2.3442071763351224,1,0.4282553834964402,False,2.048754876514192,24.50874722643819,0.8886574055018581,0.0080089640833866,1.4952237669705812,2.2957280704411014,1.4730094105462403,67.7674063851828
UP25_SCORE40_NIKKEION_TP4.0_SL1.0_H1,VALIDATION,2022-08-26,3402.T,WIN,7.4033022680537135,1,4.715826557188758,False,1.3227068499944927,23.326868980224702,2.1349419667568537,0.0451499048489812,2.120364579714173,1.87582556701343,1.8661862363859685,71.48351885781872
UP25_SCORE40_NIKKEION_TP4.0_SL1.0_H1,VALIDATION,2022-09-08,6963.T,WIN,10.483042605336978,1,3.389358493787343,False,1.450911551849754,17.181027533475167,1.1029514224850656,0.0575267132257677,1.5761652398423698,2.645760651334246,1.9134264834457844,63.69425087590122
UP25_SCORE40_NIKKEION_TP4.0_SL1.0_H1,VALIDATION,2022-09-09,8233.T,WIN,8.075196109081217,1,7.105545004350923,False,2.419994828977501,47.07602457680796,1.4067191098883436,0.0424264355421359,1.5726287733935918,2.043799027270306,2.0167180592190808,84.96763309537195
UP25_SCORE40_NIKKEION_TP4.0_SL1.0_H1,VALIDATION,2022-09-12,3099.T,HOLD,8.589121662137844,1,0.7190452600000207,False,2.762599012130851,32.50220295696049,4.701928889725493,0.0900232111163203,1.2789892584444156,2.54233766046678,1.6376233727228475,80.32291358388707
UP25_SCORE40_NIKKEION_TP4.0_SL1.0_H1,VALIDATION,2022-09-13,6762.T,HOLD,4.55946891217528,1,9.463813495840416,False,1.1505973027165384,23.741570665434217,3.5363485256876714,0.0267329113111032,1.529791393965503,2.3772466104535024,1.9478991951222084,70.83421513435317
UP25_SCORE40_NIKKEION_TP4.0_SL1.0_H1,VALIDATION,2022-09-14,6762.T,HOLD,8.90136156473954,1,9.479109815344067,False,1.1934819770905936,23.95264966470376,-3.605319642757554,0.0110704579108096,1.155304655862548,2.6442402550284143,1.5151809744067293,58.94862853932386
UP25_SCORE40_NIKKEION_TP4.0_SL1.0_H1,VALIDATION,2022-10-04,4502.T,WIN,6.521601945168077,1,0.1784752662705485,False,0.0923229281194926,12.91568892333423,1.3032940182379882,0.0434328521808546,1.4568342799069054,1.6554004862920173,1.980215777578708,61.542227510413
UP25_SCORE40_NIKKEION_TP4.0_SL1.0_H1,VALIDATION,2022-10-06,8031.T,LOSS,-2.2940204005170495,1,5.065407746825307,False,0.0837280115831173,18.889517197394643,1.2750327617096602,0.0227091221899091,0.809571229942505,2.243237488650074,0.8381690110706707,63.42700055474461
UP25_SCORE40_NIKKEION_TP4.0_SL1.0_H1,VALIDATION,2022-10-14,8252.T,LOSS,-2.4442579470050907,1,2.389445668348921,False,0.5022998885166441,13.699459371716976,1.0879489875212478,0.0305650495027016,1.5028310064366206,2.4005326238092,1.7893257501729267,61.433450449673664
UP25_SCORE40_NIKKEION_TP4.0_SL1.0_H1,VALIDATION,2022-10-17,9020.T,LOSS,-2.3816676285319693,1,6.136483812063122,False,2.379010135446391,30.3413445400842,0.5790447743810434,0.0552230149803631,0.6641383234980005,2.3349432733444404,0.7780152141950449,67.39867832806928
UP25_SCORE40_NIKKEION_TP4.0_SL1.0_H1,VALIDATION,2022-12-09,1605.T,WIN,8.808198355718522,1,1.3832846364679428,False,-0.8940106944303805,17.745321578699027,-9.241547871791555,-0.0531960665596382,1.3205778711055436,2.2270495889296305,1.3881681707997269,34.26191314652557
UP25_SCORE40_NIKKEION_TP4.0_SL1.0_H1,VALIDATION,2022-12-12,7453.T,HOLD,5.168993152993251,1,7.785745537710707,False,0.6688510049293495,23.26400560168437,2.5965432538196165,0.0730793230628874,1.71096128417233,2.3300665706892305,1.800916419691897,67.18226053707386
UP25_SCORE40_NIKKEION_TP4.0_SL1.0_H1,VALIDATION,2022-12-14,4183.T,WIN,7.405831632360161,1,4.047842666128099,False,1.735151101832666,33.47960405091145,1.4353983141801807,0.0171772644233658,1.467974580070142,1.8764579080900419,1.530005084442979,66.28826055987322
UP25_SCORE40_NIKKEION_TP4.0_SL1.0_H1,VALIDATION,2022-12-15,5803.T,HOLD,7.095558669756919,1,12.463364993046987,False,4.045411099573748,27.54188408217238,1.6710683760046807,0.0610497321030985,1.23869204673954,3.026494906484123,1.3570608199661895,66.5231637345376
UP25_SCORE40_NIKKEION_TP4.0_SL1.0_H1,VALIDATION,2023-01-04,8306.T,LOSS,-2.5587527687580547,1,9.942721833814636,False,4.004071511887508,53.97241962566525,3.140323074040752,0.0772790598147473,1.5402472630176538,2.5207313198785037,1.7562880669658096,80.2377668052138
UP25_SCORE40_NIKKEION_TP4.0_SL1.0_H1,VALIDATION,2023-01-10,8306.T,LOSS,-2.6428098648574094,1,11.168476859444912,False,3.7567415977903806,53.3374668171745,-3.552148419021073,0.0102480136578335,0.6960690082106086,2.6091557342575955,0.7399519584810441,67.124779054125
UP25_SCORE40_NIKKEION_TP4.0_SL1.0_H1,VALIDATION,2023-01-11,3382.T,LOSS,-1.7895410481692742,1,-0.342018630134584,True,0.0643002033458461,11.064368921038149,0.1567953069600225,0.002254167969536,1.330397347716364,1.7185771139539858,1.7491209180835523,59.8589561169827
UP25_SCORE40_NIKKEION_TP4.0_SL1.0_H1,VALIDATION,2023-01-12,8795.T,LOSS,-2.7453695800282008,1,13.347418043336852,False,3.631370741500861,41.89053345181456,1.373349552942793,-0.0147676883364578,1.2388590074410453,2.7172509089875936,1.5983048518463,71.32842362367616
UP25_SCORE40_NIKKEION_TP4.0_SL1.0_H1,VALIDATION,2023-01-13,9101.T,LOSS,-2.8212090004889,1,8.432275775259813,False,0.0226082431078467,23.78444107266994,-5.357685487463915,0.0504641355467856,0.8072282660539424,2.7973302017112607,0.6535182892279281,51.06914415189403
UP25_SCORE40_NIKKEION_TP4.0_SL1.0_H1,VALIDATION,2023-01-17,8304.T,LOSS,-1.9467528617879926,1,1.5180680908893067,False,1.0887323265154736,29.739522415801503,-3.353980520298649,0.0273378625270058,0.7193841847445767,1.8814995077926906,0.7796521901805284,56.275925104326
UP25_SCORE40_NIKKEION_TP4.0_SL1.0_H1,VALIDATION,2023-02-24,9107.T,WIN,11.605946284777014,1,9.446404148371524,False,4.09844994706916,43.4164883645031,1.0370470060754755,0.0191426801055223,1.190554996700955,2.9264865711942534,1.0778453082226491,71.89668183793219
UP25_SCORE40_NIKKEION_TP4.0_SL1.0_H1,VALIDATION,2023-03-01,5406.T,WIN,11.168328716414832,1,14.91716099759614,False,6.888477232737333,54.04595324073036,3.2292749761118733,0.0651599338858062,1.252977261833042,2.8170821791037097,1.4760421644722026,84.29291427976493
UP25_SCORE40_NIKKEION_TP4.0_SL1.0_H1,VALIDATION,2023-03-02,7532.T,HOLD,3.8475946283756834,1,2.311749896743116,False,1.110301730656027,23.028168592738364,-2.3219991254686434,0.0040066512595293,1.2480259842078736,2.4894896230590753,1.209647434940606,58.48457558086351
UP25_SCORE40_NIKKEION_TP4.0_SL1.0_H1,VALIDATION,2023-03-10,7532.T,HOLD,2.5956173520402026,1,3.57934608370132,False,1.880228685350693,28.13455632423358,-2.921340206282974,0.0131222127276182,1.491419817093107,2.5463457920216275,1.7096566069760155,58.657926704217566
UP25_SCORE40_NIKKEION_TP4.0_SL1.0_H1,VALIDATION,2023-03-22,9432.T,WIN,5.064884984967611,1,2.9886769743890587,False,0.7353999834895264,15.681016052641414,0.4470819300953277,0.0202850673358965,1.1697412593408478,1.2912212462419026,1.3366632783126184,63.96297916656753
UP25_SCORE40_NIKKEION_TP4.0_SL1.0_H1,VALIDATION,2023-03-23,2282.T,WIN,5.308156466981318,1,1.7935028429780078,False,0.8430250161032271,22.46676756670302,2.213557995259552,0.0245550521425392,1.4819834848611226,1.3520391167453294,1.6059746686702747,66.90274959696077
UP25_SCORE40_NIKKEION_TP4.0_SL1.0_H1,VALIDATION,2023-03-24,6723.T,HOLD,2.5769774427449987,1,21.077810898210828,False,2.4896742800021965,43.31982897965375,-4.3964883172957325,-0.0202395987154747,1.1259718314548754,3.1405859161334573,1.0754052744686402,57.82603205917243
UP25_SCORE40_NIKKEION_TP4.0_SL1.0_H1,VALIDATION,2023-03-27,6361.T,HOLD,6.739283324087009,1,8.015432590568775,False,0.7256587766140354,32.560408763507056,0.3372783188205552,0.0885154918963881,0.9994858611825193,2.521615739209733,1.401131572308912,62.16034027957021
UP25_SCORE40_NIKKEION_TP4.0_SL1.0_H1,VALIDATION,2023-03-28,5406.T,WIN,14.893240252881357,1,27.71121179146026,False,3.418661545644519,47.33339839088339,-9.545051328617529,-0.0041982856109186,0.8995679943658907,3.748310063220339,0.4577978948027875,58.09078371530008
UP25_SCORE40_NIKKEION_TP4.0_SL1.0_H1,VALIDATION,2023-03-29,6501.T,HOLD,5.231834133933145,1,1.0988968003756614,False,0.0979342932952764,16.39183530118584,0.7640034424433395,0.040399658979535,1.4440823297722165,2.0827135864235418,1.320943838763867,62.83061669805912
UP25_SCORE40_NIKKEION_TP4.0_SL1.0_H1,VALIDATION,2023-05-02,4062.T,HOLD,1.0139579242476215,1,4.013966551592089,False,1.802827796504003,20.67844708573587,9.00735727262434,0.1648387926054175,2.2486169616892635,3.1848252355601923,4.576523959366289,74.71698370331268
UP25_SCORE40_NIKKEION_TP4.0_SL1.0_H1,VALIDATION,2023-05-08,4062.T,HOLD,5.527817301031235,1,4.5676056091174,False,2.5347224805395863,23.10031811179641,-1.0118074056056026,0.1743182992262808,0.7399843511094202,3.210063097006962,1.5313197485061518,71.9754167058368
UP25_SCORE40_NIKKEION_TP4.0_SL1.0_H1,VALIDATION,2023-06-23,9432.T,WIN,5.924094680342463,1,1.1363365080353516,False,-0.2749633970042797,11.371284216097926,-0.4109173678928934,0.0364913154366119,1.114048707553409,1.5060236700856175,1.0082536774631734,53.32269300141883
UP25_SCORE40_NIKKEION_TP4.0_SL1.0_H1,VALIDATION,2023-07-14,3697.T,HOLD,2.6352689429760656,1,4.414202111466844,False,0.9825434478655692,14.066035777668535,11.423477609773958,0.2445951797241883,3.1735855666491504,3.664836270819342,5.869603952377096,73.90035206959334
UP25_SCORE40_NIKKEION_TP4.0_SL1.0_H1,VALIDATION,2023-07-18,3697.T,HOLD,3.523970101615148,1,4.9953295049275175,False,2.044955701868667,17.111553296105495,2.299582343674889,0.2528169654791361,1.6606525716609066,3.758092130501045,3.6132920490987503,75.56989565836771
UP25_SCORE40_NIKKEION_TP4.0_SL1.0_H1,VALIDATION,2023-07-19,3697.T,TIMEOUT_LOSS,-2.2265375704661805,1,5.567456335180463,False,3.178951129004992,20.179742269010724,3.184516937369808,0.2654910535496504,1.1688741037667625,3.7680333712417116,2.7744672503003995,77.74209892609204
UP25_SCORE40_NIKKEION_TP4.0_SL1.0_H1,VALIDATION,2023-07-20,9107.T,WIN,14.006070099017409,1,7.365756579489273,False,4.617551222256289,40.456823312574784,0.6164097608000185,0.0938839039136021,1.2425910903490696,3.5265175247543543,1.297700012415697,75.59799884044793
UP25_SCORE40_NIKKEION_TP4.0_SL1.0_H1,VALIDATION,2023-07-24,8304.T,WIN,4.646462184734912,1,5.965186154094392,False,1.4953254814182193,46.50894890976158,-0.1436610728448251,0.0052203232234606,0.9984152139461172,1.186615546183726,0.9270053085895136,73.84824848778555
UP25_SCORE40_NIKKEION_TP4.0_SL1.0_H1,VALIDATION,2023-07-25,9107.T,WIN,13.424120072605417,1,9.426236891350596,False,5.728474038906661,43.95468824272265,0.4712471779455551,0.0685211820160593,0.7454517534288647,3.381030018151354,0.7193571847781792,73.09781851674379
UP25_SCORE40_NIKKEION_TP4.0_SL1.0_H1,VALIDATION,2023-07-27,3697.T,TIMEOUT_LOSS,-0.7186061325326508,1,6.924157184283334,False,3.259052026362852,29.05887576099701,-1.0892575373501412,0.002571187096052,0.7087931439305001,3.531479074970112,0.5298027773512055,71.0424364651647
UP25_SCORE40_NIKKEION_TP4.0_SL1.0_H1,VALIDATION,2023-08-02,2871.T,WIN,6.0627349642954025,1,3.8189108712657336,False,0.7242951919965934,34.654865155400365,-0.3352535094952369,0.0165360395766838,1.8527815891231132,1.5406837410738485,2.5689084895259096,68.58018561012706
UP25_SCORE40_NIKKEION_TP4.0_SL1.0_H1,VALIDATION,2023-08-10,1605.T,HOLD,6.879169240044492,1,11.164981718369583,False,3.493592257604239,52.83446425483549,12.463460383201651,0.1554229117371919,2.79979946927813,2.9283910300581084,4.34619726101322,79.77015775754742
UP25_SCORE40_NIKKEION_TP4.0_SL1.0_H1,VALIDATION,2023-08-23,7261.T,WIN,10.508662911097277,1,5.953331285872705,False,1.9455717693589447,12.708498948693068,1.9993264348709736,0.0386591443652704,1.6638416589958922,2.652165727774321,1.5720263859369508,64.21075613369555
UP25_SCORE40_NIKKEION_TP4.0_SL1.0_H1,VALIDATION,2023-08-24,4062.T,LOSS,-3.593088741091144,1,6.80922560641553,False,-0.1925287628427585,15.369284537342974,1.0315239770017692,0.0820505230531885,2.3957283900866413,3.493088741091155,2.2102836747592667,63.32774287075412
UP25_SCORE40_NIKKEION_TP4.0_SL1.0_H1,VALIDATION,2023-08-25,3405.T,WIN,8.751136359044375,1,5.563676524694812,False,3.2152690771133585,33.8857711933423,0.5009277123760647,0.0383852602473304,1.6114387669128216,2.2127840897610955,1.4383193507789016,74.62114188384804
UP25_SCORE40_NIKKEION_TP4.0_SL1.0_H1,VALIDATION,2023-08-28,6113.T,WIN,8.383439084083,1,2.0495189820741966,False,1.2136642361419758,13.1843960890482,2.1775693976564536,0.045055261327477,1.8592336349121876,2.1208597710207515,1.5424862573680376,68.72876119221075
UP25_SCORE40_NIKKEION_TP4.0_SL1.0_H1,VALIDATION,2023-09-21,9501.T,HOLD,2.430923944535668,1,12.439084434745476,False,3.3705390033044846,55.35845466158926,3.1764129913268717,0.1079233947128065,1.2387773526238668,2.8613704298891873,1.684289366876984,77.03312199329181
UP25_SCORE40_NIKKEION_TP4.0_SL1.0_H1,VALIDATION,2023-09-25,9501.T,TIMEOUT_LOSS,-0.11415884285430603,1,12.88310819699138,False,3.374417007853281,58.02956451732003,-2.0940197056126486,0.0391210454202126,0.8268094745310657,2.9745042492917833,0.8797495788732139,69.48561231535493
UP25_SCORE40_NIKKEION_TP4.0_SL1.0_H1,VALIDATION,2023-09-26,8795.T,LOSS,-2.598671049358936,1,8.073776484220787,False,2.6441221533526127,40.65925639038708,0.3276185569456968,0.031178315543677,1.4798864527695812,2.562704607466282,1.5836332714471573,67.81712545659161
UP25_SCORE40_NIKKEION_TP4.0_SL1.0_H1,VALIDATION,2023-09-27,8697.T,LOSS,-2.075594545046533,1,3.3470779308842338,False,1.4497709058478805,32.77614038546648,3.4413909652475594,0.0834387115714591,1.6005725384357377,2.015410892703044,2.222029709001226,79.38085439124544
UP25_SCORE40_NIKKEION_TP4.0_SL1.0_H1,VALIDATION,2023-09-28,7211.T,LOSS,-2.7868180437806034,1,9.117007954978993,False,3.450040277711963,39.29149553083054,1.8863381236379428,0.0571909307090926,1.5897506486632105,2.7610011200634483,2.021996336198152,71.69805481165484
UP25_SCORE40_NIKKEION_TP4.0_SL1.0_H1,VALIDATION,2023-09-29,4519.T,LOSS,-2.446928996996245,1,5.059909895761967,False,0.93704686797198,28.12251682599573,0.1516356839443844,0.1048133624170686,1.5080802597375482,2.4033335284704487,2.628650714220726,65.25518100416157
UP25_SCORE40_NIKKEION_TP4.0_SL1.0_H1,VALIDATION,2023-10-05,2269.T,LOSS,-1.5982093299072075,1,5.667624576179167,False,0.1451186230179368,24.34501268351313,-1.262131078753559,0.0233988642222333,1.0088775203129705,1.5209970496121126,1.013320955136232,57.58098723507021
UP25_SCORE40_NIKKEION_TP4.0_SL1.0_H1,VALIDATION,2023-10-10,9107.T,LOSS,-3.625029196249774,1,15.933972418178186,False,1.9657485360281115,32.90204777315115,5.531622163232508,0.1134071461102983,1.3518507547182232,3.653827689070136,1.4354720499868414,67.38977612445666
UP25_SCORE40_NIKKEION_TP4.0_SL1.0_H1,VALIDATION,2023-10-11,9107.T,LOSS,-4.01935664188624,1,15.362860239972823,False,1.817783356617397,33.364067410548024,-6.101345299331939,0.0227167095357356,1.0926120652724227,4.079236467305844,1.229057736320596,55.98673825518541
UP25_SCORE40_NIKKEION_TP4.0_SL1.0_H1,VALIDATION,2023-10-18,7453.T,LOSS,-3.169829452539341,1,4.136507868839604,False,0.1223158978307381,22.63425020648197,3.166167693874544,0.1318619295282879,0.9600826348913224,3.16705256495576,1.773623917931742,67.49018008188494
UP25_SCORE40_NIKKEION_TP4.0_SL1.0_H1,VALIDATION,2023-10-20,6146.T,LOSS,-4.184819502409342,1,4.86039981790385,False,1.3515102489323416,14.912070979595237,-8.256885924341816,-0.0165392411775153,2.06778634855144,4.258783105258246,2.6872402350224203,49.996886216467445
UP25_SCORE40_NIKKEION_TP4.0_SL1.0_H1,VALIDATION,2023-10-23,6146.T,LOSS,-4.133144432597879,1,4.817619835452092,False,1.439467587139709,13.874446729497864,-6.37287494688662,0.0082183644223207,1.3655025933265694,4.202643098757367,1.9839982365684723,53.13269282156323
UP25_SCORE40_NIKKEION_TP4.0_SL1.0_H1,VALIDATION,2023-10-24,6762.T,LOSS,-2.51643032389427,1,4.1604519363736845,False,0.9948155952706816,17.151550373912308,-2.38955240864851,0.0110094748032077,1.2599746640825475,2.476267605207279,0.982404599244012,56.23701851890526
UP25_SCORE40_NIKKEION_TP4.0_SL1.0_H1,VALIDATION,2023-10-25,8354.T,LOSS,-2.629245405764913,1,7.543562389122455,False,0.2248247343790588,20.147436021905254,0.3421078714360925,0.0275245695155686,1.2498093252656737,2.594876192652884,1.1612895605596203,59.73818591868691
UP25_SCORE40_NIKKEION_TP4.0_SL1.0_H1,VALIDATION,2023-10-27,7453.T,LOSS,-2.9619415088255385,1,2.219489345986285,False,0.8191807321748623,23.100694441319646,1.448541445823448,0.0410464872483673,1.0020694881660257,2.9462617981865042,0.7730977542858364,65.26072739948032
UP25_SCORE40_NIKKEION_TP4.0_SL1.0_H1,VALIDATION,2023-10-30,8354.T,LOSS,-2.7488412271219786,1,6.961966882938133,False,0.4635109606138554,20.183945473791084,-1.572169017049041,0.0235651555938773,2.242165378893315,2.7209139167020906,3.041452154524692,57.710746195913416
UP25_SCORE40_NIKKEION_TP4.0_SL1.0_H1,VALIDATION,2023-10-31,8354.T,LOSS,-2.778247518823007,1,6.990528763368678,False,0.7896743702185294,20.80181074330227,1.9845406507217331,0.061751516195736,1.2017489922798388,2.7519515941115085,1.8450726385902343,64.8150694647926
UP25_SCORE40_NIKKEION_TP4.0_SL1.0_H1,VALIDATION,2023-12-06,9501.T,HOLD,10.44913294797688,1,1.1578272175565565,False,0.4150857548883557,12.53495466131979,3.919503623521159,0.0978182408120953,2.777650370355735,2.9865125240847794,3.8960955408717135,65.11804068639108
UP25_SCORE40_NIKKEION_TP4.0_SL1.0_H1,VALIDATION,2023-12-12,9434.T,WIN,3.8564981738389625,1,3.666793621977835,False,1.29191483774298,40.13151817494092,-0.6322107278257882,0.0034921505240095,0.6726550999333534,0.9891245434597407,0.7436676511251774,69.58475793091037
UP25_SCORE40_NIKKEION_TP4.0_SL1.0_H1,VALIDATION,2023-12-20,4751.T,HOLD,4.377563165800658,1,3.2796344993330924,False,0.5968344014660953,15.889307443901632,-6.580945769099788,0.0432022766255002,0.7191332989209253,3.1244795018202653,0.4118260002949004,56.27814074644787
UP25_SCORE40_NIKKEION_TP4.0_SL1.0_H1,VALIDATION,2024-03-08,8331.T,WIN,10.194336414833705,1,5.405307907021086,False,2.693774385595749,36.25104127848698,0.9972018532308002,0.0155313857543469,1.357289321773241,2.573584103708426,1.6865697218534337,73.6374923996679
UP25_SCORE40_NIKKEION_TP4.0_SL1.0_H1,VALIDATION,2024-03-11,8309.T,WIN,9.7796709059245,1,5.456514832612866,False,1.8033243234927052,38.94777737859525,-2.829621941040217,0.0670779999091881,1.2557221617814778,2.469917726481123,1.5724905472866024,64.63927772022649
UP25_SCORE40_NIKKEION_TP4.0_SL1.0_H1,VALIDATION,2024-03-13,9502.T,WIN,9.352818067430947,1,0.3284805989638264,False,-0.3949155550553529,9.336203923379715,-0.4163332885228521,0.0416315849555858,1.3713123246439942,2.363204516857735,1.5435690298745686,53.35620076050401
UP25_SCORE40_NIKKEION_TP4.0_SL1.0_H1,VALIDATION,2024-03-14,8750.T,WIN,9.83825761176641,1,6.723172643826112,False,3.0553242124834457,28.73657296378135,-2.003808894791248,0.0074324154293817,0.7894672961852629,2.4845644029416025,0.7682347991053303,65.40246304310125
UP25_SCORE40_NIKKEION_TP4.0_SL1.0_H1,VALIDATION,2024-03-18,3289.T,WIN,10.456607692483834,1,3.1788561124538144,False,1.0067788984315262,36.8627274994429,2.9795236379785983,0.0993729974623696,1.2184818060410647,2.6391519231209566,1.515077338343676,70.79072631991961
UP25_SCORE40_NIKKEION_TP4.0_SL1.0_H1,VALIDATION,2024-03-19,8801.T,HOLD,8.495777150300976,1,9.773150047748146,False,2.115825121948145,32.446154882604525,5.3761017561049895,0.122181980734735,1.510534167150447,2.8278956009457774,2.033014039373544,75.61957057625732
UP25_SCORE40_NIKKEION_TP4.0_SL1.0_H1,VALIDATION,2024-04-09,2802.T,HOLD,2.084859200252953,1,-2.0396650901238145,True,0.1140152048729081,11.84818662713996,-0.1054377642351167,0.0248691679840129,0.9442094751373102,2.069009730016713,0.7392609115577428,57.09474121995388
UP25_SCORE40_NIKKEION_TP4.0_SL1.0_H1,VALIDATION,2024-04-10,6762.T,HOLD,4.404569372984535,1,1.7483349542660995,False,-0.7984789682288995,17.61370277586641,-1.2453024400790658,0.0196837125091595,0.8644640211555924,2.5918242589761054,0.6724433305554953,53.10534978918167
UP25_SCORE40_NIKKEION_TP4.0_SL1.0_H1,VALIDATION,2024-04-24,8306.T,HOLD,7.140239660000736,1,5.791235339906379,False,0.4467188060413019,17.604649912322607,0.4799929191379393,0.0388005802676905,0.8113443422931543,2.263652438436166,0.8313150105569843,58.02624765264058
UP25_SCORE40_NIKKEION_TP4.0_SL1.0_H1,VALIDATION,2024-04-26,6506.T,HOLD,7.5832116635503715,1,4.608123466613713,False,-0.2466751805144218,15.375926432937815,-3.6363626563306606,0.0401719323174898,0.7309661134065686,3.3302363521135803,0.5926472185540254,52.826725832596445
UP30_SCORE40_NIKKEION_TP4.0_SL1.0_H1,VALIDATION,2022-05-13,2501.T,LOSS,-2.2852357779900023,1,5.944871187551252,False,3.400604512726435,38.685878809615936,-0.3244343527760707,0.0267817779012543,1.333862563100472,2.2340551504373973,1.455429821541605,78.64119875658174
UP30_SCORE40_NIKKEION_TP4.0_SL1.0_H1,VALIDATION,2022-05-16,6301.T,LOSS,-3.1632717938697374,1,5.068992986471936,False,0.7836985691567211,15.798331855947607,-3.900932073936836,-0.0024932155918815,0.6914859348369753,3.1600734319770694,0.6245396225466924,57.77345937599581
UP30_SCORE40_NIKKEION_TP4.0_SL1.0_H1,VALIDATION,2022-05-17,5020.T,LOSS,-2.4595859520750274,1,1.760630250605687,False,1.405987367477768,19.07032630053753,3.1570597639297704,0.0728946497185125,1.0614395952093003,2.4166078924213226,1.7550698443476471,75.02798470985627
UP30_SCORE40_NIKKEION_TP4.0_SL1.0_H1,VALIDATION,2022-05-19,2501.T,LOSS,-2.3502619316515982,1,7.467256675485255,False,3.2599036571882234,37.80008010592002,-2.81183741478237,-0.0535223213251143,0.665694627967376,2.302064410728333,0.5957733125363183,64.63334214326557
UP30_SCORE40_NIKKEION_TP4.0_SL1.0_H1,VALIDATION,2022-06-10,5803.T,HOLD,8.026663916998123,1,18.524807642590567,False,6.702168884496307,43.39822829433884,-2.2248190983177096,0.0388881292514335,1.243466362599772,3.4588471392703823,1.0810864397269426,71.89716109124154
UP30_SCORE40_NIKKEION_TP4.0_SL1.0_H1,VALIDATION,2022-06-24,7211.T,HOLD,11.175615019526564,1,20.002268211229577,False,4.349113502823965,42.1196056280957,-8.606548698090188,0.0025616573777389,1.480431990860245,4.339395390652548,1.9367317893950209,57.01585206707608
UP30_SCORE40_NIKKEION_TP4.0_SL1.0_H1,VALIDATION,2022-06-27,2501.T,WIN,8.337913878233072,1,9.820015702889275,False,1.5644775018713195,43.76912496196353,0.2368803875811176,0.0039577750676822,1.6676743248690045,2.109478469558268,1.781581355293611,70.83940742006217
UP30_SCORE40_NIKKEION_TP4.0_SL1.0_H1,VALIDATION,2022-06-28,9501.T,HOLD,5.172727272727274,1,9.046096065256291,False,-0.1853194746595843,20.191556948575037,4.166666666666674,0.1471293143668663,2.302757482523177,3.818181818181817,2.373206083583625,67.66977151936806
UP30_SCORE40_NIKKEION_TP4.0_SL1.0_H1,VALIDATION,2022-06-29,9501.T,LOSS,-3.9572251007484183,1,8.88196224656258,False,0.6706528765352271,22.37396857143523,5.272727272727273,0.204249264353729,2.005658483470548,3.857225100748418,2.7880650383729697,72.51589607440937
UP30_SCORE40_NIKKEION_TP4.0_SL1.0_H1,VALIDATION,2022-06-30,9501.T,HOLD,2.016402116402116,1,8.69955156950672,False,1.466418212752152,24.51597202150592,-2.072538860103623,0.19025697032202,1.2002946002712256,4.115226337448563,2.0613896712206934,67.97537846674064
UP30_SCORE40_NIKKEION_TP4.0_SL1.0_H1,VALIDATION,2022-07-07,8804.T,LOSS,-2.3564891360168927,1,0.0265934630896393,False,1.8073914631535404,23.4174748041781,0.84344269467298,0.019848201568192,1.172779728039382,2.308582038921199,1.0809252854327047,66.07021427242472
UP30_SCORE40_NIKKEION_TP4.0_SL1.0_H1,VALIDATION,2022-07-08,8804.T,LOSS,-2.3442071763351224,1,0.4282553834964402,False,2.048754876514192,24.50874722643819,0.8886574055018581,0.0080089640833866,1.4952237669705812,2.2957280704411014,1.4730094105462403,67.7674063851828
UP30_SCORE40_NIKKEION_TP4.0_SL1.0_H1,VALIDATION,2022-08-26,3402.T,WIN,7.4033022680537135,1,4.715826557188758,False,1.3227068499944927,23.326868980224702,2.1349419667568537,0.0451499048489812,2.120364579714173,1.87582556701343,1.8661862363859685,71.48351885781872
UP30_SCORE40_NIKKEION_TP4.0_SL1.0_H1,VALIDATION,2022-09-08,6963.T,WIN,10.483042605336978,1,3.389358493787343,False,1.450911551849754,17.181027533475167,1.1029514224850656,0.0575267132257677,1.5761652398423698,2.645760651334246,1.9134264834457844,63.69425087590122
UP30_SCORE40_NIKKEION_TP4.0_SL1.0_H1,VALIDATION,2022-09-09,8233.T,WIN,8.075196109081217,1,7.105545004350923,False,2.419994828977501,47.07602457680796,1.4067191098883436,0.0424264355421359,1.5726287733935918,2.043799027270306,2.0167180592190808,84.96763309537195
UP30_SCORE40_NIKKEION_TP4.0_SL1.0_H1,VALIDATION,2022-09-12,3099.T,HOLD,8.589121662137844,1,0.7190452600000207,False,2.762599012130851,32.50220295696049,4.701928889725493,0.0900232111163203,1.2789892584444156,2.54233766046678,1.6376233727228475,80.32291358388707
UP30_SCORE40_NIKKEION_TP4.0_SL1.0_H1,VALIDATION,2022-09-13,6762.T,HOLD,4.55946891217528,1,9.463813495840416,False,1.1505973027165384,23.741570665434217,3.5363485256876714,0.0267329113111032,1.529791393965503,2.3772466104535024,1.9478991951222084,70.83421513435317
UP30_SCORE40_NIKKEION_TP4.0_SL1.0_H1,VALIDATION,2022-09-14,6762.T,HOLD,8.90136156473954,1,9.479109815344067,False,1.1934819770905936,23.95264966470376,-3.605319642757554,0.0110704579108096,1.155304655862548,2.6442402550284143,1.5151809744067293,58.94862853932386
UP30_SCORE40_NIKKEION_TP4.0_SL1.0_H1,VALIDATION,2022-10-04,4502.T,WIN,6.521601945168077,1,0.1784752662705485,False,0.0923229281194926,12.91568892333423,1.3032940182379882,0.0434328521808546,1.4568342799069054,1.6554004862920173,1.980215777578708,61.542227510413
UP30_SCORE40_NIKKEION_TP4.0_SL1.0_H1,VALIDATION,2022-10-06,8031.T,LOSS,-2.2940204005170495,1,5.065407746825307,False,0.0837280115831173,18.889517197394643,1.2750327617096602,0.0227091221899091,0.809571229942505,2.243237488650074,0.8381690110706707,63.42700055474461
UP30_SCORE40_NIKKEION_TP4.0_SL1.0_H1,VALIDATION,2022-10-14,8252.T,LOSS,-2.4442579470050907,1,2.389445668348921,False,0.5022998885166441,13.699459371716976,1.0879489875212478,0.0305650495027016,1.5028310064366206,2.4005326238092,1.7893257501729267,61.433450449673664
UP30_SCORE40_NIKKEION_TP4.0_SL1.0_H1,VALIDATION,2022-10-17,9020.T,LOSS,-2.3816676285319693,1,6.136483812063122,False,2.379010135446391,30.3413445400842,0.5790447743810434,0.0552230149803631,0.6641383234980005,2.3349432733444404,0.7780152141950449,67.39867832806928
UP30_SCORE40_NIKKEION_TP4.0_SL1.0_H1,VALIDATION,2022-12-09,1605.T,WIN,8.808198355718522,1,1.3832846364679428,False,-0.8940106944303805,17.745321578699027,-9.241547871791555,-0.0531960665596382,1.3205778711055436,2.2270495889296305,1.3881681707997269,34.26191314652557
UP30_SCORE40_NIKKEION_TP4.0_SL1.0_H1,VALIDATION,2022-12-12,7453.T,HOLD,5.168993152993251,1,7.785745537710707,False,0.6688510049293495,23.26400560168437,2.5965432538196165,0.0730793230628874,1.71096128417233,2.3300665706892305,1.800916419691897,67.18226053707386
UP30_SCORE40_NIKKEION_TP4.0_SL1.0_H1,VALIDATION,2022-12-14,4183.T,WIN,7.405831632360161,1,4.047842666128099,False,1.735151101832666,33.47960405091145,1.4353983141801807,0.0171772644233658,1.467974580070142,1.8764579080900419,1.530005084442979,66.28826055987322
UP30_SCORE40_NIKKEION_TP4.0_SL1.0_H1,VALIDATION,2022-12-15,5803.T,HOLD,7.095558669756919,1,12.463364993046987,False,4.045411099573748,27.54188408217238,1.6710683760046807,0.0610497321030985,1.23869204673954,3.026494906484123,1.3570608199661895,66.5231637345376
UP30_SCORE40_NIKKEION_TP4.0_SL1.0_H1,VALIDATION,2023-01-04,8306.T,LOSS,-2.5587527687580547,1,9.942721833814636,False,4.004071511887508,53.97241962566525,3.140323074040752,0.0772790598147473,1.5402472630176538,2.5207313198785037,1.7562880669658096,80.2377668052138
UP30_SCORE40_NIKKEION_TP4.0_SL1.0_H1,VALIDATION,2023-01-10,8306.T,LOSS,-2.6428098648574094,1,11.168476859444912,False,3.7567415977903806,53.3374668171745,-3.552148419021073,0.0102480136578335,0.6960690082106086,2.6091557342575955,0.7399519584810441,67.124779054125
UP30_SCORE40_NIKKEION_TP4.0_SL1.0_H1,VALIDATION,2023-01-11,3382.T,LOSS,-1.7895410481692742,1,-0.342018630134584,True,0.0643002033458461,11.064368921038149,0.1567953069600225,0.002254167969536,1.330397347716364,1.7185771139539858,1.7491209180835523,59.8589561169827
UP30_SCORE40_NIKKEION_TP4.0_SL1.0_H1,VALIDATION,2023-01-12,8795.T,LOSS,-2.7453695800282008,1,13.347418043336852,False,3.631370741500861,41.89053345181456,1.373349552942793,-0.0147676883364578,1.2388590074410453,2.7172509089875936,1.5983048518463,71.32842362367616
UP30_SCORE40_NIKKEION_TP4.0_SL1.0_H1,VALIDATION,2023-01-13,9101.T,LOSS,-2.8212090004889,1,8.432275775259813,False,0.0226082431078467,23.78444107266994,-5.357685487463915,0.0504641355467856,0.8072282660539424,2.7973302017112607,0.6535182892279281,51.06914415189403
UP30_SCORE40_NIKKEION_TP4.0_SL1.0_H1,VALIDATION,2023-01-17,8304.T,LOSS,-1.9467528617879926,1,1.5180680908893067,False,1.0887323265154736,29.739522415801503,-3.353980520298649,0.0273378625270058,0.7193841847445767,1.8814995077926906,0.7796521901805284,56.275925104326
UP30_SCORE40_NIKKEION_TP4.0_SL1.0_H1,VALIDATION,2023-02-24,9107.T,WIN,11.605946284777014,1,9.446404148371524,False,4.09844994706916,43.4164883645031,1.0370470060754755,0.0191426801055223,1.190554996700955,2.9264865711942534,1.0778453082226491,71.89668183793219
UP30_SCORE40_NIKKEION_TP4.0_SL1.0_H1,VALIDATION,2023-03-01,5406.T,WIN,11.168328716414832,1,14.91716099759614,False,6.888477232737333,54.04595324073036,3.2292749761118733,0.0651599338858062,1.252977261833042,2.8170821791037097,1.4760421644722026,84.29291427976493
UP30_SCORE40_NIKKEION_TP4.0_SL1.0_H1,VALIDATION,2023-03-02,7532.T,HOLD,3.8475946283756834,1,2.311749896743116,False,1.110301730656027,23.028168592738364,-2.3219991254686434,0.0040066512595293,1.2480259842078736,2.4894896230590753,1.209647434940606,58.48457558086351
UP30_SCORE40_NIKKEION_TP4.0_SL1.0_H1,VALIDATION,2023-03-10,7532.T,HOLD,2.5956173520402026,1,3.57934608370132,False,1.880228685350693,28.13455632423358,-2.921340206282974,0.0131222127276182,1.491419817093107,2.5463457920216275,1.7096566069760155,58.657926704217566
UP30_SCORE40_NIKKEION_TP4.0_SL1.0_H1,VALIDATION,2023-03-22,9432.T,WIN,5.064884984967611,1,2.9886769743890587,False,0.7353999834895264,15.681016052641414,0.4470819300953277,0.0202850673358965,1.1697412593408478,1.2912212462419026,1.3366632783126184,63.96297916656753
UP30_SCORE40_NIKKEION_TP4.0_SL1.0_H1,VALIDATION,2023-03-23,2282.T,WIN,5.308156466981318,1,1.7935028429780078,False,0.8430250161032271,22.46676756670302,2.213557995259552,0.0245550521425392,1.4819834848611226,1.3520391167453294,1.6059746686702747,66.90274959696077
UP30_SCORE40_NIKKEION_TP4.0_SL1.0_H1,VALIDATION,2023-03-24,6723.T,HOLD,2.5769774427449987,1,21.077810898210828,False,2.4896742800021965,43.31982897965375,-4.3964883172957325,-0.0202395987154747,1.1259718314548754,3.1405859161334573,1.0754052744686402,57.82603205917243
UP30_SCORE40_NIKKEION_TP4.0_SL1.0_H1,VALIDATION,2023-03-27,6361.T,HOLD,6.739283324087009,1,8.015432590568775,False,0.7256587766140354,32.560408763507056,0.3372783188205552,0.0885154918963881,0.9994858611825193,2.521615739209733,1.401131572308912,62.16034027957021
UP30_SCORE40_NIKKEION_TP4.0_SL1.0_H1,VALIDATION,2023-03-28,5406.T,WIN,14.893240252881357,1,27.71121179146026,False,3.418661545644519,47.33339839088339,-9.545051328617529,-0.0041982856109186,0.8995679943658907,3.748310063220339,0.4577978948027875,58.09078371530008
UP30_SCORE40_NIKKEION_TP4.0_SL1.0_H1,VALIDATION,2023-03-29,6501.T,HOLD,5.231834133933145,1,1.0988968003756614,False,0.0979342932952764,16.39183530118584,0.7640034424433395,0.040399658979535,1.4440823297722165,2.0827135864235418,1.320943838763867,62.83061669805912
UP30_SCORE40_NIKKEION_TP4.0_SL1.0_H1,VALIDATION,2023-05-02,4062.T,HOLD,1.0139579242476215,1,4.013966551592089,False,1.802827796504003,20.67844708573587,9.00735727262434,0.1648387926054175,2.2486169616892635,3.1848252355601923,4.576523959366289,74.71698370331268
UP30_SCORE40_NIKKEION_TP4.0_SL1.0_H1,VALIDATION,2023-05-08,4062.T,HOLD,5.527817301031235,1,4.5676056091174,False,2.5347224805395863,23.10031811179641,-1.0118074056056026,0.1743182992262808,0.7399843511094202,3.210063097006962,1.5313197485061518,71.9754167058368
UP30_SCORE40_NIKKEION_TP4.0_SL1.0_H1,VALIDATION,2023-06-23,9432.T,WIN,5.924094680342463,1,1.1363365080353516,False,-0.2749633970042797,11.371284216097926,-0.4109173678928934,0.0364913154366119,1.114048707553409,1.5060236700856175,1.0082536774631734,53.32269300141883
UP30_SCORE40_NIKKEION_TP4.0_SL1.0_H1,VALIDATION,2023-07-14,3697.T,HOLD,2.6352689429760656,1,4.414202111466844,False,0.9825434478655692,14.066035777668535,11.423477609773958,0.2445951797241883,3.1735855666491504,3.664836270819342,5.869603952377096,73.90035206959334
UP30_SCORE40_NIKKEION_TP4.0_SL1.0_H1,VALIDATION,2023-07-18,3697.T,HOLD,3.523970101615148,1,4.9953295049275175,False,2.044955701868667,17.111553296105495,2.299582343674889,0.2528169654791361,1.6606525716609066,3.758092130501045,3.6132920490987503,75.56989565836771
UP30_SCORE40_NIKKEION_TP4.0_SL1.0_H1,VALIDATION,2023-07-19,3697.T,TIMEOUT_LOSS,-2.2265375704661805,1,5.567456335180463,False,3.178951129004992,20.179742269010724,3.184516937369808,0.2654910535496504,1.1688741037667625,3.7680333712417116,2.7744672503003995,77.74209892609204
UP30_SCORE40_NIKKEION_TP4.0_SL1.0_H1,VALIDATION,2023-07-20,9107.T,WIN,14.006070099017409,1,7.365756579489273,False,4.617551222256289,40.456823312574784,0.6164097608000185,0.0938839039136021,1.2425910903490696,3.5265175247543543,1.297700012415697,75.59799884044793
UP30_SCORE40_NIKKEION_TP4.0_SL1.0_H1,VALIDATION,2023-07-24,8304.T,WIN,4.646462184734912,1,5.965186154094392,False,1.4953254814182193,46.50894890976158,-0.1436610728448251,0.0052203232234606,0.9984152139461172,1.186615546183726,0.9270053085895136,73.84824848778555
UP30_SCORE40_NIKKEION_TP4.0_SL1.0_H1,VALIDATION,2023-07-25,9107.T,WIN,13.424120072605417,1,9.426236891350596,False,5.728474038906661,43.95468824272265,0.4712471779455551,0.0685211820160593,0.7454517534288647,3.381030018151354,0.7193571847781792,73.09781851674379
UP30_SCORE40_NIKKEION_TP4.0_SL1.0_H1,VALIDATION,2023-07-27,3697.T,TIMEOUT_LOSS,-0.7186061325326508,1,6.924157184283334,False,3.259052026362852,29.05887576099701,-1.0892575373501412,0.002571187096052,0.7087931439305001,3.531479074970112,0.5298027773512055,71.0424364651647
UP30_SCORE40_NIKKEION_TP4.0_SL1.0_H1,VALIDATION,2023-08-02,2871.T,WIN,6.0627349642954025,1,3.8189108712657336,False,0.7242951919965934,34.654865155400365,-0.3352535094952369,0.0165360395766838,1.8527815891231132,1.5406837410738485,2.5689084895259096,68.58018561012706
UP30_SCORE40_NIKKEION_TP4.0_SL1.0_H1,VALIDATION,2023-08-10,1605.T,HOLD,6.879169240044492,1,11.164981718369583,False,3.493592257604239,52.83446425483549,12.463460383201651,0.1554229117371919,2.79979946927813,2.9283910300581084,4.34619726101322,79.77015775754742
UP30_SCORE40_NIKKEION_TP4.0_SL1.0_H1,VALIDATION,2023-08-23,7261.T,WIN,10.508662911097277,1,5.953331285872705,False,1.9455717693589447,12.708498948693068,1.9993264348709736,0.0386591443652704,1.6638416589958922,2.652165727774321,1.5720263859369508,64.21075613369555
UP30_SCORE40_NIKKEION_TP4.0_SL1.0_H1,VALIDATION,2023-08-24,4062.T,LOSS,-3.593088741091144,1,6.80922560641553,False,-0.1925287628427585,15.369284537342974,1.0315239770017692,0.0820505230531885,2.3957283900866413,3.493088741091155,2.2102836747592667,63.32774287075412
UP30_SCORE40_NIKKEION_TP4.0_SL1.0_H1,VALIDATION,2023-08-25,3405.T,WIN,8.751136359044375,1,5.563676524694812,False,3.2152690771133585,33.8857711933423,0.5009277123760647,0.0383852602473304,1.6114387669128216,2.2127840897610955,1.4383193507789016,74.62114188384804
UP30_SCORE40_NIKKEION_TP4.0_SL1.0_H1,VALIDATION,2023-08-28,6113.T,WIN,8.383439084083,1,2.0495189820741966,False,1.2136642361419758,13.1843960890482,2.1775693976564536,0.045055261327477,1.8592336349121876,2.1208597710207515,1.5424862573680376,68.72876119221075
UP30_SCORE40_NIKKEION_TP4.0_SL1.0_H1,VALIDATION,2023-09-21,9501.T,HOLD,2.430923944535668,1,12.439084434745476,False,3.3705390033044846,55.35845466158926,3.1764129913268717,0.1079233947128065,1.2387773526238668,2.8613704298891873,1.684289366876984,77.03312199329181
UP30_SCORE40_NIKKEION_TP4.0_SL1.0_H1,VALIDATION,2023-09-25,9501.T,TIMEOUT_LOSS,-0.11415884285430603,1,12.88310819699138,False,3.374417007853281,58.02956451732003,-2.0940197056126486,0.0391210454202126,0.8268094745310657,2.9745042492917833,0.8797495788732139,69.48561231535493
UP30_SCORE40_NIKKEION_TP4.0_SL1.0_H1,VALIDATION,2023-09-26,8795.T,LOSS,-2.598671049358936,1,8.073776484220787,False,2.6441221533526127,40.65925639038708,0.3276185569456968,0.031178315543677,1.4798864527695812,2.562704607466282,1.5836332714471573,67.81712545659161
UP30_SCORE40_NIKKEION_TP4.0_SL1.0_H1,VALIDATION,2023-09-27,8697.T,LOSS,-2.075594545046533,1,3.3470779308842338,False,1.4497709058478805,32.77614038546648,3.4413909652475594,0.0834387115714591,1.6005725384357377,2.015410892703044,2.222029709001226,79.38085439124544
UP30_SCORE40_NIKKEION_TP4.0_SL1.0_H1,VALIDATION,2023-09-28,7211.T,LOSS,-2.7868180437806034,1,9.117007954978993,False,3.450040277711963,39.29149553083054,1.8863381236379428,0.0571909307090926,1.5897506486632105,2.7610011200634483,2.021996336198152,71.69805481165484
UP30_SCORE40_NIKKEION_TP4.0_SL1.0_H1,VALIDATION,2023-09-29,4519.T,LOSS,-2.446928996996245,1,5.059909895761967,False,0.93704686797198,28.12251682599573,0.1516356839443844,0.1048133624170686,1.5080802597375482,2.4033335284704487,2.628650714220726,65.25518100416157
UP30_SCORE40_NIKKEION_TP4.0_SL1.0_H1,VALIDATION,2023-10-05,2269.T,LOSS,-1.5982093299072075,1,5.667624576179167,False,0.1451186230179368,24.34501268351313,-1.262131078753559,0.0233988642222333,1.0088775203129705,1.5209970496121126,1.013320955136232,57.58098723507021
UP30_SCORE40_NIKKEION_TP4.0_SL1.0_H1,VALIDATION,2023-10-10,9107.T,LOSS,-3.625029196249774,1,15.933972418178186,False,1.9657485360281115,32.90204777315115,5.531622163232508,0.1134071461102983,1.3518507547182232,3.653827689070136,1.4354720499868414,67.38977612445666
UP30_SCORE40_NIKKEION_TP4.0_SL1.0_H1,VALIDATION,2023-10-11,9107.T,LOSS,-4.01935664188624,1,15.362860239972823,False,1.817783356617397,33.364067410548024,-6.101345299331939,0.0227167095357356,1.0926120652724227,4.079236467305844,1.229057736320596,55.98673825518541
UP30_SCORE40_NIKKEION_TP4.0_SL1.0_H1,VALIDATION,2023-10-18,7453.T,LOSS,-3.169829452539341,1,4.136507868839604,False,0.1223158978307381,22.63425020648197,3.166167693874544,0.1318619295282879,0.9600826348913224,3.16705256495576,1.773623917931742,67.49018008188494
UP30_SCORE40_NIKKEION_TP4.0_SL1.0_H1,VALIDATION,2023-10-20,6146.T,LOSS,-4.184819502409342,1,4.86039981790385,False,1.3515102489323416,14.912070979595237,-8.256885924341816,-0.0165392411775153,2.06778634855144,4.258783105258246,2.6872402350224203,49.996886216467445
UP30_SCORE40_NIKKEION_TP4.0_SL1.0_H1,VALIDATION,2023-10-23,6146.T,LOSS,-4.133144432597879,1,4.817619835452092,False,1.439467587139709,13.874446729497864,-6.37287494688662,0.0082183644223207,1.3655025933265694,4.202643098757367,1.9839982365684723,53.13269282156323
UP30_SCORE40_NIKKEION_TP4.0_SL1.0_H1,VALIDATION,2023-10-24,6762.T,LOSS,-2.51643032389427,1,4.1604519363736845,False,0.9948155952706816,17.151550373912308,-2.38955240864851,0.0110094748032077,1.2599746640825475,2.476267605207279,0.982404599244012,56.23701851890526
UP30_SCORE40_NIKKEION_TP4.0_SL1.0_H1,VALIDATION,2023-10-25,8354.T,LOSS,-2.629245405764913,1,7.543562389122455,False,0.2248247343790588,20.147436021905254,0.3421078714360925,0.0275245695155686,1.2498093252656737,2.594876192652884,1.1612895605596203,59.73818591868691
UP30_SCORE40_NIKKEION_TP4.0_SL1.0_H1,VALIDATION,2023-10-27,7453.T,LOSS,-2.9619415088255385,1,2.219489345986285,False,0.8191807321748623,23.100694441319646,1.448541445823448,0.0410464872483673,1.0020694881660257,2.9462617981865042,0.7730977542858364,65.26072739948032
UP30_SCORE40_NIKKEION_TP4.0_SL1.0_H1,VALIDATION,2023-10-30,8354.T,LOSS,-2.7488412271219786,1,6.961966882938133,False,0.4635109606138554,20.183945473791084,-1.572169017049041,0.0235651555938773,2.242165378893315,2.7209139167020906,3.041452154524692,57.710746195913416
UP30_SCORE40_NIKKEION_TP4.0_SL1.0_H1,VALIDATION,2023-10-31,8354.T,LOSS,-2.778247518823007,1,6.990528763368678,False,0.7896743702185294,20.80181074330227,1.9845406507217331,0.061751516195736,1.2017489922798388,2.7519515941115085,1.8450726385902343,64.8150694647926
UP30_SCORE40_NIKKEION_TP4.0_SL1.0_H1,VALIDATION,2023-12-06,9501.T,HOLD,10.44913294797688,1,1.1578272175565565,False,0.4150857548883557,12.53495466131979,3.919503623521159,0.0978182408120953,2.777650370355735,2.9865125240847794,3.8960955408717135,65.11804068639108
UP30_SCORE40_NIKKEION_TP4.0_SL1.0_H1,VALIDATION,2023-12-12,9434.T,WIN,3.8564981738389625,1,3.666793621977835,False,1.29191483774298,40.13151817494092,-0.6322107278257882,0.0034921505240095,0.6726550999333534,0.9891245434597407,0.7436676511251774,69.58475793091037
UP30_SCORE40_NIKKEION_TP4.0_SL1.0_H1,VALIDATION,2023-12-20,4751.T,HOLD,4.377563165800658,1,3.2796344993330924,False,0.5968344014660953,15.889307443901632,-6.580945769099788,0.0432022766255002,0.7191332989209253,3.1244795018202653,0.4118260002949004,56.27814074644787
UP30_SCORE40_NIKKEION_TP4.0_SL1.0_H1,VALIDATION,2024-03-08,8331.T,WIN,10.194336414833705,1,5.405307907021086,False,2.693774385595749,36.25104127848698,0.9972018532308002,0.0155313857543469,1.357289321773241,2.573584103708426,1.6865697218534337,73.6374923996679
UP30_SCORE40_NIKKEION_TP4.0_SL1.0_H1,VALIDATION,2024-03-11,8309.T,WIN,9.7796709059245,1,5.456514832612866,False,1.8033243234927052,38.94777737859525,-2.829621941040217,0.0670779999091881,1.2557221617814778,2.469917726481123,1.5724905472866024,64.63927772022649
UP30_SCORE40_NIKKEION_TP4.0_SL1.0_H1,VALIDATION,2024-03-13,9502.T,WIN,9.352818067430947,1,0.3284805989638264,False,-0.3949155550553529,9.336203923379715,-0.4163332885228521,0.0416315849555858,1.3713123246439942,2.363204516857735,1.5435690298745686,53.35620076050401
UP30_SCORE40_NIKKEION_TP4.0_SL1.0_H1,VALIDATION,2024-03-14,8750.T,WIN,9.83825761176641,1,6.723172643826112,False,3.0553242124834457,28.73657296378135,-2.003808894791248,0.0074324154293817,0.7894672961852629,2.4845644029416025,0.7682347991053303,65.40246304310125
UP30_SCORE40_NIKKEION_TP4.0_SL1.0_H1,VALIDATION,2024-03-18,3289.T,WIN,10.456607692483834,1,3.1788561124538144,False,1.0067788984315262,36.8627274994429,2.9795236379785983,0.0993729974623696,1.2184818060410647,2.6391519231209566,1.515077338343676,70.79072631991961
UP30_SCORE40_NIKKEION_TP4.0_SL1.0_H1,VALIDATION,2024-03-19,8801.T,HOLD,8.495777150300976,1,9.773150047748146,False,2.115825121948145,32.446154882604525,5.3761017561049895,0.122181980734735,1.510534167150447,2.8278956009457774,2.033014039373544,75.61957057625732
UP30_SCORE40_NIKKEION_TP4.0_SL1.0_H1,VALIDATION,2024-04-09,2802.T,HOLD,2.084859200252953,1,-2.0396650901238145,True,0.1140152048729081,11.84818662713996,-0.1054377642351167,0.0248691679840129,0.9442094751373102,2.069009730016713,0.7392609115577428,57.09474121995388
UP30_SCORE40_NIKKEION_TP4.0_SL1.0_H1,VALIDATION,2024-04-10,6762.T,HOLD,4.404569372984535,1,1.7483349542660995,False,-0.7984789682288995,17.61370277586641,-1.2453024400790658,0.0196837125091595,0.8644640211555924,2.5918242589761054,0.6724433305554953,53.10534978918167
UP30_SCORE40_NIKKEION_TP4.0_SL1.0_H1,VALIDATION,2024-04-24,8306.T,HOLD,7.140239660000736,1,5.791235339906379,False,0.4467188060413019,17.604649912322607,0.4799929191379393,0.0388005802676905,0.8113443422931543,2.263652438436166,0.8313150105569843,58.02624765264058
UP30_SCORE40_NIKKEION_TP4.0_SL1.0_H1,VALIDATION,2024-04-26,6506.T,HOLD,7.5832116635503715,1,4.608123466613713,False,-0.2466751805144218,15.375926432937815,-3.6363626563306606,0.0401719323174898,0.7309661134065686,3.3302363521135803,0.5926472185540254,52.826725832596445
UP25_SCORE70_NIKKEION_TP4.0_SL1.25_H1,VALIDATION,2022-05-13,2501.T,LOSS,-2.816703130291298,1,5.944871187551252,False,3.400604512726435,38.685878809615936,-0.3244343527760707,0.0267817779012543,1.333862563100472,2.2340551504373973,1.455429821541605,78.64119875658174
UP25_SCORE70_NIKKEION_TP4.0_SL1.25_H1,VALIDATION,2022-05-16,9531.T,LOSS,-3.1416916867336497,1,2.5034930380954985,False,2.918378221747409,35.99524805652664,0.0770927134631671,0.0268486183782619,0.6259226454089164,2.5096903934471575,0.7872520745924935,72.12547021118274
UP25_SCORE70_NIKKEION_TP4.0_SL1.25_H1,VALIDATION,2022-05-17,5020.T,LOSS,-3.032185580333191,1,1.760630250605687,False,1.405987367477768,19.07032630053753,3.1570597639297704,0.0728946497185125,1.0614395952093003,2.4166078924213226,1.7550698443476471,75.02798470985627
UP25_SCORE70_NIKKEION_TP4.0_SL1.25_H1,VALIDATION,2022-06-10,5803.T,HOLD,8.026663916998123,1,18.524807642590567,False,6.702168884496307,43.39822829433884,-2.2248190983177096,0.0388881292514335,1.243466362599772,3.4588471392703823,1.0810864397269426,71.89716109124154
UP25_SCORE70_NIKKEION_TP4.0_SL1.25_H1,VALIDATION,2022-06-24,7211.T,HOLD,11.175615019526564,1,20.002268211229577,False,4.349113502823965,42.1196056280957,-8.606548698090188,0.0025616573777389,1.480431990860245,4.339395390652548,1.9367317893950209,57.01585206707608
UP25_SCORE70_NIKKEION_TP4.0_SL1.25_H1,VALIDATION,2022-06-27,2501.T,WIN,8.337913878233072,1,9.820015702889275,False,1.5644775018713195,43.76912496196353,0.2368803875811176,0.0039577750676822,1.6676743248690045,2.109478469558268,1.781581355293611,70.83940742006217
UP25_SCORE70_NIKKEION_TP4.0_SL1.25_H1,VALIDATION,2022-06-28,9501.T,HOLD,5.172727272727274,1,9.046096065256291,False,-0.1853194746595843,20.191556948575037,4.166666666666674,0.1471293143668663,2.302757482523177,3.818181818181817,2.373206083583625,67.66977151936806
UP25_SCORE70_NIKKEION_TP4.0_SL1.25_H1,VALIDATION,2022-06-29,9501.T,TIMEOUT_LOSS,-2.1725388601036233,1,8.88196224656258,False,0.6706528765352271,22.37396857143523,5.272727272727273,0.204249264353729,2.005658483470548,3.857225100748418,2.7880650383729697,72.51589607440937
UP25_SCORE70_NIKKEION_TP4.0_SL1.25_H1,VALIDATION,2022-06-30,9501.T,HOLD,2.016402116402116,1,8.69955156950672,False,1.466418212752152,24.51597202150592,-2.072538860103623,0.19025697032202,1.2002946002712256,4.115226337448563,2.0613896712206934,67.97537846674064
UP25_SCORE70_NIKKEION_TP4.0_SL1.25_H1,VALIDATION,2022-07-07,8804.T,LOSS,-2.904788980363615,1,0.0265934630896393,False,1.8073914631535404,23.4174748041781,0.84344269467298,0.019848201568192,1.172779728039382,2.308582038921199,1.0809252854327047,66.07021427242472
UP25_SCORE70_NIKKEION_TP4.0_SL1.25_H1,VALIDATION,2022-07-08,8804.T,LOSS,-2.889607825665119,1,0.4282553834964402,False,2.048754876514192,24.50874722643819,0.8886574055018581,0.0080089640833866,1.4952237669705812,2.2957280704411014,1.4730094105462403,67.7674063851828
UP25_SCORE70_NIKKEION_TP4.0_SL1.25_H1,VALIDATION,2022-08-26,3402.T,WIN,7.4033022680537135,1,4.715826557188758,False,1.3227068499944927,23.326868980224702,2.1349419667568537,0.0451499048489812,2.120364579714173,1.87582556701343,1.8661862363859685,71.48351885781872
UP25_SCORE70_NIKKEION_TP4.0_SL1.25_H1,VALIDATION,2022-09-08,6963.T,WIN,10.483042605336978,1,3.389358493787343,False,1.450911551849754,17.181027533475167,1.1029514224850656,0.0575267132257677,1.5761652398423698,2.645760651334246,1.9134264834457844,63.69425087590122
UP25_SCORE70_NIKKEION_TP4.0_SL1.25_H1,VALIDATION,2022-09-09,8233.T,WIN,8.075196109081217,1,7.105545004350923,False,2.419994828977501,47.07602457680796,1.4067191098883436,0.0424264355421359,1.5726287733935918,2.043799027270306,2.0167180592190808,84.96763309537195
UP25_SCORE70_NIKKEION_TP4.0_SL1.25_H1,VALIDATION,2022-09-12,3099.T,HOLD,8.589121662137844,1,0.7190452600000207,False,2.762599012130851,32.50220295696049,4.701928889725493,0.0900232111163203,1.2789892584444156,2.54233766046678,1.6376233727228475,80.32291358388707
UP25_SCORE70_NIKKEION_TP4.0_SL1.25_H1,VALIDATION,2022-09-13,6762.T,HOLD,4.55946891217528,1,9.463813495840416,False,1.1505973027165384,23.741570665434217,3.5363485256876714,0.0267329113111032,1.529791393965503,2.3772466104535024,1.9478991951222084,70.83421513435317
UP25_SCORE70_NIKKEION_TP4.0_SL1.25_H1,VALIDATION,2022-09-14,6762.T,HOLD,8.90136156473954,1,9.479109815344067,False,1.1934819770905936,23.95264966470376,-3.605319642757554,0.0110704579108096,1.155304655862548,2.6442402550284143,1.5151809744067293,58.94862853932386
UP25_SCORE70_NIKKEION_TP4.0_SL1.25_H1,VALIDATION,2022-10-04,4502.T,WIN,6.521601945168077,1,0.1784752662705485,False,0.0923229281194926,12.91568892333423,1.3032940182379882,0.0434328521808546,1.4568342799069054,1.6554004862920173,1.980215777578708,61.542227510413
UP25_SCORE70_NIKKEION_TP4.0_SL1.25_H1,VALIDATION,2022-10-06,8031.T,LOSS,-2.8275646693257217,1,5.065407746825307,False,0.0837280115831173,18.889517197394643,1.2750327617096602,0.0227091221899091,0.809571229942505,2.243237488650074,0.8381690110706707,63.42700055474461
UP25_SCORE70_NIKKEION_TP4.0_SL1.25_H1,VALIDATION,2022-10-14,8252.T,LOSS,-3.0132489164464205,1,2.389445668348921,False,0.5022998885166441,13.699459371716976,1.0879489875212478,0.0305650495027016,1.5028310064366206,2.4005326238092,1.7893257501729267,61.433450449673664
UP25_SCORE70_NIKKEION_TP4.0_SL1.25_H1,VALIDATION,2022-12-12,7453.T,HOLD,5.168993152993251,1,7.785745537710707,False,0.6688510049293495,23.26400560168437,2.5965432538196165,0.0730793230628874,1.71096128417233,2.3300665706892305,1.800916419691897,67.18226053707386
UP25_SCORE70_NIKKEION_TP4.0_SL1.25_H1,VALIDATION,2022-12-14,4183.T,WIN,7.405831632360161,1,4.047842666128099,False,1.735151101832666,33.47960405091145,1.4353983141801807,0.0171772644233658,1.467974580070142,1.8764579080900419,1.530005084442979,66.28826055987322
UP25_SCORE70_NIKKEION_TP4.0_SL1.25_H1,VALIDATION,2023-01-04,8306.T,LOSS,-3.1546643001832964,1,9.942721833814636,False,4.004071511887508,53.97241962566525,3.140323074040752,0.0772790598147473,1.5402472630176538,2.5207313198785037,1.7562880669658096,80.2377668052138
UP25_SCORE70_NIKKEION_TP4.0_SL1.25_H1,VALIDATION,2023-01-11,3382.T,LOSS,-2.203043364983559,1,-0.342018630134584,True,0.0643002033458461,11.064368921038149,0.1567953069600225,0.002254167969536,1.330397347716364,1.7185771139539858,1.7491209180835523,59.8589561169827
UP25_SCORE70_NIKKEION_TP4.0_SL1.25_H1,VALIDATION,2023-01-12,8795.T,LOSS,-3.3849869635746654,1,13.347418043336852,False,3.631370741500861,41.89053345181456,1.373349552942793,-0.0147676883364578,1.2388590074410453,2.7172509089875936,1.5983048518463,71.32842362367616
UP25_SCORE70_NIKKEION_TP4.0_SL1.25_H1,VALIDATION,2023-02-24,9107.T,WIN,11.605946284777014,1,9.446404148371524,False,4.09844994706916,43.4164883645031,1.0370470060754755,0.0191426801055223,1.190554996700955,2.9264865711942534,1.0778453082226491,71.89668183793219
UP25_SCORE70_NIKKEION_TP4.0_SL1.25_H1,VALIDATION,2023-03-01,5406.T,WIN,11.168328716414832,1,14.91716099759614,False,6.888477232737333,54.04595324073036,3.2292749761118733,0.0651599338858062,1.252977261833042,2.8170821791037097,1.4760421644722026,84.29291427976493
UP25_SCORE70_NIKKEION_TP4.0_SL1.25_H1,VALIDATION,2023-03-02,7532.T,HOLD,3.8475946283756834,1,2.311749896743116,False,1.110301730656027,23.028168592738364,-2.3219991254686434,0.0040066512595293,1.2480259842078736,2.4894896230590753,1.209647434940606,58.48457558086351
UP25_SCORE70_NIKKEION_TP4.0_SL1.25_H1,VALIDATION,2023-03-10,7532.T,HOLD,2.5956173520402026,1,3.57934608370132,False,1.880228685350693,28.13455632423358,-2.921340206282974,0.0131222127276182,1.491419817093107,2.5463457920216275,1.7096566069760155,58.657926704217566
UP25_SCORE70_NIKKEION_TP4.0_SL1.25_H1,VALIDATION,2023-03-22,9432.T,WIN,5.064884984967611,1,2.9886769743890587,False,0.7353999834895264,15.681016052641414,0.4470819300953277,0.0202850673358965,1.1697412593408478,1.2912212462419026,1.3366632783126184,63.96297916656753
UP25_SCORE70_NIKKEION_TP4.0_SL1.25_H1,VALIDATION,2023-03-23,2282.T,WIN,5.308156466981318,1,1.7935028429780078,False,0.8430250161032271,22.46676756670302,2.213557995259552,0.0245550521425392,1.4819834848611226,1.3520391167453294,1.6059746686702747,66.90274959696077
UP25_SCORE70_NIKKEION_TP4.0_SL1.25_H1,VALIDATION,2023-03-29,6501.T,HOLD,5.231834133933145,1,1.0988968003756614,False,0.0979342932952764,16.39183530118584,0.7640034424433395,0.040399658979535,1.4440823297722165,2.0827135864235418,1.320943838763867,62.83061669805912
UP25_SCORE70_NIKKEION_TP4.0_SL1.25_H1,VALIDATION,2023-05-02,4062.T,HOLD,1.0139579242476215,1,4.013966551592089,False,1.802827796504003,20.67844708573587,9.00735727262434,0.1648387926054175,2.2486169616892635,3.1848252355601923,4.576523959366289,74.71698370331268
UP25_SCORE70_NIKKEION_TP4.0_SL1.25_H1,VALIDATION,2023-05-08,4062.T,HOLD,5.527817301031235,1,4.5676056091174,False,2.5347224805395863,23.10031811179641,-1.0118074056056026,0.1743182992262808,0.7399843511094202,3.210063097006962,1.5313197485061518,71.9754167058368
UP25_SCORE70_NIKKEION_TP4.0_SL1.25_H1,VALIDATION,2023-07-14,3697.T,HOLD,2.6352689429760656,1,4.414202111466844,False,0.9825434478655692,14.066035777668535,11.423477609773958,0.2445951797241883,3.1735855666491504,3.664836270819342,5.869603952377096,73.90035206959334
UP25_SCORE70_NIKKEION_TP4.0_SL1.25_H1,VALIDATION,2023-07-18,3697.T,HOLD,3.523970101615148,1,4.9953295049275175,False,2.044955701868667,17.111553296105495,2.299582343674889,0.2528169654791361,1.6606525716609066,3.758092130501045,3.6132920490987503,75.56989565836771
UP25_SCORE70_NIKKEION_TP4.0_SL1.25_H1,VALIDATION,2023-07-19,3697.T,TIMEOUT_LOSS,-2.2265375704661805,1,5.567456335180463,False,3.178951129004992,20.179742269010724,3.184516937369808,0.2654910535496504,1.1688741037667625,3.7680333712417116,2.7744672503003995,77.74209892609204
UP25_SCORE70_NIKKEION_TP4.0_SL1.25_H1,VALIDATION,2023-07-20,9107.T,WIN,14.006070099017409,1,7.365756579489273,False,4.617551222256289,40.456823312574784,0.6164097608000185,0.0938839039136021,1.2425910903490696,3.5265175247543543,1.297700012415697,75.59799884044793
UP25_SCORE70_NIKKEION_TP4.0_SL1.25_H1,VALIDATION,2023-07-24,8304.T,WIN,4.646462184734912,1,5.965186154094392,False,1.4953254814182193,46.50894890976158,-0.1436610728448251,0.0052203232234606,0.9984152139461172,1.186615546183726,0.9270053085895136,73.84824848778555
UP25_SCORE70_NIKKEION_TP4.0_SL1.25_H1,VALIDATION,2023-07-25,9107.T,WIN,13.424120072605417,1,9.426236891350596,False,5.728474038906661,43.95468824272265,0.4712471779455551,0.0685211820160593,0.7454517534288647,3.381030018151354,0.7193571847781792,73.09781851674379
UP25_SCORE70_NIKKEION_TP4.0_SL1.25_H1,VALIDATION,2023-07-27,3697.T,TIMEOUT_LOSS,-0.7186061325326508,1,6.924157184283334,False,3.259052026362852,29.05887576099701,-1.0892575373501412,0.002571187096052,0.7087931439305001,3.531479074970112,0.5298027773512055,71.0424364651647
UP25_SCORE70_NIKKEION_TP4.0_SL1.25_H1,VALIDATION,2023-08-02,2871.T,WIN,6.0627349642954025,1,3.8189108712657336,False,0.7242951919965934,34.654865155400365,-0.3352535094952369,0.0165360395766838,1.8527815891231132,1.5406837410738485,2.5689084895259096,68.58018561012706
UP25_SCORE70_NIKKEION_TP4.0_SL1.25_H1,VALIDATION,2023-08-10,1605.T,HOLD,6.879169240044492,1,11.164981718369583,False,3.493592257604239,52.83446425483549,12.463460383201651,0.1554229117371919,2.79979946927813,2.9283910300581084,4.34619726101322,79.77015775754742
UP25_SCORE70_NIKKEION_TP4.0_SL1.25_H1,VALIDATION,2023-08-23,7261.T,WIN,10.508662911097277,1,5.953331285872705,False,1.9455717693589447,12.708498948693068,1.9993264348709736,0.0386591443652704,1.6638416589958922,2.652165727774321,1.5720263859369508,64.21075613369555
UP25_SCORE70_NIKKEION_TP4.0_SL1.25_H1,VALIDATION,2023-08-24,4062.T,LOSS,-4.466360926363954,1,6.80922560641553,False,-0.1925287628427585,15.369284537342974,1.0315239770017692,0.0820505230531885,2.3957283900866413,3.493088741091155,2.2102836747592667,63.32774287075412
UP25_SCORE70_NIKKEION_TP4.0_SL1.25_H1,VALIDATION,2023-08-25,3405.T,WIN,8.751136359044375,1,5.563676524694812,False,3.2152690771133585,33.8857711933423,0.5009277123760647,0.0383852602473304,1.6114387669128216,2.2127840897610955,1.4383193507789016,74.62114188384804
UP25_SCORE70_NIKKEION_TP4.0_SL1.25_H1,VALIDATION,2023-08-28,6113.T,WIN,8.383439084083,1,2.0495189820741966,False,1.2136642361419758,13.1843960890482,2.1775693976564536,0.045055261327477,1.8592336349121876,2.1208597710207515,1.5424862573680376,68.72876119221075
UP25_SCORE70_NIKKEION_TP4.0_SL1.25_H1,VALIDATION,2023-09-21,9501.T,HOLD,2.430923944535668,1,12.439084434745476,False,3.3705390033044846,55.35845466158926,3.1764129913268717,0.1079233947128065,1.2387773526238668,2.8613704298891873,1.684289366876984,77.03312199329181
UP25_SCORE70_NIKKEION_TP4.0_SL1.25_H1,VALIDATION,2023-09-25,6724.T,LOSS,-2.3584171786397934,1,1.9559915809231725,False,1.1888741021515823,18.999088168220453,0.5744797730551587,0.0697933184223795,0.6486843807032923,1.8484801358434666,0.7463562635890907,67.74065809684637
UP25_SCORE70_NIKKEION_TP4.0_SL1.25_H1,VALIDATION,2023-09-26,8795.T,LOSS,-3.203949440186482,1,8.073776484220787,False,2.6441221533526127,40.65925639038708,0.3276185569456968,0.031178315543677,1.4798864527695812,2.562704607466282,1.5836332714471573,67.81712545659161
UP25_SCORE70_NIKKEION_TP4.0_SL1.25_H1,VALIDATION,2023-09-27,8697.T,LOSS,-2.5573563318968318,1,3.3470779308842338,False,1.4497709058478805,32.77614038546648,3.4413909652475594,0.0834387115714591,1.6005725384357377,2.015410892703044,2.222029709001226,79.38085439124544
UP25_SCORE70_NIKKEION_TP4.0_SL1.25_H1,VALIDATION,2023-09-28,7211.T,LOSS,-3.436113728322343,1,9.117007954978993,False,3.450040277711963,39.29149553083054,1.8863381236379428,0.0571909307090926,1.5897506486632105,2.7610011200634483,2.021996336198152,71.69805481165484
UP25_SCORE70_NIKKEION_TP4.0_SL1.25_H1,VALIDATION,2023-09-29,4519.T,LOSS,-3.016548913206396,1,5.059909895761967,False,0.93704686797198,28.12251682599573,0.1516356839443844,0.1048133624170686,1.5080802597375482,2.4033335284704487,2.628650714220726,65.25518100416157
UP25_SCORE70_NIKKEION_TP4.0_SL1.25_H1,VALIDATION,2023-10-10,9107.T,LOSS,-4.467794983214523,1,15.933972418178186,False,1.9657485360281115,32.90204777315115,5.531622163232508,0.1134071461102983,1.3518507547182232,3.653827689070136,1.4354720499868414,67.38977612445666
UP25_SCORE70_NIKKEION_TP4.0_SL1.25_H1,VALIDATION,2023-10-18,7453.T,TIMEOUT_LOSS,-2.167696837695854,1,4.136507868839604,False,0.1223158978307381,22.63425020648197,3.166167693874544,0.1318619295282879,0.9600826348913224,3.16705256495576,1.773623917931742,67.49018008188494
UP25_SCORE70_NIKKEION_TP4.0_SL1.25_H1,VALIDATION,2023-10-20,2501.T,LOSS,-2.4313193171053404,1,13.549303533545825,False,1.2865739537807783,42.10627268358788,0.397069077036738,0.0451092945210227,1.6116698336191315,1.9095737145663187,1.7322540473225403,71.17290890964611
UP25_SCORE70_NIKKEION_TP4.0_SL1.25_H1,VALIDATION,2023-10-30,8354.T,LOSS,-3.3892696512540677,1,6.961966882938133,False,0.4635109606138554,20.183945473791084,-1.572169017049041,0.0235651555938773,2.242165378893315,2.7209139167020906,3.041452154524692,57.710746195913416
UP25_SCORE70_NIKKEION_TP4.0_SL1.25_H1,VALIDATION,2023-10-31,8354.T,LOSS,-3.425542831436179,1,6.990528763368678,False,0.7896743702185294,20.80181074330227,1.9845406507217331,0.061751516195736,1.2017489922798388,2.7519515941115085,1.8450726385902343,64.8150694647926
UP25_SCORE70_NIKKEION_TP4.0_SL1.25_H1,VALIDATION,2023-12-06,9501.T,HOLD,10.44913294797688,1,1.1578272175565565,False,0.4150857548883557,12.53495466131979,3.919503623521159,0.0978182408120953,2.777650370355735,2.9865125240847794,3.8960955408717135,65.11804068639108
UP25_SCORE70_NIKKEION_TP4.0_SL1.25_H1,VALIDATION,2024-03-08,8331.T,WIN,10.194336414833705,1,5.405307907021086,False,2.693774385595749,36.25104127848698,0.9972018532308002,0.0155313857543469,1.357289321773241,2.573584103708426,1.6865697218534337,73.6374923996679
UP25_SCORE70_NIKKEION_TP4.0_SL1.25_H1,VALIDATION,2024-03-11,8309.T,WIN,9.7796709059245,1,5.456514832612866,False,1.8033243234927052,38.94777737859525,-2.829621941040217,0.0670779999091881,1.2557221617814778,2.469917726481123,1.5724905472866024,64.63927772022649
UP25_SCORE70_NIKKEION_TP4.0_SL1.25_H1,VALIDATION,2024-03-13,9502.T,WIN,9.352818067430947,1,0.3284805989638264,False,-0.3949155550553529,9.336203923379715,-0.4163332885228521,0.0416315849555858,1.3713123246439942,2.363204516857735,1.5435690298745686,53.35620076050401
UP25_SCORE70_NIKKEION_TP4.0_SL1.25_H1,VALIDATION,2024-03-18,3289.T,WIN,10.456607692483834,1,3.1788561124538144,False,1.0067788984315262,36.8627274994429,2.9795236379785983,0.0993729974623696,1.2184818060410647,2.6391519231209566,1.515077338343676,70.79072631991961
UP25_SCORE70_NIKKEION_TP4.0_SL1.25_H1,VALIDATION,2024-03-19,8801.T,HOLD,8.495777150300976,1,9.773150047748146,False,2.115825121948145,32.446154882604525,5.3761017561049895,0.122181980734735,1.510534167150447,2.8278956009457774,2.033014039373544,75.61957057625732
UP25_SCORE70_NIKKEION_TP4.0_SL1.25_H1,VALIDATION,2024-04-24,8306.T,HOLD,7.140239660000736,1,5.791235339906379,False,0.4467188060413019,17.604649912322607,0.4799929191379393,0.0388005802676905,0.8113443422931543,2.263652438436166,0.8313150105569843,58.02624765264058
UP20_SCORE70_NIKKEION_TP4.0_SL1.25_H1,VALIDATION,2022-05-13,2501.T,LOSS,-2.816703130291298,1,5.944871187551252,False,3.400604512726435,38.685878809615936,-0.3244343527760707,0.0267817779012543,1.333862563100472,2.2340551504373973,1.455429821541605,78.64119875658174
UP20_SCORE70_NIKKEION_TP4.0_SL1.25_H1,VALIDATION,2022-05-16,9531.T,LOSS,-3.1416916867336497,1,2.5034930380954985,False,2.918378221747409,35.99524805652664,0.0770927134631671,0.0268486183782619,0.6259226454089164,2.5096903934471575,0.7872520745924935,72.12547021118274
UP20_SCORE70_NIKKEION_TP4.0_SL1.25_H1,VALIDATION,2022-05-17,5020.T,LOSS,-3.032185580333191,1,1.760630250605687,False,1.405987367477768,19.07032630053753,3.1570597639297704,0.0728946497185125,1.0614395952093003,2.4166078924213226,1.7550698443476471,75.02798470985627
UP20_SCORE70_NIKKEION_TP4.0_SL1.25_H1,VALIDATION,2022-06-10,5803.T,HOLD,8.026663916998123,1,18.524807642590567,False,6.702168884496307,43.39822829433884,-2.2248190983177096,0.0388881292514335,1.243466362599772,3.4588471392703823,1.0810864397269426,71.89716109124154
UP20_SCORE70_NIKKEION_TP4.0_SL1.25_H1,VALIDATION,2022-06-24,7211.T,HOLD,11.175615019526564,1,20.002268211229577,False,4.349113502823965,42.1196056280957,-8.606548698090188,0.0025616573777389,1.480431990860245,4.339395390652548,1.9367317893950209,57.01585206707608
UP20_SCORE70_NIKKEION_TP4.0_SL1.25_H1,VALIDATION,2022-06-27,2501.T,WIN,8.337913878233072,1,9.820015702889275,False,1.5644775018713195,43.76912496196353,0.2368803875811176,0.0039577750676822,1.6676743248690045,2.109478469558268,1.781581355293611,70.83940742006217
UP20_SCORE70_NIKKEION_TP4.0_SL1.25_H1,VALIDATION,2022-06-28,9501.T,HOLD,5.172727272727274,1,9.046096065256291,False,-0.1853194746595843,20.191556948575037,4.166666666666674,0.1471293143668663,2.302757482523177,3.818181818181817,2.373206083583625,67.66977151936806
UP20_SCORE70_NIKKEION_TP4.0_SL1.25_H1,VALIDATION,2022-06-29,9501.T,TIMEOUT_LOSS,-2.1725388601036233,1,8.88196224656258,False,0.6706528765352271,22.37396857143523,5.272727272727273,0.204249264353729,2.005658483470548,3.857225100748418,2.7880650383729697,72.51589607440937
UP20_SCORE70_NIKKEION_TP4.0_SL1.25_H1,VALIDATION,2022-06-30,9501.T,HOLD,2.016402116402116,1,8.69955156950672,False,1.466418212752152,24.51597202150592,-2.072538860103623,0.19025697032202,1.2002946002712256,4.115226337448563,2.0613896712206934,67.97537846674064
UP20_SCORE70_NIKKEION_TP4.0_SL1.25_H1,VALIDATION,2022-07-07,8804.T,LOSS,-2.904788980363615,1,0.0265934630896393,False,1.8073914631535404,23.4174748041781,0.84344269467298,0.019848201568192,1.172779728039382,2.308582038921199,1.0809252854327047,66.07021427242472
UP20_SCORE70_NIKKEION_TP4.0_SL1.25_H1,VALIDATION,2022-07-08,8804.T,LOSS,-2.889607825665119,1,0.4282553834964402,False,2.048754876514192,24.50874722643819,0.8886574055018581,0.0080089640833866,1.4952237669705812,2.2957280704411014,1.4730094105462403,67.7674063851828
UP20_SCORE70_NIKKEION_TP4.0_SL1.25_H1,VALIDATION,2022-08-26,3402.T,WIN,7.4033022680537135,1,4.715826557188758,False,1.3227068499944927,23.326868980224702,2.1349419667568537,0.0451499048489812,2.120364579714173,1.87582556701343,1.8661862363859685,71.48351885781872
UP20_SCORE70_NIKKEION_TP4.0_SL1.25_H1,VALIDATION,2022-09-08,6963.T,WIN,10.483042605336978,1,3.389358493787343,False,1.450911551849754,17.181027533475167,1.1029514224850656,0.0575267132257677,1.5761652398423698,2.645760651334246,1.9134264834457844,63.69425087590122
UP20_SCORE70_NIKKEION_TP4.0_SL1.25_H1,VALIDATION,2022-09-09,8233.T,WIN,8.075196109081217,1,7.105545004350923,False,2.419994828977501,47.07602457680796,1.4067191098883436,0.0424264355421359,1.5726287733935918,2.043799027270306,2.0167180592190808,84.96763309537195
UP20_SCORE70_NIKKEION_TP4.0_SL1.25_H1,VALIDATION,2022-09-12,3099.T,HOLD,8.589121662137844,1,0.7190452600000207,False,2.762599012130851,32.50220295696049,4.701928889725493,0.0900232111163203,1.2789892584444156,2.54233766046678,1.6376233727228475,80.32291358388707
UP20_SCORE70_NIKKEION_TP4.0_SL1.25_H1,VALIDATION,2022-09-13,6762.T,HOLD,4.55946891217528,1,9.463813495840416,False,1.1505973027165384,23.741570665434217,3.5363485256876714,0.0267329113111032,1.529791393965503,2.3772466104535024,1.9478991951222084,70.83421513435317
UP20_SCORE70_NIKKEION_TP4.0_SL1.25_H1,VALIDATION,2022-09-14,6762.T,HOLD,8.90136156473954,1,9.479109815344067,False,1.1934819770905936,23.95264966470376,-3.605319642757554,0.0110704579108096,1.155304655862548,2.6442402550284143,1.5151809744067293,58.94862853932386
UP20_SCORE70_NIKKEION_TP4.0_SL1.25_H1,VALIDATION,2022-10-04,4502.T,WIN,6.521601945168077,1,0.1784752662705485,False,0.0923229281194926,12.91568892333423,1.3032940182379882,0.0434328521808546,1.4568342799069054,1.6554004862920173,1.980215777578708,61.542227510413
UP20_SCORE70_NIKKEION_TP4.0_SL1.25_H1,VALIDATION,2022-10-06,8031.T,LOSS,-2.8275646693257217,1,5.065407746825307,False,0.0837280115831173,18.889517197394643,1.2750327617096602,0.0227091221899091,0.809571229942505,2.243237488650074,0.8381690110706707,63.42700055474461
UP20_SCORE70_NIKKEION_TP4.0_SL1.25_H1,VALIDATION,2022-10-14,8252.T,LOSS,-3.0132489164464205,1,2.389445668348921,False,0.5022998885166441,13.699459371716976,1.0879489875212478,0.0305650495027016,1.5028310064366206,2.4005326238092,1.7893257501729267,61.433450449673664
UP20_SCORE70_NIKKEION_TP4.0_SL1.25_H1,VALIDATION,2022-12-12,7453.T,HOLD,5.168993152993251,1,7.785745537710707,False,0.6688510049293495,23.26400560168437,2.5965432538196165,0.0730793230628874,1.71096128417233,2.3300665706892305,1.800916419691897,67.18226053707386
UP20_SCORE70_NIKKEION_TP4.0_SL1.25_H1,VALIDATION,2022-12-14,4183.T,WIN,7.405831632360161,1,4.047842666128099,False,1.735151101832666,33.47960405091145,1.4353983141801807,0.0171772644233658,1.467974580070142,1.8764579080900419,1.530005084442979,66.28826055987322
UP20_SCORE70_NIKKEION_TP4.0_SL1.25_H1,VALIDATION,2023-01-04,8306.T,LOSS,-3.1546643001832964,1,9.942721833814636,False,4.004071511887508,53.97241962566525,3.140323074040752,0.0772790598147473,1.5402472630176538,2.5207313198785037,1.7562880669658096,80.2377668052138
UP20_SCORE70_NIKKEION_TP4.0_SL1.25_H1,VALIDATION,2023-01-11,3382.T,LOSS,-2.203043364983559,1,-0.342018630134584,True,0.0643002033458461,11.064368921038149,0.1567953069600225,0.002254167969536,1.330397347716364,1.7185771139539858,1.7491209180835523,59.8589561169827
UP20_SCORE70_NIKKEION_TP4.0_SL1.25_H1,VALIDATION,2023-01-12,8795.T,LOSS,-3.3849869635746654,1,13.347418043336852,False,3.631370741500861,41.89053345181456,1.373349552942793,-0.0147676883364578,1.2388590074410453,2.7172509089875936,1.5983048518463,71.32842362367616
UP20_SCORE70_NIKKEION_TP4.0_SL1.25_H1,VALIDATION,2023-02-24,9107.T,WIN,11.605946284777014,1,9.446404148371524,False,4.09844994706916,43.4164883645031,1.0370470060754755,0.0191426801055223,1.190554996700955,2.9264865711942534,1.0778453082226491,71.89668183793219
UP20_SCORE70_NIKKEION_TP4.0_SL1.25_H1,VALIDATION,2023-03-01,5406.T,WIN,11.168328716414832,1,14.91716099759614,False,6.888477232737333,54.04595324073036,3.2292749761118733,0.0651599338858062,1.252977261833042,2.8170821791037097,1.4760421644722026,84.29291427976493
UP20_SCORE70_NIKKEION_TP4.0_SL1.25_H1,VALIDATION,2023-03-02,7532.T,HOLD,3.8475946283756834,1,2.311749896743116,False,1.110301730656027,23.028168592738364,-2.3219991254686434,0.0040066512595293,1.2480259842078736,2.4894896230590753,1.209647434940606,58.48457558086351
UP20_SCORE70_NIKKEION_TP4.0_SL1.25_H1,VALIDATION,2023-03-10,7532.T,HOLD,2.5956173520402026,1,3.57934608370132,False,1.880228685350693,28.13455632423358,-2.921340206282974,0.0131222127276182,1.491419817093107,2.5463457920216275,1.7096566069760155,58.657926704217566
UP20_SCORE70_NIKKEION_TP4.0_SL1.25_H1,VALIDATION,2023-03-22,9432.T,WIN,5.064884984967611,1,2.9886769743890587,False,0.7353999834895264,15.681016052641414,0.4470819300953277,0.0202850673358965,1.1697412593408478,1.2912212462419026,1.3366632783126184,63.96297916656753
UP20_SCORE70_NIKKEION_TP4.0_SL1.25_H1,VALIDATION,2023-03-23,2282.T,WIN,5.308156466981318,1,1.7935028429780078,False,0.8430250161032271,22.46676756670302,2.213557995259552,0.0245550521425392,1.4819834848611226,1.3520391167453294,1.6059746686702747,66.90274959696077
UP20_SCORE70_NIKKEION_TP4.0_SL1.25_H1,VALIDATION,2023-03-29,6501.T,HOLD,5.231834133933145,1,1.0988968003756614,False,0.0979342932952764,16.39183530118584,0.7640034424433395,0.040399658979535,1.4440823297722165,2.0827135864235418,1.320943838763867,62.83061669805912
UP20_SCORE70_NIKKEION_TP4.0_SL1.25_H1,VALIDATION,2023-05-02,4062.T,HOLD,1.0139579242476215,1,4.013966551592089,False,1.802827796504003,20.67844708573587,9.00735727262434,0.1648387926054175,2.2486169616892635,3.1848252355601923,4.576523959366289,74.71698370331268
UP20_SCORE70_NIKKEION_TP4.0_SL1.25_H1,VALIDATION,2023-05-08,4062.T,HOLD,5.527817301031235,1,4.5676056091174,False,2.5347224805395863,23.10031811179641,-1.0118074056056026,0.1743182992262808,0.7399843511094202,3.210063097006962,1.5313197485061518,71.9754167058368
UP20_SCORE70_NIKKEION_TP4.0_SL1.25_H1,VALIDATION,2023-07-14,3697.T,HOLD,2.6352689429760656,1,4.414202111466844,False,0.9825434478655692,14.066035777668535,11.423477609773958,0.2445951797241883,3.1735855666491504,3.664836270819342,5.869603952377096,73.90035206959334
UP20_SCORE70_NIKKEION_TP4.0_SL1.25_H1,VALIDATION,2023-07-18,3697.T,HOLD,3.523970101615148,1,4.9953295049275175,False,2.044955701868667,17.111553296105495,2.299582343674889,0.2528169654791361,1.6606525716609066,3.758092130501045,3.6132920490987503,75.56989565836771
UP20_SCORE70_NIKKEION_TP4.0_SL1.25_H1,VALIDATION,2023-07-19,3697.T,TIMEOUT_LOSS,-2.2265375704661805,1,5.567456335180463,False,3.178951129004992,20.179742269010724,3.184516937369808,0.2654910535496504,1.1688741037667625,3.7680333712417116,2.7744672503003995,77.74209892609204
UP20_SCORE70_NIKKEION_TP4.0_SL1.25_H1,VALIDATION,2023-07-20,9107.T,WIN,14.006070099017409,1,7.365756579489273,False,4.617551222256289,40.456823312574784,0.6164097608000185,0.0938839039136021,1.2425910903490696,3.5265175247543543,1.297700012415697,75.59799884044793
UP20_SCORE70_NIKKEION_TP4.0_SL1.25_H1,VALIDATION,2023-07-24,8304.T,WIN,4.646462184734912,1,5.965186154094392,False,1.4953254814182193,46.50894890976158,-0.1436610728448251,0.0052203232234606,0.9984152139461172,1.186615546183726,0.9270053085895136,73.84824848778555
UP20_SCORE70_NIKKEION_TP4.0_SL1.25_H1,VALIDATION,2023-07-25,9107.T,WIN,13.424120072605417,1,9.426236891350596,False,5.728474038906661,43.95468824272265,0.4712471779455551,0.0685211820160593,0.7454517534288647,3.381030018151354,0.7193571847781792,73.09781851674379
UP20_SCORE70_NIKKEION_TP4.0_SL1.25_H1,VALIDATION,2023-07-27,3697.T,TIMEOUT_LOSS,-0.7186061325326508,1,6.924157184283334,False,3.259052026362852,29.05887576099701,-1.0892575373501412,0.002571187096052,0.7087931439305001,3.531479074970112,0.5298027773512055,71.0424364651647
UP20_SCORE70_NIKKEION_TP4.0_SL1.25_H1,VALIDATION,2023-08-02,2871.T,WIN,6.0627349642954025,1,3.8189108712657336,False,0.7242951919965934,34.654865155400365,-0.3352535094952369,0.0165360395766838,1.8527815891231132,1.5406837410738485,2.5689084895259096,68.58018561012706
UP20_SCORE70_NIKKEION_TP4.0_SL1.25_H1,VALIDATION,2023-08-10,1605.T,HOLD,6.879169240044492,1,11.164981718369583,False,3.493592257604239,52.83446425483549,12.463460383201651,0.1554229117371919,2.79979946927813,2.9283910300581084,4.34619726101322,79.77015775754742
UP20_SCORE70_NIKKEION_TP4.0_SL1.25_H1,VALIDATION,2023-08-23,7261.T,WIN,10.508662911097277,1,5.953331285872705,False,1.9455717693589447,12.708498948693068,1.9993264348709736,0.0386591443652704,1.6638416589958922,2.652165727774321,1.5720263859369508,64.21075613369555
UP20_SCORE70_NIKKEION_TP4.0_SL1.25_H1,VALIDATION,2023-08-24,4062.T,LOSS,-4.466360926363954,1,6.80922560641553,False,-0.1925287628427585,15.369284537342974,1.0315239770017692,0.0820505230531885,2.3957283900866413,3.493088741091155,2.2102836747592667,63.32774287075412
UP20_SCORE70_NIKKEION_TP4.0_SL1.25_H1,VALIDATION,2023-08-25,3405.T,WIN,8.751136359044375,1,5.563676524694812,False,3.2152690771133585,33.8857711933423,0.5009277123760647,0.0383852602473304,1.6114387669128216,2.2127840897610955,1.4383193507789016,74.62114188384804
UP20_SCORE70_NIKKEION_TP4.0_SL1.25_H1,VALIDATION,2023-08-28,6113.T,WIN,8.383439084083,1,2.0495189820741966,False,1.2136642361419758,13.1843960890482,2.1775693976564536,0.045055261327477,1.8592336349121876,2.1208597710207515,1.5424862573680376,68.72876119221075
UP20_SCORE70_NIKKEION_TP4.0_SL1.25_H1,VALIDATION,2023-09-21,9501.T,HOLD,2.430923944535668,1,12.439084434745476,False,3.3705390033044846,55.35845466158926,3.1764129913268717,0.1079233947128065,1.2387773526238668,2.8613704298891873,1.684289366876984,77.03312199329181
UP20_SCORE70_NIKKEION_TP4.0_SL1.25_H1,VALIDATION,2023-09-25,6724.T,LOSS,-2.3584171786397934,1,1.9559915809231725,False,1.1888741021515823,18.999088168220453,0.5744797730551587,0.0697933184223795,0.6486843807032923,1.8484801358434666,0.7463562635890907,67.74065809684637
UP20_SCORE70_NIKKEION_TP4.0_SL1.25_H1,VALIDATION,2023-09-26,8795.T,LOSS,-3.203949440186482,1,8.073776484220787,False,2.6441221533526127,40.65925639038708,0.3276185569456968,0.031178315543677,1.4798864527695812,2.562704607466282,1.5836332714471573,67.81712545659161
UP20_SCORE70_NIKKEION_TP4.0_SL1.25_H1,VALIDATION,2023-09-27,8697.T,LOSS,-2.5573563318968318,1,3.3470779308842338,False,1.4497709058478805,32.77614038546648,3.4413909652475594,0.0834387115714591,1.6005725384357377,2.015410892703044,2.222029709001226,79.38085439124544
UP20_SCORE70_NIKKEION_TP4.0_SL1.25_H1,VALIDATION,2023-09-28,7211.T,LOSS,-3.436113728322343,1,9.117007954978993,False,3.450040277711963,39.29149553083054,1.8863381236379428,0.0571909307090926,1.5897506486632105,2.7610011200634483,2.021996336198152,71.69805481165484
UP20_SCORE70_NIKKEION_TP4.0_SL1.25_H1,VALIDATION,2023-09-29,4519.T,LOSS,-3.016548913206396,1,5.059909895761967,False,0.93704686797198,28.12251682599573,0.1516356839443844,0.1048133624170686,1.5080802597375482,2.4033335284704487,2.628650714220726,65.25518100416157
UP20_SCORE70_NIKKEION_TP4.0_SL1.25_H1,VALIDATION,2023-10-10,9107.T,LOSS,-4.467794983214523,1,15.933972418178186,False,1.9657485360281115,32.90204777315115,5.531622163232508,0.1134071461102983,1.3518507547182232,3.653827689070136,1.4354720499868414,67.38977612445666
UP20_SCORE70_NIKKEION_TP4.0_SL1.25_H1,VALIDATION,2023-10-18,7453.T,TIMEOUT_LOSS,-2.167696837695854,1,4.136507868839604,False,0.1223158978307381,22.63425020648197,3.166167693874544,0.1318619295282879,0.9600826348913224,3.16705256495576,1.773623917931742,67.49018008188494
UP20_SCORE70_NIKKEION_TP4.0_SL1.25_H1,VALIDATION,2023-10-20,2501.T,LOSS,-2.4313193171053404,1,13.549303533545825,False,1.2865739537807783,42.10627268358788,0.397069077036738,0.0451092945210227,1.6116698336191315,1.9095737145663187,1.7322540473225403,71.17290890964611
UP20_SCORE70_NIKKEION_TP4.0_SL1.25_H1,VALIDATION,2023-10-30,8354.T,LOSS,-3.3892696512540677,1,6.961966882938133,False,0.4635109606138554,20.183945473791084,-1.572169017049041,0.0235651555938773,2.242165378893315,2.7209139167020906,3.041452154524692,57.710746195913416
UP20_SCORE70_NIKKEION_TP4.0_SL1.25_H1,VALIDATION,2023-10-31,8354.T,LOSS,-3.425542831436179,1,6.990528763368678,False,0.7896743702185294,20.80181074330227,1.9845406507217331,0.061751516195736,1.2017489922798388,2.7519515941115085,1.8450726385902343,64.8150694647926
UP20_SCORE70_NIKKEION_TP4.0_SL1.25_H1,VALIDATION,2023-12-06,9501.T,HOLD,10.44913294797688,1,1.1578272175565565,False,0.4150857548883557,12.53495466131979,3.919503623521159,0.0978182408120953,2.777650370355735,2.9865125240847794,3.8960955408717135,65.11804068639108
UP20_SCORE70_NIKKEION_TP4.0_SL1.25_H1,VALIDATION,2024-03-08,8331.T,WIN,10.194336414833705,1,5.405307907021086,False,2.693774385595749,36.25104127848698,0.9972018532308002,0.0155313857543469,1.357289321773241,2.573584103708426,1.6865697218534337,73.6374923996679
UP20_SCORE70_NIKKEION_TP4.0_SL1.25_H1,VALIDATION,2024-03-11,8309.T,WIN,9.7796709059245,1,5.456514832612866,False,1.8033243234927052,38.94777737859525,-2.829621941040217,0.0670779999091881,1.2557221617814778,2.469917726481123,1.5724905472866024,64.63927772022649
UP20_SCORE70_NIKKEION_TP4.0_SL1.25_H1,VALIDATION,2024-03-13,9502.T,WIN,9.352818067430947,1,0.3284805989638264,False,-0.3949155550553529,9.336203923379715,-0.4163332885228521,0.0416315849555858,1.3713123246439942,2.363204516857735,1.5435690298745686,53.35620076050401
UP20_SCORE70_NIKKEION_TP4.0_SL1.25_H1,VALIDATION,2024-03-18,3289.T,WIN,10.456607692483834,1,3.1788561124538144,False,1.0067788984315262,36.8627274994429,2.9795236379785983,0.0993729974623696,1.2184818060410647,2.6391519231209566,1.515077338343676,70.79072631991961
UP20_SCORE70_NIKKEION_TP4.0_SL1.25_H1,VALIDATION,2024-03-19,8801.T,HOLD,8.495777150300976,1,9.773150047748146,False,2.115825121948145,32.446154882604525,5.3761017561049895,0.122181980734735,1.510534167150447,2.8278956009457774,2.033014039373544,75.61957057625732
UP20_SCORE70_NIKKEION_TP4.0_SL1.25_H1,VALIDATION,2024-04-24,8306.T,HOLD,7.140239660000736,1,5.791235339906379,False,0.4467188060413019,17.604649912322607,0.4799929191379393,0.0388005802676905,0.8113443422931543,2.263652438436166,0.8313150105569843,58.02624765264058
UP30_SCORE70_NIKKEION_TP4.0_SL1.25_H1,VALIDATION,2022-05-13,2501.T,LOSS,-2.816703130291298,1,5.944871187551252,False,3.400604512726435,38.685878809615936,-0.3244343527760707,0.0267817779012543,1.333862563100472,2.2340551504373973,1.455429821541605,78.64119875658174
UP30_SCORE70_NIKKEION_TP4.0_SL1.25_H1,VALIDATION,2022-05-16,9531.T,LOSS,-3.1416916867336497,1,2.5034930380954985,False,2.918378221747409,35.99524805652664,0.0770927134631671,0.0268486183782619,0.6259226454089164,2.5096903934471575,0.7872520745924935,72.12547021118274
UP30_SCORE70_NIKKEION_TP4.0_SL1.25_H1,VALIDATION,2022-05-17,5020.T,LOSS,-3.032185580333191,1,1.760630250605687,False,1.405987367477768,19.07032630053753,3.1570597639297704,0.0728946497185125,1.0614395952093003,2.4166078924213226,1.7550698443476471,75.02798470985627
UP30_SCORE70_NIKKEION_TP4.0_SL1.25_H1,VALIDATION,2022-06-10,5803.T,HOLD,8.026663916998123,1,18.524807642590567,False,6.702168884496307,43.39822829433884,-2.2248190983177096,0.0388881292514335,1.243466362599772,3.4588471392703823,1.0810864397269426,71.89716109124154
UP30_SCORE70_NIKKEION_TP4.0_SL1.25_H1,VALIDATION,2022-06-24,7211.T,HOLD,11.175615019526564,1,20.002268211229577,False,4.349113502823965,42.1196056280957,-8.606548698090188,0.0025616573777389,1.480431990860245,4.339395390652548,1.9367317893950209,57.01585206707608
UP30_SCORE70_NIKKEION_TP4.0_SL1.25_H1,VALIDATION,2022-06-27,2501.T,WIN,8.337913878233072,1,9.820015702889275,False,1.5644775018713195,43.76912496196353,0.2368803875811176,0.0039577750676822,1.6676743248690045,2.109478469558268,1.781581355293611,70.83940742006217
UP30_SCORE70_NIKKEION_TP4.0_SL1.25_H1,VALIDATION,2022-06-28,9501.T,HOLD,5.172727272727274,1,9.046096065256291,False,-0.1853194746595843,20.191556948575037,4.166666666666674,0.1471293143668663,2.302757482523177,3.818181818181817,2.373206083583625,67.66977151936806
UP30_SCORE70_NIKKEION_TP4.0_SL1.25_H1,VALIDATION,2022-06-29,9501.T,TIMEOUT_LOSS,-2.1725388601036233,1,8.88196224656258,False,0.6706528765352271,22.37396857143523,5.272727272727273,0.204249264353729,2.005658483470548,3.857225100748418,2.7880650383729697,72.51589607440937
UP30_SCORE70_NIKKEION_TP4.0_SL1.25_H1,VALIDATION,2022-06-30,9501.T,HOLD,2.016402116402116,1,8.69955156950672,False,1.466418212752152,24.51597202150592,-2.072538860103623,0.19025697032202,1.2002946002712256,4.115226337448563,2.0613896712206934,67.97537846674064
UP30_SCORE70_NIKKEION_TP4.0_SL1.25_H1,VALIDATION,2022-07-07,8804.T,LOSS,-2.904788980363615,1,0.0265934630896393,False,1.8073914631535404,23.4174748041781,0.84344269467298,0.019848201568192,1.172779728039382,2.308582038921199,1.0809252854327047,66.07021427242472
UP30_SCORE70_NIKKEION_TP4.0_SL1.25_H1,VALIDATION,2022-07-08,8804.T,LOSS,-2.889607825665119,1,0.4282553834964402,False,2.048754876514192,24.50874722643819,0.8886574055018581,0.0080089640833866,1.4952237669705812,2.2957280704411014,1.4730094105462403,67.7674063851828
UP30_SCORE70_NIKKEION_TP4.0_SL1.25_H1,VALIDATION,2022-08-26,3402.T,WIN,7.4033022680537135,1,4.715826557188758,False,1.3227068499944927,23.326868980224702,2.1349419667568537,0.0451499048489812,2.120364579714173,1.87582556701343,1.8661862363859685,71.48351885781872
UP30_SCORE70_NIKKEION_TP4.0_SL1.25_H1,VALIDATION,2022-09-08,6963.T,WIN,10.483042605336978,1,3.389358493787343,False,1.450911551849754,17.181027533475167,1.1029514224850656,0.0575267132257677,1.5761652398423698,2.645760651334246,1.9134264834457844,63.69425087590122
UP30_SCORE70_NIKKEION_TP4.0_SL1.25_H1,VALIDATION,2022-09-09,8233.T,WIN,8.075196109081217,1,7.105545004350923,False,2.419994828977501,47.07602457680796,1.4067191098883436,0.0424264355421359,1.5726287733935918,2.043799027270306,2.0167180592190808,84.96763309537195
UP30_SCORE70_NIKKEION_TP4.0_SL1.25_H1,VALIDATION,2022-09-12,3099.T,HOLD,8.589121662137844,1,0.7190452600000207,False,2.762599012130851,32.50220295696049,4.701928889725493,0.0900232111163203,1.2789892584444156,2.54233766046678,1.6376233727228475,80.32291358388707
UP30_SCORE70_NIKKEION_TP4.0_SL1.25_H1,VALIDATION,2022-09-13,6762.T,HOLD,4.55946891217528,1,9.463813495840416,False,1.1505973027165384,23.741570665434217,3.5363485256876714,0.0267329113111032,1.529791393965503,2.3772466104535024,1.9478991951222084,70.83421513435317
UP30_SCORE70_NIKKEION_TP4.0_SL1.25_H1,VALIDATION,2022-09-14,6762.T,HOLD,8.90136156473954,1,9.479109815344067,False,1.1934819770905936,23.95264966470376,-3.605319642757554,0.0110704579108096,1.155304655862548,2.6442402550284143,1.5151809744067293,58.94862853932386
UP30_SCORE70_NIKKEION_TP4.0_SL1.25_H1,VALIDATION,2022-10-04,4502.T,WIN,6.521601945168077,1,0.1784752662705485,False,0.0923229281194926,12.91568892333423,1.3032940182379882,0.0434328521808546,1.4568342799069054,1.6554004862920173,1.980215777578708,61.542227510413
UP30_SCORE70_NIKKEION_TP4.0_SL1.25_H1,VALIDATION,2022-10-06,8031.T,LOSS,-2.8275646693257217,1,5.065407746825307,False,0.0837280115831173,18.889517197394643,1.2750327617096602,0.0227091221899091,0.809571229942505,2.243237488650074,0.8381690110706707,63.42700055474461
UP30_SCORE70_NIKKEION_TP4.0_SL1.25_H1,VALIDATION,2022-10-14,8252.T,LOSS,-3.0132489164464205,1,2.389445668348921,False,0.5022998885166441,13.699459371716976,1.0879489875212478,0.0305650495027016,1.5028310064366206,2.4005326238092,1.7893257501729267,61.433450449673664
UP30_SCORE70_NIKKEION_TP4.0_SL1.25_H1,VALIDATION,2022-12-12,7453.T,HOLD,5.168993152993251,1,7.785745537710707,False,0.6688510049293495,23.26400560168437,2.5965432538196165,0.0730793230628874,1.71096128417233,2.3300665706892305,1.800916419691897,67.18226053707386
UP30_SCORE70_NIKKEION_TP4.0_SL1.25_H1,VALIDATION,2022-12-14,4183.T,WIN,7.405831632360161,1,4.047842666128099,False,1.735151101832666,33.47960405091145,1.4353983141801807,0.0171772644233658,1.467974580070142,1.8764579080900419,1.530005084442979,66.28826055987322
UP30_SCORE70_NIKKEION_TP4.0_SL1.25_H1,VALIDATION,2023-01-04,8306.T,LOSS,-3.1546643001832964,1,9.942721833814636,False,4.004071511887508,53.97241962566525,3.140323074040752,0.0772790598147473,1.5402472630176538,2.5207313198785037,1.7562880669658096,80.2377668052138
UP30_SCORE70_NIKKEION_TP4.0_SL1.25_H1,VALIDATION,2023-01-11,3382.T,LOSS,-2.203043364983559,1,-0.342018630134584,True,0.0643002033458461,11.064368921038149,0.1567953069600225,0.002254167969536,1.330397347716364,1.7185771139539858,1.7491209180835523,59.8589561169827
UP30_SCORE70_NIKKEION_TP4.0_SL1.25_H1,VALIDATION,2023-01-12,8795.T,LOSS,-3.3849869635746654,1,13.347418043336852,False,3.631370741500861,41.89053345181456,1.373349552942793,-0.0147676883364578,1.2388590074410453,2.7172509089875936,1.5983048518463,71.32842362367616
UP30_SCORE70_NIKKEION_TP4.0_SL1.25_H1,VALIDATION,2023-02-24,9107.T,WIN,11.605946284777014,1,9.446404148371524,False,4.09844994706916,43.4164883645031,1.0370470060754755,0.0191426801055223,1.190554996700955,2.9264865711942534,1.0778453082226491,71.89668183793219
UP30_SCORE70_NIKKEION_TP4.0_SL1.25_H1,VALIDATION,2023-03-01,5406.T,WIN,11.168328716414832,1,14.91716099759614,False,6.888477232737333,54.04595324073036,3.2292749761118733,0.0651599338858062,1.252977261833042,2.8170821791037097,1.4760421644722026,84.29291427976493
UP30_SCORE70_NIKKEION_TP4.0_SL1.25_H1,VALIDATION,2023-03-02,7532.T,HOLD,3.8475946283756834,1,2.311749896743116,False,1.110301730656027,23.028168592738364,-2.3219991254686434,0.0040066512595293,1.2480259842078736,2.4894896230590753,1.209647434940606,58.48457558086351
UP30_SCORE70_NIKKEION_TP4.0_SL1.25_H1,VALIDATION,2023-03-10,7532.T,HOLD,2.5956173520402026,1,3.57934608370132,False,1.880228685350693,28.13455632423358,-2.921340206282974,0.0131222127276182,1.491419817093107,2.5463457920216275,1.7096566069760155,58.657926704217566
UP30_SCORE70_NIKKEION_TP4.0_SL1.25_H1,VALIDATION,2023-03-22,9432.T,WIN,5.064884984967611,1,2.9886769743890587,False,0.7353999834895264,15.681016052641414,0.4470819300953277,0.0202850673358965,1.1697412593408478,1.2912212462419026,1.3366632783126184,63.96297916656753
UP30_SCORE70_NIKKEION_TP4.0_SL1.25_H1,VALIDATION,2023-03-23,2282.T,WIN,5.308156466981318,1,1.7935028429780078,False,0.8430250161032271,22.46676756670302,2.213557995259552,0.0245550521425392,1.4819834848611226,1.3520391167453294,1.6059746686702747,66.90274959696077
UP30_SCORE70_NIKKEION_TP4.0_SL1.25_H1,VALIDATION,2023-03-29,6501.T,HOLD,5.231834133933145,1,1.0988968003756614,False,0.0979342932952764,16.39183530118584,0.7640034424433395,0.040399658979535,1.4440823297722165,2.0827135864235418,1.320943838763867,62.83061669805912
UP30_SCORE70_NIKKEION_TP4.0_SL1.25_H1,VALIDATION,2023-05-02,4062.T,HOLD,1.0139579242476215,1,4.013966551592089,False,1.802827796504003,20.67844708573587,9.00735727262434,0.1648387926054175,2.2486169616892635,3.1848252355601923,4.576523959366289,74.71698370331268
UP30_SCORE70_NIKKEION_TP4.0_SL1.25_H1,VALIDATION,2023-05-08,4062.T,HOLD,5.527817301031235,1,4.5676056091174,False,2.5347224805395863,23.10031811179641,-1.0118074056056026,0.1743182992262808,0.7399843511094202,3.210063097006962,1.5313197485061518,71.9754167058368
UP30_SCORE70_NIKKEION_TP4.0_SL1.25_H1,VALIDATION,2023-07-14,3697.T,HOLD,2.6352689429760656,1,4.414202111466844,False,0.9825434478655692,14.066035777668535,11.423477609773958,0.2445951797241883,3.1735855666491504,3.664836270819342,5.869603952377096,73.90035206959334
UP30_SCORE70_NIKKEION_TP4.0_SL1.25_H1,VALIDATION,2023-07-18,3697.T,HOLD,3.523970101615148,1,4.9953295049275175,False,2.044955701868667,17.111553296105495,2.299582343674889,0.2528169654791361,1.6606525716609066,3.758092130501045,3.6132920490987503,75.56989565836771
UP30_SCORE70_NIKKEION_TP4.0_SL1.25_H1,VALIDATION,2023-07-19,3697.T,TIMEOUT_LOSS,-2.2265375704661805,1,5.567456335180463,False,3.178951129004992,20.179742269010724,3.184516937369808,0.2654910535496504,1.1688741037667625,3.7680333712417116,2.7744672503003995,77.74209892609204
UP30_SCORE70_NIKKEION_TP4.0_SL1.25_H1,VALIDATION,2023-07-20,9107.T,WIN,14.006070099017409,1,7.365756579489273,False,4.617551222256289,40.456823312574784,0.6164097608000185,0.0938839039136021,1.2425910903490696,3.5265175247543543,1.297700012415697,75.59799884044793
UP30_SCORE70_NIKKEION_TP4.0_SL1.25_H1,VALIDATION,2023-07-24,8304.T,WIN,4.646462184734912,1,5.965186154094392,False,1.4953254814182193,46.50894890976158,-0.1436610728448251,0.0052203232234606,0.9984152139461172,1.186615546183726,0.9270053085895136,73.84824848778555
UP30_SCORE70_NIKKEION_TP4.0_SL1.25_H1,VALIDATION,2023-07-25,9107.T,WIN,13.424120072605417,1,9.426236891350596,False,5.728474038906661,43.95468824272265,0.4712471779455551,0.0685211820160593,0.7454517534288647,3.381030018151354,0.7193571847781792,73.09781851674379
UP30_SCORE70_NIKKEION_TP4.0_SL1.25_H1,VALIDATION,2023-07-27,3697.T,TIMEOUT_LOSS,-0.7186061325326508,1,6.924157184283334,False,3.259052026362852,29.05887576099701,-1.0892575373501412,0.002571187096052,0.7087931439305001,3.531479074970112,0.5298027773512055,71.0424364651647
UP30_SCORE70_NIKKEION_TP4.0_SL1.25_H1,VALIDATION,2023-08-02,2871.T,WIN,6.0627349642954025,1,3.8189108712657336,False,0.7242951919965934,34.654865155400365,-0.3352535094952369,0.0165360395766838,1.8527815891231132,1.5406837410738485,2.5689084895259096,68.58018561012706
UP30_SCORE70_NIKKEION_TP4.0_SL1.25_H1,VALIDATION,2023-08-10,1605.T,HOLD,6.879169240044492,1,11.164981718369583,False,3.493592257604239,52.83446425483549,12.463460383201651,0.1554229117371919,2.79979946927813,2.9283910300581084,4.34619726101322,79.77015775754742
UP30_SCORE70_NIKKEION_TP4.0_SL1.25_H1,VALIDATION,2023-08-23,7261.T,WIN,10.508662911097277,1,5.953331285872705,False,1.9455717693589447,12.708498948693068,1.9993264348709736,0.0386591443652704,1.6638416589958922,2.652165727774321,1.5720263859369508,64.21075613369555
UP30_SCORE70_NIKKEION_TP4.0_SL1.25_H1,VALIDATION,2023-08-24,4062.T,LOSS,-4.466360926363954,1,6.80922560641553,False,-0.1925287628427585,15.369284537342974,1.0315239770017692,0.0820505230531885,2.3957283900866413,3.493088741091155,2.2102836747592667,63.32774287075412
UP30_SCORE70_NIKKEION_TP4.0_SL1.25_H1,VALIDATION,2023-08-25,3405.T,WIN,8.751136359044375,1,5.563676524694812,False,3.2152690771133585,33.8857711933423,0.5009277123760647,0.0383852602473304,1.6114387669128216,2.2127840897610955,1.4383193507789016,74.62114188384804
UP30_SCORE70_NIKKEION_TP4.0_SL1.25_H1,VALIDATION,2023-08-28,6113.T,WIN,8.383439084083,1,2.0495189820741966,False,1.2136642361419758,13.1843960890482,2.1775693976564536,0.045055261327477,1.8592336349121876,2.1208597710207515,1.5424862573680376,68.72876119221075
UP30_SCORE70_NIKKEION_TP4.0_SL1.25_H1,VALIDATION,2023-09-21,9501.T,HOLD,2.430923944535668,1,12.439084434745476,False,3.3705390033044846,55.35845466158926,3.1764129913268717,0.1079233947128065,1.2387773526238668,2.8613704298891873,1.684289366876984,77.03312199329181
UP30_SCORE70_NIKKEION_TP4.0_SL1.25_H1,VALIDATION,2023-09-25,6724.T,LOSS,-2.3584171786397934,1,1.9559915809231725,False,1.1888741021515823,18.999088168220453,0.5744797730551587,0.0697933184223795,0.6486843807032923,1.8484801358434666,0.7463562635890907,67.74065809684637
UP30_SCORE70_NIKKEION_TP4.0_SL1.25_H1,VALIDATION,2023-09-26,8795.T,LOSS,-3.203949440186482,1,8.073776484220787,False,2.6441221533526127,40.65925639038708,0.3276185569456968,0.031178315543677,1.4798864527695812,2.562704607466282,1.5836332714471573,67.81712545659161
UP30_SCORE70_NIKKEION_TP4.0_SL1.25_H1,VALIDATION,2023-09-27,8697.T,LOSS,-2.5573563318968318,1,3.3470779308842338,False,1.4497709058478805,32.77614038546648,3.4413909652475594,0.0834387115714591,1.6005725384357377,2.015410892703044,2.222029709001226,79.38085439124544
UP30_SCORE70_NIKKEION_TP4.0_SL1.25_H1,VALIDATION,2023-09-28,7211.T,LOSS,-3.436113728322343,1,9.117007954978993,False,3.450040277711963,39.29149553083054,1.8863381236379428,0.0571909307090926,1.5897506486632105,2.7610011200634483,2.021996336198152,71.69805481165484
UP30_SCORE70_NIKKEION_TP4.0_SL1.25_H1,VALIDATION,2023-09-29,4519.T,LOSS,-3.016548913206396,1,5.059909895761967,False,0.93704686797198,28.12251682599573,0.1516356839443844,0.1048133624170686,1.5080802597375482,2.4033335284704487,2.628650714220726,65.25518100416157
UP30_SCORE70_NIKKEION_TP4.0_SL1.25_H1,VALIDATION,2023-10-10,9107.T,LOSS,-4.467794983214523,1,15.933972418178186,False,1.9657485360281115,32.90204777315115,5.531622163232508,0.1134071461102983,1.3518507547182232,3.653827689070136,1.4354720499868414,67.38977612445666
UP30_SCORE70_NIKKEION_TP4.0_SL1.25_H1,VALIDATION,2023-10-18,7453.T,TIMEOUT_LOSS,-2.167696837695854,1,4.136507868839604,False,0.1223158978307381,22.63425020648197,3.166167693874544,0.1318619295282879,0.9600826348913224,3.16705256495576,1.773623917931742,67.49018008188494
UP30_SCORE70_NIKKEION_TP4.0_SL1.25_H1,VALIDATION,2023-10-20,2501.T,LOSS,-2.4313193171053404,1,13.549303533545825,False,1.2865739537807783,42.10627268358788,0.397069077036738,0.0451092945210227,1.6116698336191315,1.9095737145663187,1.7322540473225403,71.17290890964611
UP30_SCORE70_NIKKEION_TP4.0_SL1.25_H1,VALIDATION,2023-10-30,8354.T,LOSS,-3.3892696512540677,1,6.961966882938133,False,0.4635109606138554,20.183945473791084,-1.572169017049041,0.0235651555938773,2.242165378893315,2.7209139167020906,3.041452154524692,57.710746195913416
UP30_SCORE70_NIKKEION_TP4.0_SL1.25_H1,VALIDATION,2023-10-31,8354.T,LOSS,-3.425542831436179,1,6.990528763368678,False,0.7896743702185294,20.80181074330227,1.9845406507217331,0.061751516195736,1.2017489922798388,2.7519515941115085,1.8450726385902343,64.8150694647926
UP30_SCORE70_NIKKEION_TP4.0_SL1.25_H1,VALIDATION,2023-12-06,9501.T,HOLD,10.44913294797688,1,1.1578272175565565,False,0.4150857548883557,12.53495466131979,3.919503623521159,0.0978182408120953,2.777650370355735,2.9865125240847794,3.8960955408717135,65.11804068639108
UP30_SCORE70_NIKKEION_TP4.0_SL1.25_H1,VALIDATION,2024-03-08,8331.T,WIN,10.194336414833705,1,5.405307907021086,False,2.693774385595749,36.25104127848698,0.9972018532308002,0.0155313857543469,1.357289321773241,2.573584103708426,1.6865697218534337,73.6374923996679
UP30_SCORE70_NIKKEION_TP4.0_SL1.25_H1,VALIDATION,2024-03-11,8309.T,WIN,9.7796709059245,1,5.456514832612866,False,1.8033243234927052,38.94777737859525,-2.829621941040217,0.0670779999091881,1.2557221617814778,2.469917726481123,1.5724905472866024,64.63927772022649
UP30_SCORE70_NIKKEION_TP4.0_SL1.25_H1,VALIDATION,2024-03-13,9502.T,WIN,9.352818067430947,1,0.3284805989638264,False,-0.3949155550553529,9.336203923379715,-0.4163332885228521,0.0416315849555858,1.3713123246439942,2.363204516857735,1.5435690298745686,53.35620076050401
UP30_SCORE70_NIKKEION_TP4.0_SL1.25_H1,VALIDATION,2024-03-18,3289.T,WIN,10.456607692483834,1,3.1788561124538144,False,1.0067788984315262,36.8627274994429,2.9795236379785983,0.0993729974623696,1.2184818060410647,2.6391519231209566,1.515077338343676,70.79072631991961
UP30_SCORE70_NIKKEION_TP4.0_SL1.25_H1,VALIDATION,2024-03-19,8801.T,HOLD,8.495777150300976,1,9.773150047748146,False,2.115825121948145,32.446154882604525,5.3761017561049895,0.122181980734735,1.510534167150447,2.8278956009457774,2.033014039373544,75.61957057625732
UP30_SCORE70_NIKKEION_TP4.0_SL1.25_H1,VALIDATION,2024-04-24,8306.T,HOLD,7.140239660000736,1,5.791235339906379,False,0.4467188060413019,17.604649912322607,0.4799929191379393,0.0388005802676905,0.8113443422931543,2.263652438436166,0.8313150105569843,58.02624765264058
UP20_SCORE30_NIKKEION_TP4.0_SL1.0_H1,VALIDATION,2022-05-13,2501.T,LOSS,-2.2852357779900023,1,5.944871187551252,False,3.400604512726435,38.685878809615936,-0.3244343527760707,0.0267817779012543,1.333862563100472,2.2340551504373973,1.455429821541605,78.64119875658174
UP20_SCORE30_NIKKEION_TP4.0_SL1.0_H1,VALIDATION,2022-05-16,6301.T,LOSS,-3.1632717938697374,1,5.068992986471936,False,0.7836985691567211,15.798331855947607,-3.900932073936836,-0.0024932155918815,0.6914859348369753,3.1600734319770694,0.6245396225466924,57.77345937599581
UP20_SCORE30_NIKKEION_TP4.0_SL1.0_H1,VALIDATION,2022-05-17,5020.T,LOSS,-2.4595859520750274,1,1.760630250605687,False,1.405987367477768,19.07032630053753,3.1570597639297704,0.0728946497185125,1.0614395952093003,2.4166078924213226,1.7550698443476471,75.02798470985627
UP20_SCORE30_NIKKEION_TP4.0_SL1.0_H1,VALIDATION,2022-05-19,2501.T,LOSS,-2.3502619316515982,1,7.467256675485255,False,3.2599036571882234,37.80008010592002,-2.81183741478237,-0.0535223213251143,0.665694627967376,2.302064410728333,0.5957733125363183,64.63334214326557
UP20_SCORE30_NIKKEION_TP4.0_SL1.0_H1,VALIDATION,2022-06-10,5803.T,HOLD,8.026663916998123,1,18.524807642590567,False,6.702168884496307,43.39822829433884,-2.2248190983177096,0.0388881292514335,1.243466362599772,3.4588471392703823,1.0810864397269426,71.89716109124154
UP20_SCORE30_NIKKEION_TP4.0_SL1.0_H1,VALIDATION,2022-06-24,7211.T,HOLD,11.175615019526564,1,20.002268211229577,False,4.349113502823965,42.1196056280957,-8.606548698090188,0.0025616573777389,1.480431990860245,4.339395390652548,1.9367317893950209,57.01585206707608
UP20_SCORE30_NIKKEION_TP4.0_SL1.0_H1,VALIDATION,2022-06-27,2501.T,WIN,8.337913878233072,1,9.820015702889275,False,1.5644775018713195,43.76912496196353,0.2368803875811176,0.0039577750676822,1.6676743248690045,2.109478469558268,1.781581355293611,70.83940742006217
UP20_SCORE30_NIKKEION_TP4.0_SL1.0_H1,VALIDATION,2022-06-28,9501.T,HOLD,5.172727272727274,1,9.046096065256291,False,-0.1853194746595843,20.191556948575037,4.166666666666674,0.1471293143668663,2.302757482523177,3.818181818181817,2.373206083583625,67.66977151936806
UP20_SCORE30_NIKKEION_TP4.0_SL1.0_H1,VALIDATION,2022-06-29,9501.T,LOSS,-3.9572251007484183,1,8.88196224656258,False,0.6706528765352271,22.37396857143523,5.272727272727273,0.204249264353729,2.005658483470548,3.857225100748418,2.7880650383729697,72.51589607440937
UP20_SCORE30_NIKKEION_TP4.0_SL1.0_H1,VALIDATION,2022-06-30,9501.T,HOLD,2.016402116402116,1,8.69955156950672,False,1.466418212752152,24.51597202150592,-2.072538860103623,0.19025697032202,1.2002946002712256,4.115226337448563,2.0613896712206934,67.97537846674064
UP20_SCORE30_NIKKEION_TP4.0_SL1.0_H1,VALIDATION,2022-07-06,8802.T,LOSS,-2.4695165613517034,1,4.338542783129849,False,0.0396483235099331,14.52421361719226,-6.290094633502264,-0.0368998409685302,0.9555228627048876,2.4270253284577175,0.7764356411732268,42.7989646471958
UP20_SCORE30_NIKKEION_TP4.0_SL1.0_H1,VALIDATION,2022-07-07,8804.T,LOSS,-2.3564891360168927,1,0.0265934630896393,False,1.8073914631535404,23.4174748041781,0.84344269467298,0.019848201568192,1.172779728039382,2.308582038921199,1.0809252854327047,66.07021427242472
UP20_SCORE30_NIKKEION_TP4.0_SL1.0_H1,VALIDATION,2022-07-08,8804.T,LOSS,-2.3442071763351224,1,0.4282553834964402,False,2.048754876514192,24.50874722643819,0.8886574055018581,0.0080089640833866,1.4952237669705812,2.2957280704411014,1.4730094105462403,67.7674063851828
UP20_SCORE30_NIKKEION_TP4.0_SL1.0_H1,VALIDATION,2022-08-26,3402.T,WIN,7.4033022680537135,1,4.715826557188758,False,1.3227068499944927,23.326868980224702,2.1349419667568537,0.0451499048489812,2.120364579714173,1.87582556701343,1.8661862363859685,71.48351885781872
UP20_SCORE30_NIKKEION_TP4.0_SL1.0_H1,VALIDATION,2022-09-08,6963.T,WIN,10.483042605336978,1,3.389358493787343,False,1.450911551849754,17.181027533475167,1.1029514224850656,0.0575267132257677,1.5761652398423698,2.645760651334246,1.9134264834457844,63.69425087590122
UP20_SCORE30_NIKKEION_TP4.0_SL1.0_H1,VALIDATION,2022-09-09,8233.T,WIN,8.075196109081217,1,7.105545004350923,False,2.419994828977501,47.07602457680796,1.4067191098883436,0.0424264355421359,1.5726287733935918,2.043799027270306,2.0167180592190808,84.96763309537195
UP20_SCORE30_NIKKEION_TP4.0_SL1.0_H1,VALIDATION,2022-09-12,3099.T,HOLD,8.589121662137844,1,0.7190452600000207,False,2.762599012130851,32.50220295696049,4.701928889725493,0.0900232111163203,1.2789892584444156,2.54233766046678,1.6376233727228475,80.32291358388707
UP20_SCORE30_NIKKEION_TP4.0_SL1.0_H1,VALIDATION,2022-09-13,6762.T,HOLD,4.55946891217528,1,9.463813495840416,False,1.1505973027165384,23.741570665434217,3.5363485256876714,0.0267329113111032,1.529791393965503,2.3772466104535024,1.9478991951222084,70.83421513435317
UP20_SCORE30_NIKKEION_TP4.0_SL1.0_H1,VALIDATION,2022-09-14,6762.T,HOLD,8.90136156473954,1,9.479109815344067,False,1.1934819770905936,23.95264966470376,-3.605319642757554,0.0110704579108096,1.155304655862548,2.6442402550284143,1.5151809744067293,58.94862853932386
UP20_SCORE30_NIKKEION_TP4.0_SL1.0_H1,VALIDATION,2022-10-04,4502.T,WIN,6.521601945168077,1,0.1784752662705485,False,0.0923229281194926,12.91568892333423,1.3032940182379882,0.0434328521808546,1.4568342799069054,1.6554004862920173,1.980215777578708,61.542227510413
UP20_SCORE30_NIKKEION_TP4.0_SL1.0_H1,VALIDATION,2022-10-06,8031.T,LOSS,-2.2940204005170495,1,5.065407746825307,False,0.0837280115831173,18.889517197394643,1.2750327617096602,0.0227091221899091,0.809571229942505,2.243237488650074,0.8381690110706707,63.42700055474461
UP20_SCORE30_NIKKEION_TP4.0_SL1.0_H1,VALIDATION,2022-10-14,8252.T,LOSS,-2.4442579470050907,1,2.389445668348921,False,0.5022998885166441,13.699459371716976,1.0879489875212478,0.0305650495027016,1.5028310064366206,2.4005326238092,1.7893257501729267,61.433450449673664
UP20_SCORE30_NIKKEION_TP4.0_SL1.0_H1,VALIDATION,2022-10-17,9020.T,LOSS,-2.3816676285319693,1,6.136483812063122,False,2.379010135446391,30.3413445400842,0.5790447743810434,0.0552230149803631,0.6641383234980005,2.3349432733444404,0.7780152141950449,67.39867832806928
UP20_SCORE30_NIKKEION_TP4.0_SL1.0_H1,VALIDATION,2022-12-09,1605.T,WIN,8.808198355718522,1,1.3832846364679428,False,-0.8940106944303805,17.745321578699027,-9.241547871791555,-0.0531960665596382,1.3205778711055436,2.2270495889296305,1.3881681707997269,34.26191314652557
UP20_SCORE30_NIKKEION_TP4.0_SL1.0_H1,VALIDATION,2022-12-12,7453.T,HOLD,5.168993152993251,1,7.785745537710707,False,0.6688510049293495,23.26400560168437,2.5965432538196165,0.0730793230628874,1.71096128417233,2.3300665706892305,1.800916419691897,67.18226053707386
UP20_SCORE30_NIKKEION_TP4.0_SL1.0_H1,VALIDATION,2022-12-14,4183.T,WIN,7.405831632360161,1,4.047842666128099,False,1.735151101832666,33.47960405091145,1.4353983141801807,0.0171772644233658,1.467974580070142,1.8764579080900419,1.530005084442979,66.28826055987322
UP20_SCORE30_NIKKEION_TP4.0_SL1.0_H1,VALIDATION,2022-12-15,5803.T,HOLD,7.095558669756919,1,12.463364993046987,False,4.045411099573748,27.54188408217238,1.6710683760046807,0.0610497321030985,1.23869204673954,3.026494906484123,1.3570608199661895,66.5231637345376
UP20_SCORE30_NIKKEION_TP4.0_SL1.0_H1,VALIDATION,2023-01-04,8306.T,LOSS,-2.5587527687580547,1,9.942721833814636,False,4.004071511887508,53.97241962566525,3.140323074040752,0.0772790598147473,1.5402472630176538,2.5207313198785037,1.7562880669658096,80.2377668052138
UP20_SCORE30_NIKKEION_TP4.0_SL1.0_H1,VALIDATION,2023-01-10,8306.T,LOSS,-2.6428098648574094,1,11.168476859444912,False,3.7567415977903806,53.3374668171745,-3.552148419021073,0.0102480136578335,0.6960690082106086,2.6091557342575955,0.7399519584810441,67.124779054125
UP20_SCORE30_NIKKEION_TP4.0_SL1.0_H1,VALIDATION,2023-01-11,3382.T,LOSS,-1.7895410481692742,1,-0.342018630134584,True,0.0643002033458461,11.064368921038149,0.1567953069600225,0.002254167969536,1.330397347716364,1.7185771139539858,1.7491209180835523,59.8589561169827
UP20_SCORE30_NIKKEION_TP4.0_SL1.0_H1,VALIDATION,2023-01-12,8795.T,LOSS,-2.7453695800282008,1,13.347418043336852,False,3.631370741500861,41.89053345181456,1.373349552942793,-0.0147676883364578,1.2388590074410453,2.7172509089875936,1.5983048518463,71.32842362367616
UP20_SCORE30_NIKKEION_TP4.0_SL1.0_H1,VALIDATION,2023-01-13,9101.T,LOSS,-2.8212090004889,1,8.432275775259813,False,0.0226082431078467,23.78444107266994,-5.357685487463915,0.0504641355467856,0.8072282660539424,2.7973302017112607,0.6535182892279281,51.06914415189403
UP20_SCORE30_NIKKEION_TP4.0_SL1.0_H1,VALIDATION,2023-01-17,8304.T,LOSS,-1.9467528617879926,1,1.5180680908893067,False,1.0887323265154736,29.739522415801503,-3.353980520298649,0.0273378625270058,0.7193841847445767,1.8814995077926906,0.7796521901805284,56.275925104326
UP20_SCORE30_NIKKEION_TP4.0_SL1.0_H1,VALIDATION,2023-02-24,9107.T,WIN,11.605946284777014,1,9.446404148371524,False,4.09844994706916,43.4164883645031,1.0370470060754755,0.0191426801055223,1.190554996700955,2.9264865711942534,1.0778453082226491,71.89668183793219
UP20_SCORE30_NIKKEION_TP4.0_SL1.0_H1,VALIDATION,2023-03-01,5406.T,WIN,11.168328716414832,1,14.91716099759614,False,6.888477232737333,54.04595324073036,3.2292749761118733,0.0651599338858062,1.252977261833042,2.8170821791037097,1.4760421644722026,84.29291427976493
UP20_SCORE30_NIKKEION_TP4.0_SL1.0_H1,VALIDATION,2023-03-02,7532.T,HOLD,3.8475946283756834,1,2.311749896743116,False,1.110301730656027,23.028168592738364,-2.3219991254686434,0.0040066512595293,1.2480259842078736,2.4894896230590753,1.209647434940606,58.48457558086351
UP20_SCORE30_NIKKEION_TP4.0_SL1.0_H1,VALIDATION,2023-03-10,7532.T,HOLD,2.5956173520402026,1,3.57934608370132,False,1.880228685350693,28.13455632423358,-2.921340206282974,0.0131222127276182,1.491419817093107,2.5463457920216275,1.7096566069760155,58.657926704217566
UP20_SCORE30_NIKKEION_TP4.0_SL1.0_H1,VALIDATION,2023-03-22,9432.T,WIN,5.064884984967611,1,2.9886769743890587,False,0.7353999834895264,15.681016052641414,0.4470819300953277,0.0202850673358965,1.1697412593408478,1.2912212462419026,1.3366632783126184,63.96297916656753
UP20_SCORE30_NIKKEION_TP4.0_SL1.0_H1,VALIDATION,2023-03-23,2282.T,WIN,5.308156466981318,1,1.7935028429780078,False,0.8430250161032271,22.46676756670302,2.213557995259552,0.0245550521425392,1.4819834848611226,1.3520391167453294,1.6059746686702747,66.90274959696077
UP20_SCORE30_NIKKEION_TP4.0_SL1.0_H1,VALIDATION,2023-03-24,6723.T,HOLD,2.5769774427449987,1,21.077810898210828,False,2.4896742800021965,43.31982897965375,-4.3964883172957325,-0.0202395987154747,1.1259718314548754,3.1405859161334573,1.0754052744686402,57.82603205917243
UP20_SCORE30_NIKKEION_TP4.0_SL1.0_H1,VALIDATION,2023-03-27,6361.T,HOLD,6.739283324087009,1,8.015432590568775,False,0.7256587766140354,32.560408763507056,0.3372783188205552,0.0885154918963881,0.9994858611825193,2.521615739209733,1.401131572308912,62.16034027957021
UP20_SCORE30_NIKKEION_TP4.0_SL1.0_H1,VALIDATION,2023-03-28,5406.T,WIN,14.893240252881357,1,27.71121179146026,False,3.418661545644519,47.33339839088339,-9.545051328617529,-0.0041982856109186,0.8995679943658907,3.748310063220339,0.4577978948027875,58.09078371530008
UP20_SCORE30_NIKKEION_TP4.0_SL1.0_H1,VALIDATION,2023-03-29,6501.T,HOLD,5.231834133933145,1,1.0988968003756614,False,0.0979342932952764,16.39183530118584,0.7640034424433395,0.040399658979535,1.4440823297722165,2.0827135864235418,1.320943838763867,62.83061669805912
UP20_SCORE30_NIKKEION_TP4.0_SL1.0_H1,VALIDATION,2023-05-02,4062.T,HOLD,1.0139579242476215,1,4.013966551592089,False,1.802827796504003,20.67844708573587,9.00735727262434,0.1648387926054175,2.2486169616892635,3.1848252355601923,4.576523959366289,74.71698370331268
UP20_SCORE30_NIKKEION_TP4.0_SL1.0_H1,VALIDATION,2023-05-08,4062.T,HOLD,5.527817301031235,1,4.5676056091174,False,2.5347224805395863,23.10031811179641,-1.0118074056056026,0.1743182992262808,0.7399843511094202,3.210063097006962,1.5313197485061518,71.9754167058368
UP20_SCORE30_NIKKEION_TP4.0_SL1.0_H1,VALIDATION,2023-06-23,9432.T,WIN,5.924094680342463,1,1.1363365080353516,False,-0.2749633970042797,11.371284216097926,-0.4109173678928934,0.0364913154366119,1.114048707553409,1.5060236700856175,1.0082536774631734,53.32269300141883
UP20_SCORE30_NIKKEION_TP4.0_SL1.0_H1,VALIDATION,2023-07-14,3697.T,HOLD,2.6352689429760656,1,4.414202111466844,False,0.9825434478655692,14.066035777668535,11.423477609773958,0.2445951797241883,3.1735855666491504,3.664836270819342,5.869603952377096,73.90035206959334
UP20_SCORE30_NIKKEION_TP4.0_SL1.0_H1,VALIDATION,2023-07-18,3697.T,HOLD,3.523970101615148,1,4.9953295049275175,False,2.044955701868667,17.111553296105495,2.299582343674889,0.2528169654791361,1.6606525716609066,3.758092130501045,3.6132920490987503,75.56989565836771
UP20_SCORE30_NIKKEION_TP4.0_SL1.0_H1,VALIDATION,2023-07-19,3697.T,TIMEOUT_LOSS,-2.2265375704661805,1,5.567456335180463,False,3.178951129004992,20.179742269010724,3.184516937369808,0.2654910535496504,1.1688741037667625,3.7680333712417116,2.7744672503003995,77.74209892609204
UP20_SCORE30_NIKKEION_TP4.0_SL1.0_H1,VALIDATION,2023-07-20,9107.T,WIN,14.006070099017409,1,7.365756579489273,False,4.617551222256289,40.456823312574784,0.6164097608000185,0.0938839039136021,1.2425910903490696,3.5265175247543543,1.297700012415697,75.59799884044793
UP20_SCORE30_NIKKEION_TP4.0_SL1.0_H1,VALIDATION,2023-07-24,8304.T,WIN,4.646462184734912,1,5.965186154094392,False,1.4953254814182193,46.50894890976158,-0.1436610728448251,0.0052203232234606,0.9984152139461172,1.186615546183726,0.9270053085895136,73.84824848778555
UP20_SCORE30_NIKKEION_TP4.0_SL1.0_H1,VALIDATION,2023-07-25,9107.T,WIN,13.424120072605417,1,9.426236891350596,False,5.728474038906661,43.95468824272265,0.4712471779455551,0.0685211820160593,0.7454517534288647,3.381030018151354,0.7193571847781792,73.09781851674379
UP20_SCORE30_NIKKEION_TP4.0_SL1.0_H1,VALIDATION,2023-07-27,3697.T,TIMEOUT_LOSS,-0.7186061325326508,1,6.924157184283334,False,3.259052026362852,29.05887576099701,-1.0892575373501412,0.002571187096052,0.7087931439305001,3.531479074970112,0.5298027773512055,71.0424364651647
UP20_SCORE30_NIKKEION_TP4.0_SL1.0_H1,VALIDATION,2023-08-02,2871.T,WIN,6.0627349642954025,1,3.8189108712657336,False,0.7242951919965934,34.654865155400365,-0.3352535094952369,0.0165360395766838,1.8527815891231132,1.5406837410738485,2.5689084895259096,68.58018561012706
UP20_SCORE30_NIKKEION_TP4.0_SL1.0_H1,VALIDATION,2023-08-10,1605.T,HOLD,6.879169240044492,1,11.164981718369583,False,3.493592257604239,52.83446425483549,12.463460383201651,0.1554229117371919,2.79979946927813,2.9283910300581084,4.34619726101322,79.77015775754742
UP20_SCORE30_NIKKEION_TP4.0_SL1.0_H1,VALIDATION,2023-08-23,7261.T,WIN,10.508662911097277,1,5.953331285872705,False,1.9455717693589447,12.708498948693068,1.9993264348709736,0.0386591443652704,1.6638416589958922,2.652165727774321,1.5720263859369508,64.21075613369555
UP20_SCORE30_NIKKEION_TP4.0_SL1.0_H1,VALIDATION,2023-08-24,4062.T,LOSS,-3.593088741091144,1,6.80922560641553,False,-0.1925287628427585,15.369284537342974,1.0315239770017692,0.0820505230531885,2.3957283900866413,3.493088741091155,2.2102836747592667,63.32774287075412
UP20_SCORE30_NIKKEION_TP4.0_SL1.0_H1,VALIDATION,2023-08-25,3405.T,WIN,8.751136359044375,1,5.563676524694812,False,3.2152690771133585,33.8857711933423,0.5009277123760647,0.0383852602473304,1.6114387669128216,2.2127840897610955,1.4383193507789016,74.62114188384804
UP20_SCORE30_NIKKEION_TP4.0_SL1.0_H1,VALIDATION,2023-08-28,6113.T,WIN,8.383439084083,1,2.0495189820741966,False,1.2136642361419758,13.1843960890482,2.1775693976564536,0.045055261327477,1.8592336349121876,2.1208597710207515,1.5424862573680376,68.72876119221075
UP20_SCORE30_NIKKEION_TP4.0_SL1.0_H1,VALIDATION,2023-09-21,9501.T,HOLD,2.430923944535668,1,12.439084434745476,False,3.3705390033044846,55.35845466158926,3.1764129913268717,0.1079233947128065,1.2387773526238668,2.8613704298891873,1.684289366876984,77.03312199329181
UP20_SCORE30_NIKKEION_TP4.0_SL1.0_H1,VALIDATION,2023-09-25,9501.T,TIMEOUT_LOSS,-0.11415884285430603,1,12.88310819699138,False,3.374417007853281,58.02956451732003,-2.0940197056126486,0.0391210454202126,0.8268094745310657,2.9745042492917833,0.8797495788732139,69.48561231535493
UP20_SCORE30_NIKKEION_TP4.0_SL1.0_H1,VALIDATION,2023-09-26,8795.T,LOSS,-2.598671049358936,1,8.073776484220787,False,2.6441221533526127,40.65925639038708,0.3276185569456968,0.031178315543677,1.4798864527695812,2.562704607466282,1.5836332714471573,67.81712545659161
UP20_SCORE30_NIKKEION_TP4.0_SL1.0_H1,VALIDATION,2023-09-27,8697.T,LOSS,-2.075594545046533,1,3.3470779308842338,False,1.4497709058478805,32.77614038546648,3.4413909652475594,0.0834387115714591,1.6005725384357377,2.015410892703044,2.222029709001226,79.38085439124544
UP20_SCORE30_NIKKEION_TP4.0_SL1.0_H1,VALIDATION,2023-09-28,7211.T,LOSS,-2.7868180437806034,1,9.117007954978993,False,3.450040277711963,39.29149553083054,1.8863381236379428,0.0571909307090926,1.5897506486632105,2.7610011200634483,2.021996336198152,71.69805481165484
UP20_SCORE30_NIKKEION_TP4.0_SL1.0_H1,VALIDATION,2023-09-29,4519.T,LOSS,-2.446928996996245,1,5.059909895761967,False,0.93704686797198,28.12251682599573,0.1516356839443844,0.1048133624170686,1.5080802597375482,2.4033335284704487,2.628650714220726,65.25518100416157
UP20_SCORE30_NIKKEION_TP4.0_SL1.0_H1,VALIDATION,2023-10-05,2269.T,LOSS,-1.5982093299072075,1,5.667624576179167,False,0.1451186230179368,24.34501268351313,-1.262131078753559,0.0233988642222333,1.0088775203129705,1.5209970496121126,1.013320955136232,57.58098723507021
UP20_SCORE30_NIKKEION_TP4.0_SL1.0_H1,VALIDATION,2023-10-10,9107.T,LOSS,-3.625029196249774,1,15.933972418178186,False,1.9657485360281115,32.90204777315115,5.531622163232508,0.1134071461102983,1.3518507547182232,3.653827689070136,1.4354720499868414,67.38977612445666
UP20_SCORE30_NIKKEION_TP4.0_SL1.0_H1,VALIDATION,2023-10-11,9107.T,LOSS,-4.01935664188624,1,15.362860239972823,False,1.817783356617397,33.364067410548024,-6.101345299331939,0.0227167095357356,1.0926120652724227,4.079236467305844,1.229057736320596,55.98673825518541
UP20_SCORE30_NIKKEION_TP4.0_SL1.0_H1,VALIDATION,2023-10-18,7453.T,LOSS,-3.169829452539341,1,4.136507868839604,False,0.1223158978307381,22.63425020648197,3.166167693874544,0.1318619295282879,0.9600826348913224,3.16705256495576,1.773623917931742,67.49018008188494
UP20_SCORE30_NIKKEION_TP4.0_SL1.0_H1,VALIDATION,2023-10-20,6146.T,LOSS,-4.184819502409342,1,4.86039981790385,False,1.3515102489323416,14.912070979595237,-8.256885924341816,-0.0165392411775153,2.06778634855144,4.258783105258246,2.6872402350224203,49.996886216467445
UP20_SCORE30_NIKKEION_TP4.0_SL1.0_H1,VALIDATION,2023-10-23,6146.T,LOSS,-4.133144432597879,1,4.817619835452092,False,1.439467587139709,13.874446729497864,-6.37287494688662,0.0082183644223207,1.3655025933265694,4.202643098757367,1.9839982365684723,53.13269282156323
UP20_SCORE30_NIKKEION_TP4.0_SL1.0_H1,VALIDATION,2023-10-24,6762.T,LOSS,-2.51643032389427,1,4.1604519363736845,False,0.9948155952706816,17.151550373912308,-2.38955240864851,0.0110094748032077,1.2599746640825475,2.476267605207279,0.982404599244012,56.23701851890526
UP20_SCORE30_NIKKEION_TP4.0_SL1.0_H1,VALIDATION,2023-10-25,8354.T,LOSS,-2.629245405764913,1,7.543562389122455,False,0.2248247343790588,20.147436021905254,0.3421078714360925,0.0275245695155686,1.2498093252656737,2.594876192652884,1.1612895605596203,59.73818591868691
UP20_SCORE30_NIKKEION_TP4.0_SL1.0_H1,VALIDATION,2023-10-27,7453.T,LOSS,-2.9619415088255385,1,2.219489345986285,False,0.8191807321748623,23.100694441319646,1.448541445823448,0.0410464872483673,1.0020694881660257,2.9462617981865042,0.7730977542858364,65.26072739948032
UP20_SCORE30_NIKKEION_TP4.0_SL1.0_H1,VALIDATION,2023-10-30,8354.T,LOSS,-2.7488412271219786,1,6.961966882938133,False,0.4635109606138554,20.183945473791084,-1.572169017049041,0.0235651555938773,2.242165378893315,2.7209139167020906,3.041452154524692,57.710746195913416
UP20_SCORE30_NIKKEION_TP4.0_SL1.0_H1,VALIDATION,2023-10-31,8354.T,LOSS,-2.778247518823007,1,6.990528763368678,False,0.7896743702185294,20.80181074330227,1.9845406507217331,0.061751516195736,1.2017489922798388,2.7519515941115085,1.8450726385902343,64.8150694647926
UP20_SCORE30_NIKKEION_TP4.0_SL1.0_H1,VALIDATION,2023-12-06,9501.T,HOLD,10.44913294797688,1,1.1578272175565565,False,0.4150857548883557,12.53495466131979,3.919503623521159,0.0978182408120953,2.777650370355735,2.9865125240847794,3.8960955408717135,65.11804068639108
UP20_SCORE30_NIKKEION_TP4.0_SL1.0_H1,VALIDATION,2023-12-12,9434.T,WIN,3.8564981738389625,1,3.666793621977835,False,1.29191483774298,40.13151817494092,-0.6322107278257882,0.0034921505240095,0.6726550999333534,0.9891245434597407,0.7436676511251774,69.58475793091037
UP20_SCORE30_NIKKEION_TP4.0_SL1.0_H1,VALIDATION,2023-12-20,4751.T,HOLD,4.377563165800658,1,3.2796344993330924,False,0.5968344014660953,15.889307443901632,-6.580945769099788,0.0432022766255002,0.7191332989209253,3.1244795018202653,0.4118260002949004,56.27814074644787
UP20_SCORE30_NIKKEION_TP4.0_SL1.0_H1,VALIDATION,2024-03-08,8331.T,WIN,10.194336414833705,1,5.405307907021086,False,2.693774385595749,36.25104127848698,0.9972018532308002,0.0155313857543469,1.357289321773241,2.573584103708426,1.6865697218534337,73.6374923996679
UP20_SCORE30_NIKKEION_TP4.0_SL1.0_H1,VALIDATION,2024-03-11,8309.T,WIN,9.7796709059245,1,5.456514832612866,False,1.8033243234927052,38.94777737859525,-2.829621941040217,0.0670779999091881,1.2557221617814778,2.469917726481123,1.5724905472866024,64.63927772022649
UP20_SCORE30_NIKKEION_TP4.0_SL1.0_H1,VALIDATION,2024-03-13,9502.T,WIN,9.352818067430947,1,0.3284805989638264,False,-0.3949155550553529,9.336203923379715,-0.4163332885228521,0.0416315849555858,1.3713123246439942,2.363204516857735,1.5435690298745686,53.35620076050401
UP20_SCORE30_NIKKEION_TP4.0_SL1.0_H1,VALIDATION,2024-03-14,8750.T,WIN,9.83825761176641,1,6.723172643826112,False,3.0553242124834457,28.73657296378135,-2.003808894791248,0.0074324154293817,0.7894672961852629,2.4845644029416025,0.7682347991053303,65.40246304310125
UP20_SCORE30_NIKKEION_TP4.0_SL1.0_H1,VALIDATION,2024-03-18,3289.T,WIN,10.456607692483834,1,3.1788561124538144,False,1.0067788984315262,36.8627274994429,2.9795236379785983,0.0993729974623696,1.2184818060410647,2.6391519231209566,1.515077338343676,70.79072631991961
UP20_SCORE30_NIKKEION_TP4.0_SL1.0_H1,VALIDATION,2024-03-19,8801.T,HOLD,8.495777150300976,1,9.773150047748146,False,2.115825121948145,32.446154882604525,5.3761017561049895,0.122181980734735,1.510534167150447,2.8278956009457774,2.033014039373544,75.61957057625732
UP20_SCORE30_NIKKEION_TP4.0_SL1.0_H1,VALIDATION,2024-04-09,2802.T,HOLD,2.084859200252953,1,-2.0396650901238145,True,0.1140152048729081,11.84818662713996,-0.1054377642351167,0.0248691679840129,0.9442094751373102,2.069009730016713,0.7392609115577428,57.09474121995388
UP20_SCORE30_NIKKEION_TP4.0_SL1.0_H1,VALIDATION,2024-04-10,6762.T,HOLD,4.404569372984535,1,1.7483349542660995,False,-0.7984789682288995,17.61370277586641,-1.2453024400790658,0.0196837125091595,0.8644640211555924,2.5918242589761054,0.6724433305554953,53.10534978918167
UP20_SCORE30_NIKKEION_TP4.0_SL1.0_H1,VALIDATION,2024-04-24,8306.T,HOLD,7.140239660000736,1,5.791235339906379,False,0.4467188060413019,17.604649912322607,0.4799929191379393,0.0388005802676905,0.8113443422931543,2.263652438436166,0.8313150105569843,58.02624765264058
UP20_SCORE30_NIKKEION_TP4.0_SL1.0_H1,VALIDATION,2024-04-26,6506.T,HOLD,7.5832116635503715,1,4.608123466613713,False,-0.2466751805144218,15.375926432937815,-3.6363626563306606,0.0401719323174898,0.7309661134065686,3.3302363521135803,0.5926472185540254,52.826725832596445
UP30_SCORE30_NIKKEION_TP4.0_SL1.0_H1,VALIDATION,2022-05-13,2501.T,LOSS,-2.2852357779900023,1,5.944871187551252,False,3.400604512726435,38.685878809615936,-0.3244343527760707,0.0267817779012543,1.333862563100472,2.2340551504373973,1.455429821541605,78.64119875658174
UP30_SCORE30_NIKKEION_TP4.0_SL1.0_H1,VALIDATION,2022-05-16,6301.T,LOSS,-3.1632717938697374,1,5.068992986471936,False,0.7836985691567211,15.798331855947607,-3.900932073936836,-0.0024932155918815,0.6914859348369753,3.1600734319770694,0.6245396225466924,57.77345937599581
UP30_SCORE30_NIKKEION_TP4.0_SL1.0_H1,VALIDATION,2022-05-17,5020.T,LOSS,-2.4595859520750274,1,1.760630250605687,False,1.405987367477768,19.07032630053753,3.1570597639297704,0.0728946497185125,1.0614395952093003,2.4166078924213226,1.7550698443476471,75.02798470985627
UP30_SCORE30_NIKKEION_TP4.0_SL1.0_H1,VALIDATION,2022-05-19,2501.T,LOSS,-2.3502619316515982,1,7.467256675485255,False,3.2599036571882234,37.80008010592002,-2.81183741478237,-0.0535223213251143,0.665694627967376,2.302064410728333,0.5957733125363183,64.63334214326557
UP30_SCORE30_NIKKEION_TP4.0_SL1.0_H1,VALIDATION,2022-06-10,5803.T,HOLD,8.026663916998123,1,18.524807642590567,False,6.702168884496307,43.39822829433884,-2.2248190983177096,0.0388881292514335,1.243466362599772,3.4588471392703823,1.0810864397269426,71.89716109124154
UP30_SCORE30_NIKKEION_TP4.0_SL1.0_H1,VALIDATION,2022-06-24,7211.T,HOLD,11.175615019526564,1,20.002268211229577,False,4.349113502823965,42.1196056280957,-8.606548698090188,0.0025616573777389,1.480431990860245,4.339395390652548,1.9367317893950209,57.01585206707608
UP30_SCORE30_NIKKEION_TP4.0_SL1.0_H1,VALIDATION,2022-06-27,2501.T,WIN,8.337913878233072,1,9.820015702889275,False,1.5644775018713195,43.76912496196353,0.2368803875811176,0.0039577750676822,1.6676743248690045,2.109478469558268,1.781581355293611,70.83940742006217
UP30_SCORE30_NIKKEION_TP4.0_SL1.0_H1,VALIDATION,2022-06-28,9501.T,HOLD,5.172727272727274,1,9.046096065256291,False,-0.1853194746595843,20.191556948575037,4.166666666666674,0.1471293143668663,2.302757482523177,3.818181818181817,2.373206083583625,67.66977151936806
UP30_SCORE30_NIKKEION_TP4.0_SL1.0_H1,VALIDATION,2022-06-29,9501.T,LOSS,-3.9572251007484183,1,8.88196224656258,False,0.6706528765352271,22.37396857143523,5.272727272727273,0.204249264353729,2.005658483470548,3.857225100748418,2.7880650383729697,72.51589607440937
UP30_SCORE30_NIKKEION_TP4.0_SL1.0_H1,VALIDATION,2022-06-30,9501.T,HOLD,2.016402116402116,1,8.69955156950672,False,1.466418212752152,24.51597202150592,-2.072538860103623,0.19025697032202,1.2002946002712256,4.115226337448563,2.0613896712206934,67.97537846674064
UP30_SCORE30_NIKKEION_TP4.0_SL1.0_H1,VALIDATION,2022-07-06,8802.T,LOSS,-2.4695165613517034,1,4.338542783129849,False,0.0396483235099331,14.52421361719226,-6.290094633502264,-0.0368998409685302,0.9555228627048876,2.4270253284577175,0.7764356411732268,42.7989646471958
UP30_SCORE30_NIKKEION_TP4.0_SL1.0_H1,VALIDATION,2022-07-07,8804.T,LOSS,-2.3564891360168927,1,0.0265934630896393,False,1.8073914631535404,23.4174748041781,0.84344269467298,0.019848201568192,1.172779728039382,2.308582038921199,1.0809252854327047,66.07021427242472
UP30_SCORE30_NIKKEION_TP4.0_SL1.0_H1,VALIDATION,2022-07-08,8804.T,LOSS,-2.3442071763351224,1,0.4282553834964402,False,2.048754876514192,24.50874722643819,0.8886574055018581,0.0080089640833866,1.4952237669705812,2.2957280704411014,1.4730094105462403,67.7674063851828
UP30_SCORE30_NIKKEION_TP4.0_SL1.0_H1,VALIDATION,2022-08-26,3402.T,WIN,7.4033022680537135,1,4.715826557188758,False,1.3227068499944927,23.326868980224702,2.1349419667568537,0.0451499048489812,2.120364579714173,1.87582556701343,1.8661862363859685,71.48351885781872
UP30_SCORE30_NIKKEION_TP4.0_SL1.0_H1,VALIDATION,2022-09-08,6963.T,WIN,10.483042605336978,1,3.389358493787343,False,1.450911551849754,17.181027533475167,1.1029514224850656,0.0575267132257677,1.5761652398423698,2.645760651334246,1.9134264834457844,63.69425087590122
UP30_SCORE30_NIKKEION_TP4.0_SL1.0_H1,VALIDATION,2022-09-09,8233.T,WIN,8.075196109081217,1,7.105545004350923,False,2.419994828977501,47.07602457680796,1.4067191098883436,0.0424264355421359,1.5726287733935918,2.043799027270306,2.0167180592190808,84.96763309537195
UP30_SCORE30_NIKKEION_TP4.0_SL1.0_H1,VALIDATION,2022-09-12,3099.T,HOLD,8.589121662137844,1,0.7190452600000207,False,2.762599012130851,32.50220295696049,4.701928889725493,0.0900232111163203,1.2789892584444156,2.54233766046678,1.6376233727228475,80.32291358388707
UP30_SCORE30_NIKKEION_TP4.0_SL1.0_H1,VALIDATION,2022-09-13,6762.T,HOLD,4.55946891217528,1,9.463813495840416,False,1.1505973027165384,23.741570665434217,3.5363485256876714,0.0267329113111032,1.529791393965503,2.3772466104535024,1.9478991951222084,70.83421513435317
UP30_SCORE30_NIKKEION_TP4.0_SL1.0_H1,VALIDATION,2022-09-14,6762.T,HOLD,8.90136156473954,1,9.479109815344067,False,1.1934819770905936,23.95264966470376,-3.605319642757554,0.0110704579108096,1.155304655862548,2.6442402550284143,1.5151809744067293,58.94862853932386
UP30_SCORE30_NIKKEION_TP4.0_SL1.0_H1,VALIDATION,2022-10-04,4502.T,WIN,6.521601945168077,1,0.1784752662705485,False,0.0923229281194926,12.91568892333423,1.3032940182379882,0.0434328521808546,1.4568342799069054,1.6554004862920173,1.980215777578708,61.542227510413
UP30_SCORE30_NIKKEION_TP4.0_SL1.0_H1,VALIDATION,2022-10-06,8031.T,LOSS,-2.2940204005170495,1,5.065407746825307,False,0.0837280115831173,18.889517197394643,1.2750327617096602,0.0227091221899091,0.809571229942505,2.243237488650074,0.8381690110706707,63.42700055474461
UP30_SCORE30_NIKKEION_TP4.0_SL1.0_H1,VALIDATION,2022-10-14,8252.T,LOSS,-2.4442579470050907,1,2.389445668348921,False,0.5022998885166441,13.699459371716976,1.0879489875212478,0.0305650495027016,1.5028310064366206,2.4005326238092,1.7893257501729267,61.433450449673664
UP30_SCORE30_NIKKEION_TP4.0_SL1.0_H1,VALIDATION,2022-10-17,9020.T,LOSS,-2.3816676285319693,1,6.136483812063122,False,2.379010135446391,30.3413445400842,0.5790447743810434,0.0552230149803631,0.6641383234980005,2.3349432733444404,0.7780152141950449,67.39867832806928
UP30_SCORE30_NIKKEION_TP4.0_SL1.0_H1,VALIDATION,2022-12-09,1605.T,WIN,8.808198355718522,1,1.3832846364679428,False,-0.8940106944303805,17.745321578699027,-9.241547871791555,-0.0531960665596382,1.3205778711055436,2.2270495889296305,1.3881681707997269,34.26191314652557
UP30_SCORE30_NIKKEION_TP4.0_SL1.0_H1,VALIDATION,2022-12-12,7453.T,HOLD,5.168993152993251,1,7.785745537710707,False,0.6688510049293495,23.26400560168437,2.5965432538196165,0.0730793230628874,1.71096128417233,2.3300665706892305,1.800916419691897,67.18226053707386
UP30_SCORE30_NIKKEION_TP4.0_SL1.0_H1,VALIDATION,2022-12-14,4183.T,WIN,7.405831632360161,1,4.047842666128099,False,1.735151101832666,33.47960405091145,1.4353983141801807,0.0171772644233658,1.467974580070142,1.8764579080900419,1.530005084442979,66.28826055987322
UP30_SCORE30_NIKKEION_TP4.0_SL1.0_H1,VALIDATION,2022-12-15,5803.T,HOLD,7.095558669756919,1,12.463364993046987,False,4.045411099573748,27.54188408217238,1.6710683760046807,0.0610497321030985,1.23869204673954,3.026494906484123,1.3570608199661895,66.5231637345376
UP30_SCORE30_NIKKEION_TP4.0_SL1.0_H1,VALIDATION,2023-01-04,8306.T,LOSS,-2.5587527687580547,1,9.942721833814636,False,4.004071511887508,53.97241962566525,3.140323074040752,0.0772790598147473,1.5402472630176538,2.5207313198785037,1.7562880669658096,80.2377668052138
UP30_SCORE30_NIKKEION_TP4.0_SL1.0_H1,VALIDATION,2023-01-10,8306.T,LOSS,-2.6428098648574094,1,11.168476859444912,False,3.7567415977903806,53.3374668171745,-3.552148419021073,0.0102480136578335,0.6960690082106086,2.6091557342575955,0.7399519584810441,67.124779054125
UP30_SCORE30_NIKKEION_TP4.0_SL1.0_H1,VALIDATION,2023-01-11,3382.T,LOSS,-1.7895410481692742,1,-0.342018630134584,True,0.0643002033458461,11.064368921038149,0.1567953069600225,0.002254167969536,1.330397347716364,1.7185771139539858,1.7491209180835523,59.8589561169827
UP30_SCORE30_NIKKEION_TP4.0_SL1.0_H1,VALIDATION,2023-01-12,8795.T,LOSS,-2.7453695800282008,1,13.347418043336852,False,3.631370741500861,41.89053345181456,1.373349552942793,-0.0147676883364578,1.2388590074410453,2.7172509089875936,1.5983048518463,71.32842362367616
UP30_SCORE30_NIKKEION_TP4.0_SL1.0_H1,VALIDATION,2023-01-13,9101.T,LOSS,-2.8212090004889,1,8.432275775259813,False,0.0226082431078467,23.78444107266994,-5.357685487463915,0.0504641355467856,0.8072282660539424,2.7973302017112607,0.6535182892279281,51.06914415189403
UP30_SCORE30_NIKKEION_TP4.0_SL1.0_H1,VALIDATION,2023-01-17,8304.T,LOSS,-1.9467528617879926,1,1.5180680908893067,False,1.0887323265154736,29.739522415801503,-3.353980520298649,0.0273378625270058,0.7193841847445767,1.8814995077926906,0.7796521901805284,56.275925104326
UP30_SCORE30_NIKKEION_TP4.0_SL1.0_H1,VALIDATION,2023-02-24,9107.T,WIN,11.605946284777014,1,9.446404148371524,False,4.09844994706916,43.4164883645031,1.0370470060754755,0.0191426801055223,1.190554996700955,2.9264865711942534,1.0778453082226491,71.89668183793219
UP30_SCORE30_NIKKEION_TP4.0_SL1.0_H1,VALIDATION,2023-03-01,5406.T,WIN,11.168328716414832,1,14.91716099759614,False,6.888477232737333,54.04595324073036,3.2292749761118733,0.0651599338858062,1.252977261833042,2.8170821791037097,1.4760421644722026,84.29291427976493
UP30_SCORE30_NIKKEION_TP4.0_SL1.0_H1,VALIDATION,2023-03-02,7532.T,HOLD,3.8475946283756834,1,2.311749896743116,False,1.110301730656027,23.028168592738364,-2.3219991254686434,0.0040066512595293,1.2480259842078736,2.4894896230590753,1.209647434940606,58.48457558086351
UP30_SCORE30_NIKKEION_TP4.0_SL1.0_H1,VALIDATION,2023-03-10,7532.T,HOLD,2.5956173520402026,1,3.57934608370132,False,1.880228685350693,28.13455632423358,-2.921340206282974,0.0131222127276182,1.491419817093107,2.5463457920216275,1.7096566069760155,58.657926704217566
UP30_SCORE30_NIKKEION_TP4.0_SL1.0_H1,VALIDATION,2023-03-22,9432.T,WIN,5.064884984967611,1,2.9886769743890587,False,0.7353999834895264,15.681016052641414,0.4470819300953277,0.0202850673358965,1.1697412593408478,1.2912212462419026,1.3366632783126184,63.96297916656753
UP30_SCORE30_NIKKEION_TP4.0_SL1.0_H1,VALIDATION,2023-03-23,2282.T,WIN,5.308156466981318,1,1.7935028429780078,False,0.8430250161032271,22.46676756670302,2.213557995259552,0.0245550521425392,1.4819834848611226,1.3520391167453294,1.6059746686702747,66.90274959696077
UP30_SCORE30_NIKKEION_TP4.0_SL1.0_H1,VALIDATION,2023-03-24,6723.T,HOLD,2.5769774427449987,1,21.077810898210828,False,2.4896742800021965,43.31982897965375,-4.3964883172957325,-0.0202395987154747,1.1259718314548754,3.1405859161334573,1.0754052744686402,57.82603205917243
UP30_SCORE30_NIKKEION_TP4.0_SL1.0_H1,VALIDATION,2023-03-27,6361.T,HOLD,6.739283324087009,1,8.015432590568775,False,0.7256587766140354,32.560408763507056,0.3372783188205552,0.0885154918963881,0.9994858611825193,2.521615739209733,1.401131572308912,62.16034027957021
UP30_SCORE30_NIKKEION_TP4.0_SL1.0_H1,VALIDATION,2023-03-28,5406.T,WIN,14.893240252881357,1,27.71121179146026,False,3.418661545644519,47.33339839088339,-9.545051328617529,-0.0041982856109186,0.8995679943658907,3.748310063220339,0.4577978948027875,58.09078371530008
UP30_SCORE30_NIKKEION_TP4.0_SL1.0_H1,VALIDATION,2023-03-29,6501.T,HOLD,5.231834133933145,1,1.0988968003756614,False,0.0979342932952764,16.39183530118584,0.7640034424433395,0.040399658979535,1.4440823297722165,2.0827135864235418,1.320943838763867,62.83061669805912
UP30_SCORE30_NIKKEION_TP4.0_SL1.0_H1,VALIDATION,2023-05-02,4062.T,HOLD,1.0139579242476215,1,4.013966551592089,False,1.802827796504003,20.67844708573587,9.00735727262434,0.1648387926054175,2.2486169616892635,3.1848252355601923,4.576523959366289,74.71698370331268
UP30_SCORE30_NIKKEION_TP4.0_SL1.0_H1,VALIDATION,2023-05-08,4062.T,HOLD,5.527817301031235,1,4.5676056091174,False,2.5347224805395863,23.10031811179641,-1.0118074056056026,0.1743182992262808,0.7399843511094202,3.210063097006962,1.5313197485061518,71.9754167058368
UP30_SCORE30_NIKKEION_TP4.0_SL1.0_H1,VALIDATION,2023-06-23,9432.T,WIN,5.924094680342463,1,1.1363365080353516,False,-0.2749633970042797,11.371284216097926,-0.4109173678928934,0.0364913154366119,1.114048707553409,1.5060236700856175,1.0082536774631734,53.32269300141883
UP30_SCORE30_NIKKEION_TP4.0_SL1.0_H1,VALIDATION,2023-07-14,3697.T,HOLD,2.6352689429760656,1,4.414202111466844,False,0.9825434478655692,14.066035777668535,11.423477609773958,0.2445951797241883,3.1735855666491504,3.664836270819342,5.869603952377096,73.90035206959334
UP30_SCORE30_NIKKEION_TP4.0_SL1.0_H1,VALIDATION,2023-07-18,3697.T,HOLD,3.523970101615148,1,4.9953295049275175,False,2.044955701868667,17.111553296105495,2.299582343674889,0.2528169654791361,1.6606525716609066,3.758092130501045,3.6132920490987503,75.56989565836771
UP30_SCORE30_NIKKEION_TP4.0_SL1.0_H1,VALIDATION,2023-07-19,3697.T,TIMEOUT_LOSS,-2.2265375704661805,1,5.567456335180463,False,3.178951129004992,20.179742269010724,3.184516937369808,0.2654910535496504,1.1688741037667625,3.7680333712417116,2.7744672503003995,77.74209892609204
UP30_SCORE30_NIKKEION_TP4.0_SL1.0_H1,VALIDATION,2023-07-20,9107.T,WIN,14.006070099017409,1,7.365756579489273,False,4.617551222256289,40.456823312574784,0.6164097608000185,0.0938839039136021,1.2425910903490696,3.5265175247543543,1.297700012415697,75.59799884044793
UP30_SCORE30_NIKKEION_TP4.0_SL1.0_H1,VALIDATION,2023-07-24,8304.T,WIN,4.646462184734912,1,5.965186154094392,False,1.4953254814182193,46.50894890976158,-0.1436610728448251,0.0052203232234606,0.9984152139461172,1.186615546183726,0.9270053085895136,73.84824848778555
UP30_SCORE30_NIKKEION_TP4.0_SL1.0_H1,VALIDATION,2023-07-25,9107.T,WIN,13.424120072605417,1,9.426236891350596,False,5.728474038906661,43.95468824272265,0.4712471779455551,0.0685211820160593,0.7454517534288647,3.381030018151354,0.7193571847781792,73.09781851674379
UP30_SCORE30_NIKKEION_TP4.0_SL1.0_H1,VALIDATION,2023-07-27,3697.T,TIMEOUT_LOSS,-0.7186061325326508,1,6.924157184283334,False,3.259052026362852,29.05887576099701,-1.0892575373501412,0.002571187096052,0.7087931439305001,3.531479074970112,0.5298027773512055,71.0424364651647
UP30_SCORE30_NIKKEION_TP4.0_SL1.0_H1,VALIDATION,2023-08-02,2871.T,WIN,6.0627349642954025,1,3.8189108712657336,False,0.7242951919965934,34.654865155400365,-0.3352535094952369,0.0165360395766838,1.8527815891231132,1.5406837410738485,2.5689084895259096,68.58018561012706
UP30_SCORE30_NIKKEION_TP4.0_SL1.0_H1,VALIDATION,2023-08-10,1605.T,HOLD,6.879169240044492,1,11.164981718369583,False,3.493592257604239,52.83446425483549,12.463460383201651,0.1554229117371919,2.79979946927813,2.9283910300581084,4.34619726101322,79.77015775754742
UP30_SCORE30_NIKKEION_TP4.0_SL1.0_H1,VALIDATION,2023-08-23,7261.T,WIN,10.508662911097277,1,5.953331285872705,False,1.9455717693589447,12.708498948693068,1.9993264348709736,0.0386591443652704,1.6638416589958922,2.652165727774321,1.5720263859369508,64.21075613369555
UP30_SCORE30_NIKKEION_TP4.0_SL1.0_H1,VALIDATION,2023-08-24,4062.T,LOSS,-3.593088741091144,1,6.80922560641553,False,-0.1925287628427585,15.369284537342974,1.0315239770017692,0.0820505230531885,2.3957283900866413,3.493088741091155,2.2102836747592667,63.32774287075412
UP30_SCORE30_NIKKEION_TP4.0_SL1.0_H1,VALIDATION,2023-08-25,3405.T,WIN,8.751136359044375,1,5.563676524694812,False,3.2152690771133585,33.8857711933423,0.5009277123760647,0.0383852602473304,1.6114387669128216,2.2127840897610955,1.4383193507789016,74.62114188384804
UP30_SCORE30_NIKKEION_TP4.0_SL1.0_H1,VALIDATION,2023-08-28,6113.T,WIN,8.383439084083,1,2.0495189820741966,False,1.2136642361419758,13.1843960890482,2.1775693976564536,0.045055261327477,1.8592336349121876,2.1208597710207515,1.5424862573680376,68.72876119221075
UP30_SCORE30_NIKKEION_TP4.0_SL1.0_H1,VALIDATION,2023-09-21,9501.T,HOLD,2.430923944535668,1,12.439084434745476,False,3.3705390033044846,55.35845466158926,3.1764129913268717,0.1079233947128065,1.2387773526238668,2.8613704298891873,1.684289366876984,77.03312199329181
UP30_SCORE30_NIKKEION_TP4.0_SL1.0_H1,VALIDATION,2023-09-25,9501.T,TIMEOUT_LOSS,-0.11415884285430603,1,12.88310819699138,False,3.374417007853281,58.02956451732003,-2.0940197056126486,0.0391210454202126,0.8268094745310657,2.9745042492917833,0.8797495788732139,69.48561231535493
UP30_SCORE30_NIKKEION_TP4.0_SL1.0_H1,VALIDATION,2023-09-26,8795.T,LOSS,-2.598671049358936,1,8.073776484220787,False,2.6441221533526127,40.65925639038708,0.3276185569456968,0.031178315543677,1.4798864527695812,2.562704607466282,1.5836332714471573,67.81712545659161
UP30_SCORE30_NIKKEION_TP4.0_SL1.0_H1,VALIDATION,2023-09-27,8697.T,LOSS,-2.075594545046533,1,3.3470779308842338,False,1.4497709058478805,32.77614038546648,3.4413909652475594,0.0834387115714591,1.6005725384357377,2.015410892703044,2.222029709001226,79.38085439124544
UP30_SCORE30_NIKKEION_TP4.0_SL1.0_H1,VALIDATION,2023-09-28,7211.T,LOSS,-2.7868180437806034,1,9.117007954978993,False,3.450040277711963,39.29149553083054,1.8863381236379428,0.0571909307090926,1.5897506486632105,2.7610011200634483,2.021996336198152,71.69805481165484
UP30_SCORE30_NIKKEION_TP4.0_SL1.0_H1,VALIDATION,2023-09-29,4519.T,LOSS,-2.446928996996245,1,5.059909895761967,False,0.93704686797198,28.12251682599573,0.1516356839443844,0.1048133624170686,1.5080802597375482,2.4033335284704487,2.628650714220726,65.25518100416157
UP30_SCORE30_NIKKEION_TP4.0_SL1.0_H1,VALIDATION,2023-10-05,2269.T,LOSS,-1.5982093299072075,1,5.667624576179167,False,0.1451186230179368,24.34501268351313,-1.262131078753559,0.0233988642222333,1.0088775203129705,1.5209970496121126,1.013320955136232,57.58098723507021
UP30_SCORE30_NIKKEION_TP4.0_SL1.0_H1,VALIDATION,2023-10-10,9107.T,LOSS,-3.625029196249774,1,15.933972418178186,False,1.9657485360281115,32.90204777315115,5.531622163232508,0.1134071461102983,1.3518507547182232,3.653827689070136,1.4354720499868414,67.38977612445666
UP30_SCORE30_NIKKEION_TP4.0_SL1.0_H1,VALIDATION,2023-10-11,9107.T,LOSS,-4.01935664188624,1,15.362860239972823,False,1.817783356617397,33.364067410548024,-6.101345299331939,0.0227167095357356,1.0926120652724227,4.079236467305844,1.229057736320596,55.98673825518541
UP30_SCORE30_NIKKEION_TP4.0_SL1.0_H1,VALIDATION,2023-10-18,7453.T,LOSS,-3.169829452539341,1,4.136507868839604,False,0.1223158978307381,22.63425020648197,3.166167693874544,0.1318619295282879,0.9600826348913224,3.16705256495576,1.773623917931742,67.49018008188494
UP30_SCORE30_NIKKEION_TP4.0_SL1.0_H1,VALIDATION,2023-10-20,6146.T,LOSS,-4.184819502409342,1,4.86039981790385,False,1.3515102489323416,14.912070979595237,-8.256885924341816,-0.0165392411775153,2.06778634855144,4.258783105258246,2.6872402350224203,49.996886216467445
UP30_SCORE30_NIKKEION_TP4.0_SL1.0_H1,VALIDATION,2023-10-23,6146.T,LOSS,-4.133144432597879,1,4.817619835452092,False,1.439467587139709,13.874446729497864,-6.37287494688662,0.0082183644223207,1.3655025933265694,4.202643098757367,1.9839982365684723,53.13269282156323
UP30_SCORE30_NIKKEION_TP4.0_SL1.0_H1,VALIDATION,2023-10-24,6762.T,LOSS,-2.51643032389427,1,4.1604519363736845,False,0.9948155952706816,17.151550373912308,-2.38955240864851,0.0110094748032077,1.2599746640825475,2.476267605207279,0.982404599244012,56.23701851890526
UP30_SCORE30_NIKKEION_TP4.0_SL1.0_H1,VALIDATION,2023-10-25,8354.T,LOSS,-2.629245405764913,1,7.543562389122455,False,0.2248247343790588,20.147436021905254,0.3421078714360925,0.0275245695155686,1.2498093252656737,2.594876192652884,1.1612895605596203,59.73818591868691
UP30_SCORE30_NIKKEION_TP4.0_SL1.0_H1,VALIDATION,2023-10-27,7453.T,LOSS,-2.9619415088255385,1,2.219489345986285,False,0.8191807321748623,23.100694441319646,1.448541445823448,0.0410464872483673,1.0020694881660257,2.9462617981865042,0.7730977542858364,65.26072739948032
UP30_SCORE30_NIKKEION_TP4.0_SL1.0_H1,VALIDATION,2023-10-30,8354.T,LOSS,-2.7488412271219786,1,6.961966882938133,False,0.4635109606138554,20.183945473791084,-1.572169017049041,0.0235651555938773,2.242165378893315,2.7209139167020906,3.041452154524692,57.710746195913416
UP30_SCORE30_NIKKEION_TP4.0_SL1.0_H1,VALIDATION,2023-10-31,8354.T,LOSS,-2.778247518823007,1,6.990528763368678,False,0.7896743702185294,20.80181074330227,1.9845406507217331,0.061751516195736,1.2017489922798388,2.7519515941115085,1.8450726385902343,64.8150694647926
UP30_SCORE30_NIKKEION_TP4.0_SL1.0_H1,VALIDATION,2023-12-06,9501.T,HOLD,10.44913294797688,1,1.1578272175565565,False,0.4150857548883557,12.53495466131979,3.919503623521159,0.0978182408120953,2.777650370355735,2.9865125240847794,3.8960955408717135,65.11804068639108
UP30_SCORE30_NIKKEION_TP4.0_SL1.0_H1,VALIDATION,2023-12-12,9434.T,WIN,3.8564981738389625,1,3.666793621977835,False,1.29191483774298,40.13151817494092,-0.6322107278257882,0.0034921505240095,0.6726550999333534,0.9891245434597407,0.7436676511251774,69.58475793091037
UP30_SCORE30_NIKKEION_TP4.0_SL1.0_H1,VALIDATION,2023-12-20,4751.T,HOLD,4.377563165800658,1,3.2796344993330924,False,0.5968344014660953,15.889307443901632,-6.580945769099788,0.0432022766255002,0.7191332989209253,3.1244795018202653,0.4118260002949004,56.27814074644787
UP30_SCORE30_NIKKEION_TP4.0_SL1.0_H1,VALIDATION,2024-03-08,8331.T,WIN,10.194336414833705,1,5.405307907021086,False,2.693774385595749,36.25104127848698,0.9972018532308002,0.0155313857543469,1.357289321773241,2.573584103708426,1.6865697218534337,73.6374923996679
UP30_SCORE30_NIKKEION_TP4.0_SL1.0_H1,VALIDATION,2024-03-11,8309.T,WIN,9.7796709059245,1,5.456514832612866,False,1.8033243234927052,38.94777737859525,-2.829621941040217,0.0670779999091881,1.2557221617814778,2.469917726481123,1.5724905472866024,64.63927772022649
UP30_SCORE30_NIKKEION_TP4.0_SL1.0_H1,VALIDATION,2024-03-13,9502.T,WIN,9.352818067430947,1,0.3284805989638264,False,-0.3949155550553529,9.336203923379715,-0.4163332885228521,0.0416315849555858,1.3713123246439942,2.363204516857735,1.5435690298745686,53.35620076050401
UP30_SCORE30_NIKKEION_TP4.0_SL1.0_H1,VALIDATION,2024-03-14,8750.T,WIN,9.83825761176641,1,6.723172643826112,False,3.0553242124834457,28.73657296378135,-2.003808894791248,0.0074324154293817,0.7894672961852629,2.4845644029416025,0.7682347991053303,65.40246304310125
UP30_SCORE30_NIKKEION_TP4.0_SL1.0_H1,VALIDATION,2024-03-18,3289.T,WIN,10.456607692483834,1,3.1788561124538144,False,1.0067788984315262,36.8627274994429,2.9795236379785983,0.0993729974623696,1.2184818060410647,2.6391519231209566,1.515077338343676,70.79072631991961
UP30_SCORE30_NIKKEION_TP4.0_SL1.0_H1,VALIDATION,2024-03-19,8801.T,HOLD,8.495777150300976,1,9.773150047748146,False,2.115825121948145,32.446154882604525,5.3761017561049895,0.122181980734735,1.510534167150447,2.8278956009457774,2.033014039373544,75.61957057625732
UP30_SCORE30_NIKKEION_TP4.0_SL1.0_H1,VALIDATION,2024-04-09,2802.T,HOLD,2.084859200252953,1,-2.0396650901238145,True,0.1140152048729081,11.84818662713996,-0.1054377642351167,0.0248691679840129,0.9442094751373102,2.069009730016713,0.7392609115577428,57.09474121995388
UP30_SCORE30_NIKKEION_TP4.0_SL1.0_H1,VALIDATION,2024-04-10,6762.T,HOLD,4.404569372984535,1,1.7483349542660995,False,-0.7984789682288995,17.61370277586641,-1.2453024400790658,0.0196837125091595,0.8644640211555924,2.5918242589761054,0.6724433305554953,53.10534978918167
UP30_SCORE30_NIKKEION_TP4.0_SL1.0_H1,VALIDATION,2024-04-24,8306.T,HOLD,7.140239660000736,1,5.791235339906379,False,0.4467188060413019,17.604649912322607,0.4799929191379393,0.0388005802676905,0.8113443422931543,2.263652438436166,0.8313150105569843,58.02624765264058
UP30_SCORE30_NIKKEION_TP4.0_SL1.0_H1,VALIDATION,2024-04-26,6506.T,HOLD,7.5832116635503715,1,4.608123466613713,False,-0.2466751805144218,15.375926432937815,-3.6363626563306606,0.0401719323174898,0.7309661134065686,3.3302363521135803,0.5926472185540254,52.826725832596445
UP25_SCORE30_NIKKEION_TP4.0_SL1.0_H1,VALIDATION,2022-05-13,2501.T,LOSS,-2.2852357779900023,1,5.944871187551252,False,3.400604512726435,38.685878809615936,-0.3244343527760707,0.0267817779012543,1.333862563100472,2.2340551504373973,1.455429821541605,78.64119875658174
UP25_SCORE30_NIKKEION_TP4.0_SL1.0_H1,VALIDATION,2022-05-16,6301.T,LOSS,-3.1632717938697374,1,5.068992986471936,False,0.7836985691567211,15.798331855947607,-3.900932073936836,-0.0024932155918815,0.6914859348369753,3.1600734319770694,0.6245396225466924,57.77345937599581
UP25_SCORE30_NIKKEION_TP4.0_SL1.0_H1,VALIDATION,2022-05-17,5020.T,LOSS,-2.4595859520750274,1,1.760630250605687,False,1.405987367477768,19.07032630053753,3.1570597639297704,0.0728946497185125,1.0614395952093003,2.4166078924213226,1.7550698443476471,75.02798470985627
UP25_SCORE30_NIKKEION_TP4.0_SL1.0_H1,VALIDATION,2022-05-19,2501.T,LOSS,-2.3502619316515982,1,7.467256675485255,False,3.2599036571882234,37.80008010592002,-2.81183741478237,-0.0535223213251143,0.665694627967376,2.302064410728333,0.5957733125363183,64.63334214326557
UP25_SCORE30_NIKKEION_TP4.0_SL1.0_H1,VALIDATION,2022-06-10,5803.T,HOLD,8.026663916998123,1,18.524807642590567,False,6.702168884496307,43.39822829433884,-2.2248190983177096,0.0388881292514335,1.243466362599772,3.4588471392703823,1.0810864397269426,71.89716109124154
UP25_SCORE30_NIKKEION_TP4.0_SL1.0_H1,VALIDATION,2022-06-24,7211.T,HOLD,11.175615019526564,1,20.002268211229577,False,4.349113502823965,42.1196056280957,-8.606548698090188,0.0025616573777389,1.480431990860245,4.339395390652548,1.9367317893950209,57.01585206707608
UP25_SCORE30_NIKKEION_TP4.0_SL1.0_H1,VALIDATION,2022-06-27,2501.T,WIN,8.337913878233072,1,9.820015702889275,False,1.5644775018713195,43.76912496196353,0.2368803875811176,0.0039577750676822,1.6676743248690045,2.109478469558268,1.781581355293611,70.83940742006217
UP25_SCORE30_NIKKEION_TP4.0_SL1.0_H1,VALIDATION,2022-06-28,9501.T,HOLD,5.172727272727274,1,9.046096065256291,False,-0.1853194746595843,20.191556948575037,4.166666666666674,0.1471293143668663,2.302757482523177,3.818181818181817,2.373206083583625,67.66977151936806
UP25_SCORE30_NIKKEION_TP4.0_SL1.0_H1,VALIDATION,2022-06-29,9501.T,LOSS,-3.9572251007484183,1,8.88196224656258,False,0.6706528765352271,22.37396857143523,5.272727272727273,0.204249264353729,2.005658483470548,3.857225100748418,2.7880650383729697,72.51589607440937
UP25_SCORE30_NIKKEION_TP4.0_SL1.0_H1,VALIDATION,2022-06-30,9501.T,HOLD,2.016402116402116,1,8.69955156950672,False,1.466418212752152,24.51597202150592,-2.072538860103623,0.19025697032202,1.2002946002712256,4.115226337448563,2.0613896712206934,67.97537846674064
UP25_SCORE30_NIKKEION_TP4.0_SL1.0_H1,VALIDATION,2022-07-06,8802.T,LOSS,-2.4695165613517034,1,4.338542783129849,False,0.0396483235099331,14.52421361719226,-6.290094633502264,-0.0368998409685302,0.9555228627048876,2.4270253284577175,0.7764356411732268,42.7989646471958
UP25_SCORE30_NIKKEION_TP4.0_SL1.0_H1,VALIDATION,2022-07-07,8804.T,LOSS,-2.3564891360168927,1,0.0265934630896393,False,1.8073914631535404,23.4174748041781,0.84344269467298,0.019848201568192,1.172779728039382,2.308582038921199,1.0809252854327047,66.07021427242472
UP25_SCORE30_NIKKEION_TP4.0_SL1.0_H1,VALIDATION,2022-07-08,8804.T,LOSS,-2.3442071763351224,1,0.4282553834964402,False,2.048754876514192,24.50874722643819,0.8886574055018581,0.0080089640833866,1.4952237669705812,2.2957280704411014,1.4730094105462403,67.7674063851828
UP25_SCORE30_NIKKEION_TP4.0_SL1.0_H1,VALIDATION,2022-08-26,3402.T,WIN,7.4033022680537135,1,4.715826557188758,False,1.3227068499944927,23.326868980224702,2.1349419667568537,0.0451499048489812,2.120364579714173,1.87582556701343,1.8661862363859685,71.48351885781872
UP25_SCORE30_NIKKEION_TP4.0_SL1.0_H1,VALIDATION,2022-09-08,6963.T,WIN,10.483042605336978,1,3.389358493787343,False,1.450911551849754,17.181027533475167,1.1029514224850656,0.0575267132257677,1.5761652398423698,2.645760651334246,1.9134264834457844,63.69425087590122
UP25_SCORE30_NIKKEION_TP4.0_SL1.0_H1,VALIDATION,2022-09-09,8233.T,WIN,8.075196109081217,1,7.105545004350923,False,2.419994828977501,47.07602457680796,1.4067191098883436,0.0424264355421359,1.5726287733935918,2.043799027270306,2.0167180592190808,84.96763309537195
UP25_SCORE30_NIKKEION_TP4.0_SL1.0_H1,VALIDATION,2022-09-12,3099.T,HOLD,8.589121662137844,1,0.7190452600000207,False,2.762599012130851,32.50220295696049,4.701928889725493,0.0900232111163203,1.2789892584444156,2.54233766046678,1.6376233727228475,80.32291358388707
UP25_SCORE30_NIKKEION_TP4.0_SL1.0_H1,VALIDATION,2022-09-13,6762.T,HOLD,4.55946891217528,1,9.463813495840416,False,1.1505973027165384,23.741570665434217,3.5363485256876714,0.0267329113111032,1.529791393965503,2.3772466104535024,1.9478991951222084,70.83421513435317
UP25_SCORE30_NIKKEION_TP4.0_SL1.0_H1,VALIDATION,2022-09-14,6762.T,HOLD,8.90136156473954,1,9.479109815344067,False,1.1934819770905936,23.95264966470376,-3.605319642757554,0.0110704579108096,1.155304655862548,2.6442402550284143,1.5151809744067293,58.94862853932386
UP25_SCORE30_NIKKEION_TP4.0_SL1.0_H1,VALIDATION,2022-10-04,4502.T,WIN,6.521601945168077,1,0.1784752662705485,False,0.0923229281194926,12.91568892333423,1.3032940182379882,0.0434328521808546,1.4568342799069054,1.6554004862920173,1.980215777578708,61.542227510413
UP25_SCORE30_NIKKEION_TP4.0_SL1.0_H1,VALIDATION,2022-10-06,8031.T,LOSS,-2.2940204005170495,1,5.065407746825307,False,0.0837280115831173,18.889517197394643,1.2750327617096602,0.0227091221899091,0.809571229942505,2.243237488650074,0.8381690110706707,63.42700055474461
UP25_SCORE30_NIKKEION_TP4.0_SL1.0_H1,VALIDATION,2022-10-14,8252.T,LOSS,-2.4442579470050907,1,2.389445668348921,False,0.5022998885166441,13.699459371716976,1.0879489875212478,0.0305650495027016,1.5028310064366206,2.4005326238092,1.7893257501729267,61.433450449673664
UP25_SCORE30_NIKKEION_TP4.0_SL1.0_H1,VALIDATION,2022-10-17,9020.T,LOSS,-2.3816676285319693,1,6.136483812063122,False,2.379010135446391,30.3413445400842,0.5790447743810434,0.0552230149803631,0.6641383234980005,2.3349432733444404,0.7780152141950449,67.39867832806928
UP25_SCORE30_NIKKEION_TP4.0_SL1.0_H1,VALIDATION,2022-12-09,1605.T,WIN,8.808198355718522,1,1.3832846364679428,False,-0.8940106944303805,17.745321578699027,-9.241547871791555,-0.0531960665596382,1.3205778711055436,2.2270495889296305,1.3881681707997269,34.26191314652557
UP25_SCORE30_NIKKEION_TP4.0_SL1.0_H1,VALIDATION,2022-12-12,7453.T,HOLD,5.168993152993251,1,7.785745537710707,False,0.6688510049293495,23.26400560168437,2.5965432538196165,0.0730793230628874,1.71096128417233,2.3300665706892305,1.800916419691897,67.18226053707386
UP25_SCORE30_NIKKEION_TP4.0_SL1.0_H1,VALIDATION,2022-12-14,4183.T,WIN,7.405831632360161,1,4.047842666128099,False,1.735151101832666,33.47960405091145,1.4353983141801807,0.0171772644233658,1.467974580070142,1.8764579080900419,1.530005084442979,66.28826055987322
UP25_SCORE30_NIKKEION_TP4.0_SL1.0_H1,VALIDATION,2022-12-15,5803.T,HOLD,7.095558669756919,1,12.463364993046987,False,4.045411099573748,27.54188408217238,1.6710683760046807,0.0610497321030985,1.23869204673954,3.026494906484123,1.3570608199661895,66.5231637345376
UP25_SCORE30_NIKKEION_TP4.0_SL1.0_H1,VALIDATION,2023-01-04,8306.T,LOSS,-2.5587527687580547,1,9.942721833814636,False,4.004071511887508,53.97241962566525,3.140323074040752,0.0772790598147473,1.5402472630176538,2.5207313198785037,1.7562880669658096,80.2377668052138
UP25_SCORE30_NIKKEION_TP4.0_SL1.0_H1,VALIDATION,2023-01-10,8306.T,LOSS,-2.6428098648574094,1,11.168476859444912,False,3.7567415977903806,53.3374668171745,-3.552148419021073,0.0102480136578335,0.6960690082106086,2.6091557342575955,0.7399519584810441,67.124779054125
UP25_SCORE30_NIKKEION_TP4.0_SL1.0_H1,VALIDATION,2023-01-11,3382.T,LOSS,-1.7895410481692742,1,-0.342018630134584,True,0.0643002033458461,11.064368921038149,0.1567953069600225,0.002254167969536,1.330397347716364,1.7185771139539858,1.7491209180835523,59.8589561169827
UP25_SCORE30_NIKKEION_TP4.0_SL1.0_H1,VALIDATION,2023-01-12,8795.T,LOSS,-2.7453695800282008,1,13.347418043336852,False,3.631370741500861,41.89053345181456,1.373349552942793,-0.0147676883364578,1.2388590074410453,2.7172509089875936,1.5983048518463,71.32842362367616
UP25_SCORE30_NIKKEION_TP4.0_SL1.0_H1,VALIDATION,2023-01-13,9101.T,LOSS,-2.8212090004889,1,8.432275775259813,False,0.0226082431078467,23.78444107266994,-5.357685487463915,0.0504641355467856,0.8072282660539424,2.7973302017112607,0.6535182892279281,51.06914415189403
UP25_SCORE30_NIKKEION_TP4.0_SL1.0_H1,VALIDATION,2023-01-17,8304.T,LOSS,-1.9467528617879926,1,1.5180680908893067,False,1.0887323265154736,29.739522415801503,-3.353980520298649,0.0273378625270058,0.7193841847445767,1.8814995077926906,0.7796521901805284,56.275925104326
UP25_SCORE30_NIKKEION_TP4.0_SL1.0_H1,VALIDATION,2023-02-24,9107.T,WIN,11.605946284777014,1,9.446404148371524,False,4.09844994706916,43.4164883645031,1.0370470060754755,0.0191426801055223,1.190554996700955,2.9264865711942534,1.0778453082226491,71.89668183793219
UP25_SCORE30_NIKKEION_TP4.0_SL1.0_H1,VALIDATION,2023-03-01,5406.T,WIN,11.168328716414832,1,14.91716099759614,False,6.888477232737333,54.04595324073036,3.2292749761118733,0.0651599338858062,1.252977261833042,2.8170821791037097,1.4760421644722026,84.29291427976493
UP25_SCORE30_NIKKEION_TP4.0_SL1.0_H1,VALIDATION,2023-03-02,7532.T,HOLD,3.8475946283756834,1,2.311749896743116,False,1.110301730656027,23.028168592738364,-2.3219991254686434,0.0040066512595293,1.2480259842078736,2.4894896230590753,1.209647434940606,58.48457558086351
UP25_SCORE30_NIKKEION_TP4.0_SL1.0_H1,VALIDATION,2023-03-10,7532.T,HOLD,2.5956173520402026,1,3.57934608370132,False,1.880228685350693,28.13455632423358,-2.921340206282974,0.0131222127276182,1.491419817093107,2.5463457920216275,1.7096566069760155,58.657926704217566
UP25_SCORE30_NIKKEION_TP4.0_SL1.0_H1,VALIDATION,2023-03-22,9432.T,WIN,5.064884984967611,1,2.9886769743890587,False,0.7353999834895264,15.681016052641414,0.4470819300953277,0.0202850673358965,1.1697412593408478,1.2912212462419026,1.3366632783126184,63.96297916656753
UP25_SCORE30_NIKKEION_TP4.0_SL1.0_H1,VALIDATION,2023-03-23,2282.T,WIN,5.308156466981318,1,1.7935028429780078,False,0.8430250161032271,22.46676756670302,2.213557995259552,0.0245550521425392,1.4819834848611226,1.3520391167453294,1.6059746686702747,66.90274959696077
UP25_SCORE30_NIKKEION_TP4.0_SL1.0_H1,VALIDATION,2023-03-24,6723.T,HOLD,2.5769774427449987,1,21.077810898210828,False,2.4896742800021965,43.31982897965375,-4.3964883172957325,-0.0202395987154747,1.1259718314548754,3.1405859161334573,1.0754052744686402,57.82603205917243
UP25_SCORE30_NIKKEION_TP4.0_SL1.0_H1,VALIDATION,2023-03-27,6361.T,HOLD,6.739283324087009,1,8.015432590568775,False,0.7256587766140354,32.560408763507056,0.3372783188205552,0.0885154918963881,0.9994858611825193,2.521615739209733,1.401131572308912,62.16034027957021
UP25_SCORE30_NIKKEION_TP4.0_SL1.0_H1,VALIDATION,2023-03-28,5406.T,WIN,14.893240252881357,1,27.71121179146026,False,3.418661545644519,47.33339839088339,-9.545051328617529,-0.0041982856109186,0.8995679943658907,3.748310063220339,0.4577978948027875,58.09078371530008
UP25_SCORE30_NIKKEION_TP4.0_SL1.0_H1,VALIDATION,2023-03-29,6501.T,HOLD,5.231834133933145,1,1.0988968003756614,False,0.0979342932952764,16.39183530118584,0.7640034424433395,0.040399658979535,1.4440823297722165,2.0827135864235418,1.320943838763867,62.83061669805912
UP25_SCORE30_NIKKEION_TP4.0_SL1.0_H1,VALIDATION,2023-05-02,4062.T,HOLD,1.0139579242476215,1,4.013966551592089,False,1.802827796504003,20.67844708573587,9.00735727262434,0.1648387926054175,2.2486169616892635,3.1848252355601923,4.576523959366289,74.71698370331268
UP25_SCORE30_NIKKEION_TP4.0_SL1.0_H1,VALIDATION,2023-05-08,4062.T,HOLD,5.527817301031235,1,4.5676056091174,False,2.5347224805395863,23.10031811179641,-1.0118074056056026,0.1743182992262808,0.7399843511094202,3.210063097006962,1.5313197485061518,71.9754167058368
UP25_SCORE30_NIKKEION_TP4.0_SL1.0_H1,VALIDATION,2023-06-23,9432.T,WIN,5.924094680342463,1,1.1363365080353516,False,-0.2749633970042797,11.371284216097926,-0.4109173678928934,0.0364913154366119,1.114048707553409,1.5060236700856175,1.0082536774631734,53.32269300141883
UP25_SCORE30_NIKKEION_TP4.0_SL1.0_H1,VALIDATION,2023-07-14,3697.T,HOLD,2.6352689429760656,1,4.414202111466844,False,0.9825434478655692,14.066035777668535,11.423477609773958,0.2445951797241883,3.1735855666491504,3.664836270819342,5.869603952377096,73.90035206959334
UP25_SCORE30_NIKKEION_TP4.0_SL1.0_H1,VALIDATION,2023-07-18,3697.T,HOLD,3.523970101615148,1,4.9953295049275175,False,2.044955701868667,17.111553296105495,2.299582343674889,0.2528169654791361,1.6606525716609066,3.758092130501045,3.6132920490987503,75.56989565836771
UP25_SCORE30_NIKKEION_TP4.0_SL1.0_H1,VALIDATION,2023-07-19,3697.T,TIMEOUT_LOSS,-2.2265375704661805,1,5.567456335180463,False,3.178951129004992,20.179742269010724,3.184516937369808,0.2654910535496504,1.1688741037667625,3.7680333712417116,2.7744672503003995,77.74209892609204
UP25_SCORE30_NIKKEION_TP4.0_SL1.0_H1,VALIDATION,2023-07-20,9107.T,WIN,14.006070099017409,1,7.365756579489273,False,4.617551222256289,40.456823312574784,0.6164097608000185,0.0938839039136021,1.2425910903490696,3.5265175247543543,1.297700012415697,75.59799884044793
UP25_SCORE30_NIKKEION_TP4.0_SL1.0_H1,VALIDATION,2023-07-24,8304.T,WIN,4.646462184734912,1,5.965186154094392,False,1.4953254814182193,46.50894890976158,-0.1436610728448251,0.0052203232234606,0.9984152139461172,1.186615546183726,0.9270053085895136,73.84824848778555
UP25_SCORE30_NIKKEION_TP4.0_SL1.0_H1,VALIDATION,2023-07-25,9107.T,WIN,13.424120072605417,1,9.426236891350596,False,5.728474038906661,43.95468824272265,0.4712471779455551,0.0685211820160593,0.7454517534288647,3.381030018151354,0.7193571847781792,73.09781851674379
UP25_SCORE30_NIKKEION_TP4.0_SL1.0_H1,VALIDATION,2023-07-27,3697.T,TIMEOUT_LOSS,-0.7186061325326508,1,6.924157184283334,False,3.259052026362852,29.05887576099701,-1.0892575373501412,0.002571187096052,0.7087931439305001,3.531479074970112,0.5298027773512055,71.0424364651647
UP25_SCORE30_NIKKEION_TP4.0_SL1.0_H1,VALIDATION,2023-08-02,2871.T,WIN,6.0627349642954025,1,3.8189108712657336,False,0.7242951919965934,34.654865155400365,-0.3352535094952369,0.0165360395766838,1.8527815891231132,1.5406837410738485,2.5689084895259096,68.58018561012706
UP25_SCORE30_NIKKEION_TP4.0_SL1.0_H1,VALIDATION,2023-08-10,1605.T,HOLD,6.879169240044492,1,11.164981718369583,False,3.493592257604239,52.83446425483549,12.463460383201651,0.1554229117371919,2.79979946927813,2.9283910300581084,4.34619726101322,79.77015775754742
UP25_SCORE30_NIKKEION_TP4.0_SL1.0_H1,VALIDATION,2023-08-23,7261.T,WIN,10.508662911097277,1,5.953331285872705,False,1.9455717693589447,12.708498948693068,1.9993264348709736,0.0386591443652704,1.6638416589958922,2.652165727774321,1.5720263859369508,64.21075613369555
UP25_SCORE30_NIKKEION_TP4.0_SL1.0_H1,VALIDATION,2023-08-24,4062.T,LOSS,-3.593088741091144,1,6.80922560641553,False,-0.1925287628427585,15.369284537342974,1.0315239770017692,0.0820505230531885,2.3957283900866413,3.493088741091155,2.2102836747592667,63.32774287075412
UP25_SCORE30_NIKKEION_TP4.0_SL1.0_H1,VALIDATION,2023-08-25,3405.T,WIN,8.751136359044375,1,5.563676524694812,False,3.2152690771133585,33.8857711933423,0.5009277123760647,0.0383852602473304,1.6114387669128216,2.2127840897610955,1.4383193507789016,74.62114188384804
UP25_SCORE30_NIKKEION_TP4.0_SL1.0_H1,VALIDATION,2023-08-28,6113.T,WIN,8.383439084083,1,2.0495189820741966,False,1.2136642361419758,13.1843960890482,2.1775693976564536,0.045055261327477,1.8592336349121876,2.1208597710207515,1.5424862573680376,68.72876119221075
UP25_SCORE30_NIKKEION_TP4.0_SL1.0_H1,VALIDATION,2023-09-21,9501.T,HOLD,2.430923944535668,1,12.439084434745476,False,3.3705390033044846,55.35845466158926,3.1764129913268717,0.1079233947128065,1.2387773526238668,2.8613704298891873,1.684289366876984,77.03312199329181
UP25_SCORE30_NIKKEION_TP4.0_SL1.0_H1,VALIDATION,2023-09-25,9501.T,TIMEOUT_LOSS,-0.11415884285430603,1,12.88310819699138,False,3.374417007853281,58.02956451732003,-2.0940197056126486,0.0391210454202126,0.8268094745310657,2.9745042492917833,0.8797495788732139,69.48561231535493
UP25_SCORE30_NIKKEION_TP4.0_SL1.0_H1,VALIDATION,2023-09-26,8795.T,LOSS,-2.598671049358936,1,8.073776484220787,False,2.6441221533526127,40.65925639038708,0.3276185569456968,0.031178315543677,1.4798864527695812,2.562704607466282,1.5836332714471573,67.81712545659161
UP25_SCORE30_NIKKEION_TP4.0_SL1.0_H1,VALIDATION,2023-09-27,8697.T,LOSS,-2.075594545046533,1,3.3470779308842338,False,1.4497709058478805,32.77614038546648,3.4413909652475594,0.0834387115714591,1.6005725384357377,2.015410892703044,2.222029709001226,79.38085439124544
UP25_SCORE30_NIKKEION_TP4.0_SL1.0_H1,VALIDATION,2023-09-28,7211.T,LOSS,-2.7868180437806034,1,9.117007954978993,False,3.450040277711963,39.29149553083054,1.8863381236379428,0.0571909307090926,1.5897506486632105,2.7610011200634483,2.021996336198152,71.69805481165484
UP25_SCORE30_NIKKEION_TP4.0_SL1.0_H1,VALIDATION,2023-09-29,4519.T,LOSS,-2.446928996996245,1,5.059909895761967,False,0.93704686797198,28.12251682599573,0.1516356839443844,0.1048133624170686,1.5080802597375482,2.4033335284704487,2.628650714220726,65.25518100416157
UP25_SCORE30_NIKKEION_TP4.0_SL1.0_H1,VALIDATION,2023-10-05,2269.T,LOSS,-1.5982093299072075,1,5.667624576179167,False,0.1451186230179368,24.34501268351313,-1.262131078753559,0.0233988642222333,1.0088775203129705,1.5209970496121126,1.013320955136232,57.58098723507021
UP25_SCORE30_NIKKEION_TP4.0_SL1.0_H1,VALIDATION,2023-10-10,9107.T,LOSS,-3.625029196249774,1,15.933972418178186,False,1.9657485360281115,32.90204777315115,5.531622163232508,0.1134071461102983,1.3518507547182232,3.653827689070136,1.4354720499868414,67.38977612445666
UP25_SCORE30_NIKKEION_TP4.0_SL1.0_H1,VALIDATION,2023-10-11,9107.T,LOSS,-4.01935664188624,1,15.362860239972823,False,1.817783356617397,33.364067410548024,-6.101345299331939,0.0227167095357356,1.0926120652724227,4.079236467305844,1.229057736320596,55.98673825518541
UP25_SCORE30_NIKKEION_TP4.0_SL1.0_H1,VALIDATION,2023-10-18,7453.T,LOSS,-3.169829452539341,1,4.136507868839604,False,0.1223158978307381,22.63425020648197,3.166167693874544,0.1318619295282879,0.9600826348913224,3.16705256495576,1.773623917931742,67.49018008188494
UP25_SCORE30_NIKKEION_TP4.0_SL1.0_H1,VALIDATION,2023-10-20,6146.T,LOSS,-4.184819502409342,1,4.86039981790385,False,1.3515102489323416,14.912070979595237,-8.256885924341816,-0.0165392411775153,2.06778634855144,4.258783105258246,2.6872402350224203,49.996886216467445
UP25_SCORE30_NIKKEION_TP4.0_SL1.0_H1,VALIDATION,2023-10-23,6146.T,LOSS,-4.133144432597879,1,4.817619835452092,False,1.439467587139709,13.874446729497864,-6.37287494688662,0.0082183644223207,1.3655025933265694,4.202643098757367,1.9839982365684723,53.13269282156323
UP25_SCORE30_NIKKEION_TP4.0_SL1.0_H1,VALIDATION,2023-10-24,6762.T,LOSS,-2.51643032389427,1,4.1604519363736845,False,0.9948155952706816,17.151550373912308,-2.38955240864851,0.0110094748032077,1.2599746640825475,2.476267605207279,0.982404599244012,56.23701851890526
UP25_SCORE30_NIKKEION_TP4.0_SL1.0_H1,VALIDATION,2023-10-25,8354.T,LOSS,-2.629245405764913,1,7.543562389122455,False,0.2248247343790588,20.147436021905254,0.3421078714360925,0.0275245695155686,1.2498093252656737,2.594876192652884,1.1612895605596203,59.73818591868691
UP25_SCORE30_NIKKEION_TP4.0_SL1.0_H1,VALIDATION,2023-10-27,7453.T,LOSS,-2.9619415088255385,1,2.219489345986285,False,0.8191807321748623,23.100694441319646,1.448541445823448,0.0410464872483673,1.0020694881660257,2.9462617981865042,0.7730977542858364,65.26072739948032
UP25_SCORE30_NIKKEION_TP4.0_SL1.0_H1,VALIDATION,2023-10-30,8354.T,LOSS,-2.7488412271219786,1,6.961966882938133,False,0.4635109606138554,20.183945473791084,-1.572169017049041,0.0235651555938773,2.242165378893315,2.7209139167020906,3.041452154524692,57.710746195913416
UP25_SCORE30_NIKKEION_TP4.0_SL1.0_H1,VALIDATION,2023-10-31,8354.T,LOSS,-2.778247518823007,1,6.990528763368678,False,0.7896743702185294,20.80181074330227,1.9845406507217331,0.061751516195736,1.2017489922798388,2.7519515941115085,1.8450726385902343,64.8150694647926
UP25_SCORE30_NIKKEION_TP4.0_SL1.0_H1,VALIDATION,2023-12-06,9501.T,HOLD,10.44913294797688,1,1.1578272175565565,False,0.4150857548883557,12.53495466131979,3.919503623521159,0.0978182408120953,2.777650370355735,2.9865125240847794,3.8960955408717135,65.11804068639108
UP25_SCORE30_NIKKEION_TP4.0_SL1.0_H1,VALIDATION,2023-12-12,9434.T,WIN,3.8564981738389625,1,3.666793621977835,False,1.29191483774298,40.13151817494092,-0.6322107278257882,0.0034921505240095,0.6726550999333534,0.9891245434597407,0.7436676511251774,69.58475793091037
UP25_SCORE30_NIKKEION_TP4.0_SL1.0_H1,VALIDATION,2023-12-20,4751.T,HOLD,4.377563165800658,1,3.2796344993330924,False,0.5968344014660953,15.889307443901632,-6.580945769099788,0.0432022766255002,0.7191332989209253,3.1244795018202653,0.4118260002949004,56.27814074644787
UP25_SCORE30_NIKKEION_TP4.0_SL1.0_H1,VALIDATION,2024-03-08,8331.T,WIN,10.194336414833705,1,5.405307907021086,False,2.693774385595749,36.25104127848698,0.9972018532308002,0.0155313857543469,1.357289321773241,2.573584103708426,1.6865697218534337,73.6374923996679
UP25_SCORE30_NIKKEION_TP4.0_SL1.0_H1,VALIDATION,2024-03-11,8309.T,WIN,9.7796709059245,1,5.456514832612866,False,1.8033243234927052,38.94777737859525,-2.829621941040217,0.0670779999091881,1.2557221617814778,2.469917726481123,1.5724905472866024,64.63927772022649
UP25_SCORE30_NIKKEION_TP4.0_SL1.0_H1,VALIDATION,2024-03-13,9502.T,WIN,9.352818067430947,1,0.3284805989638264,False,-0.3949155550553529,9.336203923379715,-0.4163332885228521,0.0416315849555858,1.3713123246439942,2.363204516857735,1.5435690298745686,53.35620076050401
UP25_SCORE30_NIKKEION_TP4.0_SL1.0_H1,VALIDATION,2024-03-14,8750.T,WIN,9.83825761176641,1,6.723172643826112,False,3.0553242124834457,28.73657296378135,-2.003808894791248,0.0074324154293817,0.7894672961852629,2.4845644029416025,0.7682347991053303,65.40246304310125
UP25_SCORE30_NIKKEION_TP4.0_SL1.0_H1,VALIDATION,2024-03-18,3289.T,WIN,10.456607692483834,1,3.1788561124538144,False,1.0067788984315262,36.8627274994429,2.9795236379785983,0.0993729974623696,1.2184818060410647,2.6391519231209566,1.515077338343676,70.79072631991961
UP25_SCORE30_NIKKEION_TP4.0_SL1.0_H1,VALIDATION,2024-03-19,8801.T,HOLD,8.495777150300976,1,9.773150047748146,False,2.115825121948145,32.446154882604525,5.3761017561049895,0.122181980734735,1.510534167150447,2.8278956009457774,2.033014039373544,75.61957057625732
UP25_SCORE30_NIKKEION_TP4.0_SL1.0_H1,VALIDATION,2024-04-09,2802.T,HOLD,2.084859200252953,1,-2.0396650901238145,True,0.1140152048729081,11.84818662713996,-0.1054377642351167,0.0248691679840129,0.9442094751373102,2.069009730016713,0.7392609115577428,57.09474121995388
UP25_SCORE30_NIKKEION_TP4.0_SL1.0_H1,VALIDATION,2024-04-10,6762.T,HOLD,4.404569372984535,1,1.7483349542660995,False,-0.7984789682288995,17.61370277586641,-1.2453024400790658,0.0196837125091595,0.8644640211555924,2.5918242589761054,0.6724433305554953,53.10534978918167
UP25_SCORE30_NIKKEION_TP4.0_SL1.0_H1,VALIDATION,2024-04-24,8306.T,HOLD,7.140239660000736,1,5.791235339906379,False,0.4467188060413019,17.604649912322607,0.4799929191379393,0.0388005802676905,0.8113443422931543,2.263652438436166,0.8313150105569843,58.02624765264058
UP25_SCORE30_NIKKEION_TP4.0_SL1.0_H1,VALIDATION,2024-04-26,6506.T,HOLD,7.5832116635503715,1,4.608123466613713,False,-0.2466751805144218,15.375926432937815,-3.6363626563306606,0.0401719323174898,0.7309661134065686,3.3302363521135803,0.5926472185540254,52.826725832596445
UP25_SCORE70_NIKKEION_TP3.5_SL1.0_H1,VALIDATION,2022-05-13,2501.T,LOSS,-2.2852357779900023,1,5.944871187551252,False,3.400604512726435,38.685878809615936,-0.3244343527760707,0.0267817779012543,1.333862563100472,2.2340551504373973,1.455429821541605,78.64119875658174
UP25_SCORE70_NIKKEION_TP3.5_SL1.0_H1,VALIDATION,2022-05-16,9531.T,LOSS,-2.5482469743246527,1,2.5034930380954985,False,2.918378221747409,35.99524805652664,0.0770927134631671,0.0268486183782619,0.6259226454089164,2.5096903934471575,0.7872520745924935,72.12547021118274
UP25_SCORE70_NIKKEION_TP3.5_SL1.0_H1,VALIDATION,2022-05-17,5020.T,LOSS,-2.4595859520750274,1,1.760630250605687,False,1.405987367477768,19.07032630053753,3.1570597639297704,0.0728946497185125,1.0614395952093003,2.4166078924213226,1.7550698443476471,75.02798470985627
UP25_SCORE70_NIKKEION_TP3.5_SL1.0_H1,VALIDATION,2022-06-10,5803.T,HOLD,8.026663916998123,1,18.524807642590567,False,6.702168884496307,43.39822829433884,-2.2248190983177096,0.0388881292514335,1.243466362599772,3.4588471392703823,1.0810864397269426,71.89716109124154
UP25_SCORE70_NIKKEION_TP3.5_SL1.0_H1,VALIDATION,2022-06-24,7211.T,HOLD,11.175615019526564,1,20.002268211229577,False,4.349113502823965,42.1196056280957,-8.606548698090188,0.0025616573777389,1.480431990860245,4.339395390652548,1.9367317893950209,57.01585206707608
UP25_SCORE70_NIKKEION_TP3.5_SL1.0_H1,VALIDATION,2022-06-27,2501.T,WIN,7.283174643453927,1,9.820015702889275,False,1.5644775018713195,43.76912496196353,0.2368803875811176,0.0039577750676822,1.6676743248690045,2.109478469558268,1.781581355293611,70.83940742006217
UP25_SCORE70_NIKKEION_TP3.5_SL1.0_H1,VALIDATION,2022-06-28,9501.T,HOLD,5.172727272727274,1,9.046096065256291,False,-0.1853194746595843,20.191556948575037,4.166666666666674,0.1471293143668663,2.302757482523177,3.818181818181817,2.373206083583625,67.66977151936806
UP25_SCORE70_NIKKEION_TP3.5_SL1.0_H1,VALIDATION,2022-06-29,9501.T,LOSS,-3.9572251007484183,1,8.88196224656258,False,0.6706528765352271,22.37396857143523,5.272727272727273,0.204249264353729,2.005658483470548,3.857225100748418,2.7880650383729697,72.51589607440937
UP25_SCORE70_NIKKEION_TP3.5_SL1.0_H1,VALIDATION,2022-06-30,9501.T,HOLD,2.016402116402116,1,8.69955156950672,False,1.466418212752152,24.51597202150592,-2.072538860103623,0.19025697032202,1.2002946002712256,4.115226337448563,2.0613896712206934,67.97537846674064
UP25_SCORE70_NIKKEION_TP3.5_SL1.0_H1,VALIDATION,2022-07-07,8804.T,LOSS,-2.3564891360168927,1,0.0265934630896393,False,1.8073914631535404,23.4174748041781,0.84344269467298,0.019848201568192,1.172779728039382,2.308582038921199,1.0809252854327047,66.07021427242472
UP25_SCORE70_NIKKEION_TP3.5_SL1.0_H1,VALIDATION,2022-07-08,8804.T,LOSS,-2.3442071763351224,1,0.4282553834964402,False,2.048754876514192,24.50874722643819,0.8886574055018581,0.0080089640833866,1.4952237669705812,2.2957280704411014,1.4730094105462403,67.7674063851828
UP25_SCORE70_NIKKEION_TP3.5_SL1.0_H1,VALIDATION,2022-08-26,3402.T,WIN,6.465389484547013,1,4.715826557188758,False,1.3227068499944927,23.326868980224702,2.1349419667568537,0.0451499048489812,2.120364579714173,1.87582556701343,1.8661862363859685,71.48351885781872
UP25_SCORE70_NIKKEION_TP3.5_SL1.0_H1,VALIDATION,2022-09-08,6963.T,WIN,9.16016227966986,1,3.389358493787343,False,1.450911551849754,17.181027533475167,1.1029514224850656,0.0575267132257677,1.5761652398423698,2.645760651334246,1.9134264834457844,63.69425087590122
UP25_SCORE70_NIKKEION_TP3.5_SL1.0_H1,VALIDATION,2022-09-09,8233.T,WIN,7.05329659544608,1,7.105545004350923,False,2.419994828977501,47.07602457680796,1.4067191098883436,0.0424264355421359,1.5726287733935918,2.043799027270306,2.0167180592190808,84.96763309537195
UP25_SCORE70_NIKKEION_TP3.5_SL1.0_H1,VALIDATION,2022-09-12,3099.T,WIN,8.798181811633732,1,0.7190452600000207,False,2.762599012130851,32.50220295696049,4.701928889725493,0.0900232111163203,1.2789892584444156,2.54233766046678,1.6376233727228475,80.32291358388707
UP25_SCORE70_NIKKEION_TP3.5_SL1.0_H1,VALIDATION,2022-09-13,6762.T,HOLD,4.55946891217528,1,9.463813495840416,False,1.1505973027165384,23.741570665434217,3.5363485256876714,0.0267329113111032,1.529791393965503,2.3772466104535024,1.9478991951222084,70.83421513435317
UP25_SCORE70_NIKKEION_TP3.5_SL1.0_H1,VALIDATION,2022-09-14,6762.T,WIN,9.154840892599447,1,9.479109815344067,False,1.1934819770905936,23.95264966470376,-3.605319642757554,0.0110704579108096,1.155304655862548,2.6442402550284143,1.5151809744067293,58.94862853932386
UP25_SCORE70_NIKKEION_TP3.5_SL1.0_H1,VALIDATION,2022-10-04,4502.T,WIN,5.693901702022053,1,0.1784752662705485,False,0.0923229281194926,12.91568892333423,1.3032940182379882,0.0434328521808546,1.4568342799069054,1.6554004862920173,1.980215777578708,61.542227510413
UP25_SCORE70_NIKKEION_TP3.5_SL1.0_H1,VALIDATION,2022-10-06,8031.T,LOSS,-2.2940204005170495,1,5.065407746825307,False,0.0837280115831173,18.889517197394643,1.2750327617096602,0.0227091221899091,0.809571229942505,2.243237488650074,0.8381690110706707,63.42700055474461
UP25_SCORE70_NIKKEION_TP3.5_SL1.0_H1,VALIDATION,2022-10-14,8252.T,LOSS,-2.4442579470050907,1,2.389445668348921,False,0.5022998885166441,13.699459371716976,1.0879489875212478,0.0305650495027016,1.5028310064366206,2.4005326238092,1.7893257501729267,61.433450449673664
UP25_SCORE70_NIKKEION_TP3.5_SL1.0_H1,VALIDATION,2022-12-12,7453.T,HOLD,5.168993152993251,1,7.785745537710707,False,0.6688510049293495,23.26400560168437,2.5965432538196165,0.0730793230628874,1.71096128417233,2.3300665706892305,1.800916419691897,67.18226053707386
UP25_SCORE70_NIKKEION_TP3.5_SL1.0_H1,VALIDATION,2022-12-14,4183.T,WIN,6.467602678315155,1,4.047842666128099,False,1.735151101832666,33.47960405091145,1.4353983141801807,0.0171772644233658,1.467974580070142,1.8764579080900419,1.530005084442979,66.28826055987322
UP25_SCORE70_NIKKEION_TP3.5_SL1.0_H1,VALIDATION,2023-01-04,8306.T,LOSS,-2.5587527687580547,1,9.942721833814636,False,4.004071511887508,53.97241962566525,3.140323074040752,0.0772790598147473,1.5402472630176538,2.5207313198785037,1.7562880669658096,80.2377668052138
UP25_SCORE70_NIKKEION_TP3.5_SL1.0_H1,VALIDATION,2023-01-11,3382.T,LOSS,-1.7895410481692742,1,-0.342018630134584,True,0.0643002033458461,11.064368921038149,0.1567953069600225,0.002254167969536,1.330397347716364,1.7185771139539858,1.7491209180835523,59.8589561169827
UP25_SCORE70_NIKKEION_TP3.5_SL1.0_H1,VALIDATION,2023-01-12,8795.T,LOSS,-2.7453695800282008,1,13.347418043336852,False,3.631370741500861,41.89053345181456,1.373349552942793,-0.0147676883364578,1.2388590074410453,2.7172509089875936,1.5983048518463,71.32842362367616
UP25_SCORE70_NIKKEION_TP3.5_SL1.0_H1,VALIDATION,2023-02-24,9107.T,WIN,10.142702999179887,1,9.446404148371524,False,4.09844994706916,43.4164883645031,1.0370470060754755,0.0191426801055223,1.190554996700955,2.9264865711942534,1.0778453082226491,71.89668183793219
UP25_SCORE70_NIKKEION_TP3.5_SL1.0_H1,VALIDATION,2023-03-01,5406.T,WIN,9.759787626862993,1,14.91716099759614,False,6.888477232737333,54.04595324073036,3.2292749761118733,0.0651599338858062,1.252977261833042,2.8170821791037097,1.4760421644722026,84.29291427976493
UP25_SCORE70_NIKKEION_TP3.5_SL1.0_H1,VALIDATION,2023-03-02,7532.T,HOLD,3.8475946283756834,1,2.311749896743116,False,1.110301730656027,23.028168592738364,-2.3219991254686434,0.0040066512595293,1.2480259842078736,2.4894896230590753,1.209647434940606,58.48457558086351
UP25_SCORE70_NIKKEION_TP3.5_SL1.0_H1,VALIDATION,2023-03-10,7532.T,HOLD,2.5956173520402026,1,3.57934608370132,False,1.880228685350693,28.13455632423358,-2.921340206282974,0.0131222127276182,1.491419817093107,2.5463457920216275,1.7096566069760155,58.657926704217566
UP25_SCORE70_NIKKEION_TP3.5_SL1.0_H1,VALIDATION,2023-03-22,9432.T,WIN,4.419274361846648,1,2.9886769743890587,False,0.7353999834895264,15.681016052641414,0.4470819300953277,0.0202850673358965,1.1697412593408478,1.2912212462419026,1.3366632783126184,63.96297916656753
UP25_SCORE70_NIKKEION_TP3.5_SL1.0_H1,VALIDATION,2023-03-23,2282.T,WIN,4.632136908608653,1,1.7935028429780078,False,0.8430250161032271,22.46676756670302,2.213557995259552,0.0245550521425392,1.4819834848611226,1.3520391167453294,1.6059746686702747,66.90274959696077
UP25_SCORE70_NIKKEION_TP3.5_SL1.0_H1,VALIDATION,2023-03-29,6501.T,HOLD,5.231834133933145,1,1.0988968003756614,False,0.0979342932952764,16.39183530118584,0.7640034424433395,0.040399658979535,1.4440823297722165,2.0827135864235418,1.320943838763867,62.83061669805912
UP25_SCORE70_NIKKEION_TP3.5_SL1.0_H1,VALIDATION,2023-05-02,4062.T,HOLD,1.0139579242476215,1,4.013966551592089,False,1.802827796504003,20.67844708573587,9.00735727262434,0.1648387926054175,2.2486169616892635,3.1848252355601923,4.576523959366289,74.71698370331268
UP25_SCORE70_NIKKEION_TP3.5_SL1.0_H1,VALIDATION,2023-05-08,4062.T,HOLD,5.527817301031235,1,4.5676056091174,False,2.5347224805395863,23.10031811179641,-1.0118074056056026,0.1743182992262808,0.7399843511094202,3.210063097006962,1.5313197485061518,71.9754167058368
UP25_SCORE70_NIKKEION_TP3.5_SL1.0_H1,VALIDATION,2023-07-14,3697.T,HOLD,2.6352689429760656,1,4.414202111466844,False,0.9825434478655692,14.066035777668535,11.423477609773958,0.2445951797241883,3.1735855666491504,3.664836270819342,5.869603952377096,73.90035206959334
UP25_SCORE70_NIKKEION_TP3.5_SL1.0_H1,VALIDATION,2023-07-18,3697.T,HOLD,3.523970101615148,1,4.9953295049275175,False,2.044955701868667,17.111553296105495,2.299582343674889,0.2528169654791361,1.6606525716609066,3.758092130501045,3.6132920490987503,75.56989565836771
UP25_SCORE70_NIKKEION_TP3.5_SL1.0_H1,VALIDATION,2023-07-19,3697.T,TIMEOUT_LOSS,-2.2265375704661805,1,5.567456335180463,False,3.178951129004992,20.179742269010724,3.184516937369808,0.2654910535496504,1.1688741037667625,3.7680333712417116,2.7744672503003995,77.74209892609204
UP25_SCORE70_NIKKEION_TP3.5_SL1.0_H1,VALIDATION,2023-07-20,9107.T,WIN,12.242811336640235,1,7.365756579489273,False,4.617551222256289,40.456823312574784,0.6164097608000185,0.0938839039136021,1.2425910903490696,3.5265175247543543,1.297700012415697,75.59799884044793
UP25_SCORE70_NIKKEION_TP3.5_SL1.0_H1,VALIDATION,2023-07-24,8304.T,WIN,4.0531544116430345,1,5.965186154094392,False,1.4953254814182193,46.50894890976158,-0.1436610728448251,0.0052203232234606,0.9984152139461172,1.186615546183726,0.9270053085895136,73.84824848778555
UP25_SCORE70_NIKKEION_TP3.5_SL1.0_H1,VALIDATION,2023-07-25,9107.T,WIN,11.733605063529751,1,9.426236891350596,False,5.728474038906661,43.95468824272265,0.4712471779455551,0.0685211820160593,0.7454517534288647,3.381030018151354,0.7193571847781792,73.09781851674379
UP25_SCORE70_NIKKEION_TP3.5_SL1.0_H1,VALIDATION,2023-07-27,3697.T,TIMEOUT_LOSS,-0.7186061325326508,1,6.924157184283334,False,3.259052026362852,29.05887576099701,-1.0892575373501412,0.002571187096052,0.7087931439305001,3.531479074970112,0.5298027773512055,71.0424364651647
UP25_SCORE70_NIKKEION_TP3.5_SL1.0_H1,VALIDATION,2023-08-02,2871.T,WIN,5.292393093758474,1,3.8189108712657336,False,0.7242951919965934,34.654865155400365,-0.3352535094952369,0.0165360395766838,1.8527815891231132,1.5406837410738485,2.5689084895259096,68.58018561012706
UP25_SCORE70_NIKKEION_TP3.5_SL1.0_H1,VALIDATION,2023-08-10,1605.T,WIN,10.14936860520338,1,11.164981718369583,False,3.493592257604239,52.83446425483549,12.463460383201651,0.1554229117371919,2.79979946927813,2.9283910300581084,4.34619726101322,79.77015775754742
UP25_SCORE70_NIKKEION_TP3.5_SL1.0_H1,VALIDATION,2023-08-23,7261.T,WIN,9.182580047210122,1,5.953331285872705,False,1.9455717693589447,12.708498948693068,1.9993264348709736,0.0386591443652704,1.6638416589958922,2.652165727774321,1.5720263859369508,64.21075613369555
UP25_SCORE70_NIKKEION_TP3.5_SL1.0_H1,VALIDATION,2023-08-24,4062.T,LOSS,-3.593088741091144,1,6.80922560641553,False,-0.1925287628427585,15.369284537342974,1.0315239770017692,0.0820505230531885,2.3957283900866413,3.493088741091155,2.2102836747592667,63.32774287075412
UP25_SCORE70_NIKKEION_TP3.5_SL1.0_H1,VALIDATION,2023-08-25,3405.T,WIN,7.644744314163832,1,5.563676524694812,False,3.2152690771133585,33.8857711933423,0.5009277123760647,0.0383852602473304,1.6114387669128216,2.2127840897610955,1.4383193507789016,74.62114188384804
UP25_SCORE70_NIKKEION_TP3.5_SL1.0_H1,VALIDATION,2023-08-28,6113.T,WIN,7.323009198572639,1,2.0495189820741966,False,1.2136642361419758,13.1843960890482,2.1775693976564536,0.045055261327477,1.8592336349121876,2.1208597710207515,1.5424862573680376,68.72876119221075
UP25_SCORE70_NIKKEION_TP3.5_SL1.0_H1,VALIDATION,2023-09-21,9501.T,HOLD,2.430923944535668,1,12.439084434745476,False,3.3705390033044846,55.35845466158926,3.1764129913268717,0.1079233947128065,1.2387773526238668,2.8613704298891873,1.684289366876984,77.03312199329181
UP25_SCORE70_NIKKEION_TP3.5_SL1.0_H1,VALIDATION,2023-09-25,6724.T,LOSS,-1.9149314878120882,1,1.9559915809231725,False,1.1888741021515823,18.999088168220453,0.5744797730551587,0.0697933184223795,0.6486843807032923,1.8484801358434666,0.7463562635890907,67.74065809684637
UP25_SCORE70_NIKKEION_TP3.5_SL1.0_H1,VALIDATION,2023-09-26,8795.T,LOSS,-2.598671049358936,1,8.073776484220787,False,2.6441221533526127,40.65925639038708,0.3276185569456968,0.031178315543677,1.4798864527695812,2.562704607466282,1.5836332714471573,67.81712545659161
UP25_SCORE70_NIKKEION_TP3.5_SL1.0_H1,VALIDATION,2023-09-27,8697.T,LOSS,-2.075594545046533,1,3.3470779308842338,False,1.4497709058478805,32.77614038546648,3.4413909652475594,0.0834387115714591,1.6005725384357377,2.015410892703044,2.222029709001226,79.38085439124544
UP25_SCORE70_NIKKEION_TP3.5_SL1.0_H1,VALIDATION,2023-09-28,7211.T,LOSS,-2.7868180437806034,1,9.117007954978993,False,3.450040277711963,39.29149553083054,1.8863381236379428,0.0571909307090926,1.5897506486632105,2.7610011200634483,2.021996336198152,71.69805481165484
UP25_SCORE70_NIKKEION_TP3.5_SL1.0_H1,VALIDATION,2023-09-29,4519.T,LOSS,-2.446928996996245,1,5.059909895761967,False,0.93704686797198,28.12251682599573,0.1516356839443844,0.1048133624170686,1.5080802597375482,2.4033335284704487,2.628650714220726,65.25518100416157
UP25_SCORE70_NIKKEION_TP3.5_SL1.0_H1,VALIDATION,2023-10-10,9107.T,LOSS,-3.625029196249774,1,15.933972418178186,False,1.9657485360281115,32.90204777315115,5.531622163232508,0.1134071461102983,1.3518507547182232,3.653827689070136,1.4354720499868414,67.38977612445666
UP25_SCORE70_NIKKEION_TP3.5_SL1.0_H1,VALIDATION,2023-10-18,7453.T,LOSS,-3.169829452539341,1,4.136507868839604,False,0.1223158978307381,22.63425020648197,3.166167693874544,0.1318619295282879,0.9600826348913224,3.16705256495576,1.773623917931742,67.49018008188494
UP25_SCORE70_NIKKEION_TP3.5_SL1.0_H1,VALIDATION,2023-10-20,2501.T,LOSS,-1.973792269914465,1,13.549303533545825,False,1.2865739537807783,42.10627268358788,0.397069077036738,0.0451092945210227,1.6116698336191315,1.9095737145663187,1.7322540473225403,71.17290890964611
UP25_SCORE70_NIKKEION_TP3.5_SL1.0_H1,VALIDATION,2023-10-30,8354.T,LOSS,-2.7488412271219786,1,6.961966882938133,False,0.4635109606138554,20.183945473791084,-1.572169017049041,0.0235651555938773,2.242165378893315,2.7209139167020906,3.041452154524692,57.710746195913416
UP25_SCORE70_NIKKEION_TP3.5_SL1.0_H1,VALIDATION,2023-10-31,8354.T,LOSS,-2.778247518823007,1,6.990528763368678,False,0.7896743702185294,20.80181074330227,1.9845406507217331,0.061751516195736,1.2017489922798388,2.7519515941115085,1.8450726385902343,64.8150694647926
UP25_SCORE70_NIKKEION_TP3.5_SL1.0_H1,VALIDATION,2023-12-06,9501.T,WIN,10.352793834296737,1,1.1578272175565565,False,0.4150857548883557,12.53495466131979,3.919503623521159,0.0978182408120953,2.777650370355735,2.9865125240847794,3.8960955408717135,65.11804068639108
UP25_SCORE70_NIKKEION_TP3.5_SL1.0_H1,VALIDATION,2024-03-08,8331.T,WIN,8.90754436297948,1,5.405307907021086,False,2.693774385595749,36.25104127848698,0.9972018532308002,0.0155313857543469,1.357289321773241,2.573584103708426,1.6865697218534337,73.6374923996679
UP25_SCORE70_NIKKEION_TP3.5_SL1.0_H1,VALIDATION,2024-03-11,8309.T,WIN,8.544712042683933,1,5.456514832612866,False,1.8033243234927052,38.94777737859525,-2.829621941040217,0.0670779999091881,1.2557221617814778,2.469917726481123,1.5724905472866024,64.63927772022649
UP25_SCORE70_NIKKEION_TP3.5_SL1.0_H1,VALIDATION,2024-03-13,9502.T,WIN,8.171215809002076,1,0.3284805989638264,False,-0.3949155550553529,9.336203923379715,-0.4163332885228521,0.0416315849555858,1.3713123246439942,2.363204516857735,1.5435690298745686,53.35620076050401
UP25_SCORE70_NIKKEION_TP3.5_SL1.0_H1,VALIDATION,2024-03-18,3289.T,WIN,9.13703173092334,1,3.1788561124538144,False,1.0067788984315262,36.8627274994429,2.9795236379785983,0.0993729974623696,1.2184818060410647,2.6391519231209566,1.515077338343676,70.79072631991961
UP25_SCORE70_NIKKEION_TP3.5_SL1.0_H1,VALIDATION,2024-03-19,8801.T,HOLD,8.495777150300976,1,9.773150047748146,False,2.115825121948145,32.446154882604525,5.3761017561049895,0.122181980734735,1.510534167150447,2.8278956009457774,2.033014039373544,75.61957057625732
UP25_SCORE70_NIKKEION_TP3.5_SL1.0_H1,VALIDATION,2024-04-24,8306.T,WIN,7.822783534526579,1,5.791235339906379,False,0.4467188060413019,17.604649912322607,0.4799929191379393,0.0388005802676905,0.8113443422931543,2.263652438436166,0.8313150105569843,58.02624765264058
UP20_SCORE70_NIKKEION_TP3.5_SL1.0_H1,VALIDATION,2022-05-13,2501.T,LOSS,-2.2852357779900023,1,5.944871187551252,False,3.400604512726435,38.685878809615936,-0.3244343527760707,0.0267817779012543,1.333862563100472,2.2340551504373973,1.455429821541605,78.64119875658174
UP20_SCORE70_NIKKEION_TP3.5_SL1.0_H1,VALIDATION,2022-05-16,9531.T,LOSS,-2.5482469743246527,1,2.5034930380954985,False,2.918378221747409,35.99524805652664,0.0770927134631671,0.0268486183782619,0.6259226454089164,2.5096903934471575,0.7872520745924935,72.12547021118274
UP20_SCORE70_NIKKEION_TP3.5_SL1.0_H1,VALIDATION,2022-05-17,5020.T,LOSS,-2.4595859520750274,1,1.760630250605687,False,1.405987367477768,19.07032630053753,3.1570597639297704,0.0728946497185125,1.0614395952093003,2.4166078924213226,1.7550698443476471,75.02798470985627
UP20_SCORE70_NIKKEION_TP3.5_SL1.0_H1,VALIDATION,2022-06-10,5803.T,HOLD,8.026663916998123,1,18.524807642590567,False,6.702168884496307,43.39822829433884,-2.2248190983177096,0.0388881292514335,1.243466362599772,3.4588471392703823,1.0810864397269426,71.89716109124154
UP20_SCORE70_NIKKEION_TP3.5_SL1.0_H1,VALIDATION,2022-06-24,7211.T,HOLD,11.175615019526564,1,20.002268211229577,False,4.349113502823965,42.1196056280957,-8.606548698090188,0.0025616573777389,1.480431990860245,4.339395390652548,1.9367317893950209,57.01585206707608
UP20_SCORE70_NIKKEION_TP3.5_SL1.0_H1,VALIDATION,2022-06-27,2501.T,WIN,7.283174643453927,1,9.820015702889275,False,1.5644775018713195,43.76912496196353,0.2368803875811176,0.0039577750676822,1.6676743248690045,2.109478469558268,1.781581355293611,70.83940742006217
UP20_SCORE70_NIKKEION_TP3.5_SL1.0_H1,VALIDATION,2022-06-28,9501.T,HOLD,5.172727272727274,1,9.046096065256291,False,-0.1853194746595843,20.191556948575037,4.166666666666674,0.1471293143668663,2.302757482523177,3.818181818181817,2.373206083583625,67.66977151936806
UP20_SCORE70_NIKKEION_TP3.5_SL1.0_H1,VALIDATION,2022-06-29,9501.T,LOSS,-3.9572251007484183,1,8.88196224656258,False,0.6706528765352271,22.37396857143523,5.272727272727273,0.204249264353729,2.005658483470548,3.857225100748418,2.7880650383729697,72.51589607440937
UP20_SCORE70_NIKKEION_TP3.5_SL1.0_H1,VALIDATION,2022-06-30,9501.T,HOLD,2.016402116402116,1,8.69955156950672,False,1.466418212752152,24.51597202150592,-2.072538860103623,0.19025697032202,1.2002946002712256,4.115226337448563,2.0613896712206934,67.97537846674064
UP20_SCORE70_NIKKEION_TP3.5_SL1.0_H1,VALIDATION,2022-07-07,8804.T,LOSS,-2.3564891360168927,1,0.0265934630896393,False,1.8073914631535404,23.4174748041781,0.84344269467298,0.019848201568192,1.172779728039382,2.308582038921199,1.0809252854327047,66.07021427242472
UP20_SCORE70_NIKKEION_TP3.5_SL1.0_H1,VALIDATION,2022-07-08,8804.T,LOSS,-2.3442071763351224,1,0.4282553834964402,False,2.048754876514192,24.50874722643819,0.8886574055018581,0.0080089640833866,1.4952237669705812,2.2957280704411014,1.4730094105462403,67.7674063851828
UP20_SCORE70_NIKKEION_TP3.5_SL1.0_H1,VALIDATION,2022-08-26,3402.T,WIN,6.465389484547013,1,4.715826557188758,False,1.3227068499944927,23.326868980224702,2.1349419667568537,0.0451499048489812,2.120364579714173,1.87582556701343,1.8661862363859685,71.48351885781872
UP20_SCORE70_NIKKEION_TP3.5_SL1.0_H1,VALIDATION,2022-09-08,6963.T,WIN,9.16016227966986,1,3.389358493787343,False,1.450911551849754,17.181027533475167,1.1029514224850656,0.0575267132257677,1.5761652398423698,2.645760651334246,1.9134264834457844,63.69425087590122
UP20_SCORE70_NIKKEION_TP3.5_SL1.0_H1,VALIDATION,2022-09-09,8233.T,WIN,7.05329659544608,1,7.105545004350923,False,2.419994828977501,47.07602457680796,1.4067191098883436,0.0424264355421359,1.5726287733935918,2.043799027270306,2.0167180592190808,84.96763309537195
UP20_SCORE70_NIKKEION_TP3.5_SL1.0_H1,VALIDATION,2022-09-12,3099.T,WIN,8.798181811633732,1,0.7190452600000207,False,2.762599012130851,32.50220295696049,4.701928889725493,0.0900232111163203,1.2789892584444156,2.54233766046678,1.6376233727228475,80.32291358388707
UP20_SCORE70_NIKKEION_TP3.5_SL1.0_H1,VALIDATION,2022-09-13,6762.T,HOLD,4.55946891217528,1,9.463813495840416,False,1.1505973027165384,23.741570665434217,3.5363485256876714,0.0267329113111032,1.529791393965503,2.3772466104535024,1.9478991951222084,70.83421513435317
UP20_SCORE70_NIKKEION_TP3.5_SL1.0_H1,VALIDATION,2022-09-14,6762.T,WIN,9.154840892599447,1,9.479109815344067,False,1.1934819770905936,23.95264966470376,-3.605319642757554,0.0110704579108096,1.155304655862548,2.6442402550284143,1.5151809744067293,58.94862853932386
UP20_SCORE70_NIKKEION_TP3.5_SL1.0_H1,VALIDATION,2022-10-04,4502.T,WIN,5.693901702022053,1,0.1784752662705485,False,0.0923229281194926,12.91568892333423,1.3032940182379882,0.0434328521808546,1.4568342799069054,1.6554004862920173,1.980215777578708,61.542227510413
UP20_SCORE70_NIKKEION_TP3.5_SL1.0_H1,VALIDATION,2022-10-06,8031.T,LOSS,-2.2940204005170495,1,5.065407746825307,False,0.0837280115831173,18.889517197394643,1.2750327617096602,0.0227091221899091,0.809571229942505,2.243237488650074,0.8381690110706707,63.42700055474461
UP20_SCORE70_NIKKEION_TP3.5_SL1.0_H1,VALIDATION,2022-10-14,8252.T,LOSS,-2.4442579470050907,1,2.389445668348921,False,0.5022998885166441,13.699459371716976,1.0879489875212478,0.0305650495027016,1.5028310064366206,2.4005326238092,1.7893257501729267,61.433450449673664
UP20_SCORE70_NIKKEION_TP3.5_SL1.0_H1,VALIDATION,2022-12-12,7453.T,HOLD,5.168993152993251,1,7.785745537710707,False,0.6688510049293495,23.26400560168437,2.5965432538196165,0.0730793230628874,1.71096128417233,2.3300665706892305,1.800916419691897,67.18226053707386
UP20_SCORE70_NIKKEION_TP3.5_SL1.0_H1,VALIDATION,2022-12-14,4183.T,WIN,6.467602678315155,1,4.047842666128099,False,1.735151101832666,33.47960405091145,1.4353983141801807,0.0171772644233658,1.467974580070142,1.8764579080900419,1.530005084442979,66.28826055987322
UP20_SCORE70_NIKKEION_TP3.5_SL1.0_H1,VALIDATION,2023-01-04,8306.T,LOSS,-2.5587527687580547,1,9.942721833814636,False,4.004071511887508,53.97241962566525,3.140323074040752,0.0772790598147473,1.5402472630176538,2.5207313198785037,1.7562880669658096,80.2377668052138
UP20_SCORE70_NIKKEION_TP3.5_SL1.0_H1,VALIDATION,2023-01-11,3382.T,LOSS,-1.7895410481692742,1,-0.342018630134584,True,0.0643002033458461,11.064368921038149,0.1567953069600225,0.002254167969536,1.330397347716364,1.7185771139539858,1.7491209180835523,59.8589561169827
UP20_SCORE70_NIKKEION_TP3.5_SL1.0_H1,VALIDATION,2023-01-12,8795.T,LOSS,-2.7453695800282008,1,13.347418043336852,False,3.631370741500861,41.89053345181456,1.373349552942793,-0.0147676883364578,1.2388590074410453,2.7172509089875936,1.5983048518463,71.32842362367616
UP20_SCORE70_NIKKEION_TP3.5_SL1.0_H1,VALIDATION,2023-02-24,9107.T,WIN,10.142702999179887,1,9.446404148371524,False,4.09844994706916,43.4164883645031,1.0370470060754755,0.0191426801055223,1.190554996700955,2.9264865711942534,1.0778453082226491,71.89668183793219
UP20_SCORE70_NIKKEION_TP3.5_SL1.0_H1,VALIDATION,2023-03-01,5406.T,WIN,9.759787626862993,1,14.91716099759614,False,6.888477232737333,54.04595324073036,3.2292749761118733,0.0651599338858062,1.252977261833042,2.8170821791037097,1.4760421644722026,84.29291427976493
UP20_SCORE70_NIKKEION_TP3.5_SL1.0_H1,VALIDATION,2023-03-02,7532.T,HOLD,3.8475946283756834,1,2.311749896743116,False,1.110301730656027,23.028168592738364,-2.3219991254686434,0.0040066512595293,1.2480259842078736,2.4894896230590753,1.209647434940606,58.48457558086351
UP20_SCORE70_NIKKEION_TP3.5_SL1.0_H1,VALIDATION,2023-03-10,7532.T,HOLD,2.5956173520402026,1,3.57934608370132,False,1.880228685350693,28.13455632423358,-2.921340206282974,0.0131222127276182,1.491419817093107,2.5463457920216275,1.7096566069760155,58.657926704217566
UP20_SCORE70_NIKKEION_TP3.5_SL1.0_H1,VALIDATION,2023-03-22,9432.T,WIN,4.419274361846648,1,2.9886769743890587,False,0.7353999834895264,15.681016052641414,0.4470819300953277,0.0202850673358965,1.1697412593408478,1.2912212462419026,1.3366632783126184,63.96297916656753
UP20_SCORE70_NIKKEION_TP3.5_SL1.0_H1,VALIDATION,2023-03-23,2282.T,WIN,4.632136908608653,1,1.7935028429780078,False,0.8430250161032271,22.46676756670302,2.213557995259552,0.0245550521425392,1.4819834848611226,1.3520391167453294,1.6059746686702747,66.90274959696077
UP20_SCORE70_NIKKEION_TP3.5_SL1.0_H1,VALIDATION,2023-03-29,6501.T,HOLD,5.231834133933145,1,1.0988968003756614,False,0.0979342932952764,16.39183530118584,0.7640034424433395,0.040399658979535,1.4440823297722165,2.0827135864235418,1.320943838763867,62.83061669805912
UP20_SCORE70_NIKKEION_TP3.5_SL1.0_H1,VALIDATION,2023-05-02,4062.T,HOLD,1.0139579242476215,1,4.013966551592089,False,1.802827796504003,20.67844708573587,9.00735727262434,0.1648387926054175,2.2486169616892635,3.1848252355601923,4.576523959366289,74.71698370331268
UP20_SCORE70_NIKKEION_TP3.5_SL1.0_H1,VALIDATION,2023-05-08,4062.T,HOLD,5.527817301031235,1,4.5676056091174,False,2.5347224805395863,23.10031811179641,-1.0118074056056026,0.1743182992262808,0.7399843511094202,3.210063097006962,1.5313197485061518,71.9754167058368
UP20_SCORE70_NIKKEION_TP3.5_SL1.0_H1,VALIDATION,2023-07-14,3697.T,HOLD,2.6352689429760656,1,4.414202111466844,False,0.9825434478655692,14.066035777668535,11.423477609773958,0.2445951797241883,3.1735855666491504,3.664836270819342,5.869603952377096,73.90035206959334
UP20_SCORE70_NIKKEION_TP3.5_SL1.0_H1,VALIDATION,2023-07-18,3697.T,HOLD,3.523970101615148,1,4.9953295049275175,False,2.044955701868667,17.111553296105495,2.299582343674889,0.2528169654791361,1.6606525716609066,3.758092130501045,3.6132920490987503,75.56989565836771
UP20_SCORE70_NIKKEION_TP3.5_SL1.0_H1,VALIDATION,2023-07-19,3697.T,TIMEOUT_LOSS,-2.2265375704661805,1,5.567456335180463,False,3.178951129004992,20.179742269010724,3.184516937369808,0.2654910535496504,1.1688741037667625,3.7680333712417116,2.7744672503003995,77.74209892609204
UP20_SCORE70_NIKKEION_TP3.5_SL1.0_H1,VALIDATION,2023-07-20,9107.T,WIN,12.242811336640235,1,7.365756579489273,False,4.617551222256289,40.456823312574784,0.6164097608000185,0.0938839039136021,1.2425910903490696,3.5265175247543543,1.297700012415697,75.59799884044793
UP20_SCORE70_NIKKEION_TP3.5_SL1.0_H1,VALIDATION,2023-07-24,8304.T,WIN,4.0531544116430345,1,5.965186154094392,False,1.4953254814182193,46.50894890976158,-0.1436610728448251,0.0052203232234606,0.9984152139461172,1.186615546183726,0.9270053085895136,73.84824848778555
UP20_SCORE70_NIKKEION_TP3.5_SL1.0_H1,VALIDATION,2023-07-25,9107.T,WIN,11.733605063529751,1,9.426236891350596,False,5.728474038906661,43.95468824272265,0.4712471779455551,0.0685211820160593,0.7454517534288647,3.381030018151354,0.7193571847781792,73.09781851674379
UP20_SCORE70_NIKKEION_TP3.5_SL1.0_H1,VALIDATION,2023-07-27,3697.T,TIMEOUT_LOSS,-0.7186061325326508,1,6.924157184283334,False,3.259052026362852,29.05887576099701,-1.0892575373501412,0.002571187096052,0.7087931439305001,3.531479074970112,0.5298027773512055,71.0424364651647
UP20_SCORE70_NIKKEION_TP3.5_SL1.0_H1,VALIDATION,2023-08-02,2871.T,WIN,5.292393093758474,1,3.8189108712657336,False,0.7242951919965934,34.654865155400365,-0.3352535094952369,0.0165360395766838,1.8527815891231132,1.5406837410738485,2.5689084895259096,68.58018561012706
UP20_SCORE70_NIKKEION_TP3.5_SL1.0_H1,VALIDATION,2023-08-10,1605.T,WIN,10.14936860520338,1,11.164981718369583,False,3.493592257604239,52.83446425483549,12.463460383201651,0.1554229117371919,2.79979946927813,2.9283910300581084,4.34619726101322,79.77015775754742
UP20_SCORE70_NIKKEION_TP3.5_SL1.0_H1,VALIDATION,2023-08-23,7261.T,WIN,9.182580047210122,1,5.953331285872705,False,1.9455717693589447,12.708498948693068,1.9993264348709736,0.0386591443652704,1.6638416589958922,2.652165727774321,1.5720263859369508,64.21075613369555
UP20_SCORE70_NIKKEION_TP3.5_SL1.0_H1,VALIDATION,2023-08-24,4062.T,LOSS,-3.593088741091144,1,6.80922560641553,False,-0.1925287628427585,15.369284537342974,1.0315239770017692,0.0820505230531885,2.3957283900866413,3.493088741091155,2.2102836747592667,63.32774287075412
UP20_SCORE70_NIKKEION_TP3.5_SL1.0_H1,VALIDATION,2023-08-25,3405.T,WIN,7.644744314163832,1,5.563676524694812,False,3.2152690771133585,33.8857711933423,0.5009277123760647,0.0383852602473304,1.6114387669128216,2.2127840897610955,1.4383193507789016,74.62114188384804
UP20_SCORE70_NIKKEION_TP3.5_SL1.0_H1,VALIDATION,2023-08-28,6113.T,WIN,7.323009198572639,1,2.0495189820741966,False,1.2136642361419758,13.1843960890482,2.1775693976564536,0.045055261327477,1.8592336349121876,2.1208597710207515,1.5424862573680376,68.72876119221075
UP20_SCORE70_NIKKEION_TP3.5_SL1.0_H1,VALIDATION,2023-09-21,9501.T,HOLD,2.430923944535668,1,12.439084434745476,False,3.3705390033044846,55.35845466158926,3.1764129913268717,0.1079233947128065,1.2387773526238668,2.8613704298891873,1.684289366876984,77.03312199329181
UP20_SCORE70_NIKKEION_TP3.5_SL1.0_H1,VALIDATION,2023-09-25,6724.T,LOSS,-1.9149314878120882,1,1.9559915809231725,False,1.1888741021515823,18.999088168220453,0.5744797730551587,0.0697933184223795,0.6486843807032923,1.8484801358434666,0.7463562635890907,67.74065809684637
UP20_SCORE70_NIKKEION_TP3.5_SL1.0_H1,VALIDATION,2023-09-26,8795.T,LOSS,-2.598671049358936,1,8.073776484220787,False,2.6441221533526127,40.65925639038708,0.3276185569456968,0.031178315543677,1.4798864527695812,2.562704607466282,1.5836332714471573,67.81712545659161
UP20_SCORE70_NIKKEION_TP3.5_SL1.0_H1,VALIDATION,2023-09-27,8697.T,LOSS,-2.075594545046533,1,3.3470779308842338,False,1.4497709058478805,32.77614038546648,3.4413909652475594,0.0834387115714591,1.6005725384357377,2.015410892703044,2.222029709001226,79.38085439124544
UP20_SCORE70_NIKKEION_TP3.5_SL1.0_H1,VALIDATION,2023-09-28,7211.T,LOSS,-2.7868180437806034,1,9.117007954978993,False,3.450040277711963,39.29149553083054,1.8863381236379428,0.0571909307090926,1.5897506486632105,2.7610011200634483,2.021996336198152,71.69805481165484
UP20_SCORE70_NIKKEION_TP3.5_SL1.0_H1,VALIDATION,2023-09-29,4519.T,LOSS,-2.446928996996245,1,5.059909895761967,False,0.93704686797198,28.12251682599573,0.1516356839443844,0.1048133624170686,1.5080802597375482,2.4033335284704487,2.628650714220726,65.25518100416157
UP20_SCORE70_NIKKEION_TP3.5_SL1.0_H1,VALIDATION,2023-10-10,9107.T,LOSS,-3.625029196249774,1,15.933972418178186,False,1.9657485360281115,32.90204777315115,5.531622163232508,0.1134071461102983,1.3518507547182232,3.653827689070136,1.4354720499868414,67.38977612445666
UP20_SCORE70_NIKKEION_TP3.5_SL1.0_H1,VALIDATION,2023-10-18,7453.T,LOSS,-3.169829452539341,1,4.136507868839604,False,0.1223158978307381,22.63425020648197,3.166167693874544,0.1318619295282879,0.9600826348913224,3.16705256495576,1.773623917931742,67.49018008188494
UP20_SCORE70_NIKKEION_TP3.5_SL1.0_H1,VALIDATION,2023-10-20,2501.T,LOSS,-1.973792269914465,1,13.549303533545825,False,1.2865739537807783,42.10627268358788,0.397069077036738,0.0451092945210227,1.6116698336191315,1.9095737145663187,1.7322540473225403,71.17290890964611
UP20_SCORE70_NIKKEION_TP3.5_SL1.0_H1,VALIDATION,2023-10-30,8354.T,LOSS,-2.7488412271219786,1,6.961966882938133,False,0.4635109606138554,20.183945473791084,-1.572169017049041,0.0235651555938773,2.242165378893315,2.7209139167020906,3.041452154524692,57.710746195913416
UP20_SCORE70_NIKKEION_TP3.5_SL1.0_H1,VALIDATION,2023-10-31,8354.T,LOSS,-2.778247518823007,1,6.990528763368678,False,0.7896743702185294,20.80181074330227,1.9845406507217331,0.061751516195736,1.2017489922798388,2.7519515941115085,1.8450726385902343,64.8150694647926
UP20_SCORE70_NIKKEION_TP3.5_SL1.0_H1,VALIDATION,2023-12-06,9501.T,WIN,10.352793834296737,1,1.1578272175565565,False,0.4150857548883557,12.53495466131979,3.919503623521159,0.0978182408120953,2.777650370355735,2.9865125240847794,3.8960955408717135,65.11804068639108
UP20_SCORE70_NIKKEION_TP3.5_SL1.0_H1,VALIDATION,2024-03-08,8331.T,WIN,8.90754436297948,1,5.405307907021086,False,2.693774385595749,36.25104127848698,0.9972018532308002,0.0155313857543469,1.357289321773241,2.573584103708426,1.6865697218534337,73.6374923996679
UP20_SCORE70_NIKKEION_TP3.5_SL1.0_H1,VALIDATION,2024-03-11,8309.T,WIN,8.544712042683933,1,5.456514832612866,False,1.8033243234927052,38.94777737859525,-2.829621941040217,0.0670779999091881,1.2557221617814778,2.469917726481123,1.5724905472866024,64.63927772022649
UP20_SCORE70_NIKKEION_TP3.5_SL1.0_H1,VALIDATION,2024-03-13,9502.T,WIN,8.171215809002076,1,0.3284805989638264,False,-0.3949155550553529,9.336203923379715,-0.4163332885228521,0.0416315849555858,1.3713123246439942,2.363204516857735,1.5435690298745686,53.35620076050401
UP20_SCORE70_NIKKEION_TP3.5_SL1.0_H1,VALIDATION,2024-03-18,3289.T,WIN,9.13703173092334,1,3.1788561124538144,False,1.0067788984315262,36.8627274994429,2.9795236379785983,0.0993729974623696,1.2184818060410647,2.6391519231209566,1.515077338343676,70.79072631991961
UP20_SCORE70_NIKKEION_TP3.5_SL1.0_H1,VALIDATION,2024-03-19,8801.T,HOLD,8.495777150300976,1,9.773150047748146,False,2.115825121948145,32.446154882604525,5.3761017561049895,0.122181980734735,1.510534167150447,2.8278956009457774,2.033014039373544,75.61957057625732
UP20_SCORE70_NIKKEION_TP3.5_SL1.0_H1,VALIDATION,2024-04-24,8306.T,WIN,7.822783534526579,1,5.791235339906379,False,0.4467188060413019,17.604649912322607,0.4799929191379393,0.0388005802676905,0.8113443422931543,2.263652438436166,0.8313150105569843,58.02624765264058
UP30_SCORE70_NIKKEION_TP3.5_SL1.0_H1,VALIDATION,2022-05-13,2501.T,LOSS,-2.2852357779900023,1,5.944871187551252,False,3.400604512726435,38.685878809615936,-0.3244343527760707,0.0267817779012543,1.333862563100472,2.2340551504373973,1.455429821541605,78.64119875658174
UP30_SCORE70_NIKKEION_TP3.5_SL1.0_H1,VALIDATION,2022-05-16,9531.T,LOSS,-2.5482469743246527,1,2.5034930380954985,False,2.918378221747409,35.99524805652664,0.0770927134631671,0.0268486183782619,0.6259226454089164,2.5096903934471575,0.7872520745924935,72.12547021118274
UP30_SCORE70_NIKKEION_TP3.5_SL1.0_H1,VALIDATION,2022-05-17,5020.T,LOSS,-2.4595859520750274,1,1.760630250605687,False,1.405987367477768,19.07032630053753,3.1570597639297704,0.0728946497185125,1.0614395952093003,2.4166078924213226,1.7550698443476471,75.02798470985627
UP30_SCORE70_NIKKEION_TP3.5_SL1.0_H1,VALIDATION,2022-06-10,5803.T,HOLD,8.026663916998123,1,18.524807642590567,False,6.702168884496307,43.39822829433884,-2.2248190983177096,0.0388881292514335,1.243466362599772,3.4588471392703823,1.0810864397269426,71.89716109124154
UP30_SCORE70_NIKKEION_TP3.5_SL1.0_H1,VALIDATION,2022-06-24,7211.T,HOLD,11.175615019526564,1,20.002268211229577,False,4.349113502823965,42.1196056280957,-8.606548698090188,0.0025616573777389,1.480431990860245,4.339395390652548,1.9367317893950209,57.01585206707608
UP30_SCORE70_NIKKEION_TP3.5_SL1.0_H1,VALIDATION,2022-06-27,2501.T,WIN,7.283174643453927,1,9.820015702889275,False,1.5644775018713195,43.76912496196353,0.2368803875811176,0.0039577750676822,1.6676743248690045,2.109478469558268,1.781581355293611,70.83940742006217
UP30_SCORE70_NIKKEION_TP3.5_SL1.0_H1,VALIDATION,2022-06-28,9501.T,HOLD,5.172727272727274,1,9.046096065256291,False,-0.1853194746595843,20.191556948575037,4.166666666666674,0.1471293143668663,2.302757482523177,3.818181818181817,2.373206083583625,67.66977151936806
UP30_SCORE70_NIKKEION_TP3.5_SL1.0_H1,VALIDATION,2022-06-29,9501.T,LOSS,-3.9572251007484183,1,8.88196224656258,False,0.6706528765352271,22.37396857143523,5.272727272727273,0.204249264353729,2.005658483470548,3.857225100748418,2.7880650383729697,72.51589607440937
UP30_SCORE70_NIKKEION_TP3.5_SL1.0_H1,VALIDATION,2022-06-30,9501.T,HOLD,2.016402116402116,1,8.69955156950672,False,1.466418212752152,24.51597202150592,-2.072538860103623,0.19025697032202,1.2002946002712256,4.115226337448563,2.0613896712206934,67.97537846674064
UP30_SCORE70_NIKKEION_TP3.5_SL1.0_H1,VALIDATION,2022-07-07,8804.T,LOSS,-2.3564891360168927,1,0.0265934630896393,False,1.8073914631535404,23.4174748041781,0.84344269467298,0.019848201568192,1.172779728039382,2.308582038921199,1.0809252854327047,66.07021427242472
UP30_SCORE70_NIKKEION_TP3.5_SL1.0_H1,VALIDATION,2022-07-08,8804.T,LOSS,-2.3442071763351224,1,0.4282553834964402,False,2.048754876514192,24.50874722643819,0.8886574055018581,0.0080089640833866,1.4952237669705812,2.2957280704411014,1.4730094105462403,67.7674063851828
UP30_SCORE70_NIKKEION_TP3.5_SL1.0_H1,VALIDATION,2022-08-26,3402.T,WIN,6.465389484547013,1,4.715826557188758,False,1.3227068499944927,23.326868980224702,2.1349419667568537,0.0451499048489812,2.120364579714173,1.87582556701343,1.8661862363859685,71.48351885781872
UP30_SCORE70_NIKKEION_TP3.5_SL1.0_H1,VALIDATION,2022-09-08,6963.T,WIN,9.16016227966986,1,3.389358493787343,False,1.450911551849754,17.181027533475167,1.1029514224850656,0.0575267132257677,1.5761652398423698,2.645760651334246,1.9134264834457844,63.69425087590122
UP30_SCORE70_NIKKEION_TP3.5_SL1.0_H1,VALIDATION,2022-09-09,8233.T,WIN,7.05329659544608,1,7.105545004350923,False,2.419994828977501,47.07602457680796,1.4067191098883436,0.0424264355421359,1.5726287733935918,2.043799027270306,2.0167180592190808,84.96763309537195
UP30_SCORE70_NIKKEION_TP3.5_SL1.0_H1,VALIDATION,2022-09-12,3099.T,WIN,8.798181811633732,1,0.7190452600000207,False,2.762599012130851,32.50220295696049,4.701928889725493,0.0900232111163203,1.2789892584444156,2.54233766046678,1.6376233727228475,80.32291358388707
UP30_SCORE70_NIKKEION_TP3.5_SL1.0_H1,VALIDATION,2022-09-13,6762.T,HOLD,4.55946891217528,1,9.463813495840416,False,1.1505973027165384,23.741570665434217,3.5363485256876714,0.0267329113111032,1.529791393965503,2.3772466104535024,1.9478991951222084,70.83421513435317
UP30_SCORE70_NIKKEION_TP3.5_SL1.0_H1,VALIDATION,2022-09-14,6762.T,WIN,9.154840892599447,1,9.479109815344067,False,1.1934819770905936,23.95264966470376,-3.605319642757554,0.0110704579108096,1.155304655862548,2.6442402550284143,1.5151809744067293,58.94862853932386
UP30_SCORE70_NIKKEION_TP3.5_SL1.0_H1,VALIDATION,2022-10-04,4502.T,WIN,5.693901702022053,1,0.1784752662705485,False,0.0923229281194926,12.91568892333423,1.3032940182379882,0.0434328521808546,1.4568342799069054,1.6554004862920173,1.980215777578708,61.542227510413
UP30_SCORE70_NIKKEION_TP3.5_SL1.0_H1,VALIDATION,2022-10-06,8031.T,LOSS,-2.2940204005170495,1,5.065407746825307,False,0.0837280115831173,18.889517197394643,1.2750327617096602,0.0227091221899091,0.809571229942505,2.243237488650074,0.8381690110706707,63.42700055474461
UP30_SCORE70_NIKKEION_TP3.5_SL1.0_H1,VALIDATION,2022-10-14,8252.T,LOSS,-2.4442579470050907,1,2.389445668348921,False,0.5022998885166441,13.699459371716976,1.0879489875212478,0.0305650495027016,1.5028310064366206,2.4005326238092,1.7893257501729267,61.433450449673664
UP30_SCORE70_NIKKEION_TP3.5_SL1.0_H1,VALIDATION,2022-12-12,7453.T,HOLD,5.168993152993251,1,7.785745537710707,False,0.6688510049293495,23.26400560168437,2.5965432538196165,0.0730793230628874,1.71096128417233,2.3300665706892305,1.800916419691897,67.18226053707386
UP30_SCORE70_NIKKEION_TP3.5_SL1.0_H1,VALIDATION,2022-12-14,4183.T,WIN,6.467602678315155,1,4.047842666128099,False,1.735151101832666,33.47960405091145,1.4353983141801807,0.0171772644233658,1.467974580070142,1.8764579080900419,1.530005084442979,66.28826055987322
UP30_SCORE70_NIKKEION_TP3.5_SL1.0_H1,VALIDATION,2023-01-04,8306.T,LOSS,-2.5587527687580547,1,9.942721833814636,False,4.004071511887508,53.97241962566525,3.140323074040752,0.0772790598147473,1.5402472630176538,2.5207313198785037,1.7562880669658096,80.2377668052138
UP30_SCORE70_NIKKEION_TP3.5_SL1.0_H1,VALIDATION,2023-01-11,3382.T,LOSS,-1.7895410481692742,1,-0.342018630134584,True,0.0643002033458461,11.064368921038149,0.1567953069600225,0.002254167969536,1.330397347716364,1.7185771139539858,1.7491209180835523,59.8589561169827
UP30_SCORE70_NIKKEION_TP3.5_SL1.0_H1,VALIDATION,2023-01-12,8795.T,LOSS,-2.7453695800282008,1,13.347418043336852,False,3.631370741500861,41.89053345181456,1.373349552942793,-0.0147676883364578,1.2388590074410453,2.7172509089875936,1.5983048518463,71.32842362367616
UP30_SCORE70_NIKKEION_TP3.5_SL1.0_H1,VALIDATION,2023-02-24,9107.T,WIN,10.142702999179887,1,9.446404148371524,False,4.09844994706916,43.4164883645031,1.0370470060754755,0.0191426801055223,1.190554996700955,2.9264865711942534,1.0778453082226491,71.89668183793219
UP30_SCORE70_NIKKEION_TP3.5_SL1.0_H1,VALIDATION,2023-03-01,5406.T,WIN,9.759787626862993,1,14.91716099759614,False,6.888477232737333,54.04595324073036,3.2292749761118733,0.0651599338858062,1.252977261833042,2.8170821791037097,1.4760421644722026,84.29291427976493
UP30_SCORE70_NIKKEION_TP3.5_SL1.0_H1,VALIDATION,2023-03-02,7532.T,HOLD,3.8475946283756834,1,2.311749896743116,False,1.110301730656027,23.028168592738364,-2.3219991254686434,0.0040066512595293,1.2480259842078736,2.4894896230590753,1.209647434940606,58.48457558086351
UP30_SCORE70_NIKKEION_TP3.5_SL1.0_H1,VALIDATION,2023-03-10,7532.T,HOLD,2.5956173520402026,1,3.57934608370132,False,1.880228685350693,28.13455632423358,-2.921340206282974,0.0131222127276182,1.491419817093107,2.5463457920216275,1.7096566069760155,58.657926704217566
UP30_SCORE70_NIKKEION_TP3.5_SL1.0_H1,VALIDATION,2023-03-22,9432.T,WIN,4.419274361846648,1,2.9886769743890587,False,0.7353999834895264,15.681016052641414,0.4470819300953277,0.0202850673358965,1.1697412593408478,1.2912212462419026,1.3366632783126184,63.96297916656753
UP30_SCORE70_NIKKEION_TP3.5_SL1.0_H1,VALIDATION,2023-03-23,2282.T,WIN,4.632136908608653,1,1.7935028429780078,False,0.8430250161032271,22.46676756670302,2.213557995259552,0.0245550521425392,1.4819834848611226,1.3520391167453294,1.6059746686702747,66.90274959696077
UP30_SCORE70_NIKKEION_TP3.5_SL1.0_H1,VALIDATION,2023-03-29,6501.T,HOLD,5.231834133933145,1,1.0988968003756614,False,0.0979342932952764,16.39183530118584,0.7640034424433395,0.040399658979535,1.4440823297722165,2.0827135864235418,1.320943838763867,62.83061669805912
UP30_SCORE70_NIKKEION_TP3.5_SL1.0_H1,VALIDATION,2023-05-02,4062.T,HOLD,1.0139579242476215,1,4.013966551592089,False,1.802827796504003,20.67844708573587,9.00735727262434,0.1648387926054175,2.2486169616892635,3.1848252355601923,4.576523959366289,74.71698370331268
UP30_SCORE70_NIKKEION_TP3.5_SL1.0_H1,VALIDATION,2023-05-08,4062.T,HOLD,5.527817301031235,1,4.5676056091174,False,2.5347224805395863,23.10031811179641,-1.0118074056056026,0.1743182992262808,0.7399843511094202,3.210063097006962,1.5313197485061518,71.9754167058368
UP30_SCORE70_NIKKEION_TP3.5_SL1.0_H1,VALIDATION,2023-07-14,3697.T,HOLD,2.6352689429760656,1,4.414202111466844,False,0.9825434478655692,14.066035777668535,11.423477609773958,0.2445951797241883,3.1735855666491504,3.664836270819342,5.869603952377096,73.90035206959334
UP30_SCORE70_NIKKEION_TP3.5_SL1.0_H1,VALIDATION,2023-07-18,3697.T,HOLD,3.523970101615148,1,4.9953295049275175,False,2.044955701868667,17.111553296105495,2.299582343674889,0.2528169654791361,1.6606525716609066,3.758092130501045,3.6132920490987503,75.56989565836771
UP30_SCORE70_NIKKEION_TP3.5_SL1.0_H1,VALIDATION,2023-07-19,3697.T,TIMEOUT_LOSS,-2.2265375704661805,1,5.567456335180463,False,3.178951129004992,20.179742269010724,3.184516937369808,0.2654910535496504,1.1688741037667625,3.7680333712417116,2.7744672503003995,77.74209892609204
UP30_SCORE70_NIKKEION_TP3.5_SL1.0_H1,VALIDATION,2023-07-20,9107.T,WIN,12.242811336640235,1,7.365756579489273,False,4.617551222256289,40.456823312574784,0.6164097608000185,0.0938839039136021,1.2425910903490696,3.5265175247543543,1.297700012415697,75.59799884044793
UP30_SCORE70_NIKKEION_TP3.5_SL1.0_H1,VALIDATION,2023-07-24,8304.T,WIN,4.0531544116430345,1,5.965186154094392,False,1.4953254814182193,46.50894890976158,-0.1436610728448251,0.0052203232234606,0.9984152139461172,1.186615546183726,0.9270053085895136,73.84824848778555
UP30_SCORE70_NIKKEION_TP3.5_SL1.0_H1,VALIDATION,2023-07-25,9107.T,WIN,11.733605063529751,1,9.426236891350596,False,5.728474038906661,43.95468824272265,0.4712471779455551,0.0685211820160593,0.7454517534288647,3.381030018151354,0.7193571847781792,73.09781851674379
UP30_SCORE70_NIKKEION_TP3.5_SL1.0_H1,VALIDATION,2023-07-27,3697.T,TIMEOUT_LOSS,-0.7186061325326508,1,6.924157184283334,False,3.259052026362852,29.05887576099701,-1.0892575373501412,0.002571187096052,0.7087931439305001,3.531479074970112,0.5298027773512055,71.0424364651647
UP30_SCORE70_NIKKEION_TP3.5_SL1.0_H1,VALIDATION,2023-08-02,2871.T,WIN,5.292393093758474,1,3.8189108712657336,False,0.7242951919965934,34.654865155400365,-0.3352535094952369,0.0165360395766838,1.8527815891231132,1.5406837410738485,2.5689084895259096,68.58018561012706
UP30_SCORE70_NIKKEION_TP3.5_SL1.0_H1,VALIDATION,2023-08-10,1605.T,WIN,10.14936860520338,1,11.164981718369583,False,3.493592257604239,52.83446425483549,12.463460383201651,0.1554229117371919,2.79979946927813,2.9283910300581084,4.34619726101322,79.77015775754742
UP30_SCORE70_NIKKEION_TP3.5_SL1.0_H1,VALIDATION,2023-08-23,7261.T,WIN,9.182580047210122,1,5.953331285872705,False,1.9455717693589447,12.708498948693068,1.9993264348709736,0.0386591443652704,1.6638416589958922,2.652165727774321,1.5720263859369508,64.21075613369555
UP30_SCORE70_NIKKEION_TP3.5_SL1.0_H1,VALIDATION,2023-08-24,4062.T,LOSS,-3.593088741091144,1,6.80922560641553,False,-0.1925287628427585,15.369284537342974,1.0315239770017692,0.0820505230531885,2.3957283900866413,3.493088741091155,2.2102836747592667,63.32774287075412
UP30_SCORE70_NIKKEION_TP3.5_SL1.0_H1,VALIDATION,2023-08-25,3405.T,WIN,7.644744314163832,1,5.563676524694812,False,3.2152690771133585,33.8857711933423,0.5009277123760647,0.0383852602473304,1.6114387669128216,2.2127840897610955,1.4383193507789016,74.62114188384804
UP30_SCORE70_NIKKEION_TP3.5_SL1.0_H1,VALIDATION,2023-08-28,6113.T,WIN,7.323009198572639,1,2.0495189820741966,False,1.2136642361419758,13.1843960890482,2.1775693976564536,0.045055261327477,1.8592336349121876,2.1208597710207515,1.5424862573680376,68.72876119221075
UP30_SCORE70_NIKKEION_TP3.5_SL1.0_H1,VALIDATION,2023-09-21,9501.T,HOLD,2.430923944535668,1,12.439084434745476,False,3.3705390033044846,55.35845466158926,3.1764129913268717,0.1079233947128065,1.2387773526238668,2.8613704298891873,1.684289366876984,77.03312199329181
UP30_SCORE70_NIKKEION_TP3.5_SL1.0_H1,VALIDATION,2023-09-25,6724.T,LOSS,-1.9149314878120882,1,1.9559915809231725,False,1.1888741021515823,18.999088168220453,0.5744797730551587,0.0697933184223795,0.6486843807032923,1.8484801358434666,0.7463562635890907,67.74065809684637
UP30_SCORE70_NIKKEION_TP3.5_SL1.0_H1,VALIDATION,2023-09-26,8795.T,LOSS,-2.598671049358936,1,8.073776484220787,False,2.6441221533526127,40.65925639038708,0.3276185569456968,0.031178315543677,1.4798864527695812,2.562704607466282,1.5836332714471573,67.81712545659161
UP30_SCORE70_NIKKEION_TP3.5_SL1.0_H1,VALIDATION,2023-09-27,8697.T,LOSS,-2.075594545046533,1,3.3470779308842338,False,1.4497709058478805,32.77614038546648,3.4413909652475594,0.0834387115714591,1.6005725384357377,2.015410892703044,2.222029709001226,79.38085439124544
UP30_SCORE70_NIKKEION_TP3.5_SL1.0_H1,VALIDATION,2023-09-28,7211.T,LOSS,-2.7868180437806034,1,9.117007954978993,False,3.450040277711963,39.29149553083054,1.8863381236379428,0.0571909307090926,1.5897506486632105,2.7610011200634483,2.021996336198152,71.69805481165484
UP30_SCORE70_NIKKEION_TP3.5_SL1.0_H1,VALIDATION,2023-09-29,4519.T,LOSS,-2.446928996996245,1,5.059909895761967,False,0.93704686797198,28.12251682599573,0.1516356839443844,0.1048133624170686,1.5080802597375482,2.4033335284704487,2.628650714220726,65.25518100416157
UP30_SCORE70_NIKKEION_TP3.5_SL1.0_H1,VALIDATION,2023-10-10,9107.T,LOSS,-3.625029196249774,1,15.933972418178186,False,1.9657485360281115,32.90204777315115,5.531622163232508,0.1134071461102983,1.3518507547182232,3.653827689070136,1.4354720499868414,67.38977612445666
UP30_SCORE70_NIKKEION_TP3.5_SL1.0_H1,VALIDATION,2023-10-18,7453.T,LOSS,-3.169829452539341,1,4.136507868839604,False,0.1223158978307381,22.63425020648197,3.166167693874544,0.1318619295282879,0.9600826348913224,3.16705256495576,1.773623917931742,67.49018008188494
UP30_SCORE70_NIKKEION_TP3.5_SL1.0_H1,VALIDATION,2023-10-20,2501.T,LOSS,-1.973792269914465,1,13.549303533545825,False,1.2865739537807783,42.10627268358788,0.397069077036738,0.0451092945210227,1.6116698336191315,1.9095737145663187,1.7322540473225403,71.17290890964611
UP30_SCORE70_NIKKEION_TP3.5_SL1.0_H1,VALIDATION,2023-10-30,8354.T,LOSS,-2.7488412271219786,1,6.961966882938133,False,0.4635109606138554,20.183945473791084,-1.572169017049041,0.0235651555938773,2.242165378893315,2.7209139167020906,3.041452154524692,57.710746195913416
UP30_SCORE70_NIKKEION_TP3.5_SL1.0_H1,VALIDATION,2023-10-31,8354.T,LOSS,-2.778247518823007,1,6.990528763368678,False,0.7896743702185294,20.80181074330227,1.9845406507217331,0.061751516195736,1.2017489922798388,2.7519515941115085,1.8450726385902343,64.8150694647926
UP30_SCORE70_NIKKEION_TP3.5_SL1.0_H1,VALIDATION,2023-12-06,9501.T,WIN,10.352793834296737,1,1.1578272175565565,False,0.4150857548883557,12.53495466131979,3.919503623521159,0.0978182408120953,2.777650370355735,2.9865125240847794,3.8960955408717135,65.11804068639108
UP30_SCORE70_NIKKEION_TP3.5_SL1.0_H1,VALIDATION,2024-03-08,8331.T,WIN,8.90754436297948,1,5.405307907021086,False,2.693774385595749,36.25104127848698,0.9972018532308002,0.0155313857543469,1.357289321773241,2.573584103708426,1.6865697218534337,73.6374923996679
UP30_SCORE70_NIKKEION_TP3.5_SL1.0_H1,VALIDATION,2024-03-11,8309.T,WIN,8.544712042683933,1,5.456514832612866,False,1.8033243234927052,38.94777737859525,-2.829621941040217,0.0670779999091881,1.2557221617814778,2.469917726481123,1.5724905472866024,64.63927772022649
UP30_SCORE70_NIKKEION_TP3.5_SL1.0_H1,VALIDATION,2024-03-13,9502.T,WIN,8.171215809002076,1,0.3284805989638264,False,-0.3949155550553529,9.336203923379715,-0.4163332885228521,0.0416315849555858,1.3713123246439942,2.363204516857735,1.5435690298745686,53.35620076050401
UP30_SCORE70_NIKKEION_TP3.5_SL1.0_H1,VALIDATION,2024-03-18,3289.T,WIN,9.13703173092334,1,3.1788561124538144,False,1.0067788984315262,36.8627274994429,2.9795236379785983,0.0993729974623696,1.2184818060410647,2.6391519231209566,1.515077338343676,70.79072631991961
UP30_SCORE70_NIKKEION_TP3.5_SL1.0_H1,VALIDATION,2024-03-19,8801.T,HOLD,8.495777150300976,1,9.773150047748146,False,2.115825121948145,32.446154882604525,5.3761017561049895,0.122181980734735,1.510534167150447,2.8278956009457774,2.033014039373544,75.61957057625732
UP30_SCORE70_NIKKEION_TP3.5_SL1.0_H1,VALIDATION,2024-04-24,8306.T,WIN,7.822783534526579,1,5.791235339906379,False,0.4467188060413019,17.604649912322607,0.4799929191379393,0.0388005802676905,0.8113443422931543,2.263652438436166,0.8313150105569843,58.02624765264058
UP20_SCORE80_NIKKEION_TP4.0_SL1.5_H1,VALIDATION,2022-06-24,7211.T,HOLD,11.175615019526564,1,20.002268211229577,False,4.349113502823965,42.1196056280957,-8.606548698090188,0.0025616573777389,1.480431990860245,4.339395390652548,1.9367317893950209,57.01585206707608
UP20_SCORE80_NIKKEION_TP4.0_SL1.5_H1,VALIDATION,2022-06-27,2501.T,WIN,8.337913878233072,1,9.820015702889275,False,1.5644775018713195,43.76912496196353,0.2368803875811176,0.0039577750676822,1.6676743248690045,2.109478469558268,1.781581355293611,70.83940742006217
UP20_SCORE80_NIKKEION_TP4.0_SL1.5_H1,VALIDATION,2022-06-28,4578.T,HOLD,5.877416001398295,1,2.811500618425085,False,0.7797949709401619,18.15203011575664,2.8767849656501365,0.0818878776719227,1.363859459093525,2.0365833078548183,1.6896963851379687,77.64753835884625
UP20_SCORE80_NIKKEION_TP4.0_SL1.5_H1,VALIDATION,2022-06-29,9501.T,TIMEOUT_LOSS,-2.1725388601036233,1,8.88196224656258,False,0.6706528765352271,22.37396857143523,5.272727272727273,0.204249264353729,2.005658483470548,3.857225100748418,2.7880650383729697,72.51589607440937
UP20_SCORE80_NIKKEION_TP4.0_SL1.5_H1,VALIDATION,2022-06-30,9501.T,HOLD,2.016402116402116,1,8.69955156950672,False,1.466418212752152,24.51597202150592,-2.072538860103623,0.19025697032202,1.2002946002712256,4.115226337448563,2.0613896712206934,67.97537846674064
UP20_SCORE80_NIKKEION_TP4.0_SL1.5_H1,VALIDATION,2022-08-26,3402.T,WIN,7.4033022680537135,1,4.715826557188758,False,1.3227068499944927,23.326868980224702,2.1349419667568537,0.0451499048489812,2.120364579714173,1.87582556701343,1.8661862363859685,71.48351885781872
UP20_SCORE80_NIKKEION_TP4.0_SL1.5_H1,VALIDATION,2022-09-08,6963.T,WIN,10.483042605336978,1,3.389358493787343,False,1.450911551849754,17.181027533475167,1.1029514224850656,0.0575267132257677,1.5761652398423698,2.645760651334246,1.9134264834457844,63.69425087590122
UP20_SCORE80_NIKKEION_TP4.0_SL1.5_H1,VALIDATION,2022-09-09,8233.T,WIN,8.075196109081217,1,7.105545004350923,False,2.419994828977501,47.07602457680796,1.4067191098883436,0.0424264355421359,1.5726287733935918,2.043799027270306,2.0167180592190808,84.96763309537195
UP20_SCORE80_NIKKEION_TP4.0_SL1.5_H1,VALIDATION,2022-09-12,3099.T,HOLD,8.589121662137844,1,0.7190452600000207,False,2.762599012130851,32.50220295696049,4.701928889725493,0.0900232111163203,1.2789892584444156,2.54233766046678,1.6376233727228475,80.32291358388707
UP20_SCORE80_NIKKEION_TP4.0_SL1.5_H1,VALIDATION,2022-09-13,6762.T,HOLD,4.55946891217528,1,9.463813495840416,False,1.1505973027165384,23.741570665434217,3.5363485256876714,0.0267329113111032,1.529791393965503,2.3772466104535024,1.9478991951222084,70.83421513435317
UP20_SCORE80_NIKKEION_TP4.0_SL1.5_H1,VALIDATION,2022-10-04,4502.T,WIN,6.521601945168077,1,0.1784752662705485,False,0.0923229281194926,12.91568892333423,1.3032940182379882,0.0434328521808546,1.4568342799069054,1.6554004862920173,1.980215777578708,61.542227510413
UP20_SCORE80_NIKKEION_TP4.0_SL1.5_H1,VALIDATION,2022-10-14,8252.T,LOSS,-3.5756478450983398,1,2.389445668348921,False,0.5022998885166441,13.699459371716976,1.0879489875212478,0.0305650495027016,1.5028310064366206,2.4005326238092,1.7893257501729267,61.433450449673664
UP20_SCORE80_NIKKEION_TP4.0_SL1.5_H1,VALIDATION,2022-12-14,4183.T,WIN,7.405831632360161,1,4.047842666128099,False,1.735151101832666,33.47960405091145,1.4353983141801807,0.0171772644233658,1.467974580070142,1.8764579080900419,1.530005084442979,66.28826055987322
UP20_SCORE80_NIKKEION_TP4.0_SL1.5_H1,VALIDATION,2023-01-04,8306.T,LOSS,-3.7433388062501183,1,9.942721833814636,False,4.004071511887508,53.97241962566525,3.140323074040752,0.0772790598147473,1.5402472630176538,2.5207313198785037,1.7562880669658096,80.2377668052138
UP20_SCORE80_NIKKEION_TP4.0_SL1.5_H1,VALIDATION,2023-01-12,8795.T,LOSS,-4.016254665246854,1,13.347418043336852,False,3.631370741500861,41.89053345181456,1.373349552942793,-0.0147676883364578,1.2388590074410453,2.7172509089875936,1.5983048518463,71.32842362367616
UP20_SCORE80_NIKKEION_TP4.0_SL1.5_H1,VALIDATION,2023-03-10,7532.T,HOLD,2.5956173520402026,1,3.57934608370132,False,1.880228685350693,28.13455632423358,-2.921340206282974,0.0131222127276182,1.491419817093107,2.5463457920216275,1.7096566069760155,58.657926704217566
UP20_SCORE80_NIKKEION_TP4.0_SL1.5_H1,VALIDATION,2023-03-23,2282.T,WIN,5.308156466981318,1,1.7935028429780078,False,0.8430250161032271,22.46676756670302,2.213557995259552,0.0245550521425392,1.4819834848611226,1.3520391167453294,1.6059746686702747,66.90274959696077
UP20_SCORE80_NIKKEION_TP4.0_SL1.5_H1,VALIDATION,2023-05-02,4062.T,HOLD,1.0139579242476215,1,4.013966551592089,False,1.802827796504003,20.67844708573587,9.00735727262434,0.1648387926054175,2.2486169616892635,3.1848252355601923,4.576523959366289,74.71698370331268
UP20_SCORE80_NIKKEION_TP4.0_SL1.5_H1,VALIDATION,2023-07-14,3697.T,HOLD,2.6352689429760656,1,4.414202111466844,False,0.9825434478655692,14.066035777668535,11.423477609773958,0.2445951797241883,3.1735855666491504,3.664836270819342,5.869603952377096,73.90035206959334
UP20_SCORE80_NIKKEION_TP4.0_SL1.5_H1,VALIDATION,2023-07-18,3697.T,HOLD,3.523970101615148,1,4.9953295049275175,False,2.044955701868667,17.111553296105495,2.299582343674889,0.2528169654791361,1.6606525716609066,3.758092130501045,3.6132920490987503,75.56989565836771
UP20_SCORE80_NIKKEION_TP4.0_SL1.5_H1,VALIDATION,2023-07-19,3697.T,TIMEOUT_LOSS,-2.2265375704661805,1,5.567456335180463,False,3.178951129004992,20.179742269010724,3.184516937369808,0.2654910535496504,1.1688741037667625,3.7680333712417116,2.7744672503003995,77.74209892609204
UP20_SCORE80_NIKKEION_TP4.0_SL1.5_H1,VALIDATION,2023-08-02,2871.T,WIN,6.0627349642954025,1,3.8189108712657336,False,0.7242951919965934,34.654865155400365,-0.3352535094952369,0.0165360395766838,1.8527815891231132,1.5406837410738485,2.5689084895259096,68.58018561012706
UP20_SCORE80_NIKKEION_TP4.0_SL1.5_H1,VALIDATION,2023-08-10,1605.T,HOLD,6.879169240044492,1,11.164981718369583,False,3.493592257604239,52.83446425483549,12.463460383201651,0.1554229117371919,2.79979946927813,2.9283910300581084,4.34619726101322,79.77015775754742
UP20_SCORE80_NIKKEION_TP4.0_SL1.5_H1,VALIDATION,2023-08-23,7261.T,WIN,10.508662911097277,1,5.953331285872705,False,1.9455717693589447,12.708498948693068,1.9993264348709736,0.0386591443652704,1.6638416589958922,2.652165727774321,1.5720263859369508,64.21075613369555
UP20_SCORE80_NIKKEION_TP4.0_SL1.5_H1,VALIDATION,2023-08-28,6113.T,WIN,8.383439084083,1,2.0495189820741966,False,1.2136642361419758,13.1843960890482,2.1775693976564536,0.045055261327477,1.8592336349121876,2.1208597710207515,1.5424862573680376,68.72876119221075
UP20_SCORE80_NIKKEION_TP4.0_SL1.5_H1,VALIDATION,2023-09-21,9501.T,HOLD,2.430923944535668,1,12.439084434745476,False,3.3705390033044846,55.35845466158926,3.1764129913268717,0.1079233947128065,1.2387773526238668,2.8613704298891873,1.684289366876984,77.03312199329181
UP20_SCORE80_NIKKEION_TP4.0_SL1.5_H1,VALIDATION,2023-09-26,8795.T,LOSS,-3.8017591815452723,1,8.073776484220787,False,2.6441221533526127,40.65925639038708,0.3276185569456968,0.031178315543677,1.4798864527695812,2.562704607466282,1.5836332714471573,67.81712545659161
UP20_SCORE80_NIKKEION_TP4.0_SL1.5_H1,VALIDATION,2023-09-27,8697.T,LOSS,-3.0344058367496096,1,3.3470779308842338,False,1.4497709058478805,32.77614038546648,3.4413909652475594,0.0834387115714591,1.6005725384357377,2.015410892703044,2.222029709001226,79.38085439124544
UP20_SCORE80_NIKKEION_TP4.0_SL1.5_H1,VALIDATION,2023-09-28,7211.T,LOSS,-4.076802344196217,1,9.117007954978993,False,3.450040277711963,39.29149553083054,1.8863381236379428,0.0571909307090926,1.5897506486632105,2.7610011200634483,2.021996336198152,71.69805481165484
UP20_SCORE80_NIKKEION_TP4.0_SL1.5_H1,VALIDATION,2023-09-29,4519.T,LOSS,-3.5795620699008657,1,5.059909895761967,False,0.93704686797198,28.12251682599573,0.1516356839443844,0.1048133624170686,1.5080802597375482,2.4033335284704487,2.628650714220726,65.25518100416157
UP20_SCORE80_NIKKEION_TP4.0_SL1.5_H1,VALIDATION,2023-10-18,4507.T,LOSS,-2.616842656885865,1,6.174252138377524,False,1.508448710992938,30.56928773003908,3.0333842872701577,0.0563860137291234,1.4191308355962604,1.7212153876847047,2.0595506434959647,72.3994575020153
UP20_SCORE80_NIKKEION_TP4.0_SL1.5_H1,VALIDATION,2023-10-31,8354.T,LOSS,-4.064284601248491,1,6.990528763368678,False,0.7896743702185294,20.80181074330227,1.9845406507217331,0.061751516195736,1.2017489922798388,2.7519515941115085,1.8450726385902343,64.8150694647926
UP20_SCORE80_NIKKEION_TP4.0_SL1.5_H1,VALIDATION,2023-12-06,9501.T,HOLD,10.44913294797688,1,1.1578272175565565,False,0.4150857548883557,12.53495466131979,3.919503623521159,0.0978182408120953,2.777650370355735,2.9865125240847794,3.8960955408717135,65.11804068639108
UP20_SCORE80_NIKKEION_TP4.0_SL1.5_H1,VALIDATION,2024-03-08,8331.T,WIN,10.194336414833705,1,5.405307907021086,False,2.693774385595749,36.25104127848698,0.9972018532308002,0.0155313857543469,1.357289321773241,2.573584103708426,1.6865697218534337,73.6374923996679
UP20_SCORE80_NIKKEION_TP4.0_SL1.5_H1,VALIDATION,2024-03-11,8309.T,WIN,9.7796709059245,1,5.456514832612866,False,1.8033243234927052,38.94777737859525,-2.829621941040217,0.0670779999091881,1.2557221617814778,2.469917726481123,1.5724905472866024,64.63927772022649
UP20_SCORE80_NIKKEION_TP4.0_SL1.5_H1,VALIDATION,2024-03-18,3289.T,WIN,10.456607692483834,1,3.1788561124538144,False,1.0067788984315262,36.8627274994429,2.9795236379785983,0.0993729974623696,1.2184818060410647,2.6391519231209566,1.515077338343676,70.79072631991961
UP20_SCORE80_NIKKEION_TP4.0_SL1.5_H1,VALIDATION,2024-03-19,8801.T,HOLD,8.495777150300976,1,9.773150047748146,False,2.115825121948145,32.446154882604525,5.3761017561049895,0.122181980734735,1.510534167150447,2.8278956009457774,2.033014039373544,75.61957057625732
UP25_SCORE80_NIKKEION_TP4.0_SL1.0_H1,VALIDATION,2022-06-24,7211.T,HOLD,11.175615019526564,1,20.002268211229577,False,4.349113502823965,42.1196056280957,-8.606548698090188,0.0025616573777389,1.480431990860245,4.339395390652548,1.9367317893950209,57.01585206707608
UP25_SCORE80_NIKKEION_TP4.0_SL1.0_H1,VALIDATION,2022-06-27,2501.T,WIN,8.337913878233072,1,9.820015702889275,False,1.5644775018713195,43.76912496196353,0.2368803875811176,0.0039577750676822,1.6676743248690045,2.109478469558268,1.781581355293611,70.83940742006217
UP25_SCORE80_NIKKEION_TP4.0_SL1.0_H1,VALIDATION,2022-06-28,4578.T,HOLD,5.877416001398295,1,2.811500618425085,False,0.7797949709401619,18.15203011575664,2.8767849656501365,0.0818878776719227,1.363859459093525,2.0365833078548183,1.6896963851379687,77.64753835884625
UP25_SCORE80_NIKKEION_TP4.0_SL1.0_H1,VALIDATION,2022-06-29,9501.T,LOSS,-3.9572251007484183,1,8.88196224656258,False,0.6706528765352271,22.37396857143523,5.272727272727273,0.204249264353729,2.005658483470548,3.857225100748418,2.7880650383729697,72.51589607440937
UP25_SCORE80_NIKKEION_TP4.0_SL1.0_H1,VALIDATION,2022-06-30,9501.T,HOLD,2.016402116402116,1,8.69955156950672,False,1.466418212752152,24.51597202150592,-2.072538860103623,0.19025697032202,1.2002946002712256,4.115226337448563,2.0613896712206934,67.97537846674064
UP25_SCORE80_NIKKEION_TP4.0_SL1.0_H1,VALIDATION,2022-08-26,3402.T,WIN,7.4033022680537135,1,4.715826557188758,False,1.3227068499944927,23.326868980224702,2.1349419667568537,0.0451499048489812,2.120364579714173,1.87582556701343,1.8661862363859685,71.48351885781872
UP25_SCORE80_NIKKEION_TP4.0_SL1.0_H1,VALIDATION,2022-09-08,6963.T,WIN,10.483042605336978,1,3.389358493787343,False,1.450911551849754,17.181027533475167,1.1029514224850656,0.0575267132257677,1.5761652398423698,2.645760651334246,1.9134264834457844,63.69425087590122
UP25_SCORE80_NIKKEION_TP4.0_SL1.0_H1,VALIDATION,2022-09-09,8233.T,WIN,8.075196109081217,1,7.105545004350923,False,2.419994828977501,47.07602457680796,1.4067191098883436,0.0424264355421359,1.5726287733935918,2.043799027270306,2.0167180592190808,84.96763309537195
UP25_SCORE80_NIKKEION_TP4.0_SL1.0_H1,VALIDATION,2022-09-12,3099.T,HOLD,8.589121662137844,1,0.7190452600000207,False,2.762599012130851,32.50220295696049,4.701928889725493,0.0900232111163203,1.2789892584444156,2.54233766046678,1.6376233727228475,80.32291358388707
UP25_SCORE80_NIKKEION_TP4.0_SL1.0_H1,VALIDATION,2022-09-13,6762.T,HOLD,4.55946891217528,1,9.463813495840416,False,1.1505973027165384,23.741570665434217,3.5363485256876714,0.0267329113111032,1.529791393965503,2.3772466104535024,1.9478991951222084,70.83421513435317
UP25_SCORE80_NIKKEION_TP4.0_SL1.0_H1,VALIDATION,2022-10-04,4502.T,WIN,6.521601945168077,1,0.1784752662705485,False,0.0923229281194926,12.91568892333423,1.3032940182379882,0.0434328521808546,1.4568342799069054,1.6554004862920173,1.980215777578708,61.542227510413
UP25_SCORE80_NIKKEION_TP4.0_SL1.0_H1,VALIDATION,2022-10-14,8252.T,LOSS,-2.4442579470050907,1,2.389445668348921,False,0.5022998885166441,13.699459371716976,1.0879489875212478,0.0305650495027016,1.5028310064366206,2.4005326238092,1.7893257501729267,61.433450449673664
UP25_SCORE80_NIKKEION_TP4.0_SL1.0_H1,VALIDATION,2022-12-14,4183.T,WIN,7.405831632360161,1,4.047842666128099,False,1.735151101832666,33.47960405091145,1.4353983141801807,0.0171772644233658,1.467974580070142,1.8764579080900419,1.530005084442979,66.28826055987322
UP25_SCORE80_NIKKEION_TP4.0_SL1.0_H1,VALIDATION,2023-01-04,8306.T,LOSS,-2.5587527687580547,1,9.942721833814636,False,4.004071511887508,53.97241962566525,3.140323074040752,0.0772790598147473,1.5402472630176538,2.5207313198785037,1.7562880669658096,80.2377668052138
UP25_SCORE80_NIKKEION_TP4.0_SL1.0_H1,VALIDATION,2023-01-12,8795.T,LOSS,-2.7453695800282008,1,13.347418043336852,False,3.631370741500861,41.89053345181456,1.373349552942793,-0.0147676883364578,1.2388590074410453,2.7172509089875936,1.5983048518463,71.32842362367616
UP25_SCORE80_NIKKEION_TP4.0_SL1.0_H1,VALIDATION,2023-03-10,7532.T,HOLD,2.5956173520402026,1,3.57934608370132,False,1.880228685350693,28.13455632423358,-2.921340206282974,0.0131222127276182,1.491419817093107,2.5463457920216275,1.7096566069760155,58.657926704217566
UP25_SCORE80_NIKKEION_TP4.0_SL1.0_H1,VALIDATION,2023-03-23,2282.T,WIN,5.308156466981318,1,1.7935028429780078,False,0.8430250161032271,22.46676756670302,2.213557995259552,0.0245550521425392,1.4819834848611226,1.3520391167453294,1.6059746686702747,66.90274959696077
UP25_SCORE80_NIKKEION_TP4.0_SL1.0_H1,VALIDATION,2023-05-02,4062.T,HOLD,1.0139579242476215,1,4.013966551592089,False,1.802827796504003,20.67844708573587,9.00735727262434,0.1648387926054175,2.2486169616892635,3.1848252355601923,4.576523959366289,74.71698370331268
UP25_SCORE80_NIKKEION_TP4.0_SL1.0_H1,VALIDATION,2023-07-14,3697.T,HOLD,2.6352689429760656,1,4.414202111466844,False,0.9825434478655692,14.066035777668535,11.423477609773958,0.2445951797241883,3.1735855666491504,3.664836270819342,5.869603952377096,73.90035206959334
UP25_SCORE80_NIKKEION_TP4.0_SL1.0_H1,VALIDATION,2023-07-18,3697.T,HOLD,3.523970101615148,1,4.9953295049275175,False,2.044955701868667,17.111553296105495,2.299582343674889,0.2528169654791361,1.6606525716609066,3.758092130501045,3.6132920490987503,75.56989565836771
UP25_SCORE80_NIKKEION_TP4.0_SL1.0_H1,VALIDATION,2023-07-19,3697.T,TIMEOUT_LOSS,-2.2265375704661805,1,5.567456335180463,False,3.178951129004992,20.179742269010724,3.184516937369808,0.2654910535496504,1.1688741037667625,3.7680333712417116,2.7744672503003995,77.74209892609204
UP25_SCORE80_NIKKEION_TP4.0_SL1.0_H1,VALIDATION,2023-08-02,2871.T,WIN,6.0627349642954025,1,3.8189108712657336,False,0.7242951919965934,34.654865155400365,-0.3352535094952369,0.0165360395766838,1.8527815891231132,1.5406837410738485,2.5689084895259096,68.58018561012706
UP25_SCORE80_NIKKEION_TP4.0_SL1.0_H1,VALIDATION,2023-08-10,1605.T,HOLD,6.879169240044492,1,11.164981718369583,False,3.493592257604239,52.83446425483549,12.463460383201651,0.1554229117371919,2.79979946927813,2.9283910300581084,4.34619726101322,79.77015775754742
UP25_SCORE80_NIKKEION_TP4.0_SL1.0_H1,VALIDATION,2023-08-23,7261.T,WIN,10.508662911097277,1,5.953331285872705,False,1.9455717693589447,12.708498948693068,1.9993264348709736,0.0386591443652704,1.6638416589958922,2.652165727774321,1.5720263859369508,64.21075613369555
UP25_SCORE80_NIKKEION_TP4.0_SL1.0_H1,VALIDATION,2023-08-28,6113.T,WIN,8.383439084083,1,2.0495189820741966,False,1.2136642361419758,13.1843960890482,2.1775693976564536,0.045055261327477,1.8592336349121876,2.1208597710207515,1.5424862573680376,68.72876119221075
UP25_SCORE80_NIKKEION_TP4.0_SL1.0_H1,VALIDATION,2023-09-21,9501.T,HOLD,2.430923944535668,1,12.439084434745476,False,3.3705390033044846,55.35845466158926,3.1764129913268717,0.1079233947128065,1.2387773526238668,2.8613704298891873,1.684289366876984,77.03312199329181
UP25_SCORE80_NIKKEION_TP4.0_SL1.0_H1,VALIDATION,2023-09-26,8795.T,LOSS,-2.598671049358936,1,8.073776484220787,False,2.6441221533526127,40.65925639038708,0.3276185569456968,0.031178315543677,1.4798864527695812,2.562704607466282,1.5836332714471573,67.81712545659161
UP25_SCORE80_NIKKEION_TP4.0_SL1.0_H1,VALIDATION,2023-09-27,8697.T,LOSS,-2.075594545046533,1,3.3470779308842338,False,1.4497709058478805,32.77614038546648,3.4413909652475594,0.0834387115714591,1.6005725384357377,2.015410892703044,2.222029709001226,79.38085439124544
UP25_SCORE80_NIKKEION_TP4.0_SL1.0_H1,VALIDATION,2023-09-28,7211.T,LOSS,-2.7868180437806034,1,9.117007954978993,False,3.450040277711963,39.29149553083054,1.8863381236379428,0.0571909307090926,1.5897506486632105,2.7610011200634483,2.021996336198152,71.69805481165484
UP25_SCORE80_NIKKEION_TP4.0_SL1.0_H1,VALIDATION,2023-09-29,4519.T,LOSS,-2.446928996996245,1,5.059909895761967,False,0.93704686797198,28.12251682599573,0.1516356839443844,0.1048133624170686,1.5080802597375482,2.4033335284704487,2.628650714220726,65.25518100416157
UP25_SCORE80_NIKKEION_TP4.0_SL1.0_H1,VALIDATION,2023-10-18,4507.T,LOSS,-1.7920908594384333,1,6.174252138377524,False,1.508448710992938,30.56928773003908,3.0333842872701577,0.0563860137291234,1.4191308355962604,1.7212153876847047,2.0595506434959647,72.3994575020153
UP25_SCORE80_NIKKEION_TP4.0_SL1.0_H1,VALIDATION,2023-10-31,8354.T,LOSS,-2.778247518823007,1,6.990528763368678,False,0.7896743702185294,20.80181074330227,1.9845406507217331,0.061751516195736,1.2017489922798388,2.7519515941115085,1.8450726385902343,64.8150694647926
UP25_SCORE80_NIKKEION_TP4.0_SL1.0_H1,VALIDATION,2023-12-06,9501.T,HOLD,10.44913294797688,1,1.1578272175565565,False,0.4150857548883557,12.53495466131979,3.919503623521159,0.0978182408120953,2.777650370355735,2.9865125240847794,3.8960955408717135,65.11804068639108
UP25_SCORE80_NIKKEION_TP4.0_SL1.0_H1,VALIDATION,2024-03-08,8331.T,WIN,10.194336414833705,1,5.405307907021086,False,2.693774385595749,36.25104127848698,0.9972018532308002,0.0155313857543469,1.357289321773241,2.573584103708426,1.6865697218534337,73.6374923996679
UP25_SCORE80_NIKKEION_TP4.0_SL1.0_H1,VALIDATION,2024-03-11,8309.T,WIN,9.7796709059245,1,5.456514832612866,False,1.8033243234927052,38.94777737859525,-2.829621941040217,0.0670779999091881,1.2557221617814778,2.469917726481123,1.5724905472866024,64.63927772022649
UP25_SCORE80_NIKKEION_TP4.0_SL1.0_H1,VALIDATION,2024-03-18,3289.T,WIN,10.456607692483834,1,3.1788561124538144,False,1.0067788984315262,36.8627274994429,2.9795236379785983,0.0993729974623696,1.2184818060410647,2.6391519231209566,1.515077338343676,70.79072631991961
UP25_SCORE80_NIKKEION_TP4.0_SL1.0_H1,VALIDATION,2024-03-19,8801.T,HOLD,8.495777150300976,1,9.773150047748146,False,2.115825121948145,32.446154882604525,5.3761017561049895,0.122181980734735,1.510534167150447,2.8278956009457774,2.033014039373544,75.61957057625732
UP20_SCORE80_NIKKEION_TP4.0_SL1.25_H1,VALIDATION,2022-06-24,7211.T,HOLD,11.175615019526564,1,20.002268211229577,False,4.349113502823965,42.1196056280957,-8.606548698090188,0.0025616573777389,1.480431990860245,4.339395390652548,1.9367317893950209,57.01585206707608
UP20_SCORE80_NIKKEION_TP4.0_SL1.25_H1,VALIDATION,2022-06-27,2501.T,WIN,8.337913878233072,1,9.820015702889275,False,1.5644775018713195,43.76912496196353,0.2368803875811176,0.0039577750676822,1.6676743248690045,2.109478469558268,1.781581355293611,70.83940742006217
UP20_SCORE80_NIKKEION_TP4.0_SL1.25_H1,VALIDATION,2022-06-28,4578.T,HOLD,5.877416001398295,1,2.811500618425085,False,0.7797949709401619,18.15203011575664,2.8767849656501365,0.0818878776719227,1.363859459093525,2.0365833078548183,1.6896963851379687,77.64753835884625
UP20_SCORE80_NIKKEION_TP4.0_SL1.25_H1,VALIDATION,2022-06-29,9501.T,TIMEOUT_LOSS,-2.1725388601036233,1,8.88196224656258,False,0.6706528765352271,22.37396857143523,5.272727272727273,0.204249264353729,2.005658483470548,3.857225100748418,2.7880650383729697,72.51589607440937
UP20_SCORE80_NIKKEION_TP4.0_SL1.25_H1,VALIDATION,2022-06-30,9501.T,HOLD,2.016402116402116,1,8.69955156950672,False,1.466418212752152,24.51597202150592,-2.072538860103623,0.19025697032202,1.2002946002712256,4.115226337448563,2.0613896712206934,67.97537846674064
UP20_SCORE80_NIKKEION_TP4.0_SL1.25_H1,VALIDATION,2022-08-26,3402.T,WIN,7.4033022680537135,1,4.715826557188758,False,1.3227068499944927,23.326868980224702,2.1349419667568537,0.0451499048489812,2.120364579714173,1.87582556701343,1.8661862363859685,71.48351885781872
UP20_SCORE80_NIKKEION_TP4.0_SL1.25_H1,VALIDATION,2022-09-08,6963.T,WIN,10.483042605336978,1,3.389358493787343,False,1.450911551849754,17.181027533475167,1.1029514224850656,0.0575267132257677,1.5761652398423698,2.645760651334246,1.9134264834457844,63.69425087590122
UP20_SCORE80_NIKKEION_TP4.0_SL1.25_H1,VALIDATION,2022-09-09,8233.T,WIN,8.075196109081217,1,7.105545004350923,False,2.419994828977501,47.07602457680796,1.4067191098883436,0.0424264355421359,1.5726287733935918,2.043799027270306,2.0167180592190808,84.96763309537195
UP20_SCORE80_NIKKEION_TP4.0_SL1.25_H1,VALIDATION,2022-09-12,3099.T,HOLD,8.589121662137844,1,0.7190452600000207,False,2.762599012130851,32.50220295696049,4.701928889725493,0.0900232111163203,1.2789892584444156,2.54233766046678,1.6376233727228475,80.32291358388707
UP20_SCORE80_NIKKEION_TP4.0_SL1.25_H1,VALIDATION,2022-09-13,6762.T,HOLD,4.55946891217528,1,9.463813495840416,False,1.1505973027165384,23.741570665434217,3.5363485256876714,0.0267329113111032,1.529791393965503,2.3772466104535024,1.9478991951222084,70.83421513435317
UP20_SCORE80_NIKKEION_TP4.0_SL1.25_H1,VALIDATION,2022-10-04,4502.T,WIN,6.521601945168077,1,0.1784752662705485,False,0.0923229281194926,12.91568892333423,1.3032940182379882,0.0434328521808546,1.4568342799069054,1.6554004862920173,1.980215777578708,61.542227510413
UP20_SCORE80_NIKKEION_TP4.0_SL1.25_H1,VALIDATION,2022-10-14,8252.T,LOSS,-3.0132489164464205,1,2.389445668348921,False,0.5022998885166441,13.699459371716976,1.0879489875212478,0.0305650495027016,1.5028310064366206,2.4005326238092,1.7893257501729267,61.433450449673664
UP20_SCORE80_NIKKEION_TP4.0_SL1.25_H1,VALIDATION,2022-12-14,4183.T,WIN,7.405831632360161,1,4.047842666128099,False,1.735151101832666,33.47960405091145,1.4353983141801807,0.0171772644233658,1.467974580070142,1.8764579080900419,1.530005084442979,66.28826055987322
UP20_SCORE80_NIKKEION_TP4.0_SL1.25_H1,VALIDATION,2023-01-04,8306.T,LOSS,-3.1546643001832964,1,9.942721833814636,False,4.004071511887508,53.97241962566525,3.140323074040752,0.0772790598147473,1.5402472630176538,2.5207313198785037,1.7562880669658096,80.2377668052138
UP20_SCORE80_NIKKEION_TP4.0_SL1.25_H1,VALIDATION,2023-01-12,8795.T,LOSS,-3.3849869635746654,1,13.347418043336852,False,3.631370741500861,41.89053345181456,1.373349552942793,-0.0147676883364578,1.2388590074410453,2.7172509089875936,1.5983048518463,71.32842362367616
UP20_SCORE80_NIKKEION_TP4.0_SL1.25_H1,VALIDATION,2023-03-10,7532.T,HOLD,2.5956173520402026,1,3.57934608370132,False,1.880228685350693,28.13455632423358,-2.921340206282974,0.0131222127276182,1.491419817093107,2.5463457920216275,1.7096566069760155,58.657926704217566
UP20_SCORE80_NIKKEION_TP4.0_SL1.25_H1,VALIDATION,2023-03-23,2282.T,WIN,5.308156466981318,1,1.7935028429780078,False,0.8430250161032271,22.46676756670302,2.213557995259552,0.0245550521425392,1.4819834848611226,1.3520391167453294,1.6059746686702747,66.90274959696077
UP20_SCORE80_NIKKEION_TP4.0_SL1.25_H1,VALIDATION,2023-05-02,4062.T,HOLD,1.0139579242476215,1,4.013966551592089,False,1.802827796504003,20.67844708573587,9.00735727262434,0.1648387926054175,2.2486169616892635,3.1848252355601923,4.576523959366289,74.71698370331268
UP20_SCORE80_NIKKEION_TP4.0_SL1.25_H1,VALIDATION,2023-07-14,3697.T,HOLD,2.6352689429760656,1,4.414202111466844,False,0.9825434478655692,14.066035777668535,11.423477609773958,0.2445951797241883,3.1735855666491504,3.664836270819342,5.869603952377096,73.90035206959334
UP20_SCORE80_NIKKEION_TP4.0_SL1.25_H1,VALIDATION,2023-07-18,3697.T,HOLD,3.523970101615148,1,4.9953295049275175,False,2.044955701868667,17.111553296105495,2.299582343674889,0.2528169654791361,1.6606525716609066,3.758092130501045,3.6132920490987503,75.56989565836771
UP20_SCORE80_NIKKEION_TP4.0_SL1.25_H1,VALIDATION,2023-07-19,3697.T,TIMEOUT_LOSS,-2.2265375704661805,1,5.567456335180463,False,3.178951129004992,20.179742269010724,3.184516937369808,0.2654910535496504,1.1688741037667625,3.7680333712417116,2.7744672503003995,77.74209892609204
UP20_SCORE80_NIKKEION_TP4.0_SL1.25_H1,VALIDATION,2023-08-02,2871.T,WIN,6.0627349642954025,1,3.8189108712657336,False,0.7242951919965934,34.654865155400365,-0.3352535094952369,0.0165360395766838,1.8527815891231132,1.5406837410738485,2.5689084895259096,68.58018561012706
UP20_SCORE80_NIKKEION_TP4.0_SL1.25_H1,VALIDATION,2023-08-10,1605.T,HOLD,6.879169240044492,1,11.164981718369583,False,3.493592257604239,52.83446425483549,12.463460383201651,0.1554229117371919,2.79979946927813,2.9283910300581084,4.34619726101322,79.77015775754742
UP20_SCORE80_NIKKEION_TP4.0_SL1.25_H1,VALIDATION,2023-08-23,7261.T,WIN,10.508662911097277,1,5.953331285872705,False,1.9455717693589447,12.708498948693068,1.9993264348709736,0.0386591443652704,1.6638416589958922,2.652165727774321,1.5720263859369508,64.21075613369555
UP20_SCORE80_NIKKEION_TP4.0_SL1.25_H1,VALIDATION,2023-08-28,6113.T,WIN,8.383439084083,1,2.0495189820741966,False,1.2136642361419758,13.1843960890482,2.1775693976564536,0.045055261327477,1.8592336349121876,2.1208597710207515,1.5424862573680376,68.72876119221075
UP20_SCORE80_NIKKEION_TP4.0_SL1.25_H1,VALIDATION,2023-09-21,9501.T,HOLD,2.430923944535668,1,12.439084434745476,False,3.3705390033044846,55.35845466158926,3.1764129913268717,0.1079233947128065,1.2387773526238668,2.8613704298891873,1.684289366876984,77.03312199329181
UP20_SCORE80_NIKKEION_TP4.0_SL1.25_H1,VALIDATION,2023-09-26,8795.T,LOSS,-3.203949440186482,1,8.073776484220787,False,2.6441221533526127,40.65925639038708,0.3276185569456968,0.031178315543677,1.4798864527695812,2.562704607466282,1.5836332714471573,67.81712545659161
UP20_SCORE80_NIKKEION_TP4.0_SL1.25_H1,VALIDATION,2023-09-27,8697.T,LOSS,-2.5573563318968318,1,3.3470779308842338,False,1.4497709058478805,32.77614038546648,3.4413909652475594,0.0834387115714591,1.6005725384357377,2.015410892703044,2.222029709001226,79.38085439124544
UP20_SCORE80_NIKKEION_TP4.0_SL1.25_H1,VALIDATION,2023-09-28,7211.T,LOSS,-3.436113728322343,1,9.117007954978993,False,3.450040277711963,39.29149553083054,1.8863381236379428,0.0571909307090926,1.5897506486632105,2.7610011200634483,2.021996336198152,71.69805481165484
UP20_SCORE80_NIKKEION_TP4.0_SL1.25_H1,VALIDATION,2023-09-29,4519.T,LOSS,-3.016548913206396,1,5.059909895761967,False,0.93704686797198,28.12251682599573,0.1516356839443844,0.1048133624170686,1.5080802597375482,2.4033335284704487,2.628650714220726,65.25518100416157
UP20_SCORE80_NIKKEION_TP4.0_SL1.25_H1,VALIDATION,2023-10-18,4507.T,LOSS,-2.206203853576172,1,6.174252138377524,False,1.508448710992938,30.56928773003908,3.0333842872701577,0.0563860137291234,1.4191308355962604,1.7212153876847047,2.0595506434959647,72.3994575020153
UP20_SCORE80_NIKKEION_TP4.0_SL1.25_H1,VALIDATION,2023-10-31,8354.T,LOSS,-3.425542831436179,1,6.990528763368678,False,0.7896743702185294,20.80181074330227,1.9845406507217331,0.061751516195736,1.2017489922798388,2.7519515941115085,1.8450726385902343,64.8150694647926
UP20_SCORE80_NIKKEION_TP4.0_SL1.25_H1,VALIDATION,2023-12-06,9501.T,HOLD,10.44913294797688,1,1.1578272175565565,False,0.4150857548883557,12.53495466131979,3.919503623521159,0.0978182408120953,2.777650370355735,2.9865125240847794,3.8960955408717135,65.11804068639108
UP20_SCORE80_NIKKEION_TP4.0_SL1.25_H1,VALIDATION,2024-03-08,8331.T,WIN,10.194336414833705,1,5.405307907021086,False,2.693774385595749,36.25104127848698,0.9972018532308002,0.0155313857543469,1.357289321773241,2.573584103708426,1.6865697218534337,73.6374923996679
UP20_SCORE80_NIKKEION_TP4.0_SL1.25_H1,VALIDATION,2024-03-11,8309.T,WIN,9.7796709059245,1,5.456514832612866,False,1.8033243234927052,38.94777737859525,-2.829621941040217,0.0670779999091881,1.2557221617814778,2.469917726481123,1.5724905472866024,64.63927772022649
UP20_SCORE80_NIKKEION_TP4.0_SL1.25_H1,VALIDATION,2024-03-18,3289.T,WIN,10.456607692483834,1,3.1788561124538144,False,1.0067788984315262,36.8627274994429,2.9795236379785983,0.0993729974623696,1.2184818060410647,2.6391519231209566,1.515077338343676,70.79072631991961
UP20_SCORE80_NIKKEION_TP4.0_SL1.25_H1,VALIDATION,2024-03-19,8801.T,HOLD,8.495777150300976,1,9.773150047748146,False,2.115825121948145,32.446154882604525,5.3761017561049895,0.122181980734735,1.510534167150447,2.8278956009457774,2.033014039373544,75.61957057625732
UP20_SCORE80_NIKKEION_TP4.0_SL1.0_H1,VALIDATION,2022-06-24,7211.T,HOLD,11.175615019526564,1,20.002268211229577,False,4.349113502823965,42.1196056280957,-8.606548698090188,0.0025616573777389,1.480431990860245,4.339395390652548,1.9367317893950209,57.01585206707608
UP20_SCORE80_NIKKEION_TP4.0_SL1.0_H1,VALIDATION,2022-06-27,2501.T,WIN,8.337913878233072,1,9.820015702889275,False,1.5644775018713195,43.76912496196353,0.2368803875811176,0.0039577750676822,1.6676743248690045,2.109478469558268,1.781581355293611,70.83940742006217
UP20_SCORE80_NIKKEION_TP4.0_SL1.0_H1,VALIDATION,2022-06-28,4578.T,HOLD,5.877416001398295,1,2.811500618425085,False,0.7797949709401619,18.15203011575664,2.8767849656501365,0.0818878776719227,1.363859459093525,2.0365833078548183,1.6896963851379687,77.64753835884625
UP20_SCORE80_NIKKEION_TP4.0_SL1.0_H1,VALIDATION,2022-06-29,9501.T,LOSS,-3.9572251007484183,1,8.88196224656258,False,0.6706528765352271,22.37396857143523,5.272727272727273,0.204249264353729,2.005658483470548,3.857225100748418,2.7880650383729697,72.51589607440937
UP20_SCORE80_NIKKEION_TP4.0_SL1.0_H1,VALIDATION,2022-06-30,9501.T,HOLD,2.016402116402116,1,8.69955156950672,False,1.466418212752152,24.51597202150592,-2.072538860103623,0.19025697032202,1.2002946002712256,4.115226337448563,2.0613896712206934,67.97537846674064
UP20_SCORE80_NIKKEION_TP4.0_SL1.0_H1,VALIDATION,2022-08-26,3402.T,WIN,7.4033022680537135,1,4.715826557188758,False,1.3227068499944927,23.326868980224702,2.1349419667568537,0.0451499048489812,2.120364579714173,1.87582556701343,1.8661862363859685,71.48351885781872
UP20_SCORE80_NIKKEION_TP4.0_SL1.0_H1,VALIDATION,2022-09-08,6963.T,WIN,10.483042605336978,1,3.389358493787343,False,1.450911551849754,17.181027533475167,1.1029514224850656,0.0575267132257677,1.5761652398423698,2.645760651334246,1.9134264834457844,63.69425087590122
UP20_SCORE80_NIKKEION_TP4.0_SL1.0_H1,VALIDATION,2022-09-09,8233.T,WIN,8.075196109081217,1,7.105545004350923,False,2.419994828977501,47.07602457680796,1.4067191098883436,0.0424264355421359,1.5726287733935918,2.043799027270306,2.0167180592190808,84.96763309537195
UP20_SCORE80_NIKKEION_TP4.0_SL1.0_H1,VALIDATION,2022-09-12,3099.T,HOLD,8.589121662137844,1,0.7190452600000207,False,2.762599012130851,32.50220295696049,4.701928889725493,0.0900232111163203,1.2789892584444156,2.54233766046678,1.6376233727228475,80.32291358388707
UP20_SCORE80_NIKKEION_TP4.0_SL1.0_H1,VALIDATION,2022-09-13,6762.T,HOLD,4.55946891217528,1,9.463813495840416,False,1.1505973027165384,23.741570665434217,3.5363485256876714,0.0267329113111032,1.529791393965503,2.3772466104535024,1.9478991951222084,70.83421513435317
UP20_SCORE80_NIKKEION_TP4.0_SL1.0_H1,VALIDATION,2022-10-04,4502.T,WIN,6.521601945168077,1,0.1784752662705485,False,0.0923229281194926,12.91568892333423,1.3032940182379882,0.0434328521808546,1.4568342799069054,1.6554004862920173,1.980215777578708,61.542227510413
UP20_SCORE80_NIKKEION_TP4.0_SL1.0_H1,VALIDATION,2022-10-14,8252.T,LOSS,-2.4442579470050907,1,2.389445668348921,False,0.5022998885166441,13.699459371716976,1.0879489875212478,0.0305650495027016,1.5028310064366206,2.4005326238092,1.7893257501729267,61.433450449673664
UP20_SCORE80_NIKKEION_TP4.0_SL1.0_H1,VALIDATION,2022-12-14,4183.T,WIN,7.405831632360161,1,4.047842666128099,False,1.735151101832666,33.47960405091145,1.4353983141801807,0.0171772644233658,1.467974580070142,1.8764579080900419,1.530005084442979,66.28826055987322
UP20_SCORE80_NIKKEION_TP4.0_SL1.0_H1,VALIDATION,2023-01-04,8306.T,LOSS,-2.5587527687580547,1,9.942721833814636,False,4.004071511887508,53.97241962566525,3.140323074040752,0.0772790598147473,1.5402472630176538,2.5207313198785037,1.7562880669658096,80.2377668052138
UP20_SCORE80_NIKKEION_TP4.0_SL1.0_H1,VALIDATION,2023-01-12,8795.T,LOSS,-2.7453695800282008,1,13.347418043336852,False,3.631370741500861,41.89053345181456,1.373349552942793,-0.0147676883364578,1.2388590074410453,2.7172509089875936,1.5983048518463,71.32842362367616
UP20_SCORE80_NIKKEION_TP4.0_SL1.0_H1,VALIDATION,2023-03-10,7532.T,HOLD,2.5956173520402026,1,3.57934608370132,False,1.880228685350693,28.13455632423358,-2.921340206282974,0.0131222127276182,1.491419817093107,2.5463457920216275,1.7096566069760155,58.657926704217566
UP20_SCORE80_NIKKEION_TP4.0_SL1.0_H1,VALIDATION,2023-03-23,2282.T,WIN,5.308156466981318,1,1.7935028429780078,False,0.8430250161032271,22.46676756670302,2.213557995259552,0.0245550521425392,1.4819834848611226,1.3520391167453294,1.6059746686702747,66.90274959696077
UP20_SCORE80_NIKKEION_TP4.0_SL1.0_H1,VALIDATION,2023-05-02,4062.T,HOLD,1.0139579242476215,1,4.013966551592089,False,1.802827796504003,20.67844708573587,9.00735727262434,0.1648387926054175,2.2486169616892635,3.1848252355601923,4.576523959366289,74.71698370331268
UP20_SCORE80_NIKKEION_TP4.0_SL1.0_H1,VALIDATION,2023-07-14,3697.T,HOLD,2.6352689429760656,1,4.414202111466844,False,0.9825434478655692,14.066035777668535,11.423477609773958,0.2445951797241883,3.1735855666491504,3.664836270819342,5.869603952377096,73.90035206959334
UP20_SCORE80_NIKKEION_TP4.0_SL1.0_H1,VALIDATION,2023-07-18,3697.T,HOLD,3.523970101615148,1,4.9953295049275175,False,2.044955701868667,17.111553296105495,2.299582343674889,0.2528169654791361,1.6606525716609066,3.758092130501045,3.6132920490987503,75.56989565836771
UP20_SCORE80_NIKKEION_TP4.0_SL1.0_H1,VALIDATION,2023-07-19,3697.T,TIMEOUT_LOSS,-2.2265375704661805,1,5.567456335180463,False,3.178951129004992,20.179742269010724,3.184516937369808,0.2654910535496504,1.1688741037667625,3.7680333712417116,2.7744672503003995,77.74209892609204
UP20_SCORE80_NIKKEION_TP4.0_SL1.0_H1,VALIDATION,2023-08-02,2871.T,WIN,6.0627349642954025,1,3.8189108712657336,False,0.7242951919965934,34.654865155400365,-0.3352535094952369,0.0165360395766838,1.8527815891231132,1.5406837410738485,2.5689084895259096,68.58018561012706
UP20_SCORE80_NIKKEION_TP4.0_SL1.0_H1,VALIDATION,2023-08-10,1605.T,HOLD,6.879169240044492,1,11.164981718369583,False,3.493592257604239,52.83446425483549,12.463460383201651,0.1554229117371919,2.79979946927813,2.9283910300581084,4.34619726101322,79.77015775754742
UP20_SCORE80_NIKKEION_TP4.0_SL1.0_H1,VALIDATION,2023-08-23,7261.T,WIN,10.508662911097277,1,5.953331285872705,False,1.9455717693589447,12.708498948693068,1.9993264348709736,0.0386591443652704,1.6638416589958922,2.652165727774321,1.5720263859369508,64.21075613369555
UP20_SCORE80_NIKKEION_TP4.0_SL1.0_H1,VALIDATION,2023-08-28,6113.T,WIN,8.383439084083,1,2.0495189820741966,False,1.2136642361419758,13.1843960890482,2.1775693976564536,0.045055261327477,1.8592336349121876,2.1208597710207515,1.5424862573680376,68.72876119221075
UP20_SCORE80_NIKKEION_TP4.0_SL1.0_H1,VALIDATION,2023-09-21,9501.T,HOLD,2.430923944535668,1,12.439084434745476,False,3.3705390033044846,55.35845466158926,3.1764129913268717,0.1079233947128065,1.2387773526238668,2.8613704298891873,1.684289366876984,77.03312199329181
UP20_SCORE80_NIKKEION_TP4.0_SL1.0_H1,VALIDATION,2023-09-26,8795.T,LOSS,-2.598671049358936,1,8.073776484220787,False,2.6441221533526127,40.65925639038708,0.3276185569456968,0.031178315543677,1.4798864527695812,2.562704607466282,1.5836332714471573,67.81712545659161
UP20_SCORE80_NIKKEION_TP4.0_SL1.0_H1,VALIDATION,2023-09-27,8697.T,LOSS,-2.075594545046533,1,3.3470779308842338,False,1.4497709058478805,32.77614038546648,3.4413909652475594,0.0834387115714591,1.6005725384357377,2.015410892703044,2.222029709001226,79.38085439124544
UP20_SCORE80_NIKKEION_TP4.0_SL1.0_H1,VALIDATION,2023-09-28,7211.T,LOSS,-2.7868180437806034,1,9.117007954978993,False,3.450040277711963,39.29149553083054,1.8863381236379428,0.0571909307090926,1.5897506486632105,2.7610011200634483,2.021996336198152,71.69805481165484
UP20_SCORE80_NIKKEION_TP4.0_SL1.0_H1,VALIDATION,2023-09-29,4519.T,LOSS,-2.446928996996245,1,5.059909895761967,False,0.93704686797198,28.12251682599573,0.1516356839443844,0.1048133624170686,1.5080802597375482,2.4033335284704487,2.628650714220726,65.25518100416157
UP20_SCORE80_NIKKEION_TP4.0_SL1.0_H1,VALIDATION,2023-10-18,4507.T,LOSS,-1.7920908594384333,1,6.174252138377524,False,1.508448710992938,30.56928773003908,3.0333842872701577,0.0563860137291234,1.4191308355962604,1.7212153876847047,2.0595506434959647,72.3994575020153
UP20_SCORE80_NIKKEION_TP4.0_SL1.0_H1,VALIDATION,2023-10-31,8354.T,LOSS,-2.778247518823007,1,6.990528763368678,False,0.7896743702185294,20.80181074330227,1.9845406507217331,0.061751516195736,1.2017489922798388,2.7519515941115085,1.8450726385902343,64.8150694647926
UP20_SCORE80_NIKKEION_TP4.0_SL1.0_H1,VALIDATION,2023-12-06,9501.T,HOLD,10.44913294797688,1,1.1578272175565565,False,0.4150857548883557,12.53495466131979,3.919503623521159,0.0978182408120953,2.777650370355735,2.9865125240847794,3.8960955408717135,65.11804068639108
UP20_SCORE80_NIKKEION_TP4.0_SL1.0_H1,VALIDATION,2024-03-08,8331.T,WIN,10.194336414833705,1,5.405307907021086,False,2.693774385595749,36.25104127848698,0.9972018532308002,0.0155313857543469,1.357289321773241,2.573584103708426,1.6865697218534337,73.6374923996679
UP20_SCORE80_NIKKEION_TP4.0_SL1.0_H1,VALIDATION,2024-03-11,8309.T,WIN,9.7796709059245,1,5.456514832612866,False,1.8033243234927052,38.94777737859525,-2.829621941040217,0.0670779999091881,1.2557221617814778,2.469917726481123,1.5724905472866024,64.63927772022649
UP20_SCORE80_NIKKEION_TP4.0_SL1.0_H1,VALIDATION,2024-03-18,3289.T,WIN,10.456607692483834,1,3.1788561124538144,False,1.0067788984315262,36.8627274994429,2.9795236379785983,0.0993729974623696,1.2184818060410647,2.6391519231209566,1.515077338343676,70.79072631991961
UP20_SCORE80_NIKKEION_TP4.0_SL1.0_H1,VALIDATION,2024-03-19,8801.T,HOLD,8.495777150300976,1,9.773150047748146,False,2.115825121948145,32.446154882604525,5.3761017561049895,0.122181980734735,1.510534167150447,2.8278956009457774,2.033014039373544,75.61957057625732
UP30_SCORE80_NIKKEION_TP4.0_SL1.25_H1,VALIDATION,2022-06-24,7211.T,HOLD,11.175615019526564,1,20.002268211229577,False,4.349113502823965,42.1196056280957,-8.606548698090188,0.0025616573777389,1.480431990860245,4.339395390652548,1.9367317893950209,57.01585206707608
UP30_SCORE80_NIKKEION_TP4.0_SL1.25_H1,VALIDATION,2022-06-27,2501.T,WIN,8.337913878233072,1,9.820015702889275,False,1.5644775018713195,43.76912496196353,0.2368803875811176,0.0039577750676822,1.6676743248690045,2.109478469558268,1.781581355293611,70.83940742006217
UP30_SCORE80_NIKKEION_TP4.0_SL1.25_H1,VALIDATION,2022-06-28,4578.T,HOLD,5.877416001398295,1,2.811500618425085,False,0.7797949709401619,18.15203011575664,2.8767849656501365,0.0818878776719227,1.363859459093525,2.0365833078548183,1.6896963851379687,77.64753835884625
UP30_SCORE80_NIKKEION_TP4.0_SL1.25_H1,VALIDATION,2022-06-29,9501.T,TIMEOUT_LOSS,-2.1725388601036233,1,8.88196224656258,False,0.6706528765352271,22.37396857143523,5.272727272727273,0.204249264353729,2.005658483470548,3.857225100748418,2.7880650383729697,72.51589607440937
UP30_SCORE80_NIKKEION_TP4.0_SL1.25_H1,VALIDATION,2022-06-30,9501.T,HOLD,2.016402116402116,1,8.69955156950672,False,1.466418212752152,24.51597202150592,-2.072538860103623,0.19025697032202,1.2002946002712256,4.115226337448563,2.0613896712206934,67.97537846674064
UP30_SCORE80_NIKKEION_TP4.0_SL1.25_H1,VALIDATION,2022-08-26,3402.T,WIN,7.4033022680537135,1,4.715826557188758,False,1.3227068499944927,23.326868980224702,2.1349419667568537,0.0451499048489812,2.120364579714173,1.87582556701343,1.8661862363859685,71.48351885781872
UP30_SCORE80_NIKKEION_TP4.0_SL1.25_H1,VALIDATION,2022-09-08,6963.T,WIN,10.483042605336978,1,3.389358493787343,False,1.450911551849754,17.181027533475167,1.1029514224850656,0.0575267132257677,1.5761652398423698,2.645760651334246,1.9134264834457844,63.69425087590122
UP30_SCORE80_NIKKEION_TP4.0_SL1.25_H1,VALIDATION,2022-09-09,8233.T,WIN,8.075196109081217,1,7.105545004350923,False,2.419994828977501,47.07602457680796,1.4067191098883436,0.0424264355421359,1.5726287733935918,2.043799027270306,2.0167180592190808,84.96763309537195
UP30_SCORE80_NIKKEION_TP4.0_SL1.25_H1,VALIDATION,2022-09-12,3099.T,HOLD,8.589121662137844,1,0.7190452600000207,False,2.762599012130851,32.50220295696049,4.701928889725493,0.0900232111163203,1.2789892584444156,2.54233766046678,1.6376233727228475,80.32291358388707
UP30_SCORE80_NIKKEION_TP4.0_SL1.25_H1,VALIDATION,2022-09-13,6762.T,HOLD,4.55946891217528,1,9.463813495840416,False,1.1505973027165384,23.741570665434217,3.5363485256876714,0.0267329113111032,1.529791393965503,2.3772466104535024,1.9478991951222084,70.83421513435317
UP30_SCORE80_NIKKEION_TP4.0_SL1.25_H1,VALIDATION,2022-10-04,4502.T,WIN,6.521601945168077,1,0.1784752662705485,False,0.0923229281194926,12.91568892333423,1.3032940182379882,0.0434328521808546,1.4568342799069054,1.6554004862920173,1.980215777578708,61.542227510413
UP30_SCORE80_NIKKEION_TP4.0_SL1.25_H1,VALIDATION,2022-10-14,8252.T,LOSS,-3.0132489164464205,1,2.389445668348921,False,0.5022998885166441,13.699459371716976,1.0879489875212478,0.0305650495027016,1.5028310064366206,2.4005326238092,1.7893257501729267,61.433450449673664
UP30_SCORE80_NIKKEION_TP4.0_SL1.25_H1,VALIDATION,2022-12-14,4183.T,WIN,7.405831632360161,1,4.047842666128099,False,1.735151101832666,33.47960405091145,1.4353983141801807,0.0171772644233658,1.467974580070142,1.8764579080900419,1.530005084442979,66.28826055987322
UP30_SCORE80_NIKKEION_TP4.0_SL1.25_H1,VALIDATION,2023-01-04,8306.T,LOSS,-3.1546643001832964,1,9.942721833814636,False,4.004071511887508,53.97241962566525,3.140323074040752,0.0772790598147473,1.5402472630176538,2.5207313198785037,1.7562880669658096,80.2377668052138
UP30_SCORE80_NIKKEION_TP4.0_SL1.25_H1,VALIDATION,2023-01-12,8795.T,LOSS,-3.3849869635746654,1,13.347418043336852,False,3.631370741500861,41.89053345181456,1.373349552942793,-0.0147676883364578,1.2388590074410453,2.7172509089875936,1.5983048518463,71.32842362367616
UP30_SCORE80_NIKKEION_TP4.0_SL1.25_H1,VALIDATION,2023-03-10,7532.T,HOLD,2.5956173520402026,1,3.57934608370132,False,1.880228685350693,28.13455632423358,-2.921340206282974,0.0131222127276182,1.491419817093107,2.5463457920216275,1.7096566069760155,58.657926704217566
UP30_SCORE80_NIKKEION_TP4.0_SL1.25_H1,VALIDATION,2023-03-23,2282.T,WIN,5.308156466981318,1,1.7935028429780078,False,0.8430250161032271,22.46676756670302,2.213557995259552,0.0245550521425392,1.4819834848611226,1.3520391167453294,1.6059746686702747,66.90274959696077
UP30_SCORE80_NIKKEION_TP4.0_SL1.25_H1,VALIDATION,2023-05-02,4062.T,HOLD,1.0139579242476215,1,4.013966551592089,False,1.802827796504003,20.67844708573587,9.00735727262434,0.1648387926054175,2.2486169616892635,3.1848252355601923,4.576523959366289,74.71698370331268
UP30_SCORE80_NIKKEION_TP4.0_SL1.25_H1,VALIDATION,2023-07-14,3697.T,HOLD,2.6352689429760656,1,4.414202111466844,False,0.9825434478655692,14.066035777668535,11.423477609773958,0.2445951797241883,3.1735855666491504,3.664836270819342,5.869603952377096,73.90035206959334
UP30_SCORE80_NIKKEION_TP4.0_SL1.25_H1,VALIDATION,2023-07-18,3697.T,HOLD,3.523970101615148,1,4.9953295049275175,False,2.044955701868667,17.111553296105495,2.299582343674889,0.2528169654791361,1.6606525716609066,3.758092130501045,3.6132920490987503,75.56989565836771
UP30_SCORE80_NIKKEION_TP4.0_SL1.25_H1,VALIDATION,2023-07-19,3697.T,TIMEOUT_LOSS,-2.2265375704661805,1,5.567456335180463,False,3.178951129004992,20.179742269010724,3.184516937369808,0.2654910535496504,1.1688741037667625,3.7680333712417116,2.7744672503003995,77.74209892609204
UP30_SCORE80_NIKKEION_TP4.0_SL1.25_H1,VALIDATION,2023-08-02,2871.T,WIN,6.0627349642954025,1,3.8189108712657336,False,0.7242951919965934,34.654865155400365,-0.3352535094952369,0.0165360395766838,1.8527815891231132,1.5406837410738485,2.5689084895259096,68.58018561012706
UP30_SCORE80_NIKKEION_TP4.0_SL1.25_H1,VALIDATION,2023-08-10,1605.T,HOLD,6.879169240044492,1,11.164981718369583,False,3.493592257604239,52.83446425483549,12.463460383201651,0.1554229117371919,2.79979946927813,2.9283910300581084,4.34619726101322,79.77015775754742
UP30_SCORE80_NIKKEION_TP4.0_SL1.25_H1,VALIDATION,2023-08-23,7261.T,WIN,10.508662911097277,1,5.953331285872705,False,1.9455717693589447,12.708498948693068,1.9993264348709736,0.0386591443652704,1.6638416589958922,2.652165727774321,1.5720263859369508,64.21075613369555
UP30_SCORE80_NIKKEION_TP4.0_SL1.25_H1,VALIDATION,2023-08-28,6113.T,WIN,8.383439084083,1,2.0495189820741966,False,1.2136642361419758,13.1843960890482,2.1775693976564536,0.045055261327477,1.8592336349121876,2.1208597710207515,1.5424862573680376,68.72876119221075
UP30_SCORE80_NIKKEION_TP4.0_SL1.25_H1,VALIDATION,2023-09-21,9501.T,HOLD,2.430923944535668,1,12.439084434745476,False,3.3705390033044846,55.35845466158926,3.1764129913268717,0.1079233947128065,1.2387773526238668,2.8613704298891873,1.684289366876984,77.03312199329181
UP30_SCORE80_NIKKEION_TP4.0_SL1.25_H1,VALIDATION,2023-09-26,8795.T,LOSS,-3.203949440186482,1,8.073776484220787,False,2.6441221533526127,40.65925639038708,0.3276185569456968,0.031178315543677,1.4798864527695812,2.562704607466282,1.5836332714471573,67.81712545659161
UP30_SCORE80_NIKKEION_TP4.0_SL1.25_H1,VALIDATION,2023-09-27,8697.T,LOSS,-2.5573563318968318,1,3.3470779308842338,False,1.4497709058478805,32.77614038546648,3.4413909652475594,0.0834387115714591,1.6005725384357377,2.015410892703044,2.222029709001226,79.38085439124544
UP30_SCORE80_NIKKEION_TP4.0_SL1.25_H1,VALIDATION,2023-09-28,7211.T,LOSS,-3.436113728322343,1,9.117007954978993,False,3.450040277711963,39.29149553083054,1.8863381236379428,0.0571909307090926,1.5897506486632105,2.7610011200634483,2.021996336198152,71.69805481165484
UP30_SCORE80_NIKKEION_TP4.0_SL1.25_H1,VALIDATION,2023-09-29,4519.T,LOSS,-3.016548913206396,1,5.059909895761967,False,0.93704686797198,28.12251682599573,0.1516356839443844,0.1048133624170686,1.5080802597375482,2.4033335284704487,2.628650714220726,65.25518100416157
UP30_SCORE80_NIKKEION_TP4.0_SL1.25_H1,VALIDATION,2023-10-18,4507.T,LOSS,-2.206203853576172,1,6.174252138377524,False,1.508448710992938,30.56928773003908,3.0333842872701577,0.0563860137291234,1.4191308355962604,1.7212153876847047,2.0595506434959647,72.3994575020153
UP30_SCORE80_NIKKEION_TP4.0_SL1.25_H1,VALIDATION,2023-10-31,8354.T,LOSS,-3.425542831436179,1,6.990528763368678,False,0.7896743702185294,20.80181074330227,1.9845406507217331,0.061751516195736,1.2017489922798388,2.7519515941115085,1.8450726385902343,64.8150694647926
UP30_SCORE80_NIKKEION_TP4.0_SL1.25_H1,VALIDATION,2023-12-06,9501.T,HOLD,10.44913294797688,1,1.1578272175565565,False,0.4150857548883557,12.53495466131979,3.919503623521159,0.0978182408120953,2.777650370355735,2.9865125240847794,3.8960955408717135,65.11804068639108
UP30_SCORE80_NIKKEION_TP4.0_SL1.25_H1,VALIDATION,2024-03-08,8331.T,WIN,10.194336414833705,1,5.405307907021086,False,2.693774385595749,36.25104127848698,0.9972018532308002,0.0155313857543469,1.357289321773241,2.573584103708426,1.6865697218534337,73.6374923996679
UP30_SCORE80_NIKKEION_TP4.0_SL1.25_H1,VALIDATION,2024-03-11,8309.T,WIN,9.7796709059245,1,5.456514832612866,False,1.8033243234927052,38.94777737859525,-2.829621941040217,0.0670779999091881,1.2557221617814778,2.469917726481123,1.5724905472866024,64.63927772022649
UP30_SCORE80_NIKKEION_TP4.0_SL1.25_H1,VALIDATION,2024-03-18,3289.T,WIN,10.456607692483834,1,3.1788561124538144,False,1.0067788984315262,36.8627274994429,2.9795236379785983,0.0993729974623696,1.2184818060410647,2.6391519231209566,1.515077338343676,70.79072631991961
UP30_SCORE80_NIKKEION_TP4.0_SL1.25_H1,VALIDATION,2024-03-19,8801.T,HOLD,8.495777150300976,1,9.773150047748146,False,2.115825121948145,32.446154882604525,5.3761017561049895,0.122181980734735,1.510534167150447,2.8278956009457774,2.033014039373544,75.61957057625732
UP30_SCORE80_NIKKEION_TP4.0_SL1.5_H1,VALIDATION,2022-06-24,7211.T,HOLD,11.175615019526564,1,20.002268211229577,False,4.349113502823965,42.1196056280957,-8.606548698090188,0.0025616573777389,1.480431990860245,4.339395390652548,1.9367317893950209,57.01585206707608
UP30_SCORE80_NIKKEION_TP4.0_SL1.5_H1,VALIDATION,2022-06-27,2501.T,WIN,8.337913878233072,1,9.820015702889275,False,1.5644775018713195,43.76912496196353,0.2368803875811176,0.0039577750676822,1.6676743248690045,2.109478469558268,1.781581355293611,70.83940742006217
UP30_SCORE80_NIKKEION_TP4.0_SL1.5_H1,VALIDATION,2022-06-28,4578.T,HOLD,5.877416001398295,1,2.811500618425085,False,0.7797949709401619,18.15203011575664,2.8767849656501365,0.0818878776719227,1.363859459093525,2.0365833078548183,1.6896963851379687,77.64753835884625
UP30_SCORE80_NIKKEION_TP4.0_SL1.5_H1,VALIDATION,2022-06-29,9501.T,TIMEOUT_LOSS,-2.1725388601036233,1,8.88196224656258,False,0.6706528765352271,22.37396857143523,5.272727272727273,0.204249264353729,2.005658483470548,3.857225100748418,2.7880650383729697,72.51589607440937
UP30_SCORE80_NIKKEION_TP4.0_SL1.5_H1,VALIDATION,2022-06-30,9501.T,HOLD,2.016402116402116,1,8.69955156950672,False,1.466418212752152,24.51597202150592,-2.072538860103623,0.19025697032202,1.2002946002712256,4.115226337448563,2.0613896712206934,67.97537846674064
UP30_SCORE80_NIKKEION_TP4.0_SL1.5_H1,VALIDATION,2022-08-26,3402.T,WIN,7.4033022680537135,1,4.715826557188758,False,1.3227068499944927,23.326868980224702,2.1349419667568537,0.0451499048489812,2.120364579714173,1.87582556701343,1.8661862363859685,71.48351885781872
UP30_SCORE80_NIKKEION_TP4.0_SL1.5_H1,VALIDATION,2022-09-08,6963.T,WIN,10.483042605336978,1,3.389358493787343,False,1.450911551849754,17.181027533475167,1.1029514224850656,0.0575267132257677,1.5761652398423698,2.645760651334246,1.9134264834457844,63.69425087590122
UP30_SCORE80_NIKKEION_TP4.0_SL1.5_H1,VALIDATION,2022-09-09,8233.T,WIN,8.075196109081217,1,7.105545004350923,False,2.419994828977501,47.07602457680796,1.4067191098883436,0.0424264355421359,1.5726287733935918,2.043799027270306,2.0167180592190808,84.96763309537195
UP30_SCORE80_NIKKEION_TP4.0_SL1.5_H1,VALIDATION,2022-09-12,3099.T,HOLD,8.589121662137844,1,0.7190452600000207,False,2.762599012130851,32.50220295696049,4.701928889725493,0.0900232111163203,1.2789892584444156,2.54233766046678,1.6376233727228475,80.32291358388707
UP30_SCORE80_NIKKEION_TP4.0_SL1.5_H1,VALIDATION,2022-09-13,6762.T,HOLD,4.55946891217528,1,9.463813495840416,False,1.1505973027165384,23.741570665434217,3.5363485256876714,0.0267329113111032,1.529791393965503,2.3772466104535024,1.9478991951222084,70.83421513435317
UP30_SCORE80_NIKKEION_TP4.0_SL1.5_H1,VALIDATION,2022-10-04,4502.T,WIN,6.521601945168077,1,0.1784752662705485,False,0.0923229281194926,12.91568892333423,1.3032940182379882,0.0434328521808546,1.4568342799069054,1.6554004862920173,1.980215777578708,61.542227510413
UP30_SCORE80_NIKKEION_TP4.0_SL1.5_H1,VALIDATION,2022-10-14,8252.T,LOSS,-3.5756478450983398,1,2.389445668348921,False,0.5022998885166441,13.699459371716976,1.0879489875212478,0.0305650495027016,1.5028310064366206,2.4005326238092,1.7893257501729267,61.433450449673664
UP30_SCORE80_NIKKEION_TP4.0_SL1.5_H1,VALIDATION,2022-12-14,4183.T,WIN,7.405831632360161,1,4.047842666128099,False,1.735151101832666,33.47960405091145,1.4353983141801807,0.0171772644233658,1.467974580070142,1.8764579080900419,1.530005084442979,66.28826055987322
UP30_SCORE80_NIKKEION_TP4.0_SL1.5_H1,VALIDATION,2023-01-04,8306.T,LOSS,-3.7433388062501183,1,9.942721833814636,False,4.004071511887508,53.97241962566525,3.140323074040752,0.0772790598147473,1.5402472630176538,2.5207313198785037,1.7562880669658096,80.2377668052138
UP30_SCORE80_NIKKEION_TP4.0_SL1.5_H1,VALIDATION,2023-01-12,8795.T,LOSS,-4.016254665246854,1,13.347418043336852,False,3.631370741500861,41.89053345181456,1.373349552942793,-0.0147676883364578,1.2388590074410453,2.7172509089875936,1.5983048518463,71.32842362367616
UP30_SCORE80_NIKKEION_TP4.0_SL1.5_H1,VALIDATION,2023-03-10,7532.T,HOLD,2.5956173520402026,1,3.57934608370132,False,1.880228685350693,28.13455632423358,-2.921340206282974,0.0131222127276182,1.491419817093107,2.5463457920216275,1.7096566069760155,58.657926704217566
UP30_SCORE80_NIKKEION_TP4.0_SL1.5_H1,VALIDATION,2023-03-23,2282.T,WIN,5.308156466981318,1,1.7935028429780078,False,0.8430250161032271,22.46676756670302,2.213557995259552,0.0245550521425392,1.4819834848611226,1.3520391167453294,1.6059746686702747,66.90274959696077
UP30_SCORE80_NIKKEION_TP4.0_SL1.5_H1,VALIDATION,2023-05-02,4062.T,HOLD,1.0139579242476215,1,4.013966551592089,False,1.802827796504003,20.67844708573587,9.00735727262434,0.1648387926054175,2.2486169616892635,3.1848252355601923,4.576523959366289,74.71698370331268
UP30_SCORE80_NIKKEION_TP4.0_SL1.5_H1,VALIDATION,2023-07-14,3697.T,HOLD,2.6352689429760656,1,4.414202111466844,False,0.9825434478655692,14.066035777668535,11.423477609773958,0.2445951797241883,3.1735855666491504,3.664836270819342,5.869603952377096,73.90035206959334
UP30_SCORE80_NIKKEION_TP4.0_SL1.5_H1,VALIDATION,2023-07-18,3697.T,HOLD,3.523970101615148,1,4.9953295049275175,False,2.044955701868667,17.111553296105495,2.299582343674889,0.2528169654791361,1.6606525716609066,3.758092130501045,3.6132920490987503,75.56989565836771
UP30_SCORE80_NIKKEION_TP4.0_SL1.5_H1,VALIDATION,2023-07-19,3697.T,TIMEOUT_LOSS,-2.2265375704661805,1,5.567456335180463,False,3.178951129004992,20.179742269010724,3.184516937369808,0.2654910535496504,1.1688741037667625,3.7680333712417116,2.7744672503003995,77.74209892609204
UP30_SCORE80_NIKKEION_TP4.0_SL1.5_H1,VALIDATION,2023-08-02,2871.T,WIN,6.0627349642954025,1,3.8189108712657336,False,0.7242951919965934,34.654865155400365,-0.3352535094952369,0.0165360395766838,1.8527815891231132,1.5406837410738485,2.5689084895259096,68.58018561012706
UP30_SCORE80_NIKKEION_TP4.0_SL1.5_H1,VALIDATION,2023-08-10,1605.T,HOLD,6.879169240044492,1,11.164981718369583,False,3.493592257604239,52.83446425483549,12.463460383201651,0.1554229117371919,2.79979946927813,2.9283910300581084,4.34619726101322,79.77015775754742
UP30_SCORE80_NIKKEION_TP4.0_SL1.5_H1,VALIDATION,2023-08-23,7261.T,WIN,10.508662911097277,1,5.953331285872705,False,1.9455717693589447,12.708498948693068,1.9993264348709736,0.0386591443652704,1.6638416589958922,2.652165727774321,1.5720263859369508,64.21075613369555
UP30_SCORE80_NIKKEION_TP4.0_SL1.5_H1,VALIDATION,2023-08-28,6113.T,WIN,8.383439084083,1,2.0495189820741966,False,1.2136642361419758,13.1843960890482,2.1775693976564536,0.045055261327477,1.8592336349121876,2.1208597710207515,1.5424862573680376,68.72876119221075
UP30_SCORE80_NIKKEION_TP4.0_SL1.5_H1,VALIDATION,2023-09-21,9501.T,HOLD,2.430923944535668,1,12.439084434745476,False,3.3705390033044846,55.35845466158926,3.1764129913268717,0.1079233947128065,1.2387773526238668,2.8613704298891873,1.684289366876984,77.03312199329181
UP30_SCORE80_NIKKEION_TP4.0_SL1.5_H1,VALIDATION,2023-09-26,8795.T,LOSS,-3.8017591815452723,1,8.073776484220787,False,2.6441221533526127,40.65925639038708,0.3276185569456968,0.031178315543677,1.4798864527695812,2.562704607466282,1.5836332714471573,67.81712545659161
UP30_SCORE80_NIKKEION_TP4.0_SL1.5_H1,VALIDATION,2023-09-27,8697.T,LOSS,-3.0344058367496096,1,3.3470779308842338,False,1.4497709058478805,32.77614038546648,3.4413909652475594,0.0834387115714591,1.6005725384357377,2.015410892703044,2.222029709001226,79.38085439124544
UP30_SCORE80_NIKKEION_TP4.0_SL1.5_H1,VALIDATION,2023-09-28,7211.T,LOSS,-4.076802344196217,1,9.117007954978993,False,3.450040277711963,39.29149553083054,1.8863381236379428,0.0571909307090926,1.5897506486632105,2.7610011200634483,2.021996336198152,71.69805481165484
UP30_SCORE80_NIKKEION_TP4.0_SL1.5_H1,VALIDATION,2023-09-29,4519.T,LOSS,-3.5795620699008657,1,5.059909895761967,False,0.93704686797198,28.12251682599573,0.1516356839443844,0.1048133624170686,1.5080802597375482,2.4033335284704487,2.628650714220726,65.25518100416157
UP30_SCORE80_NIKKEION_TP4.0_SL1.5_H1,VALIDATION,2023-10-18,4507.T,LOSS,-2.616842656885865,1,6.174252138377524,False,1.508448710992938,30.56928773003908,3.0333842872701577,0.0563860137291234,1.4191308355962604,1.7212153876847047,2.0595506434959647,72.3994575020153
UP30_SCORE80_NIKKEION_TP4.0_SL1.5_H1,VALIDATION,2023-10-31,8354.T,LOSS,-4.064284601248491,1,6.990528763368678,False,0.7896743702185294,20.80181074330227,1.9845406507217331,0.061751516195736,1.2017489922798388,2.7519515941115085,1.8450726385902343,64.8150694647926
UP30_SCORE80_NIKKEION_TP4.0_SL1.5_H1,VALIDATION,2023-12-06,9501.T,HOLD,10.44913294797688,1,1.1578272175565565,False,0.4150857548883557,12.53495466131979,3.919503623521159,0.0978182408120953,2.777650370355735,2.9865125240847794,3.8960955408717135,65.11804068639108
UP30_SCORE80_NIKKEION_TP4.0_SL1.5_H1,VALIDATION,2024-03-08,8331.T,WIN,10.194336414833705,1,5.405307907021086,False,2.693774385595749,36.25104127848698,0.9972018532308002,0.0155313857543469,1.357289321773241,2.573584103708426,1.6865697218534337,73.6374923996679
UP30_SCORE80_NIKKEION_TP4.0_SL1.5_H1,VALIDATION,2024-03-11,8309.T,WIN,9.7796709059245,1,5.456514832612866,False,1.8033243234927052,38.94777737859525,-2.829621941040217,0.0670779999091881,1.2557221617814778,2.469917726481123,1.5724905472866024,64.63927772022649
UP30_SCORE80_NIKKEION_TP4.0_SL1.5_H1,VALIDATION,2024-03-18,3289.T,WIN,10.456607692483834,1,3.1788561124538144,False,1.0067788984315262,36.8627274994429,2.9795236379785983,0.0993729974623696,1.2184818060410647,2.6391519231209566,1.515077338343676,70.79072631991961
UP30_SCORE80_NIKKEION_TP4.0_SL1.5_H1,VALIDATION,2024-03-19,8801.T,HOLD,8.495777150300976,1,9.773150047748146,False,2.115825121948145,32.446154882604525,5.3761017561049895,0.122181980734735,1.510534167150447,2.8278956009457774,2.033014039373544,75.61957057625732
UP30_SCORE80_NIKKEION_TP4.0_SL1.0_H1,VALIDATION,2022-06-24,7211.T,HOLD,11.175615019526564,1,20.002268211229577,False,4.349113502823965,42.1196056280957,-8.606548698090188,0.0025616573777389,1.480431990860245,4.339395390652548,1.9367317893950209,57.01585206707608
UP30_SCORE80_NIKKEION_TP4.0_SL1.0_H1,VALIDATION,2022-06-27,2501.T,WIN,8.337913878233072,1,9.820015702889275,False,1.5644775018713195,43.76912496196353,0.2368803875811176,0.0039577750676822,1.6676743248690045,2.109478469558268,1.781581355293611,70.83940742006217
UP30_SCORE80_NIKKEION_TP4.0_SL1.0_H1,VALIDATION,2022-06-28,4578.T,HOLD,5.877416001398295,1,2.811500618425085,False,0.7797949709401619,18.15203011575664,2.8767849656501365,0.0818878776719227,1.363859459093525,2.0365833078548183,1.6896963851379687,77.64753835884625
UP30_SCORE80_NIKKEION_TP4.0_SL1.0_H1,VALIDATION,2022-06-29,9501.T,LOSS,-3.9572251007484183,1,8.88196224656258,False,0.6706528765352271,22.37396857143523,5.272727272727273,0.204249264353729,2.005658483470548,3.857225100748418,2.7880650383729697,72.51589607440937
UP30_SCORE80_NIKKEION_TP4.0_SL1.0_H1,VALIDATION,2022-06-30,9501.T,HOLD,2.016402116402116,1,8.69955156950672,False,1.466418212752152,24.51597202150592,-2.072538860103623,0.19025697032202,1.2002946002712256,4.115226337448563,2.0613896712206934,67.97537846674064
UP30_SCORE80_NIKKEION_TP4.0_SL1.0_H1,VALIDATION,2022-08-26,3402.T,WIN,7.4033022680537135,1,4.715826557188758,False,1.3227068499944927,23.326868980224702,2.1349419667568537,0.0451499048489812,2.120364579714173,1.87582556701343,1.8661862363859685,71.48351885781872
UP30_SCORE80_NIKKEION_TP4.0_SL1.0_H1,VALIDATION,2022-09-08,6963.T,WIN,10.483042605336978,1,3.389358493787343,False,1.450911551849754,17.181027533475167,1.1029514224850656,0.0575267132257677,1.5761652398423698,2.645760651334246,1.9134264834457844,63.69425087590122
UP30_SCORE80_NIKKEION_TP4.0_SL1.0_H1,VALIDATION,2022-09-09,8233.T,WIN,8.075196109081217,1,7.105545004350923,False,2.419994828977501,47.07602457680796,1.4067191098883436,0.0424264355421359,1.5726287733935918,2.043799027270306,2.0167180592190808,84.96763309537195
UP30_SCORE80_NIKKEION_TP4.0_SL1.0_H1,VALIDATION,2022-09-12,3099.T,HOLD,8.589121662137844,1,0.7190452600000207,False,2.762599012130851,32.50220295696049,4.701928889725493,0.0900232111163203,1.2789892584444156,2.54233766046678,1.6376233727228475,80.32291358388707
UP30_SCORE80_NIKKEION_TP4.0_SL1.0_H1,VALIDATION,2022-09-13,6762.T,HOLD,4.55946891217528,1,9.463813495840416,False,1.1505973027165384,23.741570665434217,3.5363485256876714,0.0267329113111032,1.529791393965503,2.3772466104535024,1.9478991951222084,70.83421513435317
UP30_SCORE80_NIKKEION_TP4.0_SL1.0_H1,VALIDATION,2022-10-04,4502.T,WIN,6.521601945168077,1,0.1784752662705485,False,0.0923229281194926,12.91568892333423,1.3032940182379882,0.0434328521808546,1.4568342799069054,1.6554004862920173,1.980215777578708,61.542227510413
UP30_SCORE80_NIKKEION_TP4.0_SL1.0_H1,VALIDATION,2022-10-14,8252.T,LOSS,-2.4442579470050907,1,2.389445668348921,False,0.5022998885166441,13.699459371716976,1.0879489875212478,0.0305650495027016,1.5028310064366206,2.4005326238092,1.7893257501729267,61.433450449673664
UP30_SCORE80_NIKKEION_TP4.0_SL1.0_H1,VALIDATION,2022-12-14,4183.T,WIN,7.405831632360161,1,4.047842666128099,False,1.735151101832666,33.47960405091145,1.4353983141801807,0.0171772644233658,1.467974580070142,1.8764579080900419,1.530005084442979,66.28826055987322
UP30_SCORE80_NIKKEION_TP4.0_SL1.0_H1,VALIDATION,2023-01-04,8306.T,LOSS,-2.5587527687580547,1,9.942721833814636,False,4.004071511887508,53.97241962566525,3.140323074040752,0.0772790598147473,1.5402472630176538,2.5207313198785037,1.7562880669658096,80.2377668052138
UP30_SCORE80_NIKKEION_TP4.0_SL1.0_H1,VALIDATION,2023-01-12,8795.T,LOSS,-2.7453695800282008,1,13.347418043336852,False,3.631370741500861,41.89053345181456,1.373349552942793,-0.0147676883364578,1.2388590074410453,2.7172509089875936,1.5983048518463,71.32842362367616
UP30_SCORE80_NIKKEION_TP4.0_SL1.0_H1,VALIDATION,2023-03-10,7532.T,HOLD,2.5956173520402026,1,3.57934608370132,False,1.880228685350693,28.13455632423358,-2.921340206282974,0.0131222127276182,1.491419817093107,2.5463457920216275,1.7096566069760155,58.657926704217566
UP30_SCORE80_NIKKEION_TP4.0_SL1.0_H1,VALIDATION,2023-03-23,2282.T,WIN,5.308156466981318,1,1.7935028429780078,False,0.8430250161032271,22.46676756670302,2.213557995259552,0.0245550521425392,1.4819834848611226,1.3520391167453294,1.6059746686702747,66.90274959696077
UP30_SCORE80_NIKKEION_TP4.0_SL1.0_H1,VALIDATION,2023-05-02,4062.T,HOLD,1.0139579242476215,1,4.013966551592089,False,1.802827796504003,20.67844708573587,9.00735727262434,0.1648387926054175,2.2486169616892635,3.1848252355601923,4.576523959366289,74.71698370331268
UP30_SCORE80_NIKKEION_TP4.0_SL1.0_H1,VALIDATION,2023-07-14,3697.T,HOLD,2.6352689429760656,1,4.414202111466844,False,0.9825434478655692,14.066035777668535,11.423477609773958,0.2445951797241883,3.1735855666491504,3.664836270819342,5.869603952377096,73.90035206959334
UP30_SCORE80_NIKKEION_TP4.0_SL1.0_H1,VALIDATION,2023-07-18,3697.T,HOLD,3.523970101615148,1,4.9953295049275175,False,2.044955701868667,17.111553296105495,2.299582343674889,0.2528169654791361,1.6606525716609066,3.758092130501045,3.6132920490987503,75.56989565836771
UP30_SCORE80_NIKKEION_TP4.0_SL1.0_H1,VALIDATION,2023-07-19,3697.T,TIMEOUT_LOSS,-2.2265375704661805,1,5.567456335180463,False,3.178951129004992,20.179742269010724,3.184516937369808,0.2654910535496504,1.1688741037667625,3.7680333712417116,2.7744672503003995,77.74209892609204
UP30_SCORE80_NIKKEION_TP4.0_SL1.0_H1,VALIDATION,2023-08-02,2871.T,WIN,6.0627349642954025,1,3.8189108712657336,False,0.7242951919965934,34.654865155400365,-0.3352535094952369,0.0165360395766838,1.8527815891231132,1.5406837410738485,2.5689084895259096,68.58018561012706
UP30_SCORE80_NIKKEION_TP4.0_SL1.0_H1,VALIDATION,2023-08-10,1605.T,HOLD,6.879169240044492,1,11.164981718369583,False,3.493592257604239,52.83446425483549,12.463460383201651,0.1554229117371919,2.79979946927813,2.9283910300581084,4.34619726101322,79.77015775754742
UP30_SCORE80_NIKKEION_TP4.0_SL1.0_H1,VALIDATION,2023-08-23,7261.T,WIN,10.508662911097277,1,5.953331285872705,False,1.9455717693589447,12.708498948693068,1.9993264348709736,0.0386591443652704,1.6638416589958922,2.652165727774321,1.5720263859369508,64.21075613369555
UP30_SCORE80_NIKKEION_TP4.0_SL1.0_H1,VALIDATION,2023-08-28,6113.T,WIN,8.383439084083,1,2.0495189820741966,False,1.2136642361419758,13.1843960890482,2.1775693976564536,0.045055261327477,1.8592336349121876,2.1208597710207515,1.5424862573680376,68.72876119221075
UP30_SCORE80_NIKKEION_TP4.0_SL1.0_H1,VALIDATION,2023-09-21,9501.T,HOLD,2.430923944535668,1,12.439084434745476,False,3.3705390033044846,55.35845466158926,3.1764129913268717,0.1079233947128065,1.2387773526238668,2.8613704298891873,1.684289366876984,77.03312199329181
UP30_SCORE80_NIKKEION_TP4.0_SL1.0_H1,VALIDATION,2023-09-26,8795.T,LOSS,-2.598671049358936,1,8.073776484220787,False,2.6441221533526127,40.65925639038708,0.3276185569456968,0.031178315543677,1.4798864527695812,2.562704607466282,1.5836332714471573,67.81712545659161
UP30_SCORE80_NIKKEION_TP4.0_SL1.0_H1,VALIDATION,2023-09-27,8697.T,LOSS,-2.075594545046533,1,3.3470779308842338,False,1.4497709058478805,32.77614038546648,3.4413909652475594,0.0834387115714591,1.6005725384357377,2.015410892703044,2.222029709001226,79.38085439124544
UP30_SCORE80_NIKKEION_TP4.0_SL1.0_H1,VALIDATION,2023-09-28,7211.T,LOSS,-2.7868180437806034,1,9.117007954978993,False,3.450040277711963,39.29149553083054,1.8863381236379428,0.0571909307090926,1.5897506486632105,2.7610011200634483,2.021996336198152,71.69805481165484
UP30_SCORE80_NIKKEION_TP4.0_SL1.0_H1,VALIDATION,2023-09-29,4519.T,LOSS,-2.446928996996245,1,5.059909895761967,False,0.93704686797198,28.12251682599573,0.1516356839443844,0.1048133624170686,1.5080802597375482,2.4033335284704487,2.628650714220726,65.25518100416157
UP30_SCORE80_NIKKEION_TP4.0_SL1.0_H1,VALIDATION,2023-10-18,4507.T,LOSS,-1.7920908594384333,1,6.174252138377524,False,1.508448710992938,30.56928773003908,3.0333842872701577,0.0563860137291234,1.4191308355962604,1.7212153876847047,2.0595506434959647,72.3994575020153
UP30_SCORE80_NIKKEION_TP4.0_SL1.0_H1,VALIDATION,2023-10-31,8354.T,LOSS,-2.778247518823007,1,6.990528763368678,False,0.7896743702185294,20.80181074330227,1.9845406507217331,0.061751516195736,1.2017489922798388,2.7519515941115085,1.8450726385902343,64.8150694647926
UP30_SCORE80_NIKKEION_TP4.0_SL1.0_H1,VALIDATION,2023-12-06,9501.T,HOLD,10.44913294797688,1,1.1578272175565565,False,0.4150857548883557,12.53495466131979,3.919503623521159,0.0978182408120953,2.777650370355735,2.9865125240847794,3.8960955408717135,65.11804068639108
UP30_SCORE80_NIKKEION_TP4.0_SL1.0_H1,VALIDATION,2024-03-08,8331.T,WIN,10.194336414833705,1,5.405307907021086,False,2.693774385595749,36.25104127848698,0.9972018532308002,0.0155313857543469,1.357289321773241,2.573584103708426,1.6865697218534337,73.6374923996679
UP30_SCORE80_NIKKEION_TP4.0_SL1.0_H1,VALIDATION,2024-03-11,8309.T,WIN,9.7796709059245,1,5.456514832612866,False,1.8033243234927052,38.94777737859525,-2.829621941040217,0.0670779999091881,1.2557221617814778,2.469917726481123,1.5724905472866024,64.63927772022649
UP30_SCORE80_NIKKEION_TP4.0_SL1.0_H1,VALIDATION,2024-03-18,3289.T,WIN,10.456607692483834,1,3.1788561124538144,False,1.0067788984315262,36.8627274994429,2.9795236379785983,0.0993729974623696,1.2184818060410647,2.6391519231209566,1.515077338343676,70.79072631991961
UP30_SCORE80_NIKKEION_TP4.0_SL1.0_H1,VALIDATION,2024-03-19,8801.T,HOLD,8.495777150300976,1,9.773150047748146,False,2.115825121948145,32.446154882604525,5.3761017561049895,0.122181980734735,1.510534167150447,2.8278956009457774,2.033014039373544,75.61957057625732
UP25_SCORE80_NIKKEION_TP4.0_SL1.25_H1,VALIDATION,2022-06-24,7211.T,HOLD,11.175615019526564,1,20.002268211229577,False,4.349113502823965,42.1196056280957,-8.606548698090188,0.0025616573777389,1.480431990860245,4.339395390652548,1.9367317893950209,57.01585206707608
UP25_SCORE80_NIKKEION_TP4.0_SL1.25_H1,VALIDATION,2022-06-27,2501.T,WIN,8.337913878233072,1,9.820015702889275,False,1.5644775018713195,43.76912496196353,0.2368803875811176,0.0039577750676822,1.6676743248690045,2.109478469558268,1.781581355293611,70.83940742006217
UP25_SCORE80_NIKKEION_TP4.0_SL1.25_H1,VALIDATION,2022-06-28,4578.T,HOLD,5.877416001398295,1,2.811500618425085,False,0.7797949709401619,18.15203011575664,2.8767849656501365,0.0818878776719227,1.363859459093525,2.0365833078548183,1.6896963851379687,77.64753835884625
UP25_SCORE80_NIKKEION_TP4.0_SL1.25_H1,VALIDATION,2022-06-29,9501.T,TIMEOUT_LOSS,-2.1725388601036233,1,8.88196224656258,False,0.6706528765352271,22.37396857143523,5.272727272727273,0.204249264353729,2.005658483470548,3.857225100748418,2.7880650383729697,72.51589607440937
UP25_SCORE80_NIKKEION_TP4.0_SL1.25_H1,VALIDATION,2022-06-30,9501.T,HOLD,2.016402116402116,1,8.69955156950672,False,1.466418212752152,24.51597202150592,-2.072538860103623,0.19025697032202,1.2002946002712256,4.115226337448563,2.0613896712206934,67.97537846674064
UP25_SCORE80_NIKKEION_TP4.0_SL1.25_H1,VALIDATION,2022-08-26,3402.T,WIN,7.4033022680537135,1,4.715826557188758,False,1.3227068499944927,23.326868980224702,2.1349419667568537,0.0451499048489812,2.120364579714173,1.87582556701343,1.8661862363859685,71.48351885781872
UP25_SCORE80_NIKKEION_TP4.0_SL1.25_H1,VALIDATION,2022-09-08,6963.T,WIN,10.483042605336978,1,3.389358493787343,False,1.450911551849754,17.181027533475167,1.1029514224850656,0.0575267132257677,1.5761652398423698,2.645760651334246,1.9134264834457844,63.69425087590122
UP25_SCORE80_NIKKEION_TP4.0_SL1.25_H1,VALIDATION,2022-09-09,8233.T,WIN,8.075196109081217,1,7.105545004350923,False,2.419994828977501,47.07602457680796,1.4067191098883436,0.0424264355421359,1.5726287733935918,2.043799027270306,2.0167180592190808,84.96763309537195
UP25_SCORE80_NIKKEION_TP4.0_SL1.25_H1,VALIDATION,2022-09-12,3099.T,HOLD,8.589121662137844,1,0.7190452600000207,False,2.762599012130851,32.50220295696049,4.701928889725493,0.0900232111163203,1.2789892584444156,2.54233766046678,1.6376233727228475,80.32291358388707
UP25_SCORE80_NIKKEION_TP4.0_SL1.25_H1,VALIDATION,2022-09-13,6762.T,HOLD,4.55946891217528,1,9.463813495840416,False,1.1505973027165384,23.741570665434217,3.5363485256876714,0.0267329113111032,1.529791393965503,2.3772466104535024,1.9478991951222084,70.83421513435317
UP25_SCORE80_NIKKEION_TP4.0_SL1.25_H1,VALIDATION,2022-10-04,4502.T,WIN,6.521601945168077,1,0.1784752662705485,False,0.0923229281194926,12.91568892333423,1.3032940182379882,0.0434328521808546,1.4568342799069054,1.6554004862920173,1.980215777578708,61.542227510413
UP25_SCORE80_NIKKEION_TP4.0_SL1.25_H1,VALIDATION,2022-10-14,8252.T,LOSS,-3.0132489164464205,1,2.389445668348921,False,0.5022998885166441,13.699459371716976,1.0879489875212478,0.0305650495027016,1.5028310064366206,2.4005326238092,1.7893257501729267,61.433450449673664
UP25_SCORE80_NIKKEION_TP4.0_SL1.25_H1,VALIDATION,2022-12-14,4183.T,WIN,7.405831632360161,1,4.047842666128099,False,1.735151101832666,33.47960405091145,1.4353983141801807,0.0171772644233658,1.467974580070142,1.8764579080900419,1.530005084442979,66.28826055987322
UP25_SCORE80_NIKKEION_TP4.0_SL1.25_H1,VALIDATION,2023-01-04,8306.T,LOSS,-3.1546643001832964,1,9.942721833814636,False,4.004071511887508,53.97241962566525,3.140323074040752,0.0772790598147473,1.5402472630176538,2.5207313198785037,1.7562880669658096,80.2377668052138
UP25_SCORE80_NIKKEION_TP4.0_SL1.25_H1,VALIDATION,2023-01-12,8795.T,LOSS,-3.3849869635746654,1,13.347418043336852,False,3.631370741500861,41.89053345181456,1.373349552942793,-0.0147676883364578,1.2388590074410453,2.7172509089875936,1.5983048518463,71.32842362367616
UP25_SCORE80_NIKKEION_TP4.0_SL1.25_H1,VALIDATION,2023-03-10,7532.T,HOLD,2.5956173520402026,1,3.57934608370132,False,1.880228685350693,28.13455632423358,-2.921340206282974,0.0131222127276182,1.491419817093107,2.5463457920216275,1.7096566069760155,58.657926704217566
UP25_SCORE80_NIKKEION_TP4.0_SL1.25_H1,VALIDATION,2023-03-23,2282.T,WIN,5.308156466981318,1,1.7935028429780078,False,0.8430250161032271,22.46676756670302,2.213557995259552,0.0245550521425392,1.4819834848611226,1.3520391167453294,1.6059746686702747,66.90274959696077
UP25_SCORE80_NIKKEION_TP4.0_SL1.25_H1,VALIDATION,2023-05-02,4062.T,HOLD,1.0139579242476215,1,4.013966551592089,False,1.802827796504003,20.67844708573587,9.00735727262434,0.1648387926054175,2.2486169616892635,3.1848252355601923,4.576523959366289,74.71698370331268
UP25_SCORE80_NIKKEION_TP4.0_SL1.25_H1,VALIDATION,2023-07-14,3697.T,HOLD,2.6352689429760656,1,4.414202111466844,False,0.9825434478655692,14.066035777668535,11.423477609773958,0.2445951797241883,3.1735855666491504,3.664836270819342,5.869603952377096,73.90035206959334
UP25_SCORE80_NIKKEION_TP4.0_SL1.25_H1,VALIDATION,2023-07-18,3697.T,HOLD,3.523970101615148,1,4.9953295049275175,False,2.044955701868667,17.111553296105495,2.299582343674889,0.2528169654791361,1.6606525716609066,3.758092130501045,3.6132920490987503,75.56989565836771
UP25_SCORE80_NIKKEION_TP4.0_SL1.25_H1,VALIDATION,2023-07-19,3697.T,TIMEOUT_LOSS,-2.2265375704661805,1,5.567456335180463,False,3.178951129004992,20.179742269010724,3.184516937369808,0.2654910535496504,1.1688741037667625,3.7680333712417116,2.7744672503003995,77.74209892609204
UP25_SCORE80_NIKKEION_TP4.0_SL1.25_H1,VALIDATION,2023-08-02,2871.T,WIN,6.0627349642954025,1,3.8189108712657336,False,0.7242951919965934,34.654865155400365,-0.3352535094952369,0.0165360395766838,1.8527815891231132,1.5406837410738485,2.5689084895259096,68.58018561012706
UP25_SCORE80_NIKKEION_TP4.0_SL1.25_H1,VALIDATION,2023-08-10,1605.T,HOLD,6.879169240044492,1,11.164981718369583,False,3.493592257604239,52.83446425483549,12.463460383201651,0.1554229117371919,2.79979946927813,2.9283910300581084,4.34619726101322,79.77015775754742
UP25_SCORE80_NIKKEION_TP4.0_SL1.25_H1,VALIDATION,2023-08-23,7261.T,WIN,10.508662911097277,1,5.953331285872705,False,1.9455717693589447,12.708498948693068,1.9993264348709736,0.0386591443652704,1.6638416589958922,2.652165727774321,1.5720263859369508,64.21075613369555
UP25_SCORE80_NIKKEION_TP4.0_SL1.25_H1,VALIDATION,2023-08-28,6113.T,WIN,8.383439084083,1,2.0495189820741966,False,1.2136642361419758,13.1843960890482,2.1775693976564536,0.045055261327477,1.8592336349121876,2.1208597710207515,1.5424862573680376,68.72876119221075
UP25_SCORE80_NIKKEION_TP4.0_SL1.25_H1,VALIDATION,2023-09-21,9501.T,HOLD,2.430923944535668,1,12.439084434745476,False,3.3705390033044846,55.35845466158926,3.1764129913268717,0.1079233947128065,1.2387773526238668,2.8613704298891873,1.684289366876984,77.03312199329181
UP25_SCORE80_NIKKEION_TP4.0_SL1.25_H1,VALIDATION,2023-09-26,8795.T,LOSS,-3.203949440186482,1,8.073776484220787,False,2.6441221533526127,40.65925639038708,0.3276185569456968,0.031178315543677,1.4798864527695812,2.562704607466282,1.5836332714471573,67.81712545659161
UP25_SCORE80_NIKKEION_TP4.0_SL1.25_H1,VALIDATION,2023-09-27,8697.T,LOSS,-2.5573563318968318,1,3.3470779308842338,False,1.4497709058478805,32.77614038546648,3.4413909652475594,0.0834387115714591,1.6005725384357377,2.015410892703044,2.222029709001226,79.38085439124544
UP25_SCORE80_NIKKEION_TP4.0_SL1.25_H1,VALIDATION,2023-09-28,7211.T,LOSS,-3.436113728322343,1,9.117007954978993,False,3.450040277711963,39.29149553083054,1.8863381236379428,0.0571909307090926,1.5897506486632105,2.7610011200634483,2.021996336198152,71.69805481165484
UP25_SCORE80_NIKKEION_TP4.0_SL1.25_H1,VALIDATION,2023-09-29,4519.T,LOSS,-3.016548913206396,1,5.059909895761967,False,0.93704686797198,28.12251682599573,0.1516356839443844,0.1048133624170686,1.5080802597375482,2.4033335284704487,2.628650714220726,65.25518100416157
UP25_SCORE80_NIKKEION_TP4.0_SL1.25_H1,VALIDATION,2023-10-18,4507.T,LOSS,-2.206203853576172,1,6.174252138377524,False,1.508448710992938,30.56928773003908,3.0333842872701577,0.0563860137291234,1.4191308355962604,1.7212153876847047,2.0595506434959647,72.3994575020153
UP25_SCORE80_NIKKEION_TP4.0_SL1.25_H1,VALIDATION,2023-10-31,8354.T,LOSS,-3.425542831436179,1,6.990528763368678,False,0.7896743702185294,20.80181074330227,1.9845406507217331,0.061751516195736,1.2017489922798388,2.7519515941115085,1.8450726385902343,64.8150694647926
UP25_SCORE80_NIKKEION_TP4.0_SL1.25_H1,VALIDATION,2023-12-06,9501.T,HOLD,10.44913294797688,1,1.1578272175565565,False,0.4150857548883557,12.53495466131979,3.919503623521159,0.0978182408120953,2.777650370355735,2.9865125240847794,3.8960955408717135,65.11804068639108
UP25_SCORE80_NIKKEION_TP4.0_SL1.25_H1,VALIDATION,2024-03-08,8331.T,WIN,10.194336414833705,1,5.405307907021086,False,2.693774385595749,36.25104127848698,0.9972018532308002,0.0155313857543469,1.357289321773241,2.573584103708426,1.6865697218534337,73.6374923996679
UP25_SCORE80_NIKKEION_TP4.0_SL1.25_H1,VALIDATION,2024-03-11,8309.T,WIN,9.7796709059245,1,5.456514832612866,False,1.8033243234927052,38.94777737859525,-2.829621941040217,0.0670779999091881,1.2557221617814778,2.469917726481123,1.5724905472866024,64.63927772022649
UP25_SCORE80_NIKKEION_TP4.0_SL1.25_H1,VALIDATION,2024-03-18,3289.T,WIN,10.456607692483834,1,3.1788561124538144,False,1.0067788984315262,36.8627274994429,2.9795236379785983,0.0993729974623696,1.2184818060410647,2.6391519231209566,1.515077338343676,70.79072631991961
UP25_SCORE80_NIKKEION_TP4.0_SL1.25_H1,VALIDATION,2024-03-19,8801.T,HOLD,8.495777150300976,1,9.773150047748146,False,2.115825121948145,32.446154882604525,5.3761017561049895,0.122181980734735,1.510534167150447,2.8278956009457774,2.033014039373544,75.61957057625732
UP25_SCORE80_NIKKEION_TP4.0_SL1.5_H1,VALIDATION,2022-06-24,7211.T,HOLD,11.175615019526564,1,20.002268211229577,False,4.349113502823965,42.1196056280957,-8.606548698090188,0.0025616573777389,1.480431990860245,4.339395390652548,1.9367317893950209,57.01585206707608
UP25_SCORE80_NIKKEION_TP4.0_SL1.5_H1,VALIDATION,2022-06-27,2501.T,WIN,8.337913878233072,1,9.820015702889275,False,1.5644775018713195,43.76912496196353,0.2368803875811176,0.0039577750676822,1.6676743248690045,2.109478469558268,1.781581355293611,70.83940742006217
UP25_SCORE80_NIKKEION_TP4.0_SL1.5_H1,VALIDATION,2022-06-28,4578.T,HOLD,5.877416001398295,1,2.811500618425085,False,0.7797949709401619,18.15203011575664,2.8767849656501365,0.0818878776719227,1.363859459093525,2.0365833078548183,1.6896963851379687,77.64753835884625
UP25_SCORE80_NIKKEION_TP4.0_SL1.5_H1,VALIDATION,2022-06-29,9501.T,TIMEOUT_LOSS,-2.1725388601036233,1,8.88196224656258,False,0.6706528765352271,22.37396857143523,5.272727272727273,0.204249264353729,2.005658483470548,3.857225100748418,2.7880650383729697,72.51589607440937
UP25_SCORE80_NIKKEION_TP4.0_SL1.5_H1,VALIDATION,2022-06-30,9501.T,HOLD,2.016402116402116,1,8.69955156950672,False,1.466418212752152,24.51597202150592,-2.072538860103623,0.19025697032202,1.2002946002712256,4.115226337448563,2.0613896712206934,67.97537846674064
UP25_SCORE80_NIKKEION_TP4.0_SL1.5_H1,VALIDATION,2022-08-26,3402.T,WIN,7.4033022680537135,1,4.715826557188758,False,1.3227068499944927,23.326868980224702,2.1349419667568537,0.0451499048489812,2.120364579714173,1.87582556701343,1.8661862363859685,71.48351885781872
UP25_SCORE80_NIKKEION_TP4.0_SL1.5_H1,VALIDATION,2022-09-08,6963.T,WIN,10.483042605336978,1,3.389358493787343,False,1.450911551849754,17.181027533475167,1.1029514224850656,0.0575267132257677,1.5761652398423698,2.645760651334246,1.9134264834457844,63.69425087590122
UP25_SCORE80_NIKKEION_TP4.0_SL1.5_H1,VALIDATION,2022-09-09,8233.T,WIN,8.075196109081217,1,7.105545004350923,False,2.419994828977501,47.07602457680796,1.4067191098883436,0.0424264355421359,1.5726287733935918,2.043799027270306,2.0167180592190808,84.96763309537195
UP25_SCORE80_NIKKEION_TP4.0_SL1.5_H1,VALIDATION,2022-09-12,3099.T,HOLD,8.589121662137844,1,0.7190452600000207,False,2.762599012130851,32.50220295696049,4.701928889725493,0.0900232111163203,1.2789892584444156,2.54233766046678,1.6376233727228475,80.32291358388707
UP25_SCORE80_NIKKEION_TP4.0_SL1.5_H1,VALIDATION,2022-09-13,6762.T,HOLD,4.55946891217528,1,9.463813495840416,False,1.1505973027165384,23.741570665434217,3.5363485256876714,0.0267329113111032,1.529791393965503,2.3772466104535024,1.9478991951222084,70.83421513435317
UP25_SCORE80_NIKKEION_TP4.0_SL1.5_H1,VALIDATION,2022-10-04,4502.T,WIN,6.521601945168077,1,0.1784752662705485,False,0.0923229281194926,12.91568892333423,1.3032940182379882,0.0434328521808546,1.4568342799069054,1.6554004862920173,1.980215777578708,61.542227510413
UP25_SCORE80_NIKKEION_TP4.0_SL1.5_H1,VALIDATION,2022-10-14,8252.T,LOSS,-3.5756478450983398,1,2.389445668348921,False,0.5022998885166441,13.699459371716976,1.0879489875212478,0.0305650495027016,1.5028310064366206,2.4005326238092,1.7893257501729267,61.433450449673664
UP25_SCORE80_NIKKEION_TP4.0_SL1.5_H1,VALIDATION,2022-12-14,4183.T,WIN,7.405831632360161,1,4.047842666128099,False,1.735151101832666,33.47960405091145,1.4353983141801807,0.0171772644233658,1.467974580070142,1.8764579080900419,1.530005084442979,66.28826055987322
UP25_SCORE80_NIKKEION_TP4.0_SL1.5_H1,VALIDATION,2023-01-04,8306.T,LOSS,-3.7433388062501183,1,9.942721833814636,False,4.004071511887508,53.97241962566525,3.140323074040752,0.0772790598147473,1.5402472630176538,2.5207313198785037,1.7562880669658096,80.2377668052138
UP25_SCORE80_NIKKEION_TP4.0_SL1.5_H1,VALIDATION,2023-01-12,8795.T,LOSS,-4.016254665246854,1,13.347418043336852,False,3.631370741500861,41.89053345181456,1.373349552942793,-0.0147676883364578,1.2388590074410453,2.7172509089875936,1.5983048518463,71.32842362367616
UP25_SCORE80_NIKKEION_TP4.0_SL1.5_H1,VALIDATION,2023-03-10,7532.T,HOLD,2.5956173520402026,1,3.57934608370132,False,1.880228685350693,28.13455632423358,-2.921340206282974,0.0131222127276182,1.491419817093107,2.5463457920216275,1.7096566069760155,58.657926704217566
UP25_SCORE80_NIKKEION_TP4.0_SL1.5_H1,VALIDATION,2023-03-23,2282.T,WIN,5.308156466981318,1,1.7935028429780078,False,0.8430250161032271,22.46676756670302,2.213557995259552,0.0245550521425392,1.4819834848611226,1.3520391167453294,1.6059746686702747,66.90274959696077
UP25_SCORE80_NIKKEION_TP4.0_SL1.5_H1,VALIDATION,2023-05-02,4062.T,HOLD,1.0139579242476215,1,4.013966551592089,False,1.802827796504003,20.67844708573587,9.00735727262434,0.1648387926054175,2.2486169616892635,3.1848252355601923,4.576523959366289,74.71698370331268
UP25_SCORE80_NIKKEION_TP4.0_SL1.5_H1,VALIDATION,2023-07-14,3697.T,HOLD,2.6352689429760656,1,4.414202111466844,False,0.9825434478655692,14.066035777668535,11.423477609773958,0.2445951797241883,3.1735855666491504,3.664836270819342,5.869603952377096,73.90035206959334
UP25_SCORE80_NIKKEION_TP4.0_SL1.5_H1,VALIDATION,2023-07-18,3697.T,HOLD,3.523970101615148,1,4.9953295049275175,False,2.044955701868667,17.111553296105495,2.299582343674889,0.2528169654791361,1.6606525716609066,3.758092130501045,3.6132920490987503,75.56989565836771
UP25_SCORE80_NIKKEION_TP4.0_SL1.5_H1,VALIDATION,2023-07-19,3697.T,TIMEOUT_LOSS,-2.2265375704661805,1,5.567456335180463,False,3.178951129004992,20.179742269010724,3.184516937369808,0.2654910535496504,1.1688741037667625,3.7680333712417116,2.7744672503003995,77.74209892609204
UP25_SCORE80_NIKKEION_TP4.0_SL1.5_H1,VALIDATION,2023-08-02,2871.T,WIN,6.0627349642954025,1,3.8189108712657336,False,0.7242951919965934,34.654865155400365,-0.3352535094952369,0.0165360395766838,1.8527815891231132,1.5406837410738485,2.5689084895259096,68.58018561012706
UP25_SCORE80_NIKKEION_TP4.0_SL1.5_H1,VALIDATION,2023-08-10,1605.T,HOLD,6.879169240044492,1,11.164981718369583,False,3.493592257604239,52.83446425483549,12.463460383201651,0.1554229117371919,2.79979946927813,2.9283910300581084,4.34619726101322,79.77015775754742
UP25_SCORE80_NIKKEION_TP4.0_SL1.5_H1,VALIDATION,2023-08-23,7261.T,WIN,10.508662911097277,1,5.953331285872705,False,1.9455717693589447,12.708498948693068,1.9993264348709736,0.0386591443652704,1.6638416589958922,2.652165727774321,1.5720263859369508,64.21075613369555
UP25_SCORE80_NIKKEION_TP4.0_SL1.5_H1,VALIDATION,2023-08-28,6113.T,WIN,8.383439084083,1,2.0495189820741966,False,1.2136642361419758,13.1843960890482,2.1775693976564536,0.045055261327477,1.8592336349121876,2.1208597710207515,1.5424862573680376,68.72876119221075
UP25_SCORE80_NIKKEION_TP4.0_SL1.5_H1,VALIDATION,2023-09-21,9501.T,HOLD,2.430923944535668,1,12.439084434745476,False,3.3705390033044846,55.35845466158926,3.1764129913268717,0.1079233947128065,1.2387773526238668,2.8613704298891873,1.684289366876984,77.03312199329181
UP25_SCORE80_NIKKEION_TP4.0_SL1.5_H1,VALIDATION,2023-09-26,8795.T,LOSS,-3.8017591815452723,1,8.073776484220787,False,2.6441221533526127,40.65925639038708,0.3276185569456968,0.031178315543677,1.4798864527695812,2.562704607466282,1.5836332714471573,67.81712545659161
UP25_SCORE80_NIKKEION_TP4.0_SL1.5_H1,VALIDATION,2023-09-27,8697.T,LOSS,-3.0344058367496096,1,3.3470779308842338,False,1.4497709058478805,32.77614038546648,3.4413909652475594,0.0834387115714591,1.6005725384357377,2.015410892703044,2.222029709001226,79.38085439124544
UP25_SCORE80_NIKKEION_TP4.0_SL1.5_H1,VALIDATION,2023-09-28,7211.T,LOSS,-4.076802344196217,1,9.117007954978993,False,3.450040277711963,39.29149553083054,1.8863381236379428,0.0571909307090926,1.5897506486632105,2.7610011200634483,2.021996336198152,71.69805481165484
UP25_SCORE80_NIKKEION_TP4.0_SL1.5_H1,VALIDATION,2023-09-29,4519.T,LOSS,-3.5795620699008657,1,5.059909895761967,False,0.93704686797198,28.12251682599573,0.1516356839443844,0.1048133624170686,1.5080802597375482,2.4033335284704487,2.628650714220726,65.25518100416157
UP25_SCORE80_NIKKEION_TP4.0_SL1.5_H1,VALIDATION,2023-10-18,4507.T,LOSS,-2.616842656885865,1,6.174252138377524,False,1.508448710992938,30.56928773003908,3.0333842872701577,0.0563860137291234,1.4191308355962604,1.7212153876847047,2.0595506434959647,72.3994575020153
UP25_SCORE80_NIKKEION_TP4.0_SL1.5_H1,VALIDATION,2023-10-31,8354.T,LOSS,-4.064284601248491,1,6.990528763368678,False,0.7896743702185294,20.80181074330227,1.9845406507217331,0.061751516195736,1.2017489922798388,2.7519515941115085,1.8450726385902343,64.8150694647926
UP25_SCORE80_NIKKEION_TP4.0_SL1.5_H1,VALIDATION,2023-12-06,9501.T,HOLD,10.44913294797688,1,1.1578272175565565,False,0.4150857548883557,12.53495466131979,3.919503623521159,0.0978182408120953,2.777650370355735,2.9865125240847794,3.8960955408717135,65.11804068639108
UP25_SCORE80_NIKKEION_TP4.0_SL1.5_H1,VALIDATION,2024-03-08,8331.T,WIN,10.194336414833705,1,5.405307907021086,False,2.693774385595749,36.25104127848698,0.9972018532308002,0.0155313857543469,1.357289321773241,2.573584103708426,1.6865697218534337,73.6374923996679
UP25_SCORE80_NIKKEION_TP4.0_SL1.5_H1,VALIDATION,2024-03-11,8309.T,WIN,9.7796709059245,1,5.456514832612866,False,1.8033243234927052,38.94777737859525,-2.829621941040217,0.0670779999091881,1.2557221617814778,2.469917726481123,1.5724905472866024,64.63927772022649
UP25_SCORE80_NIKKEION_TP4.0_SL1.5_H1,VALIDATION,2024-03-18,3289.T,WIN,10.456607692483834,1,3.1788561124538144,False,1.0067788984315262,36.8627274994429,2.9795236379785983,0.0993729974623696,1.2184818060410647,2.6391519231209566,1.515077338343676,70.79072631991961
UP25_SCORE80_NIKKEION_TP4.0_SL1.5_H1,VALIDATION,2024-03-19,8801.T,HOLD,8.495777150300976,1,9.773150047748146,False,2.115825121948145,32.446154882604525,5.3761017561049895,0.122181980734735,1.510534167150447,2.8278956009457774,2.033014039373544,75.61957057625732
UP30_SCORE70_NIKKEION_TP4.0_SL1.5_H1,VALIDATION,2022-05-13,2501.T,LOSS,-3.3424263367917484,1,5.944871187551252,False,3.400604512726435,38.685878809615936,-0.3244343527760707,0.0267817779012543,1.333862563100472,2.2340551504373973,1.455429821541605,78.64119875658174
UP30_SCORE70_NIKKEION_TP4.0_SL1.5_H1,VALIDATION,2022-05-16,9531.T,LOSS,-3.7279597540330833,1,2.5034930380954985,False,2.918378221747409,35.99524805652664,0.0770927134631671,0.0268486183782619,0.6259226454089164,2.5096903934471575,0.7872520745924935,72.12547021118274
UP30_SCORE70_NIKKEION_TP4.0_SL1.5_H1,VALIDATION,2022-05-17,5020.T,LOSS,-3.598108489855034,1,1.760630250605687,False,1.405987367477768,19.07032630053753,3.1570597639297704,0.0728946497185125,1.0614395952093003,2.4166078924213226,1.7550698443476471,75.02798470985627
UP30_SCORE70_NIKKEION_TP4.0_SL1.5_H1,VALIDATION,2022-06-10,5803.T,HOLD,8.026663916998123,1,18.524807642590567,False,6.702168884496307,43.39822829433884,-2.2248190983177096,0.0388881292514335,1.243466362599772,3.4588471392703823,1.0810864397269426,71.89716109124154
UP30_SCORE70_NIKKEION_TP4.0_SL1.5_H1,VALIDATION,2022-06-24,7211.T,HOLD,11.175615019526564,1,20.002268211229577,False,4.349113502823965,42.1196056280957,-8.606548698090188,0.0025616573777389,1.480431990860245,4.339395390652548,1.9367317893950209,57.01585206707608
UP30_SCORE70_NIKKEION_TP4.0_SL1.5_H1,VALIDATION,2022-06-27,2501.T,WIN,8.337913878233072,1,9.820015702889275,False,1.5644775018713195,43.76912496196353,0.2368803875811176,0.0039577750676822,1.6676743248690045,2.109478469558268,1.781581355293611,70.83940742006217
UP30_SCORE70_NIKKEION_TP4.0_SL1.5_H1,VALIDATION,2022-06-28,9501.T,HOLD,5.172727272727274,1,9.046096065256291,False,-0.1853194746595843,20.191556948575037,4.166666666666674,0.1471293143668663,2.302757482523177,3.818181818181817,2.373206083583625,67.66977151936806
UP30_SCORE70_NIKKEION_TP4.0_SL1.5_H1,VALIDATION,2022-06-29,9501.T,TIMEOUT_LOSS,-2.1725388601036233,1,8.88196224656258,False,0.6706528765352271,22.37396857143523,5.272727272727273,0.204249264353729,2.005658483470548,3.857225100748418,2.7880650383729697,72.51589607440937
UP30_SCORE70_NIKKEION_TP4.0_SL1.5_H1,VALIDATION,2022-06-30,9501.T,HOLD,2.016402116402116,1,8.69955156950672,False,1.466418212752152,24.51597202150592,-2.072538860103623,0.19025697032202,1.2002946002712256,4.115226337448563,2.0613896712206934,67.97537846674064
UP30_SCORE70_NIKKEION_TP4.0_SL1.5_H1,VALIDATION,2022-07-07,8804.T,LOSS,-3.446971677876931,1,0.0265934630896393,False,1.8073914631535404,23.4174748041781,0.84344269467298,0.019848201568192,1.172779728039382,2.308582038921199,1.0809252854327047,66.07021427242472
UP30_SCORE70_NIKKEION_TP4.0_SL1.5_H1,VALIDATION,2022-07-08,8804.T,LOSS,-3.428956425009122,1,0.4282553834964402,False,2.048754876514192,24.50874722643819,0.8886574055018581,0.0080089640833866,1.4952237669705812,2.2957280704411014,1.4730094105462403,67.7674063851828
UP30_SCORE70_NIKKEION_TP4.0_SL1.5_H1,VALIDATION,2022-08-26,3402.T,WIN,7.4033022680537135,1,4.715826557188758,False,1.3227068499944927,23.326868980224702,2.1349419667568537,0.0451499048489812,2.120364579714173,1.87582556701343,1.8661862363859685,71.48351885781872
UP30_SCORE70_NIKKEION_TP4.0_SL1.5_H1,VALIDATION,2022-09-08,6963.T,WIN,10.483042605336978,1,3.389358493787343,False,1.450911551849754,17.181027533475167,1.1029514224850656,0.0575267132257677,1.5761652398423698,2.645760651334246,1.9134264834457844,63.69425087590122
UP30_SCORE70_NIKKEION_TP4.0_SL1.5_H1,VALIDATION,2022-09-09,8233.T,WIN,8.075196109081217,1,7.105545004350923,False,2.419994828977501,47.07602457680796,1.4067191098883436,0.0424264355421359,1.5726287733935918,2.043799027270306,2.0167180592190808,84.96763309537195
UP30_SCORE70_NIKKEION_TP4.0_SL1.5_H1,VALIDATION,2022-09-12,3099.T,HOLD,8.589121662137844,1,0.7190452600000207,False,2.762599012130851,32.50220295696049,4.701928889725493,0.0900232111163203,1.2789892584444156,2.54233766046678,1.6376233727228475,80.32291358388707
UP30_SCORE70_NIKKEION_TP4.0_SL1.5_H1,VALIDATION,2022-09-13,6762.T,HOLD,4.55946891217528,1,9.463813495840416,False,1.1505973027165384,23.741570665434217,3.5363485256876714,0.0267329113111032,1.529791393965503,2.3772466104535024,1.9478991951222084,70.83421513435317
UP30_SCORE70_NIKKEION_TP4.0_SL1.5_H1,VALIDATION,2022-09-14,6762.T,HOLD,8.90136156473954,1,9.479109815344067,False,1.1934819770905936,23.95264966470376,-3.605319642757554,0.0110704579108096,1.155304655862548,2.6442402550284143,1.5151809744067293,58.94862853932386
UP30_SCORE70_NIKKEION_TP4.0_SL1.5_H1,VALIDATION,2022-10-04,4502.T,WIN,6.521601945168077,1,0.1784752662705485,False,0.0923229281194926,12.91568892333423,1.3032940182379882,0.0434328521808546,1.4568342799069054,1.6554004862920173,1.980215777578708,61.542227510413
UP30_SCORE70_NIKKEION_TP4.0_SL1.5_H1,VALIDATION,2022-10-06,8031.T,LOSS,-3.3553194147448173,1,5.065407746825307,False,0.0837280115831173,18.889517197394643,1.2750327617096602,0.0227091221899091,0.809571229942505,2.243237488650074,0.8381690110706707,63.42700055474461
UP30_SCORE70_NIKKEION_TP4.0_SL1.5_H1,VALIDATION,2022-10-14,8252.T,LOSS,-3.5756478450983398,1,2.389445668348921,False,0.5022998885166441,13.699459371716976,1.0879489875212478,0.0305650495027016,1.5028310064366206,2.4005326238092,1.7893257501729267,61.433450449673664
UP30_SCORE70_NIKKEION_TP4.0_SL1.5_H1,VALIDATION,2022-12-12,7453.T,HOLD,5.168993152993251,1,7.785745537710707,False,0.6688510049293495,23.26400560168437,2.5965432538196165,0.0730793230628874,1.71096128417233,2.3300665706892305,1.800916419691897,67.18226053707386
UP30_SCORE70_NIKKEION_TP4.0_SL1.5_H1,VALIDATION,2022-12-14,4183.T,WIN,7.405831632360161,1,4.047842666128099,False,1.735151101832666,33.47960405091145,1.4353983141801807,0.0171772644233658,1.467974580070142,1.8764579080900419,1.530005084442979,66.28826055987322
UP30_SCORE70_NIKKEION_TP4.0_SL1.5_H1,VALIDATION,2023-01-04,8306.T,LOSS,-3.7433388062501183,1,9.942721833814636,False,4.004071511887508,53.97241962566525,3.140323074040752,0.0772790598147473,1.5402472630176538,2.5207313198785037,1.7562880669658096,80.2377668052138
UP30_SCORE70_NIKKEION_TP4.0_SL1.5_H1,VALIDATION,2023-01-11,3382.T,LOSS,-2.6130817979784893,1,-0.342018630134584,True,0.0643002033458461,11.064368921038149,0.1567953069600225,0.002254167969536,1.330397347716364,1.7185771139539858,1.7491209180835523,59.8589561169827
UP30_SCORE70_NIKKEION_TP4.0_SL1.5_H1,VALIDATION,2023-01-12,8795.T,LOSS,-4.016254665246854,1,13.347418043336852,False,3.631370741500861,41.89053345181456,1.373349552942793,-0.0147676883364578,1.2388590074410453,2.7172509089875936,1.5983048518463,71.32842362367616
UP30_SCORE70_NIKKEION_TP4.0_SL1.5_H1,VALIDATION,2023-02-24,9107.T,WIN,11.605946284777014,1,9.446404148371524,False,4.09844994706916,43.4164883645031,1.0370470060754755,0.0191426801055223,1.190554996700955,2.9264865711942534,1.0778453082226491,71.89668183793219
UP30_SCORE70_NIKKEION_TP4.0_SL1.5_H1,VALIDATION,2023-03-01,5406.T,WIN,11.168328716414832,1,14.91716099759614,False,6.888477232737333,54.04595324073036,3.2292749761118733,0.0651599338858062,1.252977261833042,2.8170821791037097,1.4760421644722026,84.29291427976493
UP30_SCORE70_NIKKEION_TP4.0_SL1.5_H1,VALIDATION,2023-03-02,7532.T,HOLD,3.8475946283756834,1,2.311749896743116,False,1.110301730656027,23.028168592738364,-2.3219991254686434,0.0040066512595293,1.2480259842078736,2.4894896230590753,1.209647434940606,58.48457558086351
UP30_SCORE70_NIKKEION_TP4.0_SL1.5_H1,VALIDATION,2023-03-10,7532.T,HOLD,2.5956173520402026,1,3.57934608370132,False,1.880228685350693,28.13455632423358,-2.921340206282974,0.0131222127276182,1.491419817093107,2.5463457920216275,1.7096566069760155,58.657926704217566
UP30_SCORE70_NIKKEION_TP4.0_SL1.5_H1,VALIDATION,2023-03-22,9432.T,WIN,5.064884984967611,1,2.9886769743890587,False,0.7353999834895264,15.681016052641414,0.4470819300953277,0.0202850673358965,1.1697412593408478,1.2912212462419026,1.3366632783126184,63.96297916656753
UP30_SCORE70_NIKKEION_TP4.0_SL1.5_H1,VALIDATION,2023-03-23,2282.T,WIN,5.308156466981318,1,1.7935028429780078,False,0.8430250161032271,22.46676756670302,2.213557995259552,0.0245550521425392,1.4819834848611226,1.3520391167453294,1.6059746686702747,66.90274959696077
UP30_SCORE70_NIKKEION_TP4.0_SL1.5_H1,VALIDATION,2023-03-29,6501.T,HOLD,5.231834133933145,1,1.0988968003756614,False,0.0979342932952764,16.39183530118584,0.7640034424433395,0.040399658979535,1.4440823297722165,2.0827135864235418,1.320943838763867,62.83061669805912
UP30_SCORE70_NIKKEION_TP4.0_SL1.5_H1,VALIDATION,2023-05-02,4062.T,HOLD,1.0139579242476215,1,4.013966551592089,False,1.802827796504003,20.67844708573587,9.00735727262434,0.1648387926054175,2.2486169616892635,3.1848252355601923,4.576523959366289,74.71698370331268
UP30_SCORE70_NIKKEION_TP4.0_SL1.5_H1,VALIDATION,2023-05-08,4062.T,HOLD,5.527817301031235,1,4.5676056091174,False,2.5347224805395863,23.10031811179641,-1.0118074056056026,0.1743182992262808,0.7399843511094202,3.210063097006962,1.5313197485061518,71.9754167058368
UP30_SCORE70_NIKKEION_TP4.0_SL1.5_H1,VALIDATION,2023-07-14,3697.T,HOLD,2.6352689429760656,1,4.414202111466844,False,0.9825434478655692,14.066035777668535,11.423477609773958,0.2445951797241883,3.1735855666491504,3.664836270819342,5.869603952377096,73.90035206959334
UP30_SCORE70_NIKKEION_TP4.0_SL1.5_H1,VALIDATION,2023-07-18,3697.T,HOLD,3.523970101615148,1,4.9953295049275175,False,2.044955701868667,17.111553296105495,2.299582343674889,0.2528169654791361,1.6606525716609066,3.758092130501045,3.6132920490987503,75.56989565836771
UP30_SCORE70_NIKKEION_TP4.0_SL1.5_H1,VALIDATION,2023-07-19,3697.T,TIMEOUT_LOSS,-2.2265375704661805,1,5.567456335180463,False,3.178951129004992,20.179742269010724,3.184516937369808,0.2654910535496504,1.1688741037667625,3.7680333712417116,2.7744672503003995,77.74209892609204
UP30_SCORE70_NIKKEION_TP4.0_SL1.5_H1,VALIDATION,2023-07-20,9107.T,WIN,14.006070099017409,1,7.365756579489273,False,4.617551222256289,40.456823312574784,0.6164097608000185,0.0938839039136021,1.2425910903490696,3.5265175247543543,1.297700012415697,75.59799884044793
UP30_SCORE70_NIKKEION_TP4.0_SL1.5_H1,VALIDATION,2023-07-24,8304.T,WIN,4.646462184734912,1,5.965186154094392,False,1.4953254814182193,46.50894890976158,-0.1436610728448251,0.0052203232234606,0.9984152139461172,1.186615546183726,0.9270053085895136,73.84824848778555
UP30_SCORE70_NIKKEION_TP4.0_SL1.5_H1,VALIDATION,2023-07-25,9107.T,WIN,13.424120072605417,1,9.426236891350596,False,5.728474038906661,43.95468824272265,0.4712471779455551,0.0685211820160593,0.7454517534288647,3.381030018151354,0.7193571847781792,73.09781851674379
UP30_SCORE70_NIKKEION_TP4.0_SL1.5_H1,VALIDATION,2023-07-27,3697.T,TIMEOUT_LOSS,-0.7186061325326508,1,6.924157184283334,False,3.259052026362852,29.05887576099701,-1.0892575373501412,0.002571187096052,0.7087931439305001,3.531479074970112,0.5298027773512055,71.0424364651647
UP30_SCORE70_NIKKEION_TP4.0_SL1.5_H1,VALIDATION,2023-08-02,2871.T,WIN,6.0627349642954025,1,3.8189108712657336,False,0.7242951919965934,34.654865155400365,-0.3352535094952369,0.0165360395766838,1.8527815891231132,1.5406837410738485,2.5689084895259096,68.58018561012706
UP30_SCORE70_NIKKEION_TP4.0_SL1.5_H1,VALIDATION,2023-08-10,1605.T,HOLD,6.879169240044492,1,11.164981718369583,False,3.493592257604239,52.83446425483549,12.463460383201651,0.1554229117371919,2.79979946927813,2.9283910300581084,4.34619726101322,79.77015775754742
UP30_SCORE70_NIKKEION_TP4.0_SL1.5_H1,VALIDATION,2023-08-23,7261.T,WIN,10.508662911097277,1,5.953331285872705,False,1.9455717693589447,12.708498948693068,1.9993264348709736,0.0386591443652704,1.6638416589958922,2.652165727774321,1.5720263859369508,64.21075613369555
UP30_SCORE70_NIKKEION_TP4.0_SL1.5_H1,VALIDATION,2023-08-24,4062.T,LOSS,-5.339633111636732,1,6.80922560641553,False,-0.1925287628427585,15.369284537342974,1.0315239770017692,0.0820505230531885,2.3957283900866413,3.493088741091155,2.2102836747592667,63.32774287075412
UP30_SCORE70_NIKKEION_TP4.0_SL1.5_H1,VALIDATION,2023-08-25,3405.T,WIN,8.751136359044375,1,5.563676524694812,False,3.2152690771133585,33.8857711933423,0.5009277123760647,0.0383852602473304,1.6114387669128216,2.2127840897610955,1.4383193507789016,74.62114188384804
UP30_SCORE70_NIKKEION_TP4.0_SL1.5_H1,VALIDATION,2023-08-28,6113.T,WIN,8.383439084083,1,2.0495189820741966,False,1.2136642361419758,13.1843960890482,2.1775693976564536,0.045055261327477,1.8592336349121876,2.1208597710207515,1.5424862573680376,68.72876119221075
UP30_SCORE70_NIKKEION_TP4.0_SL1.5_H1,VALIDATION,2023-09-21,9501.T,HOLD,2.430923944535668,1,12.439084434745476,False,3.3705390033044846,55.35845466158926,3.1764129913268717,0.1079233947128065,1.2387773526238668,2.8613704298891873,1.684289366876984,77.03312199329181
UP30_SCORE70_NIKKEION_TP4.0_SL1.5_H1,VALIDATION,2023-09-25,6724.T,LOSS,-2.7979145810948625,1,1.9559915809231725,False,1.1888741021515823,18.999088168220453,0.5744797730551587,0.0697933184223795,0.6486843807032923,1.8484801358434666,0.7463562635890907,67.74065809684637
UP30_SCORE70_NIKKEION_TP4.0_SL1.5_H1,VALIDATION,2023-09-26,8795.T,LOSS,-3.8017591815452723,1,8.073776484220787,False,2.6441221533526127,40.65925639038708,0.3276185569456968,0.031178315543677,1.4798864527695812,2.562704607466282,1.5836332714471573,67.81712545659161
UP30_SCORE70_NIKKEION_TP4.0_SL1.5_H1,VALIDATION,2023-09-27,8697.T,LOSS,-3.0344058367496096,1,3.3470779308842338,False,1.4497709058478805,32.77614038546648,3.4413909652475594,0.0834387115714591,1.6005725384357377,2.015410892703044,2.222029709001226,79.38085439124544
UP30_SCORE70_NIKKEION_TP4.0_SL1.5_H1,VALIDATION,2023-09-28,7211.T,LOSS,-4.076802344196217,1,9.117007954978993,False,3.450040277711963,39.29149553083054,1.8863381236379428,0.0571909307090926,1.5897506486632105,2.7610011200634483,2.021996336198152,71.69805481165484
UP30_SCORE70_NIKKEION_TP4.0_SL1.5_H1,VALIDATION,2023-09-29,4519.T,LOSS,-3.5795620699008657,1,5.059909895761967,False,0.93704686797198,28.12251682599573,0.1516356839443844,0.1048133624170686,1.5080802597375482,2.4033335284704487,2.628650714220726,65.25518100416157
UP30_SCORE70_NIKKEION_TP4.0_SL1.5_H1,VALIDATION,2023-10-10,9107.T,LOSS,-5.295964167410682,1,15.933972418178186,False,1.9657485360281115,32.90204777315115,5.531622163232508,0.1134071461102983,1.3518507547182232,3.653827689070136,1.4354720499868414,67.38977612445666
UP30_SCORE70_NIKKEION_TP4.0_SL1.5_H1,VALIDATION,2023-10-18,7453.T,TIMEOUT_LOSS,-2.167696837695854,1,4.136507868839604,False,0.1223158978307381,22.63425020648197,3.166167693874544,0.1318619295282879,0.9600826348913224,3.16705256495576,1.773623917931742,67.49018008188494
UP30_SCORE70_NIKKEION_TP4.0_SL1.5_H1,VALIDATION,2023-10-20,2501.T,LOSS,-2.8845995988559525,1,13.549303533545825,False,1.2865739537807783,42.10627268358788,0.397069077036738,0.0451092945210227,1.6116698336191315,1.9095737145663187,1.7322540473225403,71.17290890964611
UP30_SCORE70_NIKKEION_TP4.0_SL1.5_H1,VALIDATION,2023-10-30,8354.T,LOSS,-4.021326977863038,1,6.961966882938133,False,0.4635109606138554,20.183945473791084,-1.572169017049041,0.0235651555938773,2.242165378893315,2.7209139167020906,3.041452154524692,57.710746195913416
UP30_SCORE70_NIKKEION_TP4.0_SL1.5_H1,VALIDATION,2023-10-31,8354.T,LOSS,-4.064284601248491,1,6.990528763368678,False,0.7896743702185294,20.80181074330227,1.9845406507217331,0.061751516195736,1.2017489922798388,2.7519515941115085,1.8450726385902343,64.8150694647926
UP30_SCORE70_NIKKEION_TP4.0_SL1.5_H1,VALIDATION,2023-12-06,9501.T,HOLD,10.44913294797688,1,1.1578272175565565,False,0.4150857548883557,12.53495466131979,3.919503623521159,0.0978182408120953,2.777650370355735,2.9865125240847794,3.8960955408717135,65.11804068639108
UP30_SCORE70_NIKKEION_TP4.0_SL1.5_H1,VALIDATION,2024-03-08,8331.T,WIN,10.194336414833705,1,5.405307907021086,False,2.693774385595749,36.25104127848698,0.9972018532308002,0.0155313857543469,1.357289321773241,2.573584103708426,1.6865697218534337,73.6374923996679
UP30_SCORE70_NIKKEION_TP4.0_SL1.5_H1,VALIDATION,2024-03-11,8309.T,WIN,9.7796709059245,1,5.456514832612866,False,1.8033243234927052,38.94777737859525,-2.829621941040217,0.0670779999091881,1.2557221617814778,2.469917726481123,1.5724905472866024,64.63927772022649
UP30_SCORE70_NIKKEION_TP4.0_SL1.5_H1,VALIDATION,2024-03-13,9502.T,WIN,9.352818067430947,1,0.3284805989638264,False,-0.3949155550553529,9.336203923379715,-0.4163332885228521,0.0416315849555858,1.3713123246439942,2.363204516857735,1.5435690298745686,53.35620076050401
UP30_SCORE70_NIKKEION_TP4.0_SL1.5_H1,VALIDATION,2024-03-18,3289.T,WIN,10.456607692483834,1,3.1788561124538144,False,1.0067788984315262,36.8627274994429,2.9795236379785983,0.0993729974623696,1.2184818060410647,2.6391519231209566,1.515077338343676,70.79072631991961
UP30_SCORE70_NIKKEION_TP4.0_SL1.5_H1,VALIDATION,2024-03-19,8801.T,HOLD,8.495777150300976,1,9.773150047748146,False,2.115825121948145,32.446154882604525,5.3761017561049895,0.122181980734735,1.510534167150447,2.8278956009457774,2.033014039373544,75.61957057625732
UP30_SCORE70_NIKKEION_TP4.0_SL1.5_H1,VALIDATION,2024-04-24,8306.T,HOLD,7.140239660000736,1,5.791235339906379,False,0.4467188060413019,17.604649912322607,0.4799929191379393,0.0388005802676905,0.8113443422931543,2.263652438436166,0.8313150105569843,58.02624765264058
UP20_SCORE70_NIKKEION_TP4.0_SL1.5_H1,VALIDATION,2022-05-13,2501.T,LOSS,-3.3424263367917484,1,5.944871187551252,False,3.400604512726435,38.685878809615936,-0.3244343527760707,0.0267817779012543,1.333862563100472,2.2340551504373973,1.455429821541605,78.64119875658174
UP20_SCORE70_NIKKEION_TP4.0_SL1.5_H1,VALIDATION,2022-05-16,9531.T,LOSS,-3.7279597540330833,1,2.5034930380954985,False,2.918378221747409,35.99524805652664,0.0770927134631671,0.0268486183782619,0.6259226454089164,2.5096903934471575,0.7872520745924935,72.12547021118274
UP20_SCORE70_NIKKEION_TP4.0_SL1.5_H1,VALIDATION,2022-05-17,5020.T,LOSS,-3.598108489855034,1,1.760630250605687,False,1.405987367477768,19.07032630053753,3.1570597639297704,0.0728946497185125,1.0614395952093003,2.4166078924213226,1.7550698443476471,75.02798470985627
UP20_SCORE70_NIKKEION_TP4.0_SL1.5_H1,VALIDATION,2022-06-10,5803.T,HOLD,8.026663916998123,1,18.524807642590567,False,6.702168884496307,43.39822829433884,-2.2248190983177096,0.0388881292514335,1.243466362599772,3.4588471392703823,1.0810864397269426,71.89716109124154
UP20_SCORE70_NIKKEION_TP4.0_SL1.5_H1,VALIDATION,2022-06-24,7211.T,HOLD,11.175615019526564,1,20.002268211229577,False,4.349113502823965,42.1196056280957,-8.606548698090188,0.0025616573777389,1.480431990860245,4.339395390652548,1.9367317893950209,57.01585206707608
UP20_SCORE70_NIKKEION_TP4.0_SL1.5_H1,VALIDATION,2022-06-27,2501.T,WIN,8.337913878233072,1,9.820015702889275,False,1.5644775018713195,43.76912496196353,0.2368803875811176,0.0039577750676822,1.6676743248690045,2.109478469558268,1.781581355293611,70.83940742006217
UP20_SCORE70_NIKKEION_TP4.0_SL1.5_H1,VALIDATION,2022-06-28,9501.T,HOLD,5.172727272727274,1,9.046096065256291,False,-0.1853194746595843,20.191556948575037,4.166666666666674,0.1471293143668663,2.302757482523177,3.818181818181817,2.373206083583625,67.66977151936806
UP20_SCORE70_NIKKEION_TP4.0_SL1.5_H1,VALIDATION,2022-06-29,9501.T,TIMEOUT_LOSS,-2.1725388601036233,1,8.88196224656258,False,0.6706528765352271,22.37396857143523,5.272727272727273,0.204249264353729,2.005658483470548,3.857225100748418,2.7880650383729697,72.51589607440937
UP20_SCORE70_NIKKEION_TP4.0_SL1.5_H1,VALIDATION,2022-06-30,9501.T,HOLD,2.016402116402116,1,8.69955156950672,False,1.466418212752152,24.51597202150592,-2.072538860103623,0.19025697032202,1.2002946002712256,4.115226337448563,2.0613896712206934,67.97537846674064
UP20_SCORE70_NIKKEION_TP4.0_SL1.5_H1,VALIDATION,2022-07-07,8804.T,LOSS,-3.446971677876931,1,0.0265934630896393,False,1.8073914631535404,23.4174748041781,0.84344269467298,0.019848201568192,1.172779728039382,2.308582038921199,1.0809252854327047,66.07021427242472
UP20_SCORE70_NIKKEION_TP4.0_SL1.5_H1,VALIDATION,2022-07-08,8804.T,LOSS,-3.428956425009122,1,0.4282553834964402,False,2.048754876514192,24.50874722643819,0.8886574055018581,0.0080089640833866,1.4952237669705812,2.2957280704411014,1.4730094105462403,67.7674063851828
UP20_SCORE70_NIKKEION_TP4.0_SL1.5_H1,VALIDATION,2022-08-26,3402.T,WIN,7.4033022680537135,1,4.715826557188758,False,1.3227068499944927,23.326868980224702,2.1349419667568537,0.0451499048489812,2.120364579714173,1.87582556701343,1.8661862363859685,71.48351885781872
UP20_SCORE70_NIKKEION_TP4.0_SL1.5_H1,VALIDATION,2022-09-08,6963.T,WIN,10.483042605336978,1,3.389358493787343,False,1.450911551849754,17.181027533475167,1.1029514224850656,0.0575267132257677,1.5761652398423698,2.645760651334246,1.9134264834457844,63.69425087590122
UP20_SCORE70_NIKKEION_TP4.0_SL1.5_H1,VALIDATION,2022-09-09,8233.T,WIN,8.075196109081217,1,7.105545004350923,False,2.419994828977501,47.07602457680796,1.4067191098883436,0.0424264355421359,1.5726287733935918,2.043799027270306,2.0167180592190808,84.96763309537195
UP20_SCORE70_NIKKEION_TP4.0_SL1.5_H1,VALIDATION,2022-09-12,3099.T,HOLD,8.589121662137844,1,0.7190452600000207,False,2.762599012130851,32.50220295696049,4.701928889725493,0.0900232111163203,1.2789892584444156,2.54233766046678,1.6376233727228475,80.32291358388707
UP20_SCORE70_NIKKEION_TP4.0_SL1.5_H1,VALIDATION,2022-09-13,6762.T,HOLD,4.55946891217528,1,9.463813495840416,False,1.1505973027165384,23.741570665434217,3.5363485256876714,0.0267329113111032,1.529791393965503,2.3772466104535024,1.9478991951222084,70.83421513435317
UP20_SCORE70_NIKKEION_TP4.0_SL1.5_H1,VALIDATION,2022-09-14,6762.T,HOLD,8.90136156473954,1,9.479109815344067,False,1.1934819770905936,23.95264966470376,-3.605319642757554,0.0110704579108096,1.155304655862548,2.6442402550284143,1.5151809744067293,58.94862853932386
UP20_SCORE70_NIKKEION_TP4.0_SL1.5_H1,VALIDATION,2022-10-04,4502.T,WIN,6.521601945168077,1,0.1784752662705485,False,0.0923229281194926,12.91568892333423,1.3032940182379882,0.0434328521808546,1.4568342799069054,1.6554004862920173,1.980215777578708,61.542227510413
UP20_SCORE70_NIKKEION_TP4.0_SL1.5_H1,VALIDATION,2022-10-06,8031.T,LOSS,-3.3553194147448173,1,5.065407746825307,False,0.0837280115831173,18.889517197394643,1.2750327617096602,0.0227091221899091,0.809571229942505,2.243237488650074,0.8381690110706707,63.42700055474461
UP20_SCORE70_NIKKEION_TP4.0_SL1.5_H1,VALIDATION,2022-10-14,8252.T,LOSS,-3.5756478450983398,1,2.389445668348921,False,0.5022998885166441,13.699459371716976,1.0879489875212478,0.0305650495027016,1.5028310064366206,2.4005326238092,1.7893257501729267,61.433450449673664
UP20_SCORE70_NIKKEION_TP4.0_SL1.5_H1,VALIDATION,2022-12-12,7453.T,HOLD,5.168993152993251,1,7.785745537710707,False,0.6688510049293495,23.26400560168437,2.5965432538196165,0.0730793230628874,1.71096128417233,2.3300665706892305,1.800916419691897,67.18226053707386
UP20_SCORE70_NIKKEION_TP4.0_SL1.5_H1,VALIDATION,2022-12-14,4183.T,WIN,7.405831632360161,1,4.047842666128099,False,1.735151101832666,33.47960405091145,1.4353983141801807,0.0171772644233658,1.467974580070142,1.8764579080900419,1.530005084442979,66.28826055987322
UP20_SCORE70_NIKKEION_TP4.0_SL1.5_H1,VALIDATION,2023-01-04,8306.T,LOSS,-3.7433388062501183,1,9.942721833814636,False,4.004071511887508,53.97241962566525,3.140323074040752,0.0772790598147473,1.5402472630176538,2.5207313198785037,1.7562880669658096,80.2377668052138
UP20_SCORE70_NIKKEION_TP4.0_SL1.5_H1,VALIDATION,2023-01-11,3382.T,LOSS,-2.6130817979784893,1,-0.342018630134584,True,0.0643002033458461,11.064368921038149,0.1567953069600225,0.002254167969536,1.330397347716364,1.7185771139539858,1.7491209180835523,59.8589561169827
UP20_SCORE70_NIKKEION_TP4.0_SL1.5_H1,VALIDATION,2023-01-12,8795.T,LOSS,-4.016254665246854,1,13.347418043336852,False,3.631370741500861,41.89053345181456,1.373349552942793,-0.0147676883364578,1.2388590074410453,2.7172509089875936,1.5983048518463,71.32842362367616
UP20_SCORE70_NIKKEION_TP4.0_SL1.5_H1,VALIDATION,2023-02-24,9107.T,WIN,11.605946284777014,1,9.446404148371524,False,4.09844994706916,43.4164883645031,1.0370470060754755,0.0191426801055223,1.190554996700955,2.9264865711942534,1.0778453082226491,71.89668183793219
UP20_SCORE70_NIKKEION_TP4.0_SL1.5_H1,VALIDATION,2023-03-01,5406.T,WIN,11.168328716414832,1,14.91716099759614,False,6.888477232737333,54.04595324073036,3.2292749761118733,0.0651599338858062,1.252977261833042,2.8170821791037097,1.4760421644722026,84.29291427976493
UP20_SCORE70_NIKKEION_TP4.0_SL1.5_H1,VALIDATION,2023-03-02,7532.T,HOLD,3.8475946283756834,1,2.311749896743116,False,1.110301730656027,23.028168592738364,-2.3219991254686434,0.0040066512595293,1.2480259842078736,2.4894896230590753,1.209647434940606,58.48457558086351
UP20_SCORE70_NIKKEION_TP4.0_SL1.5_H1,VALIDATION,2023-03-10,7532.T,HOLD,2.5956173520402026,1,3.57934608370132,False,1.880228685350693,28.13455632423358,-2.921340206282974,0.0131222127276182,1.491419817093107,2.5463457920216275,1.7096566069760155,58.657926704217566
UP20_SCORE70_NIKKEION_TP4.0_SL1.5_H1,VALIDATION,2023-03-22,9432.T,WIN,5.064884984967611,1,2.9886769743890587,False,0.7353999834895264,15.681016052641414,0.4470819300953277,0.0202850673358965,1.1697412593408478,1.2912212462419026,1.3366632783126184,63.96297916656753
UP20_SCORE70_NIKKEION_TP4.0_SL1.5_H1,VALIDATION,2023-03-23,2282.T,WIN,5.308156466981318,1,1.7935028429780078,False,0.8430250161032271,22.46676756670302,2.213557995259552,0.0245550521425392,1.4819834848611226,1.3520391167453294,1.6059746686702747,66.90274959696077
UP20_SCORE70_NIKKEION_TP4.0_SL1.5_H1,VALIDATION,2023-03-29,6501.T,HOLD,5.231834133933145,1,1.0988968003756614,False,0.0979342932952764,16.39183530118584,0.7640034424433395,0.040399658979535,1.4440823297722165,2.0827135864235418,1.320943838763867,62.83061669805912
UP20_SCORE70_NIKKEION_TP4.0_SL1.5_H1,VALIDATION,2023-05-02,4062.T,HOLD,1.0139579242476215,1,4.013966551592089,False,1.802827796504003,20.67844708573587,9.00735727262434,0.1648387926054175,2.2486169616892635,3.1848252355601923,4.576523959366289,74.71698370331268
UP20_SCORE70_NIKKEION_TP4.0_SL1.5_H1,VALIDATION,2023-05-08,4062.T,HOLD,5.527817301031235,1,4.5676056091174,False,2.5347224805395863,23.10031811179641,-1.0118074056056026,0.1743182992262808,0.7399843511094202,3.210063097006962,1.5313197485061518,71.9754167058368
UP20_SCORE70_NIKKEION_TP4.0_SL1.5_H1,VALIDATION,2023-07-14,3697.T,HOLD,2.6352689429760656,1,4.414202111466844,False,0.9825434478655692,14.066035777668535,11.423477609773958,0.2445951797241883,3.1735855666491504,3.664836270819342,5.869603952377096,73.90035206959334
UP20_SCORE70_NIKKEION_TP4.0_SL1.5_H1,VALIDATION,2023-07-18,3697.T,HOLD,3.523970101615148,1,4.9953295049275175,False,2.044955701868667,17.111553296105495,2.299582343674889,0.2528169654791361,1.6606525716609066,3.758092130501045,3.6132920490987503,75.56989565836771
UP20_SCORE70_NIKKEION_TP4.0_SL1.5_H1,VALIDATION,2023-07-19,3697.T,TIMEOUT_LOSS,-2.2265375704661805,1,5.567456335180463,False,3.178951129004992,20.179742269010724,3.184516937369808,0.2654910535496504,1.1688741037667625,3.7680333712417116,2.7744672503003995,77.74209892609204
UP20_SCORE70_NIKKEION_TP4.0_SL1.5_H1,VALIDATION,2023-07-20,9107.T,WIN,14.006070099017409,1,7.365756579489273,False,4.617551222256289,40.456823312574784,0.6164097608000185,0.0938839039136021,1.2425910903490696,3.5265175247543543,1.297700012415697,75.59799884044793
UP20_SCORE70_NIKKEION_TP4.0_SL1.5_H1,VALIDATION,2023-07-24,8304.T,WIN,4.646462184734912,1,5.965186154094392,False,1.4953254814182193,46.50894890976158,-0.1436610728448251,0.0052203232234606,0.9984152139461172,1.186615546183726,0.9270053085895136,73.84824848778555
UP20_SCORE70_NIKKEION_TP4.0_SL1.5_H1,VALIDATION,2023-07-25,9107.T,WIN,13.424120072605417,1,9.426236891350596,False,5.728474038906661,43.95468824272265,0.4712471779455551,0.0685211820160593,0.7454517534288647,3.381030018151354,0.7193571847781792,73.09781851674379
UP20_SCORE70_NIKKEION_TP4.0_SL1.5_H1,VALIDATION,2023-07-27,3697.T,TIMEOUT_LOSS,-0.7186061325326508,1,6.924157184283334,False,3.259052026362852,29.05887576099701,-1.0892575373501412,0.002571187096052,0.7087931439305001,3.531479074970112,0.5298027773512055,71.0424364651647
UP20_SCORE70_NIKKEION_TP4.0_SL1.5_H1,VALIDATION,2023-08-02,2871.T,WIN,6.0627349642954025,1,3.8189108712657336,False,0.7242951919965934,34.654865155400365,-0.3352535094952369,0.0165360395766838,1.8527815891231132,1.5406837410738485,2.5689084895259096,68.58018561012706
UP20_SCORE70_NIKKEION_TP4.0_SL1.5_H1,VALIDATION,2023-08-10,1605.T,HOLD,6.879169240044492,1,11.164981718369583,False,3.493592257604239,52.83446425483549,12.463460383201651,0.1554229117371919,2.79979946927813,2.9283910300581084,4.34619726101322,79.77015775754742
UP20_SCORE70_NIKKEION_TP4.0_SL1.5_H1,VALIDATION,2023-08-23,7261.T,WIN,10.508662911097277,1,5.953331285872705,False,1.9455717693589447,12.708498948693068,1.9993264348709736,0.0386591443652704,1.6638416589958922,2.652165727774321,1.5720263859369508,64.21075613369555
UP20_SCORE70_NIKKEION_TP4.0_SL1.5_H1,VALIDATION,2023-08-24,4062.T,LOSS,-5.339633111636732,1,6.80922560641553,False,-0.1925287628427585,15.369284537342974,1.0315239770017692,0.0820505230531885,2.3957283900866413,3.493088741091155,2.2102836747592667,63.32774287075412
UP20_SCORE70_NIKKEION_TP4.0_SL1.5_H1,VALIDATION,2023-08-25,3405.T,WIN,8.751136359044375,1,5.563676524694812,False,3.2152690771133585,33.8857711933423,0.5009277123760647,0.0383852602473304,1.6114387669128216,2.2127840897610955,1.4383193507789016,74.62114188384804
UP20_SCORE70_NIKKEION_TP4.0_SL1.5_H1,VALIDATION,2023-08-28,6113.T,WIN,8.383439084083,1,2.0495189820741966,False,1.2136642361419758,13.1843960890482,2.1775693976564536,0.045055261327477,1.8592336349121876,2.1208597710207515,1.5424862573680376,68.72876119221075
UP20_SCORE70_NIKKEION_TP4.0_SL1.5_H1,VALIDATION,2023-09-21,9501.T,HOLD,2.430923944535668,1,12.439084434745476,False,3.3705390033044846,55.35845466158926,3.1764129913268717,0.1079233947128065,1.2387773526238668,2.8613704298891873,1.684289366876984,77.03312199329181
UP20_SCORE70_NIKKEION_TP4.0_SL1.5_H1,VALIDATION,2023-09-25,6724.T,LOSS,-2.7979145810948625,1,1.9559915809231725,False,1.1888741021515823,18.999088168220453,0.5744797730551587,0.0697933184223795,0.6486843807032923,1.8484801358434666,0.7463562635890907,67.74065809684637
UP20_SCORE70_NIKKEION_TP4.0_SL1.5_H1,VALIDATION,2023-09-26,8795.T,LOSS,-3.8017591815452723,1,8.073776484220787,False,2.6441221533526127,40.65925639038708,0.3276185569456968,0.031178315543677,1.4798864527695812,2.562704607466282,1.5836332714471573,67.81712545659161
UP20_SCORE70_NIKKEION_TP4.0_SL1.5_H1,VALIDATION,2023-09-27,8697.T,LOSS,-3.0344058367496096,1,3.3470779308842338,False,1.4497709058478805,32.77614038546648,3.4413909652475594,0.0834387115714591,1.6005725384357377,2.015410892703044,2.222029709001226,79.38085439124544
UP20_SCORE70_NIKKEION_TP4.0_SL1.5_H1,VALIDATION,2023-09-28,7211.T,LOSS,-4.076802344196217,1,9.117007954978993,False,3.450040277711963,39.29149553083054,1.8863381236379428,0.0571909307090926,1.5897506486632105,2.7610011200634483,2.021996336198152,71.69805481165484
UP20_SCORE70_NIKKEION_TP4.0_SL1.5_H1,VALIDATION,2023-09-29,4519.T,LOSS,-3.5795620699008657,1,5.059909895761967,False,0.93704686797198,28.12251682599573,0.1516356839443844,0.1048133624170686,1.5080802597375482,2.4033335284704487,2.628650714220726,65.25518100416157
UP20_SCORE70_NIKKEION_TP4.0_SL1.5_H1,VALIDATION,2023-10-10,9107.T,LOSS,-5.295964167410682,1,15.933972418178186,False,1.9657485360281115,32.90204777315115,5.531622163232508,0.1134071461102983,1.3518507547182232,3.653827689070136,1.4354720499868414,67.38977612445666
UP20_SCORE70_NIKKEION_TP4.0_SL1.5_H1,VALIDATION,2023-10-18,7453.T,TIMEOUT_LOSS,-2.167696837695854,1,4.136507868839604,False,0.1223158978307381,22.63425020648197,3.166167693874544,0.1318619295282879,0.9600826348913224,3.16705256495576,1.773623917931742,67.49018008188494
UP20_SCORE70_NIKKEION_TP4.0_SL1.5_H1,VALIDATION,2023-10-20,2501.T,LOSS,-2.8845995988559525,1,13.549303533545825,False,1.2865739537807783,42.10627268358788,0.397069077036738,0.0451092945210227,1.6116698336191315,1.9095737145663187,1.7322540473225403,71.17290890964611
UP20_SCORE70_NIKKEION_TP4.0_SL1.5_H1,VALIDATION,2023-10-30,8354.T,LOSS,-4.021326977863038,1,6.961966882938133,False,0.4635109606138554,20.183945473791084,-1.572169017049041,0.0235651555938773,2.242165378893315,2.7209139167020906,3.041452154524692,57.710746195913416
UP20_SCORE70_NIKKEION_TP4.0_SL1.5_H1,VALIDATION,2023-10-31,8354.T,LOSS,-4.064284601248491,1,6.990528763368678,False,0.7896743702185294,20.80181074330227,1.9845406507217331,0.061751516195736,1.2017489922798388,2.7519515941115085,1.8450726385902343,64.8150694647926
UP20_SCORE70_NIKKEION_TP4.0_SL1.5_H1,VALIDATION,2023-12-06,9501.T,HOLD,10.44913294797688,1,1.1578272175565565,False,0.4150857548883557,12.53495466131979,3.919503623521159,0.0978182408120953,2.777650370355735,2.9865125240847794,3.8960955408717135,65.11804068639108
UP20_SCORE70_NIKKEION_TP4.0_SL1.5_H1,VALIDATION,2024-03-08,8331.T,WIN,10.194336414833705,1,5.405307907021086,False,2.693774385595749,36.25104127848698,0.9972018532308002,0.0155313857543469,1.357289321773241,2.573584103708426,1.6865697218534337,73.6374923996679
UP20_SCORE70_NIKKEION_TP4.0_SL1.5_H1,VALIDATION,2024-03-11,8309.T,WIN,9.7796709059245,1,5.456514832612866,False,1.8033243234927052,38.94777737859525,-2.829621941040217,0.0670779999091881,1.2557221617814778,2.469917726481123,1.5724905472866024,64.63927772022649
UP20_SCORE70_NIKKEION_TP4.0_SL1.5_H1,VALIDATION,2024-03-13,9502.T,WIN,9.352818067430947,1,0.3284805989638264,False,-0.3949155550553529,9.336203923379715,-0.4163332885228521,0.0416315849555858,1.3713123246439942,2.363204516857735,1.5435690298745686,53.35620076050401
UP20_SCORE70_NIKKEION_TP4.0_SL1.5_H1,VALIDATION,2024-03-18,3289.T,WIN,10.456607692483834,1,3.1788561124538144,False,1.0067788984315262,36.8627274994429,2.9795236379785983,0.0993729974623696,1.2184818060410647,2.6391519231209566,1.515077338343676,70.79072631991961
UP20_SCORE70_NIKKEION_TP4.0_SL1.5_H1,VALIDATION,2024-03-19,8801.T,HOLD,8.495777150300976,1,9.773150047748146,False,2.115825121948145,32.446154882604525,5.3761017561049895,0.122181980734735,1.510534167150447,2.8278956009457774,2.033014039373544,75.61957057625732
UP20_SCORE70_NIKKEION_TP4.0_SL1.5_H1,VALIDATION,2024-04-24,8306.T,HOLD,7.140239660000736,1,5.791235339906379,False,0.4467188060413019,17.604649912322607,0.4799929191379393,0.0388005802676905,0.8113443422931543,2.263652438436166,0.8313150105569843,58.02624765264058
UP25_SCORE70_NIKKEION_TP4.0_SL1.5_H1,VALIDATION,2022-05-13,2501.T,LOSS,-3.3424263367917484,1,5.944871187551252,False,3.400604512726435,38.685878809615936,-0.3244343527760707,0.0267817779012543,1.333862563100472,2.2340551504373973,1.455429821541605,78.64119875658174
UP25_SCORE70_NIKKEION_TP4.0_SL1.5_H1,VALIDATION,2022-05-16,9531.T,LOSS,-3.7279597540330833,1,2.5034930380954985,False,2.918378221747409,35.99524805652664,0.0770927134631671,0.0268486183782619,0.6259226454089164,2.5096903934471575,0.7872520745924935,72.12547021118274
UP25_SCORE70_NIKKEION_TP4.0_SL1.5_H1,VALIDATION,2022-05-17,5020.T,LOSS,-3.598108489855034,1,1.760630250605687,False,1.405987367477768,19.07032630053753,3.1570597639297704,0.0728946497185125,1.0614395952093003,2.4166078924213226,1.7550698443476471,75.02798470985627
UP25_SCORE70_NIKKEION_TP4.0_SL1.5_H1,VALIDATION,2022-06-10,5803.T,HOLD,8.026663916998123,1,18.524807642590567,False,6.702168884496307,43.39822829433884,-2.2248190983177096,0.0388881292514335,1.243466362599772,3.4588471392703823,1.0810864397269426,71.89716109124154
UP25_SCORE70_NIKKEION_TP4.0_SL1.5_H1,VALIDATION,2022-06-24,7211.T,HOLD,11.175615019526564,1,20.002268211229577,False,4.349113502823965,42.1196056280957,-8.606548698090188,0.0025616573777389,1.480431990860245,4.339395390652548,1.9367317893950209,57.01585206707608
UP25_SCORE70_NIKKEION_TP4.0_SL1.5_H1,VALIDATION,2022-06-27,2501.T,WIN,8.337913878233072,1,9.820015702889275,False,1.5644775018713195,43.76912496196353,0.2368803875811176,0.0039577750676822,1.6676743248690045,2.109478469558268,1.781581355293611,70.83940742006217
UP25_SCORE70_NIKKEION_TP4.0_SL1.5_H1,VALIDATION,2022-06-28,9501.T,HOLD,5.172727272727274,1,9.046096065256291,False,-0.1853194746595843,20.191556948575037,4.166666666666674,0.1471293143668663,2.302757482523177,3.818181818181817,2.373206083583625,67.66977151936806
UP25_SCORE70_NIKKEION_TP4.0_SL1.5_H1,VALIDATION,2022-06-29,9501.T,TIMEOUT_LOSS,-2.1725388601036233,1,8.88196224656258,False,0.6706528765352271,22.37396857143523,5.272727272727273,0.204249264353729,2.005658483470548,3.857225100748418,2.7880650383729697,72.51589607440937
UP25_SCORE70_NIKKEION_TP4.0_SL1.5_H1,VALIDATION,2022-06-30,9501.T,HOLD,2.016402116402116,1,8.69955156950672,False,1.466418212752152,24.51597202150592,-2.072538860103623,0.19025697032202,1.2002946002712256,4.115226337448563,2.0613896712206934,67.97537846674064
UP25_SCORE70_NIKKEION_TP4.0_SL1.5_H1,VALIDATION,2022-07-07,8804.T,LOSS,-3.446971677876931,1,0.0265934630896393,False,1.8073914631535404,23.4174748041781,0.84344269467298,0.019848201568192,1.172779728039382,2.308582038921199,1.0809252854327047,66.07021427242472
UP25_SCORE70_NIKKEION_TP4.0_SL1.5_H1,VALIDATION,2022-07-08,8804.T,LOSS,-3.428956425009122,1,0.4282553834964402,False,2.048754876514192,24.50874722643819,0.8886574055018581,0.0080089640833866,1.4952237669705812,2.2957280704411014,1.4730094105462403,67.7674063851828
UP25_SCORE70_NIKKEION_TP4.0_SL1.5_H1,VALIDATION,2022-08-26,3402.T,WIN,7.4033022680537135,1,4.715826557188758,False,1.3227068499944927,23.326868980224702,2.1349419667568537,0.0451499048489812,2.120364579714173,1.87582556701343,1.8661862363859685,71.48351885781872
UP25_SCORE70_NIKKEION_TP4.0_SL1.5_H1,VALIDATION,2022-09-08,6963.T,WIN,10.483042605336978,1,3.389358493787343,False,1.450911551849754,17.181027533475167,1.1029514224850656,0.0575267132257677,1.5761652398423698,2.645760651334246,1.9134264834457844,63.69425087590122
UP25_SCORE70_NIKKEION_TP4.0_SL1.5_H1,VALIDATION,2022-09-09,8233.T,WIN,8.075196109081217,1,7.105545004350923,False,2.419994828977501,47.07602457680796,1.4067191098883436,0.0424264355421359,1.5726287733935918,2.043799027270306,2.0167180592190808,84.96763309537195
UP25_SCORE70_NIKKEION_TP4.0_SL1.5_H1,VALIDATION,2022-09-12,3099.T,HOLD,8.589121662137844,1,0.7190452600000207,False,2.762599012130851,32.50220295696049,4.701928889725493,0.0900232111163203,1.2789892584444156,2.54233766046678,1.6376233727228475,80.32291358388707
UP25_SCORE70_NIKKEION_TP4.0_SL1.5_H1,VALIDATION,2022-09-13,6762.T,HOLD,4.55946891217528,1,9.463813495840416,False,1.1505973027165384,23.741570665434217,3.5363485256876714,0.0267329113111032,1.529791393965503,2.3772466104535024,1.9478991951222084,70.83421513435317
UP25_SCORE70_NIKKEION_TP4.0_SL1.5_H1,VALIDATION,2022-09-14,6762.T,HOLD,8.90136156473954,1,9.479109815344067,False,1.1934819770905936,23.95264966470376,-3.605319642757554,0.0110704579108096,1.155304655862548,2.6442402550284143,1.5151809744067293,58.94862853932386
UP25_SCORE70_NIKKEION_TP4.0_SL1.5_H1,VALIDATION,2022-10-04,4502.T,WIN,6.521601945168077,1,0.1784752662705485,False,0.0923229281194926,12.91568892333423,1.3032940182379882,0.0434328521808546,1.4568342799069054,1.6554004862920173,1.980215777578708,61.542227510413
UP25_SCORE70_NIKKEION_TP4.0_SL1.5_H1,VALIDATION,2022-10-06,8031.T,LOSS,-3.3553194147448173,1,5.065407746825307,False,0.0837280115831173,18.889517197394643,1.2750327617096602,0.0227091221899091,0.809571229942505,2.243237488650074,0.8381690110706707,63.42700055474461
UP25_SCORE70_NIKKEION_TP4.0_SL1.5_H1,VALIDATION,2022-10-14,8252.T,LOSS,-3.5756478450983398,1,2.389445668348921,False,0.5022998885166441,13.699459371716976,1.0879489875212478,0.0305650495027016,1.5028310064366206,2.4005326238092,1.7893257501729267,61.433450449673664
UP25_SCORE70_NIKKEION_TP4.0_SL1.5_H1,VALIDATION,2022-12-12,7453.T,HOLD,5.168993152993251,1,7.785745537710707,False,0.6688510049293495,23.26400560168437,2.5965432538196165,0.0730793230628874,1.71096128417233,2.3300665706892305,1.800916419691897,67.18226053707386
UP25_SCORE70_NIKKEION_TP4.0_SL1.5_H1,VALIDATION,2022-12-14,4183.T,WIN,7.405831632360161,1,4.047842666128099,False,1.735151101832666,33.47960405091145,1.4353983141801807,0.0171772644233658,1.467974580070142,1.8764579080900419,1.530005084442979,66.28826055987322
UP25_SCORE70_NIKKEION_TP4.0_SL1.5_H1,VALIDATION,2023-01-04,8306.T,LOSS,-3.7433388062501183,1,9.942721833814636,False,4.004071511887508,53.97241962566525,3.140323074040752,0.0772790598147473,1.5402472630176538,2.5207313198785037,1.7562880669658096,80.2377668052138
UP25_SCORE70_NIKKEION_TP4.0_SL1.5_H1,VALIDATION,2023-01-11,3382.T,LOSS,-2.6130817979784893,1,-0.342018630134584,True,0.0643002033458461,11.064368921038149,0.1567953069600225,0.002254167969536,1.330397347716364,1.7185771139539858,1.7491209180835523,59.8589561169827
UP25_SCORE70_NIKKEION_TP4.0_SL1.5_H1,VALIDATION,2023-01-12,8795.T,LOSS,-4.016254665246854,1,13.347418043336852,False,3.631370741500861,41.89053345181456,1.373349552942793,-0.0147676883364578,1.2388590074410453,2.7172509089875936,1.5983048518463,71.32842362367616
UP25_SCORE70_NIKKEION_TP4.0_SL1.5_H1,VALIDATION,2023-02-24,9107.T,WIN,11.605946284777014,1,9.446404148371524,False,4.09844994706916,43.4164883645031,1.0370470060754755,0.0191426801055223,1.190554996700955,2.9264865711942534,1.0778453082226491,71.89668183793219
UP25_SCORE70_NIKKEION_TP4.0_SL1.5_H1,VALIDATION,2023-03-01,5406.T,WIN,11.168328716414832,1,14.91716099759614,False,6.888477232737333,54.04595324073036,3.2292749761118733,0.0651599338858062,1.252977261833042,2.8170821791037097,1.4760421644722026,84.29291427976493
UP25_SCORE70_NIKKEION_TP4.0_SL1.5_H1,VALIDATION,2023-03-02,7532.T,HOLD,3.8475946283756834,1,2.311749896743116,False,1.110301730656027,23.028168592738364,-2.3219991254686434,0.0040066512595293,1.2480259842078736,2.4894896230590753,1.209647434940606,58.48457558086351
UP25_SCORE70_NIKKEION_TP4.0_SL1.5_H1,VALIDATION,2023-03-10,7532.T,HOLD,2.5956173520402026,1,3.57934608370132,False,1.880228685350693,28.13455632423358,-2.921340206282974,0.0131222127276182,1.491419817093107,2.5463457920216275,1.7096566069760155,58.657926704217566
UP25_SCORE70_NIKKEION_TP4.0_SL1.5_H1,VALIDATION,2023-03-22,9432.T,WIN,5.064884984967611,1,2.9886769743890587,False,0.7353999834895264,15.681016052641414,0.4470819300953277,0.0202850673358965,1.1697412593408478,1.2912212462419026,1.3366632783126184,63.96297916656753
UP25_SCORE70_NIKKEION_TP4.0_SL1.5_H1,VALIDATION,2023-03-23,2282.T,WIN,5.308156466981318,1,1.7935028429780078,False,0.8430250161032271,22.46676756670302,2.213557995259552,0.0245550521425392,1.4819834848611226,1.3520391167453294,1.6059746686702747,66.90274959696077
UP25_SCORE70_NIKKEION_TP4.0_SL1.5_H1,VALIDATION,2023-03-29,6501.T,HOLD,5.231834133933145,1,1.0988968003756614,False,0.0979342932952764,16.39183530118584,0.7640034424433395,0.040399658979535,1.4440823297722165,2.0827135864235418,1.320943838763867,62.83061669805912
UP25_SCORE70_NIKKEION_TP4.0_SL1.5_H1,VALIDATION,2023-05-02,4062.T,HOLD,1.0139579242476215,1,4.013966551592089,False,1.802827796504003,20.67844708573587,9.00735727262434,0.1648387926054175,2.2486169616892635,3.1848252355601923,4.576523959366289,74.71698370331268
UP25_SCORE70_NIKKEION_TP4.0_SL1.5_H1,VALIDATION,2023-05-08,4062.T,HOLD,5.527817301031235,1,4.5676056091174,False,2.5347224805395863,23.10031811179641,-1.0118074056056026,0.1743182992262808,0.7399843511094202,3.210063097006962,1.5313197485061518,71.9754167058368
UP25_SCORE70_NIKKEION_TP4.0_SL1.5_H1,VALIDATION,2023-07-14,3697.T,HOLD,2.6352689429760656,1,4.414202111466844,False,0.9825434478655692,14.066035777668535,11.423477609773958,0.2445951797241883,3.1735855666491504,3.664836270819342,5.869603952377096,73.90035206959334
UP25_SCORE70_NIKKEION_TP4.0_SL1.5_H1,VALIDATION,2023-07-18,3697.T,HOLD,3.523970101615148,1,4.9953295049275175,False,2.044955701868667,17.111553296105495,2.299582343674889,0.2528169654791361,1.6606525716609066,3.758092130501045,3.6132920490987503,75.56989565836771
UP25_SCORE70_NIKKEION_TP4.0_SL1.5_H1,VALIDATION,2023-07-19,3697.T,TIMEOUT_LOSS,-2.2265375704661805,1,5.567456335180463,False,3.178951129004992,20.179742269010724,3.184516937369808,0.2654910535496504,1.1688741037667625,3.7680333712417116,2.7744672503003995,77.74209892609204
UP25_SCORE70_NIKKEION_TP4.0_SL1.5_H1,VALIDATION,2023-07-20,9107.T,WIN,14.006070099017409,1,7.365756579489273,False,4.617551222256289,40.456823312574784,0.6164097608000185,0.0938839039136021,1.2425910903490696,3.5265175247543543,1.297700012415697,75.59799884044793
UP25_SCORE70_NIKKEION_TP4.0_SL1.5_H1,VALIDATION,2023-07-24,8304.T,WIN,4.646462184734912,1,5.965186154094392,False,1.4953254814182193,46.50894890976158,-0.1436610728448251,0.0052203232234606,0.9984152139461172,1.186615546183726,0.9270053085895136,73.84824848778555
UP25_SCORE70_NIKKEION_TP4.0_SL1.5_H1,VALIDATION,2023-07-25,9107.T,WIN,13.424120072605417,1,9.426236891350596,False,5.728474038906661,43.95468824272265,0.4712471779455551,0.0685211820160593,0.7454517534288647,3.381030018151354,0.7193571847781792,73.09781851674379
UP25_SCORE70_NIKKEION_TP4.0_SL1.5_H1,VALIDATION,2023-07-27,3697.T,TIMEOUT_LOSS,-0.7186061325326508,1,6.924157184283334,False,3.259052026362852,29.05887576099701,-1.0892575373501412,0.002571187096052,0.7087931439305001,3.531479074970112,0.5298027773512055,71.0424364651647
UP25_SCORE70_NIKKEION_TP4.0_SL1.5_H1,VALIDATION,2023-08-02,2871.T,WIN,6.0627349642954025,1,3.8189108712657336,False,0.7242951919965934,34.654865155400365,-0.3352535094952369,0.0165360395766838,1.8527815891231132,1.5406837410738485,2.5689084895259096,68.58018561012706
UP25_SCORE70_NIKKEION_TP4.0_SL1.5_H1,VALIDATION,2023-08-10,1605.T,HOLD,6.879169240044492,1,11.164981718369583,False,3.493592257604239,52.83446425483549,12.463460383201651,0.1554229117371919,2.79979946927813,2.9283910300581084,4.34619726101322,79.77015775754742
UP25_SCORE70_NIKKEION_TP4.0_SL1.5_H1,VALIDATION,2023-08-23,7261.T,WIN,10.508662911097277,1,5.953331285872705,False,1.9455717693589447,12.708498948693068,1.9993264348709736,0.0386591443652704,1.6638416589958922,2.652165727774321,1.5720263859369508,64.21075613369555
UP25_SCORE70_NIKKEION_TP4.0_SL1.5_H1,VALIDATION,2023-08-24,4062.T,LOSS,-5.339633111636732,1,6.80922560641553,False,-0.1925287628427585,15.369284537342974,1.0315239770017692,0.0820505230531885,2.3957283900866413,3.493088741091155,2.2102836747592667,63.32774287075412
UP25_SCORE70_NIKKEION_TP4.0_SL1.5_H1,VALIDATION,2023-08-25,3405.T,WIN,8.751136359044375,1,5.563676524694812,False,3.2152690771133585,33.8857711933423,0.5009277123760647,0.0383852602473304,1.6114387669128216,2.2127840897610955,1.4383193507789016,74.62114188384804
UP25_SCORE70_NIKKEION_TP4.0_SL1.5_H1,VALIDATION,2023-08-28,6113.T,WIN,8.383439084083,1,2.0495189820741966,False,1.2136642361419758,13.1843960890482,2.1775693976564536,0.045055261327477,1.8592336349121876,2.1208597710207515,1.5424862573680376,68.72876119221075
UP25_SCORE70_NIKKEION_TP4.0_SL1.5_H1,VALIDATION,2023-09-21,9501.T,HOLD,2.430923944535668,1,12.439084434745476,False,3.3705390033044846,55.35845466158926,3.1764129913268717,0.1079233947128065,1.2387773526238668,2.8613704298891873,1.684289366876984,77.03312199329181
UP25_SCORE70_NIKKEION_TP4.0_SL1.5_H1,VALIDATION,2023-09-25,6724.T,LOSS,-2.7979145810948625,1,1.9559915809231725,False,1.1888741021515823,18.999088168220453,0.5744797730551587,0.0697933184223795,0.6486843807032923,1.8484801358434666,0.7463562635890907,67.74065809684637
UP25_SCORE70_NIKKEION_TP4.0_SL1.5_H1,VALIDATION,2023-09-26,8795.T,LOSS,-3.8017591815452723,1,8.073776484220787,False,2.6441221533526127,40.65925639038708,0.3276185569456968,0.031178315543677,1.4798864527695812,2.562704607466282,1.5836332714471573,67.81712545659161
UP25_SCORE70_NIKKEION_TP4.0_SL1.5_H1,VALIDATION,2023-09-27,8697.T,LOSS,-3.0344058367496096,1,3.3470779308842338,False,1.4497709058478805,32.77614038546648,3.4413909652475594,0.0834387115714591,1.6005725384357377,2.015410892703044,2.222029709001226,79.38085439124544
UP25_SCORE70_NIKKEION_TP4.0_SL1.5_H1,VALIDATION,2023-09-28,7211.T,LOSS,-4.076802344196217,1,9.117007954978993,False,3.450040277711963,39.29149553083054,1.8863381236379428,0.0571909307090926,1.5897506486632105,2.7610011200634483,2.021996336198152,71.69805481165484
UP25_SCORE70_NIKKEION_TP4.0_SL1.5_H1,VALIDATION,2023-09-29,4519.T,LOSS,-3.5795620699008657,1,5.059909895761967,False,0.93704686797198,28.12251682599573,0.1516356839443844,0.1048133624170686,1.5080802597375482,2.4033335284704487,2.628650714220726,65.25518100416157
UP25_SCORE70_NIKKEION_TP4.0_SL1.5_H1,VALIDATION,2023-10-10,9107.T,LOSS,-5.295964167410682,1,15.933972418178186,False,1.9657485360281115,32.90204777315115,5.531622163232508,0.1134071461102983,1.3518507547182232,3.653827689070136,1.4354720499868414,67.38977612445666
UP25_SCORE70_NIKKEION_TP4.0_SL1.5_H1,VALIDATION,2023-10-18,7453.T,TIMEOUT_LOSS,-2.167696837695854,1,4.136507868839604,False,0.1223158978307381,22.63425020648197,3.166167693874544,0.1318619295282879,0.9600826348913224,3.16705256495576,1.773623917931742,67.49018008188494
UP25_SCORE70_NIKKEION_TP4.0_SL1.5_H1,VALIDATION,2023-10-20,2501.T,LOSS,-2.8845995988559525,1,13.549303533545825,False,1.2865739537807783,42.10627268358788,0.397069077036738,0.0451092945210227,1.6116698336191315,1.9095737145663187,1.7322540473225403,71.17290890964611
UP25_SCORE70_NIKKEION_TP4.0_SL1.5_H1,VALIDATION,2023-10-30,8354.T,LOSS,-4.021326977863038,1,6.961966882938133,False,0.4635109606138554,20.183945473791084,-1.572169017049041,0.0235651555938773,2.242165378893315,2.7209139167020906,3.041452154524692,57.710746195913416
UP25_SCORE70_NIKKEION_TP4.0_SL1.5_H1,VALIDATION,2023-10-31,8354.T,LOSS,-4.064284601248491,1,6.990528763368678,False,0.7896743702185294,20.80181074330227,1.9845406507217331,0.061751516195736,1.2017489922798388,2.7519515941115085,1.8450726385902343,64.8150694647926
UP25_SCORE70_NIKKEION_TP4.0_SL1.5_H1,VALIDATION,2023-12-06,9501.T,HOLD,10.44913294797688,1,1.1578272175565565,False,0.4150857548883557,12.53495466131979,3.919503623521159,0.0978182408120953,2.777650370355735,2.9865125240847794,3.8960955408717135,65.11804068639108
UP25_SCORE70_NIKKEION_TP4.0_SL1.5_H1,VALIDATION,2024-03-08,8331.T,WIN,10.194336414833705,1,5.405307907021086,False,2.693774385595749,36.25104127848698,0.9972018532308002,0.0155313857543469,1.357289321773241,2.573584103708426,1.6865697218534337,73.6374923996679
UP25_SCORE70_NIKKEION_TP4.0_SL1.5_H1,VALIDATION,2024-03-11,8309.T,WIN,9.7796709059245,1,5.456514832612866,False,1.8033243234927052,38.94777737859525,-2.829621941040217,0.0670779999091881,1.2557221617814778,2.469917726481123,1.5724905472866024,64.63927772022649
UP25_SCORE70_NIKKEION_TP4.0_SL1.5_H1,VALIDATION,2024-03-13,9502.T,WIN,9.352818067430947,1,0.3284805989638264,False,-0.3949155550553529,9.336203923379715,-0.4163332885228521,0.0416315849555858,1.3713123246439942,2.363204516857735,1.5435690298745686,53.35620076050401
UP25_SCORE70_NIKKEION_TP4.0_SL1.5_H1,VALIDATION,2024-03-18,3289.T,WIN,10.456607692483834,1,3.1788561124538144,False,1.0067788984315262,36.8627274994429,2.9795236379785983,0.0993729974623696,1.2184818060410647,2.6391519231209566,1.515077338343676,70.79072631991961
UP25_SCORE70_NIKKEION_TP4.0_SL1.5_H1,VALIDATION,2024-03-19,8801.T,HOLD,8.495777150300976,1,9.773150047748146,False,2.115825121948145,32.446154882604525,5.3761017561049895,0.122181980734735,1.510534167150447,2.8278956009457774,2.033014039373544,75.61957057625732
UP25_SCORE70_NIKKEION_TP4.0_SL1.5_H1,VALIDATION,2024-04-24,8306.T,HOLD,7.140239660000736,1,5.791235339906379,False,0.4467188060413019,17.604649912322607,0.4799929191379393,0.0388005802676905,0.8113443422931543,2.263652438436166,0.8313150105569843,58.02624765264058
UP20_SCORE60_NIKKEION_TP4.0_SL1.0_H1,VALIDATION,2022-05-13,2501.T,LOSS,-2.2852357779900023,1,5.944871187551252,False,3.400604512726435,38.685878809615936,-0.3244343527760707,0.0267817779012543,1.333862563100472,2.2340551504373973,1.455429821541605,78.64119875658174
UP20_SCORE60_NIKKEION_TP4.0_SL1.0_H1,VALIDATION,2022-05-16,6301.T,LOSS,-3.1632717938697374,1,5.068992986471936,False,0.7836985691567211,15.798331855947607,-3.900932073936836,-0.0024932155918815,0.6914859348369753,3.1600734319770694,0.6245396225466924,57.77345937599581
UP20_SCORE60_NIKKEION_TP4.0_SL1.0_H1,VALIDATION,2022-05-17,5020.T,LOSS,-2.4595859520750274,1,1.760630250605687,False,1.405987367477768,19.07032630053753,3.1570597639297704,0.0728946497185125,1.0614395952093003,2.4166078924213226,1.7550698443476471,75.02798470985627
UP20_SCORE60_NIKKEION_TP4.0_SL1.0_H1,VALIDATION,2022-06-10,5803.T,HOLD,8.026663916998123,1,18.524807642590567,False,6.702168884496307,43.39822829433884,-2.2248190983177096,0.0388881292514335,1.243466362599772,3.4588471392703823,1.0810864397269426,71.89716109124154
UP20_SCORE60_NIKKEION_TP4.0_SL1.0_H1,VALIDATION,2022-06-24,7211.T,HOLD,11.175615019526564,1,20.002268211229577,False,4.349113502823965,42.1196056280957,-8.606548698090188,0.0025616573777389,1.480431990860245,4.339395390652548,1.9367317893950209,57.01585206707608
UP20_SCORE60_NIKKEION_TP4.0_SL1.0_H1,VALIDATION,2022-06-27,2501.T,WIN,8.337913878233072,1,9.820015702889275,False,1.5644775018713195,43.76912496196353,0.2368803875811176,0.0039577750676822,1.6676743248690045,2.109478469558268,1.781581355293611,70.83940742006217
UP20_SCORE60_NIKKEION_TP4.0_SL1.0_H1,VALIDATION,2022-06-28,9501.T,HOLD,5.172727272727274,1,9.046096065256291,False,-0.1853194746595843,20.191556948575037,4.166666666666674,0.1471293143668663,2.302757482523177,3.818181818181817,2.373206083583625,67.66977151936806
UP20_SCORE60_NIKKEION_TP4.0_SL1.0_H1,VALIDATION,2022-06-29,9501.T,LOSS,-3.9572251007484183,1,8.88196224656258,False,0.6706528765352271,22.37396857143523,5.272727272727273,0.204249264353729,2.005658483470548,3.857225100748418,2.7880650383729697,72.51589607440937
UP20_SCORE60_NIKKEION_TP4.0_SL1.0_H1,VALIDATION,2022-06-30,9501.T,HOLD,2.016402116402116,1,8.69955156950672,False,1.466418212752152,24.51597202150592,-2.072538860103623,0.19025697032202,1.2002946002712256,4.115226337448563,2.0613896712206934,67.97537846674064
UP20_SCORE60_NIKKEION_TP4.0_SL1.0_H1,VALIDATION,2022-07-07,8804.T,LOSS,-2.3564891360168927,1,0.0265934630896393,False,1.8073914631535404,23.4174748041781,0.84344269467298,0.019848201568192,1.172779728039382,2.308582038921199,1.0809252854327047,66.07021427242472
UP20_SCORE60_NIKKEION_TP4.0_SL1.0_H1,VALIDATION,2022-07-08,8804.T,LOSS,-2.3442071763351224,1,0.4282553834964402,False,2.048754876514192,24.50874722643819,0.8886574055018581,0.0080089640833866,1.4952237669705812,2.2957280704411014,1.4730094105462403,67.7674063851828
UP20_SCORE60_NIKKEION_TP4.0_SL1.0_H1,VALIDATION,2022-08-26,3402.T,WIN,7.4033022680537135,1,4.715826557188758,False,1.3227068499944927,23.326868980224702,2.1349419667568537,0.0451499048489812,2.120364579714173,1.87582556701343,1.8661862363859685,71.48351885781872
UP20_SCORE60_NIKKEION_TP4.0_SL1.0_H1,VALIDATION,2022-09-08,6963.T,WIN,10.483042605336978,1,3.389358493787343,False,1.450911551849754,17.181027533475167,1.1029514224850656,0.0575267132257677,1.5761652398423698,2.645760651334246,1.9134264834457844,63.69425087590122
UP20_SCORE60_NIKKEION_TP4.0_SL1.0_H1,VALIDATION,2022-09-09,8233.T,WIN,8.075196109081217,1,7.105545004350923,False,2.419994828977501,47.07602457680796,1.4067191098883436,0.0424264355421359,1.5726287733935918,2.043799027270306,2.0167180592190808,84.96763309537195
UP20_SCORE60_NIKKEION_TP4.0_SL1.0_H1,VALIDATION,2022-09-12,3099.T,HOLD,8.589121662137844,1,0.7190452600000207,False,2.762599012130851,32.50220295696049,4.701928889725493,0.0900232111163203,1.2789892584444156,2.54233766046678,1.6376233727228475,80.32291358388707
UP20_SCORE60_NIKKEION_TP4.0_SL1.0_H1,VALIDATION,2022-09-13,6762.T,HOLD,4.55946891217528,1,9.463813495840416,False,1.1505973027165384,23.741570665434217,3.5363485256876714,0.0267329113111032,1.529791393965503,2.3772466104535024,1.9478991951222084,70.83421513435317
UP20_SCORE60_NIKKEION_TP4.0_SL1.0_H1,VALIDATION,2022-09-14,6762.T,HOLD,8.90136156473954,1,9.479109815344067,False,1.1934819770905936,23.95264966470376,-3.605319642757554,0.0110704579108096,1.155304655862548,2.6442402550284143,1.5151809744067293,58.94862853932386
UP20_SCORE60_NIKKEION_TP4.0_SL1.0_H1,VALIDATION,2022-10-04,4502.T,WIN,6.521601945168077,1,0.1784752662705485,False,0.0923229281194926,12.91568892333423,1.3032940182379882,0.0434328521808546,1.4568342799069054,1.6554004862920173,1.980215777578708,61.542227510413
UP20_SCORE60_NIKKEION_TP4.0_SL1.0_H1,VALIDATION,2022-10-06,8031.T,LOSS,-2.2940204005170495,1,5.065407746825307,False,0.0837280115831173,18.889517197394643,1.2750327617096602,0.0227091221899091,0.809571229942505,2.243237488650074,0.8381690110706707,63.42700055474461
UP20_SCORE60_NIKKEION_TP4.0_SL1.0_H1,VALIDATION,2022-10-14,8252.T,LOSS,-2.4442579470050907,1,2.389445668348921,False,0.5022998885166441,13.699459371716976,1.0879489875212478,0.0305650495027016,1.5028310064366206,2.4005326238092,1.7893257501729267,61.433450449673664
UP20_SCORE60_NIKKEION_TP4.0_SL1.0_H1,VALIDATION,2022-10-17,9020.T,LOSS,-2.3816676285319693,1,6.136483812063122,False,2.379010135446391,30.3413445400842,0.5790447743810434,0.0552230149803631,0.6641383234980005,2.3349432733444404,0.7780152141950449,67.39867832806928
UP20_SCORE60_NIKKEION_TP4.0_SL1.0_H1,VALIDATION,2022-12-12,7453.T,HOLD,5.168993152993251,1,7.785745537710707,False,0.6688510049293495,23.26400560168437,2.5965432538196165,0.0730793230628874,1.71096128417233,2.3300665706892305,1.800916419691897,67.18226053707386
UP20_SCORE60_NIKKEION_TP4.0_SL1.0_H1,VALIDATION,2022-12-14,4183.T,WIN,7.405831632360161,1,4.047842666128099,False,1.735151101832666,33.47960405091145,1.4353983141801807,0.0171772644233658,1.467974580070142,1.8764579080900419,1.530005084442979,66.28826055987322
UP20_SCORE60_NIKKEION_TP4.0_SL1.0_H1,VALIDATION,2022-12-15,5803.T,HOLD,7.095558669756919,1,12.463364993046987,False,4.045411099573748,27.54188408217238,1.6710683760046807,0.0610497321030985,1.23869204673954,3.026494906484123,1.3570608199661895,66.5231637345376
UP20_SCORE60_NIKKEION_TP4.0_SL1.0_H1,VALIDATION,2023-01-04,8306.T,LOSS,-2.5587527687580547,1,9.942721833814636,False,4.004071511887508,53.97241962566525,3.140323074040752,0.0772790598147473,1.5402472630176538,2.5207313198785037,1.7562880669658096,80.2377668052138
UP20_SCORE60_NIKKEION_TP4.0_SL1.0_H1,VALIDATION,2023-01-10,8306.T,LOSS,-2.6428098648574094,1,11.168476859444912,False,3.7567415977903806,53.3374668171745,-3.552148419021073,0.0102480136578335,0.6960690082106086,2.6091557342575955,0.7399519584810441,67.124779054125
UP20_SCORE60_NIKKEION_TP4.0_SL1.0_H1,VALIDATION,2023-01-11,3382.T,LOSS,-1.7895410481692742,1,-0.342018630134584,True,0.0643002033458461,11.064368921038149,0.1567953069600225,0.002254167969536,1.330397347716364,1.7185771139539858,1.7491209180835523,59.8589561169827
UP20_SCORE60_NIKKEION_TP4.0_SL1.0_H1,VALIDATION,2023-01-12,8795.T,LOSS,-2.7453695800282008,1,13.347418043336852,False,3.631370741500861,41.89053345181456,1.373349552942793,-0.0147676883364578,1.2388590074410453,2.7172509089875936,1.5983048518463,71.32842362367616
UP20_SCORE60_NIKKEION_TP4.0_SL1.0_H1,VALIDATION,2023-01-17,8304.T,LOSS,-1.9467528617879926,1,1.5180680908893067,False,1.0887323265154736,29.739522415801503,-3.353980520298649,0.0273378625270058,0.7193841847445767,1.8814995077926906,0.7796521901805284,56.275925104326
UP20_SCORE60_NIKKEION_TP4.0_SL1.0_H1,VALIDATION,2023-02-24,9107.T,WIN,11.605946284777014,1,9.446404148371524,False,4.09844994706916,43.4164883645031,1.0370470060754755,0.0191426801055223,1.190554996700955,2.9264865711942534,1.0778453082226491,71.89668183793219
UP20_SCORE60_NIKKEION_TP4.0_SL1.0_H1,VALIDATION,2023-03-01,5406.T,WIN,11.168328716414832,1,14.91716099759614,False,6.888477232737333,54.04595324073036,3.2292749761118733,0.0651599338858062,1.252977261833042,2.8170821791037097,1.4760421644722026,84.29291427976493
UP20_SCORE60_NIKKEION_TP4.0_SL1.0_H1,VALIDATION,2023-03-02,7532.T,HOLD,3.8475946283756834,1,2.311749896743116,False,1.110301730656027,23.028168592738364,-2.3219991254686434,0.0040066512595293,1.2480259842078736,2.4894896230590753,1.209647434940606,58.48457558086351
UP20_SCORE60_NIKKEION_TP4.0_SL1.0_H1,VALIDATION,2023-03-10,7532.T,HOLD,2.5956173520402026,1,3.57934608370132,False,1.880228685350693,28.13455632423358,-2.921340206282974,0.0131222127276182,1.491419817093107,2.5463457920216275,1.7096566069760155,58.657926704217566
UP20_SCORE60_NIKKEION_TP4.0_SL1.0_H1,VALIDATION,2023-03-22,9432.T,WIN,5.064884984967611,1,2.9886769743890587,False,0.7353999834895264,15.681016052641414,0.4470819300953277,0.0202850673358965,1.1697412593408478,1.2912212462419026,1.3366632783126184,63.96297916656753
UP20_SCORE60_NIKKEION_TP4.0_SL1.0_H1,VALIDATION,2023-03-23,2282.T,WIN,5.308156466981318,1,1.7935028429780078,False,0.8430250161032271,22.46676756670302,2.213557995259552,0.0245550521425392,1.4819834848611226,1.3520391167453294,1.6059746686702747,66.90274959696077
UP20_SCORE60_NIKKEION_TP4.0_SL1.0_H1,VALIDATION,2023-03-27,6361.T,HOLD,6.739283324087009,1,8.015432590568775,False,0.7256587766140354,32.560408763507056,0.3372783188205552,0.0885154918963881,0.9994858611825193,2.521615739209733,1.401131572308912,62.16034027957021
UP20_SCORE60_NIKKEION_TP4.0_SL1.0_H1,VALIDATION,2023-03-28,6361.T,WIN,10.103690572852242,1,8.028724831977934,False,1.0862671540618374,31.405875931645664,-1.0084005144577524,0.0535681837203465,0.9499870684081212,2.5509226432130605,1.4014212132773751,59.07202199631977
UP20_SCORE60_NIKKEION_TP4.0_SL1.0_H1,VALIDATION,2023-03-29,6501.T,HOLD,5.231834133933145,1,1.0988968003756614,False,0.0979342932952764,16.39183530118584,0.7640034424433395,0.040399658979535,1.4440823297722165,2.0827135864235418,1.320943838763867,62.83061669805912
UP20_SCORE60_NIKKEION_TP4.0_SL1.0_H1,VALIDATION,2023-05-02,4062.T,HOLD,1.0139579242476215,1,4.013966551592089,False,1.802827796504003,20.67844708573587,9.00735727262434,0.1648387926054175,2.2486169616892635,3.1848252355601923,4.576523959366289,74.71698370331268
UP20_SCORE60_NIKKEION_TP4.0_SL1.0_H1,VALIDATION,2023-05-08,4062.T,HOLD,5.527817301031235,1,4.5676056091174,False,2.5347224805395863,23.10031811179641,-1.0118074056056026,0.1743182992262808,0.7399843511094202,3.210063097006962,1.5313197485061518,71.9754167058368
UP20_SCORE60_NIKKEION_TP4.0_SL1.0_H1,VALIDATION,2023-06-23,9432.T,WIN,5.924094680342463,1,1.1363365080353516,False,-0.2749633970042797,11.371284216097926,-0.4109173678928934,0.0364913154366119,1.114048707553409,1.5060236700856175,1.0082536774631734,53.32269300141883
UP20_SCORE60_NIKKEION_TP4.0_SL1.0_H1,VALIDATION,2023-07-14,3697.T,HOLD,2.6352689429760656,1,4.414202111466844,False,0.9825434478655692,14.066035777668535,11.423477609773958,0.2445951797241883,3.1735855666491504,3.664836270819342,5.869603952377096,73.90035206959334
UP20_SCORE60_NIKKEION_TP4.0_SL1.0_H1,VALIDATION,2023-07-18,3697.T,HOLD,3.523970101615148,1,4.9953295049275175,False,2.044955701868667,17.111553296105495,2.299582343674889,0.2528169654791361,1.6606525716609066,3.758092130501045,3.6132920490987503,75.56989565836771
UP20_SCORE60_NIKKEION_TP4.0_SL1.0_H1,VALIDATION,2023-07-19,3697.T,TIMEOUT_LOSS,-2.2265375704661805,1,5.567456335180463,False,3.178951129004992,20.179742269010724,3.184516937369808,0.2654910535496504,1.1688741037667625,3.7680333712417116,2.7744672503003995,77.74209892609204
UP20_SCORE60_NIKKEION_TP4.0_SL1.0_H1,VALIDATION,2023-07-20,9107.T,WIN,14.006070099017409,1,7.365756579489273,False,4.617551222256289,40.456823312574784,0.6164097608000185,0.0938839039136021,1.2425910903490696,3.5265175247543543,1.297700012415697,75.59799884044793
UP20_SCORE60_NIKKEION_TP4.0_SL1.0_H1,VALIDATION,2023-07-24,8304.T,WIN,4.646462184734912,1,5.965186154094392,False,1.4953254814182193,46.50894890976158,-0.1436610728448251,0.0052203232234606,0.9984152139461172,1.186615546183726,0.9270053085895136,73.84824848778555
UP20_SCORE60_NIKKEION_TP4.0_SL1.0_H1,VALIDATION,2023-07-25,9107.T,WIN,13.424120072605417,1,9.426236891350596,False,5.728474038906661,43.95468824272265,0.4712471779455551,0.0685211820160593,0.7454517534288647,3.381030018151354,0.7193571847781792,73.09781851674379
UP20_SCORE60_NIKKEION_TP4.0_SL1.0_H1,VALIDATION,2023-07-27,3697.T,TIMEOUT_LOSS,-0.7186061325326508,1,6.924157184283334,False,3.259052026362852,29.05887576099701,-1.0892575373501412,0.002571187096052,0.7087931439305001,3.531479074970112,0.5298027773512055,71.0424364651647
UP20_SCORE60_NIKKEION_TP4.0_SL1.0_H1,VALIDATION,2023-08-02,2871.T,WIN,6.0627349642954025,1,3.8189108712657336,False,0.7242951919965934,34.654865155400365,-0.3352535094952369,0.0165360395766838,1.8527815891231132,1.5406837410738485,2.5689084895259096,68.58018561012706
UP20_SCORE60_NIKKEION_TP4.0_SL1.0_H1,VALIDATION,2023-08-10,1605.T,HOLD,6.879169240044492,1,11.164981718369583,False,3.493592257604239,52.83446425483549,12.463460383201651,0.1554229117371919,2.79979946927813,2.9283910300581084,4.34619726101322,79.77015775754742
UP20_SCORE60_NIKKEION_TP4.0_SL1.0_H1,VALIDATION,2023-08-23,7261.T,WIN,10.508662911097277,1,5.953331285872705,False,1.9455717693589447,12.708498948693068,1.9993264348709736,0.0386591443652704,1.6638416589958922,2.652165727774321,1.5720263859369508,64.21075613369555
UP20_SCORE60_NIKKEION_TP4.0_SL1.0_H1,VALIDATION,2023-08-24,4062.T,LOSS,-3.593088741091144,1,6.80922560641553,False,-0.1925287628427585,15.369284537342974,1.0315239770017692,0.0820505230531885,2.3957283900866413,3.493088741091155,2.2102836747592667,63.32774287075412
UP20_SCORE60_NIKKEION_TP4.0_SL1.0_H1,VALIDATION,2023-08-25,3405.T,WIN,8.751136359044375,1,5.563676524694812,False,3.2152690771133585,33.8857711933423,0.5009277123760647,0.0383852602473304,1.6114387669128216,2.2127840897610955,1.4383193507789016,74.62114188384804
UP20_SCORE60_NIKKEION_TP4.0_SL1.0_H1,VALIDATION,2023-08-28,6113.T,WIN,8.383439084083,1,2.0495189820741966,False,1.2136642361419758,13.1843960890482,2.1775693976564536,0.045055261327477,1.8592336349121876,2.1208597710207515,1.5424862573680376,68.72876119221075
UP20_SCORE60_NIKKEION_TP4.0_SL1.0_H1,VALIDATION,2023-09-21,9501.T,HOLD,2.430923944535668,1,12.439084434745476,False,3.3705390033044846,55.35845466158926,3.1764129913268717,0.1079233947128065,1.2387773526238668,2.8613704298891873,1.684289366876984,77.03312199329181
UP20_SCORE60_NIKKEION_TP4.0_SL1.0_H1,VALIDATION,2023-09-25,9501.T,TIMEOUT_LOSS,-0.11415884285430603,1,12.88310819699138,False,3.374417007853281,58.02956451732003,-2.0940197056126486,0.0391210454202126,0.8268094745310657,2.9745042492917833,0.8797495788732139,69.48561231535493
UP20_SCORE60_NIKKEION_TP4.0_SL1.0_H1,VALIDATION,2023-09-26,8795.T,LOSS,-2.598671049358936,1,8.073776484220787,False,2.6441221533526127,40.65925639038708,0.3276185569456968,0.031178315543677,1.4798864527695812,2.562704607466282,1.5836332714471573,67.81712545659161
UP20_SCORE60_NIKKEION_TP4.0_SL1.0_H1,VALIDATION,2023-09-27,8697.T,LOSS,-2.075594545046533,1,3.3470779308842338,False,1.4497709058478805,32.77614038546648,3.4413909652475594,0.0834387115714591,1.6005725384357377,2.015410892703044,2.222029709001226,79.38085439124544
UP20_SCORE60_NIKKEION_TP4.0_SL1.0_H1,VALIDATION,2023-09-28,7211.T,LOSS,-2.7868180437806034,1,9.117007954978993,False,3.450040277711963,39.29149553083054,1.8863381236379428,0.0571909307090926,1.5897506486632105,2.7610011200634483,2.021996336198152,71.69805481165484
UP20_SCORE60_NIKKEION_TP4.0_SL1.0_H1,VALIDATION,2023-09-29,4519.T,LOSS,-2.446928996996245,1,5.059909895761967,False,0.93704686797198,28.12251682599573,0.1516356839443844,0.1048133624170686,1.5080802597375482,2.4033335284704487,2.628650714220726,65.25518100416157
UP20_SCORE60_NIKKEION_TP4.0_SL1.0_H1,VALIDATION,2023-10-10,9107.T,LOSS,-3.625029196249774,1,15.933972418178186,False,1.9657485360281115,32.90204777315115,5.531622163232508,0.1134071461102983,1.3518507547182232,3.653827689070136,1.4354720499868414,67.38977612445666
UP20_SCORE60_NIKKEION_TP4.0_SL1.0_H1,VALIDATION,2023-10-11,9107.T,LOSS,-4.01935664188624,1,15.362860239972823,False,1.817783356617397,33.364067410548024,-6.101345299331939,0.0227167095357356,1.0926120652724227,4.079236467305844,1.229057736320596,55.98673825518541
UP20_SCORE60_NIKKEION_TP4.0_SL1.0_H1,VALIDATION,2023-10-18,7453.T,LOSS,-3.169829452539341,1,4.136507868839604,False,0.1223158978307381,22.63425020648197,3.166167693874544,0.1318619295282879,0.9600826348913224,3.16705256495576,1.773623917931742,67.49018008188494
UP20_SCORE60_NIKKEION_TP4.0_SL1.0_H1,VALIDATION,2023-10-20,6146.T,LOSS,-4.184819502409342,1,4.86039981790385,False,1.3515102489323416,14.912070979595237,-8.256885924341816,-0.0165392411775153,2.06778634855144,4.258783105258246,2.6872402350224203,49.996886216467445
UP20_SCORE60_NIKKEION_TP4.0_SL1.0_H1,VALIDATION,2023-10-23,6146.T,LOSS,-4.133144432597879,1,4.817619835452092,False,1.439467587139709,13.874446729497864,-6.37287494688662,0.0082183644223207,1.3655025933265694,4.202643098757367,1.9839982365684723,53.13269282156323
UP20_SCORE60_NIKKEION_TP4.0_SL1.0_H1,VALIDATION,2023-10-24,6762.T,LOSS,-2.51643032389427,1,4.1604519363736845,False,0.9948155952706816,17.151550373912308,-2.38955240864851,0.0110094748032077,1.2599746640825475,2.476267605207279,0.982404599244012,56.23701851890526
UP20_SCORE60_NIKKEION_TP4.0_SL1.0_H1,VALIDATION,2023-10-25,8354.T,LOSS,-2.629245405764913,1,7.543562389122455,False,0.2248247343790588,20.147436021905254,0.3421078714360925,0.0275245695155686,1.2498093252656737,2.594876192652884,1.1612895605596203,59.73818591868691
UP20_SCORE60_NIKKEION_TP4.0_SL1.0_H1,VALIDATION,2023-10-27,7453.T,LOSS,-2.9619415088255385,1,2.219489345986285,False,0.8191807321748623,23.100694441319646,1.448541445823448,0.0410464872483673,1.0020694881660257,2.9462617981865042,0.7730977542858364,65.26072739948032
UP20_SCORE60_NIKKEION_TP4.0_SL1.0_H1,VALIDATION,2023-10-30,8354.T,LOSS,-2.7488412271219786,1,6.961966882938133,False,0.4635109606138554,20.183945473791084,-1.572169017049041,0.0235651555938773,2.242165378893315,2.7209139167020906,3.041452154524692,57.710746195913416
UP20_SCORE60_NIKKEION_TP4.0_SL1.0_H1,VALIDATION,2023-10-31,8354.T,LOSS,-2.778247518823007,1,6.990528763368678,False,0.7896743702185294,20.80181074330227,1.9845406507217331,0.061751516195736,1.2017489922798388,2.7519515941115085,1.8450726385902343,64.8150694647926
UP20_SCORE60_NIKKEION_TP4.0_SL1.0_H1,VALIDATION,2023-12-06,9501.T,HOLD,10.44913294797688,1,1.1578272175565565,False,0.4150857548883557,12.53495466131979,3.919503623521159,0.0978182408120953,2.777650370355735,2.9865125240847794,3.8960955408717135,65.11804068639108
UP20_SCORE60_NIKKEION_TP4.0_SL1.0_H1,VALIDATION,2024-03-08,8331.T,WIN,10.194336414833705,1,5.405307907021086,False,2.693774385595749,36.25104127848698,0.9972018532308002,0.0155313857543469,1.357289321773241,2.573584103708426,1.6865697218534337,73.6374923996679
UP20_SCORE60_NIKKEION_TP4.0_SL1.0_H1,VALIDATION,2024-03-11,8309.T,WIN,9.7796709059245,1,5.456514832612866,False,1.8033243234927052,38.94777737859525,-2.829621941040217,0.0670779999091881,1.2557221617814778,2.469917726481123,1.5724905472866024,64.63927772022649
UP20_SCORE60_NIKKEION_TP4.0_SL1.0_H1,VALIDATION,2024-03-13,9502.T,WIN,9.352818067430947,1,0.3284805989638264,False,-0.3949155550553529,9.336203923379715,-0.4163332885228521,0.0416315849555858,1.3713123246439942,2.363204516857735,1.5435690298745686,53.35620076050401
UP20_SCORE60_NIKKEION_TP4.0_SL1.0_H1,VALIDATION,2024-03-14,8750.T,WIN,9.83825761176641,1,6.723172643826112,False,3.0553242124834457,28.73657296378135,-2.003808894791248,0.0074324154293817,0.7894672961852629,2.4845644029416025,0.7682347991053303,65.40246304310125
UP20_SCORE60_NIKKEION_TP4.0_SL1.0_H1,VALIDATION,2024-03-18,3289.T,WIN,10.456607692483834,1,3.1788561124538144,False,1.0067788984315262,36.8627274994429,2.9795236379785983,0.0993729974623696,1.2184818060410647,2.6391519231209566,1.515077338343676,70.79072631991961
UP20_SCORE60_NIKKEION_TP4.0_SL1.0_H1,VALIDATION,2024-03-19,8801.T,HOLD,8.495777150300976,1,9.773150047748146,False,2.115825121948145,32.446154882604525,5.3761017561049895,0.122181980734735,1.510534167150447,2.8278956009457774,2.033014039373544,75.61957057625732
UP20_SCORE60_NIKKEION_TP4.0_SL1.0_H1,VALIDATION,2024-04-10,6762.T,HOLD,4.404569372984535,1,1.7483349542660995,False,-0.7984789682288995,17.61370277586641,-1.2453024400790658,0.0196837125091595,0.8644640211555924,2.5918242589761054,0.6724433305554953,53.10534978918167
UP20_SCORE60_NIKKEION_TP4.0_SL1.0_H1,VALIDATION,2024-04-24,8306.T,HOLD,7.140239660000736,1,5.791235339906379,False,0.4467188060413019,17.604649912322607,0.4799929191379393,0.0388005802676905,0.8113443422931543,2.263652438436166,0.8313150105569843,58.02624765264058
UP25_SCORE60_NIKKEION_TP4.0_SL1.0_H1,VALIDATION,2022-05-13,2501.T,LOSS,-2.2852357779900023,1,5.944871187551252,False,3.400604512726435,38.685878809615936,-0.3244343527760707,0.0267817779012543,1.333862563100472,2.2340551504373973,1.455429821541605,78.64119875658174
UP25_SCORE60_NIKKEION_TP4.0_SL1.0_H1,VALIDATION,2022-05-16,6301.T,LOSS,-3.1632717938697374,1,5.068992986471936,False,0.7836985691567211,15.798331855947607,-3.900932073936836,-0.0024932155918815,0.6914859348369753,3.1600734319770694,0.6245396225466924,57.77345937599581
UP25_SCORE60_NIKKEION_TP4.0_SL1.0_H1,VALIDATION,2022-05-17,5020.T,LOSS,-2.4595859520750274,1,1.760630250605687,False,1.405987367477768,19.07032630053753,3.1570597639297704,0.0728946497185125,1.0614395952093003,2.4166078924213226,1.7550698443476471,75.02798470985627
UP25_SCORE60_NIKKEION_TP4.0_SL1.0_H1,VALIDATION,2022-06-10,5803.T,HOLD,8.026663916998123,1,18.524807642590567,False,6.702168884496307,43.39822829433884,-2.2248190983177096,0.0388881292514335,1.243466362599772,3.4588471392703823,1.0810864397269426,71.89716109124154
UP25_SCORE60_NIKKEION_TP4.0_SL1.0_H1,VALIDATION,2022-06-24,7211.T,HOLD,11.175615019526564,1,20.002268211229577,False,4.349113502823965,42.1196056280957,-8.606548698090188,0.0025616573777389,1.480431990860245,4.339395390652548,1.9367317893950209,57.01585206707608
UP25_SCORE60_NIKKEION_TP4.0_SL1.0_H1,VALIDATION,2022-06-27,2501.T,WIN,8.337913878233072,1,9.820015702889275,False,1.5644775018713195,43.76912496196353,0.2368803875811176,0.0039577750676822,1.6676743248690045,2.109478469558268,1.781581355293611,70.83940742006217
UP25_SCORE60_NIKKEION_TP4.0_SL1.0_H1,VALIDATION,2022-06-28,9501.T,HOLD,5.172727272727274,1,9.046096065256291,False,-0.1853194746595843,20.191556948575037,4.166666666666674,0.1471293143668663,2.302757482523177,3.818181818181817,2.373206083583625,67.66977151936806
UP25_SCORE60_NIKKEION_TP4.0_SL1.0_H1,VALIDATION,2022-06-29,9501.T,LOSS,-3.9572251007484183,1,8.88196224656258,False,0.6706528765352271,22.37396857143523,5.272727272727273,0.204249264353729,2.005658483470548,3.857225100748418,2.7880650383729697,72.51589607440937
UP25_SCORE60_NIKKEION_TP4.0_SL1.0_H1,VALIDATION,2022-06-30,9501.T,HOLD,2.016402116402116,1,8.69955156950672,False,1.466418212752152,24.51597202150592,-2.072538860103623,0.19025697032202,1.2002946002712256,4.115226337448563,2.0613896712206934,67.97537846674064
UP25_SCORE60_NIKKEION_TP4.0_SL1.0_H1,VALIDATION,2022-07-07,8804.T,LOSS,-2.3564891360168927,1,0.0265934630896393,False,1.8073914631535404,23.4174748041781,0.84344269467298,0.019848201568192,1.172779728039382,2.308582038921199,1.0809252854327047,66.07021427242472
UP25_SCORE60_NIKKEION_TP4.0_SL1.0_H1,VALIDATION,2022-07-08,8804.T,LOSS,-2.3442071763351224,1,0.4282553834964402,False,2.048754876514192,24.50874722643819,0.8886574055018581,0.0080089640833866,1.4952237669705812,2.2957280704411014,1.4730094105462403,67.7674063851828
UP25_SCORE60_NIKKEION_TP4.0_SL1.0_H1,VALIDATION,2022-08-26,3402.T,WIN,7.4033022680537135,1,4.715826557188758,False,1.3227068499944927,23.326868980224702,2.1349419667568537,0.0451499048489812,2.120364579714173,1.87582556701343,1.8661862363859685,71.48351885781872
UP25_SCORE60_NIKKEION_TP4.0_SL1.0_H1,VALIDATION,2022-09-08,6963.T,WIN,10.483042605336978,1,3.389358493787343,False,1.450911551849754,17.181027533475167,1.1029514224850656,0.0575267132257677,1.5761652398423698,2.645760651334246,1.9134264834457844,63.69425087590122
UP25_SCORE60_NIKKEION_TP4.0_SL1.0_H1,VALIDATION,2022-09-09,8233.T,WIN,8.075196109081217,1,7.105545004350923,False,2.419994828977501,47.07602457680796,1.4067191098883436,0.0424264355421359,1.5726287733935918,2.043799027270306,2.0167180592190808,84.96763309537195
UP25_SCORE60_NIKKEION_TP4.0_SL1.0_H1,VALIDATION,2022-09-12,3099.T,HOLD,8.589121662137844,1,0.7190452600000207,False,2.762599012130851,32.50220295696049,4.701928889725493,0.0900232111163203,1.2789892584444156,2.54233766046678,1.6376233727228475,80.32291358388707
UP25_SCORE60_NIKKEION_TP4.0_SL1.0_H1,VALIDATION,2022-09-13,6762.T,HOLD,4.55946891217528,1,9.463813495840416,False,1.1505973027165384,23.741570665434217,3.5363485256876714,0.0267329113111032,1.529791393965503,2.3772466104535024,1.9478991951222084,70.83421513435317
UP25_SCORE60_NIKKEION_TP4.0_SL1.0_H1,VALIDATION,2022-09-14,6762.T,HOLD,8.90136156473954,1,9.479109815344067,False,1.1934819770905936,23.95264966470376,-3.605319642757554,0.0110704579108096,1.155304655862548,2.6442402550284143,1.5151809744067293,58.94862853932386
UP25_SCORE60_NIKKEION_TP4.0_SL1.0_H1,VALIDATION,2022-10-04,4502.T,WIN,6.521601945168077,1,0.1784752662705485,False,0.0923229281194926,12.91568892333423,1.3032940182379882,0.0434328521808546,1.4568342799069054,1.6554004862920173,1.980215777578708,61.542227510413
UP25_SCORE60_NIKKEION_TP4.0_SL1.0_H1,VALIDATION,2022-10-06,8031.T,LOSS,-2.2940204005170495,1,5.065407746825307,False,0.0837280115831173,18.889517197394643,1.2750327617096602,0.0227091221899091,0.809571229942505,2.243237488650074,0.8381690110706707,63.42700055474461
UP25_SCORE60_NIKKEION_TP4.0_SL1.0_H1,VALIDATION,2022-10-14,8252.T,LOSS,-2.4442579470050907,1,2.389445668348921,False,0.5022998885166441,13.699459371716976,1.0879489875212478,0.0305650495027016,1.5028310064366206,2.4005326238092,1.7893257501729267,61.433450449673664
UP25_SCORE60_NIKKEION_TP4.0_SL1.0_H1,VALIDATION,2022-10-17,9020.T,LOSS,-2.3816676285319693,1,6.136483812063122,False,2.379010135446391,30.3413445400842,0.5790447743810434,0.0552230149803631,0.6641383234980005,2.3349432733444404,0.7780152141950449,67.39867832806928
UP25_SCORE60_NIKKEION_TP4.0_SL1.0_H1,VALIDATION,2022-12-12,7453.T,HOLD,5.168993152993251,1,7.785745537710707,False,0.6688510049293495,23.26400560168437,2.5965432538196165,0.0730793230628874,1.71096128417233,2.3300665706892305,1.800916419691897,67.18226053707386
UP25_SCORE60_NIKKEION_TP4.0_SL1.0_H1,VALIDATION,2022-12-14,4183.T,WIN,7.405831632360161,1,4.047842666128099,False,1.735151101832666,33.47960405091145,1.4353983141801807,0.0171772644233658,1.467974580070142,1.8764579080900419,1.530005084442979,66.28826055987322
UP25_SCORE60_NIKKEION_TP4.0_SL1.0_H1,VALIDATION,2022-12-15,5803.T,HOLD,7.095558669756919,1,12.463364993046987,False,4.045411099573748,27.54188408217238,1.6710683760046807,0.0610497321030985,1.23869204673954,3.026494906484123,1.3570608199661895,66.5231637345376
UP25_SCORE60_NIKKEION_TP4.0_SL1.0_H1,VALIDATION,2023-01-04,8306.T,LOSS,-2.5587527687580547,1,9.942721833814636,False,4.004071511887508,53.97241962566525,3.140323074040752,0.0772790598147473,1.5402472630176538,2.5207313198785037,1.7562880669658096,80.2377668052138
UP25_SCORE60_NIKKEION_TP4.0_SL1.0_H1,VALIDATION,2023-01-10,8306.T,LOSS,-2.6428098648574094,1,11.168476859444912,False,3.7567415977903806,53.3374668171745,-3.552148419021073,0.0102480136578335,0.6960690082106086,2.6091557342575955,0.7399519584810441,67.124779054125
UP25_SCORE60_NIKKEION_TP4.0_SL1.0_H1,VALIDATION,2023-01-11,3382.T,LOSS,-1.7895410481692742,1,-0.342018630134584,True,0.0643002033458461,11.064368921038149,0.1567953069600225,0.002254167969536,1.330397347716364,1.7185771139539858,1.7491209180835523,59.8589561169827
UP25_SCORE60_NIKKEION_TP4.0_SL1.0_H1,VALIDATION,2023-01-12,8795.T,LOSS,-2.7453695800282008,1,13.347418043336852,False,3.631370741500861,41.89053345181456,1.373349552942793,-0.0147676883364578,1.2388590074410453,2.7172509089875936,1.5983048518463,71.32842362367616
UP25_SCORE60_NIKKEION_TP4.0_SL1.0_H1,VALIDATION,2023-01-17,8304.T,LOSS,-1.9467528617879926,1,1.5180680908893067,False,1.0887323265154736,29.739522415801503,-3.353980520298649,0.0273378625270058,0.7193841847445767,1.8814995077926906,0.7796521901805284,56.275925104326
UP25_SCORE60_NIKKEION_TP4.0_SL1.0_H1,VALIDATION,2023-02-24,9107.T,WIN,11.605946284777014,1,9.446404148371524,False,4.09844994706916,43.4164883645031,1.0370470060754755,0.0191426801055223,1.190554996700955,2.9264865711942534,1.0778453082226491,71.89668183793219
UP25_SCORE60_NIKKEION_TP4.0_SL1.0_H1,VALIDATION,2023-03-01,5406.T,WIN,11.168328716414832,1,14.91716099759614,False,6.888477232737333,54.04595324073036,3.2292749761118733,0.0651599338858062,1.252977261833042,2.8170821791037097,1.4760421644722026,84.29291427976493
UP25_SCORE60_NIKKEION_TP4.0_SL1.0_H1,VALIDATION,2023-03-02,7532.T,HOLD,3.8475946283756834,1,2.311749896743116,False,1.110301730656027,23.028168592738364,-2.3219991254686434,0.0040066512595293,1.2480259842078736,2.4894896230590753,1.209647434940606,58.48457558086351
UP25_SCORE60_NIKKEION_TP4.0_SL1.0_H1,VALIDATION,2023-03-10,7532.T,HOLD,2.5956173520402026,1,3.57934608370132,False,1.880228685350693,28.13455632423358,-2.921340206282974,0.0131222127276182,1.491419817093107,2.5463457920216275,1.7096566069760155,58.657926704217566
UP25_SCORE60_NIKKEION_TP4.0_SL1.0_H1,VALIDATION,2023-03-22,9432.T,WIN,5.064884984967611,1,2.9886769743890587,False,0.7353999834895264,15.681016052641414,0.4470819300953277,0.0202850673358965,1.1697412593408478,1.2912212462419026,1.3366632783126184,63.96297916656753
UP25_SCORE60_NIKKEION_TP4.0_SL1.0_H1,VALIDATION,2023-03-23,2282.T,WIN,5.308156466981318,1,1.7935028429780078,False,0.8430250161032271,22.46676756670302,2.213557995259552,0.0245550521425392,1.4819834848611226,1.3520391167453294,1.6059746686702747,66.90274959696077
UP25_SCORE60_NIKKEION_TP4.0_SL1.0_H1,VALIDATION,2023-03-27,6361.T,HOLD,6.739283324087009,1,8.015432590568775,False,0.7256587766140354,32.560408763507056,0.3372783188205552,0.0885154918963881,0.9994858611825193,2.521615739209733,1.401131572308912,62.16034027957021
UP25_SCORE60_NIKKEION_TP4.0_SL1.0_H1,VALIDATION,2023-03-28,6361.T,WIN,10.103690572852242,1,8.028724831977934,False,1.0862671540618374,31.405875931645664,-1.0084005144577524,0.0535681837203465,0.9499870684081212,2.5509226432130605,1.4014212132773751,59.07202199631977
UP25_SCORE60_NIKKEION_TP4.0_SL1.0_H1,VALIDATION,2023-03-29,6501.T,HOLD,5.231834133933145,1,1.0988968003756614,False,0.0979342932952764,16.39183530118584,0.7640034424433395,0.040399658979535,1.4440823297722165,2.0827135864235418,1.320943838763867,62.83061669805912
UP25_SCORE60_NIKKEION_TP4.0_SL1.0_H1,VALIDATION,2023-05-02,4062.T,HOLD,1.0139579242476215,1,4.013966551592089,False,1.802827796504003,20.67844708573587,9.00735727262434,0.1648387926054175,2.2486169616892635,3.1848252355601923,4.576523959366289,74.71698370331268
UP25_SCORE60_NIKKEION_TP4.0_SL1.0_H1,VALIDATION,2023-05-08,4062.T,HOLD,5.527817301031235,1,4.5676056091174,False,2.5347224805395863,23.10031811179641,-1.0118074056056026,0.1743182992262808,0.7399843511094202,3.210063097006962,1.5313197485061518,71.9754167058368
UP25_SCORE60_NIKKEION_TP4.0_SL1.0_H1,VALIDATION,2023-06-23,9432.T,WIN,5.924094680342463,1,1.1363365080353516,False,-0.2749633970042797,11.371284216097926,-0.4109173678928934,0.0364913154366119,1.114048707553409,1.5060236700856175,1.0082536774631734,53.32269300141883
UP25_SCORE60_NIKKEION_TP4.0_SL1.0_H1,VALIDATION,2023-07-14,3697.T,HOLD,2.6352689429760656,1,4.414202111466844,False,0.9825434478655692,14.066035777668535,11.423477609773958,0.2445951797241883,3.1735855666491504,3.664836270819342,5.869603952377096,73.90035206959334
UP25_SCORE60_NIKKEION_TP4.0_SL1.0_H1,VALIDATION,2023-07-18,3697.T,HOLD,3.523970101615148,1,4.9953295049275175,False,2.044955701868667,17.111553296105495,2.299582343674889,0.2528169654791361,1.6606525716609066,3.758092130501045,3.6132920490987503,75.56989565836771
UP25_SCORE60_NIKKEION_TP4.0_SL1.0_H1,VALIDATION,2023-07-19,3697.T,TIMEOUT_LOSS,-2.2265375704661805,1,5.567456335180463,False,3.178951129004992,20.179742269010724,3.184516937369808,0.2654910535496504,1.1688741037667625,3.7680333712417116,2.7744672503003995,77.74209892609204
UP25_SCORE60_NIKKEION_TP4.0_SL1.0_H1,VALIDATION,2023-07-20,9107.T,WIN,14.006070099017409,1,7.365756579489273,False,4.617551222256289,40.456823312574784,0.6164097608000185,0.0938839039136021,1.2425910903490696,3.5265175247543543,1.297700012415697,75.59799884044793
UP25_SCORE60_NIKKEION_TP4.0_SL1.0_H1,VALIDATION,2023-07-24,8304.T,WIN,4.646462184734912,1,5.965186154094392,False,1.4953254814182193,46.50894890976158,-0.1436610728448251,0.0052203232234606,0.9984152139461172,1.186615546183726,0.9270053085895136,73.84824848778555
UP25_SCORE60_NIKKEION_TP4.0_SL1.0_H1,VALIDATION,2023-07-25,9107.T,WIN,13.424120072605417,1,9.426236891350596,False,5.728474038906661,43.95468824272265,0.4712471779455551,0.0685211820160593,0.7454517534288647,3.381030018151354,0.7193571847781792,73.09781851674379
UP25_SCORE60_NIKKEION_TP4.0_SL1.0_H1,VALIDATION,2023-07-27,3697.T,TIMEOUT_LOSS,-0.7186061325326508,1,6.924157184283334,False,3.259052026362852,29.05887576099701,-1.0892575373501412,0.002571187096052,0.7087931439305001,3.531479074970112,0.5298027773512055,71.0424364651647
UP25_SCORE60_NIKKEION_TP4.0_SL1.0_H1,VALIDATION,2023-08-02,2871.T,WIN,6.0627349642954025,1,3.8189108712657336,False,0.7242951919965934,34.654865155400365,-0.3352535094952369,0.0165360395766838,1.8527815891231132,1.5406837410738485,2.5689084895259096,68.58018561012706
UP25_SCORE60_NIKKEION_TP4.0_SL1.0_H1,VALIDATION,2023-08-10,1605.T,HOLD,6.879169240044492,1,11.164981718369583,False,3.493592257604239,52.83446425483549,12.463460383201651,0.1554229117371919,2.79979946927813,2.9283910300581084,4.34619726101322,79.77015775754742
UP25_SCORE60_NIKKEION_TP4.0_SL1.0_H1,VALIDATION,2023-08-23,7261.T,WIN,10.508662911097277,1,5.953331285872705,False,1.9455717693589447,12.708498948693068,1.9993264348709736,0.0386591443652704,1.6638416589958922,2.652165727774321,1.5720263859369508,64.21075613369555
UP25_SCORE60_NIKKEION_TP4.0_SL1.0_H1,VALIDATION,2023-08-24,4062.T,LOSS,-3.593088741091144,1,6.80922560641553,False,-0.1925287628427585,15.369284537342974,1.0315239770017692,0.0820505230531885,2.3957283900866413,3.493088741091155,2.2102836747592667,63.32774287075412
UP25_SCORE60_NIKKEION_TP4.0_SL1.0_H1,VALIDATION,2023-08-25,3405.T,WIN,8.751136359044375,1,5.563676524694812,False,3.2152690771133585,33.8857711933423,0.5009277123760647,0.0383852602473304,1.6114387669128216,2.2127840897610955,1.4383193507789016,74.62114188384804
UP25_SCORE60_NIKKEION_TP4.0_SL1.0_H1,VALIDATION,2023-08-28,6113.T,WIN,8.383439084083,1,2.0495189820741966,False,1.2136642361419758,13.1843960890482,2.1775693976564536,0.045055261327477,1.8592336349121876,2.1208597710207515,1.5424862573680376,68.72876119221075
UP25_SCORE60_NIKKEION_TP4.0_SL1.0_H1,VALIDATION,2023-09-21,9501.T,HOLD,2.430923944535668,1,12.439084434745476,False,3.3705390033044846,55.35845466158926,3.1764129913268717,0.1079233947128065,1.2387773526238668,2.8613704298891873,1.684289366876984,77.03312199329181
UP25_SCORE60_NIKKEION_TP4.0_SL1.0_H1,VALIDATION,2023-09-25,9501.T,TIMEOUT_LOSS,-0.11415884285430603,1,12.88310819699138,False,3.374417007853281,58.02956451732003,-2.0940197056126486,0.0391210454202126,0.8268094745310657,2.9745042492917833,0.8797495788732139,69.48561231535493
UP25_SCORE60_NIKKEION_TP4.0_SL1.0_H1,VALIDATION,2023-09-26,8795.T,LOSS,-2.598671049358936,1,8.073776484220787,False,2.6441221533526127,40.65925639038708,0.3276185569456968,0.031178315543677,1.4798864527695812,2.562704607466282,1.5836332714471573,67.81712545659161
UP25_SCORE60_NIKKEION_TP4.0_SL1.0_H1,VALIDATION,2023-09-27,8697.T,LOSS,-2.075594545046533,1,3.3470779308842338,False,1.4497709058478805,32.77614038546648,3.4413909652475594,0.0834387115714591,1.6005725384357377,2.015410892703044,2.222029709001226,79.38085439124544
UP25_SCORE60_NIKKEION_TP4.0_SL1.0_H1,VALIDATION,2023-09-28,7211.T,LOSS,-2.7868180437806034,1,9.117007954978993,False,3.450040277711963,39.29149553083054,1.8863381236379428,0.0571909307090926,1.5897506486632105,2.7610011200634483,2.021996336198152,71.69805481165484
UP25_SCORE60_NIKKEION_TP4.0_SL1.0_H1,VALIDATION,2023-09-29,4519.T,LOSS,-2.446928996996245,1,5.059909895761967,False,0.93704686797198,28.12251682599573,0.1516356839443844,0.1048133624170686,1.5080802597375482,2.4033335284704487,2.628650714220726,65.25518100416157
UP25_SCORE60_NIKKEION_TP4.0_SL1.0_H1,VALIDATION,2023-10-10,9107.T,LOSS,-3.625029196249774,1,15.933972418178186,False,1.9657485360281115,32.90204777315115,5.531622163232508,0.1134071461102983,1.3518507547182232,3.653827689070136,1.4354720499868414,67.38977612445666
UP25_SCORE60_NIKKEION_TP4.0_SL1.0_H1,VALIDATION,2023-10-11,9107.T,LOSS,-4.01935664188624,1,15.362860239972823,False,1.817783356617397,33.364067410548024,-6.101345299331939,0.0227167095357356,1.0926120652724227,4.079236467305844,1.229057736320596,55.98673825518541
UP25_SCORE60_NIKKEION_TP4.0_SL1.0_H1,VALIDATION,2023-10-18,7453.T,LOSS,-3.169829452539341,1,4.136507868839604,False,0.1223158978307381,22.63425020648197,3.166167693874544,0.1318619295282879,0.9600826348913224,3.16705256495576,1.773623917931742,67.49018008188494
UP25_SCORE60_NIKKEION_TP4.0_SL1.0_H1,VALIDATION,2023-10-20,6146.T,LOSS,-4.184819502409342,1,4.86039981790385,False,1.3515102489323416,14.912070979595237,-8.256885924341816,-0.0165392411775153,2.06778634855144,4.258783105258246,2.6872402350224203,49.996886216467445
UP25_SCORE60_NIKKEION_TP4.0_SL1.0_H1,VALIDATION,2023-10-23,6146.T,LOSS,-4.133144432597879,1,4.817619835452092,False,1.439467587139709,13.874446729497864,-6.37287494688662,0.0082183644223207,1.3655025933265694,4.202643098757367,1.9839982365684723,53.13269282156323
UP25_SCORE60_NIKKEION_TP4.0_SL1.0_H1,VALIDATION,2023-10-24,6762.T,LOSS,-2.51643032389427,1,4.1604519363736845,False,0.9948155952706816,17.151550373912308,-2.38955240864851,0.0110094748032077,1.2599746640825475,2.476267605207279,0.982404599244012,56.23701851890526
UP25_SCORE60_NIKKEION_TP4.0_SL1.0_H1,VALIDATION,2023-10-25,8354.T,LOSS,-2.629245405764913,1,7.543562389122455,False,0.2248247343790588,20.147436021905254,0.3421078714360925,0.0275245695155686,1.2498093252656737,2.594876192652884,1.1612895605596203,59.73818591868691
UP25_SCORE60_NIKKEION_TP4.0_SL1.0_H1,VALIDATION,2023-10-27,7453.T,LOSS,-2.9619415088255385,1,2.219489345986285,False,0.8191807321748623,23.100694441319646,1.448541445823448,0.0410464872483673,1.0020694881660257,2.9462617981865042,0.7730977542858364,65.26072739948032
UP25_SCORE60_NIKKEION_TP4.0_SL1.0_H1,VALIDATION,2023-10-30,8354.T,LOSS,-2.7488412271219786,1,6.961966882938133,False,0.4635109606138554,20.183945473791084,-1.572169017049041,0.0235651555938773,2.242165378893315,2.7209139167020906,3.041452154524692,57.710746195913416
UP25_SCORE60_NIKKEION_TP4.0_SL1.0_H1,VALIDATION,2023-10-31,8354.T,LOSS,-2.778247518823007,1,6.990528763368678,False,0.7896743702185294,20.80181074330227,1.9845406507217331,0.061751516195736,1.2017489922798388,2.7519515941115085,1.8450726385902343,64.8150694647926
UP25_SCORE60_NIKKEION_TP4.0_SL1.0_H1,VALIDATION,2023-12-06,9501.T,HOLD,10.44913294797688,1,1.1578272175565565,False,0.4150857548883557,12.53495466131979,3.919503623521159,0.0978182408120953,2.777650370355735,2.9865125240847794,3.8960955408717135,65.11804068639108
UP25_SCORE60_NIKKEION_TP4.0_SL1.0_H1,VALIDATION,2024-03-08,8331.T,WIN,10.194336414833705,1,5.405307907021086,False,2.693774385595749,36.25104127848698,0.9972018532308002,0.0155313857543469,1.357289321773241,2.573584103708426,1.6865697218534337,73.6374923996679
UP25_SCORE60_NIKKEION_TP4.0_SL1.0_H1,VALIDATION,2024-03-11,8309.T,WIN,9.7796709059245,1,5.456514832612866,False,1.8033243234927052,38.94777737859525,-2.829621941040217,0.0670779999091881,1.2557221617814778,2.469917726481123,1.5724905472866024,64.63927772022649
UP25_SCORE60_NIKKEION_TP4.0_SL1.0_H1,VALIDATION,2024-03-13,9502.T,WIN,9.352818067430947,1,0.3284805989638264,False,-0.3949155550553529,9.336203923379715,-0.4163332885228521,0.0416315849555858,1.3713123246439942,2.363204516857735,1.5435690298745686,53.35620076050401
UP25_SCORE60_NIKKEION_TP4.0_SL1.0_H1,VALIDATION,2024-03-14,8750.T,WIN,9.83825761176641,1,6.723172643826112,False,3.0553242124834457,28.73657296378135,-2.003808894791248,0.0074324154293817,0.7894672961852629,2.4845644029416025,0.7682347991053303,65.40246304310125
UP25_SCORE60_NIKKEION_TP4.0_SL1.0_H1,VALIDATION,2024-03-18,3289.T,WIN,10.456607692483834,1,3.1788561124538144,False,1.0067788984315262,36.8627274994429,2.9795236379785983,0.0993729974623696,1.2184818060410647,2.6391519231209566,1.515077338343676,70.79072631991961
UP25_SCORE60_NIKKEION_TP4.0_SL1.0_H1,VALIDATION,2024-03-19,8801.T,HOLD,8.495777150300976,1,9.773150047748146,False,2.115825121948145,32.446154882604525,5.3761017561049895,0.122181980734735,1.510534167150447,2.8278956009457774,2.033014039373544,75.61957057625732
UP25_SCORE60_NIKKEION_TP4.0_SL1.0_H1,VALIDATION,2024-04-10,6762.T,HOLD,4.404569372984535,1,1.7483349542660995,False,-0.7984789682288995,17.61370277586641,-1.2453024400790658,0.0196837125091595,0.8644640211555924,2.5918242589761054,0.6724433305554953,53.10534978918167
UP25_SCORE60_NIKKEION_TP4.0_SL1.0_H1,VALIDATION,2024-04-24,8306.T,HOLD,7.140239660000736,1,5.791235339906379,False,0.4467188060413019,17.604649912322607,0.4799929191379393,0.0388005802676905,0.8113443422931543,2.263652438436166,0.8313150105569843,58.02624765264058
UP30_SCORE60_NIKKEION_TP4.0_SL1.0_H1,VALIDATION,2022-05-13,2501.T,LOSS,-2.2852357779900023,1,5.944871187551252,False,3.400604512726435,38.685878809615936,-0.3244343527760707,0.0267817779012543,1.333862563100472,2.2340551504373973,1.455429821541605,78.64119875658174
UP30_SCORE60_NIKKEION_TP4.0_SL1.0_H1,VALIDATION,2022-05-16,6301.T,LOSS,-3.1632717938697374,1,5.068992986471936,False,0.7836985691567211,15.798331855947607,-3.900932073936836,-0.0024932155918815,0.6914859348369753,3.1600734319770694,0.6245396225466924,57.77345937599581
UP30_SCORE60_NIKKEION_TP4.0_SL1.0_H1,VALIDATION,2022-05-17,5020.T,LOSS,-2.4595859520750274,1,1.760630250605687,False,1.405987367477768,19.07032630053753,3.1570597639297704,0.0728946497185125,1.0614395952093003,2.4166078924213226,1.7550698443476471,75.02798470985627
UP30_SCORE60_NIKKEION_TP4.0_SL1.0_H1,VALIDATION,2022-06-10,5803.T,HOLD,8.026663916998123,1,18.524807642590567,False,6.702168884496307,43.39822829433884,-2.2248190983177096,0.0388881292514335,1.243466362599772,3.4588471392703823,1.0810864397269426,71.89716109124154
UP30_SCORE60_NIKKEION_TP4.0_SL1.0_H1,VALIDATION,2022-06-24,7211.T,HOLD,11.175615019526564,1,20.002268211229577,False,4.349113502823965,42.1196056280957,-8.606548698090188,0.0025616573777389,1.480431990860245,4.339395390652548,1.9367317893950209,57.01585206707608
UP30_SCORE60_NIKKEION_TP4.0_SL1.0_H1,VALIDATION,2022-06-27,2501.T,WIN,8.337913878233072,1,9.820015702889275,False,1.5644775018713195,43.76912496196353,0.2368803875811176,0.0039577750676822,1.6676743248690045,2.109478469558268,1.781581355293611,70.83940742006217
UP30_SCORE60_NIKKEION_TP4.0_SL1.0_H1,VALIDATION,2022-06-28,9501.T,HOLD,5.172727272727274,1,9.046096065256291,False,-0.1853194746595843,20.191556948575037,4.166666666666674,0.1471293143668663,2.302757482523177,3.818181818181817,2.373206083583625,67.66977151936806
UP30_SCORE60_NIKKEION_TP4.0_SL1.0_H1,VALIDATION,2022-06-29,9501.T,LOSS,-3.9572251007484183,1,8.88196224656258,False,0.6706528765352271,22.37396857143523,5.272727272727273,0.204249264353729,2.005658483470548,3.857225100748418,2.7880650383729697,72.51589607440937
UP30_SCORE60_NIKKEION_TP4.0_SL1.0_H1,VALIDATION,2022-06-30,9501.T,HOLD,2.016402116402116,1,8.69955156950672,False,1.466418212752152,24.51597202150592,-2.072538860103623,0.19025697032202,1.2002946002712256,4.115226337448563,2.0613896712206934,67.97537846674064
UP30_SCORE60_NIKKEION_TP4.0_SL1.0_H1,VALIDATION,2022-07-07,8804.T,LOSS,-2.3564891360168927,1,0.0265934630896393,False,1.8073914631535404,23.4174748041781,0.84344269467298,0.019848201568192,1.172779728039382,2.308582038921199,1.0809252854327047,66.07021427242472
UP30_SCORE60_NIKKEION_TP4.0_SL1.0_H1,VALIDATION,2022-07-08,8804.T,LOSS,-2.3442071763351224,1,0.4282553834964402,False,2.048754876514192,24.50874722643819,0.8886574055018581,0.0080089640833866,1.4952237669705812,2.2957280704411014,1.4730094105462403,67.7674063851828
UP30_SCORE60_NIKKEION_TP4.0_SL1.0_H1,VALIDATION,2022-08-26,3402.T,WIN,7.4033022680537135,1,4.715826557188758,False,1.3227068499944927,23.326868980224702,2.1349419667568537,0.0451499048489812,2.120364579714173,1.87582556701343,1.8661862363859685,71.48351885781872
UP30_SCORE60_NIKKEION_TP4.0_SL1.0_H1,VALIDATION,2022-09-08,6963.T,WIN,10.483042605336978,1,3.389358493787343,False,1.450911551849754,17.181027533475167,1.1029514224850656,0.0575267132257677,1.5761652398423698,2.645760651334246,1.9134264834457844,63.69425087590122
UP30_SCORE60_NIKKEION_TP4.0_SL1.0_H1,VALIDATION,2022-09-09,8233.T,WIN,8.075196109081217,1,7.105545004350923,False,2.419994828977501,47.07602457680796,1.4067191098883436,0.0424264355421359,1.5726287733935918,2.043799027270306,2.0167180592190808,84.96763309537195
UP30_SCORE60_NIKKEION_TP4.0_SL1.0_H1,VALIDATION,2022-09-12,3099.T,HOLD,8.589121662137844,1,0.7190452600000207,False,2.762599012130851,32.50220295696049,4.701928889725493,0.0900232111163203,1.2789892584444156,2.54233766046678,1.6376233727228475,80.32291358388707
UP30_SCORE60_NIKKEION_TP4.0_SL1.0_H1,VALIDATION,2022-09-13,6762.T,HOLD,4.55946891217528,1,9.463813495840416,False,1.1505973027165384,23.741570665434217,3.5363485256876714,0.0267329113111032,1.529791393965503,2.3772466104535024,1.9478991951222084,70.83421513435317
UP30_SCORE60_NIKKEION_TP4.0_SL1.0_H1,VALIDATION,2022-09-14,6762.T,HOLD,8.90136156473954,1,9.479109815344067,False,1.1934819770905936,23.95264966470376,-3.605319642757554,0.0110704579108096,1.155304655862548,2.6442402550284143,1.5151809744067293,58.94862853932386
UP30_SCORE60_NIKKEION_TP4.0_SL1.0_H1,VALIDATION,2022-10-04,4502.T,WIN,6.521601945168077,1,0.1784752662705485,False,0.0923229281194926,12.91568892333423,1.3032940182379882,0.0434328521808546,1.4568342799069054,1.6554004862920173,1.980215777578708,61.542227510413
UP30_SCORE60_NIKKEION_TP4.0_SL1.0_H1,VALIDATION,2022-10-06,8031.T,LOSS,-2.2940204005170495,1,5.065407746825307,False,0.0837280115831173,18.889517197394643,1.2750327617096602,0.0227091221899091,0.809571229942505,2.243237488650074,0.8381690110706707,63.42700055474461
UP30_SCORE60_NIKKEION_TP4.0_SL1.0_H1,VALIDATION,2022-10-14,8252.T,LOSS,-2.4442579470050907,1,2.389445668348921,False,0.5022998885166441,13.699459371716976,1.0879489875212478,0.0305650495027016,1.5028310064366206,2.4005326238092,1.7893257501729267,61.433450449673664
UP30_SCORE60_NIKKEION_TP4.0_SL1.0_H1,VALIDATION,2022-10-17,9020.T,LOSS,-2.3816676285319693,1,6.136483812063122,False,2.379010135446391,30.3413445400842,0.5790447743810434,0.0552230149803631,0.6641383234980005,2.3349432733444404,0.7780152141950449,67.39867832806928
UP30_SCORE60_NIKKEION_TP4.0_SL1.0_H1,VALIDATION,2022-12-12,7453.T,HOLD,5.168993152993251,1,7.785745537710707,False,0.6688510049293495,23.26400560168437,2.5965432538196165,0.0730793230628874,1.71096128417233,2.3300665706892305,1.800916419691897,67.18226053707386
UP30_SCORE60_NIKKEION_TP4.0_SL1.0_H1,VALIDATION,2022-12-14,4183.T,WIN,7.405831632360161,1,4.047842666128099,False,1.735151101832666,33.47960405091145,1.4353983141801807,0.0171772644233658,1.467974580070142,1.8764579080900419,1.530005084442979,66.28826055987322
UP30_SCORE60_NIKKEION_TP4.0_SL1.0_H1,VALIDATION,2022-12-15,5803.T,HOLD,7.095558669756919,1,12.463364993046987,False,4.045411099573748,27.54188408217238,1.6710683760046807,0.0610497321030985,1.23869204673954,3.026494906484123,1.3570608199661895,66.5231637345376
UP30_SCORE60_NIKKEION_TP4.0_SL1.0_H1,VALIDATION,2023-01-04,8306.T,LOSS,-2.5587527687580547,1,9.942721833814636,False,4.004071511887508,53.97241962566525,3.140323074040752,0.0772790598147473,1.5402472630176538,2.5207313198785037,1.7562880669658096,80.2377668052138
UP30_SCORE60_NIKKEION_TP4.0_SL1.0_H1,VALIDATION,2023-01-10,8306.T,LOSS,-2.6428098648574094,1,11.168476859444912,False,3.7567415977903806,53.3374668171745,-3.552148419021073,0.0102480136578335,0.6960690082106086,2.6091557342575955,0.7399519584810441,67.124779054125
UP30_SCORE60_NIKKEION_TP4.0_SL1.0_H1,VALIDATION,2023-01-11,3382.T,LOSS,-1.7895410481692742,1,-0.342018630134584,True,0.0643002033458461,11.064368921038149,0.1567953069600225,0.002254167969536,1.330397347716364,1.7185771139539858,1.7491209180835523,59.8589561169827
UP30_SCORE60_NIKKEION_TP4.0_SL1.0_H1,VALIDATION,2023-01-12,8795.T,LOSS,-2.7453695800282008,1,13.347418043336852,False,3.631370741500861,41.89053345181456,1.373349552942793,-0.0147676883364578,1.2388590074410453,2.7172509089875936,1.5983048518463,71.32842362367616
UP30_SCORE60_NIKKEION_TP4.0_SL1.0_H1,VALIDATION,2023-01-17,8304.T,LOSS,-1.9467528617879926,1,1.5180680908893067,False,1.0887323265154736,29.739522415801503,-3.353980520298649,0.0273378625270058,0.7193841847445767,1.8814995077926906,0.7796521901805284,56.275925104326
UP30_SCORE60_NIKKEION_TP4.0_SL1.0_H1,VALIDATION,2023-02-24,9107.T,WIN,11.605946284777014,1,9.446404148371524,False,4.09844994706916,43.4164883645031,1.0370470060754755,0.0191426801055223,1.190554996700955,2.9264865711942534,1.0778453082226491,71.89668183793219
UP30_SCORE60_NIKKEION_TP4.0_SL1.0_H1,VALIDATION,2023-03-01,5406.T,WIN,11.168328716414832,1,14.91716099759614,False,6.888477232737333,54.04595324073036,3.2292749761118733,0.0651599338858062,1.252977261833042,2.8170821791037097,1.4760421644722026,84.29291427976493
UP30_SCORE60_NIKKEION_TP4.0_SL1.0_H1,VALIDATION,2023-03-02,7532.T,HOLD,3.8475946283756834,1,2.311749896743116,False,1.110301730656027,23.028168592738364,-2.3219991254686434,0.0040066512595293,1.2480259842078736,2.4894896230590753,1.209647434940606,58.48457558086351
UP30_SCORE60_NIKKEION_TP4.0_SL1.0_H1,VALIDATION,2023-03-10,7532.T,HOLD,2.5956173520402026,1,3.57934608370132,False,1.880228685350693,28.13455632423358,-2.921340206282974,0.0131222127276182,1.491419817093107,2.5463457920216275,1.7096566069760155,58.657926704217566
UP30_SCORE60_NIKKEION_TP4.0_SL1.0_H1,VALIDATION,2023-03-22,9432.T,WIN,5.064884984967611,1,2.9886769743890587,False,0.7353999834895264,15.681016052641414,0.4470819300953277,0.0202850673358965,1.1697412593408478,1.2912212462419026,1.3366632783126184,63.96297916656753
UP30_SCORE60_NIKKEION_TP4.0_SL1.0_H1,VALIDATION,2023-03-23,2282.T,WIN,5.308156466981318,1,1.7935028429780078,False,0.8430250161032271,22.46676756670302,2.213557995259552,0.0245550521425392,1.4819834848611226,1.3520391167453294,1.6059746686702747,66.90274959696077
UP30_SCORE60_NIKKEION_TP4.0_SL1.0_H1,VALIDATION,2023-03-27,6361.T,HOLD,6.739283324087009,1,8.015432590568775,False,0.7256587766140354,32.560408763507056,0.3372783188205552,0.0885154918963881,0.9994858611825193,2.521615739209733,1.401131572308912,62.16034027957021
UP30_SCORE60_NIKKEION_TP4.0_SL1.0_H1,VALIDATION,2023-03-28,6361.T,WIN,10.103690572852242,1,8.028724831977934,False,1.0862671540618374,31.405875931645664,-1.0084005144577524,0.0535681837203465,0.9499870684081212,2.5509226432130605,1.4014212132773751,59.07202199631977
UP30_SCORE60_NIKKEION_TP4.0_SL1.0_H1,VALIDATION,2023-03-29,6501.T,HOLD,5.231834133933145,1,1.0988968003756614,False,0.0979342932952764,16.39183530118584,0.7640034424433395,0.040399658979535,1.4440823297722165,2.0827135864235418,1.320943838763867,62.83061669805912
UP30_SCORE60_NIKKEION_TP4.0_SL1.0_H1,VALIDATION,2023-05-02,4062.T,HOLD,1.0139579242476215,1,4.013966551592089,False,1.802827796504003,20.67844708573587,9.00735727262434,0.1648387926054175,2.2486169616892635,3.1848252355601923,4.576523959366289,74.71698370331268
UP30_SCORE60_NIKKEION_TP4.0_SL1.0_H1,VALIDATION,2023-05-08,4062.T,HOLD,5.527817301031235,1,4.5676056091174,False,2.5347224805395863,23.10031811179641,-1.0118074056056026,0.1743182992262808,0.7399843511094202,3.210063097006962,1.5313197485061518,71.9754167058368
UP30_SCORE60_NIKKEION_TP4.0_SL1.0_H1,VALIDATION,2023-06-23,9432.T,WIN,5.924094680342463,1,1.1363365080353516,False,-0.2749633970042797,11.371284216097926,-0.4109173678928934,0.0364913154366119,1.114048707553409,1.5060236700856175,1.0082536774631734,53.32269300141883
UP30_SCORE60_NIKKEION_TP4.0_SL1.0_H1,VALIDATION,2023-07-14,3697.T,HOLD,2.6352689429760656,1,4.414202111466844,False,0.9825434478655692,14.066035777668535,11.423477609773958,0.2445951797241883,3.1735855666491504,3.664836270819342,5.869603952377096,73.90035206959334
UP30_SCORE60_NIKKEION_TP4.0_SL1.0_H1,VALIDATION,2023-07-18,3697.T,HOLD,3.523970101615148,1,4.9953295049275175,False,2.044955701868667,17.111553296105495,2.299582343674889,0.2528169654791361,1.6606525716609066,3.758092130501045,3.6132920490987503,75.56989565836771
UP30_SCORE60_NIKKEION_TP4.0_SL1.0_H1,VALIDATION,2023-07-19,3697.T,TIMEOUT_LOSS,-2.2265375704661805,1,5.567456335180463,False,3.178951129004992,20.179742269010724,3.184516937369808,0.2654910535496504,1.1688741037667625,3.7680333712417116,2.7744672503003995,77.74209892609204
UP30_SCORE60_NIKKEION_TP4.0_SL1.0_H1,VALIDATION,2023-07-20,9107.T,WIN,14.006070099017409,1,7.365756579489273,False,4.617551222256289,40.456823312574784,0.6164097608000185,0.0938839039136021,1.2425910903490696,3.5265175247543543,1.297700012415697,75.59799884044793
UP30_SCORE60_NIKKEION_TP4.0_SL1.0_H1,VALIDATION,2023-07-24,8304.T,WIN,4.646462184734912,1,5.965186154094392,False,1.4953254814182193,46.50894890976158,-0.1436610728448251,0.0052203232234606,0.9984152139461172,1.186615546183726,0.9270053085895136,73.84824848778555
UP30_SCORE60_NIKKEION_TP4.0_SL1.0_H1,VALIDATION,2023-07-25,9107.T,WIN,13.424120072605417,1,9.426236891350596,False,5.728474038906661,43.95468824272265,0.4712471779455551,0.0685211820160593,0.7454517534288647,3.381030018151354,0.7193571847781792,73.09781851674379
UP30_SCORE60_NIKKEION_TP4.0_SL1.0_H1,VALIDATION,2023-07-27,3697.T,TIMEOUT_LOSS,-0.7186061325326508,1,6.924157184283334,False,3.259052026362852,29.05887576099701,-1.0892575373501412,0.002571187096052,0.7087931439305001,3.531479074970112,0.5298027773512055,71.0424364651647
UP30_SCORE60_NIKKEION_TP4.0_SL1.0_H1,VALIDATION,2023-08-02,2871.T,WIN,6.0627349642954025,1,3.8189108712657336,False,0.7242951919965934,34.654865155400365,-0.3352535094952369,0.0165360395766838,1.8527815891231132,1.5406837410738485,2.5689084895259096,68.58018561012706
UP30_SCORE60_NIKKEION_TP4.0_SL1.0_H1,VALIDATION,2023-08-10,1605.T,HOLD,6.879169240044492,1,11.164981718369583,False,3.493592257604239,52.83446425483549,12.463460383201651,0.1554229117371919,2.79979946927813,2.9283910300581084,4.34619726101322,79.77015775754742
UP30_SCORE60_NIKKEION_TP4.0_SL1.0_H1,VALIDATION,2023-08-23,7261.T,WIN,10.508662911097277,1,5.953331285872705,False,1.9455717693589447,12.708498948693068,1.9993264348709736,0.0386591443652704,1.6638416589958922,2.652165727774321,1.5720263859369508,64.21075613369555
UP30_SCORE60_NIKKEION_TP4.0_SL1.0_H1,VALIDATION,2023-08-24,4062.T,LOSS,-3.593088741091144,1,6.80922560641553,False,-0.1925287628427585,15.369284537342974,1.0315239770017692,0.0820505230531885,2.3957283900866413,3.493088741091155,2.2102836747592667,63.32774287075412
UP30_SCORE60_NIKKEION_TP4.0_SL1.0_H1,VALIDATION,2023-08-25,3405.T,WIN,8.751136359044375,1,5.563676524694812,False,3.2152690771133585,33.8857711933423,0.5009277123760647,0.0383852602473304,1.6114387669128216,2.2127840897610955,1.4383193507789016,74.62114188384804
UP30_SCORE60_NIKKEION_TP4.0_SL1.0_H1,VALIDATION,2023-08-28,6113.T,WIN,8.383439084083,1,2.0495189820741966,False,1.2136642361419758,13.1843960890482,2.1775693976564536,0.045055261327477,1.8592336349121876,2.1208597710207515,1.5424862573680376,68.72876119221075
UP30_SCORE60_NIKKEION_TP4.0_SL1.0_H1,VALIDATION,2023-09-21,9501.T,HOLD,2.430923944535668,1,12.439084434745476,False,3.3705390033044846,55.35845466158926,3.1764129913268717,0.1079233947128065,1.2387773526238668,2.8613704298891873,1.684289366876984,77.03312199329181
UP30_SCORE60_NIKKEION_TP4.0_SL1.0_H1,VALIDATION,2023-09-25,9501.T,TIMEOUT_LOSS,-0.11415884285430603,1,12.88310819699138,False,3.374417007853281,58.02956451732003,-2.0940197056126486,0.0391210454202126,0.8268094745310657,2.9745042492917833,0.8797495788732139,69.48561231535493
UP30_SCORE60_NIKKEION_TP4.0_SL1.0_H1,VALIDATION,2023-09-26,8795.T,LOSS,-2.598671049358936,1,8.073776484220787,False,2.6441221533526127,40.65925639038708,0.3276185569456968,0.031178315543677,1.4798864527695812,2.562704607466282,1.5836332714471573,67.81712545659161
UP30_SCORE60_NIKKEION_TP4.0_SL1.0_H1,VALIDATION,2023-09-27,8697.T,LOSS,-2.075594545046533,1,3.3470779308842338,False,1.4497709058478805,32.77614038546648,3.4413909652475594,0.0834387115714591,1.6005725384357377,2.015410892703044,2.222029709001226,79.38085439124544
UP30_SCORE60_NIKKEION_TP4.0_SL1.0_H1,VALIDATION,2023-09-28,7211.T,LOSS,-2.7868180437806034,1,9.117007954978993,False,3.450040277711963,39.29149553083054,1.8863381236379428,0.0571909307090926,1.5897506486632105,2.7610011200634483,2.021996336198152,71.69805481165484
UP30_SCORE60_NIKKEION_TP4.0_SL1.0_H1,VALIDATION,2023-09-29,4519.T,LOSS,-2.446928996996245,1,5.059909895761967,False,0.93704686797198,28.12251682599573,0.1516356839443844,0.1048133624170686,1.5080802597375482,2.4033335284704487,2.628650714220726,65.25518100416157
UP30_SCORE60_NIKKEION_TP4.0_SL1.0_H1,VALIDATION,2023-10-10,9107.T,LOSS,-3.625029196249774,1,15.933972418178186,False,1.9657485360281115,32.90204777315115,5.531622163232508,0.1134071461102983,1.3518507547182232,3.653827689070136,1.4354720499868414,67.38977612445666
UP30_SCORE60_NIKKEION_TP4.0_SL1.0_H1,VALIDATION,2023-10-11,9107.T,LOSS,-4.01935664188624,1,15.362860239972823,False,1.817783356617397,33.364067410548024,-6.101345299331939,0.0227167095357356,1.0926120652724227,4.079236467305844,1.229057736320596,55.98673825518541
UP30_SCORE60_NIKKEION_TP4.0_SL1.0_H1,VALIDATION,2023-10-18,7453.T,LOSS,-3.169829452539341,1,4.136507868839604,False,0.1223158978307381,22.63425020648197,3.166167693874544,0.1318619295282879,0.9600826348913224,3.16705256495576,1.773623917931742,67.49018008188494
UP30_SCORE60_NIKKEION_TP4.0_SL1.0_H1,VALIDATION,2023-10-20,6146.T,LOSS,-4.184819502409342,1,4.86039981790385,False,1.3515102489323416,14.912070979595237,-8.256885924341816,-0.0165392411775153,2.06778634855144,4.258783105258246,2.6872402350224203,49.996886216467445
UP30_SCORE60_NIKKEION_TP4.0_SL1.0_H1,VALIDATION,2023-10-23,6146.T,LOSS,-4.133144432597879,1,4.817619835452092,False,1.439467587139709,13.874446729497864,-6.37287494688662,0.0082183644223207,1.3655025933265694,4.202643098757367,1.9839982365684723,53.13269282156323
UP30_SCORE60_NIKKEION_TP4.0_SL1.0_H1,VALIDATION,2023-10-24,6762.T,LOSS,-2.51643032389427,1,4.1604519363736845,False,0.9948155952706816,17.151550373912308,-2.38955240864851,0.0110094748032077,1.2599746640825475,2.476267605207279,0.982404599244012,56.23701851890526
UP30_SCORE60_NIKKEION_TP4.0_SL1.0_H1,VALIDATION,2023-10-25,8354.T,LOSS,-2.629245405764913,1,7.543562389122455,False,0.2248247343790588,20.147436021905254,0.3421078714360925,0.0275245695155686,1.2498093252656737,2.594876192652884,1.1612895605596203,59.73818591868691
UP30_SCORE60_NIKKEION_TP4.0_SL1.0_H1,VALIDATION,2023-10-27,7453.T,LOSS,-2.9619415088255385,1,2.219489345986285,False,0.8191807321748623,23.100694441319646,1.448541445823448,0.0410464872483673,1.0020694881660257,2.9462617981865042,0.7730977542858364,65.26072739948032
UP30_SCORE60_NIKKEION_TP4.0_SL1.0_H1,VALIDATION,2023-10-30,8354.T,LOSS,-2.7488412271219786,1,6.961966882938133,False,0.4635109606138554,20.183945473791084,-1.572169017049041,0.0235651555938773,2.242165378893315,2.7209139167020906,3.041452154524692,57.710746195913416
UP30_SCORE60_NIKKEION_TP4.0_SL1.0_H1,VALIDATION,2023-10-31,8354.T,LOSS,-2.778247518823007,1,6.990528763368678,False,0.7896743702185294,20.80181074330227,1.9845406507217331,0.061751516195736,1.2017489922798388,2.7519515941115085,1.8450726385902343,64.8150694647926
UP30_SCORE60_NIKKEION_TP4.0_SL1.0_H1,VALIDATION,2023-12-06,9501.T,HOLD,10.44913294797688,1,1.1578272175565565,False,0.4150857548883557,12.53495466131979,3.919503623521159,0.0978182408120953,2.777650370355735,2.9865125240847794,3.8960955408717135,65.11804068639108
UP30_SCORE60_NIKKEION_TP4.0_SL1.0_H1,VALIDATION,2024-03-08,8331.T,WIN,10.194336414833705,1,5.405307907021086,False,2.693774385595749,36.25104127848698,0.9972018532308002,0.0155313857543469,1.357289321773241,2.573584103708426,1.6865697218534337,73.6374923996679
UP30_SCORE60_NIKKEION_TP4.0_SL1.0_H1,VALIDATION,2024-03-11,8309.T,WIN,9.7796709059245,1,5.456514832612866,False,1.8033243234927052,38.94777737859525,-2.829621941040217,0.0670779999091881,1.2557221617814778,2.469917726481123,1.5724905472866024,64.63927772022649
UP30_SCORE60_NIKKEION_TP4.0_SL1.0_H1,VALIDATION,2024-03-13,9502.T,WIN,9.352818067430947,1,0.3284805989638264,False,-0.3949155550553529,9.336203923379715,-0.4163332885228521,0.0416315849555858,1.3713123246439942,2.363204516857735,1.5435690298745686,53.35620076050401
UP30_SCORE60_NIKKEION_TP4.0_SL1.0_H1,VALIDATION,2024-03-14,8750.T,WIN,9.83825761176641,1,6.723172643826112,False,3.0553242124834457,28.73657296378135,-2.003808894791248,0.0074324154293817,0.7894672961852629,2.4845644029416025,0.7682347991053303,65.40246304310125
UP30_SCORE60_NIKKEION_TP4.0_SL1.0_H1,VALIDATION,2024-03-18,3289.T,WIN,10.456607692483834,1,3.1788561124538144,False,1.0067788984315262,36.8627274994429,2.9795236379785983,0.0993729974623696,1.2184818060410647,2.6391519231209566,1.515077338343676,70.79072631991961
UP30_SCORE60_NIKKEION_TP4.0_SL1.0_H1,VALIDATION,2024-03-19,8801.T,HOLD,8.495777150300976,1,9.773150047748146,False,2.115825121948145,32.446154882604525,5.3761017561049895,0.122181980734735,1.510534167150447,2.8278956009457774,2.033014039373544,75.61957057625732
UP30_SCORE60_NIKKEION_TP4.0_SL1.0_H1,VALIDATION,2024-04-10,6762.T,HOLD,4.404569372984535,1,1.7483349542660995,False,-0.7984789682288995,17.61370277586641,-1.2453024400790658,0.0196837125091595,0.8644640211555924,2.5918242589761054,0.6724433305554953,53.10534978918167
UP30_SCORE60_NIKKEION_TP4.0_SL1.0_H1,VALIDATION,2024-04-24,8306.T,HOLD,7.140239660000736,1,5.791235339906379,False,0.4467188060413019,17.604649912322607,0.4799929191379393,0.0388005802676905,0.8113443422931543,2.263652438436166,0.8313150105569843,58.02624765264058
UP30_SCORE20_NIKKEION_TP4.0_SL1.0_H1,VALIDATION,2022-05-13,2501.T,LOSS,-2.2852357779900023,1,5.944871187551252,False,3.400604512726435,38.685878809615936,-0.3244343527760707,0.0267817779012543,1.333862563100472,2.2340551504373973,1.455429821541605,78.64119875658174
UP30_SCORE20_NIKKEION_TP4.0_SL1.0_H1,VALIDATION,2022-05-16,6301.T,LOSS,-3.1632717938697374,1,5.068992986471936,False,0.7836985691567211,15.798331855947607,-3.900932073936836,-0.0024932155918815,0.6914859348369753,3.1600734319770694,0.6245396225466924,57.77345937599581
UP30_SCORE20_NIKKEION_TP4.0_SL1.0_H1,VALIDATION,2022-05-17,5020.T,LOSS,-2.4595859520750274,1,1.760630250605687,False,1.405987367477768,19.07032630053753,3.1570597639297704,0.0728946497185125,1.0614395952093003,2.4166078924213226,1.7550698443476471,75.02798470985627
UP30_SCORE20_NIKKEION_TP4.0_SL1.0_H1,VALIDATION,2022-05-19,2501.T,LOSS,-2.3502619316515982,1,7.467256675485255,False,3.2599036571882234,37.80008010592002,-2.81183741478237,-0.0535223213251143,0.665694627967376,2.302064410728333,0.5957733125363183,64.63334214326557
UP30_SCORE20_NIKKEION_TP4.0_SL1.0_H1,VALIDATION,2022-06-10,5803.T,HOLD,8.026663916998123,1,18.524807642590567,False,6.702168884496307,43.39822829433884,-2.2248190983177096,0.0388881292514335,1.243466362599772,3.4588471392703823,1.0810864397269426,71.89716109124154
UP30_SCORE20_NIKKEION_TP4.0_SL1.0_H1,VALIDATION,2022-06-24,7211.T,HOLD,11.175615019526564,1,20.002268211229577,False,4.349113502823965,42.1196056280957,-8.606548698090188,0.0025616573777389,1.480431990860245,4.339395390652548,1.9367317893950209,57.01585206707608
UP30_SCORE20_NIKKEION_TP4.0_SL1.0_H1,VALIDATION,2022-06-27,2501.T,WIN,8.337913878233072,1,9.820015702889275,False,1.5644775018713195,43.76912496196353,0.2368803875811176,0.0039577750676822,1.6676743248690045,2.109478469558268,1.781581355293611,70.83940742006217
UP30_SCORE20_NIKKEION_TP4.0_SL1.0_H1,VALIDATION,2022-06-28,9501.T,HOLD,5.172727272727274,1,9.046096065256291,False,-0.1853194746595843,20.191556948575037,4.166666666666674,0.1471293143668663,2.302757482523177,3.818181818181817,2.373206083583625,67.66977151936806
UP30_SCORE20_NIKKEION_TP4.0_SL1.0_H1,VALIDATION,2022-06-29,9501.T,LOSS,-3.9572251007484183,1,8.88196224656258,False,0.6706528765352271,22.37396857143523,5.272727272727273,0.204249264353729,2.005658483470548,3.857225100748418,2.7880650383729697,72.51589607440937
UP30_SCORE20_NIKKEION_TP4.0_SL1.0_H1,VALIDATION,2022-06-30,9501.T,HOLD,2.016402116402116,1,8.69955156950672,False,1.466418212752152,24.51597202150592,-2.072538860103623,0.19025697032202,1.2002946002712256,4.115226337448563,2.0613896712206934,67.97537846674064
UP30_SCORE20_NIKKEION_TP4.0_SL1.0_H1,VALIDATION,2022-07-05,4062.T,LOSS,-3.987896828342774,1,-16.023467572511947,False,-3.9908290197190777,31.27442607622558,-20.44492808063817,-0.0238116942689609,0.804773233059627,4.04516881853989,0.6941700177067303,32.91560534656679
UP30_SCORE20_NIKKEION_TP4.0_SL1.0_H1,VALIDATION,2022-07-06,8802.T,LOSS,-2.4695165613517034,1,4.338542783129849,False,0.0396483235099331,14.52421361719226,-6.290094633502264,-0.0368998409685302,0.9555228627048876,2.4270253284577175,0.7764356411732268,42.7989646471958
UP30_SCORE20_NIKKEION_TP4.0_SL1.0_H1,VALIDATION,2022-07-07,8804.T,LOSS,-2.3564891360168927,1,0.0265934630896393,False,1.8073914631535404,23.4174748041781,0.84344269467298,0.019848201568192,1.172779728039382,2.308582038921199,1.0809252854327047,66.07021427242472
UP30_SCORE20_NIKKEION_TP4.0_SL1.0_H1,VALIDATION,2022-07-08,8804.T,LOSS,-2.3442071763351224,1,0.4282553834964402,False,2.048754876514192,24.50874722643819,0.8886574055018581,0.0080089640833866,1.4952237669705812,2.2957280704411014,1.4730094105462403,67.7674063851828
UP30_SCORE20_NIKKEION_TP4.0_SL1.0_H1,VALIDATION,2022-08-26,3402.T,WIN,7.4033022680537135,1,4.715826557188758,False,1.3227068499944927,23.326868980224702,2.1349419667568537,0.0451499048489812,2.120364579714173,1.87582556701343,1.8661862363859685,71.48351885781872
UP30_SCORE20_NIKKEION_TP4.0_SL1.0_H1,VALIDATION,2022-09-08,6963.T,WIN,10.483042605336978,1,3.389358493787343,False,1.450911551849754,17.181027533475167,1.1029514224850656,0.0575267132257677,1.5761652398423698,2.645760651334246,1.9134264834457844,63.69425087590122
UP30_SCORE20_NIKKEION_TP4.0_SL1.0_H1,VALIDATION,2022-09-09,8233.T,WIN,8.075196109081217,1,7.105545004350923,False,2.419994828977501,47.07602457680796,1.4067191098883436,0.0424264355421359,1.5726287733935918,2.043799027270306,2.0167180592190808,84.96763309537195
UP30_SCORE20_NIKKEION_TP4.0_SL1.0_H1,VALIDATION,2022-09-12,3099.T,HOLD,8.589121662137844,1,0.7190452600000207,False,2.762599012130851,32.50220295696049,4.701928889725493,0.0900232111163203,1.2789892584444156,2.54233766046678,1.6376233727228475,80.32291358388707
UP30_SCORE20_NIKKEION_TP4.0_SL1.0_H1,VALIDATION,2022-09-13,6762.T,HOLD,4.55946891217528,1,9.463813495840416,False,1.1505973027165384,23.741570665434217,3.5363485256876714,0.0267329113111032,1.529791393965503,2.3772466104535024,1.9478991951222084,70.83421513435317
UP30_SCORE20_NIKKEION_TP4.0_SL1.0_H1,VALIDATION,2022-09-14,6762.T,HOLD,8.90136156473954,1,9.479109815344067,False,1.1934819770905936,23.95264966470376,-3.605319642757554,0.0110704579108096,1.155304655862548,2.6442402550284143,1.5151809744067293,58.94862853932386
UP30_SCORE20_NIKKEION_TP4.0_SL1.0_H1,VALIDATION,2022-10-04,4502.T,WIN,6.521601945168077,1,0.1784752662705485,False,0.0923229281194926,12.91568892333423,1.3032940182379882,0.0434328521808546,1.4568342799069054,1.6554004862920173,1.980215777578708,61.542227510413
UP30_SCORE20_NIKKEION_TP4.0_SL1.0_H1,VALIDATION,2022-10-06,8031.T,LOSS,-2.2940204005170495,1,5.065407746825307,False,0.0837280115831173,18.889517197394643,1.2750327617096602,0.0227091221899091,0.809571229942505,2.243237488650074,0.8381690110706707,63.42700055474461
UP30_SCORE20_NIKKEION_TP4.0_SL1.0_H1,VALIDATION,2022-10-14,8252.T,LOSS,-2.4442579470050907,1,2.389445668348921,False,0.5022998885166441,13.699459371716976,1.0879489875212478,0.0305650495027016,1.5028310064366206,2.4005326238092,1.7893257501729267,61.433450449673664
UP30_SCORE20_NIKKEION_TP4.0_SL1.0_H1,VALIDATION,2022-10-17,9020.T,LOSS,-2.3816676285319693,1,6.136483812063122,False,2.379010135446391,30.3413445400842,0.5790447743810434,0.0552230149803631,0.6641383234980005,2.3349432733444404,0.7780152141950449,67.39867832806928
UP30_SCORE20_NIKKEION_TP4.0_SL1.0_H1,VALIDATION,2022-12-09,1605.T,WIN,8.808198355718522,1,1.3832846364679428,False,-0.8940106944303805,17.745321578699027,-9.241547871791555,-0.0531960665596382,1.3205778711055436,2.2270495889296305,1.3881681707997269,34.26191314652557
UP30_SCORE20_NIKKEION_TP4.0_SL1.0_H1,VALIDATION,2022-12-12,7453.T,HOLD,5.168993152993251,1,7.785745537710707,False,0.6688510049293495,23.26400560168437,2.5965432538196165,0.0730793230628874,1.71096128417233,2.3300665706892305,1.800916419691897,67.18226053707386
UP30_SCORE20_NIKKEION_TP4.0_SL1.0_H1,VALIDATION,2022-12-14,4183.T,WIN,7.405831632360161,1,4.047842666128099,False,1.735151101832666,33.47960405091145,1.4353983141801807,0.0171772644233658,1.467974580070142,1.8764579080900419,1.530005084442979,66.28826055987322
UP30_SCORE20_NIKKEION_TP4.0_SL1.0_H1,VALIDATION,2022-12-15,5803.T,HOLD,7.095558669756919,1,12.463364993046987,False,4.045411099573748,27.54188408217238,1.6710683760046807,0.0610497321030985,1.23869204673954,3.026494906484123,1.3570608199661895,66.5231637345376
UP30_SCORE20_NIKKEION_TP4.0_SL1.0_H1,VALIDATION,2023-01-04,8306.T,LOSS,-2.5587527687580547,1,9.942721833814636,False,4.004071511887508,53.97241962566525,3.140323074040752,0.0772790598147473,1.5402472630176538,2.5207313198785037,1.7562880669658096,80.2377668052138
UP30_SCORE20_NIKKEION_TP4.0_SL1.0_H1,VALIDATION,2023-01-10,8306.T,LOSS,-2.6428098648574094,1,11.168476859444912,False,3.7567415977903806,53.3374668171745,-3.552148419021073,0.0102480136578335,0.6960690082106086,2.6091557342575955,0.7399519584810441,67.124779054125
UP30_SCORE20_NIKKEION_TP4.0_SL1.0_H1,VALIDATION,2023-01-11,3382.T,LOSS,-1.7895410481692742,1,-0.342018630134584,True,0.0643002033458461,11.064368921038149,0.1567953069600225,0.002254167969536,1.330397347716364,1.7185771139539858,1.7491209180835523,59.8589561169827
UP30_SCORE20_NIKKEION_TP4.0_SL1.0_H1,VALIDATION,2023-01-12,8795.T,LOSS,-2.7453695800282008,1,13.347418043336852,False,3.631370741500861,41.89053345181456,1.373349552942793,-0.0147676883364578,1.2388590074410453,2.7172509089875936,1.5983048518463,71.32842362367616
UP30_SCORE20_NIKKEION_TP4.0_SL1.0_H1,VALIDATION,2023-01-13,9101.T,LOSS,-2.8212090004889,1,8.432275775259813,False,0.0226082431078467,23.78444107266994,-5.357685487463915,0.0504641355467856,0.8072282660539424,2.7973302017112607,0.6535182892279281,51.06914415189403
UP30_SCORE20_NIKKEION_TP4.0_SL1.0_H1,VALIDATION,2023-01-17,8304.T,LOSS,-1.9467528617879926,1,1.5180680908893067,False,1.0887323265154736,29.739522415801503,-3.353980520298649,0.0273378625270058,0.7193841847445767,1.8814995077926906,0.7796521901805284,56.275925104326
UP30_SCORE20_NIKKEION_TP4.0_SL1.0_H1,VALIDATION,2023-02-24,9107.T,WIN,11.605946284777014,1,9.446404148371524,False,4.09844994706916,43.4164883645031,1.0370470060754755,0.0191426801055223,1.190554996700955,2.9264865711942534,1.0778453082226491,71.89668183793219
UP30_SCORE20_NIKKEION_TP4.0_SL1.0_H1,VALIDATION,2023-03-01,5406.T,WIN,11.168328716414832,1,14.91716099759614,False,6.888477232737333,54.04595324073036,3.2292749761118733,0.0651599338858062,1.252977261833042,2.8170821791037097,1.4760421644722026,84.29291427976493
UP30_SCORE20_NIKKEION_TP4.0_SL1.0_H1,VALIDATION,2023-03-02,7532.T,HOLD,3.8475946283756834,1,2.311749896743116,False,1.110301730656027,23.028168592738364,-2.3219991254686434,0.0040066512595293,1.2480259842078736,2.4894896230590753,1.209647434940606,58.48457558086351
UP30_SCORE20_NIKKEION_TP4.0_SL1.0_H1,VALIDATION,2023-03-10,7532.T,HOLD,2.5956173520402026,1,3.57934608370132,False,1.880228685350693,28.13455632423358,-2.921340206282974,0.0131222127276182,1.491419817093107,2.5463457920216275,1.7096566069760155,58.657926704217566
UP30_SCORE20_NIKKEION_TP4.0_SL1.0_H1,VALIDATION,2023-03-22,9432.T,WIN,5.064884984967611,1,2.9886769743890587,False,0.7353999834895264,15.681016052641414,0.4470819300953277,0.0202850673358965,1.1697412593408478,1.2912212462419026,1.3366632783126184,63.96297916656753
UP30_SCORE20_NIKKEION_TP4.0_SL1.0_H1,VALIDATION,2023-03-23,2282.T,WIN,5.308156466981318,1,1.7935028429780078,False,0.8430250161032271,22.46676756670302,2.213557995259552,0.0245550521425392,1.4819834848611226,1.3520391167453294,1.6059746686702747,66.90274959696077
UP30_SCORE20_NIKKEION_TP4.0_SL1.0_H1,VALIDATION,2023-03-24,6723.T,HOLD,2.5769774427449987,1,21.077810898210828,False,2.4896742800021965,43.31982897965375,-4.3964883172957325,-0.0202395987154747,1.1259718314548754,3.1405859161334573,1.0754052744686402,57.82603205917243
UP30_SCORE20_NIKKEION_TP4.0_SL1.0_H1,VALIDATION,2023-03-27,6361.T,HOLD,6.739283324087009,1,8.015432590568775,False,0.7256587766140354,32.560408763507056,0.3372783188205552,0.0885154918963881,0.9994858611825193,2.521615739209733,1.401131572308912,62.16034027957021
UP30_SCORE20_NIKKEION_TP4.0_SL1.0_H1,VALIDATION,2023-03-28,5406.T,WIN,14.893240252881357,1,27.71121179146026,False,3.418661545644519,47.33339839088339,-9.545051328617529,-0.0041982856109186,0.8995679943658907,3.748310063220339,0.4577978948027875,58.09078371530008
UP30_SCORE20_NIKKEION_TP4.0_SL1.0_H1,VALIDATION,2023-03-29,6501.T,HOLD,5.231834133933145,1,1.0988968003756614,False,0.0979342932952764,16.39183530118584,0.7640034424433395,0.040399658979535,1.4440823297722165,2.0827135864235418,1.320943838763867,62.83061669805912
UP30_SCORE20_NIKKEION_TP4.0_SL1.0_H1,VALIDATION,2023-05-02,4062.T,HOLD,1.0139579242476215,1,4.013966551592089,False,1.802827796504003,20.67844708573587,9.00735727262434,0.1648387926054175,2.2486169616892635,3.1848252355601923,4.576523959366289,74.71698370331268
UP30_SCORE20_NIKKEION_TP4.0_SL1.0_H1,VALIDATION,2023-05-08,4062.T,HOLD,5.527817301031235,1,4.5676056091174,False,2.5347224805395863,23.10031811179641,-1.0118074056056026,0.1743182992262808,0.7399843511094202,3.210063097006962,1.5313197485061518,71.9754167058368
UP30_SCORE20_NIKKEION_TP4.0_SL1.0_H1,VALIDATION,2023-06-23,9432.T,WIN,5.924094680342463,1,1.1363365080353516,False,-0.2749633970042797,11.371284216097926,-0.4109173678928934,0.0364913154366119,1.114048707553409,1.5060236700856175,1.0082536774631734,53.32269300141883
UP30_SCORE20_NIKKEION_TP4.0_SL1.0_H1,VALIDATION,2023-07-14,3697.T,HOLD,2.6352689429760656,1,4.414202111466844,False,0.9825434478655692,14.066035777668535,11.423477609773958,0.2445951797241883,3.1735855666491504,3.664836270819342,5.869603952377096,73.90035206959334
UP30_SCORE20_NIKKEION_TP4.0_SL1.0_H1,VALIDATION,2023-07-18,3697.T,HOLD,3.523970101615148,1,4.9953295049275175,False,2.044955701868667,17.111553296105495,2.299582343674889,0.2528169654791361,1.6606525716609066,3.758092130501045,3.6132920490987503,75.56989565836771
UP30_SCORE20_NIKKEION_TP4.0_SL1.0_H1,VALIDATION,2023-07-19,3697.T,TIMEOUT_LOSS,-2.2265375704661805,1,5.567456335180463,False,3.178951129004992,20.179742269010724,3.184516937369808,0.2654910535496504,1.1688741037667625,3.7680333712417116,2.7744672503003995,77.74209892609204
UP30_SCORE20_NIKKEION_TP4.0_SL1.0_H1,VALIDATION,2023-07-20,9107.T,WIN,14.006070099017409,1,7.365756579489273,False,4.617551222256289,40.456823312574784,0.6164097608000185,0.0938839039136021,1.2425910903490696,3.5265175247543543,1.297700012415697,75.59799884044793
UP30_SCORE20_NIKKEION_TP4.0_SL1.0_H1,VALIDATION,2023-07-24,8304.T,WIN,4.646462184734912,1,5.965186154094392,False,1.4953254814182193,46.50894890976158,-0.1436610728448251,0.0052203232234606,0.9984152139461172,1.186615546183726,0.9270053085895136,73.84824848778555
UP30_SCORE20_NIKKEION_TP4.0_SL1.0_H1,VALIDATION,2023-07-25,9107.T,WIN,13.424120072605417,1,9.426236891350596,False,5.728474038906661,43.95468824272265,0.4712471779455551,0.0685211820160593,0.7454517534288647,3.381030018151354,0.7193571847781792,73.09781851674379
UP30_SCORE20_NIKKEION_TP4.0_SL1.0_H1,VALIDATION,2023-07-27,3697.T,TIMEOUT_LOSS,-0.7186061325326508,1,6.924157184283334,False,3.259052026362852,29.05887576099701,-1.0892575373501412,0.002571187096052,0.7087931439305001,3.531479074970112,0.5298027773512055,71.0424364651647
UP30_SCORE20_NIKKEION_TP4.0_SL1.0_H1,VALIDATION,2023-08-02,2871.T,WIN,6.0627349642954025,1,3.8189108712657336,False,0.7242951919965934,34.654865155400365,-0.3352535094952369,0.0165360395766838,1.8527815891231132,1.5406837410738485,2.5689084895259096,68.58018561012706
UP30_SCORE20_NIKKEION_TP4.0_SL1.0_H1,VALIDATION,2023-08-10,1605.T,HOLD,6.879169240044492,1,11.164981718369583,False,3.493592257604239,52.83446425483549,12.463460383201651,0.1554229117371919,2.79979946927813,2.9283910300581084,4.34619726101322,79.77015775754742
UP30_SCORE20_NIKKEION_TP4.0_SL1.0_H1,VALIDATION,2023-08-23,7261.T,WIN,10.508662911097277,1,5.953331285872705,False,1.9455717693589447,12.708498948693068,1.9993264348709736,0.0386591443652704,1.6638416589958922,2.652165727774321,1.5720263859369508,64.21075613369555
UP30_SCORE20_NIKKEION_TP4.0_SL1.0_H1,VALIDATION,2023-08-24,4062.T,LOSS,-3.593088741091144,1,6.80922560641553,False,-0.1925287628427585,15.369284537342974,1.0315239770017692,0.0820505230531885,2.3957283900866413,3.493088741091155,2.2102836747592667,63.32774287075412
UP30_SCORE20_NIKKEION_TP4.0_SL1.0_H1,VALIDATION,2023-08-25,3405.T,WIN,8.751136359044375,1,5.563676524694812,False,3.2152690771133585,33.8857711933423,0.5009277123760647,0.0383852602473304,1.6114387669128216,2.2127840897610955,1.4383193507789016,74.62114188384804
UP30_SCORE20_NIKKEION_TP4.0_SL1.0_H1,VALIDATION,2023-08-28,6113.T,WIN,8.383439084083,1,2.0495189820741966,False,1.2136642361419758,13.1843960890482,2.1775693976564536,0.045055261327477,1.8592336349121876,2.1208597710207515,1.5424862573680376,68.72876119221075
UP30_SCORE20_NIKKEION_TP4.0_SL1.0_H1,VALIDATION,2023-09-21,9501.T,HOLD,2.430923944535668,1,12.439084434745476,False,3.3705390033044846,55.35845466158926,3.1764129913268717,0.1079233947128065,1.2387773526238668,2.8613704298891873,1.684289366876984,77.03312199329181
UP30_SCORE20_NIKKEION_TP4.0_SL1.0_H1,VALIDATION,2023-09-25,9501.T,TIMEOUT_LOSS,-0.11415884285430603,1,12.88310819699138,False,3.374417007853281,58.02956451732003,-2.0940197056126486,0.0391210454202126,0.8268094745310657,2.9745042492917833,0.8797495788732139,69.48561231535493
UP30_SCORE20_NIKKEION_TP4.0_SL1.0_H1,VALIDATION,2023-09-26,8795.T,LOSS,-2.598671049358936,1,8.073776484220787,False,2.6441221533526127,40.65925639038708,0.3276185569456968,0.031178315543677,1.4798864527695812,2.562704607466282,1.5836332714471573,67.81712545659161
UP30_SCORE20_NIKKEION_TP4.0_SL1.0_H1,VALIDATION,2023-09-27,8697.T,LOSS,-2.075594545046533,1,3.3470779308842338,False,1.4497709058478805,32.77614038546648,3.4413909652475594,0.0834387115714591,1.6005725384357377,2.015410892703044,2.222029709001226,79.38085439124544
UP30_SCORE20_NIKKEION_TP4.0_SL1.0_H1,VALIDATION,2023-09-28,7211.T,LOSS,-2.7868180437806034,1,9.117007954978993,False,3.450040277711963,39.29149553083054,1.8863381236379428,0.0571909307090926,1.5897506486632105,2.7610011200634483,2.021996336198152,71.69805481165484
UP30_SCORE20_NIKKEION_TP4.0_SL1.0_H1,VALIDATION,2023-09-29,4519.T,LOSS,-2.446928996996245,1,5.059909895761967,False,0.93704686797198,28.12251682599573,0.1516356839443844,0.1048133624170686,1.5080802597375482,2.4033335284704487,2.628650714220726,65.25518100416157
UP30_SCORE20_NIKKEION_TP4.0_SL1.0_H1,VALIDATION,2023-10-05,2269.T,LOSS,-1.5982093299072075,1,5.667624576179167,False,0.1451186230179368,24.34501268351313,-1.262131078753559,0.0233988642222333,1.0088775203129705,1.5209970496121126,1.013320955136232,57.58098723507021
UP30_SCORE20_NIKKEION_TP4.0_SL1.0_H1,VALIDATION,2023-10-10,9107.T,LOSS,-3.625029196249774,1,15.933972418178186,False,1.9657485360281115,32.90204777315115,5.531622163232508,0.1134071461102983,1.3518507547182232,3.653827689070136,1.4354720499868414,67.38977612445666
UP30_SCORE20_NIKKEION_TP4.0_SL1.0_H1,VALIDATION,2023-10-11,9107.T,LOSS,-4.01935664188624,1,15.362860239972823,False,1.817783356617397,33.364067410548024,-6.101345299331939,0.0227167095357356,1.0926120652724227,4.079236467305844,1.229057736320596,55.98673825518541
UP30_SCORE20_NIKKEION_TP4.0_SL1.0_H1,VALIDATION,2023-10-18,7453.T,LOSS,-3.169829452539341,1,4.136507868839604,False,0.1223158978307381,22.63425020648197,3.166167693874544,0.1318619295282879,0.9600826348913224,3.16705256495576,1.773623917931742,67.49018008188494
UP30_SCORE20_NIKKEION_TP4.0_SL1.0_H1,VALIDATION,2023-10-20,6146.T,LOSS,-4.184819502409342,1,4.86039981790385,False,1.3515102489323416,14.912070979595237,-8.256885924341816,-0.0165392411775153,2.06778634855144,4.258783105258246,2.6872402350224203,49.996886216467445
UP30_SCORE20_NIKKEION_TP4.0_SL1.0_H1,VALIDATION,2023-10-23,6146.T,LOSS,-4.133144432597879,1,4.817619835452092,False,1.439467587139709,13.874446729497864,-6.37287494688662,0.0082183644223207,1.3655025933265694,4.202643098757367,1.9839982365684723,53.13269282156323
UP30_SCORE20_NIKKEION_TP4.0_SL1.0_H1,VALIDATION,2023-10-24,6762.T,LOSS,-2.51643032389427,1,4.1604519363736845,False,0.9948155952706816,17.151550373912308,-2.38955240864851,0.0110094748032077,1.2599746640825475,2.476267605207279,0.982404599244012,56.23701851890526
UP30_SCORE20_NIKKEION_TP4.0_SL1.0_H1,VALIDATION,2023-10-25,8354.T,LOSS,-2.629245405764913,1,7.543562389122455,False,0.2248247343790588,20.147436021905254,0.3421078714360925,0.0275245695155686,1.2498093252656737,2.594876192652884,1.1612895605596203,59.73818591868691
UP30_SCORE20_NIKKEION_TP4.0_SL1.0_H1,VALIDATION,2023-10-27,7453.T,LOSS,-2.9619415088255385,1,2.219489345986285,False,0.8191807321748623,23.100694441319646,1.448541445823448,0.0410464872483673,1.0020694881660257,2.9462617981865042,0.7730977542858364,65.26072739948032
UP30_SCORE20_NIKKEION_TP4.0_SL1.0_H1,VALIDATION,2023-10-30,8354.T,LOSS,-2.7488412271219786,1,6.961966882938133,False,0.4635109606138554,20.183945473791084,-1.572169017049041,0.0235651555938773,2.242165378893315,2.7209139167020906,3.041452154524692,57.710746195913416
UP30_SCORE20_NIKKEION_TP4.0_SL1.0_H1,VALIDATION,2023-10-31,8354.T,LOSS,-2.778247518823007,1,6.990528763368678,False,0.7896743702185294,20.80181074330227,1.9845406507217331,0.061751516195736,1.2017489922798388,2.7519515941115085,1.8450726385902343,64.8150694647926
UP30_SCORE20_NIKKEION_TP4.0_SL1.0_H1,VALIDATION,2023-12-06,9501.T,HOLD,10.44913294797688,1,1.1578272175565565,False,0.4150857548883557,12.53495466131979,3.919503623521159,0.0978182408120953,2.777650370355735,2.9865125240847794,3.8960955408717135,65.11804068639108
UP30_SCORE20_NIKKEION_TP4.0_SL1.0_H1,VALIDATION,2023-12-12,9434.T,WIN,3.8564981738389625,1,3.666793621977835,False,1.29191483774298,40.13151817494092,-0.6322107278257882,0.0034921505240095,0.6726550999333534,0.9891245434597407,0.7436676511251774,69.58475793091037
UP30_SCORE20_NIKKEION_TP4.0_SL1.0_H1,VALIDATION,2023-12-20,4751.T,HOLD,4.377563165800658,1,3.2796344993330924,False,0.5968344014660953,15.889307443901632,-6.580945769099788,0.0432022766255002,0.7191332989209253,3.1244795018202653,0.4118260002949004,56.27814074644787
UP30_SCORE20_NIKKEION_TP4.0_SL1.0_H1,VALIDATION,2024-03-08,8331.T,WIN,10.194336414833705,1,5.405307907021086,False,2.693774385595749,36.25104127848698,0.9972018532308002,0.0155313857543469,1.357289321773241,2.573584103708426,1.6865697218534337,73.6374923996679
UP30_SCORE20_NIKKEION_TP4.0_SL1.0_H1,VALIDATION,2024-03-11,8309.T,WIN,9.7796709059245,1,5.456514832612866,False,1.8033243234927052,38.94777737859525,-2.829621941040217,0.0670779999091881,1.2557221617814778,2.469917726481123,1.5724905472866024,64.63927772022649
UP30_SCORE20_NIKKEION_TP4.0_SL1.0_H1,VALIDATION,2024-03-13,9502.T,WIN,9.352818067430947,1,0.3284805989638264,False,-0.3949155550553529,9.336203923379715,-0.4163332885228521,0.0416315849555858,1.3713123246439942,2.363204516857735,1.5435690298745686,53.35620076050401
UP30_SCORE20_NIKKEION_TP4.0_SL1.0_H1,VALIDATION,2024-03-14,8750.T,WIN,9.83825761176641,1,6.723172643826112,False,3.0553242124834457,28.73657296378135,-2.003808894791248,0.0074324154293817,0.7894672961852629,2.4845644029416025,0.7682347991053303,65.40246304310125
UP30_SCORE20_NIKKEION_TP4.0_SL1.0_H1,VALIDATION,2024-03-18,3289.T,WIN,10.456607692483834,1,3.1788561124538144,False,1.0067788984315262,36.8627274994429,2.9795236379785983,0.0993729974623696,1.2184818060410647,2.6391519231209566,1.515077338343676,70.79072631991961
UP30_SCORE20_NIKKEION_TP4.0_SL1.0_H1,VALIDATION,2024-03-19,8801.T,HOLD,8.495777150300976,1,9.773150047748146,False,2.115825121948145,32.446154882604525,5.3761017561049895,0.122181980734735,1.510534167150447,2.8278956009457774,2.033014039373544,75.61957057625732
UP30_SCORE20_NIKKEION_TP4.0_SL1.0_H1,VALIDATION,2024-04-09,2802.T,HOLD,2.084859200252953,1,-2.0396650901238145,True,0.1140152048729081,11.84818662713996,-0.1054377642351167,0.0248691679840129,0.9442094751373102,2.069009730016713,0.7392609115577428,57.09474121995388
UP30_SCORE20_NIKKEION_TP4.0_SL1.0_H1,VALIDATION,2024-04-10,6762.T,HOLD,4.404569372984535,1,1.7483349542660995,False,-0.7984789682288995,17.61370277586641,-1.2453024400790658,0.0196837125091595,0.8644640211555924,2.5918242589761054,0.6724433305554953,53.10534978918167
UP30_SCORE20_NIKKEION_TP4.0_SL1.0_H1,VALIDATION,2024-04-24,8306.T,HOLD,7.140239660000736,1,5.791235339906379,False,0.4467188060413019,17.604649912322607,0.4799929191379393,0.0388005802676905,0.8113443422931543,2.263652438436166,0.8313150105569843,58.02624765264058
UP30_SCORE20_NIKKEION_TP4.0_SL1.0_H1,VALIDATION,2024-04-26,6506.T,HOLD,7.5832116635503715,1,4.608123466613713,False,-0.2466751805144218,15.375926432937815,-3.6363626563306606,0.0401719323174898,0.7309661134065686,3.3302363521135803,0.5926472185540254,52.826725832596445
UP25_SCORE20_NIKKEION_TP4.0_SL1.0_H1,VALIDATION,2022-05-13,2501.T,LOSS,-2.2852357779900023,1,5.944871187551252,False,3.400604512726435,38.685878809615936,-0.3244343527760707,0.0267817779012543,1.333862563100472,2.2340551504373973,1.455429821541605,78.64119875658174
UP25_SCORE20_NIKKEION_TP4.0_SL1.0_H1,VALIDATION,2022-05-16,6301.T,LOSS,-3.1632717938697374,1,5.068992986471936,False,0.7836985691567211,15.798331855947607,-3.900932073936836,-0.0024932155918815,0.6914859348369753,3.1600734319770694,0.6245396225466924,57.77345937599581
UP25_SCORE20_NIKKEION_TP4.0_SL1.0_H1,VALIDATION,2022-05-17,5020.T,LOSS,-2.4595859520750274,1,1.760630250605687,False,1.405987367477768,19.07032630053753,3.1570597639297704,0.0728946497185125,1.0614395952093003,2.4166078924213226,1.7550698443476471,75.02798470985627
UP25_SCORE20_NIKKEION_TP4.0_SL1.0_H1,VALIDATION,2022-05-19,2501.T,LOSS,-2.3502619316515982,1,7.467256675485255,False,3.2599036571882234,37.80008010592002,-2.81183741478237,-0.0535223213251143,0.665694627967376,2.302064410728333,0.5957733125363183,64.63334214326557
UP25_SCORE20_NIKKEION_TP4.0_SL1.0_H1,VALIDATION,2022-06-10,5803.T,HOLD,8.026663916998123,1,18.524807642590567,False,6.702168884496307,43.39822829433884,-2.2248190983177096,0.0388881292514335,1.243466362599772,3.4588471392703823,1.0810864397269426,71.89716109124154
UP25_SCORE20_NIKKEION_TP4.0_SL1.0_H1,VALIDATION,2022-06-24,7211.T,HOLD,11.175615019526564,1,20.002268211229577,False,4.349113502823965,42.1196056280957,-8.606548698090188,0.0025616573777389,1.480431990860245,4.339395390652548,1.9367317893950209,57.01585206707608
UP25_SCORE20_NIKKEION_TP4.0_SL1.0_H1,VALIDATION,2022-06-27,2501.T,WIN,8.337913878233072,1,9.820015702889275,False,1.5644775018713195,43.76912496196353,0.2368803875811176,0.0039577750676822,1.6676743248690045,2.109478469558268,1.781581355293611,70.83940742006217
UP25_SCORE20_NIKKEION_TP4.0_SL1.0_H1,VALIDATION,2022-06-28,9501.T,HOLD,5.172727272727274,1,9.046096065256291,False,-0.1853194746595843,20.191556948575037,4.166666666666674,0.1471293143668663,2.302757482523177,3.818181818181817,2.373206083583625,67.66977151936806
UP25_SCORE20_NIKKEION_TP4.0_SL1.0_H1,VALIDATION,2022-06-29,9501.T,LOSS,-3.9572251007484183,1,8.88196224656258,False,0.6706528765352271,22.37396857143523,5.272727272727273,0.204249264353729,2.005658483470548,3.857225100748418,2.7880650383729697,72.51589607440937
UP25_SCORE20_NIKKEION_TP4.0_SL1.0_H1,VALIDATION,2022-06-30,9501.T,HOLD,2.016402116402116,1,8.69955156950672,False,1.466418212752152,24.51597202150592,-2.072538860103623,0.19025697032202,1.2002946002712256,4.115226337448563,2.0613896712206934,67.97537846674064
UP25_SCORE20_NIKKEION_TP4.0_SL1.0_H1,VALIDATION,2022-07-05,4062.T,LOSS,-3.987896828342774,1,-16.023467572511947,False,-3.9908290197190777,31.27442607622558,-20.44492808063817,-0.0238116942689609,0.804773233059627,4.04516881853989,0.6941700177067303,32.91560534656679
UP25_SCORE20_NIKKEION_TP4.0_SL1.0_H1,VALIDATION,2022-07-06,8802.T,LOSS,-2.4695165613517034,1,4.338542783129849,False,0.0396483235099331,14.52421361719226,-6.290094633502264,-0.0368998409685302,0.9555228627048876,2.4270253284577175,0.7764356411732268,42.7989646471958
UP25_SCORE20_NIKKEION_TP4.0_SL1.0_H1,VALIDATION,2022-07-07,8804.T,LOSS,-2.3564891360168927,1,0.0265934630896393,False,1.8073914631535404,23.4174748041781,0.84344269467298,0.019848201568192,1.172779728039382,2.308582038921199,1.0809252854327047,66.07021427242472
UP25_SCORE20_NIKKEION_TP4.0_SL1.0_H1,VALIDATION,2022-07-08,8804.T,LOSS,-2.3442071763351224,1,0.4282553834964402,False,2.048754876514192,24.50874722643819,0.8886574055018581,0.0080089640833866,1.4952237669705812,2.2957280704411014,1.4730094105462403,67.7674063851828
UP25_SCORE20_NIKKEION_TP4.0_SL1.0_H1,VALIDATION,2022-08-26,3402.T,WIN,7.4033022680537135,1,4.715826557188758,False,1.3227068499944927,23.326868980224702,2.1349419667568537,0.0451499048489812,2.120364579714173,1.87582556701343,1.8661862363859685,71.48351885781872
UP25_SCORE20_NIKKEION_TP4.0_SL1.0_H1,VALIDATION,2022-09-08,6963.T,WIN,10.483042605336978,1,3.389358493787343,False,1.450911551849754,17.181027533475167,1.1029514224850656,0.0575267132257677,1.5761652398423698,2.645760651334246,1.9134264834457844,63.69425087590122
UP25_SCORE20_NIKKEION_TP4.0_SL1.0_H1,VALIDATION,2022-09-09,8233.T,WIN,8.075196109081217,1,7.105545004350923,False,2.419994828977501,47.07602457680796,1.4067191098883436,0.0424264355421359,1.5726287733935918,2.043799027270306,2.0167180592190808,84.96763309537195
UP25_SCORE20_NIKKEION_TP4.0_SL1.0_H1,VALIDATION,2022-09-12,3099.T,HOLD,8.589121662137844,1,0.7190452600000207,False,2.762599012130851,32.50220295696049,4.701928889725493,0.0900232111163203,1.2789892584444156,2.54233766046678,1.6376233727228475,80.32291358388707
UP25_SCORE20_NIKKEION_TP4.0_SL1.0_H1,VALIDATION,2022-09-13,6762.T,HOLD,4.55946891217528,1,9.463813495840416,False,1.1505973027165384,23.741570665434217,3.5363485256876714,0.0267329113111032,1.529791393965503,2.3772466104535024,1.9478991951222084,70.83421513435317
UP25_SCORE20_NIKKEION_TP4.0_SL1.0_H1,VALIDATION,2022-09-14,6762.T,HOLD,8.90136156473954,1,9.479109815344067,False,1.1934819770905936,23.95264966470376,-3.605319642757554,0.0110704579108096,1.155304655862548,2.6442402550284143,1.5151809744067293,58.94862853932386
UP25_SCORE20_NIKKEION_TP4.0_SL1.0_H1,VALIDATION,2022-10-04,4502.T,WIN,6.521601945168077,1,0.1784752662705485,False,0.0923229281194926,12.91568892333423,1.3032940182379882,0.0434328521808546,1.4568342799069054,1.6554004862920173,1.980215777578708,61.542227510413
UP25_SCORE20_NIKKEION_TP4.0_SL1.0_H1,VALIDATION,2022-10-06,8031.T,LOSS,-2.2940204005170495,1,5.065407746825307,False,0.0837280115831173,18.889517197394643,1.2750327617096602,0.0227091221899091,0.809571229942505,2.243237488650074,0.8381690110706707,63.42700055474461
UP25_SCORE20_NIKKEION_TP4.0_SL1.0_H1,VALIDATION,2022-10-14,8252.T,LOSS,-2.4442579470050907,1,2.389445668348921,False,0.5022998885166441,13.699459371716976,1.0879489875212478,0.0305650495027016,1.5028310064366206,2.4005326238092,1.7893257501729267,61.433450449673664
UP25_SCORE20_NIKKEION_TP4.0_SL1.0_H1,VALIDATION,2022-10-17,9020.T,LOSS,-2.3816676285319693,1,6.136483812063122,False,2.379010135446391,30.3413445400842,0.5790447743810434,0.0552230149803631,0.6641383234980005,2.3349432733444404,0.7780152141950449,67.39867832806928
UP25_SCORE20_NIKKEION_TP4.0_SL1.0_H1,VALIDATION,2022-12-09,1605.T,WIN,8.808198355718522,1,1.3832846364679428,False,-0.8940106944303805,17.745321578699027,-9.241547871791555,-0.0531960665596382,1.3205778711055436,2.2270495889296305,1.3881681707997269,34.26191314652557
UP25_SCORE20_NIKKEION_TP4.0_SL1.0_H1,VALIDATION,2022-12-12,7453.T,HOLD,5.168993152993251,1,7.785745537710707,False,0.6688510049293495,23.26400560168437,2.5965432538196165,0.0730793230628874,1.71096128417233,2.3300665706892305,1.800916419691897,67.18226053707386
UP25_SCORE20_NIKKEION_TP4.0_SL1.0_H1,VALIDATION,2022-12-14,4183.T,WIN,7.405831632360161,1,4.047842666128099,False,1.735151101832666,33.47960405091145,1.4353983141801807,0.0171772644233658,1.467974580070142,1.8764579080900419,1.530005084442979,66.28826055987322
UP25_SCORE20_NIKKEION_TP4.0_SL1.0_H1,VALIDATION,2022-12-15,5803.T,HOLD,7.095558669756919,1,12.463364993046987,False,4.045411099573748,27.54188408217238,1.6710683760046807,0.0610497321030985,1.23869204673954,3.026494906484123,1.3570608199661895,66.5231637345376
UP25_SCORE20_NIKKEION_TP4.0_SL1.0_H1,VALIDATION,2023-01-04,8306.T,LOSS,-2.5587527687580547,1,9.942721833814636,False,4.004071511887508,53.97241962566525,3.140323074040752,0.0772790598147473,1.5402472630176538,2.5207313198785037,1.7562880669658096,80.2377668052138
UP25_SCORE20_NIKKEION_TP4.0_SL1.0_H1,VALIDATION,2023-01-10,8306.T,LOSS,-2.6428098648574094,1,11.168476859444912,False,3.7567415977903806,53.3374668171745,-3.552148419021073,0.0102480136578335,0.6960690082106086,2.6091557342575955,0.7399519584810441,67.124779054125
UP25_SCORE20_NIKKEION_TP4.0_SL1.0_H1,VALIDATION,2023-01-11,3382.T,LOSS,-1.7895410481692742,1,-0.342018630134584,True,0.0643002033458461,11.064368921038149,0.1567953069600225,0.002254167969536,1.330397347716364,1.7185771139539858,1.7491209180835523,59.8589561169827
UP25_SCORE20_NIKKEION_TP4.0_SL1.0_H1,VALIDATION,2023-01-12,8795.T,LOSS,-2.7453695800282008,1,13.347418043336852,False,3.631370741500861,41.89053345181456,1.373349552942793,-0.0147676883364578,1.2388590074410453,2.7172509089875936,1.5983048518463,71.32842362367616
UP25_SCORE20_NIKKEION_TP4.0_SL1.0_H1,VALIDATION,2023-01-13,9101.T,LOSS,-2.8212090004889,1,8.432275775259813,False,0.0226082431078467,23.78444107266994,-5.357685487463915,0.0504641355467856,0.8072282660539424,2.7973302017112607,0.6535182892279281,51.06914415189403
UP25_SCORE20_NIKKEION_TP4.0_SL1.0_H1,VALIDATION,2023-01-17,8304.T,LOSS,-1.9467528617879926,1,1.5180680908893067,False,1.0887323265154736,29.739522415801503,-3.353980520298649,0.0273378625270058,0.7193841847445767,1.8814995077926906,0.7796521901805284,56.275925104326
UP25_SCORE20_NIKKEION_TP4.0_SL1.0_H1,VALIDATION,2023-02-24,9107.T,WIN,11.605946284777014,1,9.446404148371524,False,4.09844994706916,43.4164883645031,1.0370470060754755,0.0191426801055223,1.190554996700955,2.9264865711942534,1.0778453082226491,71.89668183793219
UP25_SCORE20_NIKKEION_TP4.0_SL1.0_H1,VALIDATION,2023-03-01,5406.T,WIN,11.168328716414832,1,14.91716099759614,False,6.888477232737333,54.04595324073036,3.2292749761118733,0.0651599338858062,1.252977261833042,2.8170821791037097,1.4760421644722026,84.29291427976493
UP25_SCORE20_NIKKEION_TP4.0_SL1.0_H1,VALIDATION,2023-03-02,7532.T,HOLD,3.8475946283756834,1,2.311749896743116,False,1.110301730656027,23.028168592738364,-2.3219991254686434,0.0040066512595293,1.2480259842078736,2.4894896230590753,1.209647434940606,58.48457558086351
UP25_SCORE20_NIKKEION_TP4.0_SL1.0_H1,VALIDATION,2023-03-10,7532.T,HOLD,2.5956173520402026,1,3.57934608370132,False,1.880228685350693,28.13455632423358,-2.921340206282974,0.0131222127276182,1.491419817093107,2.5463457920216275,1.7096566069760155,58.657926704217566
UP25_SCORE20_NIKKEION_TP4.0_SL1.0_H1,VALIDATION,2023-03-22,9432.T,WIN,5.064884984967611,1,2.9886769743890587,False,0.7353999834895264,15.681016052641414,0.4470819300953277,0.0202850673358965,1.1697412593408478,1.2912212462419026,1.3366632783126184,63.96297916656753
UP25_SCORE20_NIKKEION_TP4.0_SL1.0_H1,VALIDATION,2023-03-23,2282.T,WIN,5.308156466981318,1,1.7935028429780078,False,0.8430250161032271,22.46676756670302,2.213557995259552,0.0245550521425392,1.4819834848611226,1.3520391167453294,1.6059746686702747,66.90274959696077
UP25_SCORE20_NIKKEION_TP4.0_SL1.0_H1,VALIDATION,2023-03-24,6723.T,HOLD,2.5769774427449987,1,21.077810898210828,False,2.4896742800021965,43.31982897965375,-4.3964883172957325,-0.0202395987154747,1.1259718314548754,3.1405859161334573,1.0754052744686402,57.82603205917243
UP25_SCORE20_NIKKEION_TP4.0_SL1.0_H1,VALIDATION,2023-03-27,6361.T,HOLD,6.739283324087009,1,8.015432590568775,False,0.7256587766140354,32.560408763507056,0.3372783188205552,0.0885154918963881,0.9994858611825193,2.521615739209733,1.401131572308912,62.16034027957021
UP25_SCORE20_NIKKEION_TP4.0_SL1.0_H1,VALIDATION,2023-03-28,5406.T,WIN,14.893240252881357,1,27.71121179146026,False,3.418661545644519,47.33339839088339,-9.545051328617529,-0.0041982856109186,0.8995679943658907,3.748310063220339,0.4577978948027875,58.09078371530008
UP25_SCORE20_NIKKEION_TP4.0_SL1.0_H1,VALIDATION,2023-03-29,6501.T,HOLD,5.231834133933145,1,1.0988968003756614,False,0.0979342932952764,16.39183530118584,0.7640034424433395,0.040399658979535,1.4440823297722165,2.0827135864235418,1.320943838763867,62.83061669805912
UP25_SCORE20_NIKKEION_TP4.0_SL1.0_H1,VALIDATION,2023-05-02,4062.T,HOLD,1.0139579242476215,1,4.013966551592089,False,1.802827796504003,20.67844708573587,9.00735727262434,0.1648387926054175,2.2486169616892635,3.1848252355601923,4.576523959366289,74.71698370331268
UP25_SCORE20_NIKKEION_TP4.0_SL1.0_H1,VALIDATION,2023-05-08,4062.T,HOLD,5.527817301031235,1,4.5676056091174,False,2.5347224805395863,23.10031811179641,-1.0118074056056026,0.1743182992262808,0.7399843511094202,3.210063097006962,1.5313197485061518,71.9754167058368
UP25_SCORE20_NIKKEION_TP4.0_SL1.0_H1,VALIDATION,2023-06-23,9432.T,WIN,5.924094680342463,1,1.1363365080353516,False,-0.2749633970042797,11.371284216097926,-0.4109173678928934,0.0364913154366119,1.114048707553409,1.5060236700856175,1.0082536774631734,53.32269300141883
UP25_SCORE20_NIKKEION_TP4.0_SL1.0_H1,VALIDATION,2023-07-14,3697.T,HOLD,2.6352689429760656,1,4.414202111466844,False,0.9825434478655692,14.066035777668535,11.423477609773958,0.2445951797241883,3.1735855666491504,3.664836270819342,5.869603952377096,73.90035206959334
UP25_SCORE20_NIKKEION_TP4.0_SL1.0_H1,VALIDATION,2023-07-18,3697.T,HOLD,3.523970101615148,1,4.9953295049275175,False,2.044955701868667,17.111553296105495,2.299582343674889,0.2528169654791361,1.6606525716609066,3.758092130501045,3.6132920490987503,75.56989565836771
UP25_SCORE20_NIKKEION_TP4.0_SL1.0_H1,VALIDATION,2023-07-19,3697.T,TIMEOUT_LOSS,-2.2265375704661805,1,5.567456335180463,False,3.178951129004992,20.179742269010724,3.184516937369808,0.2654910535496504,1.1688741037667625,3.7680333712417116,2.7744672503003995,77.74209892609204
UP25_SCORE20_NIKKEION_TP4.0_SL1.0_H1,VALIDATION,2023-07-20,9107.T,WIN,14.006070099017409,1,7.365756579489273,False,4.617551222256289,40.456823312574784,0.6164097608000185,0.0938839039136021,1.2425910903490696,3.5265175247543543,1.297700012415697,75.59799884044793
UP25_SCORE20_NIKKEION_TP4.0_SL1.0_H1,VALIDATION,2023-07-24,8304.T,WIN,4.646462184734912,1,5.965186154094392,False,1.4953254814182193,46.50894890976158,-0.1436610728448251,0.0052203232234606,0.9984152139461172,1.186615546183726,0.9270053085895136,73.84824848778555
UP25_SCORE20_NIKKEION_TP4.0_SL1.0_H1,VALIDATION,2023-07-25,9107.T,WIN,13.424120072605417,1,9.426236891350596,False,5.728474038906661,43.95468824272265,0.4712471779455551,0.0685211820160593,0.7454517534288647,3.381030018151354,0.7193571847781792,73.09781851674379
UP25_SCORE20_NIKKEION_TP4.0_SL1.0_H1,VALIDATION,2023-07-27,3697.T,TIMEOUT_LOSS,-0.7186061325326508,1,6.924157184283334,False,3.259052026362852,29.05887576099701,-1.0892575373501412,0.002571187096052,0.7087931439305001,3.531479074970112,0.5298027773512055,71.0424364651647
UP25_SCORE20_NIKKEION_TP4.0_SL1.0_H1,VALIDATION,2023-08-02,2871.T,WIN,6.0627349642954025,1,3.8189108712657336,False,0.7242951919965934,34.654865155400365,-0.3352535094952369,0.0165360395766838,1.8527815891231132,1.5406837410738485,2.5689084895259096,68.58018561012706
UP25_SCORE20_NIKKEION_TP4.0_SL1.0_H1,VALIDATION,2023-08-10,1605.T,HOLD,6.879169240044492,1,11.164981718369583,False,3.493592257604239,52.83446425483549,12.463460383201651,0.1554229117371919,2.79979946927813,2.9283910300581084,4.34619726101322,79.77015775754742
UP25_SCORE20_NIKKEION_TP4.0_SL1.0_H1,VALIDATION,2023-08-23,7261.T,WIN,10.508662911097277,1,5.953331285872705,False,1.9455717693589447,12.708498948693068,1.9993264348709736,0.0386591443652704,1.6638416589958922,2.652165727774321,1.5720263859369508,64.21075613369555
UP25_SCORE20_NIKKEION_TP4.0_SL1.0_H1,VALIDATION,2023-08-24,4062.T,LOSS,-3.593088741091144,1,6.80922560641553,False,-0.1925287628427585,15.369284537342974,1.0315239770017692,0.0820505230531885,2.3957283900866413,3.493088741091155,2.2102836747592667,63.32774287075412
UP25_SCORE20_NIKKEION_TP4.0_SL1.0_H1,VALIDATION,2023-08-25,3405.T,WIN,8.751136359044375,1,5.563676524694812,False,3.2152690771133585,33.8857711933423,0.5009277123760647,0.0383852602473304,1.6114387669128216,2.2127840897610955,1.4383193507789016,74.62114188384804
UP25_SCORE20_NIKKEION_TP4.0_SL1.0_H1,VALIDATION,2023-08-28,6113.T,WIN,8.383439084083,1,2.0495189820741966,False,1.2136642361419758,13.1843960890482,2.1775693976564536,0.045055261327477,1.8592336349121876,2.1208597710207515,1.5424862573680376,68.72876119221075
UP25_SCORE20_NIKKEION_TP4.0_SL1.0_H1,VALIDATION,2023-09-21,9501.T,HOLD,2.430923944535668,1,12.439084434745476,False,3.3705390033044846,55.35845466158926,3.1764129913268717,0.1079233947128065,1.2387773526238668,2.8613704298891873,1.684289366876984,77.03312199329181
UP25_SCORE20_NIKKEION_TP4.0_SL1.0_H1,VALIDATION,2023-09-25,9501.T,TIMEOUT_LOSS,-0.11415884285430603,1,12.88310819699138,False,3.374417007853281,58.02956451732003,-2.0940197056126486,0.0391210454202126,0.8268094745310657,2.9745042492917833,0.8797495788732139,69.48561231535493
UP25_SCORE20_NIKKEION_TP4.0_SL1.0_H1,VALIDATION,2023-09-26,8795.T,LOSS,-2.598671049358936,1,8.073776484220787,False,2.6441221533526127,40.65925639038708,0.3276185569456968,0.031178315543677,1.4798864527695812,2.562704607466282,1.5836332714471573,67.81712545659161
UP25_SCORE20_NIKKEION_TP4.0_SL1.0_H1,VALIDATION,2023-09-27,8697.T,LOSS,-2.075594545046533,1,3.3470779308842338,False,1.4497709058478805,32.77614038546648,3.4413909652475594,0.0834387115714591,1.6005725384357377,2.015410892703044,2.222029709001226,79.38085439124544
UP25_SCORE20_NIKKEION_TP4.0_SL1.0_H1,VALIDATION,2023-09-28,7211.T,LOSS,-2.7868180437806034,1,9.117007954978993,False,3.450040277711963,39.29149553083054,1.8863381236379428,0.0571909307090926,1.5897506486632105,2.7610011200634483,2.021996336198152,71.69805481165484
UP25_SCORE20_NIKKEION_TP4.0_SL1.0_H1,VALIDATION,2023-09-29,4519.T,LOSS,-2.446928996996245,1,5.059909895761967,False,0.93704686797198,28.12251682599573,0.1516356839443844,0.1048133624170686,1.5080802597375482,2.4033335284704487,2.628650714220726,65.25518100416157
UP25_SCORE20_NIKKEION_TP4.0_SL1.0_H1,VALIDATION,2023-10-05,2269.T,LOSS,-1.5982093299072075,1,5.667624576179167,False,0.1451186230179368,24.34501268351313,-1.262131078753559,0.0233988642222333,1.0088775203129705,1.5209970496121126,1.013320955136232,57.58098723507021
UP25_SCORE20_NIKKEION_TP4.0_SL1.0_H1,VALIDATION,2023-10-10,9107.T,LOSS,-3.625029196249774,1,15.933972418178186,False,1.9657485360281115,32.90204777315115,5.531622163232508,0.1134071461102983,1.3518507547182232,3.653827689070136,1.4354720499868414,67.38977612445666
UP25_SCORE20_NIKKEION_TP4.0_SL1.0_H1,VALIDATION,2023-10-11,9107.T,LOSS,-4.01935664188624,1,15.362860239972823,False,1.817783356617397,33.364067410548024,-6.101345299331939,0.0227167095357356,1.0926120652724227,4.079236467305844,1.229057736320596,55.98673825518541
UP25_SCORE20_NIKKEION_TP4.0_SL1.0_H1,VALIDATION,2023-10-18,7453.T,LOSS,-3.169829452539341,1,4.136507868839604,False,0.1223158978307381,22.63425020648197,3.166167693874544,0.1318619295282879,0.9600826348913224,3.16705256495576,1.773623917931742,67.49018008188494
UP25_SCORE20_NIKKEION_TP4.0_SL1.0_H1,VALIDATION,2023-10-20,6146.T,LOSS,-4.184819502409342,1,4.86039981790385,False,1.3515102489323416,14.912070979595237,-8.256885924341816,-0.0165392411775153,2.06778634855144,4.258783105258246,2.6872402350224203,49.996886216467445
UP25_SCORE20_NIKKEION_TP4.0_SL1.0_H1,VALIDATION,2023-10-23,6146.T,LOSS,-4.133144432597879,1,4.817619835452092,False,1.439467587139709,13.874446729497864,-6.37287494688662,0.0082183644223207,1.3655025933265694,4.202643098757367,1.9839982365684723,53.13269282156323
UP25_SCORE20_NIKKEION_TP4.0_SL1.0_H1,VALIDATION,2023-10-24,6762.T,LOSS,-2.51643032389427,1,4.1604519363736845,False,0.9948155952706816,17.151550373912308,-2.38955240864851,0.0110094748032077,1.2599746640825475,2.476267605207279,0.982404599244012,56.23701851890526
UP25_SCORE20_NIKKEION_TP4.0_SL1.0_H1,VALIDATION,2023-10-25,8354.T,LOSS,-2.629245405764913,1,7.543562389122455,False,0.2248247343790588,20.147436021905254,0.3421078714360925,0.0275245695155686,1.2498093252656737,2.594876192652884,1.1612895605596203,59.73818591868691
UP25_SCORE20_NIKKEION_TP4.0_SL1.0_H1,VALIDATION,2023-10-27,7453.T,LOSS,-2.9619415088255385,1,2.219489345986285,False,0.8191807321748623,23.100694441319646,1.448541445823448,0.0410464872483673,1.0020694881660257,2.9462617981865042,0.7730977542858364,65.26072739948032
UP25_SCORE20_NIKKEION_TP4.0_SL1.0_H1,VALIDATION,2023-10-30,8354.T,LOSS,-2.7488412271219786,1,6.961966882938133,False,0.4635109606138554,20.183945473791084,-1.572169017049041,0.0235651555938773,2.242165378893315,2.7209139167020906,3.041452154524692,57.710746195913416
UP25_SCORE20_NIKKEION_TP4.0_SL1.0_H1,VALIDATION,2023-10-31,8354.T,LOSS,-2.778247518823007,1,6.990528763368678,False,0.7896743702185294,20.80181074330227,1.9845406507217331,0.061751516195736,1.2017489922798388,2.7519515941115085,1.8450726385902343,64.8150694647926
UP25_SCORE20_NIKKEION_TP4.0_SL1.0_H1,VALIDATION,2023-12-06,9501.T,HOLD,10.44913294797688,1,1.1578272175565565,False,0.4150857548883557,12.53495466131979,3.919503623521159,0.0978182408120953,2.777650370355735,2.9865125240847794,3.8960955408717135,65.11804068639108
UP25_SCORE20_NIKKEION_TP4.0_SL1.0_H1,VALIDATION,2023-12-12,9434.T,WIN,3.8564981738389625,1,3.666793621977835,False,1.29191483774298,40.13151817494092,-0.6322107278257882,0.0034921505240095,0.6726550999333534,0.9891245434597407,0.7436676511251774,69.58475793091037
UP25_SCORE20_NIKKEION_TP4.0_SL1.0_H1,VALIDATION,2023-12-20,4751.T,HOLD,4.377563165800658,1,3.2796344993330924,False,0.5968344014660953,15.889307443901632,-6.580945769099788,0.0432022766255002,0.7191332989209253,3.1244795018202653,0.4118260002949004,56.27814074644787
UP25_SCORE20_NIKKEION_TP4.0_SL1.0_H1,VALIDATION,2024-03-08,8331.T,WIN,10.194336414833705,1,5.405307907021086,False,2.693774385595749,36.25104127848698,0.9972018532308002,0.0155313857543469,1.357289321773241,2.573584103708426,1.6865697218534337,73.6374923996679
UP25_SCORE20_NIKKEION_TP4.0_SL1.0_H1,VALIDATION,2024-03-11,8309.T,WIN,9.7796709059245,1,5.456514832612866,False,1.8033243234927052,38.94777737859525,-2.829621941040217,0.0670779999091881,1.2557221617814778,2.469917726481123,1.5724905472866024,64.63927772022649
UP25_SCORE20_NIKKEION_TP4.0_SL1.0_H1,VALIDATION,2024-03-13,9502.T,WIN,9.352818067430947,1,0.3284805989638264,False,-0.3949155550553529,9.336203923379715,-0.4163332885228521,0.0416315849555858,1.3713123246439942,2.363204516857735,1.5435690298745686,53.35620076050401
UP25_SCORE20_NIKKEION_TP4.0_SL1.0_H1,VALIDATION,2024-03-14,8750.T,WIN,9.83825761176641,1,6.723172643826112,False,3.0553242124834457,28.73657296378135,-2.003808894791248,0.0074324154293817,0.7894672961852629,2.4845644029416025,0.7682347991053303,65.40246304310125
UP25_SCORE20_NIKKEION_TP4.0_SL1.0_H1,VALIDATION,2024-03-18,3289.T,WIN,10.456607692483834,1,3.1788561124538144,False,1.0067788984315262,36.8627274994429,2.9795236379785983,0.0993729974623696,1.2184818060410647,2.6391519231209566,1.515077338343676,70.79072631991961
UP25_SCORE20_NIKKEION_TP4.0_SL1.0_H1,VALIDATION,2024-03-19,8801.T,HOLD,8.495777150300976,1,9.773150047748146,False,2.115825121948145,32.446154882604525,5.3761017561049895,0.122181980734735,1.510534167150447,2.8278956009457774,2.033014039373544,75.61957057625732
UP25_SCORE20_NIKKEION_TP4.0_SL1.0_H1,VALIDATION,2024-04-09,2802.T,HOLD,2.084859200252953,1,-2.0396650901238145,True,0.1140152048729081,11.84818662713996,-0.1054377642351167,0.0248691679840129,0.9442094751373102,2.069009730016713,0.7392609115577428,57.09474121995388
UP25_SCORE20_NIKKEION_TP4.0_SL1.0_H1,VALIDATION,2024-04-10,6762.T,HOLD,4.404569372984535,1,1.7483349542660995,False,-0.7984789682288995,17.61370277586641,-1.2453024400790658,0.0196837125091595,0.8644640211555924,2.5918242589761054,0.6724433305554953,53.10534978918167
UP25_SCORE20_NIKKEION_TP4.0_SL1.0_H1,VALIDATION,2024-04-24,8306.T,HOLD,7.140239660000736,1,5.791235339906379,False,0.4467188060413019,17.604649912322607,0.4799929191379393,0.0388005802676905,0.8113443422931543,2.263652438436166,0.8313150105569843,58.02624765264058
UP25_SCORE20_NIKKEION_TP4.0_SL1.0_H1,VALIDATION,2024-04-26,6506.T,HOLD,7.5832116635503715,1,4.608123466613713,False,-0.2466751805144218,15.375926432937815,-3.6363626563306606,0.0401719323174898,0.7309661134065686,3.3302363521135803,0.5926472185540254,52.826725832596445
UP20_SCORE20_NIKKEION_TP4.0_SL1.0_H1,VALIDATION,2022-05-13,2501.T,LOSS,-2.2852357779900023,1,5.944871187551252,False,3.400604512726435,38.685878809615936,-0.3244343527760707,0.0267817779012543,1.333862563100472,2.2340551504373973,1.455429821541605,78.64119875658174
UP20_SCORE20_NIKKEION_TP4.0_SL1.0_H1,VALIDATION,2022-05-16,6301.T,LOSS,-3.1632717938697374,1,5.068992986471936,False,0.7836985691567211,15.798331855947607,-3.900932073936836,-0.0024932155918815,0.6914859348369753,3.1600734319770694,0.6245396225466924,57.77345937599581
UP20_SCORE20_NIKKEION_TP4.0_SL1.0_H1,VALIDATION,2022-05-17,5020.T,LOSS,-2.4595859520750274,1,1.760630250605687,False,1.405987367477768,19.07032630053753,3.1570597639297704,0.0728946497185125,1.0614395952093003,2.4166078924213226,1.7550698443476471,75.02798470985627
UP20_SCORE20_NIKKEION_TP4.0_SL1.0_H1,VALIDATION,2022-05-19,2501.T,LOSS,-2.3502619316515982,1,7.467256675485255,False,3.2599036571882234,37.80008010592002,-2.81183741478237,-0.0535223213251143,0.665694627967376,2.302064410728333,0.5957733125363183,64.63334214326557
UP20_SCORE20_NIKKEION_TP4.0_SL1.0_H1,VALIDATION,2022-06-10,5803.T,HOLD,8.026663916998123,1,18.524807642590567,False,6.702168884496307,43.39822829433884,-2.2248190983177096,0.0388881292514335,1.243466362599772,3.4588471392703823,1.0810864397269426,71.89716109124154
UP20_SCORE20_NIKKEION_TP4.0_SL1.0_H1,VALIDATION,2022-06-24,7211.T,HOLD,11.175615019526564,1,20.002268211229577,False,4.349113502823965,42.1196056280957,-8.606548698090188,0.0025616573777389,1.480431990860245,4.339395390652548,1.9367317893950209,57.01585206707608
UP20_SCORE20_NIKKEION_TP4.0_SL1.0_H1,VALIDATION,2022-06-27,2501.T,WIN,8.337913878233072,1,9.820015702889275,False,1.5644775018713195,43.76912496196353,0.2368803875811176,0.0039577750676822,1.6676743248690045,2.109478469558268,1.781581355293611,70.83940742006217
UP20_SCORE20_NIKKEION_TP4.0_SL1.0_H1,VALIDATION,2022-06-28,9501.T,HOLD,5.172727272727274,1,9.046096065256291,False,-0.1853194746595843,20.191556948575037,4.166666666666674,0.1471293143668663,2.302757482523177,3.818181818181817,2.373206083583625,67.66977151936806
UP20_SCORE20_NIKKEION_TP4.0_SL1.0_H1,VALIDATION,2022-06-29,9501.T,LOSS,-3.9572251007484183,1,8.88196224656258,False,0.6706528765352271,22.37396857143523,5.272727272727273,0.204249264353729,2.005658483470548,3.857225100748418,2.7880650383729697,72.51589607440937
UP20_SCORE20_NIKKEION_TP4.0_SL1.0_H1,VALIDATION,2022-06-30,9501.T,HOLD,2.016402116402116,1,8.69955156950672,False,1.466418212752152,24.51597202150592,-2.072538860103623,0.19025697032202,1.2002946002712256,4.115226337448563,2.0613896712206934,67.97537846674064
UP20_SCORE20_NIKKEION_TP4.0_SL1.0_H1,VALIDATION,2022-07-05,4062.T,LOSS,-3.987896828342774,1,-16.023467572511947,False,-3.9908290197190777,31.27442607622558,-20.44492808063817,-0.0238116942689609,0.804773233059627,4.04516881853989,0.6941700177067303,32.91560534656679
UP20_SCORE20_NIKKEION_TP4.0_SL1.0_H1,VALIDATION,2022-07-06,8802.T,LOSS,-2.4695165613517034,1,4.338542783129849,False,0.0396483235099331,14.52421361719226,-6.290094633502264,-0.0368998409685302,0.9555228627048876,2.4270253284577175,0.7764356411732268,42.7989646471958
UP20_SCORE20_NIKKEION_TP4.0_SL1.0_H1,VALIDATION,2022-07-07,8804.T,LOSS,-2.3564891360168927,1,0.0265934630896393,False,1.8073914631535404,23.4174748041781,0.84344269467298,0.019848201568192,1.172779728039382,2.308582038921199,1.0809252854327047,66.07021427242472
UP20_SCORE20_NIKKEION_TP4.0_SL1.0_H1,VALIDATION,2022-07-08,8804.T,LOSS,-2.3442071763351224,1,0.4282553834964402,False,2.048754876514192,24.50874722643819,0.8886574055018581,0.0080089640833866,1.4952237669705812,2.2957280704411014,1.4730094105462403,67.7674063851828
UP20_SCORE20_NIKKEION_TP4.0_SL1.0_H1,VALIDATION,2022-08-26,3402.T,WIN,7.4033022680537135,1,4.715826557188758,False,1.3227068499944927,23.326868980224702,2.1349419667568537,0.0451499048489812,2.120364579714173,1.87582556701343,1.8661862363859685,71.48351885781872
UP20_SCORE20_NIKKEION_TP4.0_SL1.0_H1,VALIDATION,2022-09-08,6963.T,WIN,10.483042605336978,1,3.389358493787343,False,1.450911551849754,17.181027533475167,1.1029514224850656,0.0575267132257677,1.5761652398423698,2.645760651334246,1.9134264834457844,63.69425087590122
UP20_SCORE20_NIKKEION_TP4.0_SL1.0_H1,VALIDATION,2022-09-09,8233.T,WIN,8.075196109081217,1,7.105545004350923,False,2.419994828977501,47.07602457680796,1.4067191098883436,0.0424264355421359,1.5726287733935918,2.043799027270306,2.0167180592190808,84.96763309537195
UP20_SCORE20_NIKKEION_TP4.0_SL1.0_H1,VALIDATION,2022-09-12,3099.T,HOLD,8.589121662137844,1,0.7190452600000207,False,2.762599012130851,32.50220295696049,4.701928889725493,0.0900232111163203,1.2789892584444156,2.54233766046678,1.6376233727228475,80.32291358388707
UP20_SCORE20_NIKKEION_TP4.0_SL1.0_H1,VALIDATION,2022-09-13,6762.T,HOLD,4.55946891217528,1,9.463813495840416,False,1.1505973027165384,23.741570665434217,3.5363485256876714,0.0267329113111032,1.529791393965503,2.3772466104535024,1.9478991951222084,70.83421513435317
UP20_SCORE20_NIKKEION_TP4.0_SL1.0_H1,VALIDATION,2022-09-14,6762.T,HOLD,8.90136156473954,1,9.479109815344067,False,1.1934819770905936,23.95264966470376,-3.605319642757554,0.0110704579108096,1.155304655862548,2.6442402550284143,1.5151809744067293,58.94862853932386
UP20_SCORE20_NIKKEION_TP4.0_SL1.0_H1,VALIDATION,2022-10-04,4502.T,WIN,6.521601945168077,1,0.1784752662705485,False,0.0923229281194926,12.91568892333423,1.3032940182379882,0.0434328521808546,1.4568342799069054,1.6554004862920173,1.980215777578708,61.542227510413
UP20_SCORE20_NIKKEION_TP4.0_SL1.0_H1,VALIDATION,2022-10-06,8031.T,LOSS,-2.2940204005170495,1,5.065407746825307,False,0.0837280115831173,18.889517197394643,1.2750327617096602,0.0227091221899091,0.809571229942505,2.243237488650074,0.8381690110706707,63.42700055474461
UP20_SCORE20_NIKKEION_TP4.0_SL1.0_H1,VALIDATION,2022-10-14,8252.T,LOSS,-2.4442579470050907,1,2.389445668348921,False,0.5022998885166441,13.699459371716976,1.0879489875212478,0.0305650495027016,1.5028310064366206,2.4005326238092,1.7893257501729267,61.433450449673664
UP20_SCORE20_NIKKEION_TP4.0_SL1.0_H1,VALIDATION,2022-10-17,9020.T,LOSS,-2.3816676285319693,1,6.136483812063122,False,2.379010135446391,30.3413445400842,0.5790447743810434,0.0552230149803631,0.6641383234980005,2.3349432733444404,0.7780152141950449,67.39867832806928
UP20_SCORE20_NIKKEION_TP4.0_SL1.0_H1,VALIDATION,2022-12-09,1605.T,WIN,8.808198355718522,1,1.3832846364679428,False,-0.8940106944303805,17.745321578699027,-9.241547871791555,-0.0531960665596382,1.3205778711055436,2.2270495889296305,1.3881681707997269,34.26191314652557
UP20_SCORE20_NIKKEION_TP4.0_SL1.0_H1,VALIDATION,2022-12-12,7453.T,HOLD,5.168993152993251,1,7.785745537710707,False,0.6688510049293495,23.26400560168437,2.5965432538196165,0.0730793230628874,1.71096128417233,2.3300665706892305,1.800916419691897,67.18226053707386
UP20_SCORE20_NIKKEION_TP4.0_SL1.0_H1,VALIDATION,2022-12-14,4183.T,WIN,7.405831632360161,1,4.047842666128099,False,1.735151101832666,33.47960405091145,1.4353983141801807,0.0171772644233658,1.467974580070142,1.8764579080900419,1.530005084442979,66.28826055987322
UP20_SCORE20_NIKKEION_TP4.0_SL1.0_H1,VALIDATION,2022-12-15,5803.T,HOLD,7.095558669756919,1,12.463364993046987,False,4.045411099573748,27.54188408217238,1.6710683760046807,0.0610497321030985,1.23869204673954,3.026494906484123,1.3570608199661895,66.5231637345376
UP20_SCORE20_NIKKEION_TP4.0_SL1.0_H1,VALIDATION,2023-01-04,8306.T,LOSS,-2.5587527687580547,1,9.942721833814636,False,4.004071511887508,53.97241962566525,3.140323074040752,0.0772790598147473,1.5402472630176538,2.5207313198785037,1.7562880669658096,80.2377668052138
UP20_SCORE20_NIKKEION_TP4.0_SL1.0_H1,VALIDATION,2023-01-10,8306.T,LOSS,-2.6428098648574094,1,11.168476859444912,False,3.7567415977903806,53.3374668171745,-3.552148419021073,0.0102480136578335,0.6960690082106086,2.6091557342575955,0.7399519584810441,67.124779054125
UP20_SCORE20_NIKKEION_TP4.0_SL1.0_H1,VALIDATION,2023-01-11,3382.T,LOSS,-1.7895410481692742,1,-0.342018630134584,True,0.0643002033458461,11.064368921038149,0.1567953069600225,0.002254167969536,1.330397347716364,1.7185771139539858,1.7491209180835523,59.8589561169827
UP20_SCORE20_NIKKEION_TP4.0_SL1.0_H1,VALIDATION,2023-01-12,8795.T,LOSS,-2.7453695800282008,1,13.347418043336852,False,3.631370741500861,41.89053345181456,1.373349552942793,-0.0147676883364578,1.2388590074410453,2.7172509089875936,1.5983048518463,71.32842362367616
UP20_SCORE20_NIKKEION_TP4.0_SL1.0_H1,VALIDATION,2023-01-13,9101.T,LOSS,-2.8212090004889,1,8.432275775259813,False,0.0226082431078467,23.78444107266994,-5.357685487463915,0.0504641355467856,0.8072282660539424,2.7973302017112607,0.6535182892279281,51.06914415189403
UP20_SCORE20_NIKKEION_TP4.0_SL1.0_H1,VALIDATION,2023-01-17,8304.T,LOSS,-1.9467528617879926,1,1.5180680908893067,False,1.0887323265154736,29.739522415801503,-3.353980520298649,0.0273378625270058,0.7193841847445767,1.8814995077926906,0.7796521901805284,56.275925104326
UP20_SCORE20_NIKKEION_TP4.0_SL1.0_H1,VALIDATION,2023-02-24,9107.T,WIN,11.605946284777014,1,9.446404148371524,False,4.09844994706916,43.4164883645031,1.0370470060754755,0.0191426801055223,1.190554996700955,2.9264865711942534,1.0778453082226491,71.89668183793219
UP20_SCORE20_NIKKEION_TP4.0_SL1.0_H1,VALIDATION,2023-03-01,5406.T,WIN,11.168328716414832,1,14.91716099759614,False,6.888477232737333,54.04595324073036,3.2292749761118733,0.0651599338858062,1.252977261833042,2.8170821791037097,1.4760421644722026,84.29291427976493
UP20_SCORE20_NIKKEION_TP4.0_SL1.0_H1,VALIDATION,2023-03-02,7532.T,HOLD,3.8475946283756834,1,2.311749896743116,False,1.110301730656027,23.028168592738364,-2.3219991254686434,0.0040066512595293,1.2480259842078736,2.4894896230590753,1.209647434940606,58.48457558086351
UP20_SCORE20_NIKKEION_TP4.0_SL1.0_H1,VALIDATION,2023-03-10,7532.T,HOLD,2.5956173520402026,1,3.57934608370132,False,1.880228685350693,28.13455632423358,-2.921340206282974,0.0131222127276182,1.491419817093107,2.5463457920216275,1.7096566069760155,58.657926704217566
UP20_SCORE20_NIKKEION_TP4.0_SL1.0_H1,VALIDATION,2023-03-22,9432.T,WIN,5.064884984967611,1,2.9886769743890587,False,0.7353999834895264,15.681016052641414,0.4470819300953277,0.0202850673358965,1.1697412593408478,1.2912212462419026,1.3366632783126184,63.96297916656753
UP20_SCORE20_NIKKEION_TP4.0_SL1.0_H1,VALIDATION,2023-03-23,2282.T,WIN,5.308156466981318,1,1.7935028429780078,False,0.8430250161032271,22.46676756670302,2.213557995259552,0.0245550521425392,1.4819834848611226,1.3520391167453294,1.6059746686702747,66.90274959696077
UP20_SCORE20_NIKKEION_TP4.0_SL1.0_H1,VALIDATION,2023-03-24,6723.T,HOLD,2.5769774427449987,1,21.077810898210828,False,2.4896742800021965,43.31982897965375,-4.3964883172957325,-0.0202395987154747,1.1259718314548754,3.1405859161334573,1.0754052744686402,57.82603205917243
UP20_SCORE20_NIKKEION_TP4.0_SL1.0_H1,VALIDATION,2023-03-27,6361.T,HOLD,6.739283324087009,1,8.015432590568775,False,0.7256587766140354,32.560408763507056,0.3372783188205552,0.0885154918963881,0.9994858611825193,2.521615739209733,1.401131572308912,62.16034027957021
UP20_SCORE20_NIKKEION_TP4.0_SL1.0_H1,VALIDATION,2023-03-28,5406.T,WIN,14.893240252881357,1,27.71121179146026,False,3.418661545644519,47.33339839088339,-9.545051328617529,-0.0041982856109186,0.8995679943658907,3.748310063220339,0.4577978948027875,58.09078371530008
UP20_SCORE20_NIKKEION_TP4.0_SL1.0_H1,VALIDATION,2023-03-29,6501.T,HOLD,5.231834133933145,1,1.0988968003756614,False,0.0979342932952764,16.39183530118584,0.7640034424433395,0.040399658979535,1.4440823297722165,2.0827135864235418,1.320943838763867,62.83061669805912
UP20_SCORE20_NIKKEION_TP4.0_SL1.0_H1,VALIDATION,2023-05-02,4062.T,HOLD,1.0139579242476215,1,4.013966551592089,False,1.802827796504003,20.67844708573587,9.00735727262434,0.1648387926054175,2.2486169616892635,3.1848252355601923,4.576523959366289,74.71698370331268
UP20_SCORE20_NIKKEION_TP4.0_SL1.0_H1,VALIDATION,2023-05-08,4062.T,HOLD,5.527817301031235,1,4.5676056091174,False,2.5347224805395863,23.10031811179641,-1.0118074056056026,0.1743182992262808,0.7399843511094202,3.210063097006962,1.5313197485061518,71.9754167058368
UP20_SCORE20_NIKKEION_TP4.0_SL1.0_H1,VALIDATION,2023-06-23,9432.T,WIN,5.924094680342463,1,1.1363365080353516,False,-0.2749633970042797,11.371284216097926,-0.4109173678928934,0.0364913154366119,1.114048707553409,1.5060236700856175,1.0082536774631734,53.32269300141883
UP20_SCORE20_NIKKEION_TP4.0_SL1.0_H1,VALIDATION,2023-07-14,3697.T,HOLD,2.6352689429760656,1,4.414202111466844,False,0.9825434478655692,14.066035777668535,11.423477609773958,0.2445951797241883,3.1735855666491504,3.664836270819342,5.869603952377096,73.90035206959334
UP20_SCORE20_NIKKEION_TP4.0_SL1.0_H1,VALIDATION,2023-07-18,3697.T,HOLD,3.523970101615148,1,4.9953295049275175,False,2.044955701868667,17.111553296105495,2.299582343674889,0.2528169654791361,1.6606525716609066,3.758092130501045,3.6132920490987503,75.56989565836771
UP20_SCORE20_NIKKEION_TP4.0_SL1.0_H1,VALIDATION,2023-07-19,3697.T,TIMEOUT_LOSS,-2.2265375704661805,1,5.567456335180463,False,3.178951129004992,20.179742269010724,3.184516937369808,0.2654910535496504,1.1688741037667625,3.7680333712417116,2.7744672503003995,77.74209892609204
UP20_SCORE20_NIKKEION_TP4.0_SL1.0_H1,VALIDATION,2023-07-20,9107.T,WIN,14.006070099017409,1,7.365756579489273,False,4.617551222256289,40.456823312574784,0.6164097608000185,0.0938839039136021,1.2425910903490696,3.5265175247543543,1.297700012415697,75.59799884044793
UP20_SCORE20_NIKKEION_TP4.0_SL1.0_H1,VALIDATION,2023-07-24,8304.T,WIN,4.646462184734912,1,5.965186154094392,False,1.4953254814182193,46.50894890976158,-0.1436610728448251,0.0052203232234606,0.9984152139461172,1.186615546183726,0.9270053085895136,73.84824848778555
UP20_SCORE20_NIKKEION_TP4.0_SL1.0_H1,VALIDATION,2023-07-25,9107.T,WIN,13.424120072605417,1,9.426236891350596,False,5.728474038906661,43.95468824272265,0.4712471779455551,0.0685211820160593,0.7454517534288647,3.381030018151354,0.7193571847781792,73.09781851674379
UP20_SCORE20_NIKKEION_TP4.0_SL1.0_H1,VALIDATION,2023-07-27,3697.T,TIMEOUT_LOSS,-0.7186061325326508,1,6.924157184283334,False,3.259052026362852,29.05887576099701,-1.0892575373501412,0.002571187096052,0.7087931439305001,3.531479074970112,0.5298027773512055,71.0424364651647
UP20_SCORE20_NIKKEION_TP4.0_SL1.0_H1,VALIDATION,2023-08-02,2871.T,WIN,6.0627349642954025,1,3.8189108712657336,False,0.7242951919965934,34.654865155400365,-0.3352535094952369,0.0165360395766838,1.8527815891231132,1.5406837410738485,2.5689084895259096,68.58018561012706
UP20_SCORE20_NIKKEION_TP4.0_SL1.0_H1,VALIDATION,2023-08-10,1605.T,HOLD,6.879169240044492,1,11.164981718369583,False,3.493592257604239,52.83446425483549,12.463460383201651,0.1554229117371919,2.79979946927813,2.9283910300581084,4.34619726101322,79.77015775754742
UP20_SCORE20_NIKKEION_TP4.0_SL1.0_H1,VALIDATION,2023-08-23,7261.T,WIN,10.508662911097277,1,5.953331285872705,False,1.9455717693589447,12.708498948693068,1.9993264348709736,0.0386591443652704,1.6638416589958922,2.652165727774321,1.5720263859369508,64.21075613369555
UP20_SCORE20_NIKKEION_TP4.0_SL1.0_H1,VALIDATION,2023-08-24,4062.T,LOSS,-3.593088741091144,1,6.80922560641553,False,-0.1925287628427585,15.369284537342974,1.0315239770017692,0.0820505230531885,2.3957283900866413,3.493088741091155,2.2102836747592667,63.32774287075412
UP20_SCORE20_NIKKEION_TP4.0_SL1.0_H1,VALIDATION,2023-08-25,3405.T,WIN,8.751136359044375,1,5.563676524694812,False,3.2152690771133585,33.8857711933423,0.5009277123760647,0.0383852602473304,1.6114387669128216,2.2127840897610955,1.4383193507789016,74.62114188384804
UP20_SCORE20_NIKKEION_TP4.0_SL1.0_H1,VALIDATION,2023-08-28,6113.T,WIN,8.383439084083,1,2.0495189820741966,False,1.2136642361419758,13.1843960890482,2.1775693976564536,0.045055261327477,1.8592336349121876,2.1208597710207515,1.5424862573680376,68.72876119221075
UP20_SCORE20_NIKKEION_TP4.0_SL1.0_H1,VALIDATION,2023-09-21,9501.T,HOLD,2.430923944535668,1,12.439084434745476,False,3.3705390033044846,55.35845466158926,3.1764129913268717,0.1079233947128065,1.2387773526238668,2.8613704298891873,1.684289366876984,77.03312199329181
UP20_SCORE20_NIKKEION_TP4.0_SL1.0_H1,VALIDATION,2023-09-25,9501.T,TIMEOUT_LOSS,-0.11415884285430603,1,12.88310819699138,False,3.374417007853281,58.02956451732003,-2.0940197056126486,0.0391210454202126,0.8268094745310657,2.9745042492917833,0.8797495788732139,69.48561231535493
UP20_SCORE20_NIKKEION_TP4.0_SL1.0_H1,VALIDATION,2023-09-26,8795.T,LOSS,-2.598671049358936,1,8.073776484220787,False,2.6441221533526127,40.65925639038708,0.3276185569456968,0.031178315543677,1.4798864527695812,2.562704607466282,1.5836332714471573,67.81712545659161
UP20_SCORE20_NIKKEION_TP4.0_SL1.0_H1,VALIDATION,2023-09-27,8697.T,LOSS,-2.075594545046533,1,3.3470779308842338,False,1.4497709058478805,32.77614038546648,3.4413909652475594,0.0834387115714591,1.6005725384357377,2.015410892703044,2.222029709001226,79.38085439124544
UP20_SCORE20_NIKKEION_TP4.0_SL1.0_H1,VALIDATION,2023-09-28,7211.T,LOSS,-2.7868180437806034,1,9.117007954978993,False,3.450040277711963,39.29149553083054,1.8863381236379428,0.0571909307090926,1.5897506486632105,2.7610011200634483,2.021996336198152,71.69805481165484
UP20_SCORE20_NIKKEION_TP4.0_SL1.0_H1,VALIDATION,2023-09-29,4519.T,LOSS,-2.446928996996245,1,5.059909895761967,False,0.93704686797198,28.12251682599573,0.1516356839443844,0.1048133624170686,1.5080802597375482,2.4033335284704487,2.628650714220726,65.25518100416157
UP20_SCORE20_NIKKEION_TP4.0_SL1.0_H1,VALIDATION,2023-10-05,2269.T,LOSS,-1.5982093299072075,1,5.667624576179167,False,0.1451186230179368,24.34501268351313,-1.262131078753559,0.0233988642222333,1.0088775203129705,1.5209970496121126,1.013320955136232,57.58098723507021
UP20_SCORE20_NIKKEION_TP4.0_SL1.0_H1,VALIDATION,2023-10-10,9107.T,LOSS,-3.625029196249774,1,15.933972418178186,False,1.9657485360281115,32.90204777315115,5.531622163232508,0.1134071461102983,1.3518507547182232,3.653827689070136,1.4354720499868414,67.38977612445666
UP20_SCORE20_NIKKEION_TP4.0_SL1.0_H1,VALIDATION,2023-10-11,9107.T,LOSS,-4.01935664188624,1,15.362860239972823,False,1.817783356617397,33.364067410548024,-6.101345299331939,0.0227167095357356,1.0926120652724227,4.079236467305844,1.229057736320596,55.98673825518541
UP20_SCORE20_NIKKEION_TP4.0_SL1.0_H1,VALIDATION,2023-10-18,7453.T,LOSS,-3.169829452539341,1,4.136507868839604,False,0.1223158978307381,22.63425020648197,3.166167693874544,0.1318619295282879,0.9600826348913224,3.16705256495576,1.773623917931742,67.49018008188494
UP20_SCORE20_NIKKEION_TP4.0_SL1.0_H1,VALIDATION,2023-10-20,6146.T,LOSS,-4.184819502409342,1,4.86039981790385,False,1.3515102489323416,14.912070979595237,-8.256885924341816,-0.0165392411775153,2.06778634855144,4.258783105258246,2.6872402350224203,49.996886216467445
UP20_SCORE20_NIKKEION_TP4.0_SL1.0_H1,VALIDATION,2023-10-23,6146.T,LOSS,-4.133144432597879,1,4.817619835452092,False,1.439467587139709,13.874446729497864,-6.37287494688662,0.0082183644223207,1.3655025933265694,4.202643098757367,1.9839982365684723,53.13269282156323
UP20_SCORE20_NIKKEION_TP4.0_SL1.0_H1,VALIDATION,2023-10-24,6762.T,LOSS,-2.51643032389427,1,4.1604519363736845,False,0.9948155952706816,17.151550373912308,-2.38955240864851,0.0110094748032077,1.2599746640825475,2.476267605207279,0.982404599244012,56.23701851890526
UP20_SCORE20_NIKKEION_TP4.0_SL1.0_H1,VALIDATION,2023-10-25,8354.T,LOSS,-2.629245405764913,1,7.543562389122455,False,0.2248247343790588,20.147436021905254,0.3421078714360925,0.0275245695155686,1.2498093252656737,2.594876192652884,1.1612895605596203,59.73818591868691
UP20_SCORE20_NIKKEION_TP4.0_SL1.0_H1,VALIDATION,2023-10-27,7453.T,LOSS,-2.9619415088255385,1,2.219489345986285,False,0.8191807321748623,23.100694441319646,1.448541445823448,0.0410464872483673,1.0020694881660257,2.9462617981865042,0.7730977542858364,65.26072739948032
UP20_SCORE20_NIKKEION_TP4.0_SL1.0_H1,VALIDATION,2023-10-30,8354.T,LOSS,-2.7488412271219786,1,6.961966882938133,False,0.4635109606138554,20.183945473791084,-1.572169017049041,0.0235651555938773,2.242165378893315,2.7209139167020906,3.041452154524692,57.710746195913416
UP20_SCORE20_NIKKEION_TP4.0_SL1.0_H1,VALIDATION,2023-10-31,8354.T,LOSS,-2.778247518823007,1,6.990528763368678,False,0.7896743702185294,20.80181074330227,1.9845406507217331,0.061751516195736,1.2017489922798388,2.7519515941115085,1.8450726385902343,64.8150694647926
UP20_SCORE20_NIKKEION_TP4.0_SL1.0_H1,VALIDATION,2023-12-06,9501.T,HOLD,10.44913294797688,1,1.1578272175565565,False,0.4150857548883557,12.53495466131979,3.919503623521159,0.0978182408120953,2.777650370355735,2.9865125240847794,3.8960955408717135,65.11804068639108
UP20_SCORE20_NIKKEION_TP4.0_SL1.0_H1,VALIDATION,2023-12-12,9434.T,WIN,3.8564981738389625,1,3.666793621977835,False,1.29191483774298,40.13151817494092,-0.6322107278257882,0.0034921505240095,0.6726550999333534,0.9891245434597407,0.7436676511251774,69.58475793091037
UP20_SCORE20_NIKKEION_TP4.0_SL1.0_H1,VALIDATION,2023-12-20,4751.T,HOLD,4.377563165800658,1,3.2796344993330924,False,0.5968344014660953,15.889307443901632,-6.580945769099788,0.0432022766255002,0.7191332989209253,3.1244795018202653,0.4118260002949004,56.27814074644787
UP20_SCORE20_NIKKEION_TP4.0_SL1.0_H1,VALIDATION,2024-03-08,8331.T,WIN,10.194336414833705,1,5.405307907021086,False,2.693774385595749,36.25104127848698,0.9972018532308002,0.0155313857543469,1.357289321773241,2.573584103708426,1.6865697218534337,73.6374923996679
UP20_SCORE20_NIKKEION_TP4.0_SL1.0_H1,VALIDATION,2024-03-11,8309.T,WIN,9.7796709059245,1,5.456514832612866,False,1.8033243234927052,38.94777737859525,-2.829621941040217,0.0670779999091881,1.2557221617814778,2.469917726481123,1.5724905472866024,64.63927772022649
UP20_SCORE20_NIKKEION_TP4.0_SL1.0_H1,VALIDATION,2024-03-13,9502.T,WIN,9.352818067430947,1,0.3284805989638264,False,-0.3949155550553529,9.336203923379715,-0.4163332885228521,0.0416315849555858,1.3713123246439942,2.363204516857735,1.5435690298745686,53.35620076050401
UP20_SCORE20_NIKKEION_TP4.0_SL1.0_H1,VALIDATION,2024-03-14,8750.T,WIN,9.83825761176641,1,6.723172643826112,False,3.0553242124834457,28.73657296378135,-2.003808894791248,0.0074324154293817,0.7894672961852629,2.4845644029416025,0.7682347991053303,65.40246304310125
UP20_SCORE20_NIKKEION_TP4.0_SL1.0_H1,VALIDATION,2024-03-18,3289.T,WIN,10.456607692483834,1,3.1788561124538144,False,1.0067788984315262,36.8627274994429,2.9795236379785983,0.0993729974623696,1.2184818060410647,2.6391519231209566,1.515077338343676,70.79072631991961
UP20_SCORE20_NIKKEION_TP4.0_SL1.0_H1,VALIDATION,2024-03-19,8801.T,HOLD,8.495777150300976,1,9.773150047748146,False,2.115825121948145,32.446154882604525,5.3761017561049895,0.122181980734735,1.510534167150447,2.8278956009457774,2.033014039373544,75.61957057625732
UP20_SCORE20_NIKKEION_TP4.0_SL1.0_H1,VALIDATION,2024-04-09,2802.T,HOLD,2.084859200252953,1,-2.0396650901238145,True,0.1140152048729081,11.84818662713996,-0.1054377642351167,0.0248691679840129,0.9442094751373102,2.069009730016713,0.7392609115577428,57.09474121995388
UP20_SCORE20_NIKKEION_TP4.0_SL1.0_H1,VALIDATION,2024-04-10,6762.T,HOLD,4.404569372984535,1,1.7483349542660995,False,-0.7984789682288995,17.61370277586641,-1.2453024400790658,0.0196837125091595,0.8644640211555924,2.5918242589761054,0.6724433305554953,53.10534978918167
UP20_SCORE20_NIKKEION_TP4.0_SL1.0_H1,VALIDATION,2024-04-24,8306.T,HOLD,7.140239660000736,1,5.791235339906379,False,0.4467188060413019,17.604649912322607,0.4799929191379393,0.0388005802676905,0.8113443422931543,2.263652438436166,0.8313150105569843,58.02624765264058
UP20_SCORE20_NIKKEION_TP4.0_SL1.0_H1,VALIDATION,2024-04-26,6506.T,HOLD,7.5832116635503715,1,4.608123466613713,False,-0.2466751805144218,15.375926432937815,-3.6363626563306606,0.0401719323174898,0.7309661134065686,3.3302363521135803,0.5926472185540254,52.826725832596445
UP30_SCORE80_NIKKEION_TP3.5_SL1.0_H1,VALIDATION,2022-06-24,7211.T,HOLD,11.175615019526564,1,20.002268211229577,False,4.349113502823965,42.1196056280957,-8.606548698090188,0.0025616573777389,1.480431990860245,4.339395390652548,1.9367317893950209,57.01585206707608
UP30_SCORE80_NIKKEION_TP3.5_SL1.0_H1,VALIDATION,2022-06-27,2501.T,WIN,7.283174643453927,1,9.820015702889275,False,1.5644775018713195,43.76912496196353,0.2368803875811176,0.0039577750676822,1.6676743248690045,2.109478469558268,1.781581355293611,70.83940742006217
UP30_SCORE80_NIKKEION_TP3.5_SL1.0_H1,VALIDATION,2022-06-28,4578.T,WIN,7.028041577491873,1,2.811500618425085,False,0.7797949709401619,18.15203011575664,2.8767849656501365,0.0818878776719227,1.363859459093525,2.0365833078548183,1.6896963851379687,77.64753835884625
UP30_SCORE80_NIKKEION_TP3.5_SL1.0_H1,VALIDATION,2022-06-29,9501.T,LOSS,-3.9572251007484183,1,8.88196224656258,False,0.6706528765352271,22.37396857143523,5.272727272727273,0.204249264353729,2.005658483470548,3.857225100748418,2.7880650383729697,72.51589607440937
UP30_SCORE80_NIKKEION_TP3.5_SL1.0_H1,VALIDATION,2022-06-30,9501.T,HOLD,2.016402116402116,1,8.69955156950672,False,1.466418212752152,24.51597202150592,-2.072538860103623,0.19025697032202,1.2002946002712256,4.115226337448563,2.0613896712206934,67.97537846674064
UP30_SCORE80_NIKKEION_TP3.5_SL1.0_H1,VALIDATION,2022-08-26,3402.T,WIN,6.465389484547013,1,4.715826557188758,False,1.3227068499944927,23.326868980224702,2.1349419667568537,0.0451499048489812,2.120364579714173,1.87582556701343,1.8661862363859685,71.48351885781872
UP30_SCORE80_NIKKEION_TP3.5_SL1.0_H1,VALIDATION,2022-09-08,6963.T,WIN,9.16016227966986,1,3.389358493787343,False,1.450911551849754,17.181027533475167,1.1029514224850656,0.0575267132257677,1.5761652398423698,2.645760651334246,1.9134264834457844,63.69425087590122
UP30_SCORE80_NIKKEION_TP3.5_SL1.0_H1,VALIDATION,2022-09-09,8233.T,WIN,7.05329659544608,1,7.105545004350923,False,2.419994828977501,47.07602457680796,1.4067191098883436,0.0424264355421359,1.5726287733935918,2.043799027270306,2.0167180592190808,84.96763309537195
UP30_SCORE80_NIKKEION_TP3.5_SL1.0_H1,VALIDATION,2022-09-12,3099.T,WIN,8.798181811633732,1,0.7190452600000207,False,2.762599012130851,32.50220295696049,4.701928889725493,0.0900232111163203,1.2789892584444156,2.54233766046678,1.6376233727228475,80.32291358388707
UP30_SCORE80_NIKKEION_TP3.5_SL1.0_H1,VALIDATION,2022-09-13,6762.T,HOLD,4.55946891217528,1,9.463813495840416,False,1.1505973027165384,23.741570665434217,3.5363485256876714,0.0267329113111032,1.529791393965503,2.3772466104535024,1.9478991951222084,70.83421513435317
UP30_SCORE80_NIKKEION_TP3.5_SL1.0_H1,VALIDATION,2022-10-04,4502.T,WIN,5.693901702022053,1,0.1784752662705485,False,0.0923229281194926,12.91568892333423,1.3032940182379882,0.0434328521808546,1.4568342799069054,1.6554004862920173,1.980215777578708,61.542227510413
UP30_SCORE80_NIKKEION_TP3.5_SL1.0_H1,VALIDATION,2022-10-14,8252.T,LOSS,-2.4442579470050907,1,2.389445668348921,False,0.5022998885166441,13.699459371716976,1.0879489875212478,0.0305650495027016,1.5028310064366206,2.4005326238092,1.7893257501729267,61.433450449673664
UP30_SCORE80_NIKKEION_TP3.5_SL1.0_H1,VALIDATION,2022-12-14,4183.T,WIN,6.467602678315155,1,4.047842666128099,False,1.735151101832666,33.47960405091145,1.4353983141801807,0.0171772644233658,1.467974580070142,1.8764579080900419,1.530005084442979,66.28826055987322
UP30_SCORE80_NIKKEION_TP3.5_SL1.0_H1,VALIDATION,2023-01-04,8306.T,LOSS,-2.5587527687580547,1,9.942721833814636,False,4.004071511887508,53.97241962566525,3.140323074040752,0.0772790598147473,1.5402472630176538,2.5207313198785037,1.7562880669658096,80.2377668052138
UP30_SCORE80_NIKKEION_TP3.5_SL1.0_H1,VALIDATION,2023-01-12,8795.T,LOSS,-2.7453695800282008,1,13.347418043336852,False,3.631370741500861,41.89053345181456,1.373349552942793,-0.0147676883364578,1.2388590074410453,2.7172509089875936,1.5983048518463,71.32842362367616
UP30_SCORE80_NIKKEION_TP3.5_SL1.0_H1,VALIDATION,2023-03-10,7532.T,HOLD,2.5956173520402026,1,3.57934608370132,False,1.880228685350693,28.13455632423358,-2.921340206282974,0.0131222127276182,1.491419817093107,2.5463457920216275,1.7096566069760155,58.657926704217566
UP30_SCORE80_NIKKEION_TP3.5_SL1.0_H1,VALIDATION,2023-03-23,2282.T,WIN,4.632136908608653,1,1.7935028429780078,False,0.8430250161032271,22.46676756670302,2.213557995259552,0.0245550521425392,1.4819834848611226,1.3520391167453294,1.6059746686702747,66.90274959696077
UP30_SCORE80_NIKKEION_TP3.5_SL1.0_H1,VALIDATION,2023-05-02,4062.T,HOLD,1.0139579242476215,1,4.013966551592089,False,1.802827796504003,20.67844708573587,9.00735727262434,0.1648387926054175,2.2486169616892635,3.1848252355601923,4.576523959366289,74.71698370331268
UP30_SCORE80_NIKKEION_TP3.5_SL1.0_H1,VALIDATION,2023-07-14,3697.T,HOLD,2.6352689429760656,1,4.414202111466844,False,0.9825434478655692,14.066035777668535,11.423477609773958,0.2445951797241883,3.1735855666491504,3.664836270819342,5.869603952377096,73.90035206959334
UP30_SCORE80_NIKKEION_TP3.5_SL1.0_H1,VALIDATION,2023-07-18,3697.T,HOLD,3.523970101615148,1,4.9953295049275175,False,2.044955701868667,17.111553296105495,2.299582343674889,0.2528169654791361,1.6606525716609066,3.758092130501045,3.6132920490987503,75.56989565836771
UP30_SCORE80_NIKKEION_TP3.5_SL1.0_H1,VALIDATION,2023-07-19,3697.T,TIMEOUT_LOSS,-2.2265375704661805,1,5.567456335180463,False,3.178951129004992,20.179742269010724,3.184516937369808,0.2654910535496504,1.1688741037667625,3.7680333712417116,2.7744672503003995,77.74209892609204
UP30_SCORE80_NIKKEION_TP3.5_SL1.0_H1,VALIDATION,2023-08-02,2871.T,WIN,5.292393093758474,1,3.8189108712657336,False,0.7242951919965934,34.654865155400365,-0.3352535094952369,0.0165360395766838,1.8527815891231132,1.5406837410738485,2.5689084895259096,68.58018561012706
UP30_SCORE80_NIKKEION_TP3.5_SL1.0_H1,VALIDATION,2023-08-10,1605.T,WIN,10.14936860520338,1,11.164981718369583,False,3.493592257604239,52.83446425483549,12.463460383201651,0.1554229117371919,2.79979946927813,2.9283910300581084,4.34619726101322,79.77015775754742
UP30_SCORE80_NIKKEION_TP3.5_SL1.0_H1,VALIDATION,2023-08-23,7261.T,WIN,9.182580047210122,1,5.953331285872705,False,1.9455717693589447,12.708498948693068,1.9993264348709736,0.0386591443652704,1.6638416589958922,2.652165727774321,1.5720263859369508,64.21075613369555
UP30_SCORE80_NIKKEION_TP3.5_SL1.0_H1,VALIDATION,2023-08-28,6113.T,WIN,7.323009198572639,1,2.0495189820741966,False,1.2136642361419758,13.1843960890482,2.1775693976564536,0.045055261327477,1.8592336349121876,2.1208597710207515,1.5424862573680376,68.72876119221075
UP30_SCORE80_NIKKEION_TP3.5_SL1.0_H1,VALIDATION,2023-09-21,9501.T,HOLD,2.430923944535668,1,12.439084434745476,False,3.3705390033044846,55.35845466158926,3.1764129913268717,0.1079233947128065,1.2387773526238668,2.8613704298891873,1.684289366876984,77.03312199329181
UP30_SCORE80_NIKKEION_TP3.5_SL1.0_H1,VALIDATION,2023-09-26,8795.T,LOSS,-2.598671049358936,1,8.073776484220787,False,2.6441221533526127,40.65925639038708,0.3276185569456968,0.031178315543677,1.4798864527695812,2.562704607466282,1.5836332714471573,67.81712545659161
UP30_SCORE80_NIKKEION_TP3.5_SL1.0_H1,VALIDATION,2023-09-27,8697.T,LOSS,-2.075594545046533,1,3.3470779308842338,False,1.4497709058478805,32.77614038546648,3.4413909652475594,0.0834387115714591,1.6005725384357377,2.015410892703044,2.222029709001226,79.38085439124544
UP30_SCORE80_NIKKEION_TP3.5_SL1.0_H1,VALIDATION,2023-09-28,7211.T,LOSS,-2.7868180437806034,1,9.117007954978993,False,3.450040277711963,39.29149553083054,1.8863381236379428,0.0571909307090926,1.5897506486632105,2.7610011200634483,2.021996336198152,71.69805481165484
UP30_SCORE80_NIKKEION_TP3.5_SL1.0_H1,VALIDATION,2023-09-29,4519.T,LOSS,-2.446928996996245,1,5.059909895761967,False,0.93704686797198,28.12251682599573,0.1516356839443844,0.1048133624170686,1.5080802597375482,2.4033335284704487,2.628650714220726,65.25518100416157
UP30_SCORE80_NIKKEION_TP3.5_SL1.0_H1,VALIDATION,2023-10-18,4507.T,LOSS,-1.7920908594384333,1,6.174252138377524,False,1.508448710992938,30.56928773003908,3.0333842872701577,0.0563860137291234,1.4191308355962604,1.7212153876847047,2.0595506434959647,72.3994575020153
UP30_SCORE80_NIKKEION_TP3.5_SL1.0_H1,VALIDATION,2023-10-31,8354.T,LOSS,-2.778247518823007,1,6.990528763368678,False,0.7896743702185294,20.80181074330227,1.9845406507217331,0.061751516195736,1.2017489922798388,2.7519515941115085,1.8450726385902343,64.8150694647926
UP30_SCORE80_NIKKEION_TP3.5_SL1.0_H1,VALIDATION,2023-12-06,9501.T,WIN,10.352793834296737,1,1.1578272175565565,False,0.4150857548883557,12.53495466131979,3.919503623521159,0.0978182408120953,2.777650370355735,2.9865125240847794,3.8960955408717135,65.11804068639108
UP30_SCORE80_NIKKEION_TP3.5_SL1.0_H1,VALIDATION,2024-03-08,8331.T,WIN,8.90754436297948,1,5.405307907021086,False,2.693774385595749,36.25104127848698,0.9972018532308002,0.0155313857543469,1.357289321773241,2.573584103708426,1.6865697218534337,73.6374923996679
UP30_SCORE80_NIKKEION_TP3.5_SL1.0_H1,VALIDATION,2024-03-11,8309.T,WIN,8.544712042683933,1,5.456514832612866,False,1.8033243234927052,38.94777737859525,-2.829621941040217,0.0670779999091881,1.2557221617814778,2.469917726481123,1.5724905472866024,64.63927772022649
UP30_SCORE80_NIKKEION_TP3.5_SL1.0_H1,VALIDATION,2024-03-18,3289.T,WIN,9.13703173092334,1,3.1788561124538144,False,1.0067788984315262,36.8627274994429,2.9795236379785983,0.0993729974623696,1.2184818060410647,2.6391519231209566,1.515077338343676,70.79072631991961
UP30_SCORE80_NIKKEION_TP3.5_SL1.0_H1,VALIDATION,2024-03-19,8801.T,HOLD,8.495777150300976,1,9.773150047748146,False,2.115825121948145,32.446154882604525,5.3761017561049895,0.122181980734735,1.510534167150447,2.8278956009457774,2.033014039373544,75.61957057625732
UP20_SCORE80_NIKKEION_TP3.5_SL1.25_H1,VALIDATION,2022-06-24,7211.T,HOLD,11.175615019526564,1,20.002268211229577,False,4.349113502823965,42.1196056280957,-8.606548698090188,0.0025616573777389,1.480431990860245,4.339395390652548,1.9367317893950209,57.01585206707608
UP20_SCORE80_NIKKEION_TP3.5_SL1.25_H1,VALIDATION,2022-06-27,2501.T,WIN,7.283174643453927,1,9.820015702889275,False,1.5644775018713195,43.76912496196353,0.2368803875811176,0.0039577750676822,1.6676743248690045,2.109478469558268,1.781581355293611,70.83940742006217
UP20_SCORE80_NIKKEION_TP3.5_SL1.25_H1,VALIDATION,2022-06-28,4578.T,WIN,7.028041577491873,1,2.811500618425085,False,0.7797949709401619,18.15203011575664,2.8767849656501365,0.0818878776719227,1.363859459093525,2.0365833078548183,1.6896963851379687,77.64753835884625
UP20_SCORE80_NIKKEION_TP3.5_SL1.25_H1,VALIDATION,2022-06-29,9501.T,TIMEOUT_LOSS,-2.1725388601036233,1,8.88196224656258,False,0.6706528765352271,22.37396857143523,5.272727272727273,0.204249264353729,2.005658483470548,3.857225100748418,2.7880650383729697,72.51589607440937
UP20_SCORE80_NIKKEION_TP3.5_SL1.25_H1,VALIDATION,2022-06-30,9501.T,HOLD,2.016402116402116,1,8.69955156950672,False,1.466418212752152,24.51597202150592,-2.072538860103623,0.19025697032202,1.2002946002712256,4.115226337448563,2.0613896712206934,67.97537846674064
UP20_SCORE80_NIKKEION_TP3.5_SL1.25_H1,VALIDATION,2022-08-26,3402.T,WIN,6.465389484547013,1,4.715826557188758,False,1.3227068499944927,23.326868980224702,2.1349419667568537,0.0451499048489812,2.120364579714173,1.87582556701343,1.8661862363859685,71.48351885781872
UP20_SCORE80_NIKKEION_TP3.5_SL1.25_H1,VALIDATION,2022-09-08,6963.T,WIN,9.16016227966986,1,3.389358493787343,False,1.450911551849754,17.181027533475167,1.1029514224850656,0.0575267132257677,1.5761652398423698,2.645760651334246,1.9134264834457844,63.69425087590122
UP20_SCORE80_NIKKEION_TP3.5_SL1.25_H1,VALIDATION,2022-09-09,8233.T,WIN,7.05329659544608,1,7.105545004350923,False,2.419994828977501,47.07602457680796,1.4067191098883436,0.0424264355421359,1.5726287733935918,2.043799027270306,2.0167180592190808,84.96763309537195
UP20_SCORE80_NIKKEION_TP3.5_SL1.25_H1,VALIDATION,2022-09-12,3099.T,WIN,8.798181811633732,1,0.7190452600000207,False,2.762599012130851,32.50220295696049,4.701928889725493,0.0900232111163203,1.2789892584444156,2.54233766046678,1.6376233727228475,80.32291358388707
UP20_SCORE80_NIKKEION_TP3.5_SL1.25_H1,VALIDATION,2022-09-13,6762.T,HOLD,4.55946891217528,1,9.463813495840416,False,1.1505973027165384,23.741570665434217,3.5363485256876714,0.0267329113111032,1.529791393965503,2.3772466104535024,1.9478991951222084,70.83421513435317
UP20_SCORE80_NIKKEION_TP3.5_SL1.25_H1,VALIDATION,2022-10-04,4502.T,WIN,5.693901702022053,1,0.1784752662705485,False,0.0923229281194926,12.91568892333423,1.3032940182379882,0.0434328521808546,1.4568342799069054,1.6554004862920173,1.980215777578708,61.542227510413
UP20_SCORE80_NIKKEION_TP3.5_SL1.25_H1,VALIDATION,2022-10-14,8252.T,LOSS,-3.0132489164464205,1,2.389445668348921,False,0.5022998885166441,13.699459371716976,1.0879489875212478,0.0305650495027016,1.5028310064366206,2.4005326238092,1.7893257501729267,61.433450449673664
UP20_SCORE80_NIKKEION_TP3.5_SL1.25_H1,VALIDATION,2022-12-14,4183.T,WIN,6.467602678315155,1,4.047842666128099,False,1.735151101832666,33.47960405091145,1.4353983141801807,0.0171772644233658,1.467974580070142,1.8764579080900419,1.530005084442979,66.28826055987322
UP20_SCORE80_NIKKEION_TP3.5_SL1.25_H1,VALIDATION,2023-01-04,8306.T,LOSS,-3.1546643001832964,1,9.942721833814636,False,4.004071511887508,53.97241962566525,3.140323074040752,0.0772790598147473,1.5402472630176538,2.5207313198785037,1.7562880669658096,80.2377668052138
UP20_SCORE80_NIKKEION_TP3.5_SL1.25_H1,VALIDATION,2023-01-12,8795.T,LOSS,-3.3849869635746654,1,13.347418043336852,False,3.631370741500861,41.89053345181456,1.373349552942793,-0.0147676883364578,1.2388590074410453,2.7172509089875936,1.5983048518463,71.32842362367616
UP20_SCORE80_NIKKEION_TP3.5_SL1.25_H1,VALIDATION,2023-03-10,7532.T,HOLD,2.5956173520402026,1,3.57934608370132,False,1.880228685350693,28.13455632423358,-2.921340206282974,0.0131222127276182,1.491419817093107,2.5463457920216275,1.7096566069760155,58.657926704217566
UP20_SCORE80_NIKKEION_TP3.5_SL1.25_H1,VALIDATION,2023-03-23,2282.T,WIN,4.632136908608653,1,1.7935028429780078,False,0.8430250161032271,22.46676756670302,2.213557995259552,0.0245550521425392,1.4819834848611226,1.3520391167453294,1.6059746686702747,66.90274959696077
UP20_SCORE80_NIKKEION_TP3.5_SL1.25_H1,VALIDATION,2023-05-02,4062.T,HOLD,1.0139579242476215,1,4.013966551592089,False,1.802827796504003,20.67844708573587,9.00735727262434,0.1648387926054175,2.2486169616892635,3.1848252355601923,4.576523959366289,74.71698370331268
UP20_SCORE80_NIKKEION_TP3.5_SL1.25_H1,VALIDATION,2023-07-14,3697.T,HOLD,2.6352689429760656,1,4.414202111466844,False,0.9825434478655692,14.066035777668535,11.423477609773958,0.2445951797241883,3.1735855666491504,3.664836270819342,5.869603952377096,73.90035206959334
UP20_SCORE80_NIKKEION_TP3.5_SL1.25_H1,VALIDATION,2023-07-18,3697.T,HOLD,3.523970101615148,1,4.9953295049275175,False,2.044955701868667,17.111553296105495,2.299582343674889,0.2528169654791361,1.6606525716609066,3.758092130501045,3.6132920490987503,75.56989565836771
UP20_SCORE80_NIKKEION_TP3.5_SL1.25_H1,VALIDATION,2023-07-19,3697.T,TIMEOUT_LOSS,-2.2265375704661805,1,5.567456335180463,False,3.178951129004992,20.179742269010724,3.184516937369808,0.2654910535496504,1.1688741037667625,3.7680333712417116,2.7744672503003995,77.74209892609204
UP20_SCORE80_NIKKEION_TP3.5_SL1.25_H1,VALIDATION,2023-08-02,2871.T,WIN,5.292393093758474,1,3.8189108712657336,False,0.7242951919965934,34.654865155400365,-0.3352535094952369,0.0165360395766838,1.8527815891231132,1.5406837410738485,2.5689084895259096,68.58018561012706
UP20_SCORE80_NIKKEION_TP3.5_SL1.25_H1,VALIDATION,2023-08-10,1605.T,WIN,10.14936860520338,1,11.164981718369583,False,3.493592257604239,52.83446425483549,12.463460383201651,0.1554229117371919,2.79979946927813,2.9283910300581084,4.34619726101322,79.77015775754742
UP20_SCORE80_NIKKEION_TP3.5_SL1.25_H1,VALIDATION,2023-08-23,7261.T,WIN,9.182580047210122,1,5.953331285872705,False,1.9455717693589447,12.708498948693068,1.9993264348709736,0.0386591443652704,1.6638416589958922,2.652165727774321,1.5720263859369508,64.21075613369555
UP20_SCORE80_NIKKEION_TP3.5_SL1.25_H1,VALIDATION,2023-08-28,6113.T,WIN,7.323009198572639,1,2.0495189820741966,False,1.2136642361419758,13.1843960890482,2.1775693976564536,0.045055261327477,1.8592336349121876,2.1208597710207515,1.5424862573680376,68.72876119221075
UP20_SCORE80_NIKKEION_TP3.5_SL1.25_H1,VALIDATION,2023-09-21,9501.T,HOLD,2.430923944535668,1,12.439084434745476,False,3.3705390033044846,55.35845466158926,3.1764129913268717,0.1079233947128065,1.2387773526238668,2.8613704298891873,1.684289366876984,77.03312199329181
UP20_SCORE80_NIKKEION_TP3.5_SL1.25_H1,VALIDATION,2023-09-26,8795.T,LOSS,-3.203949440186482,1,8.073776484220787,False,2.6441221533526127,40.65925639038708,0.3276185569456968,0.031178315543677,1.4798864527695812,2.562704607466282,1.5836332714471573,67.81712545659161
UP20_SCORE80_NIKKEION_TP3.5_SL1.25_H1,VALIDATION,2023-09-27,8697.T,LOSS,-2.5573563318968318,1,3.3470779308842338,False,1.4497709058478805,32.77614038546648,3.4413909652475594,0.0834387115714591,1.6005725384357377,2.015410892703044,2.222029709001226,79.38085439124544
UP20_SCORE80_NIKKEION_TP3.5_SL1.25_H1,VALIDATION,2023-09-28,7211.T,LOSS,-3.436113728322343,1,9.117007954978993,False,3.450040277711963,39.29149553083054,1.8863381236379428,0.0571909307090926,1.5897506486632105,2.7610011200634483,2.021996336198152,71.69805481165484
UP20_SCORE80_NIKKEION_TP3.5_SL1.25_H1,VALIDATION,2023-09-29,4519.T,LOSS,-3.016548913206396,1,5.059909895761967,False,0.93704686797198,28.12251682599573,0.1516356839443844,0.1048133624170686,1.5080802597375482,2.4033335284704487,2.628650714220726,65.25518100416157
UP20_SCORE80_NIKKEION_TP3.5_SL1.25_H1,VALIDATION,2023-10-18,4507.T,LOSS,-2.206203853576172,1,6.174252138377524,False,1.508448710992938,30.56928773003908,3.0333842872701577,0.0563860137291234,1.4191308355962604,1.7212153876847047,2.0595506434959647,72.3994575020153
UP20_SCORE80_NIKKEION_TP3.5_SL1.25_H1,VALIDATION,2023-10-31,8354.T,LOSS,-3.425542831436179,1,6.990528763368678,False,0.7896743702185294,20.80181074330227,1.9845406507217331,0.061751516195736,1.2017489922798388,2.7519515941115085,1.8450726385902343,64.8150694647926
UP20_SCORE80_NIKKEION_TP3.5_SL1.25_H1,VALIDATION,2023-12-06,9501.T,WIN,10.352793834296737,1,1.1578272175565565,False,0.4150857548883557,12.53495466131979,3.919503623521159,0.0978182408120953,2.777650370355735,2.9865125240847794,3.8960955408717135,65.11804068639108
UP20_SCORE80_NIKKEION_TP3.5_SL1.25_H1,VALIDATION,2024-03-08,8331.T,WIN,8.90754436297948,1,5.405307907021086,False,2.693774385595749,36.25104127848698,0.9972018532308002,0.0155313857543469,1.357289321773241,2.573584103708426,1.6865697218534337,73.6374923996679
UP20_SCORE80_NIKKEION_TP3.5_SL1.25_H1,VALIDATION,2024-03-11,8309.T,WIN,8.544712042683933,1,5.456514832612866,False,1.8033243234927052,38.94777737859525,-2.829621941040217,0.0670779999091881,1.2557221617814778,2.469917726481123,1.5724905472866024,64.63927772022649
UP20_SCORE80_NIKKEION_TP3.5_SL1.25_H1,VALIDATION,2024-03-18,3289.T,WIN,9.13703173092334,1,3.1788561124538144,False,1.0067788984315262,36.8627274994429,2.9795236379785983,0.0993729974623696,1.2184818060410647,2.6391519231209566,1.515077338343676,70.79072631991961
UP20_SCORE80_NIKKEION_TP3.5_SL1.25_H1,VALIDATION,2024-03-19,8801.T,HOLD,8.495777150300976,1,9.773150047748146,False,2.115825121948145,32.446154882604525,5.3761017561049895,0.122181980734735,1.510534167150447,2.8278956009457774,2.033014039373544,75.61957057625732
UP30_SCORE80_NIKKEION_TP3.5_SL1.25_H1,VALIDATION,2022-06-24,7211.T,HOLD,11.175615019526564,1,20.002268211229577,False,4.349113502823965,42.1196056280957,-8.606548698090188,0.0025616573777389,1.480431990860245,4.339395390652548,1.9367317893950209,57.01585206707608
UP30_SCORE80_NIKKEION_TP3.5_SL1.25_H1,VALIDATION,2022-06-27,2501.T,WIN,7.283174643453927,1,9.820015702889275,False,1.5644775018713195,43.76912496196353,0.2368803875811176,0.0039577750676822,1.6676743248690045,2.109478469558268,1.781581355293611,70.83940742006217
UP30_SCORE80_NIKKEION_TP3.5_SL1.25_H1,VALIDATION,2022-06-28,4578.T,WIN,7.028041577491873,1,2.811500618425085,False,0.7797949709401619,18.15203011575664,2.8767849656501365,0.0818878776719227,1.363859459093525,2.0365833078548183,1.6896963851379687,77.64753835884625
UP30_SCORE80_NIKKEION_TP3.5_SL1.25_H1,VALIDATION,2022-06-29,9501.T,TIMEOUT_LOSS,-2.1725388601036233,1,8.88196224656258,False,0.6706528765352271,22.37396857143523,5.272727272727273,0.204249264353729,2.005658483470548,3.857225100748418,2.7880650383729697,72.51589607440937
UP30_SCORE80_NIKKEION_TP3.5_SL1.25_H1,VALIDATION,2022-06-30,9501.T,HOLD,2.016402116402116,1,8.69955156950672,False,1.466418212752152,24.51597202150592,-2.072538860103623,0.19025697032202,1.2002946002712256,4.115226337448563,2.0613896712206934,67.97537846674064
UP30_SCORE80_NIKKEION_TP3.5_SL1.25_H1,VALIDATION,2022-08-26,3402.T,WIN,6.465389484547013,1,4.715826557188758,False,1.3227068499944927,23.326868980224702,2.1349419667568537,0.0451499048489812,2.120364579714173,1.87582556701343,1.8661862363859685,71.48351885781872
UP30_SCORE80_NIKKEION_TP3.5_SL1.25_H1,VALIDATION,2022-09-08,6963.T,WIN,9.16016227966986,1,3.389358493787343,False,1.450911551849754,17.181027533475167,1.1029514224850656,0.0575267132257677,1.5761652398423698,2.645760651334246,1.9134264834457844,63.69425087590122
UP30_SCORE80_NIKKEION_TP3.5_SL1.25_H1,VALIDATION,2022-09-09,8233.T,WIN,7.05329659544608,1,7.105545004350923,False,2.419994828977501,47.07602457680796,1.4067191098883436,0.0424264355421359,1.5726287733935918,2.043799027270306,2.0167180592190808,84.96763309537195
UP30_SCORE80_NIKKEION_TP3.5_SL1.25_H1,VALIDATION,2022-09-12,3099.T,WIN,8.798181811633732,1,0.7190452600000207,False,2.762599012130851,32.50220295696049,4.701928889725493,0.0900232111163203,1.2789892584444156,2.54233766046678,1.6376233727228475,80.32291358388707
UP30_SCORE80_NIKKEION_TP3.5_SL1.25_H1,VALIDATION,2022-09-13,6762.T,HOLD,4.55946891217528,1,9.463813495840416,False,1.1505973027165384,23.741570665434217,3.5363485256876714,0.0267329113111032,1.529791393965503,2.3772466104535024,1.9478991951222084,70.83421513435317
UP30_SCORE80_NIKKEION_TP3.5_SL1.25_H1,VALIDATION,2022-10-04,4502.T,WIN,5.693901702022053,1,0.1784752662705485,False,0.0923229281194926,12.91568892333423,1.3032940182379882,0.0434328521808546,1.4568342799069054,1.6554004862920173,1.980215777578708,61.542227510413
UP30_SCORE80_NIKKEION_TP3.5_SL1.25_H1,VALIDATION,2022-10-14,8252.T,LOSS,-3.0132489164464205,1,2.389445668348921,False,0.5022998885166441,13.699459371716976,1.0879489875212478,0.0305650495027016,1.5028310064366206,2.4005326238092,1.7893257501729267,61.433450449673664
UP30_SCORE80_NIKKEION_TP3.5_SL1.25_H1,VALIDATION,2022-12-14,4183.T,WIN,6.467602678315155,1,4.047842666128099,False,1.735151101832666,33.47960405091145,1.4353983141801807,0.0171772644233658,1.467974580070142,1.8764579080900419,1.530005084442979,66.28826055987322
UP30_SCORE80_NIKKEION_TP3.5_SL1.25_H1,VALIDATION,2023-01-04,8306.T,LOSS,-3.1546643001832964,1,9.942721833814636,False,4.004071511887508,53.97241962566525,3.140323074040752,0.0772790598147473,1.5402472630176538,2.5207313198785037,1.7562880669658096,80.2377668052138
UP30_SCORE80_NIKKEION_TP3.5_SL1.25_H1,VALIDATION,2023-01-12,8795.T,LOSS,-3.3849869635746654,1,13.347418043336852,False,3.631370741500861,41.89053345181456,1.373349552942793,-0.0147676883364578,1.2388590074410453,2.7172509089875936,1.5983048518463,71.32842362367616
UP30_SCORE80_NIKKEION_TP3.5_SL1.25_H1,VALIDATION,2023-03-10,7532.T,HOLD,2.5956173520402026,1,3.57934608370132,False,1.880228685350693,28.13455632423358,-2.921340206282974,0.0131222127276182,1.491419817093107,2.5463457920216275,1.7096566069760155,58.657926704217566
UP30_SCORE80_NIKKEION_TP3.5_SL1.25_H1,VALIDATION,2023-03-23,2282.T,WIN,4.632136908608653,1,1.7935028429780078,False,0.8430250161032271,22.46676756670302,2.213557995259552,0.0245550521425392,1.4819834848611226,1.3520391167453294,1.6059746686702747,66.90274959696077
UP30_SCORE80_NIKKEION_TP3.5_SL1.25_H1,VALIDATION,2023-05-02,4062.T,HOLD,1.0139579242476215,1,4.013966551592089,False,1.802827796504003,20.67844708573587,9.00735727262434,0.1648387926054175,2.2486169616892635,3.1848252355601923,4.576523959366289,74.71698370331268
UP30_SCORE80_NIKKEION_TP3.5_SL1.25_H1,VALIDATION,2023-07-14,3697.T,HOLD,2.6352689429760656,1,4.414202111466844,False,0.9825434478655692,14.066035777668535,11.423477609773958,0.2445951797241883,3.1735855666491504,3.664836270819342,5.869603952377096,73.90035206959334
UP30_SCORE80_NIKKEION_TP3.5_SL1.25_H1,VALIDATION,2023-07-18,3697.T,HOLD,3.523970101615148,1,4.9953295049275175,False,2.044955701868667,17.111553296105495,2.299582343674889,0.2528169654791361,1.6606525716609066,3.758092130501045,3.6132920490987503,75.56989565836771
UP30_SCORE80_NIKKEION_TP3.5_SL1.25_H1,VALIDATION,2023-07-19,3697.T,TIMEOUT_LOSS,-2.2265375704661805,1,5.567456335180463,False,3.178951129004992,20.179742269010724,3.184516937369808,0.2654910535496504,1.1688741037667625,3.7680333712417116,2.7744672503003995,77.74209892609204
UP30_SCORE80_NIKKEION_TP3.5_SL1.25_H1,VALIDATION,2023-08-02,2871.T,WIN,5.292393093758474,1,3.8189108712657336,False,0.7242951919965934,34.654865155400365,-0.3352535094952369,0.0165360395766838,1.8527815891231132,1.5406837410738485,2.5689084895259096,68.58018561012706
UP30_SCORE80_NIKKEION_TP3.5_SL1.25_H1,VALIDATION,2023-08-10,1605.T,WIN,10.14936860520338,1,11.164981718369583,False,3.493592257604239,52.83446425483549,12.463460383201651,0.1554229117371919,2.79979946927813,2.9283910300581084,4.34619726101322,79.77015775754742
UP30_SCORE80_NIKKEION_TP3.5_SL1.25_H1,VALIDATION,2023-08-23,7261.T,WIN,9.182580047210122,1,5.953331285872705,False,1.9455717693589447,12.708498948693068,1.9993264348709736,0.0386591443652704,1.6638416589958922,2.652165727774321,1.5720263859369508,64.21075613369555
UP30_SCORE80_NIKKEION_TP3.5_SL1.25_H1,VALIDATION,2023-08-28,6113.T,WIN,7.323009198572639,1,2.0495189820741966,False,1.2136642361419758,13.1843960890482,2.1775693976564536,0.045055261327477,1.8592336349121876,2.1208597710207515,1.5424862573680376,68.72876119221075
UP30_SCORE80_NIKKEION_TP3.5_SL1.25_H1,VALIDATION,2023-09-21,9501.T,HOLD,2.430923944535668,1,12.439084434745476,False,3.3705390033044846,55.35845466158926,3.1764129913268717,0.1079233947128065,1.2387773526238668,2.8613704298891873,1.684289366876984,77.03312199329181
UP30_SCORE80_NIKKEION_TP3.5_SL1.25_H1,VALIDATION,2023-09-26,8795.T,LOSS,-3.203949440186482,1,8.073776484220787,False,2.6441221533526127,40.65925639038708,0.3276185569456968,0.031178315543677,1.4798864527695812,2.562704607466282,1.5836332714471573,67.81712545659161
UP30_SCORE80_NIKKEION_TP3.5_SL1.25_H1,VALIDATION,2023-09-27,8697.T,LOSS,-2.5573563318968318,1,3.3470779308842338,False,1.4497709058478805,32.77614038546648,3.4413909652475594,0.0834387115714591,1.6005725384357377,2.015410892703044,2.222029709001226,79.38085439124544
UP30_SCORE80_NIKKEION_TP3.5_SL1.25_H1,VALIDATION,2023-09-28,7211.T,LOSS,-3.436113728322343,1,9.117007954978993,False,3.450040277711963,39.29149553083054,1.8863381236379428,0.0571909307090926,1.5897506486632105,2.7610011200634483,2.021996336198152,71.69805481165484
UP30_SCORE80_NIKKEION_TP3.5_SL1.25_H1,VALIDATION,2023-09-29,4519.T,LOSS,-3.016548913206396,1,5.059909895761967,False,0.93704686797198,28.12251682599573,0.1516356839443844,0.1048133624170686,1.5080802597375482,2.4033335284704487,2.628650714220726,65.25518100416157
UP30_SCORE80_NIKKEION_TP3.5_SL1.25_H1,VALIDATION,2023-10-18,4507.T,LOSS,-2.206203853576172,1,6.174252138377524,False,1.508448710992938,30.56928773003908,3.0333842872701577,0.0563860137291234,1.4191308355962604,1.7212153876847047,2.0595506434959647,72.3994575020153
UP30_SCORE80_NIKKEION_TP3.5_SL1.25_H1,VALIDATION,2023-10-31,8354.T,LOSS,-3.425542831436179,1,6.990528763368678,False,0.7896743702185294,20.80181074330227,1.9845406507217331,0.061751516195736,1.2017489922798388,2.7519515941115085,1.8450726385902343,64.8150694647926
UP30_SCORE80_NIKKEION_TP3.5_SL1.25_H1,VALIDATION,2023-12-06,9501.T,WIN,10.352793834296737,1,1.1578272175565565,False,0.4150857548883557,12.53495466131979,3.919503623521159,0.0978182408120953,2.777650370355735,2.9865125240847794,3.8960955408717135,65.11804068639108
UP30_SCORE80_NIKKEION_TP3.5_SL1.25_H1,VALIDATION,2024-03-08,8331.T,WIN,8.90754436297948,1,5.405307907021086,False,2.693774385595749,36.25104127848698,0.9972018532308002,0.0155313857543469,1.357289321773241,2.573584103708426,1.6865697218534337,73.6374923996679
UP30_SCORE80_NIKKEION_TP3.5_SL1.25_H1,VALIDATION,2024-03-11,8309.T,WIN,8.544712042683933,1,5.456514832612866,False,1.8033243234927052,38.94777737859525,-2.829621941040217,0.0670779999091881,1.2557221617814778,2.469917726481123,1.5724905472866024,64.63927772022649
UP30_SCORE80_NIKKEION_TP3.5_SL1.25_H1,VALIDATION,2024-03-18,3289.T,WIN,9.13703173092334,1,3.1788561124538144,False,1.0067788984315262,36.8627274994429,2.9795236379785983,0.0993729974623696,1.2184818060410647,2.6391519231209566,1.515077338343676,70.79072631991961
UP30_SCORE80_NIKKEION_TP3.5_SL1.25_H1,VALIDATION,2024-03-19,8801.T,HOLD,8.495777150300976,1,9.773150047748146,False,2.115825121948145,32.446154882604525,5.3761017561049895,0.122181980734735,1.510534167150447,2.8278956009457774,2.033014039373544,75.61957057625732
UP25_SCORE80_NIKKEION_TP3.5_SL1.0_H1,VALIDATION,2022-06-24,7211.T,HOLD,11.175615019526564,1,20.002268211229577,False,4.349113502823965,42.1196056280957,-8.606548698090188,0.0025616573777389,1.480431990860245,4.339395390652548,1.9367317893950209,57.01585206707608
UP25_SCORE80_NIKKEION_TP3.5_SL1.0_H1,VALIDATION,2022-06-27,2501.T,WIN,7.283174643453927,1,9.820015702889275,False,1.5644775018713195,43.76912496196353,0.2368803875811176,0.0039577750676822,1.6676743248690045,2.109478469558268,1.781581355293611,70.83940742006217
UP25_SCORE80_NIKKEION_TP3.5_SL1.0_H1,VALIDATION,2022-06-28,4578.T,WIN,7.028041577491873,1,2.811500618425085,False,0.7797949709401619,18.15203011575664,2.8767849656501365,0.0818878776719227,1.363859459093525,2.0365833078548183,1.6896963851379687,77.64753835884625
UP25_SCORE80_NIKKEION_TP3.5_SL1.0_H1,VALIDATION,2022-06-29,9501.T,LOSS,-3.9572251007484183,1,8.88196224656258,False,0.6706528765352271,22.37396857143523,5.272727272727273,0.204249264353729,2.005658483470548,3.857225100748418,2.7880650383729697,72.51589607440937
UP25_SCORE80_NIKKEION_TP3.5_SL1.0_H1,VALIDATION,2022-06-30,9501.T,HOLD,2.016402116402116,1,8.69955156950672,False,1.466418212752152,24.51597202150592,-2.072538860103623,0.19025697032202,1.2002946002712256,4.115226337448563,2.0613896712206934,67.97537846674064
UP25_SCORE80_NIKKEION_TP3.5_SL1.0_H1,VALIDATION,2022-08-26,3402.T,WIN,6.465389484547013,1,4.715826557188758,False,1.3227068499944927,23.326868980224702,2.1349419667568537,0.0451499048489812,2.120364579714173,1.87582556701343,1.8661862363859685,71.48351885781872
UP25_SCORE80_NIKKEION_TP3.5_SL1.0_H1,VALIDATION,2022-09-08,6963.T,WIN,9.16016227966986,1,3.389358493787343,False,1.450911551849754,17.181027533475167,1.1029514224850656,0.0575267132257677,1.5761652398423698,2.645760651334246,1.9134264834457844,63.69425087590122
UP25_SCORE80_NIKKEION_TP3.5_SL1.0_H1,VALIDATION,2022-09-09,8233.T,WIN,7.05329659544608,1,7.105545004350923,False,2.419994828977501,47.07602457680796,1.4067191098883436,0.0424264355421359,1.5726287733935918,2.043799027270306,2.0167180592190808,84.96763309537195
UP25_SCORE80_NIKKEION_TP3.5_SL1.0_H1,VALIDATION,2022-09-12,3099.T,WIN,8.798181811633732,1,0.7190452600000207,False,2.762599012130851,32.50220295696049,4.701928889725493,0.0900232111163203,1.2789892584444156,2.54233766046678,1.6376233727228475,80.32291358388707
UP25_SCORE80_NIKKEION_TP3.5_SL1.0_H1,VALIDATION,2022-09-13,6762.T,HOLD,4.55946891217528,1,9.463813495840416,False,1.1505973027165384,23.741570665434217,3.5363485256876714,0.0267329113111032,1.529791393965503,2.3772466104535024,1.9478991951222084,70.83421513435317
UP25_SCORE80_NIKKEION_TP3.5_SL1.0_H1,VALIDATION,2022-10-04,4502.T,WIN,5.693901702022053,1,0.1784752662705485,False,0.0923229281194926,12.91568892333423,1.3032940182379882,0.0434328521808546,1.4568342799069054,1.6554004862920173,1.980215777578708,61.542227510413
UP25_SCORE80_NIKKEION_TP3.5_SL1.0_H1,VALIDATION,2022-10-14,8252.T,LOSS,-2.4442579470050907,1,2.389445668348921,False,0.5022998885166441,13.699459371716976,1.0879489875212478,0.0305650495027016,1.5028310064366206,2.4005326238092,1.7893257501729267,61.433450449673664
UP25_SCORE80_NIKKEION_TP3.5_SL1.0_H1,VALIDATION,2022-12-14,4183.T,WIN,6.467602678315155,1,4.047842666128099,False,1.735151101832666,33.47960405091145,1.4353983141801807,0.0171772644233658,1.467974580070142,1.8764579080900419,1.530005084442979,66.28826055987322
UP25_SCORE80_NIKKEION_TP3.5_SL1.0_H1,VALIDATION,2023-01-04,8306.T,LOSS,-2.5587527687580547,1,9.942721833814636,False,4.004071511887508,53.97241962566525,3.140323074040752,0.0772790598147473,1.5402472630176538,2.5207313198785037,1.7562880669658096,80.2377668052138
UP25_SCORE80_NIKKEION_TP3.5_SL1.0_H1,VALIDATION,2023-01-12,8795.T,LOSS,-2.7453695800282008,1,13.347418043336852,False,3.631370741500861,41.89053345181456,1.373349552942793,-0.0147676883364578,1.2388590074410453,2.7172509089875936,1.5983048518463,71.32842362367616
UP25_SCORE80_NIKKEION_TP3.5_SL1.0_H1,VALIDATION,2023-03-10,7532.T,HOLD,2.5956173520402026,1,3.57934608370132,False,1.880228685350693,28.13455632423358,-2.921340206282974,0.0131222127276182,1.491419817093107,2.5463457920216275,1.7096566069760155,58.657926704217566
UP25_SCORE80_NIKKEION_TP3.5_SL1.0_H1,VALIDATION,2023-03-23,2282.T,WIN,4.632136908608653,1,1.7935028429780078,False,0.8430250161032271,22.46676756670302,2.213557995259552,0.0245550521425392,1.4819834848611226,1.3520391167453294,1.6059746686702747,66.90274959696077
UP25_SCORE80_NIKKEION_TP3.5_SL1.0_H1,VALIDATION,2023-05-02,4062.T,HOLD,1.0139579242476215,1,4.013966551592089,False,1.802827796504003,20.67844708573587,9.00735727262434,0.1648387926054175,2.2486169616892635,3.1848252355601923,4.576523959366289,74.71698370331268
UP25_SCORE80_NIKKEION_TP3.5_SL1.0_H1,VALIDATION,2023-07-14,3697.T,HOLD,2.6352689429760656,1,4.414202111466844,False,0.9825434478655692,14.066035777668535,11.423477609773958,0.2445951797241883,3.1735855666491504,3.664836270819342,5.869603952377096,73.90035206959334
UP25_SCORE80_NIKKEION_TP3.5_SL1.0_H1,VALIDATION,2023-07-18,3697.T,HOLD,3.523970101615148,1,4.9953295049275175,False,2.044955701868667,17.111553296105495,2.299582343674889,0.2528169654791361,1.6606525716609066,3.758092130501045,3.6132920490987503,75.56989565836771
UP25_SCORE80_NIKKEION_TP3.5_SL1.0_H1,VALIDATION,2023-07-19,3697.T,TIMEOUT_LOSS,-2.2265375704661805,1,5.567456335180463,False,3.178951129004992,20.179742269010724,3.184516937369808,0.2654910535496504,1.1688741037667625,3.7680333712417116,2.7744672503003995,77.74209892609204
UP25_SCORE80_NIKKEION_TP3.5_SL1.0_H1,VALIDATION,2023-08-02,2871.T,WIN,5.292393093758474,1,3.8189108712657336,False,0.7242951919965934,34.654865155400365,-0.3352535094952369,0.0165360395766838,1.8527815891231132,1.5406837410738485,2.5689084895259096,68.58018561012706
UP25_SCORE80_NIKKEION_TP3.5_SL1.0_H1,VALIDATION,2023-08-10,1605.T,WIN,10.14936860520338,1,11.164981718369583,False,3.493592257604239,52.83446425483549,12.463460383201651,0.1554229117371919,2.79979946927813,2.9283910300581084,4.34619726101322,79.77015775754742
UP25_SCORE80_NIKKEION_TP3.5_SL1.0_H1,VALIDATION,2023-08-23,7261.T,WIN,9.182580047210122,1,5.953331285872705,False,1.9455717693589447,12.708498948693068,1.9993264348709736,0.0386591443652704,1.6638416589958922,2.652165727774321,1.5720263859369508,64.21075613369555
UP25_SCORE80_NIKKEION_TP3.5_SL1.0_H1,VALIDATION,2023-08-28,6113.T,WIN,7.323009198572639,1,2.0495189820741966,False,1.2136642361419758,13.1843960890482,2.1775693976564536,0.045055261327477,1.8592336349121876,2.1208597710207515,1.5424862573680376,68.72876119221075
UP25_SCORE80_NIKKEION_TP3.5_SL1.0_H1,VALIDATION,2023-09-21,9501.T,HOLD,2.430923944535668,1,12.439084434745476,False,3.3705390033044846,55.35845466158926,3.1764129913268717,0.1079233947128065,1.2387773526238668,2.8613704298891873,1.684289366876984,77.03312199329181
UP25_SCORE80_NIKKEION_TP3.5_SL1.0_H1,VALIDATION,2023-09-26,8795.T,LOSS,-2.598671049358936,1,8.073776484220787,False,2.6441221533526127,40.65925639038708,0.3276185569456968,0.031178315543677,1.4798864527695812,2.562704607466282,1.5836332714471573,67.81712545659161
UP25_SCORE80_NIKKEION_TP3.5_SL1.0_H1,VALIDATION,2023-09-27,8697.T,LOSS,-2.075594545046533,1,3.3470779308842338,False,1.4497709058478805,32.77614038546648,3.4413909652475594,0.0834387115714591,1.6005725384357377,2.015410892703044,2.222029709001226,79.38085439124544
UP25_SCORE80_NIKKEION_TP3.5_SL1.0_H1,VALIDATION,2023-09-28,7211.T,LOSS,-2.7868180437806034,1,9.117007954978993,False,3.450040277711963,39.29149553083054,1.8863381236379428,0.0571909307090926,1.5897506486632105,2.7610011200634483,2.021996336198152,71.69805481165484
UP25_SCORE80_NIKKEION_TP3.5_SL1.0_H1,VALIDATION,2023-09-29,4519.T,LOSS,-2.446928996996245,1,5.059909895761967,False,0.93704686797198,28.12251682599573,0.1516356839443844,0.1048133624170686,1.5080802597375482,2.4033335284704487,2.628650714220726,65.25518100416157
UP25_SCORE80_NIKKEION_TP3.5_SL1.0_H1,VALIDATION,2023-10-18,4507.T,LOSS,-1.7920908594384333,1,6.174252138377524,False,1.508448710992938,30.56928773003908,3.0333842872701577,0.0563860137291234,1.4191308355962604,1.7212153876847047,2.0595506434959647,72.3994575020153
UP25_SCORE80_NIKKEION_TP3.5_SL1.0_H1,VALIDATION,2023-10-31,8354.T,LOSS,-2.778247518823007,1,6.990528763368678,False,0.7896743702185294,20.80181074330227,1.9845406507217331,0.061751516195736,1.2017489922798388,2.7519515941115085,1.8450726385902343,64.8150694647926
UP25_SCORE80_NIKKEION_TP3.5_SL1.0_H1,VALIDATION,2023-12-06,9501.T,WIN,10.352793834296737,1,1.1578272175565565,False,0.4150857548883557,12.53495466131979,3.919503623521159,0.0978182408120953,2.777650370355735,2.9865125240847794,3.8960955408717135,65.11804068639108
UP25_SCORE80_NIKKEION_TP3.5_SL1.0_H1,VALIDATION,2024-03-08,8331.T,WIN,8.90754436297948,1,5.405307907021086,False,2.693774385595749,36.25104127848698,0.9972018532308002,0.0155313857543469,1.357289321773241,2.573584103708426,1.6865697218534337,73.6374923996679
UP25_SCORE80_NIKKEION_TP3.5_SL1.0_H1,VALIDATION,2024-03-11,8309.T,WIN,8.544712042683933,1,5.456514832612866,False,1.8033243234927052,38.94777737859525,-2.829621941040217,0.0670779999091881,1.2557221617814778,2.469917726481123,1.5724905472866024,64.63927772022649
UP25_SCORE80_NIKKEION_TP3.5_SL1.0_H1,VALIDATION,2024-03-18,3289.T,WIN,9.13703173092334,1,3.1788561124538144,False,1.0067788984315262,36.8627274994429,2.9795236379785983,0.0993729974623696,1.2184818060410647,2.6391519231209566,1.515077338343676,70.79072631991961
UP25_SCORE80_NIKKEION_TP3.5_SL1.0_H1,VALIDATION,2024-03-19,8801.T,HOLD,8.495777150300976,1,9.773150047748146,False,2.115825121948145,32.446154882604525,5.3761017561049895,0.122181980734735,1.510534167150447,2.8278956009457774,2.033014039373544,75.61957057625732
UP25_SCORE80_NIKKEION_TP3.5_SL1.25_H1,VALIDATION,2022-06-24,7211.T,HOLD,11.175615019526564,1,20.002268211229577,False,4.349113502823965,42.1196056280957,-8.606548698090188,0.0025616573777389,1.480431990860245,4.339395390652548,1.9367317893950209,57.01585206707608
UP25_SCORE80_NIKKEION_TP3.5_SL1.25_H1,VALIDATION,2022-06-27,2501.T,WIN,7.283174643453927,1,9.820015702889275,False,1.5644775018713195,43.76912496196353,0.2368803875811176,0.0039577750676822,1.6676743248690045,2.109478469558268,1.781581355293611,70.83940742006217
UP25_SCORE80_NIKKEION_TP3.5_SL1.25_H1,VALIDATION,2022-06-28,4578.T,WIN,7.028041577491873,1,2.811500618425085,False,0.7797949709401619,18.15203011575664,2.8767849656501365,0.0818878776719227,1.363859459093525,2.0365833078548183,1.6896963851379687,77.64753835884625
UP25_SCORE80_NIKKEION_TP3.5_SL1.25_H1,VALIDATION,2022-06-29,9501.T,TIMEOUT_LOSS,-2.1725388601036233,1,8.88196224656258,False,0.6706528765352271,22.37396857143523,5.272727272727273,0.204249264353729,2.005658483470548,3.857225100748418,2.7880650383729697,72.51589607440937
UP25_SCORE80_NIKKEION_TP3.5_SL1.25_H1,VALIDATION,2022-06-30,9501.T,HOLD,2.016402116402116,1,8.69955156950672,False,1.466418212752152,24.51597202150592,-2.072538860103623,0.19025697032202,1.2002946002712256,4.115226337448563,2.0613896712206934,67.97537846674064
UP25_SCORE80_NIKKEION_TP3.5_SL1.25_H1,VALIDATION,2022-08-26,3402.T,WIN,6.465389484547013,1,4.715826557188758,False,1.3227068499944927,23.326868980224702,2.1349419667568537,0.0451499048489812,2.120364579714173,1.87582556701343,1.8661862363859685,71.48351885781872
UP25_SCORE80_NIKKEION_TP3.5_SL1.25_H1,VALIDATION,2022-09-08,6963.T,WIN,9.16016227966986,1,3.389358493787343,False,1.450911551849754,17.181027533475167,1.1029514224850656,0.0575267132257677,1.5761652398423698,2.645760651334246,1.9134264834457844,63.69425087590122
UP25_SCORE80_NIKKEION_TP3.5_SL1.25_H1,VALIDATION,2022-09-09,8233.T,WIN,7.05329659544608,1,7.105545004350923,False,2.419994828977501,47.07602457680796,1.4067191098883436,0.0424264355421359,1.5726287733935918,2.043799027270306,2.0167180592190808,84.96763309537195
UP25_SCORE80_NIKKEION_TP3.5_SL1.25_H1,VALIDATION,2022-09-12,3099.T,WIN,8.798181811633732,1,0.7190452600000207,False,2.762599012130851,32.50220295696049,4.701928889725493,0.0900232111163203,1.2789892584444156,2.54233766046678,1.6376233727228475,80.32291358388707
UP25_SCORE80_NIKKEION_TP3.5_SL1.25_H1,VALIDATION,2022-09-13,6762.T,HOLD,4.55946891217528,1,9.463813495840416,False,1.1505973027165384,23.741570665434217,3.5363485256876714,0.0267329113111032,1.529791393965503,2.3772466104535024,1.9478991951222084,70.83421513435317
UP25_SCORE80_NIKKEION_TP3.5_SL1.25_H1,VALIDATION,2022-10-04,4502.T,WIN,5.693901702022053,1,0.1784752662705485,False,0.0923229281194926,12.91568892333423,1.3032940182379882,0.0434328521808546,1.4568342799069054,1.6554004862920173,1.980215777578708,61.542227510413
UP25_SCORE80_NIKKEION_TP3.5_SL1.25_H1,VALIDATION,2022-10-14,8252.T,LOSS,-3.0132489164464205,1,2.389445668348921,False,0.5022998885166441,13.699459371716976,1.0879489875212478,0.0305650495027016,1.5028310064366206,2.4005326238092,1.7893257501729267,61.433450449673664
UP25_SCORE80_NIKKEION_TP3.5_SL1.25_H1,VALIDATION,2022-12-14,4183.T,WIN,6.467602678315155,1,4.047842666128099,False,1.735151101832666,33.47960405091145,1.4353983141801807,0.0171772644233658,1.467974580070142,1.8764579080900419,1.530005084442979,66.28826055987322
UP25_SCORE80_NIKKEION_TP3.5_SL1.25_H1,VALIDATION,2023-01-04,8306.T,LOSS,-3.1546643001832964,1,9.942721833814636,False,4.004071511887508,53.97241962566525,3.140323074040752,0.0772790598147473,1.5402472630176538,2.5207313198785037,1.7562880669658096,80.2377668052138
UP25_SCORE80_NIKKEION_TP3.5_SL1.25_H1,VALIDATION,2023-01-12,8795.T,LOSS,-3.3849869635746654,1,13.347418043336852,False,3.631370741500861,41.89053345181456,1.373349552942793,-0.0147676883364578,1.2388590074410453,2.7172509089875936,1.5983048518463,71.32842362367616
UP25_SCORE80_NIKKEION_TP3.5_SL1.25_H1,VALIDATION,2023-03-10,7532.T,HOLD,2.5956173520402026,1,3.57934608370132,False,1.880228685350693,28.13455632423358,-2.921340206282974,0.0131222127276182,1.491419817093107,2.5463457920216275,1.7096566069760155,58.657926704217566
UP25_SCORE80_NIKKEION_TP3.5_SL1.25_H1,VALIDATION,2023-03-23,2282.T,WIN,4.632136908608653,1,1.7935028429780078,False,0.8430250161032271,22.46676756670302,2.213557995259552,0.0245550521425392,1.4819834848611226,1.3520391167453294,1.6059746686702747,66.90274959696077
UP25_SCORE80_NIKKEION_TP3.5_SL1.25_H1,VALIDATION,2023-05-02,4062.T,HOLD,1.0139579242476215,1,4.013966551592089,False,1.802827796504003,20.67844708573587,9.00735727262434,0.1648387926054175,2.2486169616892635,3.1848252355601923,4.576523959366289,74.71698370331268
UP25_SCORE80_NIKKEION_TP3.5_SL1.25_H1,VALIDATION,2023-07-14,3697.T,HOLD,2.6352689429760656,1,4.414202111466844,False,0.9825434478655692,14.066035777668535,11.423477609773958,0.2445951797241883,3.1735855666491504,3.664836270819342,5.869603952377096,73.90035206959334
UP25_SCORE80_NIKKEION_TP3.5_SL1.25_H1,VALIDATION,2023-07-18,3697.T,HOLD,3.523970101615148,1,4.9953295049275175,False,2.044955701868667,17.111553296105495,2.299582343674889,0.2528169654791361,1.6606525716609066,3.758092130501045,3.6132920490987503,75.56989565836771
UP25_SCORE80_NIKKEION_TP3.5_SL1.25_H1,VALIDATION,2023-07-19,3697.T,TIMEOUT_LOSS,-2.2265375704661805,1,5.567456335180463,False,3.178951129004992,20.179742269010724,3.184516937369808,0.2654910535496504,1.1688741037667625,3.7680333712417116,2.7744672503003995,77.74209892609204
UP25_SCORE80_NIKKEION_TP3.5_SL1.25_H1,VALIDATION,2023-08-02,2871.T,WIN,5.292393093758474,1,3.8189108712657336,False,0.7242951919965934,34.654865155400365,-0.3352535094952369,0.0165360395766838,1.8527815891231132,1.5406837410738485,2.5689084895259096,68.58018561012706
UP25_SCORE80_NIKKEION_TP3.5_SL1.25_H1,VALIDATION,2023-08-10,1605.T,WIN,10.14936860520338,1,11.164981718369583,False,3.493592257604239,52.83446425483549,12.463460383201651,0.1554229117371919,2.79979946927813,2.9283910300581084,4.34619726101322,79.77015775754742
UP25_SCORE80_NIKKEION_TP3.5_SL1.25_H1,VALIDATION,2023-08-23,7261.T,WIN,9.182580047210122,1,5.953331285872705,False,1.9455717693589447,12.708498948693068,1.9993264348709736,0.0386591443652704,1.6638416589958922,2.652165727774321,1.5720263859369508,64.21075613369555
UP25_SCORE80_NIKKEION_TP3.5_SL1.25_H1,VALIDATION,2023-08-28,6113.T,WIN,7.323009198572639,1,2.0495189820741966,False,1.2136642361419758,13.1843960890482,2.1775693976564536,0.045055261327477,1.8592336349121876,2.1208597710207515,1.5424862573680376,68.72876119221075
UP25_SCORE80_NIKKEION_TP3.5_SL1.25_H1,VALIDATION,2023-09-21,9501.T,HOLD,2.430923944535668,1,12.439084434745476,False,3.3705390033044846,55.35845466158926,3.1764129913268717,0.1079233947128065,1.2387773526238668,2.8613704298891873,1.684289366876984,77.03312199329181
UP25_SCORE80_NIKKEION_TP3.5_SL1.25_H1,VALIDATION,2023-09-26,8795.T,LOSS,-3.203949440186482,1,8.073776484220787,False,2.6441221533526127,40.65925639038708,0.3276185569456968,0.031178315543677,1.4798864527695812,2.562704607466282,1.5836332714471573,67.81712545659161
UP25_SCORE80_NIKKEION_TP3.5_SL1.25_H1,VALIDATION,2023-09-27,8697.T,LOSS,-2.5573563318968318,1,3.3470779308842338,False,1.4497709058478805,32.77614038546648,3.4413909652475594,0.0834387115714591,1.6005725384357377,2.015410892703044,2.222029709001226,79.38085439124544
UP25_SCORE80_NIKKEION_TP3.5_SL1.25_H1,VALIDATION,2023-09-28,7211.T,LOSS,-3.436113728322343,1,9.117007954978993,False,3.450040277711963,39.29149553083054,1.8863381236379428,0.0571909307090926,1.5897506486632105,2.7610011200634483,2.021996336198152,71.69805481165484
UP25_SCORE80_NIKKEION_TP3.5_SL1.25_H1,VALIDATION,2023-09-29,4519.T,LOSS,-3.016548913206396,1,5.059909895761967,False,0.93704686797198,28.12251682599573,0.1516356839443844,0.1048133624170686,1.5080802597375482,2.4033335284704487,2.628650714220726,65.25518100416157
UP25_SCORE80_NIKKEION_TP3.5_SL1.25_H1,VALIDATION,2023-10-18,4507.T,LOSS,-2.206203853576172,1,6.174252138377524,False,1.508448710992938,30.56928773003908,3.0333842872701577,0.0563860137291234,1.4191308355962604,1.7212153876847047,2.0595506434959647,72.3994575020153
UP25_SCORE80_NIKKEION_TP3.5_SL1.25_H1,VALIDATION,2023-10-31,8354.T,LOSS,-3.425542831436179,1,6.990528763368678,False,0.7896743702185294,20.80181074330227,1.9845406507217331,0.061751516195736,1.2017489922798388,2.7519515941115085,1.8450726385902343,64.8150694647926
UP25_SCORE80_NIKKEION_TP3.5_SL1.25_H1,VALIDATION,2023-12-06,9501.T,WIN,10.352793834296737,1,1.1578272175565565,False,0.4150857548883557,12.53495466131979,3.919503623521159,0.0978182408120953,2.777650370355735,2.9865125240847794,3.8960955408717135,65.11804068639108
UP25_SCORE80_NIKKEION_TP3.5_SL1.25_H1,VALIDATION,2024-03-08,8331.T,WIN,8.90754436297948,1,5.405307907021086,False,2.693774385595749,36.25104127848698,0.9972018532308002,0.0155313857543469,1.357289321773241,2.573584103708426,1.6865697218534337,73.6374923996679
UP25_SCORE80_NIKKEION_TP3.5_SL1.25_H1,VALIDATION,2024-03-11,8309.T,WIN,8.544712042683933,1,5.456514832612866,False,1.8033243234927052,38.94777737859525,-2.829621941040217,0.0670779999091881,1.2557221617814778,2.469917726481123,1.5724905472866024,64.63927772022649
UP25_SCORE80_NIKKEION_TP3.5_SL1.25_H1,VALIDATION,2024-03-18,3289.T,WIN,9.13703173092334,1,3.1788561124538144,False,1.0067788984315262,36.8627274994429,2.9795236379785983,0.0993729974623696,1.2184818060410647,2.6391519231209566,1.515077338343676,70.79072631991961
UP25_SCORE80_NIKKEION_TP3.5_SL1.25_H1,VALIDATION,2024-03-19,8801.T,HOLD,8.495777150300976,1,9.773150047748146,False,2.115825121948145,32.446154882604525,5.3761017561049895,0.122181980734735,1.510534167150447,2.8278956009457774,2.033014039373544,75.61957057625732
UP20_SCORE80_NIKKEION_TP3.5_SL1.0_H1,VALIDATION,2022-06-24,7211.T,HOLD,11.175615019526564,1,20.002268211229577,False,4.349113502823965,42.1196056280957,-8.606548698090188,0.0025616573777389,1.480431990860245,4.339395390652548,1.9367317893950209,57.01585206707608
UP20_SCORE80_NIKKEION_TP3.5_SL1.0_H1,VALIDATION,2022-06-27,2501.T,WIN,7.283174643453927,1,9.820015702889275,False,1.5644775018713195,43.76912496196353,0.2368803875811176,0.0039577750676822,1.6676743248690045,2.109478469558268,1.781581355293611,70.83940742006217
UP20_SCORE80_NIKKEION_TP3.5_SL1.0_H1,VALIDATION,2022-06-28,4578.T,WIN,7.028041577491873,1,2.811500618425085,False,0.7797949709401619,18.15203011575664,2.8767849656501365,0.0818878776719227,1.363859459093525,2.0365833078548183,1.6896963851379687,77.64753835884625
UP20_SCORE80_NIKKEION_TP3.5_SL1.0_H1,VALIDATION,2022-06-29,9501.T,LOSS,-3.9572251007484183,1,8.88196224656258,False,0.6706528765352271,22.37396857143523,5.272727272727273,0.204249264353729,2.005658483470548,3.857225100748418,2.7880650383729697,72.51589607440937
UP20_SCORE80_NIKKEION_TP3.5_SL1.0_H1,VALIDATION,2022-06-30,9501.T,HOLD,2.016402116402116,1,8.69955156950672,False,1.466418212752152,24.51597202150592,-2.072538860103623,0.19025697032202,1.2002946002712256,4.115226337448563,2.0613896712206934,67.97537846674064
UP20_SCORE80_NIKKEION_TP3.5_SL1.0_H1,VALIDATION,2022-08-26,3402.T,WIN,6.465389484547013,1,4.715826557188758,False,1.3227068499944927,23.326868980224702,2.1349419667568537,0.0451499048489812,2.120364579714173,1.87582556701343,1.8661862363859685,71.48351885781872
UP20_SCORE80_NIKKEION_TP3.5_SL1.0_H1,VALIDATION,2022-09-08,6963.T,WIN,9.16016227966986,1,3.389358493787343,False,1.450911551849754,17.181027533475167,1.1029514224850656,0.0575267132257677,1.5761652398423698,2.645760651334246,1.9134264834457844,63.69425087590122
UP20_SCORE80_NIKKEION_TP3.5_SL1.0_H1,VALIDATION,2022-09-09,8233.T,WIN,7.05329659544608,1,7.105545004350923,False,2.419994828977501,47.07602457680796,1.4067191098883436,0.0424264355421359,1.5726287733935918,2.043799027270306,2.0167180592190808,84.96763309537195
UP20_SCORE80_NIKKEION_TP3.5_SL1.0_H1,VALIDATION,2022-09-12,3099.T,WIN,8.798181811633732,1,0.7190452600000207,False,2.762599012130851,32.50220295696049,4.701928889725493,0.0900232111163203,1.2789892584444156,2.54233766046678,1.6376233727228475,80.32291358388707
UP20_SCORE80_NIKKEION_TP3.5_SL1.0_H1,VALIDATION,2022-09-13,6762.T,HOLD,4.55946891217528,1,9.463813495840416,False,1.1505973027165384,23.741570665434217,3.5363485256876714,0.0267329113111032,1.529791393965503,2.3772466104535024,1.9478991951222084,70.83421513435317
UP20_SCORE80_NIKKEION_TP3.5_SL1.0_H1,VALIDATION,2022-10-04,4502.T,WIN,5.693901702022053,1,0.1784752662705485,False,0.0923229281194926,12.91568892333423,1.3032940182379882,0.0434328521808546,1.4568342799069054,1.6554004862920173,1.980215777578708,61.542227510413
UP20_SCORE80_NIKKEION_TP3.5_SL1.0_H1,VALIDATION,2022-10-14,8252.T,LOSS,-2.4442579470050907,1,2.389445668348921,False,0.5022998885166441,13.699459371716976,1.0879489875212478,0.0305650495027016,1.5028310064366206,2.4005326238092,1.7893257501729267,61.433450449673664
UP20_SCORE80_NIKKEION_TP3.5_SL1.0_H1,VALIDATION,2022-12-14,4183.T,WIN,6.467602678315155,1,4.047842666128099,False,1.735151101832666,33.47960405091145,1.4353983141801807,0.0171772644233658,1.467974580070142,1.8764579080900419,1.530005084442979,66.28826055987322
UP20_SCORE80_NIKKEION_TP3.5_SL1.0_H1,VALIDATION,2023-01-04,8306.T,LOSS,-2.5587527687580547,1,9.942721833814636,False,4.004071511887508,53.97241962566525,3.140323074040752,0.0772790598147473,1.5402472630176538,2.5207313198785037,1.7562880669658096,80.2377668052138
UP20_SCORE80_NIKKEION_TP3.5_SL1.0_H1,VALIDATION,2023-01-12,8795.T,LOSS,-2.7453695800282008,1,13.347418043336852,False,3.631370741500861,41.89053345181456,1.373349552942793,-0.0147676883364578,1.2388590074410453,2.7172509089875936,1.5983048518463,71.32842362367616
UP20_SCORE80_NIKKEION_TP3.5_SL1.0_H1,VALIDATION,2023-03-10,7532.T,HOLD,2.5956173520402026,1,3.57934608370132,False,1.880228685350693,28.13455632423358,-2.921340206282974,0.0131222127276182,1.491419817093107,2.5463457920216275,1.7096566069760155,58.657926704217566
UP20_SCORE80_NIKKEION_TP3.5_SL1.0_H1,VALIDATION,2023-03-23,2282.T,WIN,4.632136908608653,1,1.7935028429780078,False,0.8430250161032271,22.46676756670302,2.213557995259552,0.0245550521425392,1.4819834848611226,1.3520391167453294,1.6059746686702747,66.90274959696077
UP20_SCORE80_NIKKEION_TP3.5_SL1.0_H1,VALIDATION,2023-05-02,4062.T,HOLD,1.0139579242476215,1,4.013966551592089,False,1.802827796504003,20.67844708573587,9.00735727262434,0.1648387926054175,2.2486169616892635,3.1848252355601923,4.576523959366289,74.71698370331268
UP20_SCORE80_NIKKEION_TP3.5_SL1.0_H1,VALIDATION,2023-07-14,3697.T,HOLD,2.6352689429760656,1,4.414202111466844,False,0.9825434478655692,14.066035777668535,11.423477609773958,0.2445951797241883,3.1735855666491504,3.664836270819342,5.869603952377096,73.90035206959334
UP20_SCORE80_NIKKEION_TP3.5_SL1.0_H1,VALIDATION,2023-07-18,3697.T,HOLD,3.523970101615148,1,4.9953295049275175,False,2.044955701868667,17.111553296105495,2.299582343674889,0.2528169654791361,1.6606525716609066,3.758092130501045,3.6132920490987503,75.56989565836771
UP20_SCORE80_NIKKEION_TP3.5_SL1.0_H1,VALIDATION,2023-07-19,3697.T,TIMEOUT_LOSS,-2.2265375704661805,1,5.567456335180463,False,3.178951129004992,20.179742269010724,3.184516937369808,0.2654910535496504,1.1688741037667625,3.7680333712417116,2.7744672503003995,77.74209892609204
UP20_SCORE80_NIKKEION_TP3.5_SL1.0_H1,VALIDATION,2023-08-02,2871.T,WIN,5.292393093758474,1,3.8189108712657336,False,0.7242951919965934,34.654865155400365,-0.3352535094952369,0.0165360395766838,1.8527815891231132,1.5406837410738485,2.5689084895259096,68.58018561012706
UP20_SCORE80_NIKKEION_TP3.5_SL1.0_H1,VALIDATION,2023-08-10,1605.T,WIN,10.14936860520338,1,11.164981718369583,False,3.493592257604239,52.83446425483549,12.463460383201651,0.1554229117371919,2.79979946927813,2.9283910300581084,4.34619726101322,79.77015775754742
UP20_SCORE80_NIKKEION_TP3.5_SL1.0_H1,VALIDATION,2023-08-23,7261.T,WIN,9.182580047210122,1,5.953331285872705,False,1.9455717693589447,12.708498948693068,1.9993264348709736,0.0386591443652704,1.6638416589958922,2.652165727774321,1.5720263859369508,64.21075613369555
UP20_SCORE80_NIKKEION_TP3.5_SL1.0_H1,VALIDATION,2023-08-28,6113.T,WIN,7.323009198572639,1,2.0495189820741966,False,1.2136642361419758,13.1843960890482,2.1775693976564536,0.045055261327477,1.8592336349121876,2.1208597710207515,1.5424862573680376,68.72876119221075
UP20_SCORE80_NIKKEION_TP3.5_SL1.0_H1,VALIDATION,2023-09-21,9501.T,HOLD,2.430923944535668,1,12.439084434745476,False,3.3705390033044846,55.35845466158926,3.1764129913268717,0.1079233947128065,1.2387773526238668,2.8613704298891873,1.684289366876984,77.03312199329181
UP20_SCORE80_NIKKEION_TP3.5_SL1.0_H1,VALIDATION,2023-09-26,8795.T,LOSS,-2.598671049358936,1,8.073776484220787,False,2.6441221533526127,40.65925639038708,0.3276185569456968,0.031178315543677,1.4798864527695812,2.562704607466282,1.5836332714471573,67.81712545659161
UP20_SCORE80_NIKKEION_TP3.5_SL1.0_H1,VALIDATION,2023-09-27,8697.T,LOSS,-2.075594545046533,1,3.3470779308842338,False,1.4497709058478805,32.77614038546648,3.4413909652475594,0.0834387115714591,1.6005725384357377,2.015410892703044,2.222029709001226,79.38085439124544
UP20_SCORE80_NIKKEION_TP3.5_SL1.0_H1,VALIDATION,2023-09-28,7211.T,LOSS,-2.7868180437806034,1,9.117007954978993,False,3.450040277711963,39.29149553083054,1.8863381236379428,0.0571909307090926,1.5897506486632105,2.7610011200634483,2.021996336198152,71.69805481165484
UP20_SCORE80_NIKKEION_TP3.5_SL1.0_H1,VALIDATION,2023-09-29,4519.T,LOSS,-2.446928996996245,1,5.059909895761967,False,0.93704686797198,28.12251682599573,0.1516356839443844,0.1048133624170686,1.5080802597375482,2.4033335284704487,2.628650714220726,65.25518100416157
UP20_SCORE80_NIKKEION_TP3.5_SL1.0_H1,VALIDATION,2023-10-18,4507.T,LOSS,-1.7920908594384333,1,6.174252138377524,False,1.508448710992938,30.56928773003908,3.0333842872701577,0.0563860137291234,1.4191308355962604,1.7212153876847047,2.0595506434959647,72.3994575020153
UP20_SCORE80_NIKKEION_TP3.5_SL1.0_H1,VALIDATION,2023-10-31,8354.T,LOSS,-2.778247518823007,1,6.990528763368678,False,0.7896743702185294,20.80181074330227,1.9845406507217331,0.061751516195736,1.2017489922798388,2.7519515941115085,1.8450726385902343,64.8150694647926
UP20_SCORE80_NIKKEION_TP3.5_SL1.0_H1,VALIDATION,2023-12-06,9501.T,WIN,10.352793834296737,1,1.1578272175565565,False,0.4150857548883557,12.53495466131979,3.919503623521159,0.0978182408120953,2.777650370355735,2.9865125240847794,3.8960955408717135,65.11804068639108
UP20_SCORE80_NIKKEION_TP3.5_SL1.0_H1,VALIDATION,2024-03-08,8331.T,WIN,8.90754436297948,1,5.405307907021086,False,2.693774385595749,36.25104127848698,0.9972018532308002,0.0155313857543469,1.357289321773241,2.573584103708426,1.6865697218534337,73.6374923996679
UP20_SCORE80_NIKKEION_TP3.5_SL1.0_H1,VALIDATION,2024-03-11,8309.T,WIN,8.544712042683933,1,5.456514832612866,False,1.8033243234927052,38.94777737859525,-2.829621941040217,0.0670779999091881,1.2557221617814778,2.469917726481123,1.5724905472866024,64.63927772022649
UP20_SCORE80_NIKKEION_TP3.5_SL1.0_H1,VALIDATION,2024-03-18,3289.T,WIN,9.13703173092334,1,3.1788561124538144,False,1.0067788984315262,36.8627274994429,2.9795236379785983,0.0993729974623696,1.2184818060410647,2.6391519231209566,1.515077338343676,70.79072631991961
UP20_SCORE80_NIKKEION_TP3.5_SL1.0_H1,VALIDATION,2024-03-19,8801.T,HOLD,8.495777150300976,1,9.773150047748146,False,2.115825121948145,32.446154882604525,5.3761017561049895,0.122181980734735,1.510534167150447,2.8278956009457774,2.033014039373544,75.61957057625732
UP20_SCORE70_NIKKEION_TP3.5_SL1.25_H1,VALIDATION,2022-05-13,2501.T,LOSS,-2.816703130291298,1,5.944871187551252,False,3.400604512726435,38.685878809615936,-0.3244343527760707,0.0267817779012543,1.333862563100472,2.2340551504373973,1.455429821541605,78.64119875658174
UP20_SCORE70_NIKKEION_TP3.5_SL1.25_H1,VALIDATION,2022-05-16,9531.T,LOSS,-3.1416916867336497,1,2.5034930380954985,False,2.918378221747409,35.99524805652664,0.0770927134631671,0.0268486183782619,0.6259226454089164,2.5096903934471575,0.7872520745924935,72.12547021118274
UP20_SCORE70_NIKKEION_TP3.5_SL1.25_H1,VALIDATION,2022-05-17,5020.T,LOSS,-3.032185580333191,1,1.760630250605687,False,1.405987367477768,19.07032630053753,3.1570597639297704,0.0728946497185125,1.0614395952093003,2.4166078924213226,1.7550698443476471,75.02798470985627
UP20_SCORE70_NIKKEION_TP3.5_SL1.25_H1,VALIDATION,2022-06-10,5803.T,HOLD,8.026663916998123,1,18.524807642590567,False,6.702168884496307,43.39822829433884,-2.2248190983177096,0.0388881292514335,1.243466362599772,3.4588471392703823,1.0810864397269426,71.89716109124154
UP20_SCORE70_NIKKEION_TP3.5_SL1.25_H1,VALIDATION,2022-06-24,7211.T,HOLD,11.175615019526564,1,20.002268211229577,False,4.349113502823965,42.1196056280957,-8.606548698090188,0.0025616573777389,1.480431990860245,4.339395390652548,1.9367317893950209,57.01585206707608
UP20_SCORE70_NIKKEION_TP3.5_SL1.25_H1,VALIDATION,2022-06-27,2501.T,WIN,7.283174643453927,1,9.820015702889275,False,1.5644775018713195,43.76912496196353,0.2368803875811176,0.0039577750676822,1.6676743248690045,2.109478469558268,1.781581355293611,70.83940742006217
UP20_SCORE70_NIKKEION_TP3.5_SL1.25_H1,VALIDATION,2022-06-28,9501.T,HOLD,5.172727272727274,1,9.046096065256291,False,-0.1853194746595843,20.191556948575037,4.166666666666674,0.1471293143668663,2.302757482523177,3.818181818181817,2.373206083583625,67.66977151936806
UP20_SCORE70_NIKKEION_TP3.5_SL1.25_H1,VALIDATION,2022-06-29,9501.T,TIMEOUT_LOSS,-2.1725388601036233,1,8.88196224656258,False,0.6706528765352271,22.37396857143523,5.272727272727273,0.204249264353729,2.005658483470548,3.857225100748418,2.7880650383729697,72.51589607440937
UP20_SCORE70_NIKKEION_TP3.5_SL1.25_H1,VALIDATION,2022-06-30,9501.T,HOLD,2.016402116402116,1,8.69955156950672,False,1.466418212752152,24.51597202150592,-2.072538860103623,0.19025697032202,1.2002946002712256,4.115226337448563,2.0613896712206934,67.97537846674064
UP20_SCORE70_NIKKEION_TP3.5_SL1.25_H1,VALIDATION,2022-07-07,8804.T,LOSS,-2.904788980363615,1,0.0265934630896393,False,1.8073914631535404,23.4174748041781,0.84344269467298,0.019848201568192,1.172779728039382,2.308582038921199,1.0809252854327047,66.07021427242472
UP20_SCORE70_NIKKEION_TP3.5_SL1.25_H1,VALIDATION,2022-07-08,8804.T,LOSS,-2.889607825665119,1,0.4282553834964402,False,2.048754876514192,24.50874722643819,0.8886574055018581,0.0080089640833866,1.4952237669705812,2.2957280704411014,1.4730094105462403,67.7674063851828
UP20_SCORE70_NIKKEION_TP3.5_SL1.25_H1,VALIDATION,2022-08-26,3402.T,WIN,6.465389484547013,1,4.715826557188758,False,1.3227068499944927,23.326868980224702,2.1349419667568537,0.0451499048489812,2.120364579714173,1.87582556701343,1.8661862363859685,71.48351885781872
UP20_SCORE70_NIKKEION_TP3.5_SL1.25_H1,VALIDATION,2022-09-08,6963.T,WIN,9.16016227966986,1,3.389358493787343,False,1.450911551849754,17.181027533475167,1.1029514224850656,0.0575267132257677,1.5761652398423698,2.645760651334246,1.9134264834457844,63.69425087590122
UP20_SCORE70_NIKKEION_TP3.5_SL1.25_H1,VALIDATION,2022-09-09,8233.T,WIN,7.05329659544608,1,7.105545004350923,False,2.419994828977501,47.07602457680796,1.4067191098883436,0.0424264355421359,1.5726287733935918,2.043799027270306,2.0167180592190808,84.96763309537195
UP20_SCORE70_NIKKEION_TP3.5_SL1.25_H1,VALIDATION,2022-09-12,3099.T,WIN,8.798181811633732,1,0.7190452600000207,False,2.762599012130851,32.50220295696049,4.701928889725493,0.0900232111163203,1.2789892584444156,2.54233766046678,1.6376233727228475,80.32291358388707
UP20_SCORE70_NIKKEION_TP3.5_SL1.25_H1,VALIDATION,2022-09-13,6762.T,HOLD,4.55946891217528,1,9.463813495840416,False,1.1505973027165384,23.741570665434217,3.5363485256876714,0.0267329113111032,1.529791393965503,2.3772466104535024,1.9478991951222084,70.83421513435317
UP20_SCORE70_NIKKEION_TP3.5_SL1.25_H1,VALIDATION,2022-09-14,6762.T,WIN,9.154840892599447,1,9.479109815344067,False,1.1934819770905936,23.95264966470376,-3.605319642757554,0.0110704579108096,1.155304655862548,2.6442402550284143,1.5151809744067293,58.94862853932386
UP20_SCORE70_NIKKEION_TP3.5_SL1.25_H1,VALIDATION,2022-10-04,4502.T,WIN,5.693901702022053,1,0.1784752662705485,False,0.0923229281194926,12.91568892333423,1.3032940182379882,0.0434328521808546,1.4568342799069054,1.6554004862920173,1.980215777578708,61.542227510413
UP20_SCORE70_NIKKEION_TP3.5_SL1.25_H1,VALIDATION,2022-10-06,8031.T,LOSS,-2.8275646693257217,1,5.065407746825307,False,0.0837280115831173,18.889517197394643,1.2750327617096602,0.0227091221899091,0.809571229942505,2.243237488650074,0.8381690110706707,63.42700055474461
UP20_SCORE70_NIKKEION_TP3.5_SL1.25_H1,VALIDATION,2022-10-14,8252.T,LOSS,-3.0132489164464205,1,2.389445668348921,False,0.5022998885166441,13.699459371716976,1.0879489875212478,0.0305650495027016,1.5028310064366206,2.4005326238092,1.7893257501729267,61.433450449673664
UP20_SCORE70_NIKKEION_TP3.5_SL1.25_H1,VALIDATION,2022-12-12,7453.T,HOLD,5.168993152993251,1,7.785745537710707,False,0.6688510049293495,23.26400560168437,2.5965432538196165,0.0730793230628874,1.71096128417233,2.3300665706892305,1.800916419691897,67.18226053707386
UP20_SCORE70_NIKKEION_TP3.5_SL1.25_H1,VALIDATION,2022-12-14,4183.T,WIN,6.467602678315155,1,4.047842666128099,False,1.735151101832666,33.47960405091145,1.4353983141801807,0.0171772644233658,1.467974580070142,1.8764579080900419,1.530005084442979,66.28826055987322
UP20_SCORE70_NIKKEION_TP3.5_SL1.25_H1,VALIDATION,2023-01-04,8306.T,LOSS,-3.1546643001832964,1,9.942721833814636,False,4.004071511887508,53.97241962566525,3.140323074040752,0.0772790598147473,1.5402472630176538,2.5207313198785037,1.7562880669658096,80.2377668052138
UP20_SCORE70_NIKKEION_TP3.5_SL1.25_H1,VALIDATION,2023-01-11,3382.T,LOSS,-2.203043364983559,1,-0.342018630134584,True,0.0643002033458461,11.064368921038149,0.1567953069600225,0.002254167969536,1.330397347716364,1.7185771139539858,1.7491209180835523,59.8589561169827
UP20_SCORE70_NIKKEION_TP3.5_SL1.25_H1,VALIDATION,2023-01-12,8795.T,LOSS,-3.3849869635746654,1,13.347418043336852,False,3.631370741500861,41.89053345181456,1.373349552942793,-0.0147676883364578,1.2388590074410453,2.7172509089875936,1.5983048518463,71.32842362367616
UP20_SCORE70_NIKKEION_TP3.5_SL1.25_H1,VALIDATION,2023-02-24,9107.T,WIN,10.142702999179887,1,9.446404148371524,False,4.09844994706916,43.4164883645031,1.0370470060754755,0.0191426801055223,1.190554996700955,2.9264865711942534,1.0778453082226491,71.89668183793219
UP20_SCORE70_NIKKEION_TP3.5_SL1.25_H1,VALIDATION,2023-03-01,5406.T,WIN,9.759787626862993,1,14.91716099759614,False,6.888477232737333,54.04595324073036,3.2292749761118733,0.0651599338858062,1.252977261833042,2.8170821791037097,1.4760421644722026,84.29291427976493
UP20_SCORE70_NIKKEION_TP3.5_SL1.25_H1,VALIDATION,2023-03-02,7532.T,HOLD,3.8475946283756834,1,2.311749896743116,False,1.110301730656027,23.028168592738364,-2.3219991254686434,0.0040066512595293,1.2480259842078736,2.4894896230590753,1.209647434940606,58.48457558086351
UP20_SCORE70_NIKKEION_TP3.5_SL1.25_H1,VALIDATION,2023-03-10,7532.T,HOLD,2.5956173520402026,1,3.57934608370132,False,1.880228685350693,28.13455632423358,-2.921340206282974,0.0131222127276182,1.491419817093107,2.5463457920216275,1.7096566069760155,58.657926704217566
UP20_SCORE70_NIKKEION_TP3.5_SL1.25_H1,VALIDATION,2023-03-22,9432.T,WIN,4.419274361846648,1,2.9886769743890587,False,0.7353999834895264,15.681016052641414,0.4470819300953277,0.0202850673358965,1.1697412593408478,1.2912212462419026,1.3366632783126184,63.96297916656753
UP20_SCORE70_NIKKEION_TP3.5_SL1.25_H1,VALIDATION,2023-03-23,2282.T,WIN,4.632136908608653,1,1.7935028429780078,False,0.8430250161032271,22.46676756670302,2.213557995259552,0.0245550521425392,1.4819834848611226,1.3520391167453294,1.6059746686702747,66.90274959696077
UP20_SCORE70_NIKKEION_TP3.5_SL1.25_H1,VALIDATION,2023-03-29,6501.T,HOLD,5.231834133933145,1,1.0988968003756614,False,0.0979342932952764,16.39183530118584,0.7640034424433395,0.040399658979535,1.4440823297722165,2.0827135864235418,1.320943838763867,62.83061669805912
UP20_SCORE70_NIKKEION_TP3.5_SL1.25_H1,VALIDATION,2023-05-02,4062.T,HOLD,1.0139579242476215,1,4.013966551592089,False,1.802827796504003,20.67844708573587,9.00735727262434,0.1648387926054175,2.2486169616892635,3.1848252355601923,4.576523959366289,74.71698370331268
UP20_SCORE70_NIKKEION_TP3.5_SL1.25_H1,VALIDATION,2023-05-08,4062.T,HOLD,5.527817301031235,1,4.5676056091174,False,2.5347224805395863,23.10031811179641,-1.0118074056056026,0.1743182992262808,0.7399843511094202,3.210063097006962,1.5313197485061518,71.9754167058368
UP20_SCORE70_NIKKEION_TP3.5_SL1.25_H1,VALIDATION,2023-07-14,3697.T,HOLD,2.6352689429760656,1,4.414202111466844,False,0.9825434478655692,14.066035777668535,11.423477609773958,0.2445951797241883,3.1735855666491504,3.664836270819342,5.869603952377096,73.90035206959334
UP20_SCORE70_NIKKEION_TP3.5_SL1.25_H1,VALIDATION,2023-07-18,3697.T,HOLD,3.523970101615148,1,4.9953295049275175,False,2.044955701868667,17.111553296105495,2.299582343674889,0.2528169654791361,1.6606525716609066,3.758092130501045,3.6132920490987503,75.56989565836771
UP20_SCORE70_NIKKEION_TP3.5_SL1.25_H1,VALIDATION,2023-07-19,3697.T,TIMEOUT_LOSS,-2.2265375704661805,1,5.567456335180463,False,3.178951129004992,20.179742269010724,3.184516937369808,0.2654910535496504,1.1688741037667625,3.7680333712417116,2.7744672503003995,77.74209892609204
UP20_SCORE70_NIKKEION_TP3.5_SL1.25_H1,VALIDATION,2023-07-20,9107.T,WIN,12.242811336640235,1,7.365756579489273,False,4.617551222256289,40.456823312574784,0.6164097608000185,0.0938839039136021,1.2425910903490696,3.5265175247543543,1.297700012415697,75.59799884044793
UP20_SCORE70_NIKKEION_TP3.5_SL1.25_H1,VALIDATION,2023-07-24,8304.T,WIN,4.0531544116430345,1,5.965186154094392,False,1.4953254814182193,46.50894890976158,-0.1436610728448251,0.0052203232234606,0.9984152139461172,1.186615546183726,0.9270053085895136,73.84824848778555
UP20_SCORE70_NIKKEION_TP3.5_SL1.25_H1,VALIDATION,2023-07-25,9107.T,WIN,11.733605063529751,1,9.426236891350596,False,5.728474038906661,43.95468824272265,0.4712471779455551,0.0685211820160593,0.7454517534288647,3.381030018151354,0.7193571847781792,73.09781851674379
UP20_SCORE70_NIKKEION_TP3.5_SL1.25_H1,VALIDATION,2023-07-27,3697.T,TIMEOUT_LOSS,-0.7186061325326508,1,6.924157184283334,False,3.259052026362852,29.05887576099701,-1.0892575373501412,0.002571187096052,0.7087931439305001,3.531479074970112,0.5298027773512055,71.0424364651647
UP20_SCORE70_NIKKEION_TP3.5_SL1.25_H1,VALIDATION,2023-08-02,2871.T,WIN,5.292393093758474,1,3.8189108712657336,False,0.7242951919965934,34.654865155400365,-0.3352535094952369,0.0165360395766838,1.8527815891231132,1.5406837410738485,2.5689084895259096,68.58018561012706
UP20_SCORE70_NIKKEION_TP3.5_SL1.25_H1,VALIDATION,2023-08-10,1605.T,WIN,10.14936860520338,1,11.164981718369583,False,3.493592257604239,52.83446425483549,12.463460383201651,0.1554229117371919,2.79979946927813,2.9283910300581084,4.34619726101322,79.77015775754742
UP20_SCORE70_NIKKEION_TP3.5_SL1.25_H1,VALIDATION,2023-08-23,7261.T,WIN,9.182580047210122,1,5.953331285872705,False,1.9455717693589447,12.708498948693068,1.9993264348709736,0.0386591443652704,1.6638416589958922,2.652165727774321,1.5720263859369508,64.21075613369555
UP20_SCORE70_NIKKEION_TP3.5_SL1.25_H1,VALIDATION,2023-08-24,4062.T,LOSS,-4.466360926363954,1,6.80922560641553,False,-0.1925287628427585,15.369284537342974,1.0315239770017692,0.0820505230531885,2.3957283900866413,3.493088741091155,2.2102836747592667,63.32774287075412
UP20_SCORE70_NIKKEION_TP3.5_SL1.25_H1,VALIDATION,2023-08-25,3405.T,WIN,7.644744314163832,1,5.563676524694812,False,3.2152690771133585,33.8857711933423,0.5009277123760647,0.0383852602473304,1.6114387669128216,2.2127840897610955,1.4383193507789016,74.62114188384804
UP20_SCORE70_NIKKEION_TP3.5_SL1.25_H1,VALIDATION,2023-08-28,6113.T,WIN,7.323009198572639,1,2.0495189820741966,False,1.2136642361419758,13.1843960890482,2.1775693976564536,0.045055261327477,1.8592336349121876,2.1208597710207515,1.5424862573680376,68.72876119221075
UP20_SCORE70_NIKKEION_TP3.5_SL1.25_H1,VALIDATION,2023-09-21,9501.T,HOLD,2.430923944535668,1,12.439084434745476,False,3.3705390033044846,55.35845466158926,3.1764129913268717,0.1079233947128065,1.2387773526238668,2.8613704298891873,1.684289366876984,77.03312199329181
UP20_SCORE70_NIKKEION_TP3.5_SL1.25_H1,VALIDATION,2023-09-25,6724.T,LOSS,-2.3584171786397934,1,1.9559915809231725,False,1.1888741021515823,18.999088168220453,0.5744797730551587,0.0697933184223795,0.6486843807032923,1.8484801358434666,0.7463562635890907,67.74065809684637
UP20_SCORE70_NIKKEION_TP3.5_SL1.25_H1,VALIDATION,2023-09-26,8795.T,LOSS,-3.203949440186482,1,8.073776484220787,False,2.6441221533526127,40.65925639038708,0.3276185569456968,0.031178315543677,1.4798864527695812,2.562704607466282,1.5836332714471573,67.81712545659161
UP20_SCORE70_NIKKEION_TP3.5_SL1.25_H1,VALIDATION,2023-09-27,8697.T,LOSS,-2.5573563318968318,1,3.3470779308842338,False,1.4497709058478805,32.77614038546648,3.4413909652475594,0.0834387115714591,1.6005725384357377,2.015410892703044,2.222029709001226,79.38085439124544
UP20_SCORE70_NIKKEION_TP3.5_SL1.25_H1,VALIDATION,2023-09-28,7211.T,LOSS,-3.436113728322343,1,9.117007954978993,False,3.450040277711963,39.29149553083054,1.8863381236379428,0.0571909307090926,1.5897506486632105,2.7610011200634483,2.021996336198152,71.69805481165484
UP20_SCORE70_NIKKEION_TP3.5_SL1.25_H1,VALIDATION,2023-09-29,4519.T,LOSS,-3.016548913206396,1,5.059909895761967,False,0.93704686797198,28.12251682599573,0.1516356839443844,0.1048133624170686,1.5080802597375482,2.4033335284704487,2.628650714220726,65.25518100416157
UP20_SCORE70_NIKKEION_TP3.5_SL1.25_H1,VALIDATION,2023-10-10,9107.T,LOSS,-4.467794983214523,1,15.933972418178186,False,1.9657485360281115,32.90204777315115,5.531622163232508,0.1134071461102983,1.3518507547182232,3.653827689070136,1.4354720499868414,67.38977612445666
UP20_SCORE70_NIKKEION_TP3.5_SL1.25_H1,VALIDATION,2023-10-18,7453.T,TIMEOUT_LOSS,-2.167696837695854,1,4.136507868839604,False,0.1223158978307381,22.63425020648197,3.166167693874544,0.1318619295282879,0.9600826348913224,3.16705256495576,1.773623917931742,67.49018008188494
UP20_SCORE70_NIKKEION_TP3.5_SL1.25_H1,VALIDATION,2023-10-20,2501.T,LOSS,-2.4313193171053404,1,13.549303533545825,False,1.2865739537807783,42.10627268358788,0.397069077036738,0.0451092945210227,1.6116698336191315,1.9095737145663187,1.7322540473225403,71.17290890964611
UP20_SCORE70_NIKKEION_TP3.5_SL1.25_H1,VALIDATION,2023-10-30,8354.T,LOSS,-3.3892696512540677,1,6.961966882938133,False,0.4635109606138554,20.183945473791084,-1.572169017049041,0.0235651555938773,2.242165378893315,2.7209139167020906,3.041452154524692,57.710746195913416
UP20_SCORE70_NIKKEION_TP3.5_SL1.25_H1,VALIDATION,2023-10-31,8354.T,LOSS,-3.425542831436179,1,6.990528763368678,False,0.7896743702185294,20.80181074330227,1.9845406507217331,0.061751516195736,1.2017489922798388,2.7519515941115085,1.8450726385902343,64.8150694647926
UP20_SCORE70_NIKKEION_TP3.5_SL1.25_H1,VALIDATION,2023-12-06,9501.T,WIN,10.352793834296737,1,1.1578272175565565,False,0.4150857548883557,12.53495466131979,3.919503623521159,0.0978182408120953,2.777650370355735,2.9865125240847794,3.8960955408717135,65.11804068639108
UP20_SCORE70_NIKKEION_TP3.5_SL1.25_H1,VALIDATION,2024-03-08,8331.T,WIN,8.90754436297948,1,5.405307907021086,False,2.693774385595749,36.25104127848698,0.9972018532308002,0.0155313857543469,1.357289321773241,2.573584103708426,1.6865697218534337,73.6374923996679
UP20_SCORE70_NIKKEION_TP3.5_SL1.25_H1,VALIDATION,2024-03-11,8309.T,WIN,8.544712042683933,1,5.456514832612866,False,1.8033243234927052,38.94777737859525,-2.829621941040217,0.0670779999091881,1.2557221617814778,2.469917726481123,1.5724905472866024,64.63927772022649
UP20_SCORE70_NIKKEION_TP3.5_SL1.25_H1,VALIDATION,2024-03-13,9502.T,WIN,8.171215809002076,1,0.3284805989638264,False,-0.3949155550553529,9.336203923379715,-0.4163332885228521,0.0416315849555858,1.3713123246439942,2.363204516857735,1.5435690298745686,53.35620076050401
UP20_SCORE70_NIKKEION_TP3.5_SL1.25_H1,VALIDATION,2024-03-18,3289.T,WIN,9.13703173092334,1,3.1788561124538144,False,1.0067788984315262,36.8627274994429,2.9795236379785983,0.0993729974623696,1.2184818060410647,2.6391519231209566,1.515077338343676,70.79072631991961
UP20_SCORE70_NIKKEION_TP3.5_SL1.25_H1,VALIDATION,2024-03-19,8801.T,HOLD,8.495777150300976,1,9.773150047748146,False,2.115825121948145,32.446154882604525,5.3761017561049895,0.122181980734735,1.510534167150447,2.8278956009457774,2.033014039373544,75.61957057625732
UP20_SCORE70_NIKKEION_TP3.5_SL1.25_H1,VALIDATION,2024-04-24,8306.T,WIN,7.822783534526579,1,5.791235339906379,False,0.4467188060413019,17.604649912322607,0.4799929191379393,0.0388005802676905,0.8113443422931543,2.263652438436166,0.8313150105569843,58.02624765264058
UP30_SCORE70_NIKKEION_TP3.5_SL1.25_H1,VALIDATION,2022-05-13,2501.T,LOSS,-2.816703130291298,1,5.944871187551252,False,3.400604512726435,38.685878809615936,-0.3244343527760707,0.0267817779012543,1.333862563100472,2.2340551504373973,1.455429821541605,78.64119875658174
UP30_SCORE70_NIKKEION_TP3.5_SL1.25_H1,VALIDATION,2022-05-16,9531.T,LOSS,-3.1416916867336497,1,2.5034930380954985,False,2.918378221747409,35.99524805652664,0.0770927134631671,0.0268486183782619,0.6259226454089164,2.5096903934471575,0.7872520745924935,72.12547021118274
UP30_SCORE70_NIKKEION_TP3.5_SL1.25_H1,VALIDATION,2022-05-17,5020.T,LOSS,-3.032185580333191,1,1.760630250605687,False,1.405987367477768,19.07032630053753,3.1570597639297704,0.0728946497185125,1.0614395952093003,2.4166078924213226,1.7550698443476471,75.02798470985627
UP30_SCORE70_NIKKEION_TP3.5_SL1.25_H1,VALIDATION,2022-06-10,5803.T,HOLD,8.026663916998123,1,18.524807642590567,False,6.702168884496307,43.39822829433884,-2.2248190983177096,0.0388881292514335,1.243466362599772,3.4588471392703823,1.0810864397269426,71.89716109124154
UP30_SCORE70_NIKKEION_TP3.5_SL1.25_H1,VALIDATION,2022-06-24,7211.T,HOLD,11.175615019526564,1,20.002268211229577,False,4.349113502823965,42.1196056280957,-8.606548698090188,0.0025616573777389,1.480431990860245,4.339395390652548,1.9367317893950209,57.01585206707608
UP30_SCORE70_NIKKEION_TP3.5_SL1.25_H1,VALIDATION,2022-06-27,2501.T,WIN,7.283174643453927,1,9.820015702889275,False,1.5644775018713195,43.76912496196353,0.2368803875811176,0.0039577750676822,1.6676743248690045,2.109478469558268,1.781581355293611,70.83940742006217
UP30_SCORE70_NIKKEION_TP3.5_SL1.25_H1,VALIDATION,2022-06-28,9501.T,HOLD,5.172727272727274,1,9.046096065256291,False,-0.1853194746595843,20.191556948575037,4.166666666666674,0.1471293143668663,2.302757482523177,3.818181818181817,2.373206083583625,67.66977151936806
UP30_SCORE70_NIKKEION_TP3.5_SL1.25_H1,VALIDATION,2022-06-29,9501.T,TIMEOUT_LOSS,-2.1725388601036233,1,8.88196224656258,False,0.6706528765352271,22.37396857143523,5.272727272727273,0.204249264353729,2.005658483470548,3.857225100748418,2.7880650383729697,72.51589607440937
UP30_SCORE70_NIKKEION_TP3.5_SL1.25_H1,VALIDATION,2022-06-30,9501.T,HOLD,2.016402116402116,1,8.69955156950672,False,1.466418212752152,24.51597202150592,-2.072538860103623,0.19025697032202,1.2002946002712256,4.115226337448563,2.0613896712206934,67.97537846674064
UP30_SCORE70_NIKKEION_TP3.5_SL1.25_H1,VALIDATION,2022-07-07,8804.T,LOSS,-2.904788980363615,1,0.0265934630896393,False,1.8073914631535404,23.4174748041781,0.84344269467298,0.019848201568192,1.172779728039382,2.308582038921199,1.0809252854327047,66.07021427242472
UP30_SCORE70_NIKKEION_TP3.5_SL1.25_H1,VALIDATION,2022-07-08,8804.T,LOSS,-2.889607825665119,1,0.4282553834964402,False,2.048754876514192,24.50874722643819,0.8886574055018581,0.0080089640833866,1.4952237669705812,2.2957280704411014,1.4730094105462403,67.7674063851828
UP30_SCORE70_NIKKEION_TP3.5_SL1.25_H1,VALIDATION,2022-08-26,3402.T,WIN,6.465389484547013,1,4.715826557188758,False,1.3227068499944927,23.326868980224702,2.1349419667568537,0.0451499048489812,2.120364579714173,1.87582556701343,1.8661862363859685,71.48351885781872
UP30_SCORE70_NIKKEION_TP3.5_SL1.25_H1,VALIDATION,2022-09-08,6963.T,WIN,9.16016227966986,1,3.389358493787343,False,1.450911551849754,17.181027533475167,1.1029514224850656,0.0575267132257677,1.5761652398423698,2.645760651334246,1.9134264834457844,63.69425087590122
UP30_SCORE70_NIKKEION_TP3.5_SL1.25_H1,VALIDATION,2022-09-09,8233.T,WIN,7.05329659544608,1,7.105545004350923,False,2.419994828977501,47.07602457680796,1.4067191098883436,0.0424264355421359,1.5726287733935918,2.043799027270306,2.0167180592190808,84.96763309537195
UP30_SCORE70_NIKKEION_TP3.5_SL1.25_H1,VALIDATION,2022-09-12,3099.T,WIN,8.798181811633732,1,0.7190452600000207,False,2.762599012130851,32.50220295696049,4.701928889725493,0.0900232111163203,1.2789892584444156,2.54233766046678,1.6376233727228475,80.32291358388707
UP30_SCORE70_NIKKEION_TP3.5_SL1.25_H1,VALIDATION,2022-09-13,6762.T,HOLD,4.55946891217528,1,9.463813495840416,False,1.1505973027165384,23.741570665434217,3.5363485256876714,0.0267329113111032,1.529791393965503,2.3772466104535024,1.9478991951222084,70.83421513435317
UP30_SCORE70_NIKKEION_TP3.5_SL1.25_H1,VALIDATION,2022-09-14,6762.T,WIN,9.154840892599447,1,9.479109815344067,False,1.1934819770905936,23.95264966470376,-3.605319642757554,0.0110704579108096,1.155304655862548,2.6442402550284143,1.5151809744067293,58.94862853932386
UP30_SCORE70_NIKKEION_TP3.5_SL1.25_H1,VALIDATION,2022-10-04,4502.T,WIN,5.693901702022053,1,0.1784752662705485,False,0.0923229281194926,12.91568892333423,1.3032940182379882,0.0434328521808546,1.4568342799069054,1.6554004862920173,1.980215777578708,61.542227510413
UP30_SCORE70_NIKKEION_TP3.5_SL1.25_H1,VALIDATION,2022-10-06,8031.T,LOSS,-2.8275646693257217,1,5.065407746825307,False,0.0837280115831173,18.889517197394643,1.2750327617096602,0.0227091221899091,0.809571229942505,2.243237488650074,0.8381690110706707,63.42700055474461
UP30_SCORE70_NIKKEION_TP3.5_SL1.25_H1,VALIDATION,2022-10-14,8252.T,LOSS,-3.0132489164464205,1,2.389445668348921,False,0.5022998885166441,13.699459371716976,1.0879489875212478,0.0305650495027016,1.5028310064366206,2.4005326238092,1.7893257501729267,61.433450449673664
UP30_SCORE70_NIKKEION_TP3.5_SL1.25_H1,VALIDATION,2022-12-12,7453.T,HOLD,5.168993152993251,1,7.785745537710707,False,0.6688510049293495,23.26400560168437,2.5965432538196165,0.0730793230628874,1.71096128417233,2.3300665706892305,1.800916419691897,67.18226053707386
UP30_SCORE70_NIKKEION_TP3.5_SL1.25_H1,VALIDATION,2022-12-14,4183.T,WIN,6.467602678315155,1,4.047842666128099,False,1.735151101832666,33.47960405091145,1.4353983141801807,0.0171772644233658,1.467974580070142,1.8764579080900419,1.530005084442979,66.28826055987322
UP30_SCORE70_NIKKEION_TP3.5_SL1.25_H1,VALIDATION,2023-01-04,8306.T,LOSS,-3.1546643001832964,1,9.942721833814636,False,4.004071511887508,53.97241962566525,3.140323074040752,0.0772790598147473,1.5402472630176538,2.5207313198785037,1.7562880669658096,80.2377668052138
UP30_SCORE70_NIKKEION_TP3.5_SL1.25_H1,VALIDATION,2023-01-11,3382.T,LOSS,-2.203043364983559,1,-0.342018630134584,True,0.0643002033458461,11.064368921038149,0.1567953069600225,0.002254167969536,1.330397347716364,1.7185771139539858,1.7491209180835523,59.8589561169827
UP30_SCORE70_NIKKEION_TP3.5_SL1.25_H1,VALIDATION,2023-01-12,8795.T,LOSS,-3.3849869635746654,1,13.347418043336852,False,3.631370741500861,41.89053345181456,1.373349552942793,-0.0147676883364578,1.2388590074410453,2.7172509089875936,1.5983048518463,71.32842362367616
UP30_SCORE70_NIKKEION_TP3.5_SL1.25_H1,VALIDATION,2023-02-24,9107.T,WIN,10.142702999179887,1,9.446404148371524,False,4.09844994706916,43.4164883645031,1.0370470060754755,0.0191426801055223,1.190554996700955,2.9264865711942534,1.0778453082226491,71.89668183793219
UP30_SCORE70_NIKKEION_TP3.5_SL1.25_H1,VALIDATION,2023-03-01,5406.T,WIN,9.759787626862993,1,14.91716099759614,False,6.888477232737333,54.04595324073036,3.2292749761118733,0.0651599338858062,1.252977261833042,2.8170821791037097,1.4760421644722026,84.29291427976493
UP30_SCORE70_NIKKEION_TP3.5_SL1.25_H1,VALIDATION,2023-03-02,7532.T,HOLD,3.8475946283756834,1,2.311749896743116,False,1.110301730656027,23.028168592738364,-2.3219991254686434,0.0040066512595293,1.2480259842078736,2.4894896230590753,1.209647434940606,58.48457558086351
UP30_SCORE70_NIKKEION_TP3.5_SL1.25_H1,VALIDATION,2023-03-10,7532.T,HOLD,2.5956173520402026,1,3.57934608370132,False,1.880228685350693,28.13455632423358,-2.921340206282974,0.0131222127276182,1.491419817093107,2.5463457920216275,1.7096566069760155,58.657926704217566
UP30_SCORE70_NIKKEION_TP3.5_SL1.25_H1,VALIDATION,2023-03-22,9432.T,WIN,4.419274361846648,1,2.9886769743890587,False,0.7353999834895264,15.681016052641414,0.4470819300953277,0.0202850673358965,1.1697412593408478,1.2912212462419026,1.3366632783126184,63.96297916656753
UP30_SCORE70_NIKKEION_TP3.5_SL1.25_H1,VALIDATION,2023-03-23,2282.T,WIN,4.632136908608653,1,1.7935028429780078,False,0.8430250161032271,22.46676756670302,2.213557995259552,0.0245550521425392,1.4819834848611226,1.3520391167453294,1.6059746686702747,66.90274959696077
UP30_SCORE70_NIKKEION_TP3.5_SL1.25_H1,VALIDATION,2023-03-29,6501.T,HOLD,5.231834133933145,1,1.0988968003756614,False,0.0979342932952764,16.39183530118584,0.7640034424433395,0.040399658979535,1.4440823297722165,2.0827135864235418,1.320943838763867,62.83061669805912
UP30_SCORE70_NIKKEION_TP3.5_SL1.25_H1,VALIDATION,2023-05-02,4062.T,HOLD,1.0139579242476215,1,4.013966551592089,False,1.802827796504003,20.67844708573587,9.00735727262434,0.1648387926054175,2.2486169616892635,3.1848252355601923,4.576523959366289,74.71698370331268
UP30_SCORE70_NIKKEION_TP3.5_SL1.25_H1,VALIDATION,2023-05-08,4062.T,HOLD,5.527817301031235,1,4.5676056091174,False,2.5347224805395863,23.10031811179641,-1.0118074056056026,0.1743182992262808,0.7399843511094202,3.210063097006962,1.5313197485061518,71.9754167058368
UP30_SCORE70_NIKKEION_TP3.5_SL1.25_H1,VALIDATION,2023-07-14,3697.T,HOLD,2.6352689429760656,1,4.414202111466844,False,0.9825434478655692,14.066035777668535,11.423477609773958,0.2445951797241883,3.1735855666491504,3.664836270819342,5.869603952377096,73.90035206959334
UP30_SCORE70_NIKKEION_TP3.5_SL1.25_H1,VALIDATION,2023-07-18,3697.T,HOLD,3.523970101615148,1,4.9953295049275175,False,2.044955701868667,17.111553296105495,2.299582343674889,0.2528169654791361,1.6606525716609066,3.758092130501045,3.6132920490987503,75.56989565836771
UP30_SCORE70_NIKKEION_TP3.5_SL1.25_H1,VALIDATION,2023-07-19,3697.T,TIMEOUT_LOSS,-2.2265375704661805,1,5.567456335180463,False,3.178951129004992,20.179742269010724,3.184516937369808,0.2654910535496504,1.1688741037667625,3.7680333712417116,2.7744672503003995,77.74209892609204
UP30_SCORE70_NIKKEION_TP3.5_SL1.25_H1,VALIDATION,2023-07-20,9107.T,WIN,12.242811336640235,1,7.365756579489273,False,4.617551222256289,40.456823312574784,0.6164097608000185,0.0938839039136021,1.2425910903490696,3.5265175247543543,1.297700012415697,75.59799884044793
UP30_SCORE70_NIKKEION_TP3.5_SL1.25_H1,VALIDATION,2023-07-24,8304.T,WIN,4.0531544116430345,1,5.965186154094392,False,1.4953254814182193,46.50894890976158,-0.1436610728448251,0.0052203232234606,0.9984152139461172,1.186615546183726,0.9270053085895136,73.84824848778555
UP30_SCORE70_NIKKEION_TP3.5_SL1.25_H1,VALIDATION,2023-07-25,9107.T,WIN,11.733605063529751,1,9.426236891350596,False,5.728474038906661,43.95468824272265,0.4712471779455551,0.0685211820160593,0.7454517534288647,3.381030018151354,0.7193571847781792,73.09781851674379
UP30_SCORE70_NIKKEION_TP3.5_SL1.25_H1,VALIDATION,2023-07-27,3697.T,TIMEOUT_LOSS,-0.7186061325326508,1,6.924157184283334,False,3.259052026362852,29.05887576099701,-1.0892575373501412,0.002571187096052,0.7087931439305001,3.531479074970112,0.5298027773512055,71.0424364651647
UP30_SCORE70_NIKKEION_TP3.5_SL1.25_H1,VALIDATION,2023-08-02,2871.T,WIN,5.292393093758474,1,3.8189108712657336,False,0.7242951919965934,34.654865155400365,-0.3352535094952369,0.0165360395766838,1.8527815891231132,1.5406837410738485,2.5689084895259096,68.58018561012706
UP30_SCORE70_NIKKEION_TP3.5_SL1.25_H1,VALIDATION,2023-08-10,1605.T,WIN,10.14936860520338,1,11.164981718369583,False,3.493592257604239,52.83446425483549,12.463460383201651,0.1554229117371919,2.79979946927813,2.9283910300581084,4.34619726101322,79.77015775754742
UP30_SCORE70_NIKKEION_TP3.5_SL1.25_H1,VALIDATION,2023-08-23,7261.T,WIN,9.182580047210122,1,5.953331285872705,False,1.9455717693589447,12.708498948693068,1.9993264348709736,0.0386591443652704,1.6638416589958922,2.652165727774321,1.5720263859369508,64.21075613369555
UP30_SCORE70_NIKKEION_TP3.5_SL1.25_H1,VALIDATION,2023-08-24,4062.T,LOSS,-4.466360926363954,1,6.80922560641553,False,-0.1925287628427585,15.369284537342974,1.0315239770017692,0.0820505230531885,2.3957283900866413,3.493088741091155,2.2102836747592667,63.32774287075412
UP30_SCORE70_NIKKEION_TP3.5_SL1.25_H1,VALIDATION,2023-08-25,3405.T,WIN,7.644744314163832,1,5.563676524694812,False,3.2152690771133585,33.8857711933423,0.5009277123760647,0.0383852602473304,1.6114387669128216,2.2127840897610955,1.4383193507789016,74.62114188384804
UP30_SCORE70_NIKKEION_TP3.5_SL1.25_H1,VALIDATION,2023-08-28,6113.T,WIN,7.323009198572639,1,2.0495189820741966,False,1.2136642361419758,13.1843960890482,2.1775693976564536,0.045055261327477,1.8592336349121876,2.1208597710207515,1.5424862573680376,68.72876119221075
UP30_SCORE70_NIKKEION_TP3.5_SL1.25_H1,VALIDATION,2023-09-21,9501.T,HOLD,2.430923944535668,1,12.439084434745476,False,3.3705390033044846,55.35845466158926,3.1764129913268717,0.1079233947128065,1.2387773526238668,2.8613704298891873,1.684289366876984,77.03312199329181
UP30_SCORE70_NIKKEION_TP3.5_SL1.25_H1,VALIDATION,2023-09-25,6724.T,LOSS,-2.3584171786397934,1,1.9559915809231725,False,1.1888741021515823,18.999088168220453,0.5744797730551587,0.0697933184223795,0.6486843807032923,1.8484801358434666,0.7463562635890907,67.74065809684637
UP30_SCORE70_NIKKEION_TP3.5_SL1.25_H1,VALIDATION,2023-09-26,8795.T,LOSS,-3.203949440186482,1,8.073776484220787,False,2.6441221533526127,40.65925639038708,0.3276185569456968,0.031178315543677,1.4798864527695812,2.562704607466282,1.5836332714471573,67.81712545659161
UP30_SCORE70_NIKKEION_TP3.5_SL1.25_H1,VALIDATION,2023-09-27,8697.T,LOSS,-2.5573563318968318,1,3.3470779308842338,False,1.4497709058478805,32.77614038546648,3.4413909652475594,0.0834387115714591,1.6005725384357377,2.015410892703044,2.222029709001226,79.38085439124544
UP30_SCORE70_NIKKEION_TP3.5_SL1.25_H1,VALIDATION,2023-09-28,7211.T,LOSS,-3.436113728322343,1,9.117007954978993,False,3.450040277711963,39.29149553083054,1.8863381236379428,0.0571909307090926,1.5897506486632105,2.7610011200634483,2.021996336198152,71.69805481165484
UP30_SCORE70_NIKKEION_TP3.5_SL1.25_H1,VALIDATION,2023-09-29,4519.T,LOSS,-3.016548913206396,1,5.059909895761967,False,0.93704686797198,28.12251682599573,0.1516356839443844,0.1048133624170686,1.5080802597375482,2.4033335284704487,2.628650714220726,65.25518100416157
UP30_SCORE70_NIKKEION_TP3.5_SL1.25_H1,VALIDATION,2023-10-10,9107.T,LOSS,-4.467794983214523,1,15.933972418178186,False,1.9657485360281115,32.90204777315115,5.531622163232508,0.1134071461102983,1.3518507547182232,3.653827689070136,1.4354720499868414,67.38977612445666
UP30_SCORE70_NIKKEION_TP3.5_SL1.25_H1,VALIDATION,2023-10-18,7453.T,TIMEOUT_LOSS,-2.167696837695854,1,4.136507868839604,False,0.1223158978307381,22.63425020648197,3.166167693874544,0.1318619295282879,0.9600826348913224,3.16705256495576,1.773623917931742,67.49018008188494
UP30_SCORE70_NIKKEION_TP3.5_SL1.25_H1,VALIDATION,2023-10-20,2501.T,LOSS,-2.4313193171053404,1,13.549303533545825,False,1.2865739537807783,42.10627268358788,0.397069077036738,0.0451092945210227,1.6116698336191315,1.9095737145663187,1.7322540473225403,71.17290890964611
UP30_SCORE70_NIKKEION_TP3.5_SL1.25_H1,VALIDATION,2023-10-30,8354.T,LOSS,-3.3892696512540677,1,6.961966882938133,False,0.4635109606138554,20.183945473791084,-1.572169017049041,0.0235651555938773,2.242165378893315,2.7209139167020906,3.041452154524692,57.710746195913416
UP30_SCORE70_NIKKEION_TP3.5_SL1.25_H1,VALIDATION,2023-10-31,8354.T,LOSS,-3.425542831436179,1,6.990528763368678,False,0.7896743702185294,20.80181074330227,1.9845406507217331,0.061751516195736,1.2017489922798388,2.7519515941115085,1.8450726385902343,64.8150694647926
UP30_SCORE70_NIKKEION_TP3.5_SL1.25_H1,VALIDATION,2023-12-06,9501.T,WIN,10.352793834296737,1,1.1578272175565565,False,0.4150857548883557,12.53495466131979,3.919503623521159,0.0978182408120953,2.777650370355735,2.9865125240847794,3.8960955408717135,65.11804068639108
UP30_SCORE70_NIKKEION_TP3.5_SL1.25_H1,VALIDATION,2024-03-08,8331.T,WIN,8.90754436297948,1,5.405307907021086,False,2.693774385595749,36.25104127848698,0.9972018532308002,0.0155313857543469,1.357289321773241,2.573584103708426,1.6865697218534337,73.6374923996679
UP30_SCORE70_NIKKEION_TP3.5_SL1.25_H1,VALIDATION,2024-03-11,8309.T,WIN,8.544712042683933,1,5.456514832612866,False,1.8033243234927052,38.94777737859525,-2.829621941040217,0.0670779999091881,1.2557221617814778,2.469917726481123,1.5724905472866024,64.63927772022649
UP30_SCORE70_NIKKEION_TP3.5_SL1.25_H1,VALIDATION,2024-03-13,9502.T,WIN,8.171215809002076,1,0.3284805989638264,False,-0.3949155550553529,9.336203923379715,-0.4163332885228521,0.0416315849555858,1.3713123246439942,2.363204516857735,1.5435690298745686,53.35620076050401
UP30_SCORE70_NIKKEION_TP3.5_SL1.25_H1,VALIDATION,2024-03-18,3289.T,WIN,9.13703173092334,1,3.1788561124538144,False,1.0067788984315262,36.8627274994429,2.9795236379785983,0.0993729974623696,1.2184818060410647,2.6391519231209566,1.515077338343676,70.79072631991961
UP30_SCORE70_NIKKEION_TP3.5_SL1.25_H1,VALIDATION,2024-03-19,8801.T,HOLD,8.495777150300976,1,9.773150047748146,False,2.115825121948145,32.446154882604525,5.3761017561049895,0.122181980734735,1.510534167150447,2.8278956009457774,2.033014039373544,75.61957057625732
UP30_SCORE70_NIKKEION_TP3.5_SL1.25_H1,VALIDATION,2024-04-24,8306.T,WIN,7.822783534526579,1,5.791235339906379,False,0.4467188060413019,17.604649912322607,0.4799929191379393,0.0388005802676905,0.8113443422931543,2.263652438436166,0.8313150105569843,58.02624765264058
UP25_SCORE70_NIKKEION_TP3.5_SL1.25_H1,VALIDATION,2022-05-13,2501.T,LOSS,-2.816703130291298,1,5.944871187551252,False,3.400604512726435,38.685878809615936,-0.3244343527760707,0.0267817779012543,1.333862563100472,2.2340551504373973,1.455429821541605,78.64119875658174
UP25_SCORE70_NIKKEION_TP3.5_SL1.25_H1,VALIDATION,2022-05-16,9531.T,LOSS,-3.1416916867336497,1,2.5034930380954985,False,2.918378221747409,35.99524805652664,0.0770927134631671,0.0268486183782619,0.6259226454089164,2.5096903934471575,0.7872520745924935,72.12547021118274
UP25_SCORE70_NIKKEION_TP3.5_SL1.25_H1,VALIDATION,2022-05-17,5020.T,LOSS,-3.032185580333191,1,1.760630250605687,False,1.405987367477768,19.07032630053753,3.1570597639297704,0.0728946497185125,1.0614395952093003,2.4166078924213226,1.7550698443476471,75.02798470985627
UP25_SCORE70_NIKKEION_TP3.5_SL1.25_H1,VALIDATION,2022-06-10,5803.T,HOLD,8.026663916998123,1,18.524807642590567,False,6.702168884496307,43.39822829433884,-2.2248190983177096,0.0388881292514335,1.243466362599772,3.4588471392703823,1.0810864397269426,71.89716109124154
UP25_SCORE70_NIKKEION_TP3.5_SL1.25_H1,VALIDATION,2022-06-24,7211.T,HOLD,11.175615019526564,1,20.002268211229577,False,4.349113502823965,42.1196056280957,-8.606548698090188,0.0025616573777389,1.480431990860245,4.339395390652548,1.9367317893950209,57.01585206707608
UP25_SCORE70_NIKKEION_TP3.5_SL1.25_H1,VALIDATION,2022-06-27,2501.T,WIN,7.283174643453927,1,9.820015702889275,False,1.5644775018713195,43.76912496196353,0.2368803875811176,0.0039577750676822,1.6676743248690045,2.109478469558268,1.781581355293611,70.83940742006217
UP25_SCORE70_NIKKEION_TP3.5_SL1.25_H1,VALIDATION,2022-06-28,9501.T,HOLD,5.172727272727274,1,9.046096065256291,False,-0.1853194746595843,20.191556948575037,4.166666666666674,0.1471293143668663,2.302757482523177,3.818181818181817,2.373206083583625,67.66977151936806
UP25_SCORE70_NIKKEION_TP3.5_SL1.25_H1,VALIDATION,2022-06-29,9501.T,TIMEOUT_LOSS,-2.1725388601036233,1,8.88196224656258,False,0.6706528765352271,22.37396857143523,5.272727272727273,0.204249264353729,2.005658483470548,3.857225100748418,2.7880650383729697,72.51589607440937
UP25_SCORE70_NIKKEION_TP3.5_SL1.25_H1,VALIDATION,2022-06-30,9501.T,HOLD,2.016402116402116,1,8.69955156950672,False,1.466418212752152,24.51597202150592,-2.072538860103623,0.19025697032202,1.2002946002712256,4.115226337448563,2.0613896712206934,67.97537846674064
UP25_SCORE70_NIKKEION_TP3.5_SL1.25_H1,VALIDATION,2022-07-07,8804.T,LOSS,-2.904788980363615,1,0.0265934630896393,False,1.8073914631535404,23.4174748041781,0.84344269467298,0.019848201568192,1.172779728039382,2.308582038921199,1.0809252854327047,66.07021427242472
UP25_SCORE70_NIKKEION_TP3.5_SL1.25_H1,VALIDATION,2022-07-08,8804.T,LOSS,-2.889607825665119,1,0.4282553834964402,False,2.048754876514192,24.50874722643819,0.8886574055018581,0.0080089640833866,1.4952237669705812,2.2957280704411014,1.4730094105462403,67.7674063851828
UP25_SCORE70_NIKKEION_TP3.5_SL1.25_H1,VALIDATION,2022-08-26,3402.T,WIN,6.465389484547013,1,4.715826557188758,False,1.3227068499944927,23.326868980224702,2.1349419667568537,0.0451499048489812,2.120364579714173,1.87582556701343,1.8661862363859685,71.48351885781872
UP25_SCORE70_NIKKEION_TP3.5_SL1.25_H1,VALIDATION,2022-09-08,6963.T,WIN,9.16016227966986,1,3.389358493787343,False,1.450911551849754,17.181027533475167,1.1029514224850656,0.0575267132257677,1.5761652398423698,2.645760651334246,1.9134264834457844,63.69425087590122
UP25_SCORE70_NIKKEION_TP3.5_SL1.25_H1,VALIDATION,2022-09-09,8233.T,WIN,7.05329659544608,1,7.105545004350923,False,2.419994828977501,47.07602457680796,1.4067191098883436,0.0424264355421359,1.5726287733935918,2.043799027270306,2.0167180592190808,84.96763309537195
UP25_SCORE70_NIKKEION_TP3.5_SL1.25_H1,VALIDATION,2022-09-12,3099.T,WIN,8.798181811633732,1,0.7190452600000207,False,2.762599012130851,32.50220295696049,4.701928889725493,0.0900232111163203,1.2789892584444156,2.54233766046678,1.6376233727228475,80.32291358388707
UP25_SCORE70_NIKKEION_TP3.5_SL1.25_H1,VALIDATION,2022-09-13,6762.T,HOLD,4.55946891217528,1,9.463813495840416,False,1.1505973027165384,23.741570665434217,3.5363485256876714,0.0267329113111032,1.529791393965503,2.3772466104535024,1.9478991951222084,70.83421513435317
UP25_SCORE70_NIKKEION_TP3.5_SL1.25_H1,VALIDATION,2022-09-14,6762.T,WIN,9.154840892599447,1,9.479109815344067,False,1.1934819770905936,23.95264966470376,-3.605319642757554,0.0110704579108096,1.155304655862548,2.6442402550284143,1.5151809744067293,58.94862853932386
UP25_SCORE70_NIKKEION_TP3.5_SL1.25_H1,VALIDATION,2022-10-04,4502.T,WIN,5.693901702022053,1,0.1784752662705485,False,0.0923229281194926,12.91568892333423,1.3032940182379882,0.0434328521808546,1.4568342799069054,1.6554004862920173,1.980215777578708,61.542227510413
UP25_SCORE70_NIKKEION_TP3.5_SL1.25_H1,VALIDATION,2022-10-06,8031.T,LOSS,-2.8275646693257217,1,5.065407746825307,False,0.0837280115831173,18.889517197394643,1.2750327617096602,0.0227091221899091,0.809571229942505,2.243237488650074,0.8381690110706707,63.42700055474461
UP25_SCORE70_NIKKEION_TP3.5_SL1.25_H1,VALIDATION,2022-10-14,8252.T,LOSS,-3.0132489164464205,1,2.389445668348921,False,0.5022998885166441,13.699459371716976,1.0879489875212478,0.0305650495027016,1.5028310064366206,2.4005326238092,1.7893257501729267,61.433450449673664
UP25_SCORE70_NIKKEION_TP3.5_SL1.25_H1,VALIDATION,2022-12-12,7453.T,HOLD,5.168993152993251,1,7.785745537710707,False,0.6688510049293495,23.26400560168437,2.5965432538196165,0.0730793230628874,1.71096128417233,2.3300665706892305,1.800916419691897,67.18226053707386
UP25_SCORE70_NIKKEION_TP3.5_SL1.25_H1,VALIDATION,2022-12-14,4183.T,WIN,6.467602678315155,1,4.047842666128099,False,1.735151101832666,33.47960405091145,1.4353983141801807,0.0171772644233658,1.467974580070142,1.8764579080900419,1.530005084442979,66.28826055987322
UP25_SCORE70_NIKKEION_TP3.5_SL1.25_H1,VALIDATION,2023-01-04,8306.T,LOSS,-3.1546643001832964,1,9.942721833814636,False,4.004071511887508,53.97241962566525,3.140323074040752,0.0772790598147473,1.5402472630176538,2.5207313198785037,1.7562880669658096,80.2377668052138
UP25_SCORE70_NIKKEION_TP3.5_SL1.25_H1,VALIDATION,2023-01-11,3382.T,LOSS,-2.203043364983559,1,-0.342018630134584,True,0.0643002033458461,11.064368921038149,0.1567953069600225,0.002254167969536,1.330397347716364,1.7185771139539858,1.7491209180835523,59.8589561169827
UP25_SCORE70_NIKKEION_TP3.5_SL1.25_H1,VALIDATION,2023-01-12,8795.T,LOSS,-3.3849869635746654,1,13.347418043336852,False,3.631370741500861,41.89053345181456,1.373349552942793,-0.0147676883364578,1.2388590074410453,2.7172509089875936,1.5983048518463,71.32842362367616
UP25_SCORE70_NIKKEION_TP3.5_SL1.25_H1,VALIDATION,2023-02-24,9107.T,WIN,10.142702999179887,1,9.446404148371524,False,4.09844994706916,43.4164883645031,1.0370470060754755,0.0191426801055223,1.190554996700955,2.9264865711942534,1.0778453082226491,71.89668183793219
UP25_SCORE70_NIKKEION_TP3.5_SL1.25_H1,VALIDATION,2023-03-01,5406.T,WIN,9.759787626862993,1,14.91716099759614,False,6.888477232737333,54.04595324073036,3.2292749761118733,0.0651599338858062,1.252977261833042,2.8170821791037097,1.4760421644722026,84.29291427976493
UP25_SCORE70_NIKKEION_TP3.5_SL1.25_H1,VALIDATION,2023-03-02,7532.T,HOLD,3.8475946283756834,1,2.311749896743116,False,1.110301730656027,23.028168592738364,-2.3219991254686434,0.0040066512595293,1.2480259842078736,2.4894896230590753,1.209647434940606,58.48457558086351
UP25_SCORE70_NIKKEION_TP3.5_SL1.25_H1,VALIDATION,2023-03-10,7532.T,HOLD,2.5956173520402026,1,3.57934608370132,False,1.880228685350693,28.13455632423358,-2.921340206282974,0.0131222127276182,1.491419817093107,2.5463457920216275,1.7096566069760155,58.657926704217566
UP25_SCORE70_NIKKEION_TP3.5_SL1.25_H1,VALIDATION,2023-03-22,9432.T,WIN,4.419274361846648,1,2.9886769743890587,False,0.7353999834895264,15.681016052641414,0.4470819300953277,0.0202850673358965,1.1697412593408478,1.2912212462419026,1.3366632783126184,63.96297916656753
UP25_SCORE70_NIKKEION_TP3.5_SL1.25_H1,VALIDATION,2023-03-23,2282.T,WIN,4.632136908608653,1,1.7935028429780078,False,0.8430250161032271,22.46676756670302,2.213557995259552,0.0245550521425392,1.4819834848611226,1.3520391167453294,1.6059746686702747,66.90274959696077
UP25_SCORE70_NIKKEION_TP3.5_SL1.25_H1,VALIDATION,2023-03-29,6501.T,HOLD,5.231834133933145,1,1.0988968003756614,False,0.0979342932952764,16.39183530118584,0.7640034424433395,0.040399658979535,1.4440823297722165,2.0827135864235418,1.320943838763867,62.83061669805912
UP25_SCORE70_NIKKEION_TP3.5_SL1.25_H1,VALIDATION,2023-05-02,4062.T,HOLD,1.0139579242476215,1,4.013966551592089,False,1.802827796504003,20.67844708573587,9.00735727262434,0.1648387926054175,2.2486169616892635,3.1848252355601923,4.576523959366289,74.71698370331268
UP25_SCORE70_NIKKEION_TP3.5_SL1.25_H1,VALIDATION,2023-05-08,4062.T,HOLD,5.527817301031235,1,4.5676056091174,False,2.5347224805395863,23.10031811179641,-1.0118074056056026,0.1743182992262808,0.7399843511094202,3.210063097006962,1.5313197485061518,71.9754167058368
UP25_SCORE70_NIKKEION_TP3.5_SL1.25_H1,VALIDATION,2023-07-14,3697.T,HOLD,2.6352689429760656,1,4.414202111466844,False,0.9825434478655692,14.066035777668535,11.423477609773958,0.2445951797241883,3.1735855666491504,3.664836270819342,5.869603952377096,73.90035206959334
UP25_SCORE70_NIKKEION_TP3.5_SL1.25_H1,VALIDATION,2023-07-18,3697.T,HOLD,3.523970101615148,1,4.9953295049275175,False,2.044955701868667,17.111553296105495,2.299582343674889,0.2528169654791361,1.6606525716609066,3.758092130501045,3.6132920490987503,75.56989565836771
UP25_SCORE70_NIKKEION_TP3.5_SL1.25_H1,VALIDATION,2023-07-19,3697.T,TIMEOUT_LOSS,-2.2265375704661805,1,5.567456335180463,False,3.178951129004992,20.179742269010724,3.184516937369808,0.2654910535496504,1.1688741037667625,3.7680333712417116,2.7744672503003995,77.74209892609204
UP25_SCORE70_NIKKEION_TP3.5_SL1.25_H1,VALIDATION,2023-07-20,9107.T,WIN,12.242811336640235,1,7.365756579489273,False,4.617551222256289,40.456823312574784,0.6164097608000185,0.0938839039136021,1.2425910903490696,3.5265175247543543,1.297700012415697,75.59799884044793
UP25_SCORE70_NIKKEION_TP3.5_SL1.25_H1,VALIDATION,2023-07-24,8304.T,WIN,4.0531544116430345,1,5.965186154094392,False,1.4953254814182193,46.50894890976158,-0.1436610728448251,0.0052203232234606,0.9984152139461172,1.186615546183726,0.9270053085895136,73.84824848778555
UP25_SCORE70_NIKKEION_TP3.5_SL1.25_H1,VALIDATION,2023-07-25,9107.T,WIN,11.733605063529751,1,9.426236891350596,False,5.728474038906661,43.95468824272265,0.4712471779455551,0.0685211820160593,0.7454517534288647,3.381030018151354,0.7193571847781792,73.09781851674379
UP25_SCORE70_NIKKEION_TP3.5_SL1.25_H1,VALIDATION,2023-07-27,3697.T,TIMEOUT_LOSS,-0.7186061325326508,1,6.924157184283334,False,3.259052026362852,29.05887576099701,-1.0892575373501412,0.002571187096052,0.7087931439305001,3.531479074970112,0.5298027773512055,71.0424364651647
UP25_SCORE70_NIKKEION_TP3.5_SL1.25_H1,VALIDATION,2023-08-02,2871.T,WIN,5.292393093758474,1,3.8189108712657336,False,0.7242951919965934,34.654865155400365,-0.3352535094952369,0.0165360395766838,1.8527815891231132,1.5406837410738485,2.5689084895259096,68.58018561012706
UP25_SCORE70_NIKKEION_TP3.5_SL1.25_H1,VALIDATION,2023-08-10,1605.T,WIN,10.14936860520338,1,11.164981718369583,False,3.493592257604239,52.83446425483549,12.463460383201651,0.1554229117371919,2.79979946927813,2.9283910300581084,4.34619726101322,79.77015775754742
UP25_SCORE70_NIKKEION_TP3.5_SL1.25_H1,VALIDATION,2023-08-23,7261.T,WIN,9.182580047210122,1,5.953331285872705,False,1.9455717693589447,12.708498948693068,1.9993264348709736,0.0386591443652704,1.6638416589958922,2.652165727774321,1.5720263859369508,64.21075613369555
UP25_SCORE70_NIKKEION_TP3.5_SL1.25_H1,VALIDATION,2023-08-24,4062.T,LOSS,-4.466360926363954,1,6.80922560641553,False,-0.1925287628427585,15.369284537342974,1.0315239770017692,0.0820505230531885,2.3957283900866413,3.493088741091155,2.2102836747592667,63.32774287075412
UP25_SCORE70_NIKKEION_TP3.5_SL1.25_H1,VALIDATION,2023-08-25,3405.T,WIN,7.644744314163832,1,5.563676524694812,False,3.2152690771133585,33.8857711933423,0.5009277123760647,0.0383852602473304,1.6114387669128216,2.2127840897610955,1.4383193507789016,74.62114188384804
UP25_SCORE70_NIKKEION_TP3.5_SL1.25_H1,VALIDATION,2023-08-28,6113.T,WIN,7.323009198572639,1,2.0495189820741966,False,1.2136642361419758,13.1843960890482,2.1775693976564536,0.045055261327477,1.8592336349121876,2.1208597710207515,1.5424862573680376,68.72876119221075
UP25_SCORE70_NIKKEION_TP3.5_SL1.25_H1,VALIDATION,2023-09-21,9501.T,HOLD,2.430923944535668,1,12.439084434745476,False,3.3705390033044846,55.35845466158926,3.1764129913268717,0.1079233947128065,1.2387773526238668,2.8613704298891873,1.684289366876984,77.03312199329181
UP25_SCORE70_NIKKEION_TP3.5_SL1.25_H1,VALIDATION,2023-09-25,6724.T,LOSS,-2.3584171786397934,1,1.9559915809231725,False,1.1888741021515823,18.999088168220453,0.5744797730551587,0.0697933184223795,0.6486843807032923,1.8484801358434666,0.7463562635890907,67.74065809684637
UP25_SCORE70_NIKKEION_TP3.5_SL1.25_H1,VALIDATION,2023-09-26,8795.T,LOSS,-3.203949440186482,1,8.073776484220787,False,2.6441221533526127,40.65925639038708,0.3276185569456968,0.031178315543677,1.4798864527695812,2.562704607466282,1.5836332714471573,67.81712545659161
UP25_SCORE70_NIKKEION_TP3.5_SL1.25_H1,VALIDATION,2023-09-27,8697.T,LOSS,-2.5573563318968318,1,3.3470779308842338,False,1.4497709058478805,32.77614038546648,3.4413909652475594,0.0834387115714591,1.6005725384357377,2.015410892703044,2.222029709001226,79.38085439124544
UP25_SCORE70_NIKKEION_TP3.5_SL1.25_H1,VALIDATION,2023-09-28,7211.T,LOSS,-3.436113728322343,1,9.117007954978993,False,3.450040277711963,39.29149553083054,1.8863381236379428,0.0571909307090926,1.5897506486632105,2.7610011200634483,2.021996336198152,71.69805481165484
UP25_SCORE70_NIKKEION_TP3.5_SL1.25_H1,VALIDATION,2023-09-29,4519.T,LOSS,-3.016548913206396,1,5.059909895761967,False,0.93704686797198,28.12251682599573,0.1516356839443844,0.1048133624170686,1.5080802597375482,2.4033335284704487,2.628650714220726,65.25518100416157
UP25_SCORE70_NIKKEION_TP3.5_SL1.25_H1,VALIDATION,2023-10-10,9107.T,LOSS,-4.467794983214523,1,15.933972418178186,False,1.9657485360281115,32.90204777315115,5.531622163232508,0.1134071461102983,1.3518507547182232,3.653827689070136,1.4354720499868414,67.38977612445666
UP25_SCORE70_NIKKEION_TP3.5_SL1.25_H1,VALIDATION,2023-10-18,7453.T,TIMEOUT_LOSS,-2.167696837695854,1,4.136507868839604,False,0.1223158978307381,22.63425020648197,3.166167693874544,0.1318619295282879,0.9600826348913224,3.16705256495576,1.773623917931742,67.49018008188494
UP25_SCORE70_NIKKEION_TP3.5_SL1.25_H1,VALIDATION,2023-10-20,2501.T,LOSS,-2.4313193171053404,1,13.549303533545825,False,1.2865739537807783,42.10627268358788,0.397069077036738,0.0451092945210227,1.6116698336191315,1.9095737145663187,1.7322540473225403,71.17290890964611
UP25_SCORE70_NIKKEION_TP3.5_SL1.25_H1,VALIDATION,2023-10-30,8354.T,LOSS,-3.3892696512540677,1,6.961966882938133,False,0.4635109606138554,20.183945473791084,-1.572169017049041,0.0235651555938773,2.242165378893315,2.7209139167020906,3.041452154524692,57.710746195913416
UP25_SCORE70_NIKKEION_TP3.5_SL1.25_H1,VALIDATION,2023-10-31,8354.T,LOSS,-3.425542831436179,1,6.990528763368678,False,0.7896743702185294,20.80181074330227,1.9845406507217331,0.061751516195736,1.2017489922798388,2.7519515941115085,1.8450726385902343,64.8150694647926
UP25_SCORE70_NIKKEION_TP3.5_SL1.25_H1,VALIDATION,2023-12-06,9501.T,WIN,10.352793834296737,1,1.1578272175565565,False,0.4150857548883557,12.53495466131979,3.919503623521159,0.0978182408120953,2.777650370355735,2.9865125240847794,3.8960955408717135,65.11804068639108
UP25_SCORE70_NIKKEION_TP3.5_SL1.25_H1,VALIDATION,2024-03-08,8331.T,WIN,8.90754436297948,1,5.405307907021086,False,2.693774385595749,36.25104127848698,0.9972018532308002,0.0155313857543469,1.357289321773241,2.573584103708426,1.6865697218534337,73.6374923996679
UP25_SCORE70_NIKKEION_TP3.5_SL1.25_H1,VALIDATION,2024-03-11,8309.T,WIN,8.544712042683933,1,5.456514832612866,False,1.8033243234927052,38.94777737859525,-2.829621941040217,0.0670779999091881,1.2557221617814778,2.469917726481123,1.5724905472866024,64.63927772022649
UP25_SCORE70_NIKKEION_TP3.5_SL1.25_H1,VALIDATION,2024-03-13,9502.T,WIN,8.171215809002076,1,0.3284805989638264,False,-0.3949155550553529,9.336203923379715,-0.4163332885228521,0.0416315849555858,1.3713123246439942,2.363204516857735,1.5435690298745686,53.35620076050401
UP25_SCORE70_NIKKEION_TP3.5_SL1.25_H1,VALIDATION,2024-03-18,3289.T,WIN,9.13703173092334,1,3.1788561124538144,False,1.0067788984315262,36.8627274994429,2.9795236379785983,0.0993729974623696,1.2184818060410647,2.6391519231209566,1.515077338343676,70.79072631991961
UP25_SCORE70_NIKKEION_TP3.5_SL1.25_H1,VALIDATION,2024-03-19,8801.T,HOLD,8.495777150300976,1,9.773150047748146,False,2.115825121948145,32.446154882604525,5.3761017561049895,0.122181980734735,1.510534167150447,2.8278956009457774,2.033014039373544,75.61957057625732
UP25_SCORE70_NIKKEION_TP3.5_SL1.25_H1,VALIDATION,2024-04-24,8306.T,WIN,7.822783534526579,1,5.791235339906379,False,0.4467188060413019,17.604649912322607,0.4799929191379393,0.0388005802676905,0.8113443422931543,2.263652438436166,0.8313150105569843,58.02624765264058
UP25_SCORE80_NIKKEION_TP4.0_SL2.0_H1,VALIDATION,2022-06-24,7211.T,HOLD,11.175615019526564,1,20.002268211229577,False,4.349113502823965,42.1196056280957,-8.606548698090188,0.0025616573777389,1.480431990860245,4.339395390652548,1.9367317893950209,57.01585206707608
UP25_SCORE80_NIKKEION_TP4.0_SL2.0_H1,VALIDATION,2022-06-27,2501.T,WIN,8.337913878233072,1,9.820015702889275,False,1.5644775018713195,43.76912496196353,0.2368803875811176,0.0039577750676822,1.6676743248690045,2.109478469558268,1.781581355293611,70.83940742006217
UP25_SCORE80_NIKKEION_TP4.0_SL2.0_H1,VALIDATION,2022-06-28,4578.T,HOLD,5.877416001398295,1,2.811500618425085,False,0.7797949709401619,18.15203011575664,2.8767849656501365,0.0818878776719227,1.363859459093525,2.0365833078548183,1.6896963851379687,77.64753835884625
UP25_SCORE80_NIKKEION_TP4.0_SL2.0_H1,VALIDATION,2022-06-29,9501.T,TIMEOUT_LOSS,-2.1725388601036233,1,8.88196224656258,False,0.6706528765352271,22.37396857143523,5.272727272727273,0.204249264353729,2.005658483470548,3.857225100748418,2.7880650383729697,72.51589607440937
UP25_SCORE80_NIKKEION_TP4.0_SL2.0_H1,VALIDATION,2022-06-30,9501.T,HOLD,2.016402116402116,1,8.69955156950672,False,1.466418212752152,24.51597202150592,-2.072538860103623,0.19025697032202,1.2002946002712256,4.115226337448563,2.0613896712206934,67.97537846674064
UP25_SCORE80_NIKKEION_TP4.0_SL2.0_H1,VALIDATION,2022-08-26,3402.T,WIN,7.4033022680537135,1,4.715826557188758,False,1.3227068499944927,23.326868980224702,2.1349419667568537,0.0451499048489812,2.120364579714173,1.87582556701343,1.8661862363859685,71.48351885781872
UP25_SCORE80_NIKKEION_TP4.0_SL2.0_H1,VALIDATION,2022-09-08,6963.T,WIN,10.483042605336978,1,3.389358493787343,False,1.450911551849754,17.181027533475167,1.1029514224850656,0.0575267132257677,1.5761652398423698,2.645760651334246,1.9134264834457844,63.69425087590122
UP25_SCORE80_NIKKEION_TP4.0_SL2.0_H1,VALIDATION,2022-09-09,8233.T,WIN,8.075196109081217,1,7.105545004350923,False,2.419994828977501,47.07602457680796,1.4067191098883436,0.0424264355421359,1.5726287733935918,2.043799027270306,2.0167180592190808,84.96763309537195
UP25_SCORE80_NIKKEION_TP4.0_SL2.0_H1,VALIDATION,2022-09-12,3099.T,HOLD,8.589121662137844,1,0.7190452600000207,False,2.762599012130851,32.50220295696049,4.701928889725493,0.0900232111163203,1.2789892584444156,2.54233766046678,1.6376233727228475,80.32291358388707
UP25_SCORE80_NIKKEION_TP4.0_SL2.0_H1,VALIDATION,2022-09-13,6762.T,HOLD,4.55946891217528,1,9.463813495840416,False,1.1505973027165384,23.741570665434217,3.5363485256876714,0.0267329113111032,1.529791393965503,2.3772466104535024,1.9478991951222084,70.83421513435317
UP25_SCORE80_NIKKEION_TP4.0_SL2.0_H1,VALIDATION,2022-10-04,4502.T,WIN,6.521601945168077,1,0.1784752662705485,False,0.0923229281194926,12.91568892333423,1.3032940182379882,0.0434328521808546,1.4568342799069054,1.6554004862920173,1.980215777578708,61.542227510413
UP25_SCORE80_NIKKEION_TP4.0_SL2.0_H1,VALIDATION,2022-10-14,8252.T,LOSS,-4.681122564236062,1,2.389445668348921,False,0.5022998885166441,13.699459371716976,1.0879489875212478,0.0305650495027016,1.5028310064366206,2.4005326238092,1.7893257501729267,61.433450449673664
UP25_SCORE80_NIKKEION_TP4.0_SL2.0_H1,VALIDATION,2022-12-14,4183.T,WIN,7.405831632360161,1,4.047842666128099,False,1.735151101832666,33.47960405091145,1.4353983141801807,0.0171772644233658,1.467974580070142,1.8764579080900419,1.530005084442979,66.28826055987322
UP25_SCORE80_NIKKEION_TP4.0_SL2.0_H1,VALIDATION,2023-01-04,8306.T,LOSS,-4.899497753612646,1,9.942721833814636,False,4.004071511887508,53.97241962566525,3.140323074040752,0.0772790598147473,1.5402472630176538,2.5207313198785037,1.7562880669658096,80.2377668052138
UP25_SCORE80_NIKKEION_TP4.0_SL2.0_H1,VALIDATION,2023-01-12,8795.T,LOSS,-5.254386585292014,1,13.347418043336852,False,3.631370741500861,41.89053345181456,1.373349552942793,-0.0147676883364578,1.2388590074410453,2.7172509089875936,1.5983048518463,71.32842362367616
UP25_SCORE80_NIKKEION_TP4.0_SL2.0_H1,VALIDATION,2023-03-10,7532.T,HOLD,2.5956173520402026,1,3.57934608370132,False,1.880228685350693,28.13455632423358,-2.921340206282974,0.0131222127276182,1.491419817093107,2.5463457920216275,1.7096566069760155,58.657926704217566
UP25_SCORE80_NIKKEION_TP4.0_SL2.0_H1,VALIDATION,2023-03-23,2282.T,WIN,5.308156466981318,1,1.7935028429780078,False,0.8430250161032271,22.46676756670302,2.213557995259552,0.0245550521425392,1.4819834848611226,1.3520391167453294,1.6059746686702747,66.90274959696077
UP25_SCORE80_NIKKEION_TP4.0_SL2.0_H1,VALIDATION,2023-05-02,4062.T,HOLD,1.0139579242476215,1,4.013966551592089,False,1.802827796504003,20.67844708573587,9.00735727262434,0.1648387926054175,2.2486169616892635,3.1848252355601923,4.576523959366289,74.71698370331268
UP25_SCORE80_NIKKEION_TP4.0_SL2.0_H1,VALIDATION,2023-07-14,3697.T,HOLD,2.6352689429760656,1,4.414202111466844,False,0.9825434478655692,14.066035777668535,11.423477609773958,0.2445951797241883,3.1735855666491504,3.664836270819342,5.869603952377096,73.90035206959334
UP25_SCORE80_NIKKEION_TP4.0_SL2.0_H1,VALIDATION,2023-07-18,3697.T,HOLD,3.523970101615148,1,4.9953295049275175,False,2.044955701868667,17.111553296105495,2.299582343674889,0.2528169654791361,1.6606525716609066,3.758092130501045,3.6132920490987503,75.56989565836771
UP25_SCORE80_NIKKEION_TP4.0_SL2.0_H1,VALIDATION,2023-07-19,3697.T,TIMEOUT_LOSS,-2.2265375704661805,1,5.567456335180463,False,3.178951129004992,20.179742269010724,3.184516937369808,0.2654910535496504,1.1688741037667625,3.7680333712417116,2.7744672503003995,77.74209892609204
UP25_SCORE80_NIKKEION_TP4.0_SL2.0_H1,VALIDATION,2023-08-02,2871.T,WIN,6.0627349642954025,1,3.8189108712657336,False,0.7242951919965934,34.654865155400365,-0.3352535094952369,0.0165360395766838,1.8527815891231132,1.5406837410738485,2.5689084895259096,68.58018561012706
UP25_SCORE80_NIKKEION_TP4.0_SL2.0_H1,VALIDATION,2023-08-10,1605.T,HOLD,6.879169240044492,1,11.164981718369583,False,3.493592257604239,52.83446425483549,12.463460383201651,0.1554229117371919,2.79979946927813,2.9283910300581084,4.34619726101322,79.77015775754742
UP25_SCORE80_NIKKEION_TP4.0_SL2.0_H1,VALIDATION,2023-08-23,7261.T,WIN,10.508662911097277,1,5.953331285872705,False,1.9455717693589447,12.708498948693068,1.9993264348709736,0.0386591443652704,1.6638416589958922,2.652165727774321,1.5720263859369508,64.21075613369555
UP25_SCORE80_NIKKEION_TP4.0_SL2.0_H1,VALIDATION,2023-08-28,6113.T,WIN,8.383439084083,1,2.0495189820741966,False,1.2136642361419758,13.1843960890482,2.1775693976564536,0.045055261327477,1.8592336349121876,2.1208597710207515,1.5424862573680376,68.72876119221075
UP25_SCORE80_NIKKEION_TP4.0_SL2.0_H1,VALIDATION,2023-09-21,9501.T,HOLD,2.430923944535668,1,12.439084434745476,False,3.3705390033044846,55.35845466158926,3.1764129913268717,0.1079233947128065,1.2387773526238668,2.8613704298891873,1.684289366876984,77.03312199329181
UP25_SCORE80_NIKKEION_TP4.0_SL2.0_H1,VALIDATION,2023-09-26,8795.T,LOSS,-4.975518918983212,1,8.073776484220787,False,2.6441221533526127,40.65925639038708,0.3276185569456968,0.031178315543677,1.4798864527695812,2.562704607466282,1.5836332714471573,67.81712545659161
UP25_SCORE80_NIKKEION_TP4.0_SL2.0_H1,VALIDATION,2023-09-27,8697.T,LOSS,-3.9746418765400415,1,3.3470779308842338,False,1.4497709058478805,32.77614038546648,3.4413909652475594,0.0834387115714591,1.6005725384357377,2.015410892703044,2.222029709001226,79.38085439124544
UP25_SCORE80_NIKKEION_TP4.0_SL2.0_H1,VALIDATION,2023-09-28,7211.T,LOSS,-5.3330339861832545,1,9.117007954978993,False,3.450040277711963,39.29149553083054,1.8863381236379428,0.0571909307090926,1.5897506486632105,2.7610011200634483,2.021996336198152,71.69805481165484
UP25_SCORE80_NIKKEION_TP4.0_SL2.0_H1,VALIDATION,2023-09-29,4519.T,LOSS,-4.686222605790391,1,5.059909895761967,False,0.93704686797198,28.12251682599573,0.1516356839443844,0.1048133624170686,1.5080802597375482,2.4033335284704487,2.628650714220726,65.25518100416157
UP25_SCORE80_NIKKEION_TP4.0_SL2.0_H1,VALIDATION,2023-10-18,4507.T,LOSS,-3.4278711159106745,1,6.174252138377524,False,1.508448710992938,30.56928773003908,3.0333842872701577,0.0563860137291234,1.4191308355962604,1.7212153876847047,2.0595506434959647,72.3994575020153
UP25_SCORE80_NIKKEION_TP4.0_SL2.0_H1,VALIDATION,2023-10-31,8354.T,LOSS,-5.31677684133055,1,6.990528763368678,False,0.7896743702185294,20.80181074330227,1.9845406507217331,0.061751516195736,1.2017489922798388,2.7519515941115085,1.8450726385902343,64.8150694647926
UP25_SCORE80_NIKKEION_TP4.0_SL2.0_H1,VALIDATION,2023-12-06,9501.T,HOLD,10.44913294797688,1,1.1578272175565565,False,0.4150857548883557,12.53495466131979,3.919503623521159,0.0978182408120953,2.777650370355735,2.9865125240847794,3.8960955408717135,65.11804068639108
UP25_SCORE80_NIKKEION_TP4.0_SL2.0_H1,VALIDATION,2024-03-08,8331.T,WIN,10.194336414833705,1,5.405307907021086,False,2.693774385595749,36.25104127848698,0.9972018532308002,0.0155313857543469,1.357289321773241,2.573584103708426,1.6865697218534337,73.6374923996679
UP25_SCORE80_NIKKEION_TP4.0_SL2.0_H1,VALIDATION,2024-03-11,8309.T,WIN,9.7796709059245,1,5.456514832612866,False,1.8033243234927052,38.94777737859525,-2.829621941040217,0.0670779999091881,1.2557221617814778,2.469917726481123,1.5724905472866024,64.63927772022649
UP25_SCORE80_NIKKEION_TP4.0_SL2.0_H1,VALIDATION,2024-03-18,3289.T,WIN,10.456607692483834,1,3.1788561124538144,False,1.0067788984315262,36.8627274994429,2.9795236379785983,0.0993729974623696,1.2184818060410647,2.6391519231209566,1.515077338343676,70.79072631991961
UP25_SCORE80_NIKKEION_TP4.0_SL2.0_H1,VALIDATION,2024-03-19,8801.T,HOLD,8.495777150300976,1,9.773150047748146,False,2.115825121948145,32.446154882604525,5.3761017561049895,0.122181980734735,1.510534167150447,2.8278956009457774,2.033014039373544,75.61957057625732
UP25_SCORE80_NIKKEION_TP4.0_SL1.75_H1,VALIDATION,2022-06-24,7211.T,HOLD,11.175615019526564,1,20.002268211229577,False,4.349113502823965,42.1196056280957,-8.606548698090188,0.0025616573777389,1.480431990860245,4.339395390652548,1.9367317893950209,57.01585206707608
UP25_SCORE80_NIKKEION_TP4.0_SL1.75_H1,VALIDATION,2022-06-27,2501.T,WIN,8.337913878233072,1,9.820015702889275,False,1.5644775018713195,43.76912496196353,0.2368803875811176,0.0039577750676822,1.6676743248690045,2.109478469558268,1.781581355293611,70.83940742006217
UP25_SCORE80_NIKKEION_TP4.0_SL1.75_H1,VALIDATION,2022-06-28,4578.T,HOLD,5.877416001398295,1,2.811500618425085,False,0.7797949709401619,18.15203011575664,2.8767849656501365,0.0818878776719227,1.363859459093525,2.0365833078548183,1.6896963851379687,77.64753835884625
UP25_SCORE80_NIKKEION_TP4.0_SL1.75_H1,VALIDATION,2022-06-29,9501.T,TIMEOUT_LOSS,-2.1725388601036233,1,8.88196224656258,False,0.6706528765352271,22.37396857143523,5.272727272727273,0.204249264353729,2.005658483470548,3.857225100748418,2.7880650383729697,72.51589607440937
UP25_SCORE80_NIKKEION_TP4.0_SL1.75_H1,VALIDATION,2022-06-30,9501.T,HOLD,2.016402116402116,1,8.69955156950672,False,1.466418212752152,24.51597202150592,-2.072538860103623,0.19025697032202,1.2002946002712256,4.115226337448563,2.0613896712206934,67.97537846674064
UP25_SCORE80_NIKKEION_TP4.0_SL1.75_H1,VALIDATION,2022-08-26,3402.T,WIN,7.4033022680537135,1,4.715826557188758,False,1.3227068499944927,23.326868980224702,2.1349419667568537,0.0451499048489812,2.120364579714173,1.87582556701343,1.8661862363859685,71.48351885781872
UP25_SCORE80_NIKKEION_TP4.0_SL1.75_H1,VALIDATION,2022-09-08,6963.T,WIN,10.483042605336978,1,3.389358493787343,False,1.450911551849754,17.181027533475167,1.1029514224850656,0.0575267132257677,1.5761652398423698,2.645760651334246,1.9134264834457844,63.69425087590122
UP25_SCORE80_NIKKEION_TP4.0_SL1.75_H1,VALIDATION,2022-09-09,8233.T,WIN,8.075196109081217,1,7.105545004350923,False,2.419994828977501,47.07602457680796,1.4067191098883436,0.0424264355421359,1.5726287733935918,2.043799027270306,2.0167180592190808,84.96763309537195
UP25_SCORE80_NIKKEION_TP4.0_SL1.75_H1,VALIDATION,2022-09-12,3099.T,HOLD,8.589121662137844,1,0.7190452600000207,False,2.762599012130851,32.50220295696049,4.701928889725493,0.0900232111163203,1.2789892584444156,2.54233766046678,1.6376233727228475,80.32291358388707
UP25_SCORE80_NIKKEION_TP4.0_SL1.75_H1,VALIDATION,2022-09-13,6762.T,HOLD,4.55946891217528,1,9.463813495840416,False,1.1505973027165384,23.741570665434217,3.5363485256876714,0.0267329113111032,1.529791393965503,2.3772466104535024,1.9478991951222084,70.83421513435317
UP25_SCORE80_NIKKEION_TP4.0_SL1.75_H1,VALIDATION,2022-10-04,4502.T,WIN,6.521601945168077,1,0.1784752662705485,False,0.0923229281194926,12.91568892333423,1.3032940182379882,0.0434328521808546,1.4568342799069054,1.6554004862920173,1.980215777578708,61.542227510413
UP25_SCORE80_NIKKEION_TP4.0_SL1.75_H1,VALIDATION,2022-10-14,8252.T,LOSS,-4.131568631238835,1,2.389445668348921,False,0.5022998885166441,13.699459371716976,1.0879489875212478,0.0305650495027016,1.5028310064366206,2.4005326238092,1.7893257501729267,61.433450449673664
UP25_SCORE80_NIKKEION_TP4.0_SL1.75_H1,VALIDATION,2022-12-14,4183.T,WIN,7.405831632360161,1,4.047842666128099,False,1.735151101832666,33.47960405091145,1.4353983141801807,0.0171772644233658,1.467974580070142,1.8764579080900419,1.530005084442979,66.28826055987322
UP25_SCORE80_NIKKEION_TP4.0_SL1.75_H1,VALIDATION,2023-01-04,8306.T,LOSS,-4.324907325936122,1,9.942721833814636,False,4.004071511887508,53.97241962566525,3.140323074040752,0.0772790598147473,1.5402472630176538,2.5207313198785037,1.7562880669658096,80.2377668052138
UP25_SCORE80_NIKKEION_TP4.0_SL1.75_H1,VALIDATION,2023-01-12,8795.T,LOSS,-4.639335122205578,1,13.347418043336852,False,3.631370741500861,41.89053345181456,1.373349552942793,-0.0147676883364578,1.2388590074410453,2.7172509089875936,1.5983048518463,71.32842362367616
UP25_SCORE80_NIKKEION_TP4.0_SL1.75_H1,VALIDATION,2023-03-10,7532.T,HOLD,2.5956173520402026,1,3.57934608370132,False,1.880228685350693,28.13455632423358,-2.921340206282974,0.0131222127276182,1.491419817093107,2.5463457920216275,1.7096566069760155,58.657926704217566
UP25_SCORE80_NIKKEION_TP4.0_SL1.75_H1,VALIDATION,2023-03-23,2282.T,WIN,5.308156466981318,1,1.7935028429780078,False,0.8430250161032271,22.46676756670302,2.213557995259552,0.0245550521425392,1.4819834848611226,1.3520391167453294,1.6059746686702747,66.90274959696077
UP25_SCORE80_NIKKEION_TP4.0_SL1.75_H1,VALIDATION,2023-05-02,4062.T,HOLD,1.0139579242476215,1,4.013966551592089,False,1.802827796504003,20.67844708573587,9.00735727262434,0.1648387926054175,2.2486169616892635,3.1848252355601923,4.576523959366289,74.71698370331268
UP25_SCORE80_NIKKEION_TP4.0_SL1.75_H1,VALIDATION,2023-07-14,3697.T,HOLD,2.6352689429760656,1,4.414202111466844,False,0.9825434478655692,14.066035777668535,11.423477609773958,0.2445951797241883,3.1735855666491504,3.664836270819342,5.869603952377096,73.90035206959334
UP25_SCORE80_NIKKEION_TP4.0_SL1.75_H1,VALIDATION,2023-07-18,3697.T,HOLD,3.523970101615148,1,4.9953295049275175,False,2.044955701868667,17.111553296105495,2.299582343674889,0.2528169654791361,1.6606525716609066,3.758092130501045,3.6132920490987503,75.56989565836771
UP25_SCORE80_NIKKEION_TP4.0_SL1.75_H1,VALIDATION,2023-07-19,3697.T,TIMEOUT_LOSS,-2.2265375704661805,1,5.567456335180463,False,3.178951129004992,20.179742269010724,3.184516937369808,0.2654910535496504,1.1688741037667625,3.7680333712417116,2.7744672503003995,77.74209892609204
UP25_SCORE80_NIKKEION_TP4.0_SL1.75_H1,VALIDATION,2023-08-02,2871.T,WIN,6.0627349642954025,1,3.8189108712657336,False,0.7242951919965934,34.654865155400365,-0.3352535094952369,0.0165360395766838,1.8527815891231132,1.5406837410738485,2.5689084895259096,68.58018561012706
UP25_SCORE80_NIKKEION_TP4.0_SL1.75_H1,VALIDATION,2023-08-10,1605.T,HOLD,6.879169240044492,1,11.164981718369583,False,3.493592257604239,52.83446425483549,12.463460383201651,0.1554229117371919,2.79979946927813,2.9283910300581084,4.34619726101322,79.77015775754742
UP25_SCORE80_NIKKEION_TP4.0_SL1.75_H1,VALIDATION,2023-08-23,7261.T,WIN,10.508662911097277,1,5.953331285872705,False,1.9455717693589447,12.708498948693068,1.9993264348709736,0.0386591443652704,1.6638416589958922,2.652165727774321,1.5720263859369508,64.21075613369555
UP25_SCORE80_NIKKEION_TP4.0_SL1.75_H1,VALIDATION,2023-08-28,6113.T,WIN,8.383439084083,1,2.0495189820741966,False,1.2136642361419758,13.1843960890482,2.1775693976564536,0.045055261327477,1.8592336349121876,2.1208597710207515,1.5424862573680376,68.72876119221075
UP25_SCORE80_NIKKEION_TP4.0_SL1.75_H1,VALIDATION,2023-09-21,9501.T,HOLD,2.430923944535668,1,12.439084434745476,False,3.3705390033044846,55.35845466158926,3.1764129913268717,0.1079233947128065,1.2387773526238668,2.8613704298891873,1.684289366876984,77.03312199329181
UP25_SCORE80_NIKKEION_TP4.0_SL1.75_H1,VALIDATION,2023-09-26,8795.T,LOSS,-4.392237661514686,1,8.073776484220787,False,2.6441221533526127,40.65925639038708,0.3276185569456968,0.031178315543677,1.4798864527695812,2.562704607466282,1.5836332714471573,67.81712545659161
UP25_SCORE80_NIKKEION_TP4.0_SL1.75_H1,VALIDATION,2023-09-27,8697.T,LOSS,-3.506811861854342,1,3.3470779308842338,False,1.4497709058478805,32.77614038546648,3.4413909652475594,0.0834387115714591,1.6005725384357377,2.015410892703044,2.222029709001226,79.38085439124544
UP25_SCORE80_NIKKEION_TP4.0_SL1.75_H1,VALIDATION,2023-09-28,7211.T,LOSS,-4.709053907588545,1,9.117007954978993,False,3.450040277711963,39.29149553083054,1.8863381236379428,0.0571909307090926,1.5897506486632105,2.7610011200634483,2.021996336198152,71.69805481165484
UP25_SCORE80_NIKKEION_TP4.0_SL1.75_H1,VALIDATION,2023-09-29,4519.T,LOSS,-4.1360827474857915,1,5.059909895761967,False,0.93704686797198,28.12251682599573,0.1516356839443844,0.1048133624170686,1.5080802597375482,2.4033335284704487,2.628650714220726,65.25518100416157
UP25_SCORE80_NIKKEION_TP4.0_SL1.75_H1,VALIDATION,2023-10-18,4507.T,LOSS,-3.024050806698164,1,6.174252138377524,False,1.508448710992938,30.56928773003908,3.0333842872701577,0.0563860137291234,1.4191308355962604,1.7212153876847047,2.0595506434959647,72.3994575020153
UP25_SCORE80_NIKKEION_TP4.0_SL1.75_H1,VALIDATION,2023-10-31,8354.T,LOSS,-4.694641258805676,1,6.990528763368678,False,0.7896743702185294,20.80181074330227,1.9845406507217331,0.061751516195736,1.2017489922798388,2.7519515941115085,1.8450726385902343,64.8150694647926
UP25_SCORE80_NIKKEION_TP4.0_SL1.75_H1,VALIDATION,2023-12-06,9501.T,HOLD,10.44913294797688,1,1.1578272175565565,False,0.4150857548883557,12.53495466131979,3.919503623521159,0.0978182408120953,2.777650370355735,2.9865125240847794,3.8960955408717135,65.11804068639108
UP25_SCORE80_NIKKEION_TP4.0_SL1.75_H1,VALIDATION,2024-03-08,8331.T,WIN,10.194336414833705,1,5.405307907021086,False,2.693774385595749,36.25104127848698,0.9972018532308002,0.0155313857543469,1.357289321773241,2.573584103708426,1.6865697218534337,73.6374923996679
UP25_SCORE80_NIKKEION_TP4.0_SL1.75_H1,VALIDATION,2024-03-11,8309.T,WIN,9.7796709059245,1,5.456514832612866,False,1.8033243234927052,38.94777737859525,-2.829621941040217,0.0670779999091881,1.2557221617814778,2.469917726481123,1.5724905472866024,64.63927772022649
UP25_SCORE80_NIKKEION_TP4.0_SL1.75_H1,VALIDATION,2024-03-18,3289.T,WIN,10.456607692483834,1,3.1788561124538144,False,1.0067788984315262,36.8627274994429,2.9795236379785983,0.0993729974623696,1.2184818060410647,2.6391519231209566,1.515077338343676,70.79072631991961
UP25_SCORE80_NIKKEION_TP4.0_SL1.75_H1,VALIDATION,2024-03-19,8801.T,HOLD,8.495777150300976,1,9.773150047748146,False,2.115825121948145,32.446154882604525,5.3761017561049895,0.122181980734735,1.510534167150447,2.8278956009457774,2.033014039373544,75.61957057625732
UP20_SCORE80_NIKKEION_TP4.0_SL2.0_H1,VALIDATION,2022-06-24,7211.T,HOLD,11.175615019526564,1,20.002268211229577,False,4.349113502823965,42.1196056280957,-8.606548698090188,0.0025616573777389,1.480431990860245,4.339395390652548,1.9367317893950209,57.01585206707608
UP20_SCORE80_NIKKEION_TP4.0_SL2.0_H1,VALIDATION,2022-06-27,2501.T,WIN,8.337913878233072,1,9.820015702889275,False,1.5644775018713195,43.76912496196353,0.2368803875811176,0.0039577750676822,1.6676743248690045,2.109478469558268,1.781581355293611,70.83940742006217
UP20_SCORE80_NIKKEION_TP4.0_SL2.0_H1,VALIDATION,2022-06-28,4578.T,HOLD,5.877416001398295,1,2.811500618425085,False,0.7797949709401619,18.15203011575664,2.8767849656501365,0.0818878776719227,1.363859459093525,2.0365833078548183,1.6896963851379687,77.64753835884625
UP20_SCORE80_NIKKEION_TP4.0_SL2.0_H1,VALIDATION,2022-06-29,9501.T,TIMEOUT_LOSS,-2.1725388601036233,1,8.88196224656258,False,0.6706528765352271,22.37396857143523,5.272727272727273,0.204249264353729,2.005658483470548,3.857225100748418,2.7880650383729697,72.51589607440937
UP20_SCORE80_NIKKEION_TP4.0_SL2.0_H1,VALIDATION,2022-06-30,9501.T,HOLD,2.016402116402116,1,8.69955156950672,False,1.466418212752152,24.51597202150592,-2.072538860103623,0.19025697032202,1.2002946002712256,4.115226337448563,2.0613896712206934,67.97537846674064
UP20_SCORE80_NIKKEION_TP4.0_SL2.0_H1,VALIDATION,2022-08-26,3402.T,WIN,7.4033022680537135,1,4.715826557188758,False,1.3227068499944927,23.326868980224702,2.1349419667568537,0.0451499048489812,2.120364579714173,1.87582556701343,1.8661862363859685,71.48351885781872
UP20_SCORE80_NIKKEION_TP4.0_SL2.0_H1,VALIDATION,2022-09-08,6963.T,WIN,10.483042605336978,1,3.389358493787343,False,1.450911551849754,17.181027533475167,1.1029514224850656,0.0575267132257677,1.5761652398423698,2.645760651334246,1.9134264834457844,63.69425087590122
UP20_SCORE80_NIKKEION_TP4.0_SL2.0_H1,VALIDATION,2022-09-09,8233.T,WIN,8.075196109081217,1,7.105545004350923,False,2.419994828977501,47.07602457680796,1.4067191098883436,0.0424264355421359,1.5726287733935918,2.043799027270306,2.0167180592190808,84.96763309537195
UP20_SCORE80_NIKKEION_TP4.0_SL2.0_H1,VALIDATION,2022-09-12,3099.T,HOLD,8.589121662137844,1,0.7190452600000207,False,2.762599012130851,32.50220295696049,4.701928889725493,0.0900232111163203,1.2789892584444156,2.54233766046678,1.6376233727228475,80.32291358388707
UP20_SCORE80_NIKKEION_TP4.0_SL2.0_H1,VALIDATION,2022-09-13,6762.T,HOLD,4.55946891217528,1,9.463813495840416,False,1.1505973027165384,23.741570665434217,3.5363485256876714,0.0267329113111032,1.529791393965503,2.3772466104535024,1.9478991951222084,70.83421513435317
UP20_SCORE80_NIKKEION_TP4.0_SL2.0_H1,VALIDATION,2022-10-04,4502.T,WIN,6.521601945168077,1,0.1784752662705485,False,0.0923229281194926,12.91568892333423,1.3032940182379882,0.0434328521808546,1.4568342799069054,1.6554004862920173,1.980215777578708,61.542227510413
UP20_SCORE80_NIKKEION_TP4.0_SL2.0_H1,VALIDATION,2022-10-14,8252.T,LOSS,-4.681122564236062,1,2.389445668348921,False,0.5022998885166441,13.699459371716976,1.0879489875212478,0.0305650495027016,1.5028310064366206,2.4005326238092,1.7893257501729267,61.433450449673664
UP20_SCORE80_NIKKEION_TP4.0_SL2.0_H1,VALIDATION,2022-12-14,4183.T,WIN,7.405831632360161,1,4.047842666128099,False,1.735151101832666,33.47960405091145,1.4353983141801807,0.0171772644233658,1.467974580070142,1.8764579080900419,1.530005084442979,66.28826055987322
UP20_SCORE80_NIKKEION_TP4.0_SL2.0_H1,VALIDATION,2023-01-04,8306.T,LOSS,-4.899497753612646,1,9.942721833814636,False,4.004071511887508,53.97241962566525,3.140323074040752,0.0772790598147473,1.5402472630176538,2.5207313198785037,1.7562880669658096,80.2377668052138
UP20_SCORE80_NIKKEION_TP4.0_SL2.0_H1,VALIDATION,2023-01-12,8795.T,LOSS,-5.254386585292014,1,13.347418043336852,False,3.631370741500861,41.89053345181456,1.373349552942793,-0.0147676883364578,1.2388590074410453,2.7172509089875936,1.5983048518463,71.32842362367616
UP20_SCORE80_NIKKEION_TP4.0_SL2.0_H1,VALIDATION,2023-03-10,7532.T,HOLD,2.5956173520402026,1,3.57934608370132,False,1.880228685350693,28.13455632423358,-2.921340206282974,0.0131222127276182,1.491419817093107,2.5463457920216275,1.7096566069760155,58.657926704217566
UP20_SCORE80_NIKKEION_TP4.0_SL2.0_H1,VALIDATION,2023-03-23,2282.T,WIN,5.308156466981318,1,1.7935028429780078,False,0.8430250161032271,22.46676756670302,2.213557995259552,0.0245550521425392,1.4819834848611226,1.3520391167453294,1.6059746686702747,66.90274959696077
UP20_SCORE80_NIKKEION_TP4.0_SL2.0_H1,VALIDATION,2023-05-02,4062.T,HOLD,1.0139579242476215,1,4.013966551592089,False,1.802827796504003,20.67844708573587,9.00735727262434,0.1648387926054175,2.2486169616892635,3.1848252355601923,4.576523959366289,74.71698370331268
UP20_SCORE80_NIKKEION_TP4.0_SL2.0_H1,VALIDATION,2023-07-14,3697.T,HOLD,2.6352689429760656,1,4.414202111466844,False,0.9825434478655692,14.066035777668535,11.423477609773958,0.2445951797241883,3.1735855666491504,3.664836270819342,5.869603952377096,73.90035206959334
UP20_SCORE80_NIKKEION_TP4.0_SL2.0_H1,VALIDATION,2023-07-18,3697.T,HOLD,3.523970101615148,1,4.9953295049275175,False,2.044955701868667,17.111553296105495,2.299582343674889,0.2528169654791361,1.6606525716609066,3.758092130501045,3.6132920490987503,75.56989565836771
UP20_SCORE80_NIKKEION_TP4.0_SL2.0_H1,VALIDATION,2023-07-19,3697.T,TIMEOUT_LOSS,-2.2265375704661805,1,5.567456335180463,False,3.178951129004992,20.179742269010724,3.184516937369808,0.2654910535496504,1.1688741037667625,3.7680333712417116,2.7744672503003995,77.74209892609204
UP20_SCORE80_NIKKEION_TP4.0_SL2.0_H1,VALIDATION,2023-08-02,2871.T,WIN,6.0627349642954025,1,3.8189108712657336,False,0.7242951919965934,34.654865155400365,-0.3352535094952369,0.0165360395766838,1.8527815891231132,1.5406837410738485,2.5689084895259096,68.58018561012706
UP20_SCORE80_NIKKEION_TP4.0_SL2.0_H1,VALIDATION,2023-08-10,1605.T,HOLD,6.879169240044492,1,11.164981718369583,False,3.493592257604239,52.83446425483549,12.463460383201651,0.1554229117371919,2.79979946927813,2.9283910300581084,4.34619726101322,79.77015775754742
UP20_SCORE80_NIKKEION_TP4.0_SL2.0_H1,VALIDATION,2023-08-23,7261.T,WIN,10.508662911097277,1,5.953331285872705,False,1.9455717693589447,12.708498948693068,1.9993264348709736,0.0386591443652704,1.6638416589958922,2.652165727774321,1.5720263859369508,64.21075613369555
UP20_SCORE80_NIKKEION_TP4.0_SL2.0_H1,VALIDATION,2023-08-28,6113.T,WIN,8.383439084083,1,2.0495189820741966,False,1.2136642361419758,13.1843960890482,2.1775693976564536,0.045055261327477,1.8592336349121876,2.1208597710207515,1.5424862573680376,68.72876119221075
UP20_SCORE80_NIKKEION_TP4.0_SL2.0_H1,VALIDATION,2023-09-21,9501.T,HOLD,2.430923944535668,1,12.439084434745476,False,3.3705390033044846,55.35845466158926,3.1764129913268717,0.1079233947128065,1.2387773526238668,2.8613704298891873,1.684289366876984,77.03312199329181
UP20_SCORE80_NIKKEION_TP4.0_SL2.0_H1,VALIDATION,2023-09-26,8795.T,LOSS,-4.975518918983212,1,8.073776484220787,False,2.6441221533526127,40.65925639038708,0.3276185569456968,0.031178315543677,1.4798864527695812,2.562704607466282,1.5836332714471573,67.81712545659161
UP20_SCORE80_NIKKEION_TP4.0_SL2.0_H1,VALIDATION,2023-09-27,8697.T,LOSS,-3.9746418765400415,1,3.3470779308842338,False,1.4497709058478805,32.77614038546648,3.4413909652475594,0.0834387115714591,1.6005725384357377,2.015410892703044,2.222029709001226,79.38085439124544
UP20_SCORE80_NIKKEION_TP4.0_SL2.0_H1,VALIDATION,2023-09-28,7211.T,LOSS,-5.3330339861832545,1,9.117007954978993,False,3.450040277711963,39.29149553083054,1.8863381236379428,0.0571909307090926,1.5897506486632105,2.7610011200634483,2.021996336198152,71.69805481165484
UP20_SCORE80_NIKKEION_TP4.0_SL2.0_H1,VALIDATION,2023-09-29,4519.T,LOSS,-4.686222605790391,1,5.059909895761967,False,0.93704686797198,28.12251682599573,0.1516356839443844,0.1048133624170686,1.5080802597375482,2.4033335284704487,2.628650714220726,65.25518100416157
UP20_SCORE80_NIKKEION_TP4.0_SL2.0_H1,VALIDATION,2023-10-18,4507.T,LOSS,-3.4278711159106745,1,6.174252138377524,False,1.508448710992938,30.56928773003908,3.0333842872701577,0.0563860137291234,1.4191308355962604,1.7212153876847047,2.0595506434959647,72.3994575020153
UP20_SCORE80_NIKKEION_TP4.0_SL2.0_H1,VALIDATION,2023-10-31,8354.T,LOSS,-5.31677684133055,1,6.990528763368678,False,0.7896743702185294,20.80181074330227,1.9845406507217331,0.061751516195736,1.2017489922798388,2.7519515941115085,1.8450726385902343,64.8150694647926
UP20_SCORE80_NIKKEION_TP4.0_SL2.0_H1,VALIDATION,2023-12-06,9501.T,HOLD,10.44913294797688,1,1.1578272175565565,False,0.4150857548883557,12.53495466131979,3.919503623521159,0.0978182408120953,2.777650370355735,2.9865125240847794,3.8960955408717135,65.11804068639108
UP20_SCORE80_NIKKEION_TP4.0_SL2.0_H1,VALIDATION,2024-03-08,8331.T,WIN,10.194336414833705,1,5.405307907021086,False,2.693774385595749,36.25104127848698,0.9972018532308002,0.0155313857543469,1.357289321773241,2.573584103708426,1.6865697218534337,73.6374923996679
UP20_SCORE80_NIKKEION_TP4.0_SL2.0_H1,VALIDATION,2024-03-11,8309.T,WIN,9.7796709059245,1,5.456514832612866,False,1.8033243234927052,38.94777737859525,-2.829621941040217,0.0670779999091881,1.2557221617814778,2.469917726481123,1.5724905472866024,64.63927772022649
UP20_SCORE80_NIKKEION_TP4.0_SL2.0_H1,VALIDATION,2024-03-18,3289.T,WIN,10.456607692483834,1,3.1788561124538144,False,1.0067788984315262,36.8627274994429,2.9795236379785983,0.0993729974623696,1.2184818060410647,2.6391519231209566,1.515077338343676,70.79072631991961
UP20_SCORE80_NIKKEION_TP4.0_SL2.0_H1,VALIDATION,2024-03-19,8801.T,HOLD,8.495777150300976,1,9.773150047748146,False,2.115825121948145,32.446154882604525,5.3761017561049895,0.122181980734735,1.510534167150447,2.8278956009457774,2.033014039373544,75.61957057625732
UP30_SCORE80_NIKKEION_TP4.0_SL1.75_H1,VALIDATION,2022-06-24,7211.T,HOLD,11.175615019526564,1,20.002268211229577,False,4.349113502823965,42.1196056280957,-8.606548698090188,0.0025616573777389,1.480431990860245,4.339395390652548,1.9367317893950209,57.01585206707608
UP30_SCORE80_NIKKEION_TP4.0_SL1.75_H1,VALIDATION,2022-06-27,2501.T,WIN,8.337913878233072,1,9.820015702889275,False,1.5644775018713195,43.76912496196353,0.2368803875811176,0.0039577750676822,1.6676743248690045,2.109478469558268,1.781581355293611,70.83940742006217
UP30_SCORE80_NIKKEION_TP4.0_SL1.75_H1,VALIDATION,2022-06-28,4578.T,HOLD,5.877416001398295,1,2.811500618425085,False,0.7797949709401619,18.15203011575664,2.8767849656501365,0.0818878776719227,1.363859459093525,2.0365833078548183,1.6896963851379687,77.64753835884625
UP30_SCORE80_NIKKEION_TP4.0_SL1.75_H1,VALIDATION,2022-06-29,9501.T,TIMEOUT_LOSS,-2.1725388601036233,1,8.88196224656258,False,0.6706528765352271,22.37396857143523,5.272727272727273,0.204249264353729,2.005658483470548,3.857225100748418,2.7880650383729697,72.51589607440937
UP30_SCORE80_NIKKEION_TP4.0_SL1.75_H1,VALIDATION,2022-06-30,9501.T,HOLD,2.016402116402116,1,8.69955156950672,False,1.466418212752152,24.51597202150592,-2.072538860103623,0.19025697032202,1.2002946002712256,4.115226337448563,2.0613896712206934,67.97537846674064
UP30_SCORE80_NIKKEION_TP4.0_SL1.75_H1,VALIDATION,2022-08-26,3402.T,WIN,7.4033022680537135,1,4.715826557188758,False,1.3227068499944927,23.326868980224702,2.1349419667568537,0.0451499048489812,2.120364579714173,1.87582556701343,1.8661862363859685,71.48351885781872
UP30_SCORE80_NIKKEION_TP4.0_SL1.75_H1,VALIDATION,2022-09-08,6963.T,WIN,10.483042605336978,1,3.389358493787343,False,1.450911551849754,17.181027533475167,1.1029514224850656,0.0575267132257677,1.5761652398423698,2.645760651334246,1.9134264834457844,63.69425087590122
UP30_SCORE80_NIKKEION_TP4.0_SL1.75_H1,VALIDATION,2022-09-09,8233.T,WIN,8.075196109081217,1,7.105545004350923,False,2.419994828977501,47.07602457680796,1.4067191098883436,0.0424264355421359,1.5726287733935918,2.043799027270306,2.0167180592190808,84.96763309537195
UP30_SCORE80_NIKKEION_TP4.0_SL1.75_H1,VALIDATION,2022-09-12,3099.T,HOLD,8.589121662137844,1,0.7190452600000207,False,2.762599012130851,32.50220295696049,4.701928889725493,0.0900232111163203,1.2789892584444156,2.54233766046678,1.6376233727228475,80.32291358388707
UP30_SCORE80_NIKKEION_TP4.0_SL1.75_H1,VALIDATION,2022-09-13,6762.T,HOLD,4.55946891217528,1,9.463813495840416,False,1.1505973027165384,23.741570665434217,3.5363485256876714,0.0267329113111032,1.529791393965503,2.3772466104535024,1.9478991951222084,70.83421513435317
UP30_SCORE80_NIKKEION_TP4.0_SL1.75_H1,VALIDATION,2022-10-04,4502.T,WIN,6.521601945168077,1,0.1784752662705485,False,0.0923229281194926,12.91568892333423,1.3032940182379882,0.0434328521808546,1.4568342799069054,1.6554004862920173,1.980215777578708,61.542227510413
UP30_SCORE80_NIKKEION_TP4.0_SL1.75_H1,VALIDATION,2022-10-14,8252.T,LOSS,-4.131568631238835,1,2.389445668348921,False,0.5022998885166441,13.699459371716976,1.0879489875212478,0.0305650495027016,1.5028310064366206,2.4005326238092,1.7893257501729267,61.433450449673664
UP30_SCORE80_NIKKEION_TP4.0_SL1.75_H1,VALIDATION,2022-12-14,4183.T,WIN,7.405831632360161,1,4.047842666128099,False,1.735151101832666,33.47960405091145,1.4353983141801807,0.0171772644233658,1.467974580070142,1.8764579080900419,1.530005084442979,66.28826055987322
UP30_SCORE80_NIKKEION_TP4.0_SL1.75_H1,VALIDATION,2023-01-04,8306.T,LOSS,-4.324907325936122,1,9.942721833814636,False,4.004071511887508,53.97241962566525,3.140323074040752,0.0772790598147473,1.5402472630176538,2.5207313198785037,1.7562880669658096,80.2377668052138
UP30_SCORE80_NIKKEION_TP4.0_SL1.75_H1,VALIDATION,2023-01-12,8795.T,LOSS,-4.639335122205578,1,13.347418043336852,False,3.631370741500861,41.89053345181456,1.373349552942793,-0.0147676883364578,1.2388590074410453,2.7172509089875936,1.5983048518463,71.32842362367616
UP30_SCORE80_NIKKEION_TP4.0_SL1.75_H1,VALIDATION,2023-03-10,7532.T,HOLD,2.5956173520402026,1,3.57934608370132,False,1.880228685350693,28.13455632423358,-2.921340206282974,0.0131222127276182,1.491419817093107,2.5463457920216275,1.7096566069760155,58.657926704217566
UP30_SCORE80_NIKKEION_TP4.0_SL1.75_H1,VALIDATION,2023-03-23,2282.T,WIN,5.308156466981318,1,1.7935028429780078,False,0.8430250161032271,22.46676756670302,2.213557995259552,0.0245550521425392,1.4819834848611226,1.3520391167453294,1.6059746686702747,66.90274959696077
UP30_SCORE80_NIKKEION_TP4.0_SL1.75_H1,VALIDATION,2023-05-02,4062.T,HOLD,1.0139579242476215,1,4.013966551592089,False,1.802827796504003,20.67844708573587,9.00735727262434,0.1648387926054175,2.2486169616892635,3.1848252355601923,4.576523959366289,74.71698370331268
UP30_SCORE80_NIKKEION_TP4.0_SL1.75_H1,VALIDATION,2023-07-14,3697.T,HOLD,2.6352689429760656,1,4.414202111466844,False,0.9825434478655692,14.066035777668535,11.423477609773958,0.2445951797241883,3.1735855666491504,3.664836270819342,5.869603952377096,73.90035206959334
UP30_SCORE80_NIKKEION_TP4.0_SL1.75_H1,VALIDATION,2023-07-18,3697.T,HOLD,3.523970101615148,1,4.9953295049275175,False,2.044955701868667,17.111553296105495,2.299582343674889,0.2528169654791361,1.6606525716609066,3.758092130501045,3.6132920490987503,75.56989565836771
UP30_SCORE80_NIKKEION_TP4.0_SL1.75_H1,VALIDATION,2023-07-19,3697.T,TIMEOUT_LOSS,-2.2265375704661805,1,5.567456335180463,False,3.178951129004992,20.179742269010724,3.184516937369808,0.2654910535496504,1.1688741037667625,3.7680333712417116,2.7744672503003995,77.74209892609204
UP30_SCORE80_NIKKEION_TP4.0_SL1.75_H1,VALIDATION,2023-08-02,2871.T,WIN,6.0627349642954025,1,3.8189108712657336,False,0.7242951919965934,34.654865155400365,-0.3352535094952369,0.0165360395766838,1.8527815891231132,1.5406837410738485,2.5689084895259096,68.58018561012706
UP30_SCORE80_NIKKEION_TP4.0_SL1.75_H1,VALIDATION,2023-08-10,1605.T,HOLD,6.879169240044492,1,11.164981718369583,False,3.493592257604239,52.83446425483549,12.463460383201651,0.1554229117371919,2.79979946927813,2.9283910300581084,4.34619726101322,79.77015775754742
UP30_SCORE80_NIKKEION_TP4.0_SL1.75_H1,VALIDATION,2023-08-23,7261.T,WIN,10.508662911097277,1,5.953331285872705,False,1.9455717693589447,12.708498948693068,1.9993264348709736,0.0386591443652704,1.6638416589958922,2.652165727774321,1.5720263859369508,64.21075613369555
UP30_SCORE80_NIKKEION_TP4.0_SL1.75_H1,VALIDATION,2023-08-28,6113.T,WIN,8.383439084083,1,2.0495189820741966,False,1.2136642361419758,13.1843960890482,2.1775693976564536,0.045055261327477,1.8592336349121876,2.1208597710207515,1.5424862573680376,68.72876119221075
UP30_SCORE80_NIKKEION_TP4.0_SL1.75_H1,VALIDATION,2023-09-21,9501.T,HOLD,2.430923944535668,1,12.439084434745476,False,3.3705390033044846,55.35845466158926,3.1764129913268717,0.1079233947128065,1.2387773526238668,2.8613704298891873,1.684289366876984,77.03312199329181
UP30_SCORE80_NIKKEION_TP4.0_SL1.75_H1,VALIDATION,2023-09-26,8795.T,LOSS,-4.392237661514686,1,8.073776484220787,False,2.6441221533526127,40.65925639038708,0.3276185569456968,0.031178315543677,1.4798864527695812,2.562704607466282,1.5836332714471573,67.81712545659161
UP30_SCORE80_NIKKEION_TP4.0_SL1.75_H1,VALIDATION,2023-09-27,8697.T,LOSS,-3.506811861854342,1,3.3470779308842338,False,1.4497709058478805,32.77614038546648,3.4413909652475594,0.0834387115714591,1.6005725384357377,2.015410892703044,2.222029709001226,79.38085439124544
UP30_SCORE80_NIKKEION_TP4.0_SL1.75_H1,VALIDATION,2023-09-28,7211.T,LOSS,-4.709053907588545,1,9.117007954978993,False,3.450040277711963,39.29149553083054,1.8863381236379428,0.0571909307090926,1.5897506486632105,2.7610011200634483,2.021996336198152,71.69805481165484
UP30_SCORE80_NIKKEION_TP4.0_SL1.75_H1,VALIDATION,2023-09-29,4519.T,LOSS,-4.1360827474857915,1,5.059909895761967,False,0.93704686797198,28.12251682599573,0.1516356839443844,0.1048133624170686,1.5080802597375482,2.4033335284704487,2.628650714220726,65.25518100416157
UP30_SCORE80_NIKKEION_TP4.0_SL1.75_H1,VALIDATION,2023-10-18,4507.T,LOSS,-3.024050806698164,1,6.174252138377524,False,1.508448710992938,30.56928773003908,3.0333842872701577,0.0563860137291234,1.4191308355962604,1.7212153876847047,2.0595506434959647,72.3994575020153
UP30_SCORE80_NIKKEION_TP4.0_SL1.75_H1,VALIDATION,2023-10-31,8354.T,LOSS,-4.694641258805676,1,6.990528763368678,False,0.7896743702185294,20.80181074330227,1.9845406507217331,0.061751516195736,1.2017489922798388,2.7519515941115085,1.8450726385902343,64.8150694647926
UP30_SCORE80_NIKKEION_TP4.0_SL1.75_H1,VALIDATION,2023-12-06,9501.T,HOLD,10.44913294797688,1,1.1578272175565565,False,0.4150857548883557,12.53495466131979,3.919503623521159,0.0978182408120953,2.777650370355735,2.9865125240847794,3.8960955408717135,65.11804068639108
UP30_SCORE80_NIKKEION_TP4.0_SL1.75_H1,VALIDATION,2024-03-08,8331.T,WIN,10.194336414833705,1,5.405307907021086,False,2.693774385595749,36.25104127848698,0.9972018532308002,0.0155313857543469,1.357289321773241,2.573584103708426,1.6865697218534337,73.6374923996679
UP30_SCORE80_NIKKEION_TP4.0_SL1.75_H1,VALIDATION,2024-03-11,8309.T,WIN,9.7796709059245,1,5.456514832612866,False,1.8033243234927052,38.94777737859525,-2.829621941040217,0.0670779999091881,1.2557221617814778,2.469917726481123,1.5724905472866024,64.63927772022649
UP30_SCORE80_NIKKEION_TP4.0_SL1.75_H1,VALIDATION,2024-03-18,3289.T,WIN,10.456607692483834,1,3.1788561124538144,False,1.0067788984315262,36.8627274994429,2.9795236379785983,0.0993729974623696,1.2184818060410647,2.6391519231209566,1.515077338343676,70.79072631991961
UP30_SCORE80_NIKKEION_TP4.0_SL1.75_H1,VALIDATION,2024-03-19,8801.T,HOLD,8.495777150300976,1,9.773150047748146,False,2.115825121948145,32.446154882604525,5.3761017561049895,0.122181980734735,1.510534167150447,2.8278956009457774,2.033014039373544,75.61957057625732
UP30_SCORE80_NIKKEION_TP4.0_SL2.0_H1,VALIDATION,2022-06-24,7211.T,HOLD,11.175615019526564,1,20.002268211229577,False,4.349113502823965,42.1196056280957,-8.606548698090188,0.0025616573777389,1.480431990860245,4.339395390652548,1.9367317893950209,57.01585206707608
UP30_SCORE80_NIKKEION_TP4.0_SL2.0_H1,VALIDATION,2022-06-27,2501.T,WIN,8.337913878233072,1,9.820015702889275,False,1.5644775018713195,43.76912496196353,0.2368803875811176,0.0039577750676822,1.6676743248690045,2.109478469558268,1.781581355293611,70.83940742006217
UP30_SCORE80_NIKKEION_TP4.0_SL2.0_H1,VALIDATION,2022-06-28,4578.T,HOLD,5.877416001398295,1,2.811500618425085,False,0.7797949709401619,18.15203011575664,2.8767849656501365,0.0818878776719227,1.363859459093525,2.0365833078548183,1.6896963851379687,77.64753835884625
UP30_SCORE80_NIKKEION_TP4.0_SL2.0_H1,VALIDATION,2022-06-29,9501.T,TIMEOUT_LOSS,-2.1725388601036233,1,8.88196224656258,False,0.6706528765352271,22.37396857143523,5.272727272727273,0.204249264353729,2.005658483470548,3.857225100748418,2.7880650383729697,72.51589607440937
UP30_SCORE80_NIKKEION_TP4.0_SL2.0_H1,VALIDATION,2022-06-30,9501.T,HOLD,2.016402116402116,1,8.69955156950672,False,1.466418212752152,24.51597202150592,-2.072538860103623,0.19025697032202,1.2002946002712256,4.115226337448563,2.0613896712206934,67.97537846674064
UP30_SCORE80_NIKKEION_TP4.0_SL2.0_H1,VALIDATION,2022-08-26,3402.T,WIN,7.4033022680537135,1,4.715826557188758,False,1.3227068499944927,23.326868980224702,2.1349419667568537,0.0451499048489812,2.120364579714173,1.87582556701343,1.8661862363859685,71.48351885781872
UP30_SCORE80_NIKKEION_TP4.0_SL2.0_H1,VALIDATION,2022-09-08,6963.T,WIN,10.483042605336978,1,3.389358493787343,False,1.450911551849754,17.181027533475167,1.1029514224850656,0.0575267132257677,1.5761652398423698,2.645760651334246,1.9134264834457844,63.69425087590122
UP30_SCORE80_NIKKEION_TP4.0_SL2.0_H1,VALIDATION,2022-09-09,8233.T,WIN,8.075196109081217,1,7.105545004350923,False,2.419994828977501,47.07602457680796,1.4067191098883436,0.0424264355421359,1.5726287733935918,2.043799027270306,2.0167180592190808,84.96763309537195
UP30_SCORE80_NIKKEION_TP4.0_SL2.0_H1,VALIDATION,2022-09-12,3099.T,HOLD,8.589121662137844,1,0.7190452600000207,False,2.762599012130851,32.50220295696049,4.701928889725493,0.0900232111163203,1.2789892584444156,2.54233766046678,1.6376233727228475,80.32291358388707
UP30_SCORE80_NIKKEION_TP4.0_SL2.0_H1,VALIDATION,2022-09-13,6762.T,HOLD,4.55946891217528,1,9.463813495840416,False,1.1505973027165384,23.741570665434217,3.5363485256876714,0.0267329113111032,1.529791393965503,2.3772466104535024,1.9478991951222084,70.83421513435317
UP30_SCORE80_NIKKEION_TP4.0_SL2.0_H1,VALIDATION,2022-10-04,4502.T,WIN,6.521601945168077,1,0.1784752662705485,False,0.0923229281194926,12.91568892333423,1.3032940182379882,0.0434328521808546,1.4568342799069054,1.6554004862920173,1.980215777578708,61.542227510413
UP30_SCORE80_NIKKEION_TP4.0_SL2.0_H1,VALIDATION,2022-10-14,8252.T,LOSS,-4.681122564236062,1,2.389445668348921,False,0.5022998885166441,13.699459371716976,1.0879489875212478,0.0305650495027016,1.5028310064366206,2.4005326238092,1.7893257501729267,61.433450449673664
UP30_SCORE80_NIKKEION_TP4.0_SL2.0_H1,VALIDATION,2022-12-14,4183.T,WIN,7.405831632360161,1,4.047842666128099,False,1.735151101832666,33.47960405091145,1.4353983141801807,0.0171772644233658,1.467974580070142,1.8764579080900419,1.530005084442979,66.28826055987322
UP30_SCORE80_NIKKEION_TP4.0_SL2.0_H1,VALIDATION,2023-01-04,8306.T,LOSS,-4.899497753612646,1,9.942721833814636,False,4.004071511887508,53.97241962566525,3.140323074040752,0.0772790598147473,1.5402472630176538,2.5207313198785037,1.7562880669658096,80.2377668052138
UP30_SCORE80_NIKKEION_TP4.0_SL2.0_H1,VALIDATION,2023-01-12,8795.T,LOSS,-5.254386585292014,1,13.347418043336852,False,3.631370741500861,41.89053345181456,1.373349552942793,-0.0147676883364578,1.2388590074410453,2.7172509089875936,1.5983048518463,71.32842362367616
UP30_SCORE80_NIKKEION_TP4.0_SL2.0_H1,VALIDATION,2023-03-10,7532.T,HOLD,2.5956173520402026,1,3.57934608370132,False,1.880228685350693,28.13455632423358,-2.921340206282974,0.0131222127276182,1.491419817093107,2.5463457920216275,1.7096566069760155,58.657926704217566
UP30_SCORE80_NIKKEION_TP4.0_SL2.0_H1,VALIDATION,2023-03-23,2282.T,WIN,5.308156466981318,1,1.7935028429780078,False,0.8430250161032271,22.46676756670302,2.213557995259552,0.0245550521425392,1.4819834848611226,1.3520391167453294,1.6059746686702747,66.90274959696077
UP30_SCORE80_NIKKEION_TP4.0_SL2.0_H1,VALIDATION,2023-05-02,4062.T,HOLD,1.0139579242476215,1,4.013966551592089,False,1.802827796504003,20.67844708573587,9.00735727262434,0.1648387926054175,2.2486169616892635,3.1848252355601923,4.576523959366289,74.71698370331268
UP30_SCORE80_NIKKEION_TP4.0_SL2.0_H1,VALIDATION,2023-07-14,3697.T,HOLD,2.6352689429760656,1,4.414202111466844,False,0.9825434478655692,14.066035777668535,11.423477609773958,0.2445951797241883,3.1735855666491504,3.664836270819342,5.869603952377096,73.90035206959334
UP30_SCORE80_NIKKEION_TP4.0_SL2.0_H1,VALIDATION,2023-07-18,3697.T,HOLD,3.523970101615148,1,4.9953295049275175,False,2.044955701868667,17.111553296105495,2.299582343674889,0.2528169654791361,1.6606525716609066,3.758092130501045,3.6132920490987503,75.56989565836771
UP30_SCORE80_NIKKEION_TP4.0_SL2.0_H1,VALIDATION,2023-07-19,3697.T,TIMEOUT_LOSS,-2.2265375704661805,1,5.567456335180463,False,3.178951129004992,20.179742269010724,3.184516937369808,0.2654910535496504,1.1688741037667625,3.7680333712417116,2.7744672503003995,77.74209892609204
UP30_SCORE80_NIKKEION_TP4.0_SL2.0_H1,VALIDATION,2023-08-02,2871.T,WIN,6.0627349642954025,1,3.8189108712657336,False,0.7242951919965934,34.654865155400365,-0.3352535094952369,0.0165360395766838,1.8527815891231132,1.5406837410738485,2.5689084895259096,68.58018561012706
UP30_SCORE80_NIKKEION_TP4.0_SL2.0_H1,VALIDATION,2023-08-10,1605.T,HOLD,6.879169240044492,1,11.164981718369583,False,3.493592257604239,52.83446425483549,12.463460383201651,0.1554229117371919,2.79979946927813,2.9283910300581084,4.34619726101322,79.77015775754742
UP30_SCORE80_NIKKEION_TP4.0_SL2.0_H1,VALIDATION,2023-08-23,7261.T,WIN,10.508662911097277,1,5.953331285872705,False,1.9455717693589447,12.708498948693068,1.9993264348709736,0.0386591443652704,1.6638416589958922,2.652165727774321,1.5720263859369508,64.21075613369555
UP30_SCORE80_NIKKEION_TP4.0_SL2.0_H1,VALIDATION,2023-08-28,6113.T,WIN,8.383439084083,1,2.0495189820741966,False,1.2136642361419758,13.1843960890482,2.1775693976564536,0.045055261327477,1.8592336349121876,2.1208597710207515,1.5424862573680376,68.72876119221075
UP30_SCORE80_NIKKEION_TP4.0_SL2.0_H1,VALIDATION,2023-09-21,9501.T,HOLD,2.430923944535668,1,12.439084434745476,False,3.3705390033044846,55.35845466158926,3.1764129913268717,0.1079233947128065,1.2387773526238668,2.8613704298891873,1.684289366876984,77.03312199329181
UP30_SCORE80_NIKKEION_TP4.0_SL2.0_H1,VALIDATION,2023-09-26,8795.T,LOSS,-4.975518918983212,1,8.073776484220787,False,2.6441221533526127,40.65925639038708,0.3276185569456968,0.031178315543677,1.4798864527695812,2.562704607466282,1.5836332714471573,67.81712545659161
UP30_SCORE80_NIKKEION_TP4.0_SL2.0_H1,VALIDATION,2023-09-27,8697.T,LOSS,-3.9746418765400415,1,3.3470779308842338,False,1.4497709058478805,32.77614038546648,3.4413909652475594,0.0834387115714591,1.6005725384357377,2.015410892703044,2.222029709001226,79.38085439124544
UP30_SCORE80_NIKKEION_TP4.0_SL2.0_H1,VALIDATION,2023-09-28,7211.T,LOSS,-5.3330339861832545,1,9.117007954978993,False,3.450040277711963,39.29149553083054,1.8863381236379428,0.0571909307090926,1.5897506486632105,2.7610011200634483,2.021996336198152,71.69805481165484
UP30_SCORE80_NIKKEION_TP4.0_SL2.0_H1,VALIDATION,2023-09-29,4519.T,LOSS,-4.686222605790391,1,5.059909895761967,False,0.93704686797198,28.12251682599573,0.1516356839443844,0.1048133624170686,1.5080802597375482,2.4033335284704487,2.628650714220726,65.25518100416157
UP30_SCORE80_NIKKEION_TP4.0_SL2.0_H1,VALIDATION,2023-10-18,4507.T,LOSS,-3.4278711159106745,1,6.174252138377524,False,1.508448710992938,30.56928773003908,3.0333842872701577,0.0563860137291234,1.4191308355962604,1.7212153876847047,2.0595506434959647,72.3994575020153
UP30_SCORE80_NIKKEION_TP4.0_SL2.0_H1,VALIDATION,2023-10-31,8354.T,LOSS,-5.31677684133055,1,6.990528763368678,False,0.7896743702185294,20.80181074330227,1.9845406507217331,0.061751516195736,1.2017489922798388,2.7519515941115085,1.8450726385902343,64.8150694647926
UP30_SCORE80_NIKKEION_TP4.0_SL2.0_H1,VALIDATION,2023-12-06,9501.T,HOLD,10.44913294797688,1,1.1578272175565565,False,0.4150857548883557,12.53495466131979,3.919503623521159,0.0978182408120953,2.777650370355735,2.9865125240847794,3.8960955408717135,65.11804068639108
UP30_SCORE80_NIKKEION_TP4.0_SL2.0_H1,VALIDATION,2024-03-08,8331.T,WIN,10.194336414833705,1,5.405307907021086,False,2.693774385595749,36.25104127848698,0.9972018532308002,0.0155313857543469,1.357289321773241,2.573584103708426,1.6865697218534337,73.6374923996679
UP30_SCORE80_NIKKEION_TP4.0_SL2.0_H1,VALIDATION,2024-03-11,8309.T,WIN,9.7796709059245,1,5.456514832612866,False,1.8033243234927052,38.94777737859525,-2.829621941040217,0.0670779999091881,1.2557221617814778,2.469917726481123,1.5724905472866024,64.63927772022649
UP30_SCORE80_NIKKEION_TP4.0_SL2.0_H1,VALIDATION,2024-03-18,3289.T,WIN,10.456607692483834,1,3.1788561124538144,False,1.0067788984315262,36.8627274994429,2.9795236379785983,0.0993729974623696,1.2184818060410647,2.6391519231209566,1.515077338343676,70.79072631991961
UP30_SCORE80_NIKKEION_TP4.0_SL2.0_H1,VALIDATION,2024-03-19,8801.T,HOLD,8.495777150300976,1,9.773150047748146,False,2.115825121948145,32.446154882604525,5.3761017561049895,0.122181980734735,1.510534167150447,2.8278956009457774,2.033014039373544,75.61957057625732
