strategy,phase,date,ticker,result,return,hold_days,gc_gap,gc_approach,gc_slope,adx,breakout20,relative_strength,volume_surge,atr_ratio,vol,rsi
UP25_SCORE70_NIKKEION_TP4.0_SL1.0_H1,VALIDATION,2021-07-09,6645.T,LOSS,-1.931962382689234,1,0.4743396218327339,False,0.9478235497266674,18.223915462954743,-1.5367563312057464,0.0360170390907692,1.760350973402797,1.8661495402717405,1.804844193381184,60.87904898690845
UP25_SCORE70_NIKKEION_TP4.0_SL1.0_H1,VALIDATION,2021-07-13,3436.T,LOSS,-2.5574496760729204,1,1.3432077099213882,False,0.7929812169835682,15.174930938548256,1.3810495988814342,0.0328965600167234,1.7176382710154452,2.5193617225631515,1.662253526604086,63.09826424578068
UP25_SCORE70_NIKKEION_TP4.0_SL1.0_H1,VALIDATION,2021-07-26,9843.T,LOSS,-1.9699176915459304,1,1.239876995775889,False,1.6812853923992233,32.1447404045332,-1.4309925743555718,0.0252030677209434,1.4080961164564534,1.905549906366318,1.605422457157473,60.87497711872142
UP25_SCORE70_NIKKEION_TP4.0_SL1.0_H1,VALIDATION,2021-07-27,4507.T,LOSS,-1.8768918375934085,1,0.5982979314283624,False,0.297792304710498,17.690833595113872,-0.3350057607838463,0.0410196644551662,1.2243524779452075,1.8090364587683465,1.2327650018191627,60.38918826923275
UP25_SCORE70_NIKKEION_TP4.0_SL1.0_H1,VALIDATION,2021-07-29,7741.T,LOSS,-2.2435234971220464,1,5.782496202312959,False,0.8591742759043841,22.2346909742208,1.802104187543141,0.042048116900704,1.455040491482826,2.190476883825883,1.6487489221665836,65.62224181700223
UP25_SCORE70_NIKKEION_TP4.0_SL1.0_H1,VALIDATION,2021-08-18,4578.T,LOSS,-2.2131538088493663,1,0.4186109570254846,False,1.0605777999963315,18.922576524918128,0.3813611408548079,0.0210772668754836,1.3155942634210671,2.1587719811943336,1.471969260326609,61.75264922741129
UP25_SCORE70_NIKKEION_TP4.0_SL1.0_H1,VALIDATION,2021-09-21,9107.T,WIN,18.555582291105242,1,29.970273901629785,False,9.941028242764991,58.06476522650094,-4.068231620973462,0.1603632501203314,0.8253846255530733,4.663895572776311,1.5389680296402972,78.0744798624433
UP25_SCORE70_NIKKEION_TP4.0_SL1.0_H1,VALIDATION,2021-09-29,7013.T,WIN,11.067726742331397,1,0.058218160470407,False,1.8423349653284185,19.048405462885917,4.907760472714662,0.1288075658130838,2.169021109992189,2.791931685582849,3.0466452069191163,68.7245293647962
UP25_SCORE70_NIKKEION_TP4.0_SL1.0_H1,VALIDATION,2021-10-11,4385.T,LOSS,-4.146214355948862,1,4.866379604948401,False,3.4034236420002806,23.150763352823137,2.108433734939763,0.0692159465415533,0.9801728573978976,4.046214355948866,1.1712113036603882,67.05448757897021
UP25_SCORE70_NIKKEION_TP4.0_SL1.0_H1,VALIDATION,2021-10-12,8058.T,WIN,7.879062965369477,1,8.361130659338322,False,1.7079674220135788,21.63018033118633,2.321071477409853,0.0460454060091555,1.3036186572784754,1.994765741342371,1.6750123779088086,67.06625582419866
UP25_SCORE70_NIKKEION_TP4.0_SL1.0_H1,VALIDATION,2021-10-13,7211.T,HOLD,11.561111525232414,1,0.6160064173620726,False,2.5433057702566986,26.861461171495016,5.421683365608598,0.1723294917743951,1.4413764681640222,3.464078419300076,1.8547706177423653,70.62134009989532
UP25_SCORE70_NIKKEION_TP4.0_SL1.0_H1,VALIDATION,2021-10-14,7211.T,WIN,14.181665052427961,1,1.2515134171357054,False,3.309077880723943,28.77144349542084,0.5714357628485489,0.1822623362245867,1.0626928323349425,3.5704162631069902,1.4584507750746434,71.12678772859857
UP25_SCORE70_NIKKEION_TP4.0_SL1.0_H1,VALIDATION,2021-10-15,7211.T,WIN,14.199964905060293,1,1.9640296207926853,False,4.01150241832795,31.059828727112784,4.545444044633462,0.1741722830066381,1.122590968737058,3.574991226265071,1.5564779050160813,74.85397905840844
UP25_SCORE70_NIKKEION_TP4.0_SL1.0_H1,VALIDATION,2021-10-18,7012.T,WIN,11.135078377252816,1,5.230299413203637,False,1.7771497357482513,22.116967535176304,3.834596561500225,0.0805833598975738,1.5104184428605532,2.8087695943132056,1.7341255469308248,70.05222789409328
UP25_SCORE70_NIKKEION_TP4.0_SL1.0_H1,VALIDATION,2021-10-19,4385.T,TIMEOUT_LOSS,-0.8194244604316502,1,6.572283868644349,False,2.2082631783447715,27.939595878703617,2.507374631268444,0.049355346484317,1.5774737008621371,4.019184652278174,1.2851384919727171,65.23561619197218
UP25_SCORE70_NIKKEION_TP4.0_SL1.0_H1,VALIDATION,2021-10-21,7912.T,WIN,7.808142333761226,1,5.520494360311423,False,0.8928763539168827,24.395103747495867,0.7420137969918361,0.0338511232505172,1.2281455619712636,1.9770355834403046,1.0403112061513262,64.17894105200627
UP25_SCORE70_NIKKEION_TP4.0_SL1.0_H1,VALIDATION,2021-12-07,5631.T,HOLD,10.694492763309638,1,10.645540890384392,False,1.0000003168978422,21.931804021919397,1.7857058313969,0.0589696635186913,1.3950281005413232,3.285516655809917,1.548248844840287,66.37373961507566
UP25_SCORE70_NIKKEION_TP4.0_SL1.0_H1,VALIDATION,2021-12-08,6645.T,HOLD,6.7542553756062444,1,3.0112919021045808,False,0.9457961027463436,15.821247055769671,3.499558916100698,0.0423427935854829,1.498042304751755,2.6177167385794675,1.889220835189879,66.8273775788349
UP25_SCORE70_NIKKEION_TP4.0_SL1.0_H1,VALIDATION,2021-12-09,6479.T,HOLD,8.7160366186945,1,5.879467782827034,False,1.7166302221311105,17.684123446761973,1.5455949020147797,0.0581516502734296,1.3050626036666813,2.81740466795332,1.5219103046901743,67.01127051287077
UP25_SCORE70_NIKKEION_TP4.0_SL1.0_H1,VALIDATION,2022-01-06,1928.T,LOSS,-1.787860435192823,1,0.6581012201415931,False,1.6723012120976266,30.98525630507089,-0.5166856739081571,0.0244109775561468,1.535124854285539,1.7168382690727328,1.4106908274932766,64.68874574164282
UP25_SCORE70_NIKKEION_TP4.0_SL1.0_H1,VALIDATION,2022-01-12,7911.T,LOSS,-2.3047886616976876,1,6.597130729399649,False,4.211620854614884,41.10622116424442,2.1178899257154216,0.0484874066879877,1.2709194389863812,2.254495523375562,1.2485803077767932,71.96452820715568
UP25_SCORE70_NIKKEION_TP4.0_SL1.0_H1,VALIDATION,2022-03-09,5019.T,LOSS,-3.8912402140463542,1,2.7231521130664715,False,3.0322971366194107,20.55247901962275,-8.99181766771424,0.1039811626194401,1.114095438215956,3.940639316504161,1.8003820112412627,57.35386673084192
UP25_SCORE70_NIKKEION_TP4.0_SL1.0_H1,VALIDATION,2022-03-30,9433.T,LOSS,-2.0700569594831686,1,6.624975298242913,False,1.7344119508750255,29.223302530807143,-2.898324260690865,-0.0275890876601996,1.4759846776751817,2.009648173180027,1.5247219833965242,58.83562076584731
UP25_SCORE70_NIKKEION_TP4.0_SL1.0_H1,VALIDATION,2022-04-19,8253.T,WIN,13.060758828001275,1,4.084391418638965,False,3.524549730790638,22.750160167218976,-1.1771974446330935,0.2060237242815621,1.335099270600313,3.2901897070003163,3.089840470193115,80.50629602206463
UP25_SCORE70_NIKKEION_TP4.0_SL1.0_H1,VALIDATION,2022-04-20,7731.T,WIN,11.538866435786288,1,5.331679308595854,False,4.594120559332926,38.183888000115005,2.4221480431072973,0.0687166669170018,1.5101938005668956,2.9097166089465736,1.6191277214981885,74.05023296865045
UP25_SCORE70_NIKKEION_TP4.0_SL1.0_H1,VALIDATION,2022-04-21,7731.T,WIN,12.100591031707298,1,6.03026904185015,False,4.439808738902973,40.50573654498357,0.9459507170847424,0.038830077547828,1.4839668913029855,3.0501477579268244,1.595042815112801,75.15410740893785
UP25_SCORE70_NIKKEION_TP4.0_SL1.0_H1,VALIDATION,2022-04-22,5714.T,HOLD,10.734421417459206,1,9.410909743596193,False,2.481422618629736,18.025300553274096,-5.220236384280097,-0.0256133443369229,1.4843435022174438,3.240724860937383,1.542570835006372,52.93606555141
UP20_SCORE70_NIKKEION_TP4.0_SL1.0_H1,VALIDATION,2021-07-09,6645.T,LOSS,-1.931962382689234,1,0.4743396218327339,False,0.9478235497266674,18.223915462954743,-1.5367563312057464,0.0360170390907692,1.760350973402797,1.8661495402717405,1.804844193381184,60.87904898690845
UP20_SCORE70_NIKKEION_TP4.0_SL1.0_H1,VALIDATION,2021-07-13,3436.T,LOSS,-2.5574496760729204,1,1.3432077099213882,False,0.7929812169835682,15.174930938548256,1.3810495988814342,0.0328965600167234,1.7176382710154452,2.5193617225631515,1.662253526604086,63.09826424578068
UP20_SCORE70_NIKKEION_TP4.0_SL1.0_H1,VALIDATION,2021-07-26,9843.T,LOSS,-1.9699176915459304,1,1.239876995775889,False,1.6812853923992233,32.1447404045332,-1.4309925743555718,0.0252030677209434,1.4080961164564534,1.905549906366318,1.605422457157473,60.87497711872142
UP20_SCORE70_NIKKEION_TP4.0_SL1.0_H1,VALIDATION,2021-07-27,4507.T,LOSS,-1.8768918375934085,1,0.5982979314283624,False,0.297792304710498,17.690833595113872,-0.3350057607838463,0.0410196644551662,1.2243524779452075,1.8090364587683465,1.2327650018191627,60.38918826923275
UP20_SCORE70_NIKKEION_TP4.0_SL1.0_H1,VALIDATION,2021-07-29,7741.T,LOSS,-2.2435234971220464,1,5.782496202312959,False,0.8591742759043841,22.2346909742208,1.802104187543141,0.042048116900704,1.455040491482826,2.190476883825883,1.6487489221665836,65.62224181700223
UP20_SCORE70_NIKKEION_TP4.0_SL1.0_H1,VALIDATION,2021-08-18,4578.T,LOSS,-2.2131538088493663,1,0.4186109570254846,False,1.0605777999963315,18.922576524918128,0.3813611408548079,0.0210772668754836,1.3155942634210671,2.1587719811943336,1.471969260326609,61.75264922741129
UP20_SCORE70_NIKKEION_TP4.0_SL1.0_H1,VALIDATION,2021-09-21,9107.T,WIN,18.555582291105242,1,29.970273901629785,False,9.941028242764991,58.06476522650094,-4.068231620973462,0.1603632501203314,0.8253846255530733,4.663895572776311,1.5389680296402972,78.0744798624433
UP20_SCORE70_NIKKEION_TP4.0_SL1.0_H1,VALIDATION,2021-09-29,7013.T,WIN,11.067726742331397,1,0.058218160470407,False,1.8423349653284185,19.048405462885917,4.907760472714662,0.1288075658130838,2.169021109992189,2.791931685582849,3.0466452069191163,68.7245293647962
UP20_SCORE70_NIKKEION_TP4.0_SL1.0_H1,VALIDATION,2021-10-11,4385.T,LOSS,-4.146214355948862,1,4.866379604948401,False,3.4034236420002806,23.150763352823137,2.108433734939763,0.0692159465415533,0.9801728573978976,4.046214355948866,1.1712113036603882,67.05448757897021
UP20_SCORE70_NIKKEION_TP4.0_SL1.0_H1,VALIDATION,2021-10-12,8058.T,WIN,7.879062965369477,1,8.361130659338322,False,1.7079674220135788,21.63018033118633,2.321071477409853,0.0460454060091555,1.3036186572784754,1.994765741342371,1.6750123779088086,67.06625582419866
UP20_SCORE70_NIKKEION_TP4.0_SL1.0_H1,VALIDATION,2021-10-13,7211.T,HOLD,11.561111525232414,1,0.6160064173620726,False,2.5433057702566986,26.861461171495016,5.421683365608598,0.1723294917743951,1.4413764681640222,3.464078419300076,1.8547706177423653,70.62134009989532
UP20_SCORE70_NIKKEION_TP4.0_SL1.0_H1,VALIDATION,2021-10-14,7211.T,WIN,14.181665052427961,1,1.2515134171357054,False,3.309077880723943,28.77144349542084,0.5714357628485489,0.1822623362245867,1.0626928323349425,3.5704162631069902,1.4584507750746434,71.12678772859857
UP20_SCORE70_NIKKEION_TP4.0_SL1.0_H1,VALIDATION,2021-10-15,7211.T,WIN,14.199964905060293,1,1.9640296207926853,False,4.01150241832795,31.059828727112784,4.545444044633462,0.1741722830066381,1.122590968737058,3.574991226265071,1.5564779050160813,74.85397905840844
UP20_SCORE70_NIKKEION_TP4.0_SL1.0_H1,VALIDATION,2021-10-18,7012.T,WIN,11.135078377252816,1,5.230299413203637,False,1.7771497357482513,22.116967535176304,3.834596561500225,0.0805833598975738,1.5104184428605532,2.8087695943132056,1.7341255469308248,70.05222789409328
UP20_SCORE70_NIKKEION_TP4.0_SL1.0_H1,VALIDATION,2021-10-19,4385.T,TIMEOUT_LOSS,-0.8194244604316502,1,6.572283868644349,False,2.2082631783447715,27.939595878703617,2.507374631268444,0.049355346484317,1.5774737008621371,4.019184652278174,1.2851384919727171,65.23561619197218
UP20_SCORE70_NIKKEION_TP4.0_SL1.0_H1,VALIDATION,2021-10-21,7912.T,WIN,7.808142333761226,1,5.520494360311423,False,0.8928763539168827,24.395103747495867,0.7420137969918361,0.0338511232505172,1.2281455619712636,1.9770355834403046,1.0403112061513262,64.17894105200627
UP20_SCORE70_NIKKEION_TP4.0_SL1.0_H1,VALIDATION,2021-12-07,5631.T,HOLD,10.694492763309638,1,10.645540890384392,False,1.0000003168978422,21.931804021919397,1.7857058313969,0.0589696635186913,1.3950281005413232,3.285516655809917,1.548248844840287,66.37373961507566
UP20_SCORE70_NIKKEION_TP4.0_SL1.0_H1,VALIDATION,2021-12-08,6645.T,HOLD,6.7542553756062444,1,3.0112919021045808,False,0.9457961027463436,15.821247055769671,3.499558916100698,0.0423427935854829,1.498042304751755,2.6177167385794675,1.889220835189879,66.8273775788349
UP20_SCORE70_NIKKEION_TP4.0_SL1.0_H1,VALIDATION,2021-12-09,6479.T,HOLD,8.7160366186945,1,5.879467782827034,False,1.7166302221311105,17.684123446761973,1.5455949020147797,0.0581516502734296,1.3050626036666813,2.81740466795332,1.5219103046901743,67.01127051287077
UP20_SCORE70_NIKKEION_TP4.0_SL1.0_H1,VALIDATION,2022-01-06,1928.T,LOSS,-1.787860435192823,1,0.6581012201415931,False,1.6723012120976266,30.98525630507089,-0.5166856739081571,0.0244109775561468,1.535124854285539,1.7168382690727328,1.4106908274932766,64.68874574164282
UP20_SCORE70_NIKKEION_TP4.0_SL1.0_H1,VALIDATION,2022-01-12,7911.T,LOSS,-2.3047886616976876,1,6.597130729399649,False,4.211620854614884,41.10622116424442,2.1178899257154216,0.0484874066879877,1.2709194389863812,2.254495523375562,1.2485803077767932,71.96452820715568
UP20_SCORE70_NIKKEION_TP4.0_SL1.0_H1,VALIDATION,2022-03-09,5019.T,LOSS,-3.8912402140463542,1,2.7231521130664715,False,3.0322971366194107,20.55247901962275,-8.99181766771424,0.1039811626194401,1.114095438215956,3.940639316504161,1.8003820112412627,57.35386673084192
UP20_SCORE70_NIKKEION_TP4.0_SL1.0_H1,VALIDATION,2022-03-30,9433.T,LOSS,-2.0700569594831686,1,6.624975298242913,False,1.7344119508750255,29.223302530807143,-2.898324260690865,-0.0275890876601996,1.4759846776751817,2.009648173180027,1.5247219833965242,58.83562076584731
UP20_SCORE70_NIKKEION_TP4.0_SL1.0_H1,VALIDATION,2022-04-19,8253.T,WIN,13.060758828001275,1,4.084391418638965,False,3.524549730790638,22.750160167218976,-1.1771974446330935,0.2060237242815621,1.335099270600313,3.2901897070003163,3.089840470193115,80.50629602206463
UP20_SCORE70_NIKKEION_TP4.0_SL1.0_H1,VALIDATION,2022-04-20,7731.T,WIN,11.538866435786288,1,5.331679308595854,False,4.594120559332926,38.183888000115005,2.4221480431072973,0.0687166669170018,1.5101938005668956,2.9097166089465736,1.6191277214981885,74.05023296865045
UP20_SCORE70_NIKKEION_TP4.0_SL1.0_H1,VALIDATION,2022-04-21,7731.T,WIN,12.100591031707298,1,6.03026904185015,False,4.439808738902973,40.50573654498357,0.9459507170847424,0.038830077547828,1.4839668913029855,3.0501477579268244,1.595042815112801,75.15410740893785
UP20_SCORE70_NIKKEION_TP4.0_SL1.0_H1,VALIDATION,2022-04-22,5714.T,HOLD,10.734421417459206,1,9.410909743596193,False,2.481422618629736,18.025300553274096,-5.220236384280097,-0.0256133443369229,1.4843435022174438,3.240724860937383,1.542570835006372,52.93606555141
UP30_SCORE70_NIKKEION_TP4.0_SL1.0_H1,VALIDATION,2021-07-09,6645.T,LOSS,-1.931962382689234,1,0.4743396218327339,False,0.9478235497266674,18.223915462954743,-1.5367563312057464,0.0360170390907692,1.760350973402797,1.8661495402717405,1.804844193381184,60.87904898690845
UP30_SCORE70_NIKKEION_TP4.0_SL1.0_H1,VALIDATION,2021-07-13,3436.T,LOSS,-2.5574496760729204,1,1.3432077099213882,False,0.7929812169835682,15.174930938548256,1.3810495988814342,0.0328965600167234,1.7176382710154452,2.5193617225631515,1.662253526604086,63.09826424578068
UP30_SCORE70_NIKKEION_TP4.0_SL1.0_H1,VALIDATION,2021-07-26,9843.T,LOSS,-1.9699176915459304,1,1.239876995775889,False,1.6812853923992233,32.1447404045332,-1.4309925743555718,0.0252030677209434,1.4080961164564534,1.905549906366318,1.605422457157473,60.87497711872142
UP30_SCORE70_NIKKEION_TP4.0_SL1.0_H1,VALIDATION,2021-07-27,4507.T,LOSS,-1.8768918375934085,1,0.5982979314283624,False,0.297792304710498,17.690833595113872,-0.3350057607838463,0.0410196644551662,1.2243524779452075,1.8090364587683465,1.2327650018191627,60.38918826923275
UP30_SCORE70_NIKKEION_TP4.0_SL1.0_H1,VALIDATION,2021-07-29,7741.T,LOSS,-2.2435234971220464,1,5.782496202312959,False,0.8591742759043841,22.2346909742208,1.802104187543141,0.042048116900704,1.455040491482826,2.190476883825883,1.6487489221665836,65.62224181700223
UP30_SCORE70_NIKKEION_TP4.0_SL1.0_H1,VALIDATION,2021-08-18,4578.T,LOSS,-2.2131538088493663,1,0.4186109570254846,False,1.0605777999963315,18.922576524918128,0.3813611408548079,0.0210772668754836,1.3155942634210671,2.1587719811943336,1.471969260326609,61.75264922741129
UP30_SCORE70_NIKKEION_TP4.0_SL1.0_H1,VALIDATION,2021-09-21,9107.T,WIN,18.555582291105242,1,29.970273901629785,False,9.941028242764991,58.06476522650094,-4.068231620973462,0.1603632501203314,0.8253846255530733,4.663895572776311,1.5389680296402972,78.0744798624433
UP30_SCORE70_NIKKEION_TP4.0_SL1.0_H1,VALIDATION,2021-09-29,7013.T,WIN,11.067726742331397,1,0.058218160470407,False,1.8423349653284185,19.048405462885917,4.907760472714662,0.1288075658130838,2.169021109992189,2.791931685582849,3.0466452069191163,68.7245293647962
UP30_SCORE70_NIKKEION_TP4.0_SL1.0_H1,VALIDATION,2021-10-11,4385.T,LOSS,-4.146214355948862,1,4.866379604948401,False,3.4034236420002806,23.150763352823137,2.108433734939763,0.0692159465415533,0.9801728573978976,4.046214355948866,1.1712113036603882,67.05448757897021
UP30_SCORE70_NIKKEION_TP4.0_SL1.0_H1,VALIDATION,2021-10-12,8058.T,WIN,7.879062965369477,1,8.361130659338322,False,1.7079674220135788,21.63018033118633,2.321071477409853,0.0460454060091555,1.3036186572784754,1.994765741342371,1.6750123779088086,67.06625582419866
UP30_SCORE70_NIKKEION_TP4.0_SL1.0_H1,VALIDATION,2021-10-13,7211.T,HOLD,11.561111525232414,1,0.6160064173620726,False,2.5433057702566986,26.861461171495016,5.421683365608598,0.1723294917743951,1.4413764681640222,3.464078419300076,1.8547706177423653,70.62134009989532
UP30_SCORE70_NIKKEION_TP4.0_SL1.0_H1,VALIDATION,2021-10-14,7211.T,WIN,14.181665052427961,1,1.2515134171357054,False,3.309077880723943,28.77144349542084,0.5714357628485489,0.1822623362245867,1.0626928323349425,3.5704162631069902,1.4584507750746434,71.12678772859857
UP30_SCORE70_NIKKEION_TP4.0_SL1.0_H1,VALIDATION,2021-10-15,7211.T,WIN,14.199964905060293,1,1.9640296207926853,False,4.01150241832795,31.059828727112784,4.545444044633462,0.1741722830066381,1.122590968737058,3.574991226265071,1.5564779050160813,74.85397905840844
UP30_SCORE70_NIKKEION_TP4.0_SL1.0_H1,VALIDATION,2021-10-18,7012.T,WIN,11.135078377252816,1,5.230299413203637,False,1.7771497357482513,22.116967535176304,3.834596561500225,0.0805833598975738,1.5104184428605532,2.8087695943132056,1.7341255469308248,70.05222789409328
UP30_SCORE70_NIKKEION_TP4.0_SL1.0_H1,VALIDATION,2021-10-19,4385.T,TIMEOUT_LOSS,-0.8194244604316502,1,6.572283868644349,False,2.2082631783447715,27.939595878703617,2.507374631268444,0.049355346484317,1.5774737008621371,4.019184652278174,1.2851384919727171,65.23561619197218
UP30_SCORE70_NIKKEION_TP4.0_SL1.0_H1,VALIDATION,2021-10-21,7912.T,WIN,7.808142333761226,1,5.520494360311423,False,0.8928763539168827,24.395103747495867,0.7420137969918361,0.0338511232505172,1.2281455619712636,1.9770355834403046,1.0403112061513262,64.17894105200627
UP30_SCORE70_NIKKEION_TP4.0_SL1.0_H1,VALIDATION,2021-12-07,5631.T,HOLD,10.694492763309638,1,10.645540890384392,False,1.0000003168978422,21.931804021919397,1.7857058313969,0.0589696635186913,1.3950281005413232,3.285516655809917,1.548248844840287,66.37373961507566
UP30_SCORE70_NIKKEION_TP4.0_SL1.0_H1,VALIDATION,2021-12-08,6645.T,HOLD,6.7542553756062444,1,3.0112919021045808,False,0.9457961027463436,15.821247055769671,3.499558916100698,0.0423427935854829,1.498042304751755,2.6177167385794675,1.889220835189879,66.8273775788349
UP30_SCORE70_NIKKEION_TP4.0_SL1.0_H1,VALIDATION,2021-12-09,6479.T,HOLD,8.7160366186945,1,5.879467782827034,False,1.7166302221311105,17.684123446761973,1.5455949020147797,0.0581516502734296,1.3050626036666813,2.81740466795332,1.5219103046901743,67.01127051287077
UP30_SCORE70_NIKKEION_TP4.0_SL1.0_H1,VALIDATION,2022-01-06,1928.T,LOSS,-1.787860435192823,1,0.6581012201415931,False,1.6723012120976266,30.98525630507089,-0.5166856739081571,0.0244109775561468,1.535124854285539,1.7168382690727328,1.4106908274932766,64.68874574164282
UP30_SCORE70_NIKKEION_TP4.0_SL1.0_H1,VALIDATION,2022-01-12,7911.T,LOSS,-2.3047886616976876,1,6.597130729399649,False,4.211620854614884,41.10622116424442,2.1178899257154216,0.0484874066879877,1.2709194389863812,2.254495523375562,1.2485803077767932,71.96452820715568
UP30_SCORE70_NIKKEION_TP4.0_SL1.0_H1,VALIDATION,2022-03-09,5019.T,LOSS,-3.8912402140463542,1,2.7231521130664715,False,3.0322971366194107,20.55247901962275,-8.99181766771424,0.1039811626194401,1.114095438215956,3.940639316504161,1.8003820112412627,57.35386673084192
UP30_SCORE70_NIKKEION_TP4.0_SL1.0_H1,VALIDATION,2022-03-30,9433.T,LOSS,-2.0700569594831686,1,6.624975298242913,False,1.7344119508750255,29.223302530807143,-2.898324260690865,-0.0275890876601996,1.4759846776751817,2.009648173180027,1.5247219833965242,58.83562076584731
UP30_SCORE70_NIKKEION_TP4.0_SL1.0_H1,VALIDATION,2022-04-19,8253.T,WIN,13.060758828001275,1,4.084391418638965,False,3.524549730790638,22.750160167218976,-1.1771974446330935,0.2060237242815621,1.335099270600313,3.2901897070003163,3.089840470193115,80.50629602206463
UP30_SCORE70_NIKKEION_TP4.0_SL1.0_H1,VALIDATION,2022-04-20,7731.T,WIN,11.538866435786288,1,5.331679308595854,False,4.594120559332926,38.183888000115005,2.4221480431072973,0.0687166669170018,1.5101938005668956,2.9097166089465736,1.6191277214981885,74.05023296865045
UP30_SCORE70_NIKKEION_TP4.0_SL1.0_H1,VALIDATION,2022-04-21,7731.T,WIN,12.100591031707298,1,6.03026904185015,False,4.439808738902973,40.50573654498357,0.9459507170847424,0.038830077547828,1.4839668913029855,3.0501477579268244,1.595042815112801,75.15410740893785
UP30_SCORE70_NIKKEION_TP4.0_SL1.0_H1,VALIDATION,2022-04-22,5714.T,HOLD,10.734421417459206,1,9.410909743596193,False,2.481422618629736,18.025300553274096,-5.220236384280097,-0.0256133443369229,1.4843435022174438,3.240724860937383,1.542570835006372,52.93606555141
UP30_SCORE70_NIKKEION_TP3.5_SL1.0_H1,VALIDATION,2021-07-09,6645.T,LOSS,-1.931962382689234,1,0.4743396218327339,False,0.9478235497266674,18.223915462954743,-1.5367563312057464,0.0360170390907692,1.760350973402797,1.8661495402717405,1.804844193381184,60.87904898690845
UP30_SCORE70_NIKKEION_TP3.5_SL1.0_H1,VALIDATION,2021-07-13,3436.T,LOSS,-2.5574496760729204,1,1.3432077099213882,False,0.7929812169835682,15.174930938548256,1.3810495988814342,0.0328965600167234,1.7176382710154452,2.5193617225631515,1.662253526604086,63.09826424578068
UP30_SCORE70_NIKKEION_TP3.5_SL1.0_H1,VALIDATION,2021-07-26,9843.T,LOSS,-1.9699176915459304,1,1.239876995775889,False,1.6812853923992233,32.1447404045332,-1.4309925743555718,0.0252030677209434,1.4080961164564534,1.905549906366318,1.605422457157473,60.87497711872142
UP30_SCORE70_NIKKEION_TP3.5_SL1.0_H1,VALIDATION,2021-07-27,4507.T,LOSS,-1.8768918375934085,1,0.5982979314283624,False,0.297792304710498,17.690833595113872,-0.3350057607838463,0.0410196644551662,1.2243524779452075,1.8090364587683465,1.2327650018191627,60.38918826923275
UP30_SCORE70_NIKKEION_TP3.5_SL1.0_H1,VALIDATION,2021-07-29,7741.T,LOSS,-2.2435234971220464,1,5.782496202312959,False,0.8591742759043841,22.2346909742208,1.802104187543141,0.042048116900704,1.455040491482826,2.190476883825883,1.6487489221665836,65.62224181700223
UP30_SCORE70_NIKKEION_TP3.5_SL1.0_H1,VALIDATION,2021-08-18,4578.T,LOSS,-2.2131538088493663,1,0.4186109570254846,False,1.0605777999963315,18.922576524918128,0.3813611408548079,0.0210772668754836,1.3155942634210671,2.1587719811943336,1.471969260326609,61.75264922741129
UP30_SCORE70_NIKKEION_TP3.5_SL1.0_H1,VALIDATION,2021-09-21,9107.T,WIN,16.223634504717076,1,29.970273901629785,False,9.941028242764991,58.06476522650094,-4.068231620973462,0.1603632501203314,0.8253846255530733,4.663895572776311,1.5389680296402972,78.0744798624433
UP30_SCORE70_NIKKEION_TP3.5_SL1.0_H1,VALIDATION,2021-09-29,7013.T,WIN,9.671760899539972,1,0.058218160470407,False,1.8423349653284185,19.048405462885917,4.907760472714662,0.1288075658130838,2.169021109992189,2.791931685582849,3.0466452069191163,68.7245293647962
UP30_SCORE70_NIKKEION_TP3.5_SL1.0_H1,VALIDATION,2021-10-11,4385.T,LOSS,-4.146214355948862,1,4.866379604948401,False,3.4034236420002806,23.150763352823137,2.108433734939763,0.0692159465415533,0.9801728573978976,4.046214355948866,1.1712113036603882,67.05448757897021
UP30_SCORE70_NIKKEION_TP3.5_SL1.0_H1,VALIDATION,2021-10-12,8058.T,WIN,6.881680094698306,1,8.361130659338322,False,1.7079674220135788,21.63018033118633,2.321071477409853,0.0460454060091555,1.3036186572784754,1.994765741342371,1.6750123779088086,67.06625582419866
UP30_SCORE70_NIKKEION_TP3.5_SL1.0_H1,VALIDATION,2021-10-13,7211.T,HOLD,11.561111525232414,1,0.6160064173620726,False,2.5433057702566986,26.861461171495016,5.421683365608598,0.1723294917743951,1.4413764681640222,3.464078419300076,1.8547706177423653,70.62134009989532
UP30_SCORE70_NIKKEION_TP3.5_SL1.0_H1,VALIDATION,2021-10-14,7211.T,WIN,12.396456920874465,1,1.2515134171357054,False,3.309077880723943,28.77144349542084,0.5714357628485489,0.1822623362245867,1.0626928323349425,3.5704162631069902,1.4584507750746434,71.12678772859857
UP30_SCORE70_NIKKEION_TP3.5_SL1.0_H1,VALIDATION,2021-10-15,7211.T,WIN,12.412469291927753,1,1.9640296207926853,False,4.01150241832795,31.059828727112784,4.545444044633462,0.1741722830066381,1.122590968737058,3.574991226265071,1.5564779050160813,74.85397905840844
UP30_SCORE70_NIKKEION_TP3.5_SL1.0_H1,VALIDATION,2021-10-18,7012.T,WIN,9.730693580096228,1,5.230299413203637,False,1.7771497357482513,22.116967535176304,3.834596561500225,0.0805833598975738,1.5104184428605532,2.8087695943132056,1.7341255469308248,70.05222789409328
UP30_SCORE70_NIKKEION_TP3.5_SL1.0_H1,VALIDATION,2021-10-19,4385.T,TIMEOUT_LOSS,-0.8194244604316502,1,6.572283868644349,False,2.2082631783447715,27.939595878703617,2.507374631268444,0.049355346484317,1.5774737008621371,4.019184652278174,1.2851384919727171,65.23561619197218
UP30_SCORE70_NIKKEION_TP3.5_SL1.0_H1,VALIDATION,2021-10-21,7912.T,WIN,6.81962454204107,1,5.520494360311423,False,0.8928763539168827,24.395103747495867,0.7420137969918361,0.0338511232505172,1.2281455619712636,1.9770355834403046,1.0403112061513262,64.17894105200627
UP30_SCORE70_NIKKEION_TP3.5_SL1.0_H1,VALIDATION,2021-12-07,5631.T,WIN,11.399308295334698,1,10.645540890384392,False,1.0000003168978422,21.931804021919397,1.7857058313969,0.0589696635186913,1.3950281005413232,3.285516655809917,1.548248844840287,66.37373961507566
UP30_SCORE70_NIKKEION_TP3.5_SL1.0_H1,VALIDATION,2021-12-08,6645.T,HOLD,6.7542553756062444,1,3.0112919021045808,False,0.9457961027463436,15.821247055769671,3.499558916100698,0.0423427935854829,1.498042304751755,2.6177167385794675,1.889220835189879,66.8273775788349
UP30_SCORE70_NIKKEION_TP3.5_SL1.0_H1,VALIDATION,2021-12-09,6479.T,WIN,9.760916337836612,1,5.879467782827034,False,1.7166302221311105,17.684123446761973,1.5455949020147797,0.0581516502734296,1.3050626036666813,2.81740466795332,1.5219103046901743,67.01127051287077
UP30_SCORE70_NIKKEION_TP3.5_SL1.0_H1,VALIDATION,2022-01-06,1928.T,LOSS,-1.787860435192823,1,0.6581012201415931,False,1.6723012120976266,30.98525630507089,-0.5166856739081571,0.0244109775561468,1.535124854285539,1.7168382690727328,1.4106908274932766,64.68874574164282
UP30_SCORE70_NIKKEION_TP3.5_SL1.0_H1,VALIDATION,2022-01-12,7911.T,LOSS,-2.3047886616976876,1,6.597130729399649,False,4.211620854614884,41.10622116424442,2.1178899257154216,0.0484874066879877,1.2709194389863812,2.254495523375562,1.2485803077767932,71.96452820715568
UP30_SCORE70_NIKKEION_TP3.5_SL1.0_H1,VALIDATION,2022-03-09,5019.T,LOSS,-3.8912402140463542,1,2.7231521130664715,False,3.0322971366194107,20.55247901962275,-8.99181766771424,0.1039811626194401,1.114095438215956,3.940639316504161,1.8003820112412627,57.35386673084192
UP30_SCORE70_NIKKEION_TP3.5_SL1.0_H1,VALIDATION,2022-03-30,9433.T,LOSS,-2.0700569594831686,1,6.624975298242913,False,1.7344119508750255,29.223302530807143,-2.898324260690865,-0.0275890876601996,1.4759846776751817,2.009648173180027,1.5247219833965242,58.83562076584731
UP30_SCORE70_NIKKEION_TP3.5_SL1.0_H1,VALIDATION,2022-04-19,8253.T,WIN,11.4156639745011,1,4.084391418638965,False,3.524549730790638,22.750160167218976,-1.1771974446330935,0.2060237242815621,1.335099270600313,3.2901897070003163,3.089840470193115,80.50629602206463
UP30_SCORE70_NIKKEION_TP3.5_SL1.0_H1,VALIDATION,2022-04-20,7731.T,WIN,10.084008131313016,1,5.331679308595854,False,4.594120559332926,38.183888000115005,2.4221480431072973,0.0687166669170018,1.5101938005668956,2.9097166089465736,1.6191277214981885,74.05023296865045
UP30_SCORE70_NIKKEION_TP3.5_SL1.0_H1,VALIDATION,2022-04-21,7731.T,WIN,10.575517152743886,1,6.03026904185015,False,4.439808738902973,40.50573654498357,0.9459507170847424,0.038830077547828,1.4839668913029855,3.0501477579268244,1.595042815112801,75.15410740893785
UP30_SCORE70_NIKKEION_TP3.5_SL1.0_H1,VALIDATION,2022-04-22,2501.T,HOLD,4.880515259603169,1,2.543589903026497,False,0.742969780226832,11.2336812681293,-1.0651335403527362,0.0289662176694687,1.2305057571782538,1.7469692611179477,1.5558627044459803,63.39193154260781
UP20_SCORE70_NIKKEION_TP3.5_SL1.0_H1,VALIDATION,2021-07-09,6645.T,LOSS,-1.931962382689234,1,0.4743396218327339,False,0.9478235497266674,18.223915462954743,-1.5367563312057464,0.0360170390907692,1.760350973402797,1.8661495402717405,1.804844193381184,60.87904898690845
UP20_SCORE70_NIKKEION_TP3.5_SL1.0_H1,VALIDATION,2021-07-13,3436.T,LOSS,-2.5574496760729204,1,1.3432077099213882,False,0.7929812169835682,15.174930938548256,1.3810495988814342,0.0328965600167234,1.7176382710154452,2.5193617225631515,1.662253526604086,63.09826424578068
UP20_SCORE70_NIKKEION_TP3.5_SL1.0_H1,VALIDATION,2021-07-26,9843.T,LOSS,-1.9699176915459304,1,1.239876995775889,False,1.6812853923992233,32.1447404045332,-1.4309925743555718,0.0252030677209434,1.4080961164564534,1.905549906366318,1.605422457157473,60.87497711872142
UP20_SCORE70_NIKKEION_TP3.5_SL1.0_H1,VALIDATION,2021-07-27,4507.T,LOSS,-1.8768918375934085,1,0.5982979314283624,False,0.297792304710498,17.690833595113872,-0.3350057607838463,0.0410196644551662,1.2243524779452075,1.8090364587683465,1.2327650018191627,60.38918826923275
UP20_SCORE70_NIKKEION_TP3.5_SL1.0_H1,VALIDATION,2021-07-29,7741.T,LOSS,-2.2435234971220464,1,5.782496202312959,False,0.8591742759043841,22.2346909742208,1.802104187543141,0.042048116900704,1.455040491482826,2.190476883825883,1.6487489221665836,65.62224181700223
UP20_SCORE70_NIKKEION_TP3.5_SL1.0_H1,VALIDATION,2021-08-18,4578.T,LOSS,-2.2131538088493663,1,0.4186109570254846,False,1.0605777999963315,18.922576524918128,0.3813611408548079,0.0210772668754836,1.3155942634210671,2.1587719811943336,1.471969260326609,61.75264922741129
UP20_SCORE70_NIKKEION_TP3.5_SL1.0_H1,VALIDATION,2021-09-21,9107.T,WIN,16.223634504717076,1,29.970273901629785,False,9.941028242764991,58.06476522650094,-4.068231620973462,0.1603632501203314,0.8253846255530733,4.663895572776311,1.5389680296402972,78.0744798624433
UP20_SCORE70_NIKKEION_TP3.5_SL1.0_H1,VALIDATION,2021-09-29,7013.T,WIN,9.671760899539972,1,0.058218160470407,False,1.8423349653284185,19.048405462885917,4.907760472714662,0.1288075658130838,2.169021109992189,2.791931685582849,3.0466452069191163,68.7245293647962
UP20_SCORE70_NIKKEION_TP3.5_SL1.0_H1,VALIDATION,2021-10-11,4385.T,LOSS,-4.146214355948862,1,4.866379604948401,False,3.4034236420002806,23.150763352823137,2.108433734939763,0.0692159465415533,0.9801728573978976,4.046214355948866,1.1712113036603882,67.05448757897021
UP20_SCORE70_NIKKEION_TP3.5_SL1.0_H1,VALIDATION,2021-10-12,8058.T,WIN,6.881680094698306,1,8.361130659338322,False,1.7079674220135788,21.63018033118633,2.321071477409853,0.0460454060091555,1.3036186572784754,1.994765741342371,1.6750123779088086,67.06625582419866
UP20_SCORE70_NIKKEION_TP3.5_SL1.0_H1,VALIDATION,2021-10-13,7211.T,HOLD,11.561111525232414,1,0.6160064173620726,False,2.5433057702566986,26.861461171495016,5.421683365608598,0.1723294917743951,1.4413764681640222,3.464078419300076,1.8547706177423653,70.62134009989532
UP20_SCORE70_NIKKEION_TP3.5_SL1.0_H1,VALIDATION,2021-10-14,7211.T,WIN,12.396456920874465,1,1.2515134171357054,False,3.309077880723943,28.77144349542084,0.5714357628485489,0.1822623362245867,1.0626928323349425,3.5704162631069902,1.4584507750746434,71.12678772859857
UP20_SCORE70_NIKKEION_TP3.5_SL1.0_H1,VALIDATION,2021-10-15,7211.T,WIN,12.412469291927753,1,1.9640296207926853,False,4.01150241832795,31.059828727112784,4.545444044633462,0.1741722830066381,1.122590968737058,3.574991226265071,1.5564779050160813,74.85397905840844
UP20_SCORE70_NIKKEION_TP3.5_SL1.0_H1,VALIDATION,2021-10-18,7012.T,WIN,9.730693580096228,1,5.230299413203637,False,1.7771497357482513,22.116967535176304,3.834596561500225,0.0805833598975738,1.5104184428605532,2.8087695943132056,1.7341255469308248,70.05222789409328
UP20_SCORE70_NIKKEION_TP3.5_SL1.0_H1,VALIDATION,2021-10-19,4385.T,TIMEOUT_LOSS,-0.8194244604316502,1,6.572283868644349,False,2.2082631783447715,27.939595878703617,2.507374631268444,0.049355346484317,1.5774737008621371,4.019184652278174,1.2851384919727171,65.23561619197218
UP20_SCORE70_NIKKEION_TP3.5_SL1.0_H1,VALIDATION,2021-10-21,7912.T,WIN,6.81962454204107,1,5.520494360311423,False,0.8928763539168827,24.395103747495867,0.7420137969918361,0.0338511232505172,1.2281455619712636,1.9770355834403046,1.0403112061513262,64.17894105200627
UP20_SCORE70_NIKKEION_TP3.5_SL1.0_H1,VALIDATION,2021-12-07,5631.T,WIN,11.399308295334698,1,10.645540890384392,False,1.0000003168978422,21.931804021919397,1.7857058313969,0.0589696635186913,1.3950281005413232,3.285516655809917,1.548248844840287,66.37373961507566
UP20_SCORE70_NIKKEION_TP3.5_SL1.0_H1,VALIDATION,2021-12-08,6645.T,HOLD,6.7542553756062444,1,3.0112919021045808,False,0.9457961027463436,15.821247055769671,3.499558916100698,0.0423427935854829,1.498042304751755,2.6177167385794675,1.889220835189879,66.8273775788349
UP20_SCORE70_NIKKEION_TP3.5_SL1.0_H1,VALIDATION,2021-12-09,6479.T,WIN,9.760916337836612,1,5.879467782827034,False,1.7166302221311105,17.684123446761973,1.5455949020147797,0.0581516502734296,1.3050626036666813,2.81740466795332,1.5219103046901743,67.01127051287077
UP20_SCORE70_NIKKEION_TP3.5_SL1.0_H1,VALIDATION,2022-01-06,1928.T,LOSS,-1.787860435192823,1,0.6581012201415931,False,1.6723012120976266,30.98525630507089,-0.5166856739081571,0.0244109775561468,1.535124854285539,1.7168382690727328,1.4106908274932766,64.68874574164282
UP20_SCORE70_NIKKEION_TP3.5_SL1.0_H1,VALIDATION,2022-01-12,7911.T,LOSS,-2.3047886616976876,1,6.597130729399649,False,4.211620854614884,41.10622116424442,2.1178899257154216,0.0484874066879877,1.2709194389863812,2.254495523375562,1.2485803077767932,71.96452820715568
UP20_SCORE70_NIKKEION_TP3.5_SL1.0_H1,VALIDATION,2022-03-09,5019.T,LOSS,-3.8912402140463542,1,2.7231521130664715,False,3.0322971366194107,20.55247901962275,-8.99181766771424,0.1039811626194401,1.114095438215956,3.940639316504161,1.8003820112412627,57.35386673084192
UP20_SCORE70_NIKKEION_TP3.5_SL1.0_H1,VALIDATION,2022-03-30,9433.T,LOSS,-2.0700569594831686,1,6.624975298242913,False,1.7344119508750255,29.223302530807143,-2.898324260690865,-0.0275890876601996,1.4759846776751817,2.009648173180027,1.5247219833965242,58.83562076584731
UP20_SCORE70_NIKKEION_TP3.5_SL1.0_H1,VALIDATION,2022-04-19,8253.T,WIN,11.4156639745011,1,4.084391418638965,False,3.524549730790638,22.750160167218976,-1.1771974446330935,0.2060237242815621,1.335099270600313,3.2901897070003163,3.089840470193115,80.50629602206463
UP20_SCORE70_NIKKEION_TP3.5_SL1.0_H1,VALIDATION,2022-04-20,7731.T,WIN,10.084008131313016,1,5.331679308595854,False,4.594120559332926,38.183888000115005,2.4221480431072973,0.0687166669170018,1.5101938005668956,2.9097166089465736,1.6191277214981885,74.05023296865045
UP20_SCORE70_NIKKEION_TP3.5_SL1.0_H1,VALIDATION,2022-04-21,7731.T,WIN,10.575517152743886,1,6.03026904185015,False,4.439808738902973,40.50573654498357,0.9459507170847424,0.038830077547828,1.4839668913029855,3.0501477579268244,1.595042815112801,75.15410740893785
UP20_SCORE70_NIKKEION_TP3.5_SL1.0_H1,VALIDATION,2022-04-22,2501.T,HOLD,4.880515259603169,1,2.543589903026497,False,0.742969780226832,11.2336812681293,-1.0651335403527362,0.0289662176694687,1.2305057571782538,1.7469692611179477,1.5558627044459803,63.39193154260781
UP25_SCORE70_NIKKEION_TP3.5_SL1.0_H1,VALIDATION,2021-07-09,6645.T,LOSS,-1.931962382689234,1,0.4743396218327339,False,0.9478235497266674,18.223915462954743,-1.5367563312057464,0.0360170390907692,1.760350973402797,1.8661495402717405,1.804844193381184,60.87904898690845
UP25_SCORE70_NIKKEION_TP3.5_SL1.0_H1,VALIDATION,2021-07-13,3436.T,LOSS,-2.5574496760729204,1,1.3432077099213882,False,0.7929812169835682,15.174930938548256,1.3810495988814342,0.0328965600167234,1.7176382710154452,2.5193617225631515,1.662253526604086,63.09826424578068
UP25_SCORE70_NIKKEION_TP3.5_SL1.0_H1,VALIDATION,2021-07-26,9843.T,LOSS,-1.9699176915459304,1,1.239876995775889,False,1.6812853923992233,32.1447404045332,-1.4309925743555718,0.0252030677209434,1.4080961164564534,1.905549906366318,1.605422457157473,60.87497711872142
UP25_SCORE70_NIKKEION_TP3.5_SL1.0_H1,VALIDATION,2021-07-27,4507.T,LOSS,-1.8768918375934085,1,0.5982979314283624,False,0.297792304710498,17.690833595113872,-0.3350057607838463,0.0410196644551662,1.2243524779452075,1.8090364587683465,1.2327650018191627,60.38918826923275
UP25_SCORE70_NIKKEION_TP3.5_SL1.0_H1,VALIDATION,2021-07-29,7741.T,LOSS,-2.2435234971220464,1,5.782496202312959,False,0.8591742759043841,22.2346909742208,1.802104187543141,0.042048116900704,1.455040491482826,2.190476883825883,1.6487489221665836,65.62224181700223
UP25_SCORE70_NIKKEION_TP3.5_SL1.0_H1,VALIDATION,2021-08-18,4578.T,LOSS,-2.2131538088493663,1,0.4186109570254846,False,1.0605777999963315,18.922576524918128,0.3813611408548079,0.0210772668754836,1.3155942634210671,2.1587719811943336,1.471969260326609,61.75264922741129
UP25_SCORE70_NIKKEION_TP3.5_SL1.0_H1,VALIDATION,2021-09-21,9107.T,WIN,16.223634504717076,1,29.970273901629785,False,9.941028242764991,58.06476522650094,-4.068231620973462,0.1603632501203314,0.8253846255530733,4.663895572776311,1.5389680296402972,78.0744798624433
UP25_SCORE70_NIKKEION_TP3.5_SL1.0_H1,VALIDATION,2021-09-29,7013.T,WIN,9.671760899539972,1,0.058218160470407,False,1.8423349653284185,19.048405462885917,4.907760472714662,0.1288075658130838,2.169021109992189,2.791931685582849,3.0466452069191163,68.7245293647962
UP25_SCORE70_NIKKEION_TP3.5_SL1.0_H1,VALIDATION,2021-10-11,4385.T,LOSS,-4.146214355948862,1,4.866379604948401,False,3.4034236420002806,23.150763352823137,2.108433734939763,0.0692159465415533,0.9801728573978976,4.046214355948866,1.1712113036603882,67.05448757897021
UP25_SCORE70_NIKKEION_TP3.5_SL1.0_H1,VALIDATION,2021-10-12,8058.T,WIN,6.881680094698306,1,8.361130659338322,False,1.7079674220135788,21.63018033118633,2.321071477409853,0.0460454060091555,1.3036186572784754,1.994765741342371,1.6750123779088086,67.06625582419866
UP25_SCORE70_NIKKEION_TP3.5_SL1.0_H1,VALIDATION,2021-10-13,7211.T,HOLD,11.561111525232414,1,0.6160064173620726,False,2.5433057702566986,26.861461171495016,5.421683365608598,0.1723294917743951,1.4413764681640222,3.464078419300076,1.8547706177423653,70.62134009989532
UP25_SCORE70_NIKKEION_TP3.5_SL1.0_H1,VALIDATION,2021-10-14,7211.T,WIN,12.396456920874465,1,1.2515134171357054,False,3.309077880723943,28.77144349542084,0.5714357628485489,0.1822623362245867,1.0626928323349425,3.5704162631069902,1.4584507750746434,71.12678772859857
UP25_SCORE70_NIKKEION_TP3.5_SL1.0_H1,VALIDATION,2021-10-15,7211.T,WIN,12.412469291927753,1,1.9640296207926853,False,4.01150241832795,31.059828727112784,4.545444044633462,0.1741722830066381,1.122590968737058,3.574991226265071,1.5564779050160813,74.85397905840844
UP25_SCORE70_NIKKEION_TP3.5_SL1.0_H1,VALIDATION,2021-10-18,7012.T,WIN,9.730693580096228,1,5.230299413203637,False,1.7771497357482513,22.116967535176304,3.834596561500225,0.0805833598975738,1.5104184428605532,2.8087695943132056,1.7341255469308248,70.05222789409328
UP25_SCORE70_NIKKEION_TP3.5_SL1.0_H1,VALIDATION,2021-10-19,4385.T,TIMEOUT_LOSS,-0.8194244604316502,1,6.572283868644349,False,2.2082631783447715,27.939595878703617,2.507374631268444,0.049355346484317,1.5774737008621371,4.019184652278174,1.2851384919727171,65.23561619197218
UP25_SCORE70_NIKKEION_TP3.5_SL1.0_H1,VALIDATION,2021-10-21,7912.T,WIN,6.81962454204107,1,5.520494360311423,False,0.8928763539168827,24.395103747495867,0.7420137969918361,0.0338511232505172,1.2281455619712636,1.9770355834403046,1.0403112061513262,64.17894105200627
UP25_SCORE70_NIKKEION_TP3.5_SL1.0_H1,VALIDATION,2021-12-07,5631.T,WIN,11.399308295334698,1,10.645540890384392,False,1.0000003168978422,21.931804021919397,1.7857058313969,0.0589696635186913,1.3950281005413232,3.285516655809917,1.548248844840287,66.37373961507566
UP25_SCORE70_NIKKEION_TP3.5_SL1.0_H1,VALIDATION,2021-12-08,6645.T,HOLD,6.7542553756062444,1,3.0112919021045808,False,0.9457961027463436,15.821247055769671,3.499558916100698,0.0423427935854829,1.498042304751755,2.6177167385794675,1.889220835189879,66.8273775788349
UP25_SCORE70_NIKKEION_TP3.5_SL1.0_H1,VALIDATION,2021-12-09,6479.T,WIN,9.760916337836612,1,5.879467782827034,False,1.7166302221311105,17.684123446761973,1.5455949020147797,0.0581516502734296,1.3050626036666813,2.81740466795332,1.5219103046901743,67.01127051287077
UP25_SCORE70_NIKKEION_TP3.5_SL1.0_H1,VALIDATION,2022-01-06,1928.T,LOSS,-1.787860435192823,1,0.6581012201415931,False,1.6723012120976266,30.98525630507089,-0.5166856739081571,0.0244109775561468,1.535124854285539,1.7168382690727328,1.4106908274932766,64.68874574164282
UP25_SCORE70_NIKKEION_TP3.5_SL1.0_H1,VALIDATION,2022-01-12,7911.T,LOSS,-2.3047886616976876,1,6.597130729399649,False,4.211620854614884,41.10622116424442,2.1178899257154216,0.0484874066879877,1.2709194389863812,2.254495523375562,1.2485803077767932,71.96452820715568
UP25_SCORE70_NIKKEION_TP3.5_SL1.0_H1,VALIDATION,2022-03-09,5019.T,LOSS,-3.8912402140463542,1,2.7231521130664715,False,3.0322971366194107,20.55247901962275,-8.99181766771424,0.1039811626194401,1.114095438215956,3.940639316504161,1.8003820112412627,57.35386673084192
UP25_SCORE70_NIKKEION_TP3.5_SL1.0_H1,VALIDATION,2022-03-30,9433.T,LOSS,-2.0700569594831686,1,6.624975298242913,False,1.7344119508750255,29.223302530807143,-2.898324260690865,-0.0275890876601996,1.4759846776751817,2.009648173180027,1.5247219833965242,58.83562076584731
UP25_SCORE70_NIKKEION_TP3.5_SL1.0_H1,VALIDATION,2022-04-19,8253.T,WIN,11.4156639745011,1,4.084391418638965,False,3.524549730790638,22.750160167218976,-1.1771974446330935,0.2060237242815621,1.335099270600313,3.2901897070003163,3.089840470193115,80.50629602206463
UP25_SCORE70_NIKKEION_TP3.5_SL1.0_H1,VALIDATION,2022-04-20,7731.T,WIN,10.084008131313016,1,5.331679308595854,False,4.594120559332926,38.183888000115005,2.4221480431072973,0.0687166669170018,1.5101938005668956,2.9097166089465736,1.6191277214981885,74.05023296865045
UP25_SCORE70_NIKKEION_TP3.5_SL1.0_H1,VALIDATION,2022-04-21,7731.T,WIN,10.575517152743886,1,6.03026904185015,False,4.439808738902973,40.50573654498357,0.9459507170847424,0.038830077547828,1.4839668913029855,3.0501477579268244,1.595042815112801,75.15410740893785
UP25_SCORE70_NIKKEION_TP3.5_SL1.0_H1,VALIDATION,2022-04-22,2501.T,HOLD,4.880515259603169,1,2.543589903026497,False,0.742969780226832,11.2336812681293,-1.0651335403527362,0.0289662176694687,1.2305057571782538,1.7469692611179477,1.5558627044459803,63.39193154260781
UP20_SCORE80_NIKKEION_TP3.5_SL1.0_H1,VALIDATION,2021-07-13,3436.T,LOSS,-2.5574496760729204,1,1.3432077099213882,False,0.7929812169835682,15.174930938548256,1.3810495988814342,0.0328965600167234,1.7176382710154452,2.5193617225631515,1.662253526604086,63.09826424578068
UP20_SCORE80_NIKKEION_TP3.5_SL1.0_H1,VALIDATION,2021-07-29,7741.T,LOSS,-2.2435234971220464,1,5.782496202312959,False,0.8591742759043841,22.2346909742208,1.802104187543141,0.042048116900704,1.455040491482826,2.190476883825883,1.6487489221665836,65.62224181700223
UP20_SCORE80_NIKKEION_TP3.5_SL1.0_H1,VALIDATION,2021-09-29,7013.T,WIN,9.671760899539972,1,0.058218160470407,False,1.8423349653284185,19.048405462885917,4.907760472714662,0.1288075658130838,2.169021109992189,2.791931685582849,3.0466452069191163,68.7245293647962
UP20_SCORE80_NIKKEION_TP3.5_SL1.0_H1,VALIDATION,2021-10-12,8058.T,WIN,6.881680094698306,1,8.361130659338322,False,1.7079674220135788,21.63018033118633,2.321071477409853,0.0460454060091555,1.3036186572784754,1.994765741342371,1.6750123779088086,67.06625582419866
UP20_SCORE80_NIKKEION_TP3.5_SL1.0_H1,VALIDATION,2021-10-13,7211.T,HOLD,11.561111525232414,1,0.6160064173620726,False,2.5433057702566986,26.861461171495016,5.421683365608598,0.1723294917743951,1.4413764681640222,3.464078419300076,1.8547706177423653,70.62134009989532
UP20_SCORE80_NIKKEION_TP3.5_SL1.0_H1,VALIDATION,2021-10-14,2914.T,WIN,3.7556871703797845,1,1.5063409134936456,False,0.5413790110075478,17.96132458983762,0.4416940335568498,0.0111099567165005,1.3775767029388553,1.1016249058227956,1.8290283055063925,71.00749530796972
UP20_SCORE80_NIKKEION_TP3.5_SL1.0_H1,VALIDATION,2021-10-15,7211.T,WIN,12.412469291927753,1,1.9640296207926853,False,4.01150241832795,31.059828727112784,4.545444044633462,0.1741722830066381,1.122590968737058,3.574991226265071,1.5564779050160813,74.85397905840844
UP20_SCORE80_NIKKEION_TP3.5_SL1.0_H1,VALIDATION,2021-10-18,7012.T,WIN,9.730693580096228,1,5.230299413203637,False,1.7771497357482513,22.116967535176304,3.834596561500225,0.0805833598975738,1.5104184428605532,2.8087695943132056,1.7341255469308248,70.05222789409328
UP20_SCORE80_NIKKEION_TP3.5_SL1.0_H1,VALIDATION,2021-12-07,5631.T,WIN,11.399308295334698,1,10.645540890384392,False,1.0000003168978422,21.931804021919397,1.7857058313969,0.0589696635186913,1.3950281005413232,3.285516655809917,1.548248844840287,66.37373961507566
UP20_SCORE80_NIKKEION_TP3.5_SL1.0_H1,VALIDATION,2021-12-08,6645.T,HOLD,6.7542553756062444,1,3.0112919021045808,False,0.9457961027463436,15.821247055769671,3.499558916100698,0.0423427935854829,1.498042304751755,2.6177167385794675,1.889220835189879,66.8273775788349
UP20_SCORE80_NIKKEION_TP3.5_SL1.0_H1,VALIDATION,2021-12-09,6479.T,WIN,9.760916337836612,1,5.879467782827034,False,1.7166302221311105,17.684123446761973,1.5455949020147797,0.0581516502734296,1.3050626036666813,2.81740466795332,1.5219103046901743,67.01127051287077
UP20_SCORE80_NIKKEION_TP3.5_SL1.0_H1,VALIDATION,2022-04-19,8253.T,WIN,11.4156639745011,1,4.084391418638965,False,3.524549730790638,22.750160167218976,-1.1771974446330935,0.2060237242815621,1.335099270600313,3.2901897070003163,3.089840470193115,80.50629602206463
UP20_SCORE80_NIKKEION_TP3.5_SL1.0_H1,VALIDATION,2022-04-20,7731.T,WIN,10.084008131313016,1,5.331679308595854,False,4.594120559332926,38.183888000115005,2.4221480431072973,0.0687166669170018,1.5101938005668956,2.9097166089465736,1.6191277214981885,74.05023296865045
UP20_SCORE80_NIKKEION_TP3.5_SL1.0_H1,VALIDATION,2022-04-21,7731.T,WIN,10.575517152743886,1,6.03026904185015,False,4.439808738902973,40.50573654498357,0.9459507170847424,0.038830077547828,1.4839668913029855,3.0501477579268244,1.595042815112801,75.15410740893785
UP20_SCORE80_NIKKEION_TP3.5_SL1.0_H1,VALIDATION,2022-04-22,2501.T,HOLD,4.880515259603169,1,2.543589903026497,False,0.742969780226832,11.2336812681293,-1.0651335403527362,0.0289662176694687,1.2305057571782538,1.7469692611179477,1.5558627044459803,63.39193154260781
UP20_SCORE80_NIKKEION_TP3.5_SL1.25_H1,VALIDATION,2021-07-13,3436.T,LOSS,-3.153055270875038,1,1.3432077099213882,False,0.7929812169835682,15.174930938548256,1.3810495988814342,0.0328965600167234,1.7176382710154452,2.5193617225631515,1.662253526604086,63.09826424578068
UP20_SCORE80_NIKKEION_TP3.5_SL1.25_H1,VALIDATION,2021-07-29,7741.T,LOSS,-2.765122489704075,1,5.782496202312959,False,0.8591742759043841,22.2346909742208,1.802104187543141,0.042048116900704,1.455040491482826,2.190476883825883,1.6487489221665836,65.62224181700223
UP20_SCORE80_NIKKEION_TP3.5_SL1.25_H1,VALIDATION,2021-09-29,7013.T,WIN,9.671760899539972,1,0.058218160470407,False,1.8423349653284185,19.048405462885917,4.907760472714662,0.1288075658130838,2.169021109992189,2.791931685582849,3.0466452069191163,68.7245293647962
UP20_SCORE80_NIKKEION_TP3.5_SL1.25_H1,VALIDATION,2021-10-12,8058.T,WIN,6.881680094698306,1,8.361130659338322,False,1.7079674220135788,21.63018033118633,2.321071477409853,0.0460454060091555,1.3036186572784754,1.994765741342371,1.6750123779088086,67.06625582419866
UP20_SCORE80_NIKKEION_TP3.5_SL1.25_H1,VALIDATION,2021-10-13,7211.T,HOLD,11.561111525232414,1,0.6160064173620726,False,2.5433057702566986,26.861461171495016,5.421683365608598,0.1723294917743951,1.4413764681640222,3.464078419300076,1.8547706177423653,70.62134009989532
UP20_SCORE80_NIKKEION_TP3.5_SL1.25_H1,VALIDATION,2021-10-14,2914.T,WIN,3.7556871703797845,1,1.5063409134936456,False,0.5413790110075478,17.96132458983762,0.4416940335568498,0.0111099567165005,1.3775767029388553,1.1016249058227956,1.8290283055063925,71.00749530796972
UP20_SCORE80_NIKKEION_TP3.5_SL1.25_H1,VALIDATION,2021-10-15,7211.T,WIN,12.412469291927753,1,1.9640296207926853,False,4.01150241832795,31.059828727112784,4.545444044633462,0.1741722830066381,1.122590968737058,3.574991226265071,1.5564779050160813,74.85397905840844
UP20_SCORE80_NIKKEION_TP3.5_SL1.25_H1,VALIDATION,2021-10-18,7012.T,WIN,9.730693580096228,1,5.230299413203637,False,1.7771497357482513,22.116967535176304,3.834596561500225,0.0805833598975738,1.5104184428605532,2.8087695943132056,1.7341255469308248,70.05222789409328
UP20_SCORE80_NIKKEION_TP3.5_SL1.25_H1,VALIDATION,2021-12-07,5631.T,WIN,11.399308295334698,1,10.645540890384392,False,1.0000003168978422,21.931804021919397,1.7857058313969,0.0589696635186913,1.3950281005413232,3.285516655809917,1.548248844840287,66.37373961507566
UP20_SCORE80_NIKKEION_TP3.5_SL1.25_H1,VALIDATION,2021-12-08,6645.T,HOLD,6.7542553756062444,1,3.0112919021045808,False,0.9457961027463436,15.821247055769671,3.499558916100698,0.0423427935854829,1.498042304751755,2.6177167385794675,1.889220835189879,66.8273775788349
UP20_SCORE80_NIKKEION_TP3.5_SL1.25_H1,VALIDATION,2021-12-09,6479.T,WIN,9.760916337836612,1,5.879467782827034,False,1.7166302221311105,17.684123446761973,1.5455949020147797,0.0581516502734296,1.3050626036666813,2.81740466795332,1.5219103046901743,67.01127051287077
UP20_SCORE80_NIKKEION_TP3.5_SL1.25_H1,VALIDATION,2022-04-19,8253.T,WIN,11.4156639745011,1,4.084391418638965,False,3.524549730790638,22.750160167218976,-1.1771974446330935,0.2060237242815621,1.335099270600313,3.2901897070003163,3.089840470193115,80.50629602206463
UP20_SCORE80_NIKKEION_TP3.5_SL1.25_H1,VALIDATION,2022-04-20,7731.T,WIN,10.084008131313016,1,5.331679308595854,False,4.594120559332926,38.183888000115005,2.4221480431072973,0.0687166669170018,1.5101938005668956,2.9097166089465736,1.6191277214981885,74.05023296865045
UP20_SCORE80_NIKKEION_TP3.5_SL1.25_H1,VALIDATION,2022-04-21,7731.T,WIN,10.575517152743886,1,6.03026904185015,False,4.439808738902973,40.50573654498357,0.9459507170847424,0.038830077547828,1.4839668913029855,3.0501477579268244,1.595042815112801,75.15410740893785
UP20_SCORE80_NIKKEION_TP3.5_SL1.25_H1,VALIDATION,2022-04-22,2501.T,HOLD,4.880515259603169,1,2.543589903026497,False,0.742969780226832,11.2336812681293,-1.0651335403527362,0.0289662176694687,1.2305057571782538,1.7469692611179477,1.5558627044459803,63.39193154260781
UP20_SCORE80_NIKKEION_TP3.5_SL1.5_H1,VALIDATION,2021-07-13,3436.T,LOSS,-3.741431342741075,1,1.3432077099213882,False,0.7929812169835682,15.174930938548256,1.3810495988814342,0.0328965600167234,1.7176382710154452,2.5193617225631515,1.662253526604086,63.09826424578068
UP20_SCORE80_NIKKEION_TP3.5_SL1.5_H1,VALIDATION,2021-07-29,7741.T,LOSS,-3.281190463150163,1,5.782496202312959,False,0.8591742759043841,22.2346909742208,1.802104187543141,0.042048116900704,1.455040491482826,2.190476883825883,1.6487489221665836,65.62224181700223
UP20_SCORE80_NIKKEION_TP3.5_SL1.5_H1,VALIDATION,2021-09-29,7013.T,WIN,9.671760899539972,1,0.058218160470407,False,1.8423349653284185,19.048405462885917,4.907760472714662,0.1288075658130838,2.169021109992189,2.791931685582849,3.0466452069191163,68.7245293647962
UP20_SCORE80_NIKKEION_TP3.5_SL1.5_H1,VALIDATION,2021-10-12,8058.T,WIN,6.881680094698306,1,8.361130659338322,False,1.7079674220135788,21.63018033118633,2.321071477409853,0.0460454060091555,1.3036186572784754,1.994765741342371,1.6750123779088086,67.06625582419866
UP20_SCORE80_NIKKEION_TP3.5_SL1.5_H1,VALIDATION,2021-10-13,7211.T,HOLD,11.561111525232414,1,0.6160064173620726,False,2.5433057702566986,26.861461171495016,5.421683365608598,0.1723294917743951,1.4413764681640222,3.464078419300076,1.8547706177423653,70.62134009989532
UP20_SCORE80_NIKKEION_TP3.5_SL1.5_H1,VALIDATION,2021-10-14,2914.T,WIN,3.7556871703797845,1,1.5063409134936456,False,0.5413790110075478,17.96132458983762,0.4416940335568498,0.0111099567165005,1.3775767029388553,1.1016249058227956,1.8290283055063925,71.00749530796972
UP20_SCORE80_NIKKEION_TP3.5_SL1.5_H1,VALIDATION,2021-10-15,7211.T,WIN,12.412469291927753,1,1.9640296207926853,False,4.01150241832795,31.059828727112784,4.545444044633462,0.1741722830066381,1.122590968737058,3.574991226265071,1.5564779050160813,74.85397905840844
UP20_SCORE80_NIKKEION_TP3.5_SL1.5_H1,VALIDATION,2021-10-18,7012.T,WIN,9.730693580096228,1,5.230299413203637,False,1.7771497357482513,22.116967535176304,3.834596561500225,0.0805833598975738,1.5104184428605532,2.8087695943132056,1.7341255469308248,70.05222789409328
UP20_SCORE80_NIKKEION_TP3.5_SL1.5_H1,VALIDATION,2021-12-07,5631.T,WIN,11.399308295334698,1,10.645540890384392,False,1.0000003168978422,21.931804021919397,1.7857058313969,0.0589696635186913,1.3950281005413232,3.285516655809917,1.548248844840287,66.37373961507566
UP20_SCORE80_NIKKEION_TP3.5_SL1.5_H1,VALIDATION,2021-12-08,6645.T,HOLD,6.7542553756062444,1,3.0112919021045808,False,0.9457961027463436,15.821247055769671,3.499558916100698,0.0423427935854829,1.498042304751755,2.6177167385794675,1.889220835189879,66.8273775788349
UP20_SCORE80_NIKKEION_TP3.5_SL1.5_H1,VALIDATION,2021-12-09,6479.T,WIN,9.760916337836612,1,5.879467782827034,False,1.7166302221311105,17.684123446761973,1.5455949020147797,0.0581516502734296,1.3050626036666813,2.81740466795332,1.5219103046901743,67.01127051287077
UP20_SCORE80_NIKKEION_TP3.5_SL1.5_H1,VALIDATION,2022-04-19,8253.T,WIN,11.4156639745011,1,4.084391418638965,False,3.524549730790638,22.750160167218976,-1.1771974446330935,0.2060237242815621,1.335099270600313,3.2901897070003163,3.089840470193115,80.50629602206463
UP20_SCORE80_NIKKEION_TP3.5_SL1.5_H1,VALIDATION,2022-04-20,7731.T,WIN,10.084008131313016,1,5.331679308595854,False,4.594120559332926,38.183888000115005,2.4221480431072973,0.0687166669170018,1.5101938005668956,2.9097166089465736,1.6191277214981885,74.05023296865045
UP20_SCORE80_NIKKEION_TP3.5_SL1.5_H1,VALIDATION,2022-04-21,7731.T,WIN,10.575517152743886,1,6.03026904185015,False,4.439808738902973,40.50573654498357,0.9459507170847424,0.038830077547828,1.4839668913029855,3.0501477579268244,1.595042815112801,75.15410740893785
UP20_SCORE80_NIKKEION_TP3.5_SL1.5_H1,VALIDATION,2022-04-22,2501.T,HOLD,4.880515259603169,1,2.543589903026497,False,0.742969780226832,11.2336812681293,-1.0651335403527362,0.0289662176694687,1.2305057571782538,1.7469692611179477,1.5558627044459803,63.39193154260781
UP25_SCORE80_NIKKEION_TP3.5_SL1.5_H1,VALIDATION,2021-07-13,3436.T,LOSS,-3.741431342741075,1,1.3432077099213882,False,0.7929812169835682,15.174930938548256,1.3810495988814342,0.0328965600167234,1.7176382710154452,2.5193617225631515,1.662253526604086,63.09826424578068
UP25_SCORE80_NIKKEION_TP3.5_SL1.5_H1,VALIDATION,2021-07-29,7741.T,LOSS,-3.281190463150163,1,5.782496202312959,False,0.8591742759043841,22.2346909742208,1.802104187543141,0.042048116900704,1.455040491482826,2.190476883825883,1.6487489221665836,65.62224181700223
UP25_SCORE80_NIKKEION_TP3.5_SL1.5_H1,VALIDATION,2021-09-29,7013.T,WIN,9.671760899539972,1,0.058218160470407,False,1.8423349653284185,19.048405462885917,4.907760472714662,0.1288075658130838,2.169021109992189,2.791931685582849,3.0466452069191163,68.7245293647962
UP25_SCORE80_NIKKEION_TP3.5_SL1.5_H1,VALIDATION,2021-10-12,8058.T,WIN,6.881680094698306,1,8.361130659338322,False,1.7079674220135788,21.63018033118633,2.321071477409853,0.0460454060091555,1.3036186572784754,1.994765741342371,1.6750123779088086,67.06625582419866
UP25_SCORE80_NIKKEION_TP3.5_SL1.5_H1,VALIDATION,2021-10-13,7211.T,HOLD,11.561111525232414,1,0.6160064173620726,False,2.5433057702566986,26.861461171495016,5.421683365608598,0.1723294917743951,1.4413764681640222,3.464078419300076,1.8547706177423653,70.62134009989532
UP25_SCORE80_NIKKEION_TP3.5_SL1.5_H1,VALIDATION,2021-10-14,2914.T,WIN,3.7556871703797845,1,1.5063409134936456,False,0.5413790110075478,17.96132458983762,0.4416940335568498,0.0111099567165005,1.3775767029388553,1.1016249058227956,1.8290283055063925,71.00749530796972
UP25_SCORE80_NIKKEION_TP3.5_SL1.5_H1,VALIDATION,2021-10-15,7211.T,WIN,12.412469291927753,1,1.9640296207926853,False,4.01150241832795,31.059828727112784,4.545444044633462,0.1741722830066381,1.122590968737058,3.574991226265071,1.5564779050160813,74.85397905840844
UP25_SCORE80_NIKKEION_TP3.5_SL1.5_H1,VALIDATION,2021-10-18,7012.T,WIN,9.730693580096228,1,5.230299413203637,False,1.7771497357482513,22.116967535176304,3.834596561500225,0.0805833598975738,1.5104184428605532,2.8087695943132056,1.7341255469308248,70.05222789409328
UP25_SCORE80_NIKKEION_TP3.5_SL1.5_H1,VALIDATION,2021-12-07,5631.T,WIN,11.399308295334698,1,10.645540890384392,False,1.0000003168978422,21.931804021919397,1.7857058313969,0.0589696635186913,1.3950281005413232,3.285516655809917,1.548248844840287,66.37373961507566
UP25_SCORE80_NIKKEION_TP3.5_SL1.5_H1,VALIDATION,2021-12-08,6645.T,HOLD,6.7542553756062444,1,3.0112919021045808,False,0.9457961027463436,15.821247055769671,3.499558916100698,0.0423427935854829,1.498042304751755,2.6177167385794675,1.889220835189879,66.8273775788349
UP25_SCORE80_NIKKEION_TP3.5_SL1.5_H1,VALIDATION,2021-12-09,6479.T,WIN,9.760916337836612,1,5.879467782827034,False,1.7166302221311105,17.684123446761973,1.5455949020147797,0.0581516502734296,1.3050626036666813,2.81740466795332,1.5219103046901743,67.01127051287077
UP25_SCORE80_NIKKEION_TP3.5_SL1.5_H1,VALIDATION,2022-04-19,8253.T,WIN,11.4156639745011,1,4.084391418638965,False,3.524549730790638,22.750160167218976,-1.1771974446330935,0.2060237242815621,1.335099270600313,3.2901897070003163,3.089840470193115,80.50629602206463
UP25_SCORE80_NIKKEION_TP3.5_SL1.5_H1,VALIDATION,2022-04-20,7731.T,WIN,10.084008131313016,1,5.331679308595854,False,4.594120559332926,38.183888000115005,2.4221480431072973,0.0687166669170018,1.5101938005668956,2.9097166089465736,1.6191277214981885,74.05023296865045
UP25_SCORE80_NIKKEION_TP3.5_SL1.5_H1,VALIDATION,2022-04-21,7731.T,WIN,10.575517152743886,1,6.03026904185015,False,4.439808738902973,40.50573654498357,0.9459507170847424,0.038830077547828,1.4839668913029855,3.0501477579268244,1.595042815112801,75.15410740893785
UP25_SCORE80_NIKKEION_TP3.5_SL1.5_H1,VALIDATION,2022-04-22,2501.T,HOLD,4.880515259603169,1,2.543589903026497,False,0.742969780226832,11.2336812681293,-1.0651335403527362,0.0289662176694687,1.2305057571782538,1.7469692611179477,1.5558627044459803,63.39193154260781
UP25_SCORE80_NIKKEION_TP3.5_SL1.0_H1,VALIDATION,2021-07-13,3436.T,LOSS,-2.5574496760729204,1,1.3432077099213882,False,0.7929812169835682,15.174930938548256,1.3810495988814342,0.0328965600167234,1.7176382710154452,2.5193617225631515,1.662253526604086,63.09826424578068
UP25_SCORE80_NIKKEION_TP3.5_SL1.0_H1,VALIDATION,2021-07-29,7741.T,LOSS,-2.2435234971220464,1,5.782496202312959,False,0.8591742759043841,22.2346909742208,1.802104187543141,0.042048116900704,1.455040491482826,2.190476883825883,1.6487489221665836,65.62224181700223
UP25_SCORE80_NIKKEION_TP3.5_SL1.0_H1,VALIDATION,2021-09-29,7013.T,WIN,9.671760899539972,1,0.058218160470407,False,1.8423349653284185,19.048405462885917,4.907760472714662,0.1288075658130838,2.169021109992189,2.791931685582849,3.0466452069191163,68.7245293647962
UP25_SCORE80_NIKKEION_TP3.5_SL1.0_H1,VALIDATION,2021-10-12,8058.T,WIN,6.881680094698306,1,8.361130659338322,False,1.7079674220135788,21.63018033118633,2.321071477409853,0.0460454060091555,1.3036186572784754,1.994765741342371,1.6750123779088086,67.06625582419866
UP25_SCORE80_NIKKEION_TP3.5_SL1.0_H1,VALIDATION,2021-10-13,7211.T,HOLD,11.561111525232414,1,0.6160064173620726,False,2.5433057702566986,26.861461171495016,5.421683365608598,0.1723294917743951,1.4413764681640222,3.464078419300076,1.8547706177423653,70.62134009989532
UP25_SCORE80_NIKKEION_TP3.5_SL1.0_H1,VALIDATION,2021-10-14,2914.T,WIN,3.7556871703797845,1,1.5063409134936456,False,0.5413790110075478,17.96132458983762,0.4416940335568498,0.0111099567165005,1.3775767029388553,1.1016249058227956,1.8290283055063925,71.00749530796972
UP25_SCORE80_NIKKEION_TP3.5_SL1.0_H1,VALIDATION,2021-10-15,7211.T,WIN,12.412469291927753,1,1.9640296207926853,False,4.01150241832795,31.059828727112784,4.545444044633462,0.1741722830066381,1.122590968737058,3.574991226265071,1.5564779050160813,74.85397905840844
UP25_SCORE80_NIKKEION_TP3.5_SL1.0_H1,VALIDATION,2021-10-18,7012.T,WIN,9.730693580096228,1,5.230299413203637,False,1.7771497357482513,22.116967535176304,3.834596561500225,0.0805833598975738,1.5104184428605532,2.8087695943132056,1.7341255469308248,70.05222789409328
UP25_SCORE80_NIKKEION_TP3.5_SL1.0_H1,VALIDATION,2021-12-07,5631.T,WIN,11.399308295334698,1,10.645540890384392,False,1.0000003168978422,21.931804021919397,1.7857058313969,0.0589696635186913,1.3950281005413232,3.285516655809917,1.548248844840287,66.37373961507566
UP25_SCORE80_NIKKEION_TP3.5_SL1.0_H1,VALIDATION,2021-12-08,6645.T,HOLD,6.7542553756062444,1,3.0112919021045808,False,0.9457961027463436,15.821247055769671,3.499558916100698,0.0423427935854829,1.498042304751755,2.6177167385794675,1.889220835189879,66.8273775788349
UP25_SCORE80_NIKKEION_TP3.5_SL1.0_H1,VALIDATION,2021-12-09,6479.T,WIN,9.760916337836612,1,5.879467782827034,False,1.7166302221311105,17.684123446761973,1.5455949020147797,0.0581516502734296,1.3050626036666813,2.81740466795332,1.5219103046901743,67.01127051287077
UP25_SCORE80_NIKKEION_TP3.5_SL1.0_H1,VALIDATION,2022-04-19,8253.T,WIN,11.4156639745011,1,4.084391418638965,False,3.524549730790638,22.750160167218976,-1.1771974446330935,0.2060237242815621,1.335099270600313,3.2901897070003163,3.089840470193115,80.50629602206463
UP25_SCORE80_NIKKEION_TP3.5_SL1.0_H1,VALIDATION,2022-04-20,7731.T,WIN,10.084008131313016,1,5.331679308595854,False,4.594120559332926,38.183888000115005,2.4221480431072973,0.0687166669170018,1.5101938005668956,2.9097166089465736,1.6191277214981885,74.05023296865045
UP25_SCORE80_NIKKEION_TP3.5_SL1.0_H1,VALIDATION,2022-04-21,7731.T,WIN,10.575517152743886,1,6.03026904185015,False,4.439808738902973,40.50573654498357,0.9459507170847424,0.038830077547828,1.4839668913029855,3.0501477579268244,1.595042815112801,75.15410740893785
UP25_SCORE80_NIKKEION_TP3.5_SL1.0_H1,VALIDATION,2022-04-22,2501.T,HOLD,4.880515259603169,1,2.543589903026497,False,0.742969780226832,11.2336812681293,-1.0651335403527362,0.0289662176694687,1.2305057571782538,1.7469692611179477,1.5558627044459803,63.39193154260781
UP25_SCORE80_NIKKEION_TP3.5_SL1.25_H1,VALIDATION,2021-07-13,3436.T,LOSS,-3.153055270875038,1,1.3432077099213882,False,0.7929812169835682,15.174930938548256,1.3810495988814342,0.0328965600167234,1.7176382710154452,2.5193617225631515,1.662253526604086,63.09826424578068
UP25_SCORE80_NIKKEION_TP3.5_SL1.25_H1,VALIDATION,2021-07-29,7741.T,LOSS,-2.765122489704075,1,5.782496202312959,False,0.8591742759043841,22.2346909742208,1.802104187543141,0.042048116900704,1.455040491482826,2.190476883825883,1.6487489221665836,65.62224181700223
UP25_SCORE80_NIKKEION_TP3.5_SL1.25_H1,VALIDATION,2021-09-29,7013.T,WIN,9.671760899539972,1,0.058218160470407,False,1.8423349653284185,19.048405462885917,4.907760472714662,0.1288075658130838,2.169021109992189,2.791931685582849,3.0466452069191163,68.7245293647962
UP25_SCORE80_NIKKEION_TP3.5_SL1.25_H1,VALIDATION,2021-10-12,8058.T,WIN,6.881680094698306,1,8.361130659338322,False,1.7079674220135788,21.63018033118633,2.321071477409853,0.0460454060091555,1.3036186572784754,1.994765741342371,1.6750123779088086,67.06625582419866
UP25_SCORE80_NIKKEION_TP3.5_SL1.25_H1,VALIDATION,2021-10-13,7211.T,HOLD,11.561111525232414,1,0.6160064173620726,False,2.5433057702566986,26.861461171495016,5.421683365608598,0.1723294917743951,1.4413764681640222,3.464078419300076,1.8547706177423653,70.62134009989532
UP25_SCORE80_NIKKEION_TP3.5_SL1.25_H1,VALIDATION,2021-10-14,2914.T,WIN,3.7556871703797845,1,1.5063409134936456,False,0.5413790110075478,17.96132458983762,0.4416940335568498,0.0111099567165005,1.3775767029388553,1.1016249058227956,1.8290283055063925,71.00749530796972
UP25_SCORE80_NIKKEION_TP3.5_SL1.25_H1,VALIDATION,2021-10-15,7211.T,WIN,12.412469291927753,1,1.9640296207926853,False,4.01150241832795,31.059828727112784,4.545444044633462,0.1741722830066381,1.122590968737058,3.574991226265071,1.5564779050160813,74.85397905840844
UP25_SCORE80_NIKKEION_TP3.5_SL1.25_H1,VALIDATION,2021-10-18,7012.T,WIN,9.730693580096228,1,5.230299413203637,False,1.7771497357482513,22.116967535176304,3.834596561500225,0.0805833598975738,1.5104184428605532,2.8087695943132056,1.7341255469308248,70.05222789409328
UP25_SCORE80_NIKKEION_TP3.5_SL1.25_H1,VALIDATION,2021-12-07,5631.T,WIN,11.399308295334698,1,10.645540890384392,False,1.0000003168978422,21.931804021919397,1.7857058313969,0.0589696635186913,1.3950281005413232,3.285516655809917,1.548248844840287,66.37373961507566
UP25_SCORE80_NIKKEION_TP3.5_SL1.25_H1,VALIDATION,2021-12-08,6645.T,HOLD,6.7542553756062444,1,3.0112919021045808,False,0.9457961027463436,15.821247055769671,3.499558916100698,0.0423427935854829,1.498042304751755,2.6177167385794675,1.889220835189879,66.8273775788349
UP25_SCORE80_NIKKEION_TP3.5_SL1.25_H1,VALIDATION,2021-12-09,6479.T,WIN,9.760916337836612,1,5.879467782827034,False,1.7166302221311105,17.684123446761973,1.5455949020147797,0.0581516502734296,1.3050626036666813,2.81740466795332,1.5219103046901743,67.01127051287077
UP25_SCORE80_NIKKEION_TP3.5_SL1.25_H1,VALIDATION,2022-04-19,8253.T,WIN,11.4156639745011,1,4.084391418638965,False,3.524549730790638,22.750160167218976,-1.1771974446330935,0.2060237242815621,1.335099270600313,3.2901897070003163,3.089840470193115,80.50629602206463
UP25_SCORE80_NIKKEION_TP3.5_SL1.25_H1,VALIDATION,2022-04-20,7731.T,WIN,10.084008131313016,1,5.331679308595854,False,4.594120559332926,38.183888000115005,2.4221480431072973,0.0687166669170018,1.5101938005668956,2.9097166089465736,1.6191277214981885,74.05023296865045
UP25_SCORE80_NIKKEION_TP3.5_SL1.25_H1,VALIDATION,2022-04-21,7731.T,WIN,10.575517152743886,1,6.03026904185015,False,4.439808738902973,40.50573654498357,0.9459507170847424,0.038830077547828,1.4839668913029855,3.0501477579268244,1.595042815112801,75.15410740893785
UP25_SCORE80_NIKKEION_TP3.5_SL1.25_H1,VALIDATION,2022-04-22,2501.T,HOLD,4.880515259603169,1,2.543589903026497,False,0.742969780226832,11.2336812681293,-1.0651335403527362,0.0289662176694687,1.2305057571782538,1.7469692611179477,1.5558627044459803,63.39193154260781
UP30_SCORE80_NIKKEION_TP3.5_SL1.5_H1,VALIDATION,2021-07-13,3436.T,LOSS,-3.741431342741075,1,1.3432077099213882,False,0.7929812169835682,15.174930938548256,1.3810495988814342,0.0328965600167234,1.7176382710154452,2.5193617225631515,1.662253526604086,63.09826424578068
UP30_SCORE80_NIKKEION_TP3.5_SL1.5_H1,VALIDATION,2021-07-29,7741.T,LOSS,-3.281190463150163,1,5.782496202312959,False,0.8591742759043841,22.2346909742208,1.802104187543141,0.042048116900704,1.455040491482826,2.190476883825883,1.6487489221665836,65.62224181700223
UP30_SCORE80_NIKKEION_TP3.5_SL1.5_H1,VALIDATION,2021-09-29,7013.T,WIN,9.671760899539972,1,0.058218160470407,False,1.8423349653284185,19.048405462885917,4.907760472714662,0.1288075658130838,2.169021109992189,2.791931685582849,3.0466452069191163,68.7245293647962
UP30_SCORE80_NIKKEION_TP3.5_SL1.5_H1,VALIDATION,2021-10-12,8058.T,WIN,6.881680094698306,1,8.361130659338322,False,1.7079674220135788,21.63018033118633,2.321071477409853,0.0460454060091555,1.3036186572784754,1.994765741342371,1.6750123779088086,67.06625582419866
UP30_SCORE80_NIKKEION_TP3.5_SL1.5_H1,VALIDATION,2021-10-13,7211.T,HOLD,11.561111525232414,1,0.6160064173620726,False,2.5433057702566986,26.861461171495016,5.421683365608598,0.1723294917743951,1.4413764681640222,3.464078419300076,1.8547706177423653,70.62134009989532
UP30_SCORE80_NIKKEION_TP3.5_SL1.5_H1,VALIDATION,2021-10-14,2914.T,WIN,3.7556871703797845,1,1.5063409134936456,False,0.5413790110075478,17.96132458983762,0.4416940335568498,0.0111099567165005,1.3775767029388553,1.1016249058227956,1.8290283055063925,71.00749530796972
UP30_SCORE80_NIKKEION_TP3.5_SL1.5_H1,VALIDATION,2021-10-15,7211.T,WIN,12.412469291927753,1,1.9640296207926853,False,4.01150241832795,31.059828727112784,4.545444044633462,0.1741722830066381,1.122590968737058,3.574991226265071,1.5564779050160813,74.85397905840844
UP30_SCORE80_NIKKEION_TP3.5_SL1.5_H1,VALIDATION,2021-10-18,7012.T,WIN,9.730693580096228,1,5.230299413203637,False,1.7771497357482513,22.116967535176304,3.834596561500225,0.0805833598975738,1.5104184428605532,2.8087695943132056,1.7341255469308248,70.05222789409328
UP30_SCORE80_NIKKEION_TP3.5_SL1.5_H1,VALIDATION,2021-12-07,5631.T,WIN,11.399308295334698,1,10.645540890384392,False,1.0000003168978422,21.931804021919397,1.7857058313969,0.0589696635186913,1.3950281005413232,3.285516655809917,1.548248844840287,66.37373961507566
UP30_SCORE80_NIKKEION_TP3.5_SL1.5_H1,VALIDATION,2021-12-08,6645.T,HOLD,6.7542553756062444,1,3.0112919021045808,False,0.9457961027463436,15.821247055769671,3.499558916100698,0.0423427935854829,1.498042304751755,2.6177167385794675,1.889220835189879,66.8273775788349
UP30_SCORE80_NIKKEION_TP3.5_SL1.5_H1,VALIDATION,2021-12-09,6479.T,WIN,9.760916337836612,1,5.879467782827034,False,1.7166302221311105,17.684123446761973,1.5455949020147797,0.0581516502734296,1.3050626036666813,2.81740466795332,1.5219103046901743,67.01127051287077
UP30_SCORE80_NIKKEION_TP3.5_SL1.5_H1,VALIDATION,2022-04-19,8253.T,WIN,11.4156639745011,1,4.084391418638965,False,3.524549730790638,22.750160167218976,-1.1771974446330935,0.2060237242815621,1.335099270600313,3.2901897070003163,3.089840470193115,80.50629602206463
UP30_SCORE80_NIKKEION_TP3.5_SL1.5_H1,VALIDATION,2022-04-20,7731.T,WIN,10.084008131313016,1,5.331679308595854,False,4.594120559332926,38.183888000115005,2.4221480431072973,0.0687166669170018,1.5101938005668956,2.9097166089465736,1.6191277214981885,74.05023296865045
UP30_SCORE80_NIKKEION_TP3.5_SL1.5_H1,VALIDATION,2022-04-21,7731.T,WIN,10.575517152743886,1,6.03026904185015,False,4.439808738902973,40.50573654498357,0.9459507170847424,0.038830077547828,1.4839668913029855,3.0501477579268244,1.595042815112801,75.15410740893785
UP30_SCORE80_NIKKEION_TP3.5_SL1.5_H1,VALIDATION,2022-04-22,2501.T,HOLD,4.880515259603169,1,2.543589903026497,False,0.742969780226832,11.2336812681293,-1.0651335403527362,0.0289662176694687,1.2305057571782538,1.7469692611179477,1.5558627044459803,63.39193154260781
UP30_SCORE80_NIKKEION_TP3.5_SL1.0_H1,VALIDATION,2021-07-13,3436.T,LOSS,-2.5574496760729204,1,1.3432077099213882,False,0.7929812169835682,15.174930938548256,1.3810495988814342,0.0328965600167234,1.7176382710154452,2.5193617225631515,1.662253526604086,63.09826424578068
UP30_SCORE80_NIKKEION_TP3.5_SL1.0_H1,VALIDATION,2021-07-29,7741.T,LOSS,-2.2435234971220464,1,5.782496202312959,False,0.8591742759043841,22.2346909742208,1.802104187543141,0.042048116900704,1.455040491482826,2.190476883825883,1.6487489221665836,65.62224181700223
UP30_SCORE80_NIKKEION_TP3.5_SL1.0_H1,VALIDATION,2021-09-29,7013.T,WIN,9.671760899539972,1,0.058218160470407,False,1.8423349653284185,19.048405462885917,4.907760472714662,0.1288075658130838,2.169021109992189,2.791931685582849,3.0466452069191163,68.7245293647962
UP30_SCORE80_NIKKEION_TP3.5_SL1.0_H1,VALIDATION,2021-10-12,8058.T,WIN,6.881680094698306,1,8.361130659338322,False,1.7079674220135788,21.63018033118633,2.321071477409853,0.0460454060091555,1.3036186572784754,1.994765741342371,1.6750123779088086,67.06625582419866
UP30_SCORE80_NIKKEION_TP3.5_SL1.0_H1,VALIDATION,2021-10-13,7211.T,HOLD,11.561111525232414,1,0.6160064173620726,False,2.5433057702566986,26.861461171495016,5.421683365608598,0.1723294917743951,1.4413764681640222,3.464078419300076,1.8547706177423653,70.62134009989532
UP30_SCORE80_NIKKEION_TP3.5_SL1.0_H1,VALIDATION,2021-10-14,2914.T,WIN,3.7556871703797845,1,1.5063409134936456,False,0.5413790110075478,17.96132458983762,0.4416940335568498,0.0111099567165005,1.3775767029388553,1.1016249058227956,1.8290283055063925,71.00749530796972
UP30_SCORE80_NIKKEION_TP3.5_SL1.0_H1,VALIDATION,2021-10-15,7211.T,WIN,12.412469291927753,1,1.9640296207926853,False,4.01150241832795,31.059828727112784,4.545444044633462,0.1741722830066381,1.122590968737058,3.574991226265071,1.5564779050160813,74.85397905840844
UP30_SCORE80_NIKKEION_TP3.5_SL1.0_H1,VALIDATION,2021-10-18,7012.T,WIN,9.730693580096228,1,5.230299413203637,False,1.7771497357482513,22.116967535176304,3.834596561500225,0.0805833598975738,1.5104184428605532,2.8087695943132056,1.7341255469308248,70.05222789409328
UP30_SCORE80_NIKKEION_TP3.5_SL1.0_H1,VALIDATION,2021-12-07,5631.T,WIN,11.399308295334698,1,10.645540890384392,False,1.0000003168978422,21.931804021919397,1.7857058313969,0.0589696635186913,1.3950281005413232,3.285516655809917,1.548248844840287,66.37373961507566
UP30_SCORE80_NIKKEION_TP3.5_SL1.0_H1,VALIDATION,2021-12-08,6645.T,HOLD,6.7542553756062444,1,3.0112919021045808,False,0.9457961027463436,15.821247055769671,3.499558916100698,0.0423427935854829,1.498042304751755,2.6177167385794675,1.889220835189879,66.8273775788349
UP30_SCORE80_NIKKEION_TP3.5_SL1.0_H1,VALIDATION,2021-12-09,6479.T,WIN,9.760916337836612,1,5.879467782827034,False,1.7166302221311105,17.684123446761973,1.5455949020147797,0.0581516502734296,1.3050626036666813,2.81740466795332,1.5219103046901743,67.01127051287077
UP30_SCORE80_NIKKEION_TP3.5_SL1.0_H1,VALIDATION,2022-04-19,8253.T,WIN,11.4156639745011,1,4.084391418638965,False,3.524549730790638,22.750160167218976,-1.1771974446330935,0.2060237242815621,1.335099270600313,3.2901897070003163,3.089840470193115,80.50629602206463
UP30_SCORE80_NIKKEION_TP3.5_SL1.0_H1,VALIDATION,2022-04-20,7731.T,WIN,10.084008131313016,1,5.331679308595854,False,4.594120559332926,38.183888000115005,2.4221480431072973,0.0687166669170018,1.5101938005668956,2.9097166089465736,1.6191277214981885,74.05023296865045
UP30_SCORE80_NIKKEION_TP3.5_SL1.0_H1,VALIDATION,2022-04-21,7731.T,WIN,10.575517152743886,1,6.03026904185015,False,4.439808738902973,40.50573654498357,0.9459507170847424,0.038830077547828,1.4839668913029855,3.0501477579268244,1.595042815112801,75.15410740893785
UP30_SCORE80_NIKKEION_TP3.5_SL1.0_H1,VALIDATION,2022-04-22,2501.T,HOLD,4.880515259603169,1,2.543589903026497,False,0.742969780226832,11.2336812681293,-1.0651335403527362,0.0289662176694687,1.2305057571782538,1.7469692611179477,1.5558627044459803,63.39193154260781
UP30_SCORE80_NIKKEION_TP3.5_SL1.25_H1,VALIDATION,2021-07-13,3436.T,LOSS,-3.153055270875038,1,1.3432077099213882,False,0.7929812169835682,15.174930938548256,1.3810495988814342,0.0328965600167234,1.7176382710154452,2.5193617225631515,1.662253526604086,63.09826424578068
UP30_SCORE80_NIKKEION_TP3.5_SL1.25_H1,VALIDATION,2021-07-29,7741.T,LOSS,-2.765122489704075,1,5.782496202312959,False,0.8591742759043841,22.2346909742208,1.802104187543141,0.042048116900704,1.455040491482826,2.190476883825883,1.6487489221665836,65.62224181700223
UP30_SCORE80_NIKKEION_TP3.5_SL1.25_H1,VALIDATION,2021-09-29,7013.T,WIN,9.671760899539972,1,0.058218160470407,False,1.8423349653284185,19.048405462885917,4.907760472714662,0.1288075658130838,2.169021109992189,2.791931685582849,3.0466452069191163,68.7245293647962
UP30_SCORE80_NIKKEION_TP3.5_SL1.25_H1,VALIDATION,2021-10-12,8058.T,WIN,6.881680094698306,1,8.361130659338322,False,1.7079674220135788,21.63018033118633,2.321071477409853,0.0460454060091555,1.3036186572784754,1.994765741342371,1.6750123779088086,67.06625582419866
UP30_SCORE80_NIKKEION_TP3.5_SL1.25_H1,VALIDATION,2021-10-13,7211.T,HOLD,11.561111525232414,1,0.6160064173620726,False,2.5433057702566986,26.861461171495016,5.421683365608598,0.1723294917743951,1.4413764681640222,3.464078419300076,1.8547706177423653,70.62134009989532
UP30_SCORE80_NIKKEION_TP3.5_SL1.25_H1,VALIDATION,2021-10-14,2914.T,WIN,3.7556871703797845,1,1.5063409134936456,False,0.5413790110075478,17.96132458983762,0.4416940335568498,0.0111099567165005,1.3775767029388553,1.1016249058227956,1.8290283055063925,71.00749530796972
UP30_SCORE80_NIKKEION_TP3.5_SL1.25_H1,VALIDATION,2021-10-15,7211.T,WIN,12.412469291927753,1,1.9640296207926853,False,4.01150241832795,31.059828727112784,4.545444044633462,0.1741722830066381,1.122590968737058,3.574991226265071,1.5564779050160813,74.85397905840844
UP30_SCORE80_NIKKEION_TP3.5_SL1.25_H1,VALIDATION,2021-10-18,7012.T,WIN,9.730693580096228,1,5.230299413203637,False,1.7771497357482513,22.116967535176304,3.834596561500225,0.0805833598975738,1.5104184428605532,2.8087695943132056,1.7341255469308248,70.05222789409328
UP30_SCORE80_NIKKEION_TP3.5_SL1.25_H1,VALIDATION,2021-12-07,5631.T,WIN,11.399308295334698,1,10.645540890384392,False,1.0000003168978422,21.931804021919397,1.7857058313969,0.0589696635186913,1.3950281005413232,3.285516655809917,1.548248844840287,66.37373961507566
UP30_SCORE80_NIKKEION_TP3.5_SL1.25_H1,VALIDATION,2021-12-08,6645.T,HOLD,6.7542553756062444,1,3.0112919021045808,False,0.9457961027463436,15.821247055769671,3.499558916100698,0.0423427935854829,1.498042304751755,2.6177167385794675,1.889220835189879,66.8273775788349
UP30_SCORE80_NIKKEION_TP3.5_SL1.25_H1,VALIDATION,2021-12-09,6479.T,WIN,9.760916337836612,1,5.879467782827034,False,1.7166302221311105,17.684123446761973,1.5455949020147797,0.0581516502734296,1.3050626036666813,2.81740466795332,1.5219103046901743,67.01127051287077
UP30_SCORE80_NIKKEION_TP3.5_SL1.25_H1,VALIDATION,2022-04-19,8253.T,WIN,11.4156639745011,1,4.084391418638965,False,3.524549730790638,22.750160167218976,-1.1771974446330935,0.2060237242815621,1.335099270600313,3.2901897070003163,3.089840470193115,80.50629602206463
UP30_SCORE80_NIKKEION_TP3.5_SL1.25_H1,VALIDATION,2022-04-20,7731.T,WIN,10.084008131313016,1,5.331679308595854,False,4.594120559332926,38.183888000115005,2.4221480431072973,0.0687166669170018,1.5101938005668956,2.9097166089465736,1.6191277214981885,74.05023296865045
UP30_SCORE80_NIKKEION_TP3.5_SL1.25_H1,VALIDATION,2022-04-21,7731.T,WIN,10.575517152743886,1,6.03026904185015,False,4.439808738902973,40.50573654498357,0.9459507170847424,0.038830077547828,1.4839668913029855,3.0501477579268244,1.595042815112801,75.15410740893785
UP30_SCORE80_NIKKEION_TP3.5_SL1.25_H1,VALIDATION,2022-04-22,2501.T,HOLD,4.880515259603169,1,2.543589903026497,False,0.742969780226832,11.2336812681293,-1.0651335403527362,0.0289662176694687,1.2305057571782538,1.7469692611179477,1.5558627044459803,63.39193154260781
UP20_SCORE80_NIKKEION_TP3.5_SL2.0_H1,VALIDATION,2021-07-13,3436.T,LOSS,-4.89701511962739,1,1.3432077099213882,False,0.7929812169835682,15.174930938548256,1.3810495988814342,0.0328965600167234,1.7176382710154452,2.5193617225631515,1.662253526604086,63.09826424578068
UP20_SCORE80_NIKKEION_TP3.5_SL2.0_H1,VALIDATION,2021-07-29,7741.T,LOSS,-4.297081564711135,1,5.782496202312959,False,0.8591742759043841,22.2346909742208,1.802104187543141,0.042048116900704,1.455040491482826,2.190476883825883,1.6487489221665836,65.62224181700223
UP20_SCORE80_NIKKEION_TP3.5_SL2.0_H1,VALIDATION,2021-09-29,7013.T,WIN,9.671760899539972,1,0.058218160470407,False,1.8423349653284185,19.048405462885917,4.907760472714662,0.1288075658130838,2.169021109992189,2.791931685582849,3.0466452069191163,68.7245293647962
UP20_SCORE80_NIKKEION_TP3.5_SL2.0_H1,VALIDATION,2021-10-12,8058.T,WIN,6.881680094698306,1,8.361130659338322,False,1.7079674220135788,21.63018033118633,2.321071477409853,0.0460454060091555,1.3036186572784754,1.994765741342371,1.6750123779088086,67.06625582419866
UP20_SCORE80_NIKKEION_TP3.5_SL2.0_H1,VALIDATION,2021-10-13,7211.T,HOLD,11.561111525232414,1,0.6160064173620726,False,2.5433057702566986,26.861461171495016,5.421683365608598,0.1723294917743951,1.4413764681640222,3.464078419300076,1.8547706177423653,70.62134009989532
UP20_SCORE80_NIKKEION_TP3.5_SL2.0_H1,VALIDATION,2021-10-14,2914.T,WIN,3.7556871703797845,1,1.5063409134936456,False,0.5413790110075478,17.96132458983762,0.4416940335568498,0.0111099567165005,1.3775767029388553,1.1016249058227956,1.8290283055063925,71.00749530796972
UP20_SCORE80_NIKKEION_TP3.5_SL2.0_H1,VALIDATION,2021-10-15,7270.T,WIN,7.357629564470003,1,0.1162640404005314,False,1.7300712632294823,18.494225559386926,3.0927878611623383,0.0662345496182763,1.3258738580702545,2.130751304134286,1.5398189777461349,73.82071656741493
UP20_SCORE80_NIKKEION_TP3.5_SL2.0_H1,VALIDATION,2021-10-18,7012.T,WIN,9.730693580096228,1,5.230299413203637,False,1.7771497357482513,22.116967535176304,3.834596561500225,0.0805833598975738,1.5104184428605532,2.8087695943132056,1.7341255469308248,70.05222789409328
UP20_SCORE80_NIKKEION_TP3.5_SL2.0_H1,VALIDATION,2021-12-07,5631.T,WIN,11.399308295334698,1,10.645540890384392,False,1.0000003168978422,21.931804021919397,1.7857058313969,0.0589696635186913,1.3950281005413232,3.285516655809917,1.548248844840287,66.37373961507566
UP20_SCORE80_NIKKEION_TP3.5_SL2.0_H1,VALIDATION,2021-12-08,6645.T,HOLD,6.7542553756062444,1,3.0112919021045808,False,0.9457961027463436,15.821247055769671,3.499558916100698,0.0423427935854829,1.498042304751755,2.6177167385794675,1.889220835189879,66.8273775788349
UP20_SCORE80_NIKKEION_TP3.5_SL2.0_H1,VALIDATION,2021-12-09,6479.T,WIN,9.760916337836612,1,5.879467782827034,False,1.7166302221311105,17.684123446761973,1.5455949020147797,0.0581516502734296,1.3050626036666813,2.81740466795332,1.5219103046901743,67.01127051287077
UP20_SCORE80_NIKKEION_TP3.5_SL2.0_H1,VALIDATION,2022-04-19,8253.T,WIN,11.4156639745011,1,4.084391418638965,False,3.524549730790638,22.750160167218976,-1.1771974446330935,0.2060237242815621,1.335099270600313,3.2901897070003163,3.089840470193115,80.50629602206463
UP20_SCORE80_NIKKEION_TP3.5_SL2.0_H1,VALIDATION,2022-04-20,7731.T,WIN,10.084008131313016,1,5.331679308595854,False,4.594120559332926,38.183888000115005,2.4221480431072973,0.0687166669170018,1.5101938005668956,2.9097166089465736,1.6191277214981885,74.05023296865045
UP20_SCORE80_NIKKEION_TP3.5_SL2.0_H1,VALIDATION,2022-04-21,7731.T,WIN,10.575517152743886,1,6.03026904185015,False,4.439808738902973,40.50573654498357,0.9459507170847424,0.038830077547828,1.4839668913029855,3.0501477579268244,1.595042815112801,75.15410740893785
UP20_SCORE80_NIKKEION_TP3.5_SL2.0_H1,VALIDATION,2022-04-22,2501.T,HOLD,4.880515259603169,1,2.543589903026497,False,0.742969780226832,11.2336812681293,-1.0651335403527362,0.0289662176694687,1.2305057571782538,1.7469692611179477,1.5558627044459803,63.39193154260781
UP25_SCORE80_NIKKEION_TP3.5_SL2.0_H1,VALIDATION,2021-07-13,3436.T,LOSS,-4.89701511962739,1,1.3432077099213882,False,0.7929812169835682,15.174930938548256,1.3810495988814342,0.0328965600167234,1.7176382710154452,2.5193617225631515,1.662253526604086,63.09826424578068
UP25_SCORE80_NIKKEION_TP3.5_SL2.0_H1,VALIDATION,2021-07-29,7741.T,LOSS,-4.297081564711135,1,5.782496202312959,False,0.8591742759043841,22.2346909742208,1.802104187543141,0.042048116900704,1.455040491482826,2.190476883825883,1.6487489221665836,65.62224181700223
UP25_SCORE80_NIKKEION_TP3.5_SL2.0_H1,VALIDATION,2021-09-29,7013.T,WIN,9.671760899539972,1,0.058218160470407,False,1.8423349653284185,19.048405462885917,4.907760472714662,0.1288075658130838,2.169021109992189,2.791931685582849,3.0466452069191163,68.7245293647962
UP25_SCORE80_NIKKEION_TP3.5_SL2.0_H1,VALIDATION,2021-10-12,8058.T,WIN,6.881680094698306,1,8.361130659338322,False,1.7079674220135788,21.63018033118633,2.321071477409853,0.0460454060091555,1.3036186572784754,1.994765741342371,1.6750123779088086,67.06625582419866
UP25_SCORE80_NIKKEION_TP3.5_SL2.0_H1,VALIDATION,2021-10-13,7211.T,HOLD,11.561111525232414,1,0.6160064173620726,False,2.5433057702566986,26.861461171495016,5.421683365608598,0.1723294917743951,1.4413764681640222,3.464078419300076,1.8547706177423653,70.62134009989532
UP25_SCORE80_NIKKEION_TP3.5_SL2.0_H1,VALIDATION,2021-10-14,2914.T,WIN,3.7556871703797845,1,1.5063409134936456,False,0.5413790110075478,17.96132458983762,0.4416940335568498,0.0111099567165005,1.3775767029388553,1.1016249058227956,1.8290283055063925,71.00749530796972
UP25_SCORE80_NIKKEION_TP3.5_SL2.0_H1,VALIDATION,2021-10-15,7270.T,WIN,7.357629564470003,1,0.1162640404005314,False,1.7300712632294823,18.494225559386926,3.0927878611623383,0.0662345496182763,1.3258738580702545,2.130751304134286,1.5398189777461349,73.82071656741493
UP25_SCORE80_NIKKEION_TP3.5_SL2.0_H1,VALIDATION,2021-10-18,7012.T,WIN,9.730693580096228,1,5.230299413203637,False,1.7771497357482513,22.116967535176304,3.834596561500225,0.0805833598975738,1.5104184428605532,2.8087695943132056,1.7341255469308248,70.05222789409328
UP25_SCORE80_NIKKEION_TP3.5_SL2.0_H1,VALIDATION,2021-12-07,5631.T,WIN,11.399308295334698,1,10.645540890384392,False,1.0000003168978422,21.931804021919397,1.7857058313969,0.0589696635186913,1.3950281005413232,3.285516655809917,1.548248844840287,66.37373961507566
UP25_SCORE80_NIKKEION_TP3.5_SL2.0_H1,VALIDATION,2021-12-08,6645.T,HOLD,6.7542553756062444,1,3.0112919021045808,False,0.9457961027463436,15.821247055769671,3.499558916100698,0.0423427935854829,1.498042304751755,2.6177167385794675,1.889220835189879,66.8273775788349
UP25_SCORE80_NIKKEION_TP3.5_SL2.0_H1,VALIDATION,2021-12-09,6479.T,WIN,9.760916337836612,1,5.879467782827034,False,1.7166302221311105,17.684123446761973,1.5455949020147797,0.0581516502734296,1.3050626036666813,2.81740466795332,1.5219103046901743,67.01127051287077
UP25_SCORE80_NIKKEION_TP3.5_SL2.0_H1,VALIDATION,2022-04-19,8253.T,WIN,11.4156639745011,1,4.084391418638965,False,3.524549730790638,22.750160167218976,-1.1771974446330935,0.2060237242815621,1.335099270600313,3.2901897070003163,3.089840470193115,80.50629602206463
UP25_SCORE80_NIKKEION_TP3.5_SL2.0_H1,VALIDATION,2022-04-20,7731.T,WIN,10.084008131313016,1,5.331679308595854,False,4.594120559332926,38.183888000115005,2.4221480431072973,0.0687166669170018,1.5101938005668956,2.9097166089465736,1.6191277214981885,74.05023296865045
UP25_SCORE80_NIKKEION_TP3.5_SL2.0_H1,VALIDATION,2022-04-21,7731.T,WIN,10.575517152743886,1,6.03026904185015,False,4.439808738902973,40.50573654498357,0.9459507170847424,0.038830077547828,1.4839668913029855,3.0501477579268244,1.595042815112801,75.15410740893785
UP25_SCORE80_NIKKEION_TP3.5_SL2.0_H1,VALIDATION,2022-04-22,2501.T,HOLD,4.880515259603169,1,2.543589903026497,False,0.742969780226832,11.2336812681293,-1.0651335403527362,0.0289662176694687,1.2305057571782538,1.7469692611179477,1.5558627044459803,63.39193154260781
UP20_SCORE80_NIKKEION_TP3.5_SL1.75_H1,VALIDATION,2021-07-13,3436.T,LOSS,-4.322708726683565,1,1.3432077099213882,False,0.7929812169835682,15.174930938548256,1.3810495988814342,0.0328965600167234,1.7176382710154452,2.5193617225631515,1.662253526604086,63.09826424578068
UP20_SCORE80_NIKKEION_TP3.5_SL1.75_H1,VALIDATION,2021-07-29,7741.T,LOSS,-3.7918149295989356,1,5.782496202312959,False,0.8591742759043841,22.2346909742208,1.802104187543141,0.042048116900704,1.455040491482826,2.190476883825883,1.6487489221665836,65.62224181700223
UP20_SCORE80_NIKKEION_TP3.5_SL1.75_H1,VALIDATION,2021-09-29,7013.T,WIN,9.671760899539972,1,0.058218160470407,False,1.8423349653284185,19.048405462885917,4.907760472714662,0.1288075658130838,2.169021109992189,2.791931685582849,3.0466452069191163,68.7245293647962
UP20_SCORE80_NIKKEION_TP3.5_SL1.75_H1,VALIDATION,2021-10-12,8058.T,WIN,6.881680094698306,1,8.361130659338322,False,1.7079674220135788,21.63018033118633,2.321071477409853,0.0460454060091555,1.3036186572784754,1.994765741342371,1.6750123779088086,67.06625582419866
UP20_SCORE80_NIKKEION_TP3.5_SL1.75_H1,VALIDATION,2021-10-13,7211.T,HOLD,11.561111525232414,1,0.6160064173620726,False,2.5433057702566986,26.861461171495016,5.421683365608598,0.1723294917743951,1.4413764681640222,3.464078419300076,1.8547706177423653,70.62134009989532
UP20_SCORE80_NIKKEION_TP3.5_SL1.75_H1,VALIDATION,2021-10-14,2914.T,WIN,3.7556871703797845,1,1.5063409134936456,False,0.5413790110075478,17.96132458983762,0.4416940335568498,0.0111099567165005,1.3775767029388553,1.1016249058227956,1.8290283055063925,71.00749530796972
UP20_SCORE80_NIKKEION_TP3.5_SL1.75_H1,VALIDATION,2021-10-15,7211.T,WIN,12.412469291927753,1,1.9640296207926853,False,4.01150241832795,31.059828727112784,4.545444044633462,0.1741722830066381,1.122590968737058,3.574991226265071,1.5564779050160813,74.85397905840844
UP20_SCORE80_NIKKEION_TP3.5_SL1.75_H1,VALIDATION,2021-10-18,7012.T,WIN,9.730693580096228,1,5.230299413203637,False,1.7771497357482513,22.116967535176304,3.834596561500225,0.0805833598975738,1.5104184428605532,2.8087695943132056,1.7341255469308248,70.05222789409328
UP20_SCORE80_NIKKEION_TP3.5_SL1.75_H1,VALIDATION,2021-12-07,5631.T,WIN,11.399308295334698,1,10.645540890384392,False,1.0000003168978422,21.931804021919397,1.7857058313969,0.0589696635186913,1.3950281005413232,3.285516655809917,1.548248844840287,66.37373961507566
UP20_SCORE80_NIKKEION_TP3.5_SL1.75_H1,VALIDATION,2021-12-08,6645.T,HOLD,6.7542553756062444,1,3.0112919021045808,False,0.9457961027463436,15.821247055769671,3.499558916100698,0.0423427935854829,1.498042304751755,2.6177167385794675,1.889220835189879,66.8273775788349
UP20_SCORE80_NIKKEION_TP3.5_SL1.75_H1,VALIDATION,2021-12-09,6479.T,WIN,9.760916337836612,1,5.879467782827034,False,1.7166302221311105,17.684123446761973,1.5455949020147797,0.0581516502734296,1.3050626036666813,2.81740466795332,1.5219103046901743,67.01127051287077
UP20_SCORE80_NIKKEION_TP3.5_SL1.75_H1,VALIDATION,2022-04-19,8253.T,WIN,11.4156639745011,1,4.084391418638965,False,3.524549730790638,22.750160167218976,-1.1771974446330935,0.2060237242815621,1.335099270600313,3.2901897070003163,3.089840470193115,80.50629602206463
UP20_SCORE80_NIKKEION_TP3.5_SL1.75_H1,VALIDATION,2022-04-20,7731.T,WIN,10.084008131313016,1,5.331679308595854,False,4.594120559332926,38.183888000115005,2.4221480431072973,0.0687166669170018,1.5101938005668956,2.9097166089465736,1.6191277214981885,74.05023296865045
UP20_SCORE80_NIKKEION_TP3.5_SL1.75_H1,VALIDATION,2022-04-21,7731.T,WIN,10.575517152743886,1,6.03026904185015,False,4.439808738902973,40.50573654498357,0.9459507170847424,0.038830077547828,1.4839668913029855,3.0501477579268244,1.595042815112801,75.15410740893785
UP20_SCORE80_NIKKEION_TP3.5_SL1.75_H1,VALIDATION,2022-04-22,2501.T,HOLD,4.880515259603169,1,2.543589903026497,False,0.742969780226832,11.2336812681293,-1.0651335403527362,0.0289662176694687,1.2305057571782538,1.7469692611179477,1.5558627044459803,63.39193154260781
UP30_SCORE80_NIKKEION_TP3.5_SL2.0_H1,VALIDATION,2021-07-13,3436.T,LOSS,-4.89701511962739,1,1.3432077099213882,False,0.7929812169835682,15.174930938548256,1.3810495988814342,0.0328965600167234,1.7176382710154452,2.5193617225631515,1.662253526604086,63.09826424578068
UP30_SCORE80_NIKKEION_TP3.5_SL2.0_H1,VALIDATION,2021-07-29,7741.T,LOSS,-4.297081564711135,1,5.782496202312959,False,0.8591742759043841,22.2346909742208,1.802104187543141,0.042048116900704,1.455040491482826,2.190476883825883,1.6487489221665836,65.62224181700223
UP30_SCORE80_NIKKEION_TP3.5_SL2.0_H1,VALIDATION,2021-09-29,7013.T,WIN,9.671760899539972,1,0.058218160470407,False,1.8423349653284185,19.048405462885917,4.907760472714662,0.1288075658130838,2.169021109992189,2.791931685582849,3.0466452069191163,68.7245293647962
UP30_SCORE80_NIKKEION_TP3.5_SL2.0_H1,VALIDATION,2021-10-12,8058.T,WIN,6.881680094698306,1,8.361130659338322,False,1.7079674220135788,21.63018033118633,2.321071477409853,0.0460454060091555,1.3036186572784754,1.994765741342371,1.6750123779088086,67.06625582419866
UP30_SCORE80_NIKKEION_TP3.5_SL2.0_H1,VALIDATION,2021-10-13,7211.T,HOLD,11.561111525232414,1,0.6160064173620726,False,2.5433057702566986,26.861461171495016,5.421683365608598,0.1723294917743951,1.4413764681640222,3.464078419300076,1.8547706177423653,70.62134009989532
UP30_SCORE80_NIKKEION_TP3.5_SL2.0_H1,VALIDATION,2021-10-14,2914.T,WIN,3.7556871703797845,1,1.5063409134936456,False,0.5413790110075478,17.96132458983762,0.4416940335568498,0.0111099567165005,1.3775767029388553,1.1016249058227956,1.8290283055063925,71.00749530796972
UP30_SCORE80_NIKKEION_TP3.5_SL2.0_H1,VALIDATION,2021-10-15,7270.T,WIN,7.357629564470003,1,0.1162640404005314,False,1.7300712632294823,18.494225559386926,3.0927878611623383,0.0662345496182763,1.3258738580702545,2.130751304134286,1.5398189777461349,73.82071656741493
UP30_SCORE80_NIKKEION_TP3.5_SL2.0_H1,VALIDATION,2021-10-18,7012.T,WIN,9.730693580096228,1,5.230299413203637,False,1.7771497357482513,22.116967535176304,3.834596561500225,0.0805833598975738,1.5104184428605532,2.8087695943132056,1.7341255469308248,70.05222789409328
UP30_SCORE80_NIKKEION_TP3.5_SL2.0_H1,VALIDATION,2021-12-07,5631.T,WIN,11.399308295334698,1,10.645540890384392,False,1.0000003168978422,21.931804021919397,1.7857058313969,0.0589696635186913,1.3950281005413232,3.285516655809917,1.548248844840287,66.37373961507566
UP30_SCORE80_NIKKEION_TP3.5_SL2.0_H1,VALIDATION,2021-12-08,6645.T,HOLD,6.7542553756062444,1,3.0112919021045808,False,0.9457961027463436,15.821247055769671,3.499558916100698,0.0423427935854829,1.498042304751755,2.6177167385794675,1.889220835189879,66.8273775788349
UP30_SCORE80_NIKKEION_TP3.5_SL2.0_H1,VALIDATION,2021-12-09,6479.T,WIN,9.760916337836612,1,5.879467782827034,False,1.7166302221311105,17.684123446761973,1.5455949020147797,0.0581516502734296,1.3050626036666813,2.81740466795332,1.5219103046901743,67.01127051287077
UP30_SCORE80_NIKKEION_TP3.5_SL2.0_H1,VALIDATION,2022-04-19,8253.T,WIN,11.4156639745011,1,4.084391418638965,False,3.524549730790638,22.750160167218976,-1.1771974446330935,0.2060237242815621,1.335099270600313,3.2901897070003163,3.089840470193115,80.50629602206463
UP30_SCORE80_NIKKEION_TP3.5_SL2.0_H1,VALIDATION,2022-04-20,7731.T,WIN,10.084008131313016,1,5.331679308595854,False,4.594120559332926,38.183888000115005,2.4221480431072973,0.0687166669170018,1.5101938005668956,2.9097166089465736,1.6191277214981885,74.05023296865045
UP30_SCORE80_NIKKEION_TP3.5_SL2.0_H1,VALIDATION,2022-04-21,7731.T,WIN,10.575517152743886,1,6.03026904185015,False,4.439808738902973,40.50573654498357,0.9459507170847424,0.038830077547828,1.4839668913029855,3.0501477579268244,1.595042815112801,75.15410740893785
UP30_SCORE80_NIKKEION_TP3.5_SL2.0_H1,VALIDATION,2022-04-22,2501.T,HOLD,4.880515259603169,1,2.543589903026497,False,0.742969780226832,11.2336812681293,-1.0651335403527362,0.0289662176694687,1.2305057571782538,1.7469692611179477,1.5558627044459803,63.39193154260781
UP30_SCORE80_NIKKEION_TP3.5_SL1.75_H1,VALIDATION,2021-07-13,3436.T,LOSS,-4.322708726683565,1,1.3432077099213882,False,0.7929812169835682,15.174930938548256,1.3810495988814342,0.0328965600167234,1.7176382710154452,2.5193617225631515,1.662253526604086,63.09826424578068
UP30_SCORE80_NIKKEION_TP3.5_SL1.75_H1,VALIDATION,2021-07-29,7741.T,LOSS,-3.7918149295989356,1,5.782496202312959,False,0.8591742759043841,22.2346909742208,1.802104187543141,0.042048116900704,1.455040491482826,2.190476883825883,1.6487489221665836,65.62224181700223
UP30_SCORE80_NIKKEION_TP3.5_SL1.75_H1,VALIDATION,2021-09-29,7013.T,WIN,9.671760899539972,1,0.058218160470407,False,1.8423349653284185,19.048405462885917,4.907760472714662,0.1288075658130838,2.169021109992189,2.791931685582849,3.0466452069191163,68.7245293647962
UP30_SCORE80_NIKKEION_TP3.5_SL1.75_H1,VALIDATION,2021-10-12,8058.T,WIN,6.881680094698306,1,8.361130659338322,False,1.7079674220135788,21.63018033118633,2.321071477409853,0.0460454060091555,1.3036186572784754,1.994765741342371,1.6750123779088086,67.06625582419866
UP30_SCORE80_NIKKEION_TP3.5_SL1.75_H1,VALIDATION,2021-10-13,7211.T,HOLD,11.561111525232414,1,0.6160064173620726,False,2.5433057702566986,26.861461171495016,5.421683365608598,0.1723294917743951,1.4413764681640222,3.464078419300076,1.8547706177423653,70.62134009989532
UP30_SCORE80_NIKKEION_TP3.5_SL1.75_H1,VALIDATION,2021-10-14,2914.T,WIN,3.7556871703797845,1,1.5063409134936456,False,0.5413790110075478,17.96132458983762,0.4416940335568498,0.0111099567165005,1.3775767029388553,1.1016249058227956,1.8290283055063925,71.00749530796972
UP30_SCORE80_NIKKEION_TP3.5_SL1.75_H1,VALIDATION,2021-10-15,7211.T,WIN,12.412469291927753,1,1.9640296207926853,False,4.01150241832795,31.059828727112784,4.545444044633462,0.1741722830066381,1.122590968737058,3.574991226265071,1.5564779050160813,74.85397905840844
UP30_SCORE80_NIKKEION_TP3.5_SL1.75_H1,VALIDATION,2021-10-18,7012.T,WIN,9.730693580096228,1,5.230299413203637,False,1.7771497357482513,22.116967535176304,3.834596561500225,0.0805833598975738,1.5104184428605532,2.8087695943132056,1.7341255469308248,70.05222789409328
UP30_SCORE80_NIKKEION_TP3.5_SL1.75_H1,VALIDATION,2021-12-07,5631.T,WIN,11.399308295334698,1,10.645540890384392,False,1.0000003168978422,21.931804021919397,1.7857058313969,0.0589696635186913,1.3950281005413232,3.285516655809917,1.548248844840287,66.37373961507566
UP30_SCORE80_NIKKEION_TP3.5_SL1.75_H1,VALIDATION,2021-12-08,6645.T,HOLD,6.7542553756062444,1,3.0112919021045808,False,0.9457961027463436,15.821247055769671,3.499558916100698,0.0423427935854829,1.498042304751755,2.6177167385794675,1.889220835189879,66.8273775788349
UP30_SCORE80_NIKKEION_TP3.5_SL1.75_H1,VALIDATION,2021-12-09,6479.T,WIN,9.760916337836612,1,5.879467782827034,False,1.7166302221311105,17.684123446761973,1.5455949020147797,0.0581516502734296,1.3050626036666813,2.81740466795332,1.5219103046901743,67.01127051287077
UP30_SCORE80_NIKKEION_TP3.5_SL1.75_H1,VALIDATION,2022-04-19,8253.T,WIN,11.4156639745011,1,4.084391418638965,False,3.524549730790638,22.750160167218976,-1.1771974446330935,0.2060237242815621,1.335099270600313,3.2901897070003163,3.089840470193115,80.50629602206463
UP30_SCORE80_NIKKEION_TP3.5_SL1.75_H1,VALIDATION,2022-04-20,7731.T,WIN,10.084008131313016,1,5.331679308595854,False,4.594120559332926,38.183888000115005,2.4221480431072973,0.0687166669170018,1.5101938005668956,2.9097166089465736,1.6191277214981885,74.05023296865045
UP30_SCORE80_NIKKEION_TP3.5_SL1.75_H1,VALIDATION,2022-04-21,7731.T,WIN,10.575517152743886,1,6.03026904185015,False,4.439808738902973,40.50573654498357,0.9459507170847424,0.038830077547828,1.4839668913029855,3.0501477579268244,1.595042815112801,75.15410740893785
UP30_SCORE80_NIKKEION_TP3.5_SL1.75_H1,VALIDATION,2022-04-22,2501.T,HOLD,4.880515259603169,1,2.543589903026497,False,0.742969780226832,11.2336812681293,-1.0651335403527362,0.0289662176694687,1.2305057571782538,1.7469692611179477,1.5558627044459803,63.39193154260781
UP25_SCORE80_NIKKEION_TP3.5_SL1.75_H1,VALIDATION,2021-07-13,3436.T,LOSS,-4.322708726683565,1,1.3432077099213882,False,0.7929812169835682,15.174930938548256,1.3810495988814342,0.0328965600167234,1.7176382710154452,2.5193617225631515,1.662253526604086,63.09826424578068
UP25_SCORE80_NIKKEION_TP3.5_SL1.75_H1,VALIDATION,2021-07-29,7741.T,LOSS,-3.7918149295989356,1,5.782496202312959,False,0.8591742759043841,22.2346909742208,1.802104187543141,0.042048116900704,1.455040491482826,2.190476883825883,1.6487489221665836,65.62224181700223
UP25_SCORE80_NIKKEION_TP3.5_SL1.75_H1,VALIDATION,2021-09-29,7013.T,WIN,9.671760899539972,1,0.058218160470407,False,1.8423349653284185,19.048405462885917,4.907760472714662,0.1288075658130838,2.169021109992189,2.791931685582849,3.0466452069191163,68.7245293647962
UP25_SCORE80_NIKKEION_TP3.5_SL1.75_H1,VALIDATION,2021-10-12,8058.T,WIN,6.881680094698306,1,8.361130659338322,False,1.7079674220135788,21.63018033118633,2.321071477409853,0.0460454060091555,1.3036186572784754,1.994765741342371,1.6750123779088086,67.06625582419866
UP25_SCORE80_NIKKEION_TP3.5_SL1.75_H1,VALIDATION,2021-10-13,7211.T,HOLD,11.561111525232414,1,0.6160064173620726,False,2.5433057702566986,26.861461171495016,5.421683365608598,0.1723294917743951,1.4413764681640222,3.464078419300076,1.8547706177423653,70.62134009989532
UP25_SCORE80_NIKKEION_TP3.5_SL1.75_H1,VALIDATION,2021-10-14,2914.T,WIN,3.7556871703797845,1,1.5063409134936456,False,0.5413790110075478,17.96132458983762,0.4416940335568498,0.0111099567165005,1.3775767029388553,1.1016249058227956,1.8290283055063925,71.00749530796972
UP25_SCORE80_NIKKEION_TP3.5_SL1.75_H1,VALIDATION,2021-10-15,7211.T,WIN,12.412469291927753,1,1.9640296207926853,False,4.01150241832795,31.059828727112784,4.545444044633462,0.1741722830066381,1.122590968737058,3.574991226265071,1.5564779050160813,74.85397905840844
UP25_SCORE80_NIKKEION_TP3.5_SL1.75_H1,VALIDATION,2021-10-18,7012.T,WIN,9.730693580096228,1,5.230299413203637,False,1.7771497357482513,22.116967535176304,3.834596561500225,0.0805833598975738,1.5104184428605532,2.8087695943132056,1.7341255469308248,70.05222789409328
UP25_SCORE80_NIKKEION_TP3.5_SL1.75_H1,VALIDATION,2021-12-07,5631.T,WIN,11.399308295334698,1,10.645540890384392,False,1.0000003168978422,21.931804021919397,1.7857058313969,0.0589696635186913,1.3950281005413232,3.285516655809917,1.548248844840287,66.37373961507566
UP25_SCORE80_NIKKEION_TP3.5_SL1.75_H1,VALIDATION,2021-12-08,6645.T,HOLD,6.7542553756062444,1,3.0112919021045808,False,0.9457961027463436,15.821247055769671,3.499558916100698,0.0423427935854829,1.498042304751755,2.6177167385794675,1.889220835189879,66.8273775788349
UP25_SCORE80_NIKKEION_TP3.5_SL1.75_H1,VALIDATION,2021-12-09,6479.T,WIN,9.760916337836612,1,5.879467782827034,False,1.7166302221311105,17.684123446761973,1.5455949020147797,0.0581516502734296,1.3050626036666813,2.81740466795332,1.5219103046901743,67.01127051287077
UP25_SCORE80_NIKKEION_TP3.5_SL1.75_H1,VALIDATION,2022-04-19,8253.T,WIN,11.4156639745011,1,4.084391418638965,False,3.524549730790638,22.750160167218976,-1.1771974446330935,0.2060237242815621,1.335099270600313,3.2901897070003163,3.089840470193115,80.50629602206463
UP25_SCORE80_NIKKEION_TP3.5_SL1.75_H1,VALIDATION,2022-04-20,7731.T,WIN,10.084008131313016,1,5.331679308595854,False,4.594120559332926,38.183888000115005,2.4221480431072973,0.0687166669170018,1.5101938005668956,2.9097166089465736,1.6191277214981885,74.05023296865045
UP25_SCORE80_NIKKEION_TP3.5_SL1.75_H1,VALIDATION,2022-04-21,7731.T,WIN,10.575517152743886,1,6.03026904185015,False,4.439808738902973,40.50573654498357,0.9459507170847424,0.038830077547828,1.4839668913029855,3.0501477579268244,1.595042815112801,75.15410740893785
UP25_SCORE80_NIKKEION_TP3.5_SL1.75_H1,VALIDATION,2022-04-22,2501.T,HOLD,4.880515259603169,1,2.543589903026497,False,0.742969780226832,11.2336812681293,-1.0651335403527362,0.0289662176694687,1.2305057571782538,1.7469692611179477,1.5558627044459803,63.39193154260781
UP25_SCORE80_NIKKEION_TP4.0_SL1.5_H1,VALIDATION,2021-07-13,3436.T,LOSS,-3.741431342741075,1,1.3432077099213882,False,0.7929812169835682,15.174930938548256,1.3810495988814342,0.0328965600167234,1.7176382710154452,2.5193617225631515,1.662253526604086,63.09826424578068
UP25_SCORE80_NIKKEION_TP4.0_SL1.5_H1,VALIDATION,2021-07-29,7741.T,LOSS,-3.281190463150163,1,5.782496202312959,False,0.8591742759043841,22.2346909742208,1.802104187543141,0.042048116900704,1.455040491482826,2.190476883825883,1.6487489221665836,65.62224181700223
UP25_SCORE80_NIKKEION_TP4.0_SL1.5_H1,VALIDATION,2021-09-29,7013.T,WIN,11.067726742331397,1,0.058218160470407,False,1.8423349653284185,19.048405462885917,4.907760472714662,0.1288075658130838,2.169021109992189,2.791931685582849,3.0466452069191163,68.7245293647962
UP25_SCORE80_NIKKEION_TP4.0_SL1.5_H1,VALIDATION,2021-10-12,8058.T,WIN,7.879062965369477,1,8.361130659338322,False,1.7079674220135788,21.63018033118633,2.321071477409853,0.0460454060091555,1.3036186572784754,1.994765741342371,1.6750123779088086,67.06625582419866
UP25_SCORE80_NIKKEION_TP4.0_SL1.5_H1,VALIDATION,2021-10-13,7211.T,HOLD,11.561111525232414,1,0.6160064173620726,False,2.5433057702566986,26.861461171495016,5.421683365608598,0.1723294917743951,1.4413764681640222,3.464078419300076,1.8547706177423653,70.62134009989532
UP25_SCORE80_NIKKEION_TP4.0_SL1.5_H1,VALIDATION,2021-10-14,2914.T,WIN,4.306499623291183,1,1.5063409134936456,False,0.5413790110075478,17.96132458983762,0.4416940335568498,0.0111099567165005,1.3775767029388553,1.1016249058227956,1.8290283055063925,71.00749530796972
UP25_SCORE80_NIKKEION_TP4.0_SL1.5_H1,VALIDATION,2021-10-15,7211.T,WIN,14.199964905060293,1,1.9640296207926853,False,4.01150241832795,31.059828727112784,4.545444044633462,0.1741722830066381,1.122590968737058,3.574991226265071,1.5564779050160813,74.85397905840844
UP25_SCORE80_NIKKEION_TP4.0_SL1.5_H1,VALIDATION,2021-10-18,7012.T,WIN,11.135078377252816,1,5.230299413203637,False,1.7771497357482513,22.116967535176304,3.834596561500225,0.0805833598975738,1.5104184428605532,2.8087695943132056,1.7341255469308248,70.05222789409328
UP25_SCORE80_NIKKEION_TP4.0_SL1.5_H1,VALIDATION,2021-12-07,5631.T,HOLD,10.694492763309638,1,10.645540890384392,False,1.0000003168978422,21.931804021919397,1.7857058313969,0.0589696635186913,1.3950281005413232,3.285516655809917,1.548248844840287,66.37373961507566
UP25_SCORE80_NIKKEION_TP4.0_SL1.5_H1,VALIDATION,2021-12-08,6645.T,HOLD,6.7542553756062444,1,3.0112919021045808,False,0.9457961027463436,15.821247055769671,3.499558916100698,0.0423427935854829,1.498042304751755,2.6177167385794675,1.889220835189879,66.8273775788349
UP25_SCORE80_NIKKEION_TP4.0_SL1.5_H1,VALIDATION,2021-12-09,6479.T,HOLD,8.7160366186945,1,5.879467782827034,False,1.7166302221311105,17.684123446761973,1.5455949020147797,0.0581516502734296,1.3050626036666813,2.81740466795332,1.5219103046901743,67.01127051287077
UP25_SCORE80_NIKKEION_TP4.0_SL1.5_H1,VALIDATION,2022-04-19,8253.T,WIN,13.060758828001275,1,4.084391418638965,False,3.524549730790638,22.750160167218976,-1.1771974446330935,0.2060237242815621,1.335099270600313,3.2901897070003163,3.089840470193115,80.50629602206463
UP25_SCORE80_NIKKEION_TP4.0_SL1.5_H1,VALIDATION,2022-04-20,7731.T,WIN,11.538866435786288,1,5.331679308595854,False,4.594120559332926,38.183888000115005,2.4221480431072973,0.0687166669170018,1.5101938005668956,2.9097166089465736,1.6191277214981885,74.05023296865045
UP25_SCORE80_NIKKEION_TP4.0_SL1.5_H1,VALIDATION,2022-04-21,7731.T,WIN,12.100591031707298,1,6.03026904185015,False,4.439808738902973,40.50573654498357,0.9459507170847424,0.038830077547828,1.4839668913029855,3.0501477579268244,1.595042815112801,75.15410740893785
UP25_SCORE80_NIKKEION_TP4.0_SL1.5_H1,VALIDATION,2022-04-22,2501.T,HOLD,4.880515259603169,1,2.543589903026497,False,0.742969780226832,11.2336812681293,-1.0651335403527362,0.0289662176694687,1.2305057571782538,1.7469692611179477,1.5558627044459803,63.39193154260781
UP25_SCORE80_NIKKEION_TP4.0_SL1.75_H1,VALIDATION,2021-07-13,3436.T,LOSS,-4.322708726683565,1,1.3432077099213882,False,0.7929812169835682,15.174930938548256,1.3810495988814342,0.0328965600167234,1.7176382710154452,2.5193617225631515,1.662253526604086,63.09826424578068
UP25_SCORE80_NIKKEION_TP4.0_SL1.75_H1,VALIDATION,2021-07-29,7741.T,LOSS,-3.7918149295989356,1,5.782496202312959,False,0.8591742759043841,22.2346909742208,1.802104187543141,0.042048116900704,1.455040491482826,2.190476883825883,1.6487489221665836,65.62224181700223
UP25_SCORE80_NIKKEION_TP4.0_SL1.75_H1,VALIDATION,2021-09-29,7013.T,WIN,11.067726742331397,1,0.058218160470407,False,1.8423349653284185,19.048405462885917,4.907760472714662,0.1288075658130838,2.169021109992189,2.791931685582849,3.0466452069191163,68.7245293647962
UP25_SCORE80_NIKKEION_TP4.0_SL1.75_H1,VALIDATION,2021-10-12,8058.T,WIN,7.879062965369477,1,8.361130659338322,False,1.7079674220135788,21.63018033118633,2.321071477409853,0.0460454060091555,1.3036186572784754,1.994765741342371,1.6750123779088086,67.06625582419866
UP25_SCORE80_NIKKEION_TP4.0_SL1.75_H1,VALIDATION,2021-10-13,7211.T,HOLD,11.561111525232414,1,0.6160064173620726,False,2.5433057702566986,26.861461171495016,5.421683365608598,0.1723294917743951,1.4413764681640222,3.464078419300076,1.8547706177423653,70.62134009989532
UP25_SCORE80_NIKKEION_TP4.0_SL1.75_H1,VALIDATION,2021-10-14,2914.T,WIN,4.306499623291183,1,1.5063409134936456,False,0.5413790110075478,17.96132458983762,0.4416940335568498,0.0111099567165005,1.3775767029388553,1.1016249058227956,1.8290283055063925,71.00749530796972
UP25_SCORE80_NIKKEION_TP4.0_SL1.75_H1,VALIDATION,2021-10-15,7211.T,WIN,14.199964905060293,1,1.9640296207926853,False,4.01150241832795,31.059828727112784,4.545444044633462,0.1741722830066381,1.122590968737058,3.574991226265071,1.5564779050160813,74.85397905840844
UP25_SCORE80_NIKKEION_TP4.0_SL1.75_H1,VALIDATION,2021-10-18,7012.T,WIN,11.135078377252816,1,5.230299413203637,False,1.7771497357482513,22.116967535176304,3.834596561500225,0.0805833598975738,1.5104184428605532,2.8087695943132056,1.7341255469308248,70.05222789409328
UP25_SCORE80_NIKKEION_TP4.0_SL1.75_H1,VALIDATION,2021-12-07,5631.T,HOLD,10.694492763309638,1,10.645540890384392,False,1.0000003168978422,21.931804021919397,1.7857058313969,0.0589696635186913,1.3950281005413232,3.285516655809917,1.548248844840287,66.37373961507566
UP25_SCORE80_NIKKEION_TP4.0_SL1.75_H1,VALIDATION,2021-12-08,6645.T,HOLD,6.7542553756062444,1,3.0112919021045808,False,0.9457961027463436,15.821247055769671,3.499558916100698,0.0423427935854829,1.498042304751755,2.6177167385794675,1.889220835189879,66.8273775788349
UP25_SCORE80_NIKKEION_TP4.0_SL1.75_H1,VALIDATION,2021-12-09,6479.T,HOLD,8.7160366186945,1,5.879467782827034,False,1.7166302221311105,17.684123446761973,1.5455949020147797,0.0581516502734296,1.3050626036666813,2.81740466795332,1.5219103046901743,67.01127051287077
UP25_SCORE80_NIKKEION_TP4.0_SL1.75_H1,VALIDATION,2022-04-19,8253.T,WIN,13.060758828001275,1,4.084391418638965,False,3.524549730790638,22.750160167218976,-1.1771974446330935,0.2060237242815621,1.335099270600313,3.2901897070003163,3.089840470193115,80.50629602206463
UP25_SCORE80_NIKKEION_TP4.0_SL1.75_H1,VALIDATION,2022-04-20,7731.T,WIN,11.538866435786288,1,5.331679308595854,False,4.594120559332926,38.183888000115005,2.4221480431072973,0.0687166669170018,1.5101938005668956,2.9097166089465736,1.6191277214981885,74.05023296865045
UP25_SCORE80_NIKKEION_TP4.0_SL1.75_H1,VALIDATION,2022-04-21,7731.T,WIN,12.100591031707298,1,6.03026904185015,False,4.439808738902973,40.50573654498357,0.9459507170847424,0.038830077547828,1.4839668913029855,3.0501477579268244,1.595042815112801,75.15410740893785
UP25_SCORE80_NIKKEION_TP4.0_SL1.75_H1,VALIDATION,2022-04-22,2501.T,HOLD,4.880515259603169,1,2.543589903026497,False,0.742969780226832,11.2336812681293,-1.0651335403527362,0.0289662176694687,1.2305057571782538,1.7469692611179477,1.5558627044459803,63.39193154260781
UP20_SCORE80_NIKKEION_TP4.0_SL1.5_H1,VALIDATION,2021-07-13,3436.T,LOSS,-3.741431342741075,1,1.3432077099213882,False,0.7929812169835682,15.174930938548256,1.3810495988814342,0.0328965600167234,1.7176382710154452,2.5193617225631515,1.662253526604086,63.09826424578068
UP20_SCORE80_NIKKEION_TP4.0_SL1.5_H1,VALIDATION,2021-07-29,7741.T,LOSS,-3.281190463150163,1,5.782496202312959,False,0.8591742759043841,22.2346909742208,1.802104187543141,0.042048116900704,1.455040491482826,2.190476883825883,1.6487489221665836,65.62224181700223
UP20_SCORE80_NIKKEION_TP4.0_SL1.5_H1,VALIDATION,2021-09-29,7013.T,WIN,11.067726742331397,1,0.058218160470407,False,1.8423349653284185,19.048405462885917,4.907760472714662,0.1288075658130838,2.169021109992189,2.791931685582849,3.0466452069191163,68.7245293647962
UP20_SCORE80_NIKKEION_TP4.0_SL1.5_H1,VALIDATION,2021-10-12,8058.T,WIN,7.879062965369477,1,8.361130659338322,False,1.7079674220135788,21.63018033118633,2.321071477409853,0.0460454060091555,1.3036186572784754,1.994765741342371,1.6750123779088086,67.06625582419866
UP20_SCORE80_NIKKEION_TP4.0_SL1.5_H1,VALIDATION,2021-10-13,7211.T,HOLD,11.561111525232414,1,0.6160064173620726,False,2.5433057702566986,26.861461171495016,5.421683365608598,0.1723294917743951,1.4413764681640222,3.464078419300076,1.8547706177423653,70.62134009989532
UP20_SCORE80_NIKKEION_TP4.0_SL1.5_H1,VALIDATION,2021-10-14,2914.T,WIN,4.306499623291183,1,1.5063409134936456,False,0.5413790110075478,17.96132458983762,0.4416940335568498,0.0111099567165005,1.3775767029388553,1.1016249058227956,1.8290283055063925,71.00749530796972
UP20_SCORE80_NIKKEION_TP4.0_SL1.5_H1,VALIDATION,2021-10-15,7211.T,WIN,14.199964905060293,1,1.9640296207926853,False,4.01150241832795,31.059828727112784,4.545444044633462,0.1741722830066381,1.122590968737058,3.574991226265071,1.5564779050160813,74.85397905840844
UP20_SCORE80_NIKKEION_TP4.0_SL1.5_H1,VALIDATION,2021-10-18,7012.T,WIN,11.135078377252816,1,5.230299413203637,False,1.7771497357482513,22.116967535176304,3.834596561500225,0.0805833598975738,1.5104184428605532,2.8087695943132056,1.7341255469308248,70.05222789409328
UP20_SCORE80_NIKKEION_TP4.0_SL1.5_H1,VALIDATION,2021-12-07,5631.T,HOLD,10.694492763309638,1,10.645540890384392,False,1.0000003168978422,21.931804021919397,1.7857058313969,0.0589696635186913,1.3950281005413232,3.285516655809917,1.548248844840287,66.37373961507566
UP20_SCORE80_NIKKEION_TP4.0_SL1.5_H1,VALIDATION,2021-12-08,6645.T,HOLD,6.7542553756062444,1,3.0112919021045808,False,0.9457961027463436,15.821247055769671,3.499558916100698,0.0423427935854829,1.498042304751755,2.6177167385794675,1.889220835189879,66.8273775788349
UP20_SCORE80_NIKKEION_TP4.0_SL1.5_H1,VALIDATION,2021-12-09,6479.T,HOLD,8.7160366186945,1,5.879467782827034,False,1.7166302221311105,17.684123446761973,1.5455949020147797,0.0581516502734296,1.3050626036666813,2.81740466795332,1.5219103046901743,67.01127051287077
UP20_SCORE80_NIKKEION_TP4.0_SL1.5_H1,VALIDATION,2022-04-19,8253.T,WIN,13.060758828001275,1,4.084391418638965,False,3.524549730790638,22.750160167218976,-1.1771974446330935,0.2060237242815621,1.335099270600313,3.2901897070003163,3.089840470193115,80.50629602206463
UP20_SCORE80_NIKKEION_TP4.0_SL1.5_H1,VALIDATION,2022-04-20,7731.T,WIN,11.538866435786288,1,5.331679308595854,False,4.594120559332926,38.183888000115005,2.4221480431072973,0.0687166669170018,1.5101938005668956,2.9097166089465736,1.6191277214981885,74.05023296865045
UP20_SCORE80_NIKKEION_TP4.0_SL1.5_H1,VALIDATION,2022-04-21,7731.T,WIN,12.100591031707298,1,6.03026904185015,False,4.439808738902973,40.50573654498357,0.9459507170847424,0.038830077547828,1.4839668913029855,3.0501477579268244,1.595042815112801,75.15410740893785
UP20_SCORE80_NIKKEION_TP4.0_SL1.5_H1,VALIDATION,2022-04-22,2501.T,HOLD,4.880515259603169,1,2.543589903026497,False,0.742969780226832,11.2336812681293,-1.0651335403527362,0.0289662176694687,1.2305057571782538,1.7469692611179477,1.5558627044459803,63.39193154260781
UP20_SCORE80_NIKKEION_TP4.0_SL2.0_H1,VALIDATION,2021-07-13,3436.T,LOSS,-4.89701511962739,1,1.3432077099213882,False,0.7929812169835682,15.174930938548256,1.3810495988814342,0.0328965600167234,1.7176382710154452,2.5193617225631515,1.662253526604086,63.09826424578068
UP20_SCORE80_NIKKEION_TP4.0_SL2.0_H1,VALIDATION,2021-07-29,7741.T,LOSS,-4.297081564711135,1,5.782496202312959,False,0.8591742759043841,22.2346909742208,1.802104187543141,0.042048116900704,1.455040491482826,2.190476883825883,1.6487489221665836,65.62224181700223
UP20_SCORE80_NIKKEION_TP4.0_SL2.0_H1,VALIDATION,2021-09-29,7013.T,WIN,11.067726742331397,1,0.058218160470407,False,1.8423349653284185,19.048405462885917,4.907760472714662,0.1288075658130838,2.169021109992189,2.791931685582849,3.0466452069191163,68.7245293647962
UP20_SCORE80_NIKKEION_TP4.0_SL2.0_H1,VALIDATION,2021-10-12,8058.T,WIN,7.879062965369477,1,8.361130659338322,False,1.7079674220135788,21.63018033118633,2.321071477409853,0.0460454060091555,1.3036186572784754,1.994765741342371,1.6750123779088086,67.06625582419866
UP20_SCORE80_NIKKEION_TP4.0_SL2.0_H1,VALIDATION,2021-10-13,7211.T,HOLD,11.561111525232414,1,0.6160064173620726,False,2.5433057702566986,26.861461171495016,5.421683365608598,0.1723294917743951,1.4413764681640222,3.464078419300076,1.8547706177423653,70.62134009989532
UP20_SCORE80_NIKKEION_TP4.0_SL2.0_H1,VALIDATION,2021-10-14,2914.T,WIN,4.306499623291183,1,1.5063409134936456,False,0.5413790110075478,17.96132458983762,0.4416940335568498,0.0111099567165005,1.3775767029388553,1.1016249058227956,1.8290283055063925,71.00749530796972
UP20_SCORE80_NIKKEION_TP4.0_SL2.0_H1,VALIDATION,2021-10-15,7211.T,WIN,14.199964905060293,1,1.9640296207926853,False,4.01150241832795,31.059828727112784,4.545444044633462,0.1741722830066381,1.122590968737058,3.574991226265071,1.5564779050160813,74.85397905840844
UP20_SCORE80_NIKKEION_TP4.0_SL2.0_H1,VALIDATION,2021-10-18,7012.T,WIN,11.135078377252816,1,5.230299413203637,False,1.7771497357482513,22.116967535176304,3.834596561500225,0.0805833598975738,1.5104184428605532,2.8087695943132056,1.7341255469308248,70.05222789409328
UP20_SCORE80_NIKKEION_TP4.0_SL2.0_H1,VALIDATION,2021-12-07,5631.T,HOLD,10.694492763309638,1,10.645540890384392,False,1.0000003168978422,21.931804021919397,1.7857058313969,0.0589696635186913,1.3950281005413232,3.285516655809917,1.548248844840287,66.37373961507566
UP20_SCORE80_NIKKEION_TP4.0_SL2.0_H1,VALIDATION,2021-12-08,6645.T,HOLD,6.7542553756062444,1,3.0112919021045808,False,0.9457961027463436,15.821247055769671,3.499558916100698,0.0423427935854829,1.498042304751755,2.6177167385794675,1.889220835189879,66.8273775788349
UP20_SCORE80_NIKKEION_TP4.0_SL2.0_H1,VALIDATION,2021-12-09,6479.T,HOLD,8.7160366186945,1,5.879467782827034,False,1.7166302221311105,17.684123446761973,1.5455949020147797,0.0581516502734296,1.3050626036666813,2.81740466795332,1.5219103046901743,67.01127051287077
UP20_SCORE80_NIKKEION_TP4.0_SL2.0_H1,VALIDATION,2022-04-19,8253.T,WIN,13.060758828001275,1,4.084391418638965,False,3.524549730790638,22.750160167218976,-1.1771974446330935,0.2060237242815621,1.335099270600313,3.2901897070003163,3.089840470193115,80.50629602206463
UP20_SCORE80_NIKKEION_TP4.0_SL2.0_H1,VALIDATION,2022-04-20,7731.T,WIN,11.538866435786288,1,5.331679308595854,False,4.594120559332926,38.183888000115005,2.4221480431072973,0.0687166669170018,1.5101938005668956,2.9097166089465736,1.6191277214981885,74.05023296865045
UP20_SCORE80_NIKKEION_TP4.0_SL2.0_H1,VALIDATION,2022-04-21,7731.T,WIN,12.100591031707298,1,6.03026904185015,False,4.439808738902973,40.50573654498357,0.9459507170847424,0.038830077547828,1.4839668913029855,3.0501477579268244,1.595042815112801,75.15410740893785
UP20_SCORE80_NIKKEION_TP4.0_SL2.0_H1,VALIDATION,2022-04-22,2501.T,HOLD,4.880515259603169,1,2.543589903026497,False,0.742969780226832,11.2336812681293,-1.0651335403527362,0.0289662176694687,1.2305057571782538,1.7469692611179477,1.5558627044459803,63.39193154260781
UP20_SCORE80_NIKKEION_TP4.0_SL1.25_H1,VALIDATION,2021-07-13,3436.T,LOSS,-3.153055270875038,1,1.3432077099213882,False,0.7929812169835682,15.174930938548256,1.3810495988814342,0.0328965600167234,1.7176382710154452,2.5193617225631515,1.662253526604086,63.09826424578068
UP20_SCORE80_NIKKEION_TP4.0_SL1.25_H1,VALIDATION,2021-07-29,7741.T,LOSS,-2.765122489704075,1,5.782496202312959,False,0.8591742759043841,22.2346909742208,1.802104187543141,0.042048116900704,1.455040491482826,2.190476883825883,1.6487489221665836,65.62224181700223
UP20_SCORE80_NIKKEION_TP4.0_SL1.25_H1,VALIDATION,2021-09-29,7013.T,WIN,11.067726742331397,1,0.058218160470407,False,1.8423349653284185,19.048405462885917,4.907760472714662,0.1288075658130838,2.169021109992189,2.791931685582849,3.0466452069191163,68.7245293647962
UP20_SCORE80_NIKKEION_TP4.0_SL1.25_H1,VALIDATION,2021-10-12,8058.T,WIN,7.879062965369477,1,8.361130659338322,False,1.7079674220135788,21.63018033118633,2.321071477409853,0.0460454060091555,1.3036186572784754,1.994765741342371,1.6750123779088086,67.06625582419866
UP20_SCORE80_NIKKEION_TP4.0_SL1.25_H1,VALIDATION,2021-10-13,7211.T,HOLD,11.561111525232414,1,0.6160064173620726,False,2.5433057702566986,26.861461171495016,5.421683365608598,0.1723294917743951,1.4413764681640222,3.464078419300076,1.8547706177423653,70.62134009989532
UP20_SCORE80_NIKKEION_TP4.0_SL1.25_H1,VALIDATION,2021-10-14,2914.T,WIN,4.306499623291183,1,1.5063409134936456,False,0.5413790110075478,17.96132458983762,0.4416940335568498,0.0111099567165005,1.3775767029388553,1.1016249058227956,1.8290283055063925,71.00749530796972
UP20_SCORE80_NIKKEION_TP4.0_SL1.25_H1,VALIDATION,2021-10-15,7211.T,WIN,14.199964905060293,1,1.9640296207926853,False,4.01150241832795,31.059828727112784,4.545444044633462,0.1741722830066381,1.122590968737058,3.574991226265071,1.5564779050160813,74.85397905840844
UP20_SCORE80_NIKKEION_TP4.0_SL1.25_H1,VALIDATION,2021-10-18,7012.T,WIN,11.135078377252816,1,5.230299413203637,False,1.7771497357482513,22.116967535176304,3.834596561500225,0.0805833598975738,1.5104184428605532,2.8087695943132056,1.7341255469308248,70.05222789409328
UP20_SCORE80_NIKKEION_TP4.0_SL1.25_H1,VALIDATION,2021-12-07,5631.T,HOLD,10.694492763309638,1,10.645540890384392,False,1.0000003168978422,21.931804021919397,1.7857058313969,0.0589696635186913,1.3950281005413232,3.285516655809917,1.548248844840287,66.37373961507566
UP20_SCORE80_NIKKEION_TP4.0_SL1.25_H1,VALIDATION,2021-12-08,6645.T,HOLD,6.7542553756062444,1,3.0112919021045808,False,0.9457961027463436,15.821247055769671,3.499558916100698,0.0423427935854829,1.498042304751755,2.6177167385794675,1.889220835189879,66.8273775788349
UP20_SCORE80_NIKKEION_TP4.0_SL1.25_H1,VALIDATION,2021-12-09,6479.T,HOLD,8.7160366186945,1,5.879467782827034,False,1.7166302221311105,17.684123446761973,1.5455949020147797,0.0581516502734296,1.3050626036666813,2.81740466795332,1.5219103046901743,67.01127051287077
UP20_SCORE80_NIKKEION_TP4.0_SL1.25_H1,VALIDATION,2022-04-19,8253.T,WIN,13.060758828001275,1,4.084391418638965,False,3.524549730790638,22.750160167218976,-1.1771974446330935,0.2060237242815621,1.335099270600313,3.2901897070003163,3.089840470193115,80.50629602206463
UP20_SCORE80_NIKKEION_TP4.0_SL1.25_H1,VALIDATION,2022-04-20,7731.T,WIN,11.538866435786288,1,5.331679308595854,False,4.594120559332926,38.183888000115005,2.4221480431072973,0.0687166669170018,1.5101938005668956,2.9097166089465736,1.6191277214981885,74.05023296865045
UP20_SCORE80_NIKKEION_TP4.0_SL1.25_H1,VALIDATION,2022-04-21,7731.T,WIN,12.100591031707298,1,6.03026904185015,False,4.439808738902973,40.50573654498357,0.9459507170847424,0.038830077547828,1.4839668913029855,3.0501477579268244,1.595042815112801,75.15410740893785
UP20_SCORE80_NIKKEION_TP4.0_SL1.25_H1,VALIDATION,2022-04-22,2501.T,HOLD,4.880515259603169,1,2.543589903026497,False,0.742969780226832,11.2336812681293,-1.0651335403527362,0.0289662176694687,1.2305057571782538,1.7469692611179477,1.5558627044459803,63.39193154260781
UP25_SCORE80_NIKKEION_TP4.0_SL1.0_H1,VALIDATION,2021-07-13,3436.T,LOSS,-2.5574496760729204,1,1.3432077099213882,False,0.7929812169835682,15.174930938548256,1.3810495988814342,0.0328965600167234,1.7176382710154452,2.5193617225631515,1.662253526604086,63.09826424578068
UP25_SCORE80_NIKKEION_TP4.0_SL1.0_H1,VALIDATION,2021-07-29,7741.T,LOSS,-2.2435234971220464,1,5.782496202312959,False,0.8591742759043841,22.2346909742208,1.802104187543141,0.042048116900704,1.455040491482826,2.190476883825883,1.6487489221665836,65.62224181700223
UP25_SCORE80_NIKKEION_TP4.0_SL1.0_H1,VALIDATION,2021-09-29,7013.T,WIN,11.067726742331397,1,0.058218160470407,False,1.8423349653284185,19.048405462885917,4.907760472714662,0.1288075658130838,2.169021109992189,2.791931685582849,3.0466452069191163,68.7245293647962
UP25_SCORE80_NIKKEION_TP4.0_SL1.0_H1,VALIDATION,2021-10-12,8058.T,WIN,7.879062965369477,1,8.361130659338322,False,1.7079674220135788,21.63018033118633,2.321071477409853,0.0460454060091555,1.3036186572784754,1.994765741342371,1.6750123779088086,67.06625582419866
UP25_SCORE80_NIKKEION_TP4.0_SL1.0_H1,VALIDATION,2021-10-13,7211.T,HOLD,11.561111525232414,1,0.6160064173620726,False,2.5433057702566986,26.861461171495016,5.421683365608598,0.1723294917743951,1.4413764681640222,3.464078419300076,1.8547706177423653,70.62134009989532
UP25_SCORE80_NIKKEION_TP4.0_SL1.0_H1,VALIDATION,2021-10-14,2914.T,WIN,4.306499623291183,1,1.5063409134936456,False,0.5413790110075478,17.96132458983762,0.4416940335568498,0.0111099567165005,1.3775767029388553,1.1016249058227956,1.8290283055063925,71.00749530796972
UP25_SCORE80_NIKKEION_TP4.0_SL1.0_H1,VALIDATION,2021-10-15,7211.T,WIN,14.199964905060293,1,1.9640296207926853,False,4.01150241832795,31.059828727112784,4.545444044633462,0.1741722830066381,1.122590968737058,3.574991226265071,1.5564779050160813,74.85397905840844
UP25_SCORE80_NIKKEION_TP4.0_SL1.0_H1,VALIDATION,2021-10-18,7012.T,WIN,11.135078377252816,1,5.230299413203637,False,1.7771497357482513,22.116967535176304,3.834596561500225,0.0805833598975738,1.5104184428605532,2.8087695943132056,1.7341255469308248,70.05222789409328
UP25_SCORE80_NIKKEION_TP4.0_SL1.0_H1,VALIDATION,2021-12-07,5631.T,HOLD,10.694492763309638,1,10.645540890384392,False,1.0000003168978422,21.931804021919397,1.7857058313969,0.0589696635186913,1.3950281005413232,3.285516655809917,1.548248844840287,66.37373961507566
UP25_SCORE80_NIKKEION_TP4.0_SL1.0_H1,VALIDATION,2021-12-08,6645.T,HOLD,6.7542553756062444,1,3.0112919021045808,False,0.9457961027463436,15.821247055769671,3.499558916100698,0.0423427935854829,1.498042304751755,2.6177167385794675,1.889220835189879,66.8273775788349
UP25_SCORE80_NIKKEION_TP4.0_SL1.0_H1,VALIDATION,2021-12-09,6479.T,HOLD,8.7160366186945,1,5.879467782827034,False,1.7166302221311105,17.684123446761973,1.5455949020147797,0.0581516502734296,1.3050626036666813,2.81740466795332,1.5219103046901743,67.01127051287077
UP25_SCORE80_NIKKEION_TP4.0_SL1.0_H1,VALIDATION,2022-04-19,8253.T,WIN,13.060758828001275,1,4.084391418638965,False,3.524549730790638,22.750160167218976,-1.1771974446330935,0.2060237242815621,1.335099270600313,3.2901897070003163,3.089840470193115,80.50629602206463
UP25_SCORE80_NIKKEION_TP4.0_SL1.0_H1,VALIDATION,2022-04-20,7731.T,WIN,11.538866435786288,1,5.331679308595854,False,4.594120559332926,38.183888000115005,2.4221480431072973,0.0687166669170018,1.5101938005668956,2.9097166089465736,1.6191277214981885,74.05023296865045
UP25_SCORE80_NIKKEION_TP4.0_SL1.0_H1,VALIDATION,2022-04-21,7731.T,WIN,12.100591031707298,1,6.03026904185015,False,4.439808738902973,40.50573654498357,0.9459507170847424,0.038830077547828,1.4839668913029855,3.0501477579268244,1.595042815112801,75.15410740893785
UP25_SCORE80_NIKKEION_TP4.0_SL1.0_H1,VALIDATION,2022-04-22,2501.T,HOLD,4.880515259603169,1,2.543589903026497,False,0.742969780226832,11.2336812681293,-1.0651335403527362,0.0289662176694687,1.2305057571782538,1.7469692611179477,1.5558627044459803,63.39193154260781
UP20_SCORE80_NIKKEION_TP4.0_SL1.75_H1,VALIDATION,2021-07-13,3436.T,LOSS,-4.322708726683565,1,1.3432077099213882,False,0.7929812169835682,15.174930938548256,1.3810495988814342,0.0328965600167234,1.7176382710154452,2.5193617225631515,1.662253526604086,63.09826424578068
UP20_SCORE80_NIKKEION_TP4.0_SL1.75_H1,VALIDATION,2021-07-29,7741.T,LOSS,-3.7918149295989356,1,5.782496202312959,False,0.8591742759043841,22.2346909742208,1.802104187543141,0.042048116900704,1.455040491482826,2.190476883825883,1.6487489221665836,65.62224181700223
UP20_SCORE80_NIKKEION_TP4.0_SL1.75_H1,VALIDATION,2021-09-29,7013.T,WIN,11.067726742331397,1,0.058218160470407,False,1.8423349653284185,19.048405462885917,4.907760472714662,0.1288075658130838,2.169021109992189,2.791931685582849,3.0466452069191163,68.7245293647962
UP20_SCORE80_NIKKEION_TP4.0_SL1.75_H1,VALIDATION,2021-10-12,8058.T,WIN,7.879062965369477,1,8.361130659338322,False,1.7079674220135788,21.63018033118633,2.321071477409853,0.0460454060091555,1.3036186572784754,1.994765741342371,1.6750123779088086,67.06625582419866
UP20_SCORE80_NIKKEION_TP4.0_SL1.75_H1,VALIDATION,2021-10-13,7211.T,HOLD,11.561111525232414,1,0.6160064173620726,False,2.5433057702566986,26.861461171495016,5.421683365608598,0.1723294917743951,1.4413764681640222,3.464078419300076,1.8547706177423653,70.62134009989532
UP20_SCORE80_NIKKEION_TP4.0_SL1.75_H1,VALIDATION,2021-10-14,2914.T,WIN,4.306499623291183,1,1.5063409134936456,False,0.5413790110075478,17.96132458983762,0.4416940335568498,0.0111099567165005,1.3775767029388553,1.1016249058227956,1.8290283055063925,71.00749530796972
UP20_SCORE80_NIKKEION_TP4.0_SL1.75_H1,VALIDATION,2021-10-15,7211.T,WIN,14.199964905060293,1,1.9640296207926853,False,4.01150241832795,31.059828727112784,4.545444044633462,0.1741722830066381,1.122590968737058,3.574991226265071,1.5564779050160813,74.85397905840844
UP20_SCORE80_NIKKEION_TP4.0_SL1.75_H1,VALIDATION,2021-10-18,7012.T,WIN,11.135078377252816,1,5.230299413203637,False,1.7771497357482513,22.116967535176304,3.834596561500225,0.0805833598975738,1.5104184428605532,2.8087695943132056,1.7341255469308248,70.05222789409328
UP20_SCORE80_NIKKEION_TP4.0_SL1.75_H1,VALIDATION,2021-12-07,5631.T,HOLD,10.694492763309638,1,10.645540890384392,False,1.0000003168978422,21.931804021919397,1.7857058313969,0.0589696635186913,1.3950281005413232,3.285516655809917,1.548248844840287,66.37373961507566
UP20_SCORE80_NIKKEION_TP4.0_SL1.75_H1,VALIDATION,2021-12-08,6645.T,HOLD,6.7542553756062444,1,3.0112919021045808,False,0.9457961027463436,15.821247055769671,3.499558916100698,0.0423427935854829,1.498042304751755,2.6177167385794675,1.889220835189879,66.8273775788349
UP20_SCORE80_NIKKEION_TP4.0_SL1.75_H1,VALIDATION,2021-12-09,6479.T,HOLD,8.7160366186945,1,5.879467782827034,False,1.7166302221311105,17.684123446761973,1.5455949020147797,0.0581516502734296,1.3050626036666813,2.81740466795332,1.5219103046901743,67.01127051287077
UP20_SCORE80_NIKKEION_TP4.0_SL1.75_H1,VALIDATION,2022-04-19,8253.T,WIN,13.060758828001275,1,4.084391418638965,False,3.524549730790638,22.750160167218976,-1.1771974446330935,0.2060237242815621,1.335099270600313,3.2901897070003163,3.089840470193115,80.50629602206463
UP20_SCORE80_NIKKEION_TP4.0_SL1.75_H1,VALIDATION,2022-04-20,7731.T,WIN,11.538866435786288,1,5.331679308595854,False,4.594120559332926,38.183888000115005,2.4221480431072973,0.0687166669170018,1.5101938005668956,2.9097166089465736,1.6191277214981885,74.05023296865045
UP20_SCORE80_NIKKEION_TP4.0_SL1.75_H1,VALIDATION,2022-04-21,7731.T,WIN,12.100591031707298,1,6.03026904185015,False,4.439808738902973,40.50573654498357,0.9459507170847424,0.038830077547828,1.4839668913029855,3.0501477579268244,1.595042815112801,75.15410740893785
UP20_SCORE80_NIKKEION_TP4.0_SL1.75_H1,VALIDATION,2022-04-22,2501.T,HOLD,4.880515259603169,1,2.543589903026497,False,0.742969780226832,11.2336812681293,-1.0651335403527362,0.0289662176694687,1.2305057571782538,1.7469692611179477,1.5558627044459803,63.39193154260781
UP20_SCORE80_NIKKEION_TP4.0_SL1.0_H1,VALIDATION,2021-07-13,3436.T,LOSS,-2.5574496760729204,1,1.3432077099213882,False,0.7929812169835682,15.174930938548256,1.3810495988814342,0.0328965600167234,1.7176382710154452,2.5193617225631515,1.662253526604086,63.09826424578068
UP20_SCORE80_NIKKEION_TP4.0_SL1.0_H1,VALIDATION,2021-07-29,7741.T,LOSS,-2.2435234971220464,1,5.782496202312959,False,0.8591742759043841,22.2346909742208,1.802104187543141,0.042048116900704,1.455040491482826,2.190476883825883,1.6487489221665836,65.62224181700223
UP20_SCORE80_NIKKEION_TP4.0_SL1.0_H1,VALIDATION,2021-09-29,7013.T,WIN,11.067726742331397,1,0.058218160470407,False,1.8423349653284185,19.048405462885917,4.907760472714662,0.1288075658130838,2.169021109992189,2.791931685582849,3.0466452069191163,68.7245293647962
UP20_SCORE80_NIKKEION_TP4.0_SL1.0_H1,VALIDATION,2021-10-12,8058.T,WIN,7.879062965369477,1,8.361130659338322,False,1.7079674220135788,21.63018033118633,2.321071477409853,0.0460454060091555,1.3036186572784754,1.994765741342371,1.6750123779088086,67.06625582419866
UP20_SCORE80_NIKKEION_TP4.0_SL1.0_H1,VALIDATION,2021-10-13,7211.T,HOLD,11.561111525232414,1,0.6160064173620726,False,2.5433057702566986,26.861461171495016,5.421683365608598,0.1723294917743951,1.4413764681640222,3.464078419300076,1.8547706177423653,70.62134009989532
UP20_SCORE80_NIKKEION_TP4.0_SL1.0_H1,VALIDATION,2021-10-14,2914.T,WIN,4.306499623291183,1,1.5063409134936456,False,0.5413790110075478,17.96132458983762,0.4416940335568498,0.0111099567165005,1.3775767029388553,1.1016249058227956,1.8290283055063925,71.00749530796972
UP20_SCORE80_NIKKEION_TP4.0_SL1.0_H1,VALIDATION,2021-10-15,7211.T,WIN,14.199964905060293,1,1.9640296207926853,False,4.01150241832795,31.059828727112784,4.545444044633462,0.1741722830066381,1.122590968737058,3.574991226265071,1.5564779050160813,74.85397905840844
UP20_SCORE80_NIKKEION_TP4.0_SL1.0_H1,VALIDATION,2021-10-18,7012.T,WIN,11.135078377252816,1,5.230299413203637,False,1.7771497357482513,22.116967535176304,3.834596561500225,0.0805833598975738,1.5104184428605532,2.8087695943132056,1.7341255469308248,70.05222789409328
UP20_SCORE80_NIKKEION_TP4.0_SL1.0_H1,VALIDATION,2021-12-07,5631.T,HOLD,10.694492763309638,1,10.645540890384392,False,1.0000003168978422,21.931804021919397,1.7857058313969,0.0589696635186913,1.3950281005413232,3.285516655809917,1.548248844840287,66.37373961507566
UP20_SCORE80_NIKKEION_TP4.0_SL1.0_H1,VALIDATION,2021-12-08,6645.T,HOLD,6.7542553756062444,1,3.0112919021045808,False,0.9457961027463436,15.821247055769671,3.499558916100698,0.0423427935854829,1.498042304751755,2.6177167385794675,1.889220835189879,66.8273775788349
UP20_SCORE80_NIKKEION_TP4.0_SL1.0_H1,VALIDATION,2021-12-09,6479.T,HOLD,8.7160366186945,1,5.879467782827034,False,1.7166302221311105,17.684123446761973,1.5455949020147797,0.0581516502734296,1.3050626036666813,2.81740466795332,1.5219103046901743,67.01127051287077
UP20_SCORE80_NIKKEION_TP4.0_SL1.0_H1,VALIDATION,2022-04-19,8253.T,WIN,13.060758828001275,1,4.084391418638965,False,3.524549730790638,22.750160167218976,-1.1771974446330935,0.2060237242815621,1.335099270600313,3.2901897070003163,3.089840470193115,80.50629602206463
UP20_SCORE80_NIKKEION_TP4.0_SL1.0_H1,VALIDATION,2022-04-20,7731.T,WIN,11.538866435786288,1,5.331679308595854,False,4.594120559332926,38.183888000115005,2.4221480431072973,0.0687166669170018,1.5101938005668956,2.9097166089465736,1.6191277214981885,74.05023296865045
UP20_SCORE80_NIKKEION_TP4.0_SL1.0_H1,VALIDATION,2022-04-21,7731.T,WIN,12.100591031707298,1,6.03026904185015,False,4.439808738902973,40.50573654498357,0.9459507170847424,0.038830077547828,1.4839668913029855,3.0501477579268244,1.595042815112801,75.15410740893785
UP20_SCORE80_NIKKEION_TP4.0_SL1.0_H1,VALIDATION,2022-04-22,2501.T,HOLD,4.880515259603169,1,2.543589903026497,False,0.742969780226832,11.2336812681293,-1.0651335403527362,0.0289662176694687,1.2305057571782538,1.7469692611179477,1.5558627044459803,63.39193154260781
UP30_SCORE80_NIKKEION_TP4.0_SL1.25_H1,VALIDATION,2021-07-13,3436.T,LOSS,-3.153055270875038,1,1.3432077099213882,False,0.7929812169835682,15.174930938548256,1.3810495988814342,0.0328965600167234,1.7176382710154452,2.5193617225631515,1.662253526604086,63.09826424578068
UP30_SCORE80_NIKKEION_TP4.0_SL1.25_H1,VALIDATION,2021-07-29,7741.T,LOSS,-2.765122489704075,1,5.782496202312959,False,0.8591742759043841,22.2346909742208,1.802104187543141,0.042048116900704,1.455040491482826,2.190476883825883,1.6487489221665836,65.62224181700223
UP30_SCORE80_NIKKEION_TP4.0_SL1.25_H1,VALIDATION,2021-09-29,7013.T,WIN,11.067726742331397,1,0.058218160470407,False,1.8423349653284185,19.048405462885917,4.907760472714662,0.1288075658130838,2.169021109992189,2.791931685582849,3.0466452069191163,68.7245293647962
UP30_SCORE80_NIKKEION_TP4.0_SL1.25_H1,VALIDATION,2021-10-12,8058.T,WIN,7.879062965369477,1,8.361130659338322,False,1.7079674220135788,21.63018033118633,2.321071477409853,0.0460454060091555,1.3036186572784754,1.994765741342371,1.6750123779088086,67.06625582419866
UP30_SCORE80_NIKKEION_TP4.0_SL1.25_H1,VALIDATION,2021-10-13,7211.T,HOLD,11.561111525232414,1,0.6160064173620726,False,2.5433057702566986,26.861461171495016,5.421683365608598,0.1723294917743951,1.4413764681640222,3.464078419300076,1.8547706177423653,70.62134009989532
UP30_SCORE80_NIKKEION_TP4.0_SL1.25_H1,VALIDATION,2021-10-14,2914.T,WIN,4.306499623291183,1,1.5063409134936456,False,0.5413790110075478,17.96132458983762,0.4416940335568498,0.0111099567165005,1.3775767029388553,1.1016249058227956,1.8290283055063925,71.00749530796972
UP30_SCORE80_NIKKEION_TP4.0_SL1.25_H1,VALIDATION,2021-10-15,7211.T,WIN,14.199964905060293,1,1.9640296207926853,False,4.01150241832795,31.059828727112784,4.545444044633462,0.1741722830066381,1.122590968737058,3.574991226265071,1.5564779050160813,74.85397905840844
UP30_SCORE80_NIKKEION_TP4.0_SL1.25_H1,VALIDATION,2021-10-18,7012.T,WIN,11.135078377252816,1,5.230299413203637,False,1.7771497357482513,22.116967535176304,3.834596561500225,0.0805833598975738,1.5104184428605532,2.8087695943132056,1.7341255469308248,70.05222789409328
UP30_SCORE80_NIKKEION_TP4.0_SL1.25_H1,VALIDATION,2021-12-07,5631.T,HOLD,10.694492763309638,1,10.645540890384392,False,1.0000003168978422,21.931804021919397,1.7857058313969,0.0589696635186913,1.3950281005413232,3.285516655809917,1.548248844840287,66.37373961507566
UP30_SCORE80_NIKKEION_TP4.0_SL1.25_H1,VALIDATION,2021-12-08,6645.T,HOLD,6.7542553756062444,1,3.0112919021045808,False,0.9457961027463436,15.821247055769671,3.499558916100698,0.0423427935854829,1.498042304751755,2.6177167385794675,1.889220835189879,66.8273775788349
UP30_SCORE80_NIKKEION_TP4.0_SL1.25_H1,VALIDATION,2021-12-09,6479.T,HOLD,8.7160366186945,1,5.879467782827034,False,1.7166302221311105,17.684123446761973,1.5455949020147797,0.0581516502734296,1.3050626036666813,2.81740466795332,1.5219103046901743,67.01127051287077
UP30_SCORE80_NIKKEION_TP4.0_SL1.25_H1,VALIDATION,2022-04-19,8253.T,WIN,13.060758828001275,1,4.084391418638965,False,3.524549730790638,22.750160167218976,-1.1771974446330935,0.2060237242815621,1.335099270600313,3.2901897070003163,3.089840470193115,80.50629602206463
UP30_SCORE80_NIKKEION_TP4.0_SL1.25_H1,VALIDATION,2022-04-20,7731.T,WIN,11.538866435786288,1,5.331679308595854,False,4.594120559332926,38.183888000115005,2.4221480431072973,0.0687166669170018,1.5101938005668956,2.9097166089465736,1.6191277214981885,74.05023296865045
UP30_SCORE80_NIKKEION_TP4.0_SL1.25_H1,VALIDATION,2022-04-21,7731.T,WIN,12.100591031707298,1,6.03026904185015,False,4.439808738902973,40.50573654498357,0.9459507170847424,0.038830077547828,1.4839668913029855,3.0501477579268244,1.595042815112801,75.15410740893785
UP30_SCORE80_NIKKEION_TP4.0_SL1.25_H1,VALIDATION,2022-04-22,2501.T,HOLD,4.880515259603169,1,2.543589903026497,False,0.742969780226832,11.2336812681293,-1.0651335403527362,0.0289662176694687,1.2305057571782538,1.7469692611179477,1.5558627044459803,63.39193154260781
UP30_SCORE80_NIKKEION_TP4.0_SL1.0_H1,VALIDATION,2021-07-13,3436.T,LOSS,-2.5574496760729204,1,1.3432077099213882,False,0.7929812169835682,15.174930938548256,1.3810495988814342,0.0328965600167234,1.7176382710154452,2.5193617225631515,1.662253526604086,63.09826424578068
UP30_SCORE80_NIKKEION_TP4.0_SL1.0_H1,VALIDATION,2021-07-29,7741.T,LOSS,-2.2435234971220464,1,5.782496202312959,False,0.8591742759043841,22.2346909742208,1.802104187543141,0.042048116900704,1.455040491482826,2.190476883825883,1.6487489221665836,65.62224181700223
UP30_SCORE80_NIKKEION_TP4.0_SL1.0_H1,VALIDATION,2021-09-29,7013.T,WIN,11.067726742331397,1,0.058218160470407,False,1.8423349653284185,19.048405462885917,4.907760472714662,0.1288075658130838,2.169021109992189,2.791931685582849,3.0466452069191163,68.7245293647962
UP30_SCORE80_NIKKEION_TP4.0_SL1.0_H1,VALIDATION,2021-10-12,8058.T,WIN,7.879062965369477,1,8.361130659338322,False,1.7079674220135788,21.63018033118633,2.321071477409853,0.0460454060091555,1.3036186572784754,1.994765741342371,1.6750123779088086,67.06625582419866
UP30_SCORE80_NIKKEION_TP4.0_SL1.0_H1,VALIDATION,2021-10-13,7211.T,HOLD,11.561111525232414,1,0.6160064173620726,False,2.5433057702566986,26.861461171495016,5.421683365608598,0.1723294917743951,1.4413764681640222,3.464078419300076,1.8547706177423653,70.62134009989532
UP30_SCORE80_NIKKEION_TP4.0_SL1.0_H1,VALIDATION,2021-10-14,2914.T,WIN,4.306499623291183,1,1.5063409134936456,False,0.5413790110075478,17.96132458983762,0.4416940335568498,0.0111099567165005,1.3775767029388553,1.1016249058227956,1.8290283055063925,71.00749530796972
UP30_SCORE80_NIKKEION_TP4.0_SL1.0_H1,VALIDATION,2021-10-15,7211.T,WIN,14.199964905060293,1,1.9640296207926853,False,4.01150241832795,31.059828727112784,4.545444044633462,0.1741722830066381,1.122590968737058,3.574991226265071,1.5564779050160813,74.85397905840844
UP30_SCORE80_NIKKEION_TP4.0_SL1.0_H1,VALIDATION,2021-10-18,7012.T,WIN,11.135078377252816,1,5.230299413203637,False,1.7771497357482513,22.116967535176304,3.834596561500225,0.0805833598975738,1.5104184428605532,2.8087695943132056,1.7341255469308248,70.05222789409328
UP30_SCORE80_NIKKEION_TP4.0_SL1.0_H1,VALIDATION,2021-12-07,5631.T,HOLD,10.694492763309638,1,10.645540890384392,False,1.0000003168978422,21.931804021919397,1.7857058313969,0.0589696635186913,1.3950281005413232,3.285516655809917,1.548248844840287,66.37373961507566
UP30_SCORE80_NIKKEION_TP4.0_SL1.0_H1,VALIDATION,2021-12-08,6645.T,HOLD,6.7542553756062444,1,3.0112919021045808,False,0.9457961027463436,15.821247055769671,3.499558916100698,0.0423427935854829,1.498042304751755,2.6177167385794675,1.889220835189879,66.8273775788349
UP30_SCORE80_NIKKEION_TP4.0_SL1.0_H1,VALIDATION,2021-12-09,6479.T,HOLD,8.7160366186945,1,5.879467782827034,False,1.7166302221311105,17.684123446761973,1.5455949020147797,0.0581516502734296,1.3050626036666813,2.81740466795332,1.5219103046901743,67.01127051287077
UP30_SCORE80_NIKKEION_TP4.0_SL1.0_H1,VALIDATION,2022-04-19,8253.T,WIN,13.060758828001275,1,4.084391418638965,False,3.524549730790638,22.750160167218976,-1.1771974446330935,0.2060237242815621,1.335099270600313,3.2901897070003163,3.089840470193115,80.50629602206463
UP30_SCORE80_NIKKEION_TP4.0_SL1.0_H1,VALIDATION,2022-04-20,7731.T,WIN,11.538866435786288,1,5.331679308595854,False,4.594120559332926,38.183888000115005,2.4221480431072973,0.0687166669170018,1.5101938005668956,2.9097166089465736,1.6191277214981885,74.05023296865045
UP30_SCORE80_NIKKEION_TP4.0_SL1.0_H1,VALIDATION,2022-04-21,7731.T,WIN,12.100591031707298,1,6.03026904185015,False,4.439808738902973,40.50573654498357,0.9459507170847424,0.038830077547828,1.4839668913029855,3.0501477579268244,1.595042815112801,75.15410740893785
UP30_SCORE80_NIKKEION_TP4.0_SL1.0_H1,VALIDATION,2022-04-22,2501.T,HOLD,4.880515259603169,1,2.543589903026497,False,0.742969780226832,11.2336812681293,-1.0651335403527362,0.0289662176694687,1.2305057571782538,1.7469692611179477,1.5558627044459803,63.39193154260781
UP30_SCORE80_NIKKEION_TP4.0_SL1.5_H1,VALIDATION,2021-07-13,3436.T,LOSS,-3.741431342741075,1,1.3432077099213882,False,0.7929812169835682,15.174930938548256,1.3810495988814342,0.0328965600167234,1.7176382710154452,2.5193617225631515,1.662253526604086,63.09826424578068
UP30_SCORE80_NIKKEION_TP4.0_SL1.5_H1,VALIDATION,2021-07-29,7741.T,LOSS,-3.281190463150163,1,5.782496202312959,False,0.8591742759043841,22.2346909742208,1.802104187543141,0.042048116900704,1.455040491482826,2.190476883825883,1.6487489221665836,65.62224181700223
UP30_SCORE80_NIKKEION_TP4.0_SL1.5_H1,VALIDATION,2021-09-29,7013.T,WIN,11.067726742331397,1,0.058218160470407,False,1.8423349653284185,19.048405462885917,4.907760472714662,0.1288075658130838,2.169021109992189,2.791931685582849,3.0466452069191163,68.7245293647962
UP30_SCORE80_NIKKEION_TP4.0_SL1.5_H1,VALIDATION,2021-10-12,8058.T,WIN,7.879062965369477,1,8.361130659338322,False,1.7079674220135788,21.63018033118633,2.321071477409853,0.0460454060091555,1.3036186572784754,1.994765741342371,1.6750123779088086,67.06625582419866
UP30_SCORE80_NIKKEION_TP4.0_SL1.5_H1,VALIDATION,2021-10-13,7211.T,HOLD,11.561111525232414,1,0.6160064173620726,False,2.5433057702566986,26.861461171495016,5.421683365608598,0.1723294917743951,1.4413764681640222,3.464078419300076,1.8547706177423653,70.62134009989532
UP30_SCORE80_NIKKEION_TP4.0_SL1.5_H1,VALIDATION,2021-10-14,2914.T,WIN,4.306499623291183,1,1.5063409134936456,False,0.5413790110075478,17.96132458983762,0.4416940335568498,0.0111099567165005,1.3775767029388553,1.1016249058227956,1.8290283055063925,71.00749530796972
UP30_SCORE80_NIKKEION_TP4.0_SL1.5_H1,VALIDATION,2021-10-15,7211.T,WIN,14.199964905060293,1,1.9640296207926853,False,4.01150241832795,31.059828727112784,4.545444044633462,0.1741722830066381,1.122590968737058,3.574991226265071,1.5564779050160813,74.85397905840844
UP30_SCORE80_NIKKEION_TP4.0_SL1.5_H1,VALIDATION,2021-10-18,7012.T,WIN,11.135078377252816,1,5.230299413203637,False,1.7771497357482513,22.116967535176304,3.834596561500225,0.0805833598975738,1.5104184428605532,2.8087695943132056,1.7341255469308248,70.05222789409328
UP30_SCORE80_NIKKEION_TP4.0_SL1.5_H1,VALIDATION,2021-12-07,5631.T,HOLD,10.694492763309638,1,10.645540890384392,False,1.0000003168978422,21.931804021919397,1.7857058313969,0.0589696635186913,1.3950281005413232,3.285516655809917,1.548248844840287,66.37373961507566
UP30_SCORE80_NIKKEION_TP4.0_SL1.5_H1,VALIDATION,2021-12-08,6645.T,HOLD,6.7542553756062444,1,3.0112919021045808,False,0.9457961027463436,15.821247055769671,3.499558916100698,0.0423427935854829,1.498042304751755,2.6177167385794675,1.889220835189879,66.8273775788349
UP30_SCORE80_NIKKEION_TP4.0_SL1.5_H1,VALIDATION,2021-12-09,6479.T,HOLD,8.7160366186945,1,5.879467782827034,False,1.7166302221311105,17.684123446761973,1.5455949020147797,0.0581516502734296,1.3050626036666813,2.81740466795332,1.5219103046901743,67.01127051287077
UP30_SCORE80_NIKKEION_TP4.0_SL1.5_H1,VALIDATION,2022-04-19,8253.T,WIN,13.060758828001275,1,4.084391418638965,False,3.524549730790638,22.750160167218976,-1.1771974446330935,0.2060237242815621,1.335099270600313,3.2901897070003163,3.089840470193115,80.50629602206463
UP30_SCORE80_NIKKEION_TP4.0_SL1.5_H1,VALIDATION,2022-04-20,7731.T,WIN,11.538866435786288,1,5.331679308595854,False,4.594120559332926,38.183888000115005,2.4221480431072973,0.0687166669170018,1.5101938005668956,2.9097166089465736,1.6191277214981885,74.05023296865045
UP30_SCORE80_NIKKEION_TP4.0_SL1.5_H1,VALIDATION,2022-04-21,7731.T,WIN,12.100591031707298,1,6.03026904185015,False,4.439808738902973,40.50573654498357,0.9459507170847424,0.038830077547828,1.4839668913029855,3.0501477579268244,1.595042815112801,75.15410740893785
UP30_SCORE80_NIKKEION_TP4.0_SL1.5_H1,VALIDATION,2022-04-22,2501.T,HOLD,4.880515259603169,1,2.543589903026497,False,0.742969780226832,11.2336812681293,-1.0651335403527362,0.0289662176694687,1.2305057571782538,1.7469692611179477,1.5558627044459803,63.39193154260781
UP30_SCORE80_NIKKEION_TP4.0_SL1.75_H1,VALIDATION,2021-07-13,3436.T,LOSS,-4.322708726683565,1,1.3432077099213882,False,0.7929812169835682,15.174930938548256,1.3810495988814342,0.0328965600167234,1.7176382710154452,2.5193617225631515,1.662253526604086,63.09826424578068
UP30_SCORE80_NIKKEION_TP4.0_SL1.75_H1,VALIDATION,2021-07-29,7741.T,LOSS,-3.7918149295989356,1,5.782496202312959,False,0.8591742759043841,22.2346909742208,1.802104187543141,0.042048116900704,1.455040491482826,2.190476883825883,1.6487489221665836,65.62224181700223
UP30_SCORE80_NIKKEION_TP4.0_SL1.75_H1,VALIDATION,2021-09-29,7013.T,WIN,11.067726742331397,1,0.058218160470407,False,1.8423349653284185,19.048405462885917,4.907760472714662,0.1288075658130838,2.169021109992189,2.791931685582849,3.0466452069191163,68.7245293647962
UP30_SCORE80_NIKKEION_TP4.0_SL1.75_H1,VALIDATION,2021-10-12,8058.T,WIN,7.879062965369477,1,8.361130659338322,False,1.7079674220135788,21.63018033118633,2.321071477409853,0.0460454060091555,1.3036186572784754,1.994765741342371,1.6750123779088086,67.06625582419866
UP30_SCORE80_NIKKEION_TP4.0_SL1.75_H1,VALIDATION,2021-10-13,7211.T,HOLD,11.561111525232414,1,0.6160064173620726,False,2.5433057702566986,26.861461171495016,5.421683365608598,0.1723294917743951,1.4413764681640222,3.464078419300076,1.8547706177423653,70.62134009989532
UP30_SCORE80_NIKKEION_TP4.0_SL1.75_H1,VALIDATION,2021-10-14,2914.T,WIN,4.306499623291183,1,1.5063409134936456,False,0.5413790110075478,17.96132458983762,0.4416940335568498,0.0111099567165005,1.3775767029388553,1.1016249058227956,1.8290283055063925,71.00749530796972
UP30_SCORE80_NIKKEION_TP4.0_SL1.75_H1,VALIDATION,2021-10-15,7211.T,WIN,14.199964905060293,1,1.9640296207926853,False,4.01150241832795,31.059828727112784,4.545444044633462,0.1741722830066381,1.122590968737058,3.574991226265071,1.5564779050160813,74.85397905840844
UP30_SCORE80_NIKKEION_TP4.0_SL1.75_H1,VALIDATION,2021-10-18,7012.T,WIN,11.135078377252816,1,5.230299413203637,False,1.7771497357482513,22.116967535176304,3.834596561500225,0.0805833598975738,1.5104184428605532,2.8087695943132056,1.7341255469308248,70.05222789409328
UP30_SCORE80_NIKKEION_TP4.0_SL1.75_H1,VALIDATION,2021-12-07,5631.T,HOLD,10.694492763309638,1,10.645540890384392,False,1.0000003168978422,21.931804021919397,1.7857058313969,0.0589696635186913,1.3950281005413232,3.285516655809917,1.548248844840287,66.37373961507566
UP30_SCORE80_NIKKEION_TP4.0_SL1.75_H1,VALIDATION,2021-12-08,6645.T,HOLD,6.7542553756062444,1,3.0112919021045808,False,0.9457961027463436,15.821247055769671,3.499558916100698,0.0423427935854829,1.498042304751755,2.6177167385794675,1.889220835189879,66.8273775788349
UP30_SCORE80_NIKKEION_TP4.0_SL1.75_H1,VALIDATION,2021-12-09,6479.T,HOLD,8.7160366186945,1,5.879467782827034,False,1.7166302221311105,17.684123446761973,1.5455949020147797,0.0581516502734296,1.3050626036666813,2.81740466795332,1.5219103046901743,67.01127051287077
UP30_SCORE80_NIKKEION_TP4.0_SL1.75_H1,VALIDATION,2022-04-19,8253.T,WIN,13.060758828001275,1,4.084391418638965,False,3.524549730790638,22.750160167218976,-1.1771974446330935,0.2060237242815621,1.335099270600313,3.2901897070003163,3.089840470193115,80.50629602206463
UP30_SCORE80_NIKKEION_TP4.0_SL1.75_H1,VALIDATION,2022-04-20,7731.T,WIN,11.538866435786288,1,5.331679308595854,False,4.594120559332926,38.183888000115005,2.4221480431072973,0.0687166669170018,1.5101938005668956,2.9097166089465736,1.6191277214981885,74.05023296865045
UP30_SCORE80_NIKKEION_TP4.0_SL1.75_H1,VALIDATION,2022-04-21,7731.T,WIN,12.100591031707298,1,6.03026904185015,False,4.439808738902973,40.50573654498357,0.9459507170847424,0.038830077547828,1.4839668913029855,3.0501477579268244,1.595042815112801,75.15410740893785
UP30_SCORE80_NIKKEION_TP4.0_SL1.75_H1,VALIDATION,2022-04-22,2501.T,HOLD,4.880515259603169,1,2.543589903026497,False,0.742969780226832,11.2336812681293,-1.0651335403527362,0.0289662176694687,1.2305057571782538,1.7469692611179477,1.5558627044459803,63.39193154260781
UP30_SCORE80_NIKKEION_TP4.0_SL2.0_H1,VALIDATION,2021-07-13,3436.T,LOSS,-4.89701511962739,1,1.3432077099213882,False,0.7929812169835682,15.174930938548256,1.3810495988814342,0.0328965600167234,1.7176382710154452,2.5193617225631515,1.662253526604086,63.09826424578068
UP30_SCORE80_NIKKEION_TP4.0_SL2.0_H1,VALIDATION,2021-07-29,7741.T,LOSS,-4.297081564711135,1,5.782496202312959,False,0.8591742759043841,22.2346909742208,1.802104187543141,0.042048116900704,1.455040491482826,2.190476883825883,1.6487489221665836,65.62224181700223
UP30_SCORE80_NIKKEION_TP4.0_SL2.0_H1,VALIDATION,2021-09-29,7013.T,WIN,11.067726742331397,1,0.058218160470407,False,1.8423349653284185,19.048405462885917,4.907760472714662,0.1288075658130838,2.169021109992189,2.791931685582849,3.0466452069191163,68.7245293647962
UP30_SCORE80_NIKKEION_TP4.0_SL2.0_H1,VALIDATION,2021-10-12,8058.T,WIN,7.879062965369477,1,8.361130659338322,False,1.7079674220135788,21.63018033118633,2.321071477409853,0.0460454060091555,1.3036186572784754,1.994765741342371,1.6750123779088086,67.06625582419866
UP30_SCORE80_NIKKEION_TP4.0_SL2.0_H1,VALIDATION,2021-10-13,7211.T,HOLD,11.561111525232414,1,0.6160064173620726,False,2.5433057702566986,26.861461171495016,5.421683365608598,0.1723294917743951,1.4413764681640222,3.464078419300076,1.8547706177423653,70.62134009989532
UP30_SCORE80_NIKKEION_TP4.0_SL2.0_H1,VALIDATION,2021-10-14,2914.T,WIN,4.306499623291183,1,1.5063409134936456,False,0.5413790110075478,17.96132458983762,0.4416940335568498,0.0111099567165005,1.3775767029388553,1.1016249058227956,1.8290283055063925,71.00749530796972
UP30_SCORE80_NIKKEION_TP4.0_SL2.0_H1,VALIDATION,2021-10-15,7211.T,WIN,14.199964905060293,1,1.9640296207926853,False,4.01150241832795,31.059828727112784,4.545444044633462,0.1741722830066381,1.122590968737058,3.574991226265071,1.5564779050160813,74.85397905840844
UP30_SCORE80_NIKKEION_TP4.0_SL2.0_H1,VALIDATION,2021-10-18,7012.T,WIN,11.135078377252816,1,5.230299413203637,False,1.7771497357482513,22.116967535176304,3.834596561500225,0.0805833598975738,1.5104184428605532,2.8087695943132056,1.7341255469308248,70.05222789409328
UP30_SCORE80_NIKKEION_TP4.0_SL2.0_H1,VALIDATION,2021-12-07,5631.T,HOLD,10.694492763309638,1,10.645540890384392,False,1.0000003168978422,21.931804021919397,1.7857058313969,0.0589696635186913,1.3950281005413232,3.285516655809917,1.548248844840287,66.37373961507566
UP30_SCORE80_NIKKEION_TP4.0_SL2.0_H1,VALIDATION,2021-12-08,6645.T,HOLD,6.7542553756062444,1,3.0112919021045808,False,0.9457961027463436,15.821247055769671,3.499558916100698,0.0423427935854829,1.498042304751755,2.6177167385794675,1.889220835189879,66.8273775788349
UP30_SCORE80_NIKKEION_TP4.0_SL2.0_H1,VALIDATION,2021-12-09,6479.T,HOLD,8.7160366186945,1,5.879467782827034,False,1.7166302221311105,17.684123446761973,1.5455949020147797,0.0581516502734296,1.3050626036666813,2.81740466795332,1.5219103046901743,67.01127051287077
UP30_SCORE80_NIKKEION_TP4.0_SL2.0_H1,VALIDATION,2022-04-19,8253.T,WIN,13.060758828001275,1,4.084391418638965,False,3.524549730790638,22.750160167218976,-1.1771974446330935,0.2060237242815621,1.335099270600313,3.2901897070003163,3.089840470193115,80.50629602206463
UP30_SCORE80_NIKKEION_TP4.0_SL2.0_H1,VALIDATION,2022-04-20,7731.T,WIN,11.538866435786288,1,5.331679308595854,False,4.594120559332926,38.183888000115005,2.4221480431072973,0.0687166669170018,1.5101938005668956,2.9097166089465736,1.6191277214981885,74.05023296865045
UP30_SCORE80_NIKKEION_TP4.0_SL2.0_H1,VALIDATION,2022-04-21,7731.T,WIN,12.100591031707298,1,6.03026904185015,False,4.439808738902973,40.50573654498357,0.9459507170847424,0.038830077547828,1.4839668913029855,3.0501477579268244,1.595042815112801,75.15410740893785
UP30_SCORE80_NIKKEION_TP4.0_SL2.0_H1,VALIDATION,2022-04-22,2501.T,HOLD,4.880515259603169,1,2.543589903026497,False,0.742969780226832,11.2336812681293,-1.0651335403527362,0.0289662176694687,1.2305057571782538,1.7469692611179477,1.5558627044459803,63.39193154260781
UP25_SCORE80_NIKKEION_TP4.0_SL1.25_H1,VALIDATION,2021-07-13,3436.T,LOSS,-3.153055270875038,1,1.3432077099213882,False,0.7929812169835682,15.174930938548256,1.3810495988814342,0.0328965600167234,1.7176382710154452,2.5193617225631515,1.662253526604086,63.09826424578068
UP25_SCORE80_NIKKEION_TP4.0_SL1.25_H1,VALIDATION,2021-07-29,7741.T,LOSS,-2.765122489704075,1,5.782496202312959,False,0.8591742759043841,22.2346909742208,1.802104187543141,0.042048116900704,1.455040491482826,2.190476883825883,1.6487489221665836,65.62224181700223
UP25_SCORE80_NIKKEION_TP4.0_SL1.25_H1,VALIDATION,2021-09-29,7013.T,WIN,11.067726742331397,1,0.058218160470407,False,1.8423349653284185,19.048405462885917,4.907760472714662,0.1288075658130838,2.169021109992189,2.791931685582849,3.0466452069191163,68.7245293647962
UP25_SCORE80_NIKKEION_TP4.0_SL1.25_H1,VALIDATION,2021-10-12,8058.T,WIN,7.879062965369477,1,8.361130659338322,False,1.7079674220135788,21.63018033118633,2.321071477409853,0.0460454060091555,1.3036186572784754,1.994765741342371,1.6750123779088086,67.06625582419866
UP25_SCORE80_NIKKEION_TP4.0_SL1.25_H1,VALIDATION,2021-10-13,7211.T,HOLD,11.561111525232414,1,0.6160064173620726,False,2.5433057702566986,26.861461171495016,5.421683365608598,0.1723294917743951,1.4413764681640222,3.464078419300076,1.8547706177423653,70.62134009989532
UP25_SCORE80_NIKKEION_TP4.0_SL1.25_H1,VALIDATION,2021-10-14,2914.T,WIN,4.306499623291183,1,1.5063409134936456,False,0.5413790110075478,17.96132458983762,0.4416940335568498,0.0111099567165005,1.3775767029388553,1.1016249058227956,1.8290283055063925,71.00749530796972
UP25_SCORE80_NIKKEION_TP4.0_SL1.25_H1,VALIDATION,2021-10-15,7211.T,WIN,14.199964905060293,1,1.9640296207926853,False,4.01150241832795,31.059828727112784,4.545444044633462,0.1741722830066381,1.122590968737058,3.574991226265071,1.5564779050160813,74.85397905840844
UP25_SCORE80_NIKKEION_TP4.0_SL1.25_H1,VALIDATION,2021-10-18,7012.T,WIN,11.135078377252816,1,5.230299413203637,False,1.7771497357482513,22.116967535176304,3.834596561500225,0.0805833598975738,1.5104184428605532,2.8087695943132056,1.7341255469308248,70.05222789409328
UP25_SCORE80_NIKKEION_TP4.0_SL1.25_H1,VALIDATION,2021-12-07,5631.T,HOLD,10.694492763309638,1,10.645540890384392,False,1.0000003168978422,21.931804021919397,1.7857058313969,0.0589696635186913,1.3950281005413232,3.285516655809917,1.548248844840287,66.37373961507566
UP25_SCORE80_NIKKEION_TP4.0_SL1.25_H1,VALIDATION,2021-12-08,6645.T,HOLD,6.7542553756062444,1,3.0112919021045808,False,0.9457961027463436,15.821247055769671,3.499558916100698,0.0423427935854829,1.498042304751755,2.6177167385794675,1.889220835189879,66.8273775788349
UP25_SCORE80_NIKKEION_TP4.0_SL1.25_H1,VALIDATION,2021-12-09,6479.T,HOLD,8.7160366186945,1,5.879467782827034,False,1.7166302221311105,17.684123446761973,1.5455949020147797,0.0581516502734296,1.3050626036666813,2.81740466795332,1.5219103046901743,67.01127051287077
UP25_SCORE80_NIKKEION_TP4.0_SL1.25_H1,VALIDATION,2022-04-19,8253.T,WIN,13.060758828001275,1,4.084391418638965,False,3.524549730790638,22.750160167218976,-1.1771974446330935,0.2060237242815621,1.335099270600313,3.2901897070003163,3.089840470193115,80.50629602206463
UP25_SCORE80_NIKKEION_TP4.0_SL1.25_H1,VALIDATION,2022-04-20,7731.T,WIN,11.538866435786288,1,5.331679308595854,False,4.594120559332926,38.183888000115005,2.4221480431072973,0.0687166669170018,1.5101938005668956,2.9097166089465736,1.6191277214981885,74.05023296865045
UP25_SCORE80_NIKKEION_TP4.0_SL1.25_H1,VALIDATION,2022-04-21,7731.T,WIN,12.100591031707298,1,6.03026904185015,False,4.439808738902973,40.50573654498357,0.9459507170847424,0.038830077547828,1.4839668913029855,3.0501477579268244,1.595042815112801,75.15410740893785
UP25_SCORE80_NIKKEION_TP4.0_SL1.25_H1,VALIDATION,2022-04-22,2501.T,HOLD,4.880515259603169,1,2.543589903026497,False,0.742969780226832,11.2336812681293,-1.0651335403527362,0.0289662176694687,1.2305057571782538,1.7469692611179477,1.5558627044459803,63.39193154260781
UP25_SCORE80_NIKKEION_TP4.0_SL2.0_H1,VALIDATION,2021-07-13,3436.T,LOSS,-4.89701511962739,1,1.3432077099213882,False,0.7929812169835682,15.174930938548256,1.3810495988814342,0.0328965600167234,1.7176382710154452,2.5193617225631515,1.662253526604086,63.09826424578068
UP25_SCORE80_NIKKEION_TP4.0_SL2.0_H1,VALIDATION,2021-07-29,7741.T,LOSS,-4.297081564711135,1,5.782496202312959,False,0.8591742759043841,22.2346909742208,1.802104187543141,0.042048116900704,1.455040491482826,2.190476883825883,1.6487489221665836,65.62224181700223
UP25_SCORE80_NIKKEION_TP4.0_SL2.0_H1,VALIDATION,2021-09-29,7013.T,WIN,11.067726742331397,1,0.058218160470407,False,1.8423349653284185,19.048405462885917,4.907760472714662,0.1288075658130838,2.169021109992189,2.791931685582849,3.0466452069191163,68.7245293647962
UP25_SCORE80_NIKKEION_TP4.0_SL2.0_H1,VALIDATION,2021-10-12,8058.T,WIN,7.879062965369477,1,8.361130659338322,False,1.7079674220135788,21.63018033118633,2.321071477409853,0.0460454060091555,1.3036186572784754,1.994765741342371,1.6750123779088086,67.06625582419866
UP25_SCORE80_NIKKEION_TP4.0_SL2.0_H1,VALIDATION,2021-10-13,7211.T,HOLD,11.561111525232414,1,0.6160064173620726,False,2.5433057702566986,26.861461171495016,5.421683365608598,0.1723294917743951,1.4413764681640222,3.464078419300076,1.8547706177423653,70.62134009989532
UP25_SCORE80_NIKKEION_TP4.0_SL2.0_H1,VALIDATION,2021-10-14,2914.T,WIN,4.306499623291183,1,1.5063409134936456,False,0.5413790110075478,17.96132458983762,0.4416940335568498,0.0111099567165005,1.3775767029388553,1.1016249058227956,1.8290283055063925,71.00749530796972
UP25_SCORE80_NIKKEION_TP4.0_SL2.0_H1,VALIDATION,2021-10-15,7211.T,WIN,14.199964905060293,1,1.9640296207926853,False,4.01150241832795,31.059828727112784,4.545444044633462,0.1741722830066381,1.122590968737058,3.574991226265071,1.5564779050160813,74.85397905840844
UP25_SCORE80_NIKKEION_TP4.0_SL2.0_H1,VALIDATION,2021-10-18,7012.T,WIN,11.135078377252816,1,5.230299413203637,False,1.7771497357482513,22.116967535176304,3.834596561500225,0.0805833598975738,1.5104184428605532,2.8087695943132056,1.7341255469308248,70.05222789409328
UP25_SCORE80_NIKKEION_TP4.0_SL2.0_H1,VALIDATION,2021-12-07,5631.T,HOLD,10.694492763309638,1,10.645540890384392,False,1.0000003168978422,21.931804021919397,1.7857058313969,0.0589696635186913,1.3950281005413232,3.285516655809917,1.548248844840287,66.37373961507566
UP25_SCORE80_NIKKEION_TP4.0_SL2.0_H1,VALIDATION,2021-12-08,6645.T,HOLD,6.7542553756062444,1,3.0112919021045808,False,0.9457961027463436,15.821247055769671,3.499558916100698,0.0423427935854829,1.498042304751755,2.6177167385794675,1.889220835189879,66.8273775788349
UP25_SCORE80_NIKKEION_TP4.0_SL2.0_H1,VALIDATION,2021-12-09,6479.T,HOLD,8.7160366186945,1,5.879467782827034,False,1.7166302221311105,17.684123446761973,1.5455949020147797,0.0581516502734296,1.3050626036666813,2.81740466795332,1.5219103046901743,67.01127051287077
UP25_SCORE80_NIKKEION_TP4.0_SL2.0_H1,VALIDATION,2022-04-19,8253.T,WIN,13.060758828001275,1,4.084391418638965,False,3.524549730790638,22.750160167218976,-1.1771974446330935,0.2060237242815621,1.335099270600313,3.2901897070003163,3.089840470193115,80.50629602206463
UP25_SCORE80_NIKKEION_TP4.0_SL2.0_H1,VALIDATION,2022-04-20,7731.T,WIN,11.538866435786288,1,5.331679308595854,False,4.594120559332926,38.183888000115005,2.4221480431072973,0.0687166669170018,1.5101938005668956,2.9097166089465736,1.6191277214981885,74.05023296865045
UP25_SCORE80_NIKKEION_TP4.0_SL2.0_H1,VALIDATION,2022-04-21,7731.T,WIN,12.100591031707298,1,6.03026904185015,False,4.439808738902973,40.50573654498357,0.9459507170847424,0.038830077547828,1.4839668913029855,3.0501477579268244,1.595042815112801,75.15410740893785
UP25_SCORE80_NIKKEION_TP4.0_SL2.0_H1,VALIDATION,2022-04-22,2501.T,HOLD,4.880515259603169,1,2.543589903026497,False,0.742969780226832,11.2336812681293,-1.0651335403527362,0.0289662176694687,1.2305057571782538,1.7469692611179477,1.5558627044459803,63.39193154260781
UP35_SCORE20_NIKKEION_TP4.0_SL1.0_H5,VALIDATION,2021-07-09,6645.T,LOSS,-1.931962382689234,1,0.4743396218327339,False,0.9478235497266674,18.223915462954743,-1.5367563312057464,0.0360170390907692,1.760350973402797,1.8661495402717405,1.804844193381184,60.87904898690845
UP35_SCORE20_NIKKEION_TP4.0_SL1.0_H5,VALIDATION,2021-07-13,4901.T,LOSS,-1.6859662384914764,1,8.78146440643763,False,1.403055122943253,28.631958143655496,1.3472559049030997,0.0119613580786761,1.1338425396665872,1.6115244725511662,1.3164861612515042,71.567900220303
UP35_SCORE20_NIKKEION_TP4.0_SL1.0_H5,VALIDATION,2021-07-20,1332.T,LOSS,-2.1055909930695282,1,1.5419562620114935,False,0.0596843839731908,13.25367859637552,-2.8622557455460163,0.0390022803080433,0.8854296206346652,2.0466381841515764,1.1465215517445522,52.9313990888255
UP35_SCORE20_NIKKEION_TP4.0_SL1.0_H5,VALIDATION,2021-07-21,8725.T,LOSS,-1.7676030272890442,1,0.2216069211720765,False,0.0390364295364209,13.9379092218091,-1.624345763610635,0.0208256161139215,1.3637425410375656,1.695883634110773,1.174722073598478,52.68056789589655
UP35_SCORE20_NIKKEION_TP4.0_SL1.0_H5,VALIDATION,2021-07-26,1928.T,LOSS,-2.0132522396078656,1,-0.4427654899276381,True,0.3242241855083039,9.508372900060992,-3.724299162306244,-0.01379338333952,1.0798636707418647,1.9505715943213635,1.1718108812865555,47.48650943041304
UP35_SCORE20_NIKKEION_TP4.0_SL1.0_H5,VALIDATION,2021-07-29,7741.T,LOSS,-2.2435234971220464,1,5.782496202312959,False,0.8591742759043841,22.2346909742208,1.802104187543141,0.042048116900704,1.455040491482826,2.190476883825883,1.6487489221665836,65.62224181700223
UP35_SCORE20_NIKKEION_TP4.0_SL1.0_H5,VALIDATION,2021-07-30,6178.T,LOSS,-1.3774927283810245,1,0.0555580720523054,False,0.4974359929637462,18.19246384943799,-1.0964598550916138,0.0187216379498185,0.977229263953747,1.2940237881785257,0.8688285563183622,53.2218663154175
UP35_SCORE20_NIKKEION_TP4.0_SL1.0_H5,VALIDATION,2021-08-18,7532.T,LOSS,-2.8374636251558227,1,1.363758943376027,False,-1.0586773029716,11.962600769605952,-12.020029948666078,-0.0561428234594534,2.8726343082850705,2.8145098073587116,4.77352804977081,28.988950320678555
UP35_SCORE20_NIKKEION_TP4.0_SL1.0_H5,VALIDATION,2021-09-29,7013.T,WIN,11.067726742331397,1,0.058218160470407,False,1.8423349653284185,19.048405462885917,4.907760472714662,0.1288075658130838,2.169021109992189,2.791931685582849,3.0466452069191163,68.7245293647962
UP35_SCORE20_NIKKEION_TP4.0_SL1.0_H5,VALIDATION,2021-10-11,8002.T,WIN,9.392176577408263,1,0.3513160585350808,False,1.7369617484796818,14.310102518796583,1.0783826315478473,0.0481368637519248,1.0601318877836146,2.3730441443520656,0.9749085113201852,62.315081816513405
UP35_SCORE20_NIKKEION_TP4.0_SL1.0_H5,VALIDATION,2021-10-12,2914.T,WIN,4.0273668233750675,1,1.368440042151013,False,0.4311899049492584,13.164478620015103,1.1796882436700074,0.0153409252125975,1.5489495234259631,1.0318417058437688,1.6971087053697114,63.84111200981569
UP35_SCORE20_NIKKEION_TP4.0_SL1.0_H5,VALIDATION,2021-10-13,7211.T,WIN,13.756313677200305,2,0.6160064173620726,False,2.5433057702566986,26.861461171495016,5.421683365608598,0.1723294917743951,1.4413764681640222,3.464078419300076,1.8547706177423653,70.62134009989532
UP35_SCORE20_NIKKEION_TP4.0_SL1.0_H5,VALIDATION,2021-10-15,7211.T,WIN,14.199964905060293,1,1.9640296207926853,False,4.01150241832795,31.059828727112784,4.545444044633462,0.1741722830066381,1.122590968737058,3.574991226265071,1.5564779050160813,74.85397905840844
UP35_SCORE20_NIKKEION_TP4.0_SL1.0_H5,VALIDATION,2021-10-18,7012.T,WIN,11.135078377252816,1,5.230299413203637,False,1.7771497357482513,22.116967535176304,3.834596561500225,0.0805833598975738,1.5104184428605532,2.8087695943132056,1.7341255469308248,70.05222789409328
UP35_SCORE20_NIKKEION_TP4.0_SL1.0_H5,VALIDATION,2021-10-19,4385.T,LOSS,-4.119184652278173,3,6.572283868644349,False,2.2082631783447715,27.939595878703617,2.507374631268444,0.049355346484317,1.5774737008621371,4.019184652278174,1.2851384919727171,65.23561619197218
UP35_SCORE20_NIKKEION_TP4.0_SL1.0_H5,VALIDATION,2021-12-07,5631.T,HOLD,6.884100155047668,5,10.645540890384392,False,1.0000003168978422,21.931804021919397,1.7857058313969,0.0589696635186913,1.3950281005413232,3.285516655809917,1.548248844840287,66.37373961507566
UP35_SCORE20_NIKKEION_TP4.0_SL1.0_H5,VALIDATION,2022-01-06,1928.T,LOSS,-1.787860435192823,1,0.6581012201415931,False,1.6723012120976266,30.98525630507089,-0.5166856739081571,0.0244109775561468,1.535124854285539,1.7168382690727328,1.4106908274932766,64.68874574164282
UP35_SCORE20_NIKKEION_TP4.0_SL1.0_H5,VALIDATION,2022-01-12,6902.T,LOSS,-2.1315201676375684,1,9.500765287378506,False,3.463130574842688,36.80349829410915,-1.5682266036746495,0.0314764330203493,1.1978726652755864,2.073646718938349,1.4505731541969678,68.34260225044031
UP35_SCORE20_NIKKEION_TP4.0_SL1.0_H5,VALIDATION,2022-01-27,6504.T,LOSS,-3.8553544025771935,1,5.066917221182572,False,-1.6488155570028695,24.671138005902797,-16.873057529933334,-0.0067551910445874,1.4333220367703126,3.9018839741852127,1.832720575788968,28.85032426620046
UP35_SCORE20_NIKKEION_TP4.0_SL1.0_H5,VALIDATION,2022-03-02,7751.T,LOSS,-2.2839385030384407,1,2.578400254351059,False,-0.58768948853134,16.527315140107966,-8.534872613247146,-0.0405975562682718,1.2444033280554123,2.232699282322119,1.368435468198744,31.430020079333445
UP35_SCORE20_NIKKEION_TP4.0_SL1.0_H5,VALIDATION,2022-03-09,5019.T,LOSS,-3.8912402140463542,1,2.7231521130664715,False,3.0322971366194107,20.55247901962275,-8.99181766771424,0.1039811626194401,1.114095438215956,3.940639316504161,1.8003820112412627,57.35386673084192
UP35_SCORE20_NIKKEION_TP4.0_SL1.0_H5,VALIDATION,2022-04-19,8253.T,WIN,13.060758828001275,1,4.084391418638965,False,3.524549730790638,22.750160167218976,-1.1771974446330935,0.2060237242815621,1.335099270600313,3.2901897070003163,3.089840470193115,80.50629602206463
UP35_SCORE20_NIKKEION_TP4.0_SL1.0_H5,VALIDATION,2022-04-20,7731.T,WIN,11.538866435786288,1,5.331679308595854,False,4.594120559332926,38.183888000115005,2.4221480431072973,0.0687166669170018,1.5101938005668956,2.9097166089465736,1.6191277214981885,74.05023296865045
UP35_SCORE20_NIKKEION_TP4.0_SL1.0_H5,VALIDATION,2022-04-21,7731.T,WIN,12.100591031707298,1,6.03026904185015,False,4.439808738902973,40.50573654498357,0.9459507170847424,0.038830077547828,1.4839668913029855,3.0501477579268244,1.595042815112801,75.15410740893785
UP35_SCORE20_NIKKEION_TP4.0_SL1.0_H5,VALIDATION,2022-04-22,5714.T,HOLD,7.026931968635742,5,9.410909743596193,False,2.481422618629736,18.025300553274096,-5.220236384280097,-0.0256133443369229,1.4843435022174438,3.240724860937383,1.542570835006372,52.93606555141
UP35_SCORE20_NIKKEION_TP4.0_SL1.0_H3,VALIDATION,2021-07-09,6645.T,LOSS,-1.931962382689234,1,0.4743396218327339,False,0.9478235497266674,18.223915462954743,-1.5367563312057464,0.0360170390907692,1.760350973402797,1.8661495402717405,1.804844193381184,60.87904898690845
UP35_SCORE20_NIKKEION_TP4.0_SL1.0_H3,VALIDATION,2021-07-13,4901.T,LOSS,-1.6859662384914764,1,8.78146440643763,False,1.403055122943253,28.631958143655496,1.3472559049030997,0.0119613580786761,1.1338425396665872,1.6115244725511662,1.3164861612515042,71.567900220303
UP35_SCORE20_NIKKEION_TP4.0_SL1.0_H3,VALIDATION,2021-07-20,1332.T,LOSS,-2.1055909930695282,1,1.5419562620114935,False,0.0596843839731908,13.25367859637552,-2.8622557455460163,0.0390022803080433,0.8854296206346652,2.0466381841515764,1.1465215517445522,52.9313990888255
UP35_SCORE20_NIKKEION_TP4.0_SL1.0_H3,VALIDATION,2021-07-21,8725.T,LOSS,-1.7676030272890442,1,0.2216069211720765,False,0.0390364295364209,13.9379092218091,-1.624345763610635,0.0208256161139215,1.3637425410375656,1.695883634110773,1.174722073598478,52.68056789589655
UP35_SCORE20_NIKKEION_TP4.0_SL1.0_H3,VALIDATION,2021-07-26,1928.T,LOSS,-2.0132522396078656,1,-0.4427654899276381,True,0.3242241855083039,9.508372900060992,-3.724299162306244,-0.01379338333952,1.0798636707418647,1.9505715943213635,1.1718108812865555,47.48650943041304
UP35_SCORE20_NIKKEION_TP4.0_SL1.0_H3,VALIDATION,2021-07-29,7741.T,LOSS,-2.2435234971220464,1,5.782496202312959,False,0.8591742759043841,22.2346909742208,1.802104187543141,0.042048116900704,1.455040491482826,2.190476883825883,1.6487489221665836,65.62224181700223
UP35_SCORE20_NIKKEION_TP4.0_SL1.0_H3,VALIDATION,2021-07-30,6178.T,LOSS,-1.3774927283810245,1,0.0555580720523054,False,0.4974359929637462,18.19246384943799,-1.0964598550916138,0.0187216379498185,0.977229263953747,1.2940237881785257,0.8688285563183622,53.2218663154175
UP35_SCORE20_NIKKEION_TP4.0_SL1.0_H3,VALIDATION,2021-08-18,7532.T,LOSS,-2.8374636251558227,1,1.363758943376027,False,-1.0586773029716,11.962600769605952,-12.020029948666078,-0.0561428234594534,2.8726343082850705,2.8145098073587116,4.77352804977081,28.988950320678555
UP35_SCORE20_NIKKEION_TP4.0_SL1.0_H3,VALIDATION,2021-09-29,7013.T,WIN,11.067726742331397,1,0.058218160470407,False,1.8423349653284185,19.048405462885917,4.907760472714662,0.1288075658130838,2.169021109992189,2.791931685582849,3.0466452069191163,68.7245293647962
UP35_SCORE20_NIKKEION_TP4.0_SL1.0_H3,VALIDATION,2021-10-11,8002.T,WIN,9.392176577408263,1,0.3513160585350808,False,1.7369617484796818,14.310102518796583,1.0783826315478473,0.0481368637519248,1.0601318877836146,2.3730441443520656,0.9749085113201852,62.315081816513405
UP35_SCORE20_NIKKEION_TP4.0_SL1.0_H3,VALIDATION,2021-10-12,2914.T,WIN,4.0273668233750675,1,1.368440042151013,False,0.4311899049492584,13.164478620015103,1.1796882436700074,0.0153409252125975,1.5489495234259631,1.0318417058437688,1.6971087053697114,63.84111200981569
UP35_SCORE20_NIKKEION_TP4.0_SL1.0_H3,VALIDATION,2021-10-13,7211.T,WIN,13.756313677200305,2,0.6160064173620726,False,2.5433057702566986,26.861461171495016,5.421683365608598,0.1723294917743951,1.4413764681640222,3.464078419300076,1.8547706177423653,70.62134009989532
UP35_SCORE20_NIKKEION_TP4.0_SL1.0_H3,VALIDATION,2021-10-15,7211.T,WIN,14.199964905060293,1,1.9640296207926853,False,4.01150241832795,31.059828727112784,4.545444044633462,0.1741722830066381,1.122590968737058,3.574991226265071,1.5564779050160813,74.85397905840844
UP35_SCORE20_NIKKEION_TP4.0_SL1.0_H3,VALIDATION,2021-10-18,7012.T,WIN,11.135078377252816,1,5.230299413203637,False,1.7771497357482513,22.116967535176304,3.834596561500225,0.0805833598975738,1.5104184428605532,2.8087695943132056,1.7341255469308248,70.05222789409328
UP35_SCORE20_NIKKEION_TP4.0_SL1.0_H3,VALIDATION,2021-10-19,4385.T,LOSS,-4.119184652278173,3,6.572283868644349,False,2.2082631783447715,27.939595878703617,2.507374631268444,0.049355346484317,1.5774737008621371,4.019184652278174,1.2851384919727171,65.23561619197218
UP35_SCORE20_NIKKEION_TP4.0_SL1.0_H3,VALIDATION,2021-12-07,5631.T,HOLD,8.349635773609954,3,10.645540890384392,False,1.0000003168978422,21.931804021919397,1.7857058313969,0.0589696635186913,1.3950281005413232,3.285516655809917,1.548248844840287,66.37373961507566
UP35_SCORE20_NIKKEION_TP4.0_SL1.0_H3,VALIDATION,2022-01-06,1928.T,LOSS,-1.787860435192823,1,0.6581012201415931,False,1.6723012120976266,30.98525630507089,-0.5166856739081571,0.0244109775561468,1.535124854285539,1.7168382690727328,1.4106908274932766,64.68874574164282
UP35_SCORE20_NIKKEION_TP4.0_SL1.0_H3,VALIDATION,2022-01-12,6902.T,LOSS,-2.1315201676375684,1,9.500765287378506,False,3.463130574842688,36.80349829410915,-1.5682266036746495,0.0314764330203493,1.1978726652755864,2.073646718938349,1.4505731541969678,68.34260225044031
UP35_SCORE20_NIKKEION_TP4.0_SL1.0_H3,VALIDATION,2022-01-27,6504.T,LOSS,-3.8553544025771935,1,5.066917221182572,False,-1.6488155570028695,24.671138005902797,-16.873057529933334,-0.0067551910445874,1.4333220367703126,3.9018839741852127,1.832720575788968,28.85032426620046
UP35_SCORE20_NIKKEION_TP4.0_SL1.0_H3,VALIDATION,2022-03-02,7751.T,LOSS,-2.2839385030384407,1,2.578400254351059,False,-0.58768948853134,16.527315140107966,-8.534872613247146,-0.0405975562682718,1.2444033280554123,2.232699282322119,1.368435468198744,31.430020079333445
UP35_SCORE20_NIKKEION_TP4.0_SL1.0_H3,VALIDATION,2022-03-09,5019.T,LOSS,-3.8912402140463542,1,2.7231521130664715,False,3.0322971366194107,20.55247901962275,-8.99181766771424,0.1039811626194401,1.114095438215956,3.940639316504161,1.8003820112412627,57.35386673084192
UP35_SCORE20_NIKKEION_TP4.0_SL1.0_H3,VALIDATION,2022-04-19,8253.T,WIN,13.060758828001275,1,4.084391418638965,False,3.524549730790638,22.750160167218976,-1.1771974446330935,0.2060237242815621,1.335099270600313,3.2901897070003163,3.089840470193115,80.50629602206463
UP35_SCORE20_NIKKEION_TP4.0_SL1.0_H3,VALIDATION,2022-04-20,7731.T,WIN,11.538866435786288,1,5.331679308595854,False,4.594120559332926,38.183888000115005,2.4221480431072973,0.0687166669170018,1.5101938005668956,2.9097166089465736,1.6191277214981885,74.05023296865045
UP35_SCORE20_NIKKEION_TP4.0_SL1.0_H3,VALIDATION,2022-04-21,7731.T,WIN,12.100591031707298,1,6.03026904185015,False,4.439808738902973,40.50573654498357,0.9459507170847424,0.038830077547828,1.4839668913029855,3.0501477579268244,1.595042815112801,75.15410740893785
UP35_SCORE20_NIKKEION_TP4.0_SL1.0_H3,VALIDATION,2022-04-22,5714.T,HOLD,5.075621732412861,3,9.410909743596193,False,2.481422618629736,18.025300553274096,-5.220236384280097,-0.0256133443369229,1.4843435022174438,3.240724860937383,1.542570835006372,52.93606555141
UP35_SCORE30_NIKKEION_TP4.0_SL1.0_H3,VALIDATION,2021-07-09,6645.T,LOSS,-1.931962382689234,1,0.4743396218327339,False,0.9478235497266674,18.223915462954743,-1.5367563312057464,0.0360170390907692,1.760350973402797,1.8661495402717405,1.804844193381184,60.87904898690845
UP35_SCORE30_NIKKEION_TP4.0_SL1.0_H3,VALIDATION,2021-07-13,4901.T,LOSS,-1.6859662384914764,1,8.78146440643763,False,1.403055122943253,28.631958143655496,1.3472559049030997,0.0119613580786761,1.1338425396665872,1.6115244725511662,1.3164861612515042,71.567900220303
UP35_SCORE30_NIKKEION_TP4.0_SL1.0_H3,VALIDATION,2021-07-20,1332.T,LOSS,-2.1055909930695282,1,1.5419562620114935,False,0.0596843839731908,13.25367859637552,-2.8622557455460163,0.0390022803080433,0.8854296206346652,2.0466381841515764,1.1465215517445522,52.9313990888255
UP35_SCORE30_NIKKEION_TP4.0_SL1.0_H3,VALIDATION,2021-07-21,8725.T,LOSS,-1.7676030272890442,1,0.2216069211720765,False,0.0390364295364209,13.9379092218091,-1.624345763610635,0.0208256161139215,1.3637425410375656,1.695883634110773,1.174722073598478,52.68056789589655
UP35_SCORE30_NIKKEION_TP4.0_SL1.0_H3,VALIDATION,2021-07-29,7741.T,LOSS,-2.2435234971220464,1,5.782496202312959,False,0.8591742759043841,22.2346909742208,1.802104187543141,0.042048116900704,1.455040491482826,2.190476883825883,1.6487489221665836,65.62224181700223
UP35_SCORE30_NIKKEION_TP4.0_SL1.0_H3,VALIDATION,2021-07-30,6178.T,LOSS,-1.3774927283810245,1,0.0555580720523054,False,0.4974359929637462,18.19246384943799,-1.0964598550916138,0.0187216379498185,0.977229263953747,1.2940237881785257,0.8688285563183622,53.2218663154175
UP35_SCORE30_NIKKEION_TP4.0_SL1.0_H3,VALIDATION,2021-08-18,7532.T,LOSS,-2.8374636251558227,1,1.363758943376027,False,-1.0586773029716,11.962600769605952,-12.020029948666078,-0.0561428234594534,2.8726343082850705,2.8145098073587116,4.77352804977081,28.988950320678555
UP35_SCORE30_NIKKEION_TP4.0_SL1.0_H3,VALIDATION,2021-09-29,7013.T,WIN,11.067726742331397,1,0.058218160470407,False,1.8423349653284185,19.048405462885917,4.907760472714662,0.1288075658130838,2.169021109992189,2.791931685582849,3.0466452069191163,68.7245293647962
UP35_SCORE30_NIKKEION_TP4.0_SL1.0_H3,VALIDATION,2021-10-11,8002.T,WIN,9.392176577408263,1,0.3513160585350808,False,1.7369617484796818,14.310102518796583,1.0783826315478473,0.0481368637519248,1.0601318877836146,2.3730441443520656,0.9749085113201852,62.315081816513405
UP35_SCORE30_NIKKEION_TP4.0_SL1.0_H3,VALIDATION,2021-10-12,2914.T,WIN,4.0273668233750675,1,1.368440042151013,False,0.4311899049492584,13.164478620015103,1.1796882436700074,0.0153409252125975,1.5489495234259631,1.0318417058437688,1.6971087053697114,63.84111200981569
UP35_SCORE30_NIKKEION_TP4.0_SL1.0_H3,VALIDATION,2021-10-13,7211.T,WIN,13.756313677200305,2,0.6160064173620726,False,2.5433057702566986,26.861461171495016,5.421683365608598,0.1723294917743951,1.4413764681640222,3.464078419300076,1.8547706177423653,70.62134009989532
UP35_SCORE30_NIKKEION_TP4.0_SL1.0_H3,VALIDATION,2021-10-15,7211.T,WIN,14.199964905060293,1,1.9640296207926853,False,4.01150241832795,31.059828727112784,4.545444044633462,0.1741722830066381,1.122590968737058,3.574991226265071,1.5564779050160813,74.85397905840844
UP35_SCORE30_NIKKEION_TP4.0_SL1.0_H3,VALIDATION,2021-10-18,7012.T,WIN,11.135078377252816,1,5.230299413203637,False,1.7771497357482513,22.116967535176304,3.834596561500225,0.0805833598975738,1.5104184428605532,2.8087695943132056,1.7341255469308248,70.05222789409328
UP35_SCORE30_NIKKEION_TP4.0_SL1.0_H3,VALIDATION,2021-10-19,4385.T,LOSS,-4.119184652278173,3,6.572283868644349,False,2.2082631783447715,27.939595878703617,2.507374631268444,0.049355346484317,1.5774737008621371,4.019184652278174,1.2851384919727171,65.23561619197218
UP35_SCORE30_NIKKEION_TP4.0_SL1.0_H3,VALIDATION,2021-12-07,5631.T,HOLD,8.349635773609954,3,10.645540890384392,False,1.0000003168978422,21.931804021919397,1.7857058313969,0.0589696635186913,1.3950281005413232,3.285516655809917,1.548248844840287,66.37373961507566
UP35_SCORE30_NIKKEION_TP4.0_SL1.0_H3,VALIDATION,2022-01-06,1928.T,LOSS,-1.787860435192823,1,0.6581012201415931,False,1.6723012120976266,30.98525630507089,-0.5166856739081571,0.0244109775561468,1.535124854285539,1.7168382690727328,1.4106908274932766,64.68874574164282
UP35_SCORE30_NIKKEION_TP4.0_SL1.0_H3,VALIDATION,2022-01-12,6902.T,LOSS,-2.1315201676375684,1,9.500765287378506,False,3.463130574842688,36.80349829410915,-1.5682266036746495,0.0314764330203493,1.1978726652755864,2.073646718938349,1.4505731541969678,68.34260225044031
UP35_SCORE30_NIKKEION_TP4.0_SL1.0_H3,VALIDATION,2022-01-27,6504.T,LOSS,-3.8553544025771935,1,5.066917221182572,False,-1.6488155570028695,24.671138005902797,-16.873057529933334,-0.0067551910445874,1.4333220367703126,3.9018839741852127,1.832720575788968,28.85032426620046
UP35_SCORE30_NIKKEION_TP4.0_SL1.0_H3,VALIDATION,2022-03-02,7751.T,LOSS,-2.2839385030384407,1,2.578400254351059,False,-0.58768948853134,16.527315140107966,-8.534872613247146,-0.0405975562682718,1.2444033280554123,2.232699282322119,1.368435468198744,31.430020079333445
UP35_SCORE30_NIKKEION_TP4.0_SL1.0_H3,VALIDATION,2022-03-09,5019.T,LOSS,-3.8912402140463542,1,2.7231521130664715,False,3.0322971366194107,20.55247901962275,-8.99181766771424,0.1039811626194401,1.114095438215956,3.940639316504161,1.8003820112412627,57.35386673084192
UP35_SCORE30_NIKKEION_TP4.0_SL1.0_H3,VALIDATION,2022-04-19,8253.T,WIN,13.060758828001275,1,4.084391418638965,False,3.524549730790638,22.750160167218976,-1.1771974446330935,0.2060237242815621,1.335099270600313,3.2901897070003163,3.089840470193115,80.50629602206463
UP35_SCORE30_NIKKEION_TP4.0_SL1.0_H3,VALIDATION,2022-04-20,7731.T,WIN,11.538866435786288,1,5.331679308595854,False,4.594120559332926,38.183888000115005,2.4221480431072973,0.0687166669170018,1.5101938005668956,2.9097166089465736,1.6191277214981885,74.05023296865045
UP35_SCORE30_NIKKEION_TP4.0_SL1.0_H3,VALIDATION,2022-04-21,7731.T,WIN,12.100591031707298,1,6.03026904185015,False,4.439808738902973,40.50573654498357,0.9459507170847424,0.038830077547828,1.4839668913029855,3.0501477579268244,1.595042815112801,75.15410740893785
UP35_SCORE30_NIKKEION_TP4.0_SL1.0_H3,VALIDATION,2022-04-22,5714.T,HOLD,5.075621732412861,3,9.410909743596193,False,2.481422618629736,18.025300553274096,-5.220236384280097,-0.0256133443369229,1.4843435022174438,3.240724860937383,1.542570835006372,52.93606555141
UP35_SCORE30_NIKKEION_TP4.0_SL1.0_H5,VALIDATION,2021-07-09,6645.T,LOSS,-1.931962382689234,1,0.4743396218327339,False,0.9478235497266674,18.223915462954743,-1.5367563312057464,0.0360170390907692,1.760350973402797,1.8661495402717405,1.804844193381184,60.87904898690845
UP35_SCORE30_NIKKEION_TP4.0_SL1.0_H5,VALIDATION,2021-07-13,4901.T,LOSS,-1.6859662384914764,1,8.78146440643763,False,1.403055122943253,28.631958143655496,1.3472559049030997,0.0119613580786761,1.1338425396665872,1.6115244725511662,1.3164861612515042,71.567900220303
UP35_SCORE30_NIKKEION_TP4.0_SL1.0_H5,VALIDATION,2021-07-20,1332.T,LOSS,-2.1055909930695282,1,1.5419562620114935,False,0.0596843839731908,13.25367859637552,-2.8622557455460163,0.0390022803080433,0.8854296206346652,2.0466381841515764,1.1465215517445522,52.9313990888255
UP35_SCORE30_NIKKEION_TP4.0_SL1.0_H5,VALIDATION,2021-07-21,8725.T,LOSS,-1.7676030272890442,1,0.2216069211720765,False,0.0390364295364209,13.9379092218091,-1.624345763610635,0.0208256161139215,1.3637425410375656,1.695883634110773,1.174722073598478,52.68056789589655
UP35_SCORE30_NIKKEION_TP4.0_SL1.0_H5,VALIDATION,2021-07-29,7741.T,LOSS,-2.2435234971220464,1,5.782496202312959,False,0.8591742759043841,22.2346909742208,1.802104187543141,0.042048116900704,1.455040491482826,2.190476883825883,1.6487489221665836,65.62224181700223
UP35_SCORE30_NIKKEION_TP4.0_SL1.0_H5,VALIDATION,2021-07-30,6178.T,LOSS,-1.3774927283810245,1,0.0555580720523054,False,0.4974359929637462,18.19246384943799,-1.0964598550916138,0.0187216379498185,0.977229263953747,1.2940237881785257,0.8688285563183622,53.2218663154175
UP35_SCORE30_NIKKEION_TP4.0_SL1.0_H5,VALIDATION,2021-08-18,7532.T,LOSS,-2.8374636251558227,1,1.363758943376027,False,-1.0586773029716,11.962600769605952,-12.020029948666078,-0.0561428234594534,2.8726343082850705,2.8145098073587116,4.77352804977081,28.988950320678555
UP35_SCORE30_NIKKEION_TP4.0_SL1.0_H5,VALIDATION,2021-09-29,7013.T,WIN,11.067726742331397,1,0.058218160470407,False,1.8423349653284185,19.048405462885917,4.907760472714662,0.1288075658130838,2.169021109992189,2.791931685582849,3.0466452069191163,68.7245293647962
UP35_SCORE30_NIKKEION_TP4.0_SL1.0_H5,VALIDATION,2021-10-11,8002.T,WIN,9.392176577408263,1,0.3513160585350808,False,1.7369617484796818,14.310102518796583,1.0783826315478473,0.0481368637519248,1.0601318877836146,2.3730441443520656,0.9749085113201852,62.315081816513405
UP35_SCORE30_NIKKEION_TP4.0_SL1.0_H5,VALIDATION,2021-10-12,2914.T,WIN,4.0273668233750675,1,1.368440042151013,False,0.4311899049492584,13.164478620015103,1.1796882436700074,0.0153409252125975,1.5489495234259631,1.0318417058437688,1.6971087053697114,63.84111200981569
UP35_SCORE30_NIKKEION_TP4.0_SL1.0_H5,VALIDATION,2021-10-13,7211.T,WIN,13.756313677200305,2,0.6160064173620726,False,2.5433057702566986,26.861461171495016,5.421683365608598,0.1723294917743951,1.4413764681640222,3.464078419300076,1.8547706177423653,70.62134009989532
UP35_SCORE30_NIKKEION_TP4.0_SL1.0_H5,VALIDATION,2021-10-15,7211.T,WIN,14.199964905060293,1,1.9640296207926853,False,4.01150241832795,31.059828727112784,4.545444044633462,0.1741722830066381,1.122590968737058,3.574991226265071,1.5564779050160813,74.85397905840844
UP35_SCORE30_NIKKEION_TP4.0_SL1.0_H5,VALIDATION,2021-10-18,7012.T,WIN,11.135078377252816,1,5.230299413203637,False,1.7771497357482513,22.116967535176304,3.834596561500225,0.0805833598975738,1.5104184428605532,2.8087695943132056,1.7341255469308248,70.05222789409328
UP35_SCORE30_NIKKEION_TP4.0_SL1.0_H5,VALIDATION,2021-10-19,4385.T,LOSS,-4.119184652278173,3,6.572283868644349,False,2.2082631783447715,27.939595878703617,2.507374631268444,0.049355346484317,1.5774737008621371,4.019184652278174,1.2851384919727171,65.23561619197218
UP35_SCORE30_NIKKEION_TP4.0_SL1.0_H5,VALIDATION,2021-12-07,5631.T,HOLD,6.884100155047668,5,10.645540890384392,False,1.0000003168978422,21.931804021919397,1.7857058313969,0.0589696635186913,1.3950281005413232,3.285516655809917,1.548248844840287,66.37373961507566
UP35_SCORE30_NIKKEION_TP4.0_SL1.0_H5,VALIDATION,2022-01-06,1928.T,LOSS,-1.787860435192823,1,0.6581012201415931,False,1.6723012120976266,30.98525630507089,-0.5166856739081571,0.0244109775561468,1.535124854285539,1.7168382690727328,1.4106908274932766,64.68874574164282
UP35_SCORE30_NIKKEION_TP4.0_SL1.0_H5,VALIDATION,2022-01-12,6902.T,LOSS,-2.1315201676375684,1,9.500765287378506,False,3.463130574842688,36.80349829410915,-1.5682266036746495,0.0314764330203493,1.1978726652755864,2.073646718938349,1.4505731541969678,68.34260225044031
UP35_SCORE30_NIKKEION_TP4.0_SL1.0_H5,VALIDATION,2022-01-27,6504.T,LOSS,-3.8553544025771935,1,5.066917221182572,False,-1.6488155570028695,24.671138005902797,-16.873057529933334,-0.0067551910445874,1.4333220367703126,3.9018839741852127,1.832720575788968,28.85032426620046
UP35_SCORE30_NIKKEION_TP4.0_SL1.0_H5,VALIDATION,2022-03-02,7751.T,LOSS,-2.2839385030384407,1,2.578400254351059,False,-0.58768948853134,16.527315140107966,-8.534872613247146,-0.0405975562682718,1.2444033280554123,2.232699282322119,1.368435468198744,31.430020079333445
UP35_SCORE30_NIKKEION_TP4.0_SL1.0_H5,VALIDATION,2022-03-09,5019.T,LOSS,-3.8912402140463542,1,2.7231521130664715,False,3.0322971366194107,20.55247901962275,-8.99181766771424,0.1039811626194401,1.114095438215956,3.940639316504161,1.8003820112412627,57.35386673084192
UP35_SCORE30_NIKKEION_TP4.0_SL1.0_H5,VALIDATION,2022-04-19,8253.T,WIN,13.060758828001275,1,4.084391418638965,False,3.524549730790638,22.750160167218976,-1.1771974446330935,0.2060237242815621,1.335099270600313,3.2901897070003163,3.089840470193115,80.50629602206463
UP35_SCORE30_NIKKEION_TP4.0_SL1.0_H5,VALIDATION,2022-04-20,7731.T,WIN,11.538866435786288,1,5.331679308595854,False,4.594120559332926,38.183888000115005,2.4221480431072973,0.0687166669170018,1.5101938005668956,2.9097166089465736,1.6191277214981885,74.05023296865045
UP35_SCORE30_NIKKEION_TP4.0_SL1.0_H5,VALIDATION,2022-04-21,7731.T,WIN,12.100591031707298,1,6.03026904185015,False,4.439808738902973,40.50573654498357,0.9459507170847424,0.038830077547828,1.4839668913029855,3.0501477579268244,1.595042815112801,75.15410740893785
UP35_SCORE30_NIKKEION_TP4.0_SL1.0_H5,VALIDATION,2022-04-22,5714.T,HOLD,7.026931968635742,5,9.410909743596193,False,2.481422618629736,18.025300553274096,-5.220236384280097,-0.0256133443369229,1.4843435022174438,3.240724860937383,1.542570835006372,52.93606555141
UP30_SCORE80_NIKKEION_TP3.0_SL2.0_H1,VALIDATION,2021-07-13,3436.T,LOSS,-4.89701511962739,1,1.3432077099213882,False,0.7929812169835682,15.174930938548256,1.3810495988814342,0.0328965600167234,1.7176382710154452,2.5193617225631515,1.662253526604086,63.09826424578068
UP30_SCORE80_NIKKEION_TP3.0_SL2.0_H1,VALIDATION,2021-07-29,7741.T,LOSS,-4.297081564711135,1,5.782496202312959,False,0.8591742759043841,22.2346909742208,1.802104187543141,0.042048116900704,1.455040491482826,2.190476883825883,1.6487489221665836,65.62224181700223
UP30_SCORE80_NIKKEION_TP3.0_SL2.0_H1,VALIDATION,2021-09-29,7013.T,WIN,8.275795056748548,1,0.058218160470407,False,1.8423349653284185,19.048405462885917,4.907760472714662,0.1288075658130838,2.169021109992189,2.791931685582849,3.0466452069191163,68.7245293647962
UP30_SCORE80_NIKKEION_TP3.0_SL2.0_H1,VALIDATION,2021-10-12,8058.T,WIN,5.884297224027113,1,8.361130659338322,False,1.7079674220135788,21.63018033118633,2.321071477409853,0.0460454060091555,1.3036186572784754,1.994765741342371,1.6750123779088086,67.06625582419866
UP30_SCORE80_NIKKEION_TP3.0_SL2.0_H1,VALIDATION,2021-10-13,7211.T,WIN,10.292235257900229,1,0.6160064173620726,False,2.5433057702566986,26.861461171495016,5.421683365608598,0.1723294917743951,1.4413764681640222,3.464078419300076,1.8547706177423653,70.62134009989532
UP30_SCORE80_NIKKEION_TP3.0_SL2.0_H1,VALIDATION,2021-10-14,2914.T,WIN,3.2048747174683867,1,1.5063409134936456,False,0.5413790110075478,17.96132458983762,0.4416940335568498,0.0111099567165005,1.3775767029388553,1.1016249058227956,1.8290283055063925,71.00749530796972
UP30_SCORE80_NIKKEION_TP3.0_SL2.0_H1,VALIDATION,2021-10-15,7270.T,WIN,6.292253912402857,1,0.1162640404005314,False,1.7300712632294823,18.494225559386926,3.0927878611623383,0.0662345496182763,1.3258738580702545,2.130751304134286,1.5398189777461349,73.82071656741493
UP30_SCORE80_NIKKEION_TP3.0_SL2.0_H1,VALIDATION,2021-10-18,7012.T,WIN,8.326308782939618,1,5.230299413203637,False,1.7771497357482513,22.116967535176304,3.834596561500225,0.0805833598975738,1.5104184428605532,2.8087695943132056,1.7341255469308248,70.05222789409328
UP30_SCORE80_NIKKEION_TP3.0_SL2.0_H1,VALIDATION,2021-12-07,5631.T,WIN,9.75654996742975,1,10.645540890384392,False,1.0000003168978422,21.931804021919397,1.7857058313969,0.0589696635186913,1.3950281005413232,3.285516655809917,1.548248844840287,66.37373961507566
UP30_SCORE80_NIKKEION_TP3.0_SL2.0_H1,VALIDATION,2021-12-08,6645.T,WIN,7.753150215738403,1,3.0112919021045808,False,0.9457961027463436,15.821247055769671,3.499558916100698,0.0423427935854829,1.498042304751755,2.6177167385794675,1.889220835189879,66.8273775788349
UP30_SCORE80_NIKKEION_TP3.0_SL2.0_H1,VALIDATION,2021-12-09,6479.T,WIN,8.35221400385996,1,5.879467782827034,False,1.7166302221311105,17.684123446761973,1.5455949020147797,0.0581516502734296,1.3050626036666813,2.81740466795332,1.5219103046901743,67.01127051287077
UP30_SCORE80_NIKKEION_TP3.0_SL2.0_H1,VALIDATION,2022-04-19,8253.T,WIN,9.77056912100095,1,4.084391418638965,False,3.524549730790638,22.750160167218976,-1.1771974446330935,0.2060237242815621,1.335099270600313,3.2901897070003163,3.089840470193115,80.50629602206463
UP30_SCORE80_NIKKEION_TP3.0_SL2.0_H1,VALIDATION,2022-04-20,7731.T,WIN,8.629149826839722,1,5.331679308595854,False,4.594120559332926,38.183888000115005,2.4221480431072973,0.0687166669170018,1.5101938005668956,2.9097166089465736,1.6191277214981885,74.05023296865045
UP30_SCORE80_NIKKEION_TP3.0_SL2.0_H1,VALIDATION,2022-04-21,7731.T,WIN,9.050443273780473,1,6.03026904185015,False,4.439808738902973,40.50573654498357,0.9459507170847424,0.038830077547828,1.4839668913029855,3.0501477579268244,1.595042815112801,75.15410740893785
UP30_SCORE80_NIKKEION_TP3.0_SL2.0_H1,VALIDATION,2022-04-22,2501.T,HOLD,4.880515259603169,1,2.543589903026497,False,0.742969780226832,11.2336812681293,-1.0651335403527362,0.0289662176694687,1.2305057571782538,1.7469692611179477,1.5558627044459803,63.39193154260781
UP20_SCORE80_NIKKEION_TP3.0_SL2.0_H1,VALIDATION,2021-07-13,3436.T,LOSS,-4.89701511962739,1,1.3432077099213882,False,0.7929812169835682,15.174930938548256,1.3810495988814342,0.0328965600167234,1.7176382710154452,2.5193617225631515,1.662253526604086,63.09826424578068
UP20_SCORE80_NIKKEION_TP3.0_SL2.0_H1,VALIDATION,2021-07-29,7741.T,LOSS,-4.297081564711135,1,5.782496202312959,False,0.8591742759043841,22.2346909742208,1.802104187543141,0.042048116900704,1.455040491482826,2.190476883825883,1.6487489221665836,65.62224181700223
UP20_SCORE80_NIKKEION_TP3.0_SL2.0_H1,VALIDATION,2021-09-29,7013.T,WIN,8.275795056748548,1,0.058218160470407,False,1.8423349653284185,19.048405462885917,4.907760472714662,0.1288075658130838,2.169021109992189,2.791931685582849,3.0466452069191163,68.7245293647962
UP20_SCORE80_NIKKEION_TP3.0_SL2.0_H1,VALIDATION,2021-10-12,8058.T,WIN,5.884297224027113,1,8.361130659338322,False,1.7079674220135788,21.63018033118633,2.321071477409853,0.0460454060091555,1.3036186572784754,1.994765741342371,1.6750123779088086,67.06625582419866
UP20_SCORE80_NIKKEION_TP3.0_SL2.0_H1,VALIDATION,2021-10-13,7211.T,WIN,10.292235257900229,1,0.6160064173620726,False,2.5433057702566986,26.861461171495016,5.421683365608598,0.1723294917743951,1.4413764681640222,3.464078419300076,1.8547706177423653,70.62134009989532
UP20_SCORE80_NIKKEION_TP3.0_SL2.0_H1,VALIDATION,2021-10-14,2914.T,WIN,3.2048747174683867,1,1.5063409134936456,False,0.5413790110075478,17.96132458983762,0.4416940335568498,0.0111099567165005,1.3775767029388553,1.1016249058227956,1.8290283055063925,71.00749530796972
UP20_SCORE80_NIKKEION_TP3.0_SL2.0_H1,VALIDATION,2021-10-15,7270.T,WIN,6.292253912402857,1,0.1162640404005314,False,1.7300712632294823,18.494225559386926,3.0927878611623383,0.0662345496182763,1.3258738580702545,2.130751304134286,1.5398189777461349,73.82071656741493
UP20_SCORE80_NIKKEION_TP3.0_SL2.0_H1,VALIDATION,2021-10-18,7012.T,WIN,8.326308782939618,1,5.230299413203637,False,1.7771497357482513,22.116967535176304,3.834596561500225,0.0805833598975738,1.5104184428605532,2.8087695943132056,1.7341255469308248,70.05222789409328
UP20_SCORE80_NIKKEION_TP3.0_SL2.0_H1,VALIDATION,2021-12-07,5631.T,WIN,9.75654996742975,1,10.645540890384392,False,1.0000003168978422,21.931804021919397,1.7857058313969,0.0589696635186913,1.3950281005413232,3.285516655809917,1.548248844840287,66.37373961507566
UP20_SCORE80_NIKKEION_TP3.0_SL2.0_H1,VALIDATION,2021-12-08,6645.T,WIN,7.753150215738403,1,3.0112919021045808,False,0.9457961027463436,15.821247055769671,3.499558916100698,0.0423427935854829,1.498042304751755,2.6177167385794675,1.889220835189879,66.8273775788349
UP20_SCORE80_NIKKEION_TP3.0_SL2.0_H1,VALIDATION,2021-12-09,6479.T,WIN,8.35221400385996,1,5.879467782827034,False,1.7166302221311105,17.684123446761973,1.5455949020147797,0.0581516502734296,1.3050626036666813,2.81740466795332,1.5219103046901743,67.01127051287077
UP20_SCORE80_NIKKEION_TP3.0_SL2.0_H1,VALIDATION,2022-04-19,8253.T,WIN,9.77056912100095,1,4.084391418638965,False,3.524549730790638,22.750160167218976,-1.1771974446330935,0.2060237242815621,1.335099270600313,3.2901897070003163,3.089840470193115,80.50629602206463
UP20_SCORE80_NIKKEION_TP3.0_SL2.0_H1,VALIDATION,2022-04-20,7731.T,WIN,8.629149826839722,1,5.331679308595854,False,4.594120559332926,38.183888000115005,2.4221480431072973,0.0687166669170018,1.5101938005668956,2.9097166089465736,1.6191277214981885,74.05023296865045
UP20_SCORE80_NIKKEION_TP3.0_SL2.0_H1,VALIDATION,2022-04-21,7731.T,WIN,9.050443273780473,1,6.03026904185015,False,4.439808738902973,40.50573654498357,0.9459507170847424,0.038830077547828,1.4839668913029855,3.0501477579268244,1.595042815112801,75.15410740893785
UP20_SCORE80_NIKKEION_TP3.0_SL2.0_H1,VALIDATION,2022-04-22,2501.T,HOLD,4.880515259603169,1,2.543589903026497,False,0.742969780226832,11.2336812681293,-1.0651335403527362,0.0289662176694687,1.2305057571782538,1.7469692611179477,1.5558627044459803,63.39193154260781
UP25_SCORE80_NIKKEION_TP3.0_SL2.0_H1,VALIDATION,2021-07-13,3436.T,LOSS,-4.89701511962739,1,1.3432077099213882,False,0.7929812169835682,15.174930938548256,1.3810495988814342,0.0328965600167234,1.7176382710154452,2.5193617225631515,1.662253526604086,63.09826424578068
UP25_SCORE80_NIKKEION_TP3.0_SL2.0_H1,VALIDATION,2021-07-29,7741.T,LOSS,-4.297081564711135,1,5.782496202312959,False,0.8591742759043841,22.2346909742208,1.802104187543141,0.042048116900704,1.455040491482826,2.190476883825883,1.6487489221665836,65.62224181700223
UP25_SCORE80_NIKKEION_TP3.0_SL2.0_H1,VALIDATION,2021-09-29,7013.T,WIN,8.275795056748548,1,0.058218160470407,False,1.8423349653284185,19.048405462885917,4.907760472714662,0.1288075658130838,2.169021109992189,2.791931685582849,3.0466452069191163,68.7245293647962
UP25_SCORE80_NIKKEION_TP3.0_SL2.0_H1,VALIDATION,2021-10-12,8058.T,WIN,5.884297224027113,1,8.361130659338322,False,1.7079674220135788,21.63018033118633,2.321071477409853,0.0460454060091555,1.3036186572784754,1.994765741342371,1.6750123779088086,67.06625582419866
UP25_SCORE80_NIKKEION_TP3.0_SL2.0_H1,VALIDATION,2021-10-13,7211.T,WIN,10.292235257900229,1,0.6160064173620726,False,2.5433057702566986,26.861461171495016,5.421683365608598,0.1723294917743951,1.4413764681640222,3.464078419300076,1.8547706177423653,70.62134009989532
UP25_SCORE80_NIKKEION_TP3.0_SL2.0_H1,VALIDATION,2021-10-14,2914.T,WIN,3.2048747174683867,1,1.5063409134936456,False,0.5413790110075478,17.96132458983762,0.4416940335568498,0.0111099567165005,1.3775767029388553,1.1016249058227956,1.8290283055063925,71.00749530796972
UP25_SCORE80_NIKKEION_TP3.0_SL2.0_H1,VALIDATION,2021-10-15,7270.T,WIN,6.292253912402857,1,0.1162640404005314,False,1.7300712632294823,18.494225559386926,3.0927878611623383,0.0662345496182763,1.3258738580702545,2.130751304134286,1.5398189777461349,73.82071656741493
UP25_SCORE80_NIKKEION_TP3.0_SL2.0_H1,VALIDATION,2021-10-18,7012.T,WIN,8.326308782939618,1,5.230299413203637,False,1.7771497357482513,22.116967535176304,3.834596561500225,0.0805833598975738,1.5104184428605532,2.8087695943132056,1.7341255469308248,70.05222789409328
UP25_SCORE80_NIKKEION_TP3.0_SL2.0_H1,VALIDATION,2021-12-07,5631.T,WIN,9.75654996742975,1,10.645540890384392,False,1.0000003168978422,21.931804021919397,1.7857058313969,0.0589696635186913,1.3950281005413232,3.285516655809917,1.548248844840287,66.37373961507566
UP25_SCORE80_NIKKEION_TP3.0_SL2.0_H1,VALIDATION,2021-12-08,6645.T,WIN,7.753150215738403,1,3.0112919021045808,False,0.9457961027463436,15.821247055769671,3.499558916100698,0.0423427935854829,1.498042304751755,2.6177167385794675,1.889220835189879,66.8273775788349
UP25_SCORE80_NIKKEION_TP3.0_SL2.0_H1,VALIDATION,2021-12-09,6479.T,WIN,8.35221400385996,1,5.879467782827034,False,1.7166302221311105,17.684123446761973,1.5455949020147797,0.0581516502734296,1.3050626036666813,2.81740466795332,1.5219103046901743,67.01127051287077
UP25_SCORE80_NIKKEION_TP3.0_SL2.0_H1,VALIDATION,2022-04-19,8253.T,WIN,9.77056912100095,1,4.084391418638965,False,3.524549730790638,22.750160167218976,-1.1771974446330935,0.2060237242815621,1.335099270600313,3.2901897070003163,3.089840470193115,80.50629602206463
UP25_SCORE80_NIKKEION_TP3.0_SL2.0_H1,VALIDATION,2022-04-20,7731.T,WIN,8.629149826839722,1,5.331679308595854,False,4.594120559332926,38.183888000115005,2.4221480431072973,0.0687166669170018,1.5101938005668956,2.9097166089465736,1.6191277214981885,74.05023296865045
UP25_SCORE80_NIKKEION_TP3.0_SL2.0_H1,VALIDATION,2022-04-21,7731.T,WIN,9.050443273780473,1,6.03026904185015,False,4.439808738902973,40.50573654498357,0.9459507170847424,0.038830077547828,1.4839668913029855,3.0501477579268244,1.595042815112801,75.15410740893785
UP25_SCORE80_NIKKEION_TP3.0_SL2.0_H1,VALIDATION,2022-04-22,2501.T,HOLD,4.880515259603169,1,2.543589903026497,False,0.742969780226832,11.2336812681293,-1.0651335403527362,0.0289662176694687,1.2305057571782538,1.7469692611179477,1.5558627044459803,63.39193154260781
UP20_SCORE70_NIKKEION_TP4.0_SL1.25_H1,VALIDATION,2021-07-09,6645.T,LOSS,-2.3795130230886863,1,0.4743396218327339,False,0.9478235497266674,18.223915462954743,-1.5367563312057464,0.0360170390907692,1.760350973402797,1.8661495402717405,1.804844193381184,60.87904898690845
UP20_SCORE70_NIKKEION_TP4.0_SL1.25_H1,VALIDATION,2021-07-13,3436.T,LOSS,-3.153055270875038,1,1.3432077099213882,False,0.7929812169835682,15.174930938548256,1.3810495988814342,0.0328965600167234,1.7176382710154452,2.5193617225631515,1.662253526604086,63.09826424578068
UP20_SCORE70_NIKKEION_TP4.0_SL1.25_H1,VALIDATION,2021-07-26,9843.T,LOSS,-2.426521106988133,1,1.239876995775889,False,1.6812853923992233,32.1447404045332,-1.4309925743555718,0.0252030677209434,1.4080961164564534,1.905549906366318,1.605422457157473,60.87497711872142
UP20_SCORE70_NIKKEION_TP4.0_SL1.25_H1,VALIDATION,2021-07-27,4507.T,LOSS,-2.3112917314215164,1,0.5982979314283624,False,0.297792304710498,17.690833595113872,-0.3350057607838463,0.0410196644551662,1.2243524779452075,1.8090364587683465,1.2327650018191627,60.38918826923275
UP20_SCORE70_NIKKEION_TP4.0_SL1.25_H1,VALIDATION,2021-07-29,7741.T,LOSS,-2.765122489704075,1,5.782496202312959,False,0.8591742759043841,22.2346909742208,1.802104187543141,0.042048116900704,1.455040491482826,2.190476883825883,1.6487489221665836,65.62224181700223
UP20_SCORE70_NIKKEION_TP4.0_SL1.25_H1,VALIDATION,2021-08-18,4578.T,LOSS,-2.727561158884473,1,0.4186109570254846,False,1.0605777999963315,18.922576524918128,0.3813611408548079,0.0210772668754836,1.3155942634210671,2.1587719811943336,1.471969260326609,61.75264922741129
UP20_SCORE70_NIKKEION_TP4.0_SL1.25_H1,VALIDATION,2021-09-21,9107.T,WIN,18.555582291105242,1,29.970273901629785,False,9.941028242764991,58.06476522650094,-4.068231620973462,0.1603632501203314,0.8253846255530733,4.663895572776311,1.5389680296402972,78.0744798624433
UP20_SCORE70_NIKKEION_TP4.0_SL1.25_H1,VALIDATION,2021-09-29,7013.T,WIN,11.067726742331397,1,0.058218160470407,False,1.8423349653284185,19.048405462885917,4.907760472714662,0.1288075658130838,2.169021109992189,2.791931685582849,3.0466452069191163,68.7245293647962
UP20_SCORE70_NIKKEION_TP4.0_SL1.25_H1,VALIDATION,2021-10-11,4385.T,LOSS,-5.1577679449360865,1,4.866379604948401,False,3.4034236420002806,23.150763352823137,2.108433734939763,0.0692159465415533,0.9801728573978976,4.046214355948866,1.1712113036603882,67.05448757897021
UP20_SCORE70_NIKKEION_TP4.0_SL1.25_H1,VALIDATION,2021-10-12,8058.T,WIN,7.879062965369477,1,8.361130659338322,False,1.7079674220135788,21.63018033118633,2.321071477409853,0.0460454060091555,1.3036186572784754,1.994765741342371,1.6750123779088086,67.06625582419866
UP20_SCORE70_NIKKEION_TP4.0_SL1.25_H1,VALIDATION,2021-10-13,7211.T,HOLD,11.561111525232414,1,0.6160064173620726,False,2.5433057702566986,26.861461171495016,5.421683365608598,0.1723294917743951,1.4413764681640222,3.464078419300076,1.8547706177423653,70.62134009989532
UP20_SCORE70_NIKKEION_TP4.0_SL1.25_H1,VALIDATION,2021-10-14,7211.T,WIN,14.181665052427961,1,1.2515134171357054,False,3.309077880723943,28.77144349542084,0.5714357628485489,0.1822623362245867,1.0626928323349425,3.5704162631069902,1.4584507750746434,71.12678772859857
UP20_SCORE70_NIKKEION_TP4.0_SL1.25_H1,VALIDATION,2021-10-15,7211.T,WIN,14.199964905060293,1,1.9640296207926853,False,4.01150241832795,31.059828727112784,4.545444044633462,0.1741722830066381,1.122590968737058,3.574991226265071,1.5564779050160813,74.85397905840844
UP20_SCORE70_NIKKEION_TP4.0_SL1.25_H1,VALIDATION,2021-10-18,7012.T,WIN,11.135078377252816,1,5.230299413203637,False,1.7771497357482513,22.116967535176304,3.834596561500225,0.0805833598975738,1.5104184428605532,2.8087695943132056,1.7341255469308248,70.05222789409328
UP20_SCORE70_NIKKEION_TP4.0_SL1.25_H1,VALIDATION,2021-10-19,4385.T,TIMEOUT_LOSS,-0.8194244604316502,1,6.572283868644349,False,2.2082631783447715,27.939595878703617,2.507374631268444,0.049355346484317,1.5774737008621371,4.019184652278174,1.2851384919727171,65.23561619197218
UP20_SCORE70_NIKKEION_TP4.0_SL1.25_H1,VALIDATION,2021-10-21,7912.T,WIN,7.808142333761226,1,5.520494360311423,False,0.8928763539168827,24.395103747495867,0.7420137969918361,0.0338511232505172,1.2281455619712636,1.9770355834403046,1.0403112061513262,64.17894105200627
UP20_SCORE70_NIKKEION_TP4.0_SL1.25_H1,VALIDATION,2021-12-07,5631.T,HOLD,10.694492763309638,1,10.645540890384392,False,1.0000003168978422,21.931804021919397,1.7857058313969,0.0589696635186913,1.3950281005413232,3.285516655809917,1.548248844840287,66.37373961507566
UP20_SCORE70_NIKKEION_TP4.0_SL1.25_H1,VALIDATION,2021-12-08,6645.T,HOLD,6.7542553756062444,1,3.0112919021045808,False,0.9457961027463436,15.821247055769671,3.499558916100698,0.0423427935854829,1.498042304751755,2.6177167385794675,1.889220835189879,66.8273775788349
UP20_SCORE70_NIKKEION_TP4.0_SL1.25_H1,VALIDATION,2021-12-09,6479.T,HOLD,8.7160366186945,1,5.879467782827034,False,1.7166302221311105,17.684123446761973,1.5455949020147797,0.0581516502734296,1.3050626036666813,2.81740466795332,1.5219103046901743,67.01127051287077
UP20_SCORE70_NIKKEION_TP4.0_SL1.25_H1,VALIDATION,2022-01-06,1928.T,LOSS,-2.2009602248922344,1,0.6581012201415931,False,1.6723012120976266,30.98525630507089,-0.5166856739081571,0.0244109775561468,1.535124854285539,1.7168382690727328,1.4106908274932766,64.68874574164282
UP20_SCORE70_NIKKEION_TP4.0_SL1.25_H1,VALIDATION,2022-01-12,7911.T,LOSS,-2.8408781842627295,1,6.597130729399649,False,4.211620854614884,41.10622116424442,2.1178899257154216,0.0484874066879877,1.2709194389863812,2.254495523375562,1.2485803077767932,71.96452820715568
UP20_SCORE70_NIKKEION_TP4.0_SL1.25_H1,VALIDATION,2022-03-09,5019.T,LOSS,-4.794554805147133,1,2.7231521130664715,False,3.0322971366194107,20.55247901962275,-8.99181766771424,0.1039811626194401,1.114095438215956,3.940639316504161,1.8003820112412627,57.35386673084192
UP20_SCORE70_NIKKEION_TP4.0_SL1.25_H1,VALIDATION,2022-03-30,9433.T,LOSS,-2.550502127428045,1,6.624975298242913,False,1.7344119508750255,29.223302530807143,-2.898324260690865,-0.0275890876601996,1.4759846776751817,2.009648173180027,1.5247219833965242,58.83562076584731
UP20_SCORE70_NIKKEION_TP4.0_SL1.25_H1,VALIDATION,2022-04-19,8253.T,WIN,13.060758828001275,1,4.084391418638965,False,3.524549730790638,22.750160167218976,-1.1771974446330935,0.2060237242815621,1.335099270600313,3.2901897070003163,3.089840470193115,80.50629602206463
UP20_SCORE70_NIKKEION_TP4.0_SL1.25_H1,VALIDATION,2022-04-20,7731.T,WIN,11.538866435786288,1,5.331679308595854,False,4.594120559332926,38.183888000115005,2.4221480431072973,0.0687166669170018,1.5101938005668956,2.9097166089465736,1.6191277214981885,74.05023296865045
UP20_SCORE70_NIKKEION_TP4.0_SL1.25_H1,VALIDATION,2022-04-21,7731.T,WIN,12.100591031707298,1,6.03026904185015,False,4.439808738902973,40.50573654498357,0.9459507170847424,0.038830077547828,1.4839668913029855,3.0501477579268244,1.595042815112801,75.15410740893785
UP20_SCORE70_NIKKEION_TP4.0_SL1.25_H1,VALIDATION,2022-04-22,2501.T,HOLD,4.880515259603169,1,2.543589903026497,False,0.742969780226832,11.2336812681293,-1.0651335403527362,0.0289662176694687,1.2305057571782538,1.7469692611179477,1.5558627044459803,63.39193154260781
UP25_SCORE70_NIKKEION_TP4.0_SL1.25_H1,VALIDATION,2021-07-09,6645.T,LOSS,-2.3795130230886863,1,0.4743396218327339,False,0.9478235497266674,18.223915462954743,-1.5367563312057464,0.0360170390907692,1.760350973402797,1.8661495402717405,1.804844193381184,60.87904898690845
UP25_SCORE70_NIKKEION_TP4.0_SL1.25_H1,VALIDATION,2021-07-13,3436.T,LOSS,-3.153055270875038,1,1.3432077099213882,False,0.7929812169835682,15.174930938548256,1.3810495988814342,0.0328965600167234,1.7176382710154452,2.5193617225631515,1.662253526604086,63.09826424578068
UP25_SCORE70_NIKKEION_TP4.0_SL1.25_H1,VALIDATION,2021-07-26,9843.T,LOSS,-2.426521106988133,1,1.239876995775889,False,1.6812853923992233,32.1447404045332,-1.4309925743555718,0.0252030677209434,1.4080961164564534,1.905549906366318,1.605422457157473,60.87497711872142
UP25_SCORE70_NIKKEION_TP4.0_SL1.25_H1,VALIDATION,2021-07-27,4507.T,LOSS,-2.3112917314215164,1,0.5982979314283624,False,0.297792304710498,17.690833595113872,-0.3350057607838463,0.0410196644551662,1.2243524779452075,1.8090364587683465,1.2327650018191627,60.38918826923275
UP25_SCORE70_NIKKEION_TP4.0_SL1.25_H1,VALIDATION,2021-07-29,7741.T,LOSS,-2.765122489704075,1,5.782496202312959,False,0.8591742759043841,22.2346909742208,1.802104187543141,0.042048116900704,1.455040491482826,2.190476883825883,1.6487489221665836,65.62224181700223
UP25_SCORE70_NIKKEION_TP4.0_SL1.25_H1,VALIDATION,2021-08-18,4578.T,LOSS,-2.727561158884473,1,0.4186109570254846,False,1.0605777999963315,18.922576524918128,0.3813611408548079,0.0210772668754836,1.3155942634210671,2.1587719811943336,1.471969260326609,61.75264922741129
UP25_SCORE70_NIKKEION_TP4.0_SL1.25_H1,VALIDATION,2021-09-21,9107.T,WIN,18.555582291105242,1,29.970273901629785,False,9.941028242764991,58.06476522650094,-4.068231620973462,0.1603632501203314,0.8253846255530733,4.663895572776311,1.5389680296402972,78.0744798624433
UP25_SCORE70_NIKKEION_TP4.0_SL1.25_H1,VALIDATION,2021-09-29,7013.T,WIN,11.067726742331397,1,0.058218160470407,False,1.8423349653284185,19.048405462885917,4.907760472714662,0.1288075658130838,2.169021109992189,2.791931685582849,3.0466452069191163,68.7245293647962
UP25_SCORE70_NIKKEION_TP4.0_SL1.25_H1,VALIDATION,2021-10-11,4385.T,LOSS,-5.1577679449360865,1,4.866379604948401,False,3.4034236420002806,23.150763352823137,2.108433734939763,0.0692159465415533,0.9801728573978976,4.046214355948866,1.1712113036603882,67.05448757897021
UP25_SCORE70_NIKKEION_TP4.0_SL1.25_H1,VALIDATION,2021-10-12,8058.T,WIN,7.879062965369477,1,8.361130659338322,False,1.7079674220135788,21.63018033118633,2.321071477409853,0.0460454060091555,1.3036186572784754,1.994765741342371,1.6750123779088086,67.06625582419866
UP25_SCORE70_NIKKEION_TP4.0_SL1.25_H1,VALIDATION,2021-10-13,7211.T,HOLD,11.561111525232414,1,0.6160064173620726,False,2.5433057702566986,26.861461171495016,5.421683365608598,0.1723294917743951,1.4413764681640222,3.464078419300076,1.8547706177423653,70.62134009989532
UP25_SCORE70_NIKKEION_TP4.0_SL1.25_H1,VALIDATION,2021-10-14,7211.T,WIN,14.181665052427961,1,1.2515134171357054,False,3.309077880723943,28.77144349542084,0.5714357628485489,0.1822623362245867,1.0626928323349425,3.5704162631069902,1.4584507750746434,71.12678772859857
UP25_SCORE70_NIKKEION_TP4.0_SL1.25_H1,VALIDATION,2021-10-15,7211.T,WIN,14.199964905060293,1,1.9640296207926853,False,4.01150241832795,31.059828727112784,4.545444044633462,0.1741722830066381,1.122590968737058,3.574991226265071,1.5564779050160813,74.85397905840844
UP25_SCORE70_NIKKEION_TP4.0_SL1.25_H1,VALIDATION,2021-10-18,7012.T,WIN,11.135078377252816,1,5.230299413203637,False,1.7771497357482513,22.116967535176304,3.834596561500225,0.0805833598975738,1.5104184428605532,2.8087695943132056,1.7341255469308248,70.05222789409328
UP25_SCORE70_NIKKEION_TP4.0_SL1.25_H1,VALIDATION,2021-10-19,4385.T,TIMEOUT_LOSS,-0.8194244604316502,1,6.572283868644349,False,2.2082631783447715,27.939595878703617,2.507374631268444,0.049355346484317,1.5774737008621371,4.019184652278174,1.2851384919727171,65.23561619197218
UP25_SCORE70_NIKKEION_TP4.0_SL1.25_H1,VALIDATION,2021-10-21,7912.T,WIN,7.808142333761226,1,5.520494360311423,False,0.8928763539168827,24.395103747495867,0.7420137969918361,0.0338511232505172,1.2281455619712636,1.9770355834403046,1.0403112061513262,64.17894105200627
UP25_SCORE70_NIKKEION_TP4.0_SL1.25_H1,VALIDATION,2021-12-07,5631.T,HOLD,10.694492763309638,1,10.645540890384392,False,1.0000003168978422,21.931804021919397,1.7857058313969,0.0589696635186913,1.3950281005413232,3.285516655809917,1.548248844840287,66.37373961507566
UP25_SCORE70_NIKKEION_TP4.0_SL1.25_H1,VALIDATION,2021-12-08,6645.T,HOLD,6.7542553756062444,1,3.0112919021045808,False,0.9457961027463436,15.821247055769671,3.499558916100698,0.0423427935854829,1.498042304751755,2.6177167385794675,1.889220835189879,66.8273775788349
UP25_SCORE70_NIKKEION_TP4.0_SL1.25_H1,VALIDATION,2021-12-09,6479.T,HOLD,8.7160366186945,1,5.879467782827034,False,1.7166302221311105,17.684123446761973,1.5455949020147797,0.0581516502734296,1.3050626036666813,2.81740466795332,1.5219103046901743,67.01127051287077
UP25_SCORE70_NIKKEION_TP4.0_SL1.25_H1,VALIDATION,2022-01-06,1928.T,LOSS,-2.2009602248922344,1,0.6581012201415931,False,1.6723012120976266,30.98525630507089,-0.5166856739081571,0.0244109775561468,1.535124854285539,1.7168382690727328,1.4106908274932766,64.68874574164282
UP25_SCORE70_NIKKEION_TP4.0_SL1.25_H1,VALIDATION,2022-01-12,7911.T,LOSS,-2.8408781842627295,1,6.597130729399649,False,4.211620854614884,41.10622116424442,2.1178899257154216,0.0484874066879877,1.2709194389863812,2.254495523375562,1.2485803077767932,71.96452820715568
UP25_SCORE70_NIKKEION_TP4.0_SL1.25_H1,VALIDATION,2022-03-09,5019.T,LOSS,-4.794554805147133,1,2.7231521130664715,False,3.0322971366194107,20.55247901962275,-8.99181766771424,0.1039811626194401,1.114095438215956,3.940639316504161,1.8003820112412627,57.35386673084192
UP25_SCORE70_NIKKEION_TP4.0_SL1.25_H1,VALIDATION,2022-03-30,9433.T,LOSS,-2.550502127428045,1,6.624975298242913,False,1.7344119508750255,29.223302530807143,-2.898324260690865,-0.0275890876601996,1.4759846776751817,2.009648173180027,1.5247219833965242,58.83562076584731
UP25_SCORE70_NIKKEION_TP4.0_SL1.25_H1,VALIDATION,2022-04-19,8253.T,WIN,13.060758828001275,1,4.084391418638965,False,3.524549730790638,22.750160167218976,-1.1771974446330935,0.2060237242815621,1.335099270600313,3.2901897070003163,3.089840470193115,80.50629602206463
UP25_SCORE70_NIKKEION_TP4.0_SL1.25_H1,VALIDATION,2022-04-20,7731.T,WIN,11.538866435786288,1,5.331679308595854,False,4.594120559332926,38.183888000115005,2.4221480431072973,0.0687166669170018,1.5101938005668956,2.9097166089465736,1.6191277214981885,74.05023296865045
UP25_SCORE70_NIKKEION_TP4.0_SL1.25_H1,VALIDATION,2022-04-21,7731.T,WIN,12.100591031707298,1,6.03026904185015,False,4.439808738902973,40.50573654498357,0.9459507170847424,0.038830077547828,1.4839668913029855,3.0501477579268244,1.595042815112801,75.15410740893785
UP25_SCORE70_NIKKEION_TP4.0_SL1.25_H1,VALIDATION,2022-04-22,2501.T,HOLD,4.880515259603169,1,2.543589903026497,False,0.742969780226832,11.2336812681293,-1.0651335403527362,0.0289662176694687,1.2305057571782538,1.7469692611179477,1.5558627044459803,63.39193154260781
UP30_SCORE70_NIKKEION_TP4.0_SL1.25_H1,VALIDATION,2021-07-09,6645.T,LOSS,-2.3795130230886863,1,0.4743396218327339,False,0.9478235497266674,18.223915462954743,-1.5367563312057464,0.0360170390907692,1.760350973402797,1.8661495402717405,1.804844193381184,60.87904898690845
UP30_SCORE70_NIKKEION_TP4.0_SL1.25_H1,VALIDATION,2021-07-13,3436.T,LOSS,-3.153055270875038,1,1.3432077099213882,False,0.7929812169835682,15.174930938548256,1.3810495988814342,0.0328965600167234,1.7176382710154452,2.5193617225631515,1.662253526604086,63.09826424578068
UP30_SCORE70_NIKKEION_TP4.0_SL1.25_H1,VALIDATION,2021-07-26,9843.T,LOSS,-2.426521106988133,1,1.239876995775889,False,1.6812853923992233,32.1447404045332,-1.4309925743555718,0.0252030677209434,1.4080961164564534,1.905549906366318,1.605422457157473,60.87497711872142
UP30_SCORE70_NIKKEION_TP4.0_SL1.25_H1,VALIDATION,2021-07-27,4507.T,LOSS,-2.3112917314215164,1,0.5982979314283624,False,0.297792304710498,17.690833595113872,-0.3350057607838463,0.0410196644551662,1.2243524779452075,1.8090364587683465,1.2327650018191627,60.38918826923275
UP30_SCORE70_NIKKEION_TP4.0_SL1.25_H1,VALIDATION,2021-07-29,7741.T,LOSS,-2.765122489704075,1,5.782496202312959,False,0.8591742759043841,22.2346909742208,1.802104187543141,0.042048116900704,1.455040491482826,2.190476883825883,1.6487489221665836,65.62224181700223
UP30_SCORE70_NIKKEION_TP4.0_SL1.25_H1,VALIDATION,2021-08-18,4578.T,LOSS,-2.727561158884473,1,0.4186109570254846,False,1.0605777999963315,18.922576524918128,0.3813611408548079,0.0210772668754836,1.3155942634210671,2.1587719811943336,1.471969260326609,61.75264922741129
UP30_SCORE70_NIKKEION_TP4.0_SL1.25_H1,VALIDATION,2021-09-21,9107.T,WIN,18.555582291105242,1,29.970273901629785,False,9.941028242764991,58.06476522650094,-4.068231620973462,0.1603632501203314,0.8253846255530733,4.663895572776311,1.5389680296402972,78.0744798624433
UP30_SCORE70_NIKKEION_TP4.0_SL1.25_H1,VALIDATION,2021-09-29,7013.T,WIN,11.067726742331397,1,0.058218160470407,False,1.8423349653284185,19.048405462885917,4.907760472714662,0.1288075658130838,2.169021109992189,2.791931685582849,3.0466452069191163,68.7245293647962
UP30_SCORE70_NIKKEION_TP4.0_SL1.25_H1,VALIDATION,2021-10-11,4385.T,LOSS,-5.1577679449360865,1,4.866379604948401,False,3.4034236420002806,23.150763352823137,2.108433734939763,0.0692159465415533,0.9801728573978976,4.046214355948866,1.1712113036603882,67.05448757897021
UP30_SCORE70_NIKKEION_TP4.0_SL1.25_H1,VALIDATION,2021-10-12,8058.T,WIN,7.879062965369477,1,8.361130659338322,False,1.7079674220135788,21.63018033118633,2.321071477409853,0.0460454060091555,1.3036186572784754,1.994765741342371,1.6750123779088086,67.06625582419866
UP30_SCORE70_NIKKEION_TP4.0_SL1.25_H1,VALIDATION,2021-10-13,7211.T,HOLD,11.561111525232414,1,0.6160064173620726,False,2.5433057702566986,26.861461171495016,5.421683365608598,0.1723294917743951,1.4413764681640222,3.464078419300076,1.8547706177423653,70.62134009989532
UP30_SCORE70_NIKKEION_TP4.0_SL1.25_H1,VALIDATION,2021-10-14,7211.T,WIN,14.181665052427961,1,1.2515134171357054,False,3.309077880723943,28.77144349542084,0.5714357628485489,0.1822623362245867,1.0626928323349425,3.5704162631069902,1.4584507750746434,71.12678772859857
UP30_SCORE70_NIKKEION_TP4.0_SL1.25_H1,VALIDATION,2021-10-15,7211.T,WIN,14.199964905060293,1,1.9640296207926853,False,4.01150241832795,31.059828727112784,4.545444044633462,0.1741722830066381,1.122590968737058,3.574991226265071,1.5564779050160813,74.85397905840844
UP30_SCORE70_NIKKEION_TP4.0_SL1.25_H1,VALIDATION,2021-10-18,7012.T,WIN,11.135078377252816,1,5.230299413203637,False,1.7771497357482513,22.116967535176304,3.834596561500225,0.0805833598975738,1.5104184428605532,2.8087695943132056,1.7341255469308248,70.05222789409328
UP30_SCORE70_NIKKEION_TP4.0_SL1.25_H1,VALIDATION,2021-10-19,4385.T,TIMEOUT_LOSS,-0.8194244604316502,1,6.572283868644349,False,2.2082631783447715,27.939595878703617,2.507374631268444,0.049355346484317,1.5774737008621371,4.019184652278174,1.2851384919727171,65.23561619197218
UP30_SCORE70_NIKKEION_TP4.0_SL1.25_H1,VALIDATION,2021-10-21,7912.T,WIN,7.808142333761226,1,5.520494360311423,False,0.8928763539168827,24.395103747495867,0.7420137969918361,0.0338511232505172,1.2281455619712636,1.9770355834403046,1.0403112061513262,64.17894105200627
UP30_SCORE70_NIKKEION_TP4.0_SL1.25_H1,VALIDATION,2021-12-07,5631.T,HOLD,10.694492763309638,1,10.645540890384392,False,1.0000003168978422,21.931804021919397,1.7857058313969,0.0589696635186913,1.3950281005413232,3.285516655809917,1.548248844840287,66.37373961507566
UP30_SCORE70_NIKKEION_TP4.0_SL1.25_H1,VALIDATION,2021-12-08,6645.T,HOLD,6.7542553756062444,1,3.0112919021045808,False,0.9457961027463436,15.821247055769671,3.499558916100698,0.0423427935854829,1.498042304751755,2.6177167385794675,1.889220835189879,66.8273775788349
UP30_SCORE70_NIKKEION_TP4.0_SL1.25_H1,VALIDATION,2021-12-09,6479.T,HOLD,8.7160366186945,1,5.879467782827034,False,1.7166302221311105,17.684123446761973,1.5455949020147797,0.0581516502734296,1.3050626036666813,2.81740466795332,1.5219103046901743,67.01127051287077
UP30_SCORE70_NIKKEION_TP4.0_SL1.25_H1,VALIDATION,2022-01-06,1928.T,LOSS,-2.2009602248922344,1,0.6581012201415931,False,1.6723012120976266,30.98525630507089,-0.5166856739081571,0.0244109775561468,1.535124854285539,1.7168382690727328,1.4106908274932766,64.68874574164282
UP30_SCORE70_NIKKEION_TP4.0_SL1.25_H1,VALIDATION,2022-01-12,7911.T,LOSS,-2.8408781842627295,1,6.597130729399649,False,4.211620854614884,41.10622116424442,2.1178899257154216,0.0484874066879877,1.2709194389863812,2.254495523375562,1.2485803077767932,71.96452820715568
UP30_SCORE70_NIKKEION_TP4.0_SL1.25_H1,VALIDATION,2022-03-09,5019.T,LOSS,-4.794554805147133,1,2.7231521130664715,False,3.0322971366194107,20.55247901962275,-8.99181766771424,0.1039811626194401,1.114095438215956,3.940639316504161,1.8003820112412627,57.35386673084192
UP30_SCORE70_NIKKEION_TP4.0_SL1.25_H1,VALIDATION,2022-03-30,9433.T,LOSS,-2.550502127428045,1,6.624975298242913,False,1.7344119508750255,29.223302530807143,-2.898324260690865,-0.0275890876601996,1.4759846776751817,2.009648173180027,1.5247219833965242,58.83562076584731
UP30_SCORE70_NIKKEION_TP4.0_SL1.25_H1,VALIDATION,2022-04-19,8253.T,WIN,13.060758828001275,1,4.084391418638965,False,3.524549730790638,22.750160167218976,-1.1771974446330935,0.2060237242815621,1.335099270600313,3.2901897070003163,3.089840470193115,80.50629602206463
UP30_SCORE70_NIKKEION_TP4.0_SL1.25_H1,VALIDATION,2022-04-20,7731.T,WIN,11.538866435786288,1,5.331679308595854,False,4.594120559332926,38.183888000115005,2.4221480431072973,0.0687166669170018,1.5101938005668956,2.9097166089465736,1.6191277214981885,74.05023296865045
UP30_SCORE70_NIKKEION_TP4.0_SL1.25_H1,VALIDATION,2022-04-21,7731.T,WIN,12.100591031707298,1,6.03026904185015,False,4.439808738902973,40.50573654498357,0.9459507170847424,0.038830077547828,1.4839668913029855,3.0501477579268244,1.595042815112801,75.15410740893785
UP30_SCORE70_NIKKEION_TP4.0_SL1.25_H1,VALIDATION,2022-04-22,2501.T,HOLD,4.880515259603169,1,2.543589903026497,False,0.742969780226832,11.2336812681293,-1.0651335403527362,0.0289662176694687,1.2305057571782538,1.7469692611179477,1.5558627044459803,63.39193154260781
UP35_SCORE20_NIKKEION_TP4.0_SL1.25_H3,VALIDATION,2021-07-09,6645.T,LOSS,-2.3795130230886863,1,0.4743396218327339,False,0.9478235497266674,18.223915462954743,-1.5367563312057464,0.0360170390907692,1.760350973402797,1.8661495402717405,1.804844193381184,60.87904898690845
UP35_SCORE20_NIKKEION_TP4.0_SL1.25_H3,VALIDATION,2021-07-13,4901.T,LOSS,-2.074628562530001,1,8.78146440643763,False,1.403055122943253,28.631958143655496,1.3472559049030997,0.0119613580786761,1.1338425396665872,1.6115244725511662,1.3164861612515042,71.567900220303
UP35_SCORE20_NIKKEION_TP4.0_SL1.25_H3,VALIDATION,2021-07-20,1332.T,LOSS,-2.5944814674282557,1,1.5419562620114935,False,0.0596843839731908,13.25367859637552,-2.8622557455460163,0.0390022803080433,0.8854296206346652,2.0466381841515764,1.1465215517445522,52.9313990888255
UP35_SCORE20_NIKKEION_TP4.0_SL1.25_H3,VALIDATION,2021-07-21,8725.T,LOSS,-2.1758495516201015,1,0.2216069211720765,False,0.0390364295364209,13.9379092218091,-1.624345763610635,0.0208256161139215,1.3637425410375656,1.695883634110773,1.174722073598478,52.68056789589655
UP35_SCORE20_NIKKEION_TP4.0_SL1.25_H3,VALIDATION,2021-07-26,1928.T,LOSS,-2.4801805849228864,1,-0.4427654899276381,True,0.3242241855083039,9.508372900060992,-3.724299162306244,-0.01379338333952,1.0798636707418647,1.9505715943213635,1.1718108812865555,47.48650943041304
UP35_SCORE20_NIKKEION_TP4.0_SL1.25_H3,VALIDATION,2021-07-29,7741.T,LOSS,-2.765122489704075,1,5.782496202312959,False,0.8591742759043841,22.2346909742208,1.802104187543141,0.042048116900704,1.455040491482826,2.190476883825883,1.6487489221665836,65.62224181700223
UP35_SCORE20_NIKKEION_TP4.0_SL1.25_H3,VALIDATION,2021-07-30,6178.T,LOSS,-1.6917821850598203,1,0.0555580720523054,False,0.4974359929637462,18.19246384943799,-1.0964598550916138,0.0187216379498185,0.977229263953747,1.2940237881785257,0.8688285563183622,53.2218663154175
UP35_SCORE20_NIKKEION_TP4.0_SL1.25_H3,VALIDATION,2021-08-18,7532.T,LOSS,-3.4985708711018804,2,1.363758943376027,False,-1.0586773029716,11.962600769605952,-12.020029948666078,-0.0561428234594534,2.8726343082850705,2.8145098073587116,4.77352804977081,28.988950320678555
UP35_SCORE20_NIKKEION_TP4.0_SL1.25_H3,VALIDATION,2021-09-29,7013.T,WIN,11.067726742331397,1,0.058218160470407,False,1.8423349653284185,19.048405462885917,4.907760472714662,0.1288075658130838,2.169021109992189,2.791931685582849,3.0466452069191163,68.7245293647962
UP35_SCORE20_NIKKEION_TP4.0_SL1.25_H3,VALIDATION,2021-10-11,8002.T,WIN,9.392176577408263,1,0.3513160585350808,False,1.7369617484796818,14.310102518796583,1.0783826315478473,0.0481368637519248,1.0601318877836146,2.3730441443520656,0.9749085113201852,62.315081816513405
UP35_SCORE20_NIKKEION_TP4.0_SL1.25_H3,VALIDATION,2021-10-12,2914.T,WIN,4.0273668233750675,1,1.368440042151013,False,0.4311899049492584,13.164478620015103,1.1796882436700074,0.0153409252125975,1.5489495234259631,1.0318417058437688,1.6971087053697114,63.84111200981569
UP35_SCORE20_NIKKEION_TP4.0_SL1.25_H3,VALIDATION,2021-10-13,7211.T,WIN,13.756313677200305,2,0.6160064173620726,False,2.5433057702566986,26.861461171495016,5.421683365608598,0.1723294917743951,1.4413764681640222,3.464078419300076,1.8547706177423653,70.62134009989532
UP35_SCORE20_NIKKEION_TP4.0_SL1.25_H3,VALIDATION,2021-10-15,7211.T,WIN,14.199964905060293,1,1.9640296207926853,False,4.01150241832795,31.059828727112784,4.545444044633462,0.1741722830066381,1.122590968737058,3.574991226265071,1.5564779050160813,74.85397905840844
UP35_SCORE20_NIKKEION_TP4.0_SL1.25_H3,VALIDATION,2021-10-18,7012.T,WIN,11.135078377252816,1,5.230299413203637,False,1.7771497357482513,22.116967535176304,3.834596561500225,0.0805833598975738,1.5104184428605532,2.8087695943132056,1.7341255469308248,70.05222789409328
UP35_SCORE20_NIKKEION_TP4.0_SL1.25_H3,VALIDATION,2021-10-19,4385.T,TIMEOUT_LOSS,-3.553237410071941,3,6.572283868644349,False,2.2082631783447715,27.939595878703617,2.507374631268444,0.049355346484317,1.5774737008621371,4.019184652278174,1.2851384919727171,65.23561619197218
UP35_SCORE20_NIKKEION_TP4.0_SL1.25_H3,VALIDATION,2021-12-07,5631.T,HOLD,8.349635773609954,3,10.645540890384392,False,1.0000003168978422,21.931804021919397,1.7857058313969,0.0589696635186913,1.3950281005413232,3.285516655809917,1.548248844840287,66.37373961507566
UP35_SCORE20_NIKKEION_TP4.0_SL1.25_H3,VALIDATION,2022-01-06,1928.T,LOSS,-2.2009602248922344,1,0.6581012201415931,False,1.6723012120976266,30.98525630507089,-0.5166856739081571,0.0244109775561468,1.535124854285539,1.7168382690727328,1.4106908274932766,64.68874574164282
UP35_SCORE20_NIKKEION_TP4.0_SL1.25_H3,VALIDATION,2022-01-12,6902.T,LOSS,-2.6265682735404194,1,9.500765287378506,False,3.463130574842688,36.80349829410915,-1.5682266036746495,0.0314764330203493,1.1978726652755864,2.073646718938349,1.4505731541969678,68.34260225044031
UP35_SCORE20_NIKKEION_TP4.0_SL1.25_H3,VALIDATION,2022-01-27,6504.T,LOSS,-4.75053201354303,1,5.066917221182572,False,-1.6488155570028695,24.671138005902797,-16.873057529933334,-0.0067551910445874,1.4333220367703126,3.9018839741852127,1.832720575788968,28.85032426620046
UP35_SCORE20_NIKKEION_TP4.0_SL1.25_H3,VALIDATION,2022-03-02,7751.T,LOSS,-2.815099105109975,1,2.578400254351059,False,-0.58768948853134,16.527315140107966,-8.534872613247146,-0.0405975562682718,1.2444033280554123,2.232699282322119,1.368435468198744,31.430020079333445
UP35_SCORE20_NIKKEION_TP4.0_SL1.25_H3,VALIDATION,2022-03-09,5019.T,LOSS,-4.794554805147133,1,2.7231521130664715,False,3.0322971366194107,20.55247901962275,-8.99181766771424,0.1039811626194401,1.114095438215956,3.940639316504161,1.8003820112412627,57.35386673084192
UP35_SCORE20_NIKKEION_TP4.0_SL1.25_H3,VALIDATION,2022-04-19,8253.T,WIN,13.060758828001275,1,4.084391418638965,False,3.524549730790638,22.750160167218976,-1.1771974446330935,0.2060237242815621,1.335099270600313,3.2901897070003163,3.089840470193115,80.50629602206463
UP35_SCORE20_NIKKEION_TP4.0_SL1.25_H3,VALIDATION,2022-04-20,7731.T,WIN,11.538866435786288,1,5.331679308595854,False,4.594120559332926,38.183888000115005,2.4221480431072973,0.0687166669170018,1.5101938005668956,2.9097166089465736,1.6191277214981885,74.05023296865045
UP35_SCORE20_NIKKEION_TP4.0_SL1.25_H3,VALIDATION,2022-04-21,7731.T,WIN,12.100591031707298,1,6.03026904185015,False,4.439808738902973,40.50573654498357,0.9459507170847424,0.038830077547828,1.4839668913029855,3.0501477579268244,1.595042815112801,75.15410740893785
UP35_SCORE20_NIKKEION_TP4.0_SL1.25_H3,VALIDATION,2022-04-22,2501.T,WIN,6.887877044471791,2,2.543589903026497,False,0.742969780226832,11.2336812681293,-1.0651335403527362,0.0289662176694687,1.2305057571782538,1.7469692611179477,1.5558627044459803,63.39193154260781
UP35_SCORE30_NIKKEION_TP4.0_SL1.25_H5,VALIDATION,2021-07-09,6645.T,LOSS,-2.3795130230886863,1,0.4743396218327339,False,0.9478235497266674,18.223915462954743,-1.5367563312057464,0.0360170390907692,1.760350973402797,1.8661495402717405,1.804844193381184,60.87904898690845
UP35_SCORE30_NIKKEION_TP4.0_SL1.25_H5,VALIDATION,2021-07-13,4901.T,LOSS,-2.074628562530001,1,8.78146440643763,False,1.403055122943253,28.631958143655496,1.3472559049030997,0.0119613580786761,1.1338425396665872,1.6115244725511662,1.3164861612515042,71.567900220303
UP35_SCORE30_NIKKEION_TP4.0_SL1.25_H5,VALIDATION,2021-07-20,1332.T,LOSS,-2.5944814674282557,1,1.5419562620114935,False,0.0596843839731908,13.25367859637552,-2.8622557455460163,0.0390022803080433,0.8854296206346652,2.0466381841515764,1.1465215517445522,52.9313990888255
UP35_SCORE30_NIKKEION_TP4.0_SL1.25_H5,VALIDATION,2021-07-21,8725.T,LOSS,-2.1758495516201015,1,0.2216069211720765,False,0.0390364295364209,13.9379092218091,-1.624345763610635,0.0208256161139215,1.3637425410375656,1.695883634110773,1.174722073598478,52.68056789589655
UP35_SCORE30_NIKKEION_TP4.0_SL1.25_H5,VALIDATION,2021-07-29,7741.T,LOSS,-2.765122489704075,1,5.782496202312959,False,0.8591742759043841,22.2346909742208,1.802104187543141,0.042048116900704,1.455040491482826,2.190476883825883,1.6487489221665836,65.62224181700223
UP35_SCORE30_NIKKEION_TP4.0_SL1.25_H5,VALIDATION,2021-07-30,6178.T,LOSS,-1.6917821850598203,1,0.0555580720523054,False,0.4974359929637462,18.19246384943799,-1.0964598550916138,0.0187216379498185,0.977229263953747,1.2940237881785257,0.8688285563183622,53.2218663154175
UP35_SCORE30_NIKKEION_TP4.0_SL1.25_H5,VALIDATION,2021-08-18,7532.T,LOSS,-3.4985708711018804,2,1.363758943376027,False,-1.0586773029716,11.962600769605952,-12.020029948666078,-0.0561428234594534,2.8726343082850705,2.8145098073587116,4.77352804977081,28.988950320678555
UP35_SCORE30_NIKKEION_TP4.0_SL1.25_H5,VALIDATION,2021-09-29,7013.T,WIN,11.067726742331397,1,0.058218160470407,False,1.8423349653284185,19.048405462885917,4.907760472714662,0.1288075658130838,2.169021109992189,2.791931685582849,3.0466452069191163,68.7245293647962
UP35_SCORE30_NIKKEION_TP4.0_SL1.25_H5,VALIDATION,2021-10-11,8002.T,WIN,9.392176577408263,1,0.3513160585350808,False,1.7369617484796818,14.310102518796583,1.0783826315478473,0.0481368637519248,1.0601318877836146,2.3730441443520656,0.9749085113201852,62.315081816513405
UP35_SCORE30_NIKKEION_TP4.0_SL1.25_H5,VALIDATION,2021-10-12,2914.T,WIN,4.0273668233750675,1,1.368440042151013,False,0.4311899049492584,13.164478620015103,1.1796882436700074,0.0153409252125975,1.5489495234259631,1.0318417058437688,1.6971087053697114,63.84111200981569
UP35_SCORE30_NIKKEION_TP4.0_SL1.25_H5,VALIDATION,2021-10-13,7211.T,WIN,13.756313677200305,2,0.6160064173620726,False,2.5433057702566986,26.861461171495016,5.421683365608598,0.1723294917743951,1.4413764681640222,3.464078419300076,1.8547706177423653,70.62134009989532
UP35_SCORE30_NIKKEION_TP4.0_SL1.25_H5,VALIDATION,2021-10-15,7211.T,WIN,14.199964905060293,1,1.9640296207926853,False,4.01150241832795,31.059828727112784,4.545444044633462,0.1741722830066381,1.122590968737058,3.574991226265071,1.5564779050160813,74.85397905840844
UP35_SCORE30_NIKKEION_TP4.0_SL1.25_H5,VALIDATION,2021-10-18,7012.T,WIN,11.135078377252816,1,5.230299413203637,False,1.7771497357482513,22.116967535176304,3.834596561500225,0.0805833598975738,1.5104184428605532,2.8087695943132056,1.7341255469308248,70.05222789409328
UP35_SCORE30_NIKKEION_TP4.0_SL1.25_H5,VALIDATION,2021-10-19,4385.T,LOSS,-5.123980815347717,4,6.572283868644349,False,2.2082631783447715,27.939595878703617,2.507374631268444,0.049355346484317,1.5774737008621371,4.019184652278174,1.2851384919727171,65.23561619197218
UP35_SCORE30_NIKKEION_TP4.0_SL1.25_H5,VALIDATION,2021-12-07,5631.T,HOLD,6.884100155047668,5,10.645540890384392,False,1.0000003168978422,21.931804021919397,1.7857058313969,0.0589696635186913,1.3950281005413232,3.285516655809917,1.548248844840287,66.37373961507566
UP35_SCORE30_NIKKEION_TP4.0_SL1.25_H5,VALIDATION,2022-01-06,1928.T,LOSS,-2.2009602248922344,1,0.6581012201415931,False,1.6723012120976266,30.98525630507089,-0.5166856739081571,0.0244109775561468,1.535124854285539,1.7168382690727328,1.4106908274932766,64.68874574164282
UP35_SCORE30_NIKKEION_TP4.0_SL1.25_H5,VALIDATION,2022-01-12,6902.T,LOSS,-2.6265682735404194,1,9.500765287378506,False,3.463130574842688,36.80349829410915,-1.5682266036746495,0.0314764330203493,1.1978726652755864,2.073646718938349,1.4505731541969678,68.34260225044031
UP35_SCORE30_NIKKEION_TP4.0_SL1.25_H5,VALIDATION,2022-01-27,6504.T,LOSS,-4.75053201354303,1,5.066917221182572,False,-1.6488155570028695,24.671138005902797,-16.873057529933334,-0.0067551910445874,1.4333220367703126,3.9018839741852127,1.832720575788968,28.85032426620046
UP35_SCORE30_NIKKEION_TP4.0_SL1.25_H5,VALIDATION,2022-03-02,7751.T,LOSS,-2.815099105109975,1,2.578400254351059,False,-0.58768948853134,16.527315140107966,-8.534872613247146,-0.0405975562682718,1.2444033280554123,2.232699282322119,1.368435468198744,31.430020079333445
UP35_SCORE30_NIKKEION_TP4.0_SL1.25_H5,VALIDATION,2022-03-09,5019.T,LOSS,-4.794554805147133,1,2.7231521130664715,False,3.0322971366194107,20.55247901962275,-8.99181766771424,0.1039811626194401,1.114095438215956,3.940639316504161,1.8003820112412627,57.35386673084192
UP35_SCORE30_NIKKEION_TP4.0_SL1.25_H5,VALIDATION,2022-04-19,8253.T,WIN,13.060758828001275,1,4.084391418638965,False,3.524549730790638,22.750160167218976,-1.1771974446330935,0.2060237242815621,1.335099270600313,3.2901897070003163,3.089840470193115,80.50629602206463
UP35_SCORE30_NIKKEION_TP4.0_SL1.25_H5,VALIDATION,2022-04-20,7731.T,WIN,11.538866435786288,1,5.331679308595854,False,4.594120559332926,38.183888000115005,2.4221480431072973,0.0687166669170018,1.5101938005668956,2.9097166089465736,1.6191277214981885,74.05023296865045
UP35_SCORE30_NIKKEION_TP4.0_SL1.25_H5,VALIDATION,2022-04-21,7731.T,WIN,12.100591031707298,1,6.03026904185015,False,4.439808738902973,40.50573654498357,0.9459507170847424,0.038830077547828,1.4839668913029855,3.0501477579268244,1.595042815112801,75.15410740893785
UP35_SCORE30_NIKKEION_TP4.0_SL1.25_H5,VALIDATION,2022-04-22,2501.T,WIN,6.887877044471791,2,2.543589903026497,False,0.742969780226832,11.2336812681293,-1.0651335403527362,0.0289662176694687,1.2305057571782538,1.7469692611179477,1.5558627044459803,63.39193154260781
UP35_SCORE30_NIKKEION_TP4.0_SL1.25_H3,VALIDATION,2021-07-09,6645.T,LOSS,-2.3795130230886863,1,0.4743396218327339,False,0.9478235497266674,18.223915462954743,-1.5367563312057464,0.0360170390907692,1.760350973402797,1.8661495402717405,1.804844193381184,60.87904898690845
UP35_SCORE30_NIKKEION_TP4.0_SL1.25_H3,VALIDATION,2021-07-13,4901.T,LOSS,-2.074628562530001,1,8.78146440643763,False,1.403055122943253,28.631958143655496,1.3472559049030997,0.0119613580786761,1.1338425396665872,1.6115244725511662,1.3164861612515042,71.567900220303
UP35_SCORE30_NIKKEION_TP4.0_SL1.25_H3,VALIDATION,2021-07-20,1332.T,LOSS,-2.5944814674282557,1,1.5419562620114935,False,0.0596843839731908,13.25367859637552,-2.8622557455460163,0.0390022803080433,0.8854296206346652,2.0466381841515764,1.1465215517445522,52.9313990888255
UP35_SCORE30_NIKKEION_TP4.0_SL1.25_H3,VALIDATION,2021-07-21,8725.T,LOSS,-2.1758495516201015,1,0.2216069211720765,False,0.0390364295364209,13.9379092218091,-1.624345763610635,0.0208256161139215,1.3637425410375656,1.695883634110773,1.174722073598478,52.68056789589655
UP35_SCORE30_NIKKEION_TP4.0_SL1.25_H3,VALIDATION,2021-07-29,7741.T,LOSS,-2.765122489704075,1,5.782496202312959,False,0.8591742759043841,22.2346909742208,1.802104187543141,0.042048116900704,1.455040491482826,2.190476883825883,1.6487489221665836,65.62224181700223
UP35_SCORE30_NIKKEION_TP4.0_SL1.25_H3,VALIDATION,2021-07-30,6178.T,LOSS,-1.6917821850598203,1,0.0555580720523054,False,0.4974359929637462,18.19246384943799,-1.0964598550916138,0.0187216379498185,0.977229263953747,1.2940237881785257,0.8688285563183622,53.2218663154175
UP35_SCORE30_NIKKEION_TP4.0_SL1.25_H3,VALIDATION,2021-08-18,7532.T,LOSS,-3.4985708711018804,2,1.363758943376027,False,-1.0586773029716,11.962600769605952,-12.020029948666078,-0.0561428234594534,2.8726343082850705,2.8145098073587116,4.77352804977081,28.988950320678555
UP35_SCORE30_NIKKEION_TP4.0_SL1.25_H3,VALIDATION,2021-09-29,7013.T,WIN,11.067726742331397,1,0.058218160470407,False,1.8423349653284185,19.048405462885917,4.907760472714662,0.1288075658130838,2.169021109992189,2.791931685582849,3.0466452069191163,68.7245293647962
UP35_SCORE30_NIKKEION_TP4.0_SL1.25_H3,VALIDATION,2021-10-11,8002.T,WIN,9.392176577408263,1,0.3513160585350808,False,1.7369617484796818,14.310102518796583,1.0783826315478473,0.0481368637519248,1.0601318877836146,2.3730441443520656,0.9749085113201852,62.315081816513405
UP35_SCORE30_NIKKEION_TP4.0_SL1.25_H3,VALIDATION,2021-10-12,2914.T,WIN,4.0273668233750675,1,1.368440042151013,False,0.4311899049492584,13.164478620015103,1.1796882436700074,0.0153409252125975,1.5489495234259631,1.0318417058437688,1.6971087053697114,63.84111200981569
UP35_SCORE30_NIKKEION_TP4.0_SL1.25_H3,VALIDATION,2021-10-13,7211.T,WIN,13.756313677200305,2,0.6160064173620726,False,2.5433057702566986,26.861461171495016,5.421683365608598,0.1723294917743951,1.4413764681640222,3.464078419300076,1.8547706177423653,70.62134009989532
UP35_SCORE30_NIKKEION_TP4.0_SL1.25_H3,VALIDATION,2021-10-15,7211.T,WIN,14.199964905060293,1,1.9640296207926853,False,4.01150241832795,31.059828727112784,4.545444044633462,0.1741722830066381,1.122590968737058,3.574991226265071,1.5564779050160813,74.85397905840844
UP35_SCORE30_NIKKEION_TP4.0_SL1.25_H3,VALIDATION,2021-10-18,7012.T,WIN,11.135078377252816,1,5.230299413203637,False,1.7771497357482513,22.116967535176304,3.834596561500225,0.0805833598975738,1.5104184428605532,2.8087695943132056,1.7341255469308248,70.05222789409328
UP35_SCORE30_NIKKEION_TP4.0_SL1.25_H3,VALIDATION,2021-10-19,4385.T,TIMEOUT_LOSS,-3.553237410071941,3,6.572283868644349,False,2.2082631783447715,27.939595878703617,2.507374631268444,0.049355346484317,1.5774737008621371,4.019184652278174,1.2851384919727171,65.23561619197218
UP35_SCORE30_NIKKEION_TP4.0_SL1.25_H3,VALIDATION,2021-12-07,5631.T,HOLD,8.349635773609954,3,10.645540890384392,False,1.0000003168978422,21.931804021919397,1.7857058313969,0.0589696635186913,1.3950281005413232,3.285516655809917,1.548248844840287,66.37373961507566
UP35_SCORE30_NIKKEION_TP4.0_SL1.25_H3,VALIDATION,2022-01-06,1928.T,LOSS,-2.2009602248922344,1,0.6581012201415931,False,1.6723012120976266,30.98525630507089,-0.5166856739081571,0.0244109775561468,1.535124854285539,1.7168382690727328,1.4106908274932766,64.68874574164282
UP35_SCORE30_NIKKEION_TP4.0_SL1.25_H3,VALIDATION,2022-01-12,6902.T,LOSS,-2.6265682735404194,1,9.500765287378506,False,3.463130574842688,36.80349829410915,-1.5682266036746495,0.0314764330203493,1.1978726652755864,2.073646718938349,1.4505731541969678,68.34260225044031
UP35_SCORE30_NIKKEION_TP4.0_SL1.25_H3,VALIDATION,2022-01-27,6504.T,LOSS,-4.75053201354303,1,5.066917221182572,False,-1.6488155570028695,24.671138005902797,-16.873057529933334,-0.0067551910445874,1.4333220367703126,3.9018839741852127,1.832720575788968,28.85032426620046
UP35_SCORE30_NIKKEION_TP4.0_SL1.25_H3,VALIDATION,2022-03-02,7751.T,LOSS,-2.815099105109975,1,2.578400254351059,False,-0.58768948853134,16.527315140107966,-8.534872613247146,-0.0405975562682718,1.2444033280554123,2.232699282322119,1.368435468198744,31.430020079333445
UP35_SCORE30_NIKKEION_TP4.0_SL1.25_H3,VALIDATION,2022-03-09,5019.T,LOSS,-4.794554805147133,1,2.7231521130664715,False,3.0322971366194107,20.55247901962275,-8.99181766771424,0.1039811626194401,1.114095438215956,3.940639316504161,1.8003820112412627,57.35386673084192
UP35_SCORE30_NIKKEION_TP4.0_SL1.25_H3,VALIDATION,2022-04-19,8253.T,WIN,13.060758828001275,1,4.084391418638965,False,3.524549730790638,22.750160167218976,-1.1771974446330935,0.2060237242815621,1.335099270600313,3.2901897070003163,3.089840470193115,80.50629602206463
UP35_SCORE30_NIKKEION_TP4.0_SL1.25_H3,VALIDATION,2022-04-20,7731.T,WIN,11.538866435786288,1,5.331679308595854,False,4.594120559332926,38.183888000115005,2.4221480431072973,0.0687166669170018,1.5101938005668956,2.9097166089465736,1.6191277214981885,74.05023296865045
UP35_SCORE30_NIKKEION_TP4.0_SL1.25_H3,VALIDATION,2022-04-21,7731.T,WIN,12.100591031707298,1,6.03026904185015,False,4.439808738902973,40.50573654498357,0.9459507170847424,0.038830077547828,1.4839668913029855,3.0501477579268244,1.595042815112801,75.15410740893785
UP35_SCORE30_NIKKEION_TP4.0_SL1.25_H3,VALIDATION,2022-04-22,2501.T,WIN,6.887877044471791,2,2.543589903026497,False,0.742969780226832,11.2336812681293,-1.0651335403527362,0.0289662176694687,1.2305057571782538,1.7469692611179477,1.5558627044459803,63.39193154260781
UP35_SCORE20_NIKKEION_TP4.0_SL1.25_H5,VALIDATION,2021-07-09,6645.T,LOSS,-2.3795130230886863,1,0.4743396218327339,False,0.9478235497266674,18.223915462954743,-1.5367563312057464,0.0360170390907692,1.760350973402797,1.8661495402717405,1.804844193381184,60.87904898690845
UP35_SCORE20_NIKKEION_TP4.0_SL1.25_H5,VALIDATION,2021-07-13,4901.T,LOSS,-2.074628562530001,1,8.78146440643763,False,1.403055122943253,28.631958143655496,1.3472559049030997,0.0119613580786761,1.1338425396665872,1.6115244725511662,1.3164861612515042,71.567900220303
UP35_SCORE20_NIKKEION_TP4.0_SL1.25_H5,VALIDATION,2021-07-20,1332.T,LOSS,-2.5944814674282557,1,1.5419562620114935,False,0.0596843839731908,13.25367859637552,-2.8622557455460163,0.0390022803080433,0.8854296206346652,2.0466381841515764,1.1465215517445522,52.9313990888255
UP35_SCORE20_NIKKEION_TP4.0_SL1.25_H5,VALIDATION,2021-07-21,8725.T,LOSS,-2.1758495516201015,1,0.2216069211720765,False,0.0390364295364209,13.9379092218091,-1.624345763610635,0.0208256161139215,1.3637425410375656,1.695883634110773,1.174722073598478,52.68056789589655
UP35_SCORE20_NIKKEION_TP4.0_SL1.25_H5,VALIDATION,2021-07-26,1928.T,LOSS,-2.4801805849228864,1,-0.4427654899276381,True,0.3242241855083039,9.508372900060992,-3.724299162306244,-0.01379338333952,1.0798636707418647,1.9505715943213635,1.1718108812865555,47.48650943041304
UP35_SCORE20_NIKKEION_TP4.0_SL1.25_H5,VALIDATION,2021-07-29,7741.T,LOSS,-2.765122489704075,1,5.782496202312959,False,0.8591742759043841,22.2346909742208,1.802104187543141,0.042048116900704,1.455040491482826,2.190476883825883,1.6487489221665836,65.62224181700223
UP35_SCORE20_NIKKEION_TP4.0_SL1.25_H5,VALIDATION,2021-07-30,6178.T,LOSS,-1.6917821850598203,1,0.0555580720523054,False,0.4974359929637462,18.19246384943799,-1.0964598550916138,0.0187216379498185,0.977229263953747,1.2940237881785257,0.8688285563183622,53.2218663154175
UP35_SCORE20_NIKKEION_TP4.0_SL1.25_H5,VALIDATION,2021-08-18,7532.T,LOSS,-3.4985708711018804,2,1.363758943376027,False,-1.0586773029716,11.962600769605952,-12.020029948666078,-0.0561428234594534,2.8726343082850705,2.8145098073587116,4.77352804977081,28.988950320678555
UP35_SCORE20_NIKKEION_TP4.0_SL1.25_H5,VALIDATION,2021-09-29,7013.T,WIN,11.067726742331397,1,0.058218160470407,False,1.8423349653284185,19.048405462885917,4.907760472714662,0.1288075658130838,2.169021109992189,2.791931685582849,3.0466452069191163,68.7245293647962
UP35_SCORE20_NIKKEION_TP4.0_SL1.25_H5,VALIDATION,2021-10-11,8002.T,WIN,9.392176577408263,1,0.3513160585350808,False,1.7369617484796818,14.310102518796583,1.0783826315478473,0.0481368637519248,1.0601318877836146,2.3730441443520656,0.9749085113201852,62.315081816513405
UP35_SCORE20_NIKKEION_TP4.0_SL1.25_H5,VALIDATION,2021-10-12,2914.T,WIN,4.0273668233750675,1,1.368440042151013,False,0.4311899049492584,13.164478620015103,1.1796882436700074,0.0153409252125975,1.5489495234259631,1.0318417058437688,1.6971087053697114,63.84111200981569
UP35_SCORE20_NIKKEION_TP4.0_SL1.25_H5,VALIDATION,2021-10-13,7211.T,WIN,13.756313677200305,2,0.6160064173620726,False,2.5433057702566986,26.861461171495016,5.421683365608598,0.1723294917743951,1.4413764681640222,3.464078419300076,1.8547706177423653,70.62134009989532
UP35_SCORE20_NIKKEION_TP4.0_SL1.25_H5,VALIDATION,2021-10-15,7211.T,WIN,14.199964905060293,1,1.9640296207926853,False,4.01150241832795,31.059828727112784,4.545444044633462,0.1741722830066381,1.122590968737058,3.574991226265071,1.5564779050160813,74.85397905840844
UP35_SCORE20_NIKKEION_TP4.0_SL1.25_H5,VALIDATION,2021-10-18,7012.T,WIN,11.135078377252816,1,5.230299413203637,False,1.7771497357482513,22.116967535176304,3.834596561500225,0.0805833598975738,1.5104184428605532,2.8087695943132056,1.7341255469308248,70.05222789409328
UP35_SCORE20_NIKKEION_TP4.0_SL1.25_H5,VALIDATION,2021-10-19,4385.T,LOSS,-5.123980815347717,4,6.572283868644349,False,2.2082631783447715,27.939595878703617,2.507374631268444,0.049355346484317,1.5774737008621371,4.019184652278174,1.2851384919727171,65.23561619197218
UP35_SCORE20_NIKKEION_TP4.0_SL1.25_H5,VALIDATION,2021-12-07,5631.T,HOLD,6.884100155047668,5,10.645540890384392,False,1.0000003168978422,21.931804021919397,1.7857058313969,0.0589696635186913,1.3950281005413232,3.285516655809917,1.548248844840287,66.37373961507566
UP35_SCORE20_NIKKEION_TP4.0_SL1.25_H5,VALIDATION,2022-01-06,1928.T,LOSS,-2.2009602248922344,1,0.6581012201415931,False,1.6723012120976266,30.98525630507089,-0.5166856739081571,0.0244109775561468,1.535124854285539,1.7168382690727328,1.4106908274932766,64.68874574164282
UP35_SCORE20_NIKKEION_TP4.0_SL1.25_H5,VALIDATION,2022-01-12,6902.T,LOSS,-2.6265682735404194,1,9.500765287378506,False,3.463130574842688,36.80349829410915,-1.5682266036746495,0.0314764330203493,1.1978726652755864,2.073646718938349,1.4505731541969678,68.34260225044031
UP35_SCORE20_NIKKEION_TP4.0_SL1.25_H5,VALIDATION,2022-01-27,6504.T,LOSS,-4.75053201354303,1,5.066917221182572,False,-1.6488155570028695,24.671138005902797,-16.873057529933334,-0.0067551910445874,1.4333220367703126,3.9018839741852127,1.832720575788968,28.85032426620046
UP35_SCORE20_NIKKEION_TP4.0_SL1.25_H5,VALIDATION,2022-03-02,7751.T,LOSS,-2.815099105109975,1,2.578400254351059,False,-0.58768948853134,16.527315140107966,-8.534872613247146,-0.0405975562682718,1.2444033280554123,2.232699282322119,1.368435468198744,31.430020079333445
UP35_SCORE20_NIKKEION_TP4.0_SL1.25_H5,VALIDATION,2022-03-09,5019.T,LOSS,-4.794554805147133,1,2.7231521130664715,False,3.0322971366194107,20.55247901962275,-8.99181766771424,0.1039811626194401,1.114095438215956,3.940639316504161,1.8003820112412627,57.35386673084192
UP35_SCORE20_NIKKEION_TP4.0_SL1.25_H5,VALIDATION,2022-04-19,8253.T,WIN,13.060758828001275,1,4.084391418638965,False,3.524549730790638,22.750160167218976,-1.1771974446330935,0.2060237242815621,1.335099270600313,3.2901897070003163,3.089840470193115,80.50629602206463
UP35_SCORE20_NIKKEION_TP4.0_SL1.25_H5,VALIDATION,2022-04-20,7731.T,WIN,11.538866435786288,1,5.331679308595854,False,4.594120559332926,38.183888000115005,2.4221480431072973,0.0687166669170018,1.5101938005668956,2.9097166089465736,1.6191277214981885,74.05023296865045
UP35_SCORE20_NIKKEION_TP4.0_SL1.25_H5,VALIDATION,2022-04-21,7731.T,WIN,12.100591031707298,1,6.03026904185015,False,4.439808738902973,40.50573654498357,0.9459507170847424,0.038830077547828,1.4839668913029855,3.0501477579268244,1.595042815112801,75.15410740893785
UP35_SCORE20_NIKKEION_TP4.0_SL1.25_H5,VALIDATION,2022-04-22,2501.T,WIN,6.887877044471791,2,2.543589903026497,False,0.742969780226832,11.2336812681293,-1.0651335403527362,0.0289662176694687,1.2305057571782538,1.7469692611179477,1.5558627044459803,63.39193154260781
