strategy,phase,date,ticker,result,return,hold_days,gc_gap,gc_approach,gc_slope,adx,breakout20,relative_strength,volume_surge,atr_ratio,vol,rsi
UP25_SCORE80_NIKKEION_TP3.5_SL2.0_H3,VALIDATION,2022-08-24,7733.T,HOLD,0.1464212754205386,3,,,,,,,,2.487512480075919,1.8547560940531955,65.51391763203654
UP25_SCORE80_NIKKEION_TP3.5_SL2.0_H3,VALIDATION,2022-08-25,7004.T,WIN,8.659482124574557,1,,,,,,,,2.502709178449873,1.68890419213222,64.82502886936872
UP25_SCORE80_NIKKEION_TP3.5_SL2.0_H3,VALIDATION,2022-11-04,8001.T,LOSS,-3.8290478752405654,1,,,,,,,,1.936746127953537,1.839102301394961,63.42202249431198
UP25_SCORE80_NIKKEION_TP3.5_SL2.0_H3,VALIDATION,2022-11-10,2501.T,LOSS,-4.437057368443675,1,,,,,,,,2.266842964024092,2.343872605585045,78.05644952602152
UP25_SCORE80_NIKKEION_TP3.5_SL2.0_H3,VALIDATION,2022-11-30,9434.T,WIN,3.246309066619235,1,,,,,,,,0.9560883047483518,2.4663342776889188,58.10727871196465
UP25_SCORE80_NIKKEION_TP3.5_SL2.0_H3,VALIDATION,2022-12-01,4523.T,WIN,12.993618305157339,2,,,,,,,,3.7410338014735256,3.726731040440298,67.15517263840277
UP25_SCORE80_NIKKEION_TP3.5_SL2.0_H3,VALIDATION,2023-02-01,2768.T,LOSS,-2.9029364310070638,1,,,,,,,,1.4418832874603549,1.59628603672925,61.67016112861338
UP25_SCORE80_NIKKEION_TP3.5_SL2.0_H3,VALIDATION,2023-02-17,5233.T,LOSS,-4.2908436500433185,1,,,,,,,,2.1870788814461806,2.0514057799458647,79.34823879636357
UP25_SCORE80_NIKKEION_TP3.5_SL2.0_H3,VALIDATION,2023-02-21,5101.T,WIN,9.063655681934424,1,,,,,,,,2.6181873376955505,3.43627562267025,86.43660675284961
UP25_SCORE80_NIKKEION_TP3.5_SL2.0_H3,VALIDATION,2023-03-03,5406.T,WIN,9.60137047351467,1,,,,,,,,2.771820135289908,1.857140360382404,87.09433998237975
UP25_SCORE80_NIKKEION_TP3.5_SL2.0_H3,VALIDATION,2023-03-06,5406.T,WIN,9.590422756537288,1,,,,,,,,2.768692216153508,1.502203260570827,87.66789665700449
UP25_SCORE80_NIKKEION_TP3.5_SL2.0_H3,VALIDATION,2023-03-07,5406.T,WIN,9.838759854621005,1,,,,,,,,2.8396456727488584,2.0701893640139404,90.18696901800902
UP25_SCORE80_NIKKEION_TP3.5_SL2.0_H3,VALIDATION,2023-03-08,6472.T,WIN,8.774131461873436,1,,,,,,,,2.535466131963841,1.5964971261163212,80.32679424160867
UP25_SCORE80_NIKKEION_TP3.5_SL2.0_H3,VALIDATION,2023-03-09,6472.T,WIN,8.846430099275738,1,,,,,,,,2.5561228855073503,2.0280835938094106,81.64248124982342
UP25_SCORE80_NIKKEION_TP3.5_SL2.0_H3,VALIDATION,2023-03-30,9107.T,WIN,11.874626403568856,1,,,,,,,,3.4213218295911028,2.956640384017868,67.71212740707429
UP25_SCORE80_NIKKEION_TP3.5_SL2.0_H3,VALIDATION,2023-03-31,7735.T,HOLD,1.9952370032169875,3,,,,,,,,2.5391231063714175,1.7645630331178097,71.61649211053447
UP25_SCORE80_NIKKEION_TP3.5_SL2.0_H3,VALIDATION,2023-04-03,6361.T,TIMEOUT_LOSS,-1.4527729564149383,3,,,,,,,,2.384753810496683,1.789481559063365,70.6068253998211
UP25_SCORE80_NIKKEION_TP3.5_SL2.0_H3,VALIDATION,2023-04-04,6501.T,HOLD,0.37960656090801914,3,,,,,,,,2.0304261745622165,1.5221769100292324,70.37175256557059
UP25_SCORE80_NIKKEION_TP3.5_SL2.0_H3,VALIDATION,2023-04-05,7453.T,HOLD,1.1430890333390953,3,,,,,,,,2.549078700278436,2.2329253812711656,54.85035368390627
UP25_SCORE80_NIKKEION_TP3.5_SL2.0_H3,VALIDATION,2023-04-11,9009.T,HOLD,3.1175604922691336,3,,,,,,,,1.9900095906876618,1.6478328517448322,79.14396561216782
UP25_SCORE80_NIKKEION_TP3.5_SL2.0_H3,VALIDATION,2023-04-12,3086.T,WIN,8.473295069973064,1,,,,,,,,2.4495128771351586,2.600409263552136,65.77527308898344
UP25_SCORE80_NIKKEION_TP3.5_SL2.0_H3,VALIDATION,2023-04-13,7453.T,HOLD,2.690558295829437,3,,,,,,,,2.575211037043294,1.6011953311443716,59.13648388012189
UP25_SCORE80_NIKKEION_TP3.5_SL2.0_H3,VALIDATION,2023-04-14,3697.T,TIMEOUT_LOSS,-2.594536581674811,3,,,,,,,,4.121031231711458,1.8575489819439108,70.5419742753867
UP25_SCORE80_NIKKEION_TP3.5_SL2.0_H3,VALIDATION,2023-04-17,6752.T,WIN,6.853163951123554,1,,,,,,,,1.9866182717495888,1.8304620405232623,71.88274667672724
UP25_SCORE80_NIKKEION_TP3.5_SL2.0_H3,VALIDATION,2023-04-19,8253.T,WIN,6.8967269432276606,1,,,,,,,,1.9990648409221896,1.624354060885152,71.01284289908423
UP25_SCORE80_NIKKEION_TP3.5_SL2.0_H3,VALIDATION,2023-04-20,3099.T,WIN,7.97065898705115,3,,,,,,,,2.3059025677288973,1.6848464507467695,64.50758913098556
UP25_SCORE80_NIKKEION_TP3.5_SL2.0_H3,VALIDATION,2023-04-21,6146.T,TIMEOUT_LOSS,-3.937076569153586,3,,,,,,,,2.9290030680995187,4.820541702933798,75.78560698122133
UP25_SCORE80_NIKKEION_TP3.5_SL2.0_H3,VALIDATION,2023-04-24,9202.T,WIN,4.872682484096147,1,,,,,,,,1.4207664240274718,3.269837442481966,70.44491341213703
UP25_SCORE80_NIKKEION_TP3.5_SL2.0_H3,VALIDATION,2023-04-25,6503.T,WIN,5.968434276103574,3,,,,,,,,1.733838364601022,2.155498593594048,79.72493429343518
UP25_SCORE80_NIKKEION_TP3.5_SL2.0_H3,VALIDATION,2023-04-26,1803.T,WIN,6.789852849899314,1,,,,,,,,1.9685293856855173,6.0865440632331405,73.83107527961079
UP25_SCORE80_NIKKEION_TP3.5_SL2.0_H3,VALIDATION,2023-04-27,6473.T,WIN,6.817593959674595,1,,,,,,,,1.9764554170498865,2.898426338292784,67.10946758818605
UP25_SCORE80_NIKKEION_TP3.5_SL2.0_H3,VALIDATION,2023-04-28,8801.T,WIN,5.472167483422486,1,,,,,,,,1.5920478524064234,2.3953025670888533,79.12301899170511
UP25_SCORE80_NIKKEION_TP3.5_SL2.0_H3,VALIDATION,2023-05-01,7011.T,HOLD,2.5301458927096454,3,,,,,,,,1.6474797805150931,1.631766868235908,66.13065535678693
UP25_SCORE80_NIKKEION_TP3.5_SL2.0_H3,VALIDATION,2023-05-09,5401.T,WIN,7.6815329628745825,1,,,,,,,,2.2232951322498806,2.4216348728935766,63.075672705376185
UP25_SCORE80_NIKKEION_TP3.5_SL2.0_H3,VALIDATION,2023-05-10,9107.T,WIN,12.843377086983454,1,,,,,,,,3.698107739138131,1.6721083015720768,62.615682903241385
UP25_SCORE80_NIKKEION_TP3.5_SL2.0_H3,VALIDATION,2023-05-11,5020.T,WIN,5.1040648697332385,1,,,,,,,,1.4868756770666383,3.681803466050562,72.78286865632573
UP25_SCORE80_NIKKEION_TP3.5_SL2.0_H3,VALIDATION,2023-05-12,5406.T,WIN,12.917749455618422,1,,,,,,,,3.719356987319548,5.052158085537815,68.63672427624891
UP25_SCORE80_NIKKEION_TP3.5_SL2.0_H3,VALIDATION,2023-05-15,5406.T,WIN,13.278925234830108,1,,,,,,,,3.8225500670943178,1.7922546424440156,68.83347968195596
UP25_SCORE80_NIKKEION_TP3.5_SL2.0_H3,VALIDATION,2023-05-16,4188.T,WIN,4.649537925379821,1,,,,,,,,1.3570108358228028,1.900617460813976,63.985237751869725
UP25_SCORE80_NIKKEION_TP3.5_SL2.0_H3,VALIDATION,2023-07-03,5301.T,WIN,8.204038046132023,1,,,,,,,,2.3725822988948613,1.6841448882477126,76.76292337832162
UP25_SCORE80_NIKKEION_TP3.5_SL2.0_H3,VALIDATION,2023-07-05,9107.T,WIN,12.324907569633192,1,,,,,,,,3.5499735913237704,2.150751782310317,69.97459032079043
UP25_SCORE80_NIKKEION_TP3.5_SL2.0_H3,VALIDATION,2023-07-28,8331.T,WIN,6.9351616766423545,1,,,,,,,,2.010046193326387,2.1956075174010463,72.16573526230798
UP25_SCORE80_NIKKEION_TP3.5_SL2.0_H3,VALIDATION,2023-07-31,8308.T,TIMEOUT_LOSS,-1.2452531699781444,3,,,,,,,,2.5763241790336844,1.9173748312925836,71.9207173897711
UP25_SCORE80_NIKKEION_TP3.5_SL2.0_H3,VALIDATION,2023-08-01,6976.T,HOLD,1.8693882072037593,3,,,,,,,,2.606764674052127,2.1396985671851048,57.50048021808944
UP25_SCORE80_NIKKEION_TP3.5_SL2.0_H3,VALIDATION,2023-08-29,9501.T,TIMEOUT_LOSS,-2.143950752030588,3,,,,,,,,3.1402072969105355,2.2716801360357546,73.52136944851513
UP25_SCORE80_NIKKEION_TP3.5_SL2.0_H3,VALIDATION,2023-09-08,9503.T,LOSS,-3.8663254509515355,1,,,,,,,,1.956864615531188,1.861415447978506,79.64778860645424
UP25_SCORE80_NIKKEION_TP3.5_SL2.0_H3,VALIDATION,2023-09-11,8308.T,LOSS,-4.662172122268315,1,,,,,,,,2.390127805566289,1.665899299127487,79.10878705380313
UP25_SCORE80_NIKKEION_TP3.5_SL2.0_H3,VALIDATION,2023-09-12,8316.T,LOSS,-3.5634043979551833,1,,,,,,,,1.7938297784150459,1.6274642753207946,80.10973378734327
UP25_SCORE80_NIKKEION_TP3.5_SL2.0_H3,VALIDATION,2023-09-13,8306.T,LOSS,-3.989851206494388,1,,,,,,,,2.0236422767650737,1.6494697326543106,80.85596893501176
UP25_SCORE80_NIKKEION_TP3.5_SL2.0_H3,VALIDATION,2023-11-13,2501.T,LOSS,-4.619258659737801,1,,,,,,,,2.3665812583255104,2.601058336455944,83.63371851723367
UP25_SCORE80_NIKKEION_TP3.5_SL2.0_H3,VALIDATION,2023-12-29,7974.T,WIN,5.653738253917762,3,,,,,,,,1.643925215405077,1.9467622373338236,74.74645526007333
UP25_SCORE80_NIKKEION_TP3.5_SL2.0_H3,VALIDATION,2024-01-05,8601.T,WIN,7.635628315990884,1,,,,,,,,2.210179518854538,1.680065341212715,65.83317514015158
UP25_SCORE80_NIKKEION_TP3.5_SL2.0_H3,VALIDATION,2024-01-18,7735.T,WIN,10.909167313103575,1,,,,,,,,3.1454763751724477,1.92320418278728,75.52852009430023
UP25_SCORE80_NIKKEION_TP3.5_SL2.0_H3,VALIDATION,2024-03-05,6146.T,TIMEOUT_LOSS,-0.5588255963961396,3,,,,,,,,3.284602928557382,2.1800391194636752,80.50298701119084
UP25_SCORE80_NIKKEION_TP3.5_SL2.0_H3,VALIDATION,2024-03-06,1802.T,WIN,9.890803785294333,1,,,,,,,,2.8545153672269548,2.554199432260858,85.31838469532941
UP25_SCORE80_NIKKEION_TP3.5_SL2.0_H3,VALIDATION,2024-03-07,7012.T,TIMEOUT_LOSS,-1.3340755048777408,3,,,,,,,,3.210564756415324,3.000958757164228,86.42904059170691
UP25_SCORE80_NIKKEION_TP3.5_SL2.0_H3,VALIDATION,2024-03-21,8804.T,WIN,10.133110865304895,1,,,,,,,,2.923745961515685,1.69173223588183,67.93402062292945
UP25_SCORE80_NIKKEION_TP3.5_SL2.0_H3,VALIDATION,2024-03-22,3099.T,HOLD,6.877494385247552,3,,,,,,,,2.453948221491993,1.5707909104979727,81.63333499499859
UP25_SCORE80_NIKKEION_TP3.5_SL2.0_H3,VALIDATION,2024-03-25,5631.T,WIN,9.327517467571845,2,,,,,,,,2.693576419306239,1.9978760576890136,78.08170396611129
UP25_SCORE80_NIKKEION_TP3.5_SL2.0_H3,VALIDATION,2024-03-26,6504.T,HOLD,4.84654585282166,3,,,,,,,,2.8262976686388814,1.7303010510064722,74.90764016864891
UP25_SCORE80_NIKKEION_TP3.5_SL2.0_H3,VALIDATION,2024-03-27,8830.T,HOLD,4.533724955436258,3,,,,,,,,2.9491802064909907,1.5145706817856726,72.84539908337764
UP25_SCORE80_NIKKEION_TP3.5_SL2.0_H3,VALIDATION,2024-03-28,9501.T,TIMEOUT_LOSS,-1.4722540245678761,3,,,,,,,,4.639511584038658,1.535695399259651,61.44666417260486
UP25_SCORE80_NIKKEION_TP3.5_SL2.0_H3,VALIDATION,2024-05-14,5801.T,HOLD,2.2820223552854624,3,,,,,,,,3.3266977409723695,4.547126157516055,78.26401062449611
UP25_SCORE80_NIKKEION_TP3.5_SL2.0_H3,VALIDATION,2024-05-15,5101.T,LOSS,-6.0894245001611225,1,,,,,,,,3.185505709499344,2.1531057837982357,57.67965645377095
UP25_SCORE80_NIKKEION_TP3.5_SL2.0_H3,VALIDATION,2024-05-30,8331.T,LOSS,-4.400166785860348,1,,,,,,,,2.2466950262275853,1.6671299042083123,76.98906772721455
UP25_SCORE80_NIKKEION_TP3.5_SL2.0_H3,VALIDATION,2024-07-05,7011.T,LOSS,-6.745795040566726,3,,,,,,,,3.3228975202833633,2.5582053497235537,86.65930019007098
UP25_SCORE80_NIKKEION_TP3.5_SL2.0_H3,VALIDATION,2024-07-08,7011.T,LOSS,-6.953018781897246,2,,,,,,,,3.4265093909486253,1.7619016094335518,86.88149005846999
UP25_SCORE80_NIKKEION_TP3.5_SL2.0_H3,VALIDATION,2024-07-09,5803.T,TIMEOUT_LOSS,-0.5020352086310463,3,,,,,,,,3.809966458306757,3.0971420165153285,65.1673118563374
UP25_SCORE80_NIKKEION_TP3.5_SL2.0_H3,VALIDATION,2024-07-10,5803.T,TIMEOUT_LOSS,-2.3216796953875796,3,,,,,,,,3.7783164995058183,1.977109990603468,67.32339376466534
UP25_SCORE80_NIKKEION_TP3.5_SL2.0_H3,VALIDATION,2024-07-12,4519.T,HOLD,0.13311846210201103,3,,,,,,,,2.4175399406305127,1.5207411706833838,76.8046823943933
UP25_SCORE80_NIKKEION_TP3.5_SL2.0_H3,VALIDATION,2024-07-16,6976.T,HOLD,5.223364293422395,3,,,,,,,,3.5256413216273375,1.7389526651481166,77.39298849461471
UP25_SCORE80_NIKKEION_TP3.5_SL2.0_H3,VALIDATION,2024-09-05,6532.T,LOSS,-6.307967153452498,1,,,,,,,,3.3094320301220614,1.812501141948804,65.73803228477507
UP25_SCORE80_NIKKEION_TP3.5_SL2.0_H3,VALIDATION,2024-11-07,7013.T,HOLD,1.2587562963110144,3,,,,,,,,4.814901131833723,2.2527265778296126,70.02433857866997
UP25_SCORE80_NIKKEION_TP3.5_SL2.0_H3,VALIDATION,2024-11-08,7012.T,TIMEOUT_LOSS,-6.372429117570476,3,,,,,,,,4.434220461682906,3.200205529096764,69.90419704592867
UP25_SCORE80_NIKKEION_TP3.5_SL2.0_H3,VALIDATION,2024-11-11,5803.T,TIMEOUT_LOSS,-2.420324839515642,3,,,,,,,,5.599984000136319,1.7857249601142264,64.76170419168966
UP25_SCORE80_NIKKEION_TP3.5_SL2.0_H3,VALIDATION,2024-11-12,5801.T,HOLD,9.229748967881969,3,,,,,,,,4.212795453398469,5.95992017197373,85.57524419496607
UP20_SCORE80_NIKKEION_TP3.5_SL2.0_H3,VALIDATION,2022-08-24,7733.T,HOLD,0.1464212754205386,3,,,,,,,,2.487512480075919,1.8547560940531955,65.51391763203654
UP20_SCORE80_NIKKEION_TP3.5_SL2.0_H3,VALIDATION,2022-08-25,7004.T,WIN,8.659482124574557,1,,,,,,,,2.502709178449873,1.68890419213222,64.82502886936872
UP20_SCORE80_NIKKEION_TP3.5_SL2.0_H3,VALIDATION,2022-11-04,8001.T,LOSS,-3.8290478752405654,1,,,,,,,,1.936746127953537,1.839102301394961,63.42202249431198
UP20_SCORE80_NIKKEION_TP3.5_SL2.0_H3,VALIDATION,2022-11-10,2501.T,LOSS,-4.437057368443675,1,,,,,,,,2.266842964024092,2.343872605585045,78.05644952602152
UP20_SCORE80_NIKKEION_TP3.5_SL2.0_H3,VALIDATION,2022-11-30,9434.T,WIN,3.246309066619235,1,,,,,,,,0.9560883047483518,2.4663342776889188,58.10727871196465
UP20_SCORE80_NIKKEION_TP3.5_SL2.0_H3,VALIDATION,2022-12-01,4523.T,WIN,12.993618305157339,2,,,,,,,,3.7410338014735256,3.726731040440298,67.15517263840277
UP20_SCORE80_NIKKEION_TP3.5_SL2.0_H3,VALIDATION,2023-02-01,2768.T,LOSS,-2.9029364310070638,1,,,,,,,,1.4418832874603549,1.59628603672925,61.67016112861338
UP20_SCORE80_NIKKEION_TP3.5_SL2.0_H3,VALIDATION,2023-02-17,5233.T,LOSS,-4.2908436500433185,1,,,,,,,,2.1870788814461806,2.0514057799458647,79.34823879636357
UP20_SCORE80_NIKKEION_TP3.5_SL2.0_H3,VALIDATION,2023-02-21,5101.T,WIN,9.063655681934424,1,,,,,,,,2.6181873376955505,3.43627562267025,86.43660675284961
UP20_SCORE80_NIKKEION_TP3.5_SL2.0_H3,VALIDATION,2023-03-03,5406.T,WIN,9.60137047351467,1,,,,,,,,2.771820135289908,1.857140360382404,87.09433998237975
UP20_SCORE80_NIKKEION_TP3.5_SL2.0_H3,VALIDATION,2023-03-06,5406.T,WIN,9.590422756537288,1,,,,,,,,2.768692216153508,1.502203260570827,87.66789665700449
UP20_SCORE80_NIKKEION_TP3.5_SL2.0_H3,VALIDATION,2023-03-07,5406.T,WIN,9.838759854621005,1,,,,,,,,2.8396456727488584,2.0701893640139404,90.18696901800902
UP20_SCORE80_NIKKEION_TP3.5_SL2.0_H3,VALIDATION,2023-03-08,6472.T,WIN,8.774131461873436,1,,,,,,,,2.535466131963841,1.5964971261163212,80.32679424160867
UP20_SCORE80_NIKKEION_TP3.5_SL2.0_H3,VALIDATION,2023-03-09,6472.T,WIN,8.846430099275738,1,,,,,,,,2.5561228855073503,2.0280835938094106,81.64248124982342
UP20_SCORE80_NIKKEION_TP3.5_SL2.0_H3,VALIDATION,2023-03-30,9107.T,WIN,11.874626403568856,1,,,,,,,,3.4213218295911028,2.956640384017868,67.71212740707429
UP20_SCORE80_NIKKEION_TP3.5_SL2.0_H3,VALIDATION,2023-03-31,7735.T,HOLD,1.9952370032169875,3,,,,,,,,2.5391231063714175,1.7645630331178097,71.61649211053447
UP20_SCORE80_NIKKEION_TP3.5_SL2.0_H3,VALIDATION,2023-04-03,6361.T,TIMEOUT_LOSS,-1.4527729564149383,3,,,,,,,,2.384753810496683,1.789481559063365,70.6068253998211
UP20_SCORE80_NIKKEION_TP3.5_SL2.0_H3,VALIDATION,2023-04-04,6501.T,HOLD,0.37960656090801914,3,,,,,,,,2.0304261745622165,1.5221769100292324,70.37175256557059
UP20_SCORE80_NIKKEION_TP3.5_SL2.0_H3,VALIDATION,2023-04-05,7453.T,HOLD,1.1430890333390953,3,,,,,,,,2.549078700278436,2.2329253812711656,54.85035368390627
UP20_SCORE80_NIKKEION_TP3.5_SL2.0_H3,VALIDATION,2023-04-11,9009.T,HOLD,3.1175604922691336,3,,,,,,,,1.9900095906876618,1.6478328517448322,79.14396561216782
UP20_SCORE80_NIKKEION_TP3.5_SL2.0_H3,VALIDATION,2023-04-12,3086.T,WIN,8.473295069973064,1,,,,,,,,2.4495128771351586,2.600409263552136,65.77527308898344
UP20_SCORE80_NIKKEION_TP3.5_SL2.0_H3,VALIDATION,2023-04-13,7453.T,HOLD,2.690558295829437,3,,,,,,,,2.575211037043294,1.6011953311443716,59.13648388012189
UP20_SCORE80_NIKKEION_TP3.5_SL2.0_H3,VALIDATION,2023-04-14,3697.T,TIMEOUT_LOSS,-2.594536581674811,3,,,,,,,,4.121031231711458,1.8575489819439108,70.5419742753867
UP20_SCORE80_NIKKEION_TP3.5_SL2.0_H3,VALIDATION,2023-04-17,6752.T,WIN,6.853163951123554,1,,,,,,,,1.9866182717495888,1.8304620405232623,71.88274667672724
UP20_SCORE80_NIKKEION_TP3.5_SL2.0_H3,VALIDATION,2023-04-19,8253.T,WIN,6.8967269432276606,1,,,,,,,,1.9990648409221896,1.624354060885152,71.01284289908423
UP20_SCORE80_NIKKEION_TP3.5_SL2.0_H3,VALIDATION,2023-04-20,3099.T,WIN,7.97065898705115,3,,,,,,,,2.3059025677288973,1.6848464507467695,64.50758913098556
UP20_SCORE80_NIKKEION_TP3.5_SL2.0_H3,VALIDATION,2023-04-21,6146.T,TIMEOUT_LOSS,-3.937076569153586,3,,,,,,,,2.9290030680995187,4.820541702933798,75.78560698122133
UP20_SCORE80_NIKKEION_TP3.5_SL2.0_H3,VALIDATION,2023-04-24,9202.T,WIN,4.872682484096147,1,,,,,,,,1.4207664240274718,3.269837442481966,70.44491341213703
UP20_SCORE80_NIKKEION_TP3.5_SL2.0_H3,VALIDATION,2023-04-25,6503.T,WIN,5.968434276103574,3,,,,,,,,1.733838364601022,2.155498593594048,79.72493429343518
UP20_SCORE80_NIKKEION_TP3.5_SL2.0_H3,VALIDATION,2023-04-26,1803.T,WIN,6.789852849899314,1,,,,,,,,1.9685293856855173,6.0865440632331405,73.83107527961079
UP20_SCORE80_NIKKEION_TP3.5_SL2.0_H3,VALIDATION,2023-04-27,6473.T,WIN,6.817593959674595,1,,,,,,,,1.9764554170498865,2.898426338292784,67.10946758818605
UP20_SCORE80_NIKKEION_TP3.5_SL2.0_H3,VALIDATION,2023-04-28,8801.T,WIN,5.472167483422486,1,,,,,,,,1.5920478524064234,2.3953025670888533,79.12301899170511
UP20_SCORE80_NIKKEION_TP3.5_SL2.0_H3,VALIDATION,2023-05-01,7011.T,HOLD,2.5301458927096454,3,,,,,,,,1.6474797805150931,1.631766868235908,66.13065535678693
UP20_SCORE80_NIKKEION_TP3.5_SL2.0_H3,VALIDATION,2023-05-09,5401.T,WIN,7.6815329628745825,1,,,,,,,,2.2232951322498806,2.4216348728935766,63.075672705376185
UP20_SCORE80_NIKKEION_TP3.5_SL2.0_H3,VALIDATION,2023-05-10,9107.T,WIN,12.843377086983454,1,,,,,,,,3.698107739138131,1.6721083015720768,62.615682903241385
UP20_SCORE80_NIKKEION_TP3.5_SL2.0_H3,VALIDATION,2023-05-11,5020.T,WIN,5.1040648697332385,1,,,,,,,,1.4868756770666383,3.681803466050562,72.78286865632573
UP20_SCORE80_NIKKEION_TP3.5_SL2.0_H3,VALIDATION,2023-05-12,5406.T,WIN,12.917749455618422,1,,,,,,,,3.719356987319548,5.052158085537815,68.63672427624891
UP20_SCORE80_NIKKEION_TP3.5_SL2.0_H3,VALIDATION,2023-05-15,5406.T,WIN,13.278925234830108,1,,,,,,,,3.8225500670943178,1.7922546424440156,68.83347968195596
UP20_SCORE80_NIKKEION_TP3.5_SL2.0_H3,VALIDATION,2023-05-16,4188.T,WIN,4.649537925379821,1,,,,,,,,1.3570108358228028,1.900617460813976,63.985237751869725
UP20_SCORE80_NIKKEION_TP3.5_SL2.0_H3,VALIDATION,2023-07-03,5301.T,WIN,8.204038046132023,1,,,,,,,,2.3725822988948613,1.6841448882477126,76.76292337832162
UP20_SCORE80_NIKKEION_TP3.5_SL2.0_H3,VALIDATION,2023-07-05,9107.T,WIN,12.324907569633192,1,,,,,,,,3.5499735913237704,2.150751782310317,69.97459032079043
UP20_SCORE80_NIKKEION_TP3.5_SL2.0_H3,VALIDATION,2023-07-28,8331.T,WIN,6.9351616766423545,1,,,,,,,,2.010046193326387,2.1956075174010463,72.16573526230798
UP20_SCORE80_NIKKEION_TP3.5_SL2.0_H3,VALIDATION,2023-07-31,8308.T,TIMEOUT_LOSS,-1.2452531699781444,3,,,,,,,,2.5763241790336844,1.9173748312925836,71.9207173897711
UP20_SCORE80_NIKKEION_TP3.5_SL2.0_H3,VALIDATION,2023-08-01,6976.T,HOLD,1.8693882072037593,3,,,,,,,,2.606764674052127,2.1396985671851048,57.50048021808944
UP20_SCORE80_NIKKEION_TP3.5_SL2.0_H3,VALIDATION,2023-08-29,9501.T,TIMEOUT_LOSS,-2.143950752030588,3,,,,,,,,3.1402072969105355,2.2716801360357546,73.52136944851513
UP20_SCORE80_NIKKEION_TP3.5_SL2.0_H3,VALIDATION,2023-09-08,9503.T,LOSS,-3.8663254509515355,1,,,,,,,,1.956864615531188,1.861415447978506,79.64778860645424
UP20_SCORE80_NIKKEION_TP3.5_SL2.0_H3,VALIDATION,2023-09-11,8308.T,LOSS,-4.662172122268315,1,,,,,,,,2.390127805566289,1.665899299127487,79.10878705380313
UP20_SCORE80_NIKKEION_TP3.5_SL2.0_H3,VALIDATION,2023-09-12,8316.T,LOSS,-3.5634043979551833,1,,,,,,,,1.7938297784150459,1.6274642753207946,80.10973378734327
UP20_SCORE80_NIKKEION_TP3.5_SL2.0_H3,VALIDATION,2023-09-13,8306.T,LOSS,-3.989851206494388,1,,,,,,,,2.0236422767650737,1.6494697326543106,80.85596893501176
UP20_SCORE80_NIKKEION_TP3.5_SL2.0_H3,VALIDATION,2023-11-13,2501.T,LOSS,-4.619258659737801,1,,,,,,,,2.3665812583255104,2.601058336455944,83.63371851723367
UP20_SCORE80_NIKKEION_TP3.5_SL2.0_H3,VALIDATION,2023-12-29,7974.T,WIN,5.653738253917762,3,,,,,,,,1.643925215405077,1.9467622373338236,74.74645526007333
UP20_SCORE80_NIKKEION_TP3.5_SL2.0_H3,VALIDATION,2024-01-05,8601.T,WIN,7.635628315990884,1,,,,,,,,2.210179518854538,1.680065341212715,65.83317514015158
UP20_SCORE80_NIKKEION_TP3.5_SL2.0_H3,VALIDATION,2024-01-18,7735.T,WIN,10.909167313103575,1,,,,,,,,3.1454763751724477,1.92320418278728,75.52852009430023
UP20_SCORE80_NIKKEION_TP3.5_SL2.0_H3,VALIDATION,2024-03-05,6146.T,TIMEOUT_LOSS,-0.5588255963961396,3,,,,,,,,3.284602928557382,2.1800391194636752,80.50298701119084
UP20_SCORE80_NIKKEION_TP3.5_SL2.0_H3,VALIDATION,2024-03-06,1802.T,WIN,9.890803785294333,1,,,,,,,,2.8545153672269548,2.554199432260858,85.31838469532941
UP20_SCORE80_NIKKEION_TP3.5_SL2.0_H3,VALIDATION,2024-03-07,7012.T,TIMEOUT_LOSS,-1.3340755048777408,3,,,,,,,,3.210564756415324,3.000958757164228,86.42904059170691
UP20_SCORE80_NIKKEION_TP3.5_SL2.0_H3,VALIDATION,2024-03-21,8804.T,WIN,10.133110865304895,1,,,,,,,,2.923745961515685,1.69173223588183,67.93402062292945
UP20_SCORE80_NIKKEION_TP3.5_SL2.0_H3,VALIDATION,2024-03-22,3099.T,HOLD,6.877494385247552,3,,,,,,,,2.453948221491993,1.5707909104979727,81.63333499499859
UP20_SCORE80_NIKKEION_TP3.5_SL2.0_H3,VALIDATION,2024-03-25,5631.T,WIN,9.327517467571845,2,,,,,,,,2.693576419306239,1.9978760576890136,78.08170396611129
UP20_SCORE80_NIKKEION_TP3.5_SL2.0_H3,VALIDATION,2024-03-26,6504.T,HOLD,4.84654585282166,3,,,,,,,,2.8262976686388814,1.7303010510064722,74.90764016864891
UP20_SCORE80_NIKKEION_TP3.5_SL2.0_H3,VALIDATION,2024-03-27,8830.T,HOLD,4.533724955436258,3,,,,,,,,2.9491802064909907,1.5145706817856726,72.84539908337764
UP20_SCORE80_NIKKEION_TP3.5_SL2.0_H3,VALIDATION,2024-03-28,9501.T,TIMEOUT_LOSS,-1.4722540245678761,3,,,,,,,,4.639511584038658,1.535695399259651,61.44666417260486
UP20_SCORE80_NIKKEION_TP3.5_SL2.0_H3,VALIDATION,2024-05-14,5801.T,HOLD,2.2820223552854624,3,,,,,,,,3.3266977409723695,4.547126157516055,78.26401062449611
UP20_SCORE80_NIKKEION_TP3.5_SL2.0_H3,VALIDATION,2024-05-15,5101.T,LOSS,-6.0894245001611225,1,,,,,,,,3.185505709499344,2.1531057837982357,57.67965645377095
UP20_SCORE80_NIKKEION_TP3.5_SL2.0_H3,VALIDATION,2024-05-30,8331.T,LOSS,-4.400166785860348,1,,,,,,,,2.2466950262275853,1.6671299042083123,76.98906772721455
UP20_SCORE80_NIKKEION_TP3.5_SL2.0_H3,VALIDATION,2024-07-05,7011.T,LOSS,-6.745795040566726,3,,,,,,,,3.3228975202833633,2.5582053497235537,86.65930019007098
UP20_SCORE80_NIKKEION_TP3.5_SL2.0_H3,VALIDATION,2024-07-08,7011.T,LOSS,-6.953018781897246,2,,,,,,,,3.4265093909486253,1.7619016094335518,86.88149005846999
UP20_SCORE80_NIKKEION_TP3.5_SL2.0_H3,VALIDATION,2024-07-09,5803.T,TIMEOUT_LOSS,-0.5020352086310463,3,,,,,,,,3.809966458306757,3.0971420165153285,65.1673118563374
UP20_SCORE80_NIKKEION_TP3.5_SL2.0_H3,VALIDATION,2024-07-10,5803.T,TIMEOUT_LOSS,-2.3216796953875796,3,,,,,,,,3.7783164995058183,1.977109990603468,67.32339376466534
UP20_SCORE80_NIKKEION_TP3.5_SL2.0_H3,VALIDATION,2024-07-12,4519.T,HOLD,0.13311846210201103,3,,,,,,,,2.4175399406305127,1.5207411706833838,76.8046823943933
UP20_SCORE80_NIKKEION_TP3.5_SL2.0_H3,VALIDATION,2024-07-16,6976.T,HOLD,5.223364293422395,3,,,,,,,,3.5256413216273375,1.7389526651481166,77.39298849461471
UP20_SCORE80_NIKKEION_TP3.5_SL2.0_H3,VALIDATION,2024-09-05,6532.T,LOSS,-6.307967153452498,1,,,,,,,,3.3094320301220614,1.812501141948804,65.73803228477507
UP20_SCORE80_NIKKEION_TP3.5_SL2.0_H3,VALIDATION,2024-11-07,7013.T,HOLD,1.2587562963110144,3,,,,,,,,4.814901131833723,2.2527265778296126,70.02433857866997
UP20_SCORE80_NIKKEION_TP3.5_SL2.0_H3,VALIDATION,2024-11-08,7012.T,TIMEOUT_LOSS,-6.372429117570476,3,,,,,,,,4.434220461682906,3.200205529096764,69.90419704592867
UP20_SCORE80_NIKKEION_TP3.5_SL2.0_H3,VALIDATION,2024-11-11,5803.T,TIMEOUT_LOSS,-2.420324839515642,3,,,,,,,,5.599984000136319,1.7857249601142264,64.76170419168966
UP20_SCORE80_NIKKEION_TP3.5_SL2.0_H3,VALIDATION,2024-11-12,5801.T,HOLD,9.229748967881969,3,,,,,,,,4.212795453398469,5.95992017197373,85.57524419496607
UP30_SCORE80_NIKKEION_TP3.5_SL2.0_H3,VALIDATION,2022-08-24,7733.T,HOLD,0.1464212754205386,3,,,,,,,,2.487512480075919,1.8547560940531955,65.51391763203654
UP30_SCORE80_NIKKEION_TP3.5_SL2.0_H3,VALIDATION,2022-08-25,7004.T,WIN,8.659482124574557,1,,,,,,,,2.502709178449873,1.68890419213222,64.82502886936872
UP30_SCORE80_NIKKEION_TP3.5_SL2.0_H3,VALIDATION,2022-11-04,8001.T,LOSS,-3.8290478752405654,1,,,,,,,,1.936746127953537,1.839102301394961,63.42202249431198
UP30_SCORE80_NIKKEION_TP3.5_SL2.0_H3,VALIDATION,2022-11-10,2501.T,LOSS,-4.437057368443675,1,,,,,,,,2.266842964024092,2.343872605585045,78.05644952602152
UP30_SCORE80_NIKKEION_TP3.5_SL2.0_H3,VALIDATION,2022-11-30,9434.T,WIN,3.246309066619235,1,,,,,,,,0.9560883047483518,2.4663342776889188,58.10727871196465
UP30_SCORE80_NIKKEION_TP3.5_SL2.0_H3,VALIDATION,2022-12-01,4523.T,WIN,12.993618305157339,2,,,,,,,,3.7410338014735256,3.726731040440298,67.15517263840277
UP30_SCORE80_NIKKEION_TP3.5_SL2.0_H3,VALIDATION,2023-02-01,2768.T,LOSS,-2.9029364310070638,1,,,,,,,,1.4418832874603549,1.59628603672925,61.67016112861338
UP30_SCORE80_NIKKEION_TP3.5_SL2.0_H3,VALIDATION,2023-02-17,5233.T,LOSS,-4.2908436500433185,1,,,,,,,,2.1870788814461806,2.0514057799458647,79.34823879636357
UP30_SCORE80_NIKKEION_TP3.5_SL2.0_H3,VALIDATION,2023-02-21,5101.T,WIN,9.063655681934424,1,,,,,,,,2.6181873376955505,3.43627562267025,86.43660675284961
UP30_SCORE80_NIKKEION_TP3.5_SL2.0_H3,VALIDATION,2023-03-03,5406.T,WIN,9.60137047351467,1,,,,,,,,2.771820135289908,1.857140360382404,87.09433998237975
UP30_SCORE80_NIKKEION_TP3.5_SL2.0_H3,VALIDATION,2023-03-06,5406.T,WIN,9.590422756537288,1,,,,,,,,2.768692216153508,1.502203260570827,87.66789665700449
UP30_SCORE80_NIKKEION_TP3.5_SL2.0_H3,VALIDATION,2023-03-07,5406.T,WIN,9.838759854621005,1,,,,,,,,2.8396456727488584,2.0701893640139404,90.18696901800902
UP30_SCORE80_NIKKEION_TP3.5_SL2.0_H3,VALIDATION,2023-03-08,6472.T,WIN,8.774131461873436,1,,,,,,,,2.535466131963841,1.5964971261163212,80.32679424160867
UP30_SCORE80_NIKKEION_TP3.5_SL2.0_H3,VALIDATION,2023-03-09,6472.T,WIN,8.846430099275738,1,,,,,,,,2.5561228855073503,2.0280835938094106,81.64248124982342
UP30_SCORE80_NIKKEION_TP3.5_SL2.0_H3,VALIDATION,2023-03-30,9107.T,WIN,11.874626403568856,1,,,,,,,,3.4213218295911028,2.956640384017868,67.71212740707429
UP30_SCORE80_NIKKEION_TP3.5_SL2.0_H3,VALIDATION,2023-03-31,7735.T,HOLD,1.9952370032169875,3,,,,,,,,2.5391231063714175,1.7645630331178097,71.61649211053447
UP30_SCORE80_NIKKEION_TP3.5_SL2.0_H3,VALIDATION,2023-04-03,6361.T,TIMEOUT_LOSS,-1.4527729564149383,3,,,,,,,,2.384753810496683,1.789481559063365,70.6068253998211
UP30_SCORE80_NIKKEION_TP3.5_SL2.0_H3,VALIDATION,2023-04-04,6501.T,HOLD,0.37960656090801914,3,,,,,,,,2.0304261745622165,1.5221769100292324,70.37175256557059
UP30_SCORE80_NIKKEION_TP3.5_SL2.0_H3,VALIDATION,2023-04-05,7453.T,HOLD,1.1430890333390953,3,,,,,,,,2.549078700278436,2.2329253812711656,54.85035368390627
UP30_SCORE80_NIKKEION_TP3.5_SL2.0_H3,VALIDATION,2023-04-11,9009.T,HOLD,3.1175604922691336,3,,,,,,,,1.9900095906876618,1.6478328517448322,79.14396561216782
UP30_SCORE80_NIKKEION_TP3.5_SL2.0_H3,VALIDATION,2023-04-12,3086.T,WIN,8.473295069973064,1,,,,,,,,2.4495128771351586,2.600409263552136,65.77527308898344
UP30_SCORE80_NIKKEION_TP3.5_SL2.0_H3,VALIDATION,2023-04-13,7453.T,HOLD,2.690558295829437,3,,,,,,,,2.575211037043294,1.6011953311443716,59.13648388012189
UP30_SCORE80_NIKKEION_TP3.5_SL2.0_H3,VALIDATION,2023-04-14,3697.T,TIMEOUT_LOSS,-2.594536581674811,3,,,,,,,,4.121031231711458,1.8575489819439108,70.5419742753867
UP30_SCORE80_NIKKEION_TP3.5_SL2.0_H3,VALIDATION,2023-04-17,6752.T,WIN,6.853163951123554,1,,,,,,,,1.9866182717495888,1.8304620405232623,71.88274667672724
UP30_SCORE80_NIKKEION_TP3.5_SL2.0_H3,VALIDATION,2023-04-19,8253.T,WIN,6.8967269432276606,1,,,,,,,,1.9990648409221896,1.624354060885152,71.01284289908423
UP30_SCORE80_NIKKEION_TP3.5_SL2.0_H3,VALIDATION,2023-04-20,3099.T,WIN,7.97065898705115,3,,,,,,,,2.3059025677288973,1.6848464507467695,64.50758913098556
UP30_SCORE80_NIKKEION_TP3.5_SL2.0_H3,VALIDATION,2023-04-21,6146.T,TIMEOUT_LOSS,-3.937076569153586,3,,,,,,,,2.9290030680995187,4.820541702933798,75.78560698122133
UP30_SCORE80_NIKKEION_TP3.5_SL2.0_H3,VALIDATION,2023-04-24,9202.T,WIN,4.872682484096147,1,,,,,,,,1.4207664240274718,3.269837442481966,70.44491341213703
UP30_SCORE80_NIKKEION_TP3.5_SL2.0_H3,VALIDATION,2023-04-25,6503.T,WIN,5.968434276103574,3,,,,,,,,1.733838364601022,2.155498593594048,79.72493429343518
UP30_SCORE80_NIKKEION_TP3.5_SL2.0_H3,VALIDATION,2023-04-26,1803.T,WIN,6.789852849899314,1,,,,,,,,1.9685293856855173,6.0865440632331405,73.83107527961079
UP30_SCORE80_NIKKEION_TP3.5_SL2.0_H3,VALIDATION,2023-04-27,6473.T,WIN,6.817593959674595,1,,,,,,,,1.9764554170498865,2.898426338292784,67.10946758818605
UP30_SCORE80_NIKKEION_TP3.5_SL2.0_H3,VALIDATION,2023-04-28,8801.T,WIN,5.472167483422486,1,,,,,,,,1.5920478524064234,2.3953025670888533,79.12301899170511
UP30_SCORE80_NIKKEION_TP3.5_SL2.0_H3,VALIDATION,2023-05-01,7011.T,HOLD,2.5301458927096454,3,,,,,,,,1.6474797805150931,1.631766868235908,66.13065535678693
UP30_SCORE80_NIKKEION_TP3.5_SL2.0_H3,VALIDATION,2023-05-09,5401.T,WIN,7.6815329628745825,1,,,,,,,,2.2232951322498806,2.4216348728935766,63.075672705376185
UP30_SCORE80_NIKKEION_TP3.5_SL2.0_H3,VALIDATION,2023-05-10,9107.T,WIN,12.843377086983454,1,,,,,,,,3.698107739138131,1.6721083015720768,62.615682903241385
UP30_SCORE80_NIKKEION_TP3.5_SL2.0_H3,VALIDATION,2023-05-11,5020.T,WIN,5.1040648697332385,1,,,,,,,,1.4868756770666383,3.681803466050562,72.78286865632573
UP30_SCORE80_NIKKEION_TP3.5_SL2.0_H3,VALIDATION,2023-05-12,5406.T,WIN,12.917749455618422,1,,,,,,,,3.719356987319548,5.052158085537815,68.63672427624891
UP30_SCORE80_NIKKEION_TP3.5_SL2.0_H3,VALIDATION,2023-05-15,5406.T,WIN,13.278925234830108,1,,,,,,,,3.8225500670943178,1.7922546424440156,68.83347968195596
UP30_SCORE80_NIKKEION_TP3.5_SL2.0_H3,VALIDATION,2023-05-16,4188.T,WIN,4.649537925379821,1,,,,,,,,1.3570108358228028,1.900617460813976,63.985237751869725
UP30_SCORE80_NIKKEION_TP3.5_SL2.0_H3,VALIDATION,2023-07-03,5301.T,WIN,8.204038046132023,1,,,,,,,,2.3725822988948613,1.6841448882477126,76.76292337832162
UP30_SCORE80_NIKKEION_TP3.5_SL2.0_H3,VALIDATION,2023-07-05,9107.T,WIN,12.324907569633192,1,,,,,,,,3.5499735913237704,2.150751782310317,69.97459032079043
UP30_SCORE80_NIKKEION_TP3.5_SL2.0_H3,VALIDATION,2023-07-28,8331.T,WIN,6.9351616766423545,1,,,,,,,,2.010046193326387,2.1956075174010463,72.16573526230798
UP30_SCORE80_NIKKEION_TP3.5_SL2.0_H3,VALIDATION,2023-07-31,8308.T,TIMEOUT_LOSS,-1.2452531699781444,3,,,,,,,,2.5763241790336844,1.9173748312925836,71.9207173897711
UP30_SCORE80_NIKKEION_TP3.5_SL2.0_H3,VALIDATION,2023-08-01,6976.T,HOLD,1.8693882072037593,3,,,,,,,,2.606764674052127,2.1396985671851048,57.50048021808944
UP30_SCORE80_NIKKEION_TP3.5_SL2.0_H3,VALIDATION,2023-08-29,9501.T,TIMEOUT_LOSS,-2.143950752030588,3,,,,,,,,3.1402072969105355,2.2716801360357546,73.52136944851513
UP30_SCORE80_NIKKEION_TP3.5_SL2.0_H3,VALIDATION,2023-09-08,9503.T,LOSS,-3.8663254509515355,1,,,,,,,,1.956864615531188,1.861415447978506,79.64778860645424
UP30_SCORE80_NIKKEION_TP3.5_SL2.0_H3,VALIDATION,2023-09-11,8308.T,LOSS,-4.662172122268315,1,,,,,,,,2.390127805566289,1.665899299127487,79.10878705380313
UP30_SCORE80_NIKKEION_TP3.5_SL2.0_H3,VALIDATION,2023-09-12,8316.T,LOSS,-3.5634043979551833,1,,,,,,,,1.7938297784150459,1.6274642753207946,80.10973378734327
UP30_SCORE80_NIKKEION_TP3.5_SL2.0_H3,VALIDATION,2023-09-13,8306.T,LOSS,-3.989851206494388,1,,,,,,,,2.0236422767650737,1.6494697326543106,80.85596893501176
UP30_SCORE80_NIKKEION_TP3.5_SL2.0_H3,VALIDATION,2023-11-13,2501.T,LOSS,-4.619258659737801,1,,,,,,,,2.3665812583255104,2.601058336455944,83.63371851723367
UP30_SCORE80_NIKKEION_TP3.5_SL2.0_H3,VALIDATION,2023-12-29,7974.T,WIN,5.653738253917762,3,,,,,,,,1.643925215405077,1.9467622373338236,74.74645526007333
UP30_SCORE80_NIKKEION_TP3.5_SL2.0_H3,VALIDATION,2024-01-05,8601.T,WIN,7.635628315990884,1,,,,,,,,2.210179518854538,1.680065341212715,65.83317514015158
UP30_SCORE80_NIKKEION_TP3.5_SL2.0_H3,VALIDATION,2024-01-18,7735.T,WIN,10.909167313103575,1,,,,,,,,3.1454763751724477,1.92320418278728,75.52852009430023
UP30_SCORE80_NIKKEION_TP3.5_SL2.0_H3,VALIDATION,2024-03-05,6146.T,TIMEOUT_LOSS,-0.5588255963961396,3,,,,,,,,3.284602928557382,2.1800391194636752,80.50298701119084
UP30_SCORE80_NIKKEION_TP3.5_SL2.0_H3,VALIDATION,2024-03-06,1802.T,WIN,9.890803785294333,1,,,,,,,,2.8545153672269548,2.554199432260858,85.31838469532941
UP30_SCORE80_NIKKEION_TP3.5_SL2.0_H3,VALIDATION,2024-03-07,7012.T,TIMEOUT_LOSS,-1.3340755048777408,3,,,,,,,,3.210564756415324,3.000958757164228,86.42904059170691
UP30_SCORE80_NIKKEION_TP3.5_SL2.0_H3,VALIDATION,2024-03-21,8804.T,WIN,10.133110865304895,1,,,,,,,,2.923745961515685,1.69173223588183,67.93402062292945
UP30_SCORE80_NIKKEION_TP3.5_SL2.0_H3,VALIDATION,2024-03-22,3099.T,HOLD,6.877494385247552,3,,,,,,,,2.453948221491993,1.5707909104979727,81.63333499499859
UP30_SCORE80_NIKKEION_TP3.5_SL2.0_H3,VALIDATION,2024-03-25,5631.T,WIN,9.327517467571845,2,,,,,,,,2.693576419306239,1.9978760576890136,78.08170396611129
UP30_SCORE80_NIKKEION_TP3.5_SL2.0_H3,VALIDATION,2024-03-26,6504.T,HOLD,4.84654585282166,3,,,,,,,,2.8262976686388814,1.7303010510064722,74.90764016864891
UP30_SCORE80_NIKKEION_TP3.5_SL2.0_H3,VALIDATION,2024-03-27,8830.T,HOLD,4.533724955436258,3,,,,,,,,2.9491802064909907,1.5145706817856726,72.84539908337764
UP30_SCORE80_NIKKEION_TP3.5_SL2.0_H3,VALIDATION,2024-03-28,9501.T,TIMEOUT_LOSS,-1.4722540245678761,3,,,,,,,,4.639511584038658,1.535695399259651,61.44666417260486
UP30_SCORE80_NIKKEION_TP3.5_SL2.0_H3,VALIDATION,2024-05-14,5801.T,HOLD,2.2820223552854624,3,,,,,,,,3.3266977409723695,4.547126157516055,78.26401062449611
UP30_SCORE80_NIKKEION_TP3.5_SL2.0_H3,VALIDATION,2024-05-15,5101.T,LOSS,-6.0894245001611225,1,,,,,,,,3.185505709499344,2.1531057837982357,57.67965645377095
UP30_SCORE80_NIKKEION_TP3.5_SL2.0_H3,VALIDATION,2024-05-30,8331.T,LOSS,-4.400166785860348,1,,,,,,,,2.2466950262275853,1.6671299042083123,76.98906772721455
UP30_SCORE80_NIKKEION_TP3.5_SL2.0_H3,VALIDATION,2024-07-05,7011.T,LOSS,-6.745795040566726,3,,,,,,,,3.3228975202833633,2.5582053497235537,86.65930019007098
UP30_SCORE80_NIKKEION_TP3.5_SL2.0_H3,VALIDATION,2024-07-08,7011.T,LOSS,-6.953018781897246,2,,,,,,,,3.4265093909486253,1.7619016094335518,86.88149005846999
UP30_SCORE80_NIKKEION_TP3.5_SL2.0_H3,VALIDATION,2024-07-09,5803.T,TIMEOUT_LOSS,-0.5020352086310463,3,,,,,,,,3.809966458306757,3.0971420165153285,65.1673118563374
UP30_SCORE80_NIKKEION_TP3.5_SL2.0_H3,VALIDATION,2024-07-10,5803.T,TIMEOUT_LOSS,-2.3216796953875796,3,,,,,,,,3.7783164995058183,1.977109990603468,67.32339376466534
UP30_SCORE80_NIKKEION_TP3.5_SL2.0_H3,VALIDATION,2024-07-12,4519.T,HOLD,0.13311846210201103,3,,,,,,,,2.4175399406305127,1.5207411706833838,76.8046823943933
UP30_SCORE80_NIKKEION_TP3.5_SL2.0_H3,VALIDATION,2024-07-16,6976.T,HOLD,5.223364293422395,3,,,,,,,,3.5256413216273375,1.7389526651481166,77.39298849461471
UP30_SCORE80_NIKKEION_TP3.5_SL2.0_H3,VALIDATION,2024-09-05,6532.T,LOSS,-6.307967153452498,1,,,,,,,,3.3094320301220614,1.812501141948804,65.73803228477507
UP30_SCORE80_NIKKEION_TP3.5_SL2.0_H3,VALIDATION,2024-11-07,7013.T,HOLD,1.2587562963110144,3,,,,,,,,4.814901131833723,2.2527265778296126,70.02433857866997
UP30_SCORE80_NIKKEION_TP3.5_SL2.0_H3,VALIDATION,2024-11-08,7012.T,TIMEOUT_LOSS,-6.372429117570476,3,,,,,,,,4.434220461682906,3.200205529096764,69.90419704592867
UP30_SCORE80_NIKKEION_TP3.5_SL2.0_H3,VALIDATION,2024-11-11,5803.T,TIMEOUT_LOSS,-2.420324839515642,3,,,,,,,,5.599984000136319,1.7857249601142264,64.76170419168966
UP30_SCORE80_NIKKEION_TP3.5_SL2.0_H3,VALIDATION,2024-11-12,5801.T,HOLD,9.229748967881969,3,,,,,,,,4.212795453398469,5.95992017197373,85.57524419496607
UP25_SCORE80_NIKKEION_TP4.0_SL1.0_H3,VALIDATION,2022-08-24,7733.T,HOLD,0.1464212754205386,3,,,,,,,,2.487512480075919,1.8547560940531955,65.51391763203654
UP25_SCORE80_NIKKEION_TP4.0_SL1.0_H3,VALIDATION,2022-08-25,7004.T,WIN,9.9108367137995,1,,,,,,,,2.502709178449873,1.68890419213222,64.82502886936872
UP25_SCORE80_NIKKEION_TP4.0_SL1.0_H3,VALIDATION,2022-11-04,8001.T,LOSS,-1.999948940416918,1,,,,,,,,1.936746127953537,1.839102301394961,63.42202249431198
UP25_SCORE80_NIKKEION_TP4.0_SL1.0_H3,VALIDATION,2022-11-10,2501.T,LOSS,-2.3165962088235514,1,,,,,,,,2.266842964024092,2.343872605585045,78.05644952602152
UP25_SCORE80_NIKKEION_TP4.0_SL1.0_H3,VALIDATION,2022-11-30,9434.T,WIN,3.7243532189934148,1,,,,,,,,0.9560883047483518,2.4663342776889188,58.10727871196465
UP25_SCORE80_NIKKEION_TP4.0_SL1.0_H3,VALIDATION,2022-12-01,4523.T,HOLD,9.599960940878594,3,,,,,,,,3.7410338014735256,3.726731040440298,67.15517263840277
UP25_SCORE80_NIKKEION_TP4.0_SL1.0_H3,VALIDATION,2023-02-01,2768.T,LOSS,-1.5213885238845815,1,,,,,,,,1.4418832874603549,1.59628603672925,61.67016112861338
UP25_SCORE80_NIKKEION_TP4.0_SL1.0_H3,VALIDATION,2023-02-17,5233.T,LOSS,-2.2402694992226357,1,,,,,,,,2.1870788814461806,2.0514057799458647,79.34823879636357
UP25_SCORE80_NIKKEION_TP4.0_SL1.0_H3,VALIDATION,2023-02-21,5101.T,WIN,10.372749350782195,1,,,,,,,,2.6181873376955505,3.43627562267025,86.43660675284961
UP25_SCORE80_NIKKEION_TP4.0_SL1.0_H3,VALIDATION,2023-03-03,5406.T,WIN,10.98728054115964,1,,,,,,,,2.771820135289908,1.857140360382404,87.09433998237975
UP25_SCORE80_NIKKEION_TP4.0_SL1.0_H3,VALIDATION,2023-03-06,5406.T,WIN,10.974768864614026,1,,,,,,,,2.768692216153508,1.502203260570827,87.66789665700449
UP25_SCORE80_NIKKEION_TP4.0_SL1.0_H3,VALIDATION,2023-03-07,5406.T,WIN,11.258582690995434,1,,,,,,,,2.8396456727488584,2.0701893640139404,90.18696901800902
UP25_SCORE80_NIKKEION_TP4.0_SL1.0_H3,VALIDATION,2023-03-08,6472.T,WIN,10.041864527855372,1,,,,,,,,2.535466131963841,1.5964971261163212,80.32679424160867
UP25_SCORE80_NIKKEION_TP4.0_SL1.0_H3,VALIDATION,2023-03-09,6472.T,WIN,10.124491542029402,1,,,,,,,,2.5561228855073503,2.0280835938094106,81.64248124982342
UP25_SCORE80_NIKKEION_TP4.0_SL1.0_H3,VALIDATION,2023-03-30,9107.T,WIN,13.585287318364403,1,,,,,,,,3.4213218295911028,2.956640384017868,67.71212740707429
UP25_SCORE80_NIKKEION_TP4.0_SL1.0_H3,VALIDATION,2023-03-31,7735.T,HOLD,1.9952370032169875,3,,,,,,,,2.5391231063714175,1.7645630331178097,71.61649211053447
UP25_SCORE80_NIKKEION_TP4.0_SL1.0_H3,VALIDATION,2023-04-03,6361.T,TIMEOUT_LOSS,-1.4527729564149383,3,,,,,,,,2.384753810496683,1.789481559063365,70.6068253998211
UP25_SCORE80_NIKKEION_TP4.0_SL1.0_H3,VALIDATION,2023-04-04,6501.T,LOSS,-2.1304261745622166,2,,,,,,,,2.0304261745622165,1.5221769100292324,70.37175256557059
UP25_SCORE80_NIKKEION_TP4.0_SL1.0_H3,VALIDATION,2023-04-05,7453.T,HOLD,1.1430890333390953,3,,,,,,,,2.549078700278436,2.2329253812711656,54.85035368390627
UP25_SCORE80_NIKKEION_TP4.0_SL1.0_H3,VALIDATION,2023-04-11,9009.T,HOLD,3.1175604922691336,3,,,,,,,,1.9900095906876618,1.6478328517448322,79.14396561216782
UP25_SCORE80_NIKKEION_TP4.0_SL1.0_H3,VALIDATION,2023-04-12,3086.T,WIN,9.698051508540628,2,,,,,,,,2.4495128771351586,2.600409263552136,65.77527308898344
UP25_SCORE80_NIKKEION_TP4.0_SL1.0_H3,VALIDATION,2023-04-13,7453.T,HOLD,2.690558295829437,3,,,,,,,,2.575211037043294,1.6011953311443716,59.13648388012189
UP25_SCORE80_NIKKEION_TP4.0_SL1.0_H3,VALIDATION,2023-04-14,3697.T,TIMEOUT_LOSS,-2.594536581674811,3,,,,,,,,4.121031231711458,1.8575489819439108,70.5419742753867
UP25_SCORE80_NIKKEION_TP4.0_SL1.0_H3,VALIDATION,2023-04-17,6752.T,WIN,7.846473086998363,1,,,,,,,,1.9866182717495888,1.8304620405232623,71.88274667672724
UP25_SCORE80_NIKKEION_TP4.0_SL1.0_H3,VALIDATION,2023-04-19,8253.T,WIN,7.896259363688752,1,,,,,,,,1.9990648409221896,1.624354060885152,71.01284289908423
UP25_SCORE80_NIKKEION_TP4.0_SL1.0_H3,VALIDATION,2023-04-20,3099.T,HOLD,5.114970486944837,3,,,,,,,,2.3059025677288973,1.6848464507467695,64.50758913098556
UP25_SCORE80_NIKKEION_TP4.0_SL1.0_H3,VALIDATION,2023-04-21,6146.T,LOSS,-3.029003068099523,3,,,,,,,,2.9290030680995187,4.820541702933798,75.78560698122133
UP25_SCORE80_NIKKEION_TP4.0_SL1.0_H3,VALIDATION,2023-04-24,9202.T,WIN,5.5830656961098795,1,,,,,,,,1.4207664240274718,3.269837442481966,70.44491341213703
UP25_SCORE80_NIKKEION_TP4.0_SL1.0_H3,VALIDATION,2023-04-25,6503.T,HOLD,5.101515093803067,3,,,,,,,,1.733838364601022,2.155498593594048,79.72493429343518
UP25_SCORE80_NIKKEION_TP4.0_SL1.0_H3,VALIDATION,2023-04-26,1803.T,WIN,7.774117542742077,1,,,,,,,,1.9685293856855173,6.0865440632331405,73.83107527961079
UP25_SCORE80_NIKKEION_TP4.0_SL1.0_H3,VALIDATION,2023-04-27,6305.T,WIN,8.426494396009721,1,,,,,,,,2.13162359900243,3.861125217892584,66.4599445715346
UP25_SCORE80_NIKKEION_TP4.0_SL1.0_H3,VALIDATION,2023-04-28,8801.T,WIN,6.268191409625701,1,,,,,,,,1.5920478524064234,2.3953025670888533,79.12301899170511
UP25_SCORE80_NIKKEION_TP4.0_SL1.0_H3,VALIDATION,2023-05-01,7011.T,HOLD,2.5301458927096454,3,,,,,,,,1.6474797805150931,1.631766868235908,66.13065535678693
UP25_SCORE80_NIKKEION_TP4.0_SL1.0_H3,VALIDATION,2023-05-09,5401.T,WIN,8.793180528999523,1,,,,,,,,2.2232951322498806,2.4216348728935766,63.075672705376185
UP25_SCORE80_NIKKEION_TP4.0_SL1.0_H3,VALIDATION,2023-05-10,9107.T,WIN,14.692430956552515,1,,,,,,,,3.698107739138131,1.6721083015720768,62.615682903241385
UP25_SCORE80_NIKKEION_TP4.0_SL1.0_H3,VALIDATION,2023-05-11,7011.T,HOLD,5.395320426312534,3,,,,,,,,2.1934996524668904,2.628737662337662,62.58737291544723
UP25_SCORE80_NIKKEION_TP4.0_SL1.0_H3,VALIDATION,2023-05-12,5406.T,WIN,14.7774279492782,1,,,,,,,,3.719356987319548,5.052158085537815,68.63672427624891
UP25_SCORE80_NIKKEION_TP4.0_SL1.0_H3,VALIDATION,2023-05-15,5406.T,WIN,15.190200268377263,1,,,,,,,,3.8225500670943178,1.7922546424440156,68.83347968195596
UP25_SCORE80_NIKKEION_TP4.0_SL1.0_H3,VALIDATION,2023-05-16,4188.T,WIN,5.3280433432912115,1,,,,,,,,1.3570108358228028,1.900617460813976,63.985237751869725
UP25_SCORE80_NIKKEION_TP4.0_SL1.0_H3,VALIDATION,2023-07-03,5301.T,WIN,9.390329195579438,1,,,,,,,,2.3725822988948613,1.6841448882477126,76.76292337832162
UP25_SCORE80_NIKKEION_TP4.0_SL1.0_H3,VALIDATION,2023-07-05,9107.T,WIN,14.099894365295073,1,,,,,,,,3.5499735913237704,2.150751782310317,69.97459032079043
UP25_SCORE80_NIKKEION_TP4.0_SL1.0_H3,VALIDATION,2023-07-28,9501.T,HOLD,3.2351680043808506,3,,,,,,,,2.767087336120648,1.7704078849426244,62.30307264168
UP25_SCORE80_NIKKEION_TP4.0_SL1.0_H3,VALIDATION,2023-07-31,8308.T,TIMEOUT_LOSS,-1.2452531699781444,3,,,,,,,,2.5763241790336844,1.9173748312925836,71.9207173897711
UP25_SCORE80_NIKKEION_TP4.0_SL1.0_H3,VALIDATION,2023-08-01,6976.T,HOLD,1.8693882072037593,3,,,,,,,,2.606764674052127,2.1396985671851048,57.50048021808944
UP25_SCORE80_NIKKEION_TP4.0_SL1.0_H3,VALIDATION,2023-08-29,9501.T,TIMEOUT_LOSS,-2.143950752030588,3,,,,,,,,3.1402072969105355,2.2716801360357546,73.52136944851513
UP25_SCORE80_NIKKEION_TP4.0_SL1.0_H3,VALIDATION,2023-09-08,7532.T,LOSS,-2.688737144511777,1,,,,,,,,2.657533706705184,1.5087604957949283,59.8378595415099
UP25_SCORE80_NIKKEION_TP4.0_SL1.0_H3,VALIDATION,2023-09-11,8308.T,LOSS,-2.4343342339654184,1,,,,,,,,2.390127805566289,1.665899299127487,79.10878705380313
UP25_SCORE80_NIKKEION_TP4.0_SL1.0_H3,VALIDATION,2023-09-12,8316.T,LOSS,-1.862218576823227,1,,,,,,,,1.7938297784150459,1.6274642753207946,80.10973378734327
UP25_SCORE80_NIKKEION_TP4.0_SL1.0_H3,VALIDATION,2023-09-13,8306.T,LOSS,-2.083503266111053,1,,,,,,,,2.0236422767650737,1.6494697326543106,80.85596893501176
UP25_SCORE80_NIKKEION_TP4.0_SL1.0_H3,VALIDATION,2023-11-13,3436.T,LOSS,-2.652575903573995,1,,,,,,,,2.619439074190577,1.7307167359522406,65.83654022960677
UP25_SCORE80_NIKKEION_TP4.0_SL1.0_H3,VALIDATION,2023-12-29,7974.T,WIN,6.475700861620315,3,,,,,,,,1.643925215405077,1.9467622373338236,74.74645526007333
UP25_SCORE80_NIKKEION_TP4.0_SL1.0_H3,VALIDATION,2024-01-05,8601.T,WIN,8.740718075418153,1,,,,,,,,2.210179518854538,1.680065341212715,65.83317514015158
UP25_SCORE80_NIKKEION_TP4.0_SL1.0_H3,VALIDATION,2024-01-18,7735.T,WIN,12.481905500689782,2,,,,,,,,3.1454763751724477,1.92320418278728,75.52852009430023
UP25_SCORE80_NIKKEION_TP4.0_SL1.0_H3,VALIDATION,2024-03-05,6146.T,LOSS,-3.3846029285573787,2,,,,,,,,3.284602928557382,2.1800391194636752,80.50298701119084
UP25_SCORE80_NIKKEION_TP4.0_SL1.0_H3,VALIDATION,2024-03-06,1802.T,WIN,11.318061468907826,2,,,,,,,,2.8545153672269548,2.554199432260858,85.31838469532941
UP25_SCORE80_NIKKEION_TP4.0_SL1.0_H3,VALIDATION,2024-03-07,7012.T,LOSS,-3.310564756415324,3,,,,,,,,3.210564756415324,3.000958757164228,86.42904059170691
UP25_SCORE80_NIKKEION_TP4.0_SL1.0_H3,VALIDATION,2024-03-21,8804.T,HOLD,8.89775024998759,3,,,,,,,,2.923745961515685,1.69173223588183,67.93402062292945
UP25_SCORE80_NIKKEION_TP4.0_SL1.0_H3,VALIDATION,2024-03-22,3099.T,HOLD,6.877494385247552,3,,,,,,,,2.453948221491993,1.5707909104979727,81.63333499499859
UP25_SCORE80_NIKKEION_TP4.0_SL1.0_H3,VALIDATION,2024-03-25,5631.T,WIN,10.674305677224948,2,,,,,,,,2.693576419306239,1.9978760576890136,78.08170396611129
UP25_SCORE80_NIKKEION_TP4.0_SL1.0_H3,VALIDATION,2024-03-26,6504.T,HOLD,4.84654585282166,3,,,,,,,,2.8262976686388814,1.7303010510064722,74.90764016864891
UP25_SCORE80_NIKKEION_TP4.0_SL1.0_H3,VALIDATION,2024-03-27,8308.T,HOLD,0.41721946829534906,3,,,,,,,,3.0733363442166413,1.5960925826296606,69.621051993328
UP25_SCORE80_NIKKEION_TP4.0_SL1.0_H3,VALIDATION,2024-03-28,9501.T,TIMEOUT_LOSS,-1.4722540245678761,3,,,,,,,,4.639511584038658,1.535695399259651,61.44666417260486
UP25_SCORE80_NIKKEION_TP4.0_SL1.0_H3,VALIDATION,2024-05-14,5801.T,LOSS,-3.319591658016585,1,,,,,,,,3.3266977409723695,4.547126157516055,78.26401062449611
UP25_SCORE80_NIKKEION_TP4.0_SL1.0_H3,VALIDATION,2024-05-15,5101.T,LOSS,-3.1871639263634233,1,,,,,,,,3.185505709499344,2.1531057837982357,57.67965645377095
UP25_SCORE80_NIKKEION_TP4.0_SL1.0_H3,VALIDATION,2024-05-30,8331.T,LOSS,-2.29732777245395,1,,,,,,,,2.2466950262275853,1.6671299042083123,76.98906772721455
UP25_SCORE80_NIKKEION_TP4.0_SL1.0_H3,VALIDATION,2024-07-05,7011.T,LOSS,-3.4228975202833634,3,,,,,,,,3.3228975202833633,2.5582053497235537,86.65930019007098
UP25_SCORE80_NIKKEION_TP4.0_SL1.0_H3,VALIDATION,2024-07-08,7011.T,LOSS,-3.526509390948629,2,,,,,,,,3.4265093909486253,1.7619016094335518,86.88149005846999
UP25_SCORE80_NIKKEION_TP4.0_SL1.0_H3,VALIDATION,2024-07-09,5803.T,TIMEOUT_LOSS,-0.5020352086310463,3,,,,,,,,3.809966458306757,3.0971420165153285,65.1673118563374
UP25_SCORE80_NIKKEION_TP4.0_SL1.0_H3,VALIDATION,2024-07-10,5803.T,TIMEOUT_LOSS,-2.3216796953875796,3,,,,,,,,3.7783164995058183,1.977109990603468,67.32339376466534
UP25_SCORE80_NIKKEION_TP4.0_SL1.0_H3,VALIDATION,2024-07-12,4519.T,HOLD,0.13311846210201103,3,,,,,,,,2.4175399406305127,1.5207411706833838,76.8046823943933
UP25_SCORE80_NIKKEION_TP4.0_SL1.0_H3,VALIDATION,2024-07-16,6976.T,HOLD,5.223364293422395,3,,,,,,,,3.5256413216273375,1.7389526651481166,77.39298849461471
UP25_SCORE80_NIKKEION_TP4.0_SL1.0_H3,VALIDATION,2024-09-05,6532.T,LOSS,-3.3034171179618155,1,,,,,,,,3.3094320301220614,1.812501141948804,65.73803228477507
UP25_SCORE80_NIKKEION_TP4.0_SL1.0_H3,VALIDATION,2024-11-07,7013.T,HOLD,1.2587562963110144,3,,,,,,,,4.814901131833723,2.2527265778296126,70.02433857866997
UP25_SCORE80_NIKKEION_TP4.0_SL1.0_H3,VALIDATION,2024-11-08,7012.T,LOSS,-4.534220461682903,2,,,,,,,,4.434220461682906,3.200205529096764,69.90419704592867
UP25_SCORE80_NIKKEION_TP4.0_SL1.0_H3,VALIDATION,2024-11-11,5803.T,TIMEOUT_LOSS,-2.420324839515642,3,,,,,,,,5.599984000136319,1.7857249601142264,64.76170419168966
UP25_SCORE80_NIKKEION_TP4.0_SL1.0_H3,VALIDATION,2024-11-12,2432.T,HOLD,2.235966275647472,3,,,,,,,,4.938654054307187,3.1938915176370792,70.59711889927497
UP25_SCORE80_NIKKEION_TP3.5_SL1.0_H3,VALIDATION,2022-08-24,7733.T,HOLD,0.1464212754205386,3,,,,,,,,2.487512480075919,1.8547560940531955,65.51391763203654
UP25_SCORE80_NIKKEION_TP3.5_SL1.0_H3,VALIDATION,2022-08-25,7004.T,WIN,8.659482124574557,1,,,,,,,,2.502709178449873,1.68890419213222,64.82502886936872
UP25_SCORE80_NIKKEION_TP3.5_SL1.0_H3,VALIDATION,2022-11-04,8001.T,LOSS,-1.999948940416918,1,,,,,,,,1.936746127953537,1.839102301394961,63.42202249431198
UP25_SCORE80_NIKKEION_TP3.5_SL1.0_H3,VALIDATION,2022-11-10,2501.T,LOSS,-2.3165962088235514,1,,,,,,,,2.266842964024092,2.343872605585045,78.05644952602152
UP25_SCORE80_NIKKEION_TP3.5_SL1.0_H3,VALIDATION,2022-11-30,9434.T,WIN,3.246309066619235,1,,,,,,,,0.9560883047483518,2.4663342776889188,58.10727871196465
UP25_SCORE80_NIKKEION_TP3.5_SL1.0_H3,VALIDATION,2022-12-01,4523.T,WIN,12.993618305157339,2,,,,,,,,3.7410338014735256,3.726731040440298,67.15517263840277
UP25_SCORE80_NIKKEION_TP3.5_SL1.0_H3,VALIDATION,2023-02-01,2768.T,LOSS,-1.5213885238845815,1,,,,,,,,1.4418832874603549,1.59628603672925,61.67016112861338
UP25_SCORE80_NIKKEION_TP3.5_SL1.0_H3,VALIDATION,2023-02-17,5233.T,LOSS,-2.2402694992226357,1,,,,,,,,2.1870788814461806,2.0514057799458647,79.34823879636357
UP25_SCORE80_NIKKEION_TP3.5_SL1.0_H3,VALIDATION,2023-02-21,5101.T,WIN,9.063655681934424,1,,,,,,,,2.6181873376955505,3.43627562267025,86.43660675284961
UP25_SCORE80_NIKKEION_TP3.5_SL1.0_H3,VALIDATION,2023-03-03,5406.T,WIN,9.60137047351467,1,,,,,,,,2.771820135289908,1.857140360382404,87.09433998237975
UP25_SCORE80_NIKKEION_TP3.5_SL1.0_H3,VALIDATION,2023-03-06,5406.T,WIN,9.590422756537288,1,,,,,,,,2.768692216153508,1.502203260570827,87.66789665700449
UP25_SCORE80_NIKKEION_TP3.5_SL1.0_H3,VALIDATION,2023-03-07,5406.T,WIN,9.838759854621005,1,,,,,,,,2.8396456727488584,2.0701893640139404,90.18696901800902
UP25_SCORE80_NIKKEION_TP3.5_SL1.0_H3,VALIDATION,2023-03-08,6472.T,WIN,8.774131461873436,1,,,,,,,,2.535466131963841,1.5964971261163212,80.32679424160867
UP25_SCORE80_NIKKEION_TP3.5_SL1.0_H3,VALIDATION,2023-03-09,6472.T,WIN,8.846430099275738,1,,,,,,,,2.5561228855073503,2.0280835938094106,81.64248124982342
UP25_SCORE80_NIKKEION_TP3.5_SL1.0_H3,VALIDATION,2023-03-30,9107.T,WIN,11.874626403568856,1,,,,,,,,3.4213218295911028,2.956640384017868,67.71212740707429
UP25_SCORE80_NIKKEION_TP3.5_SL1.0_H3,VALIDATION,2023-03-31,7735.T,HOLD,1.9952370032169875,3,,,,,,,,2.5391231063714175,1.7645630331178097,71.61649211053447
UP25_SCORE80_NIKKEION_TP3.5_SL1.0_H3,VALIDATION,2023-04-03,6361.T,TIMEOUT_LOSS,-1.4527729564149383,3,,,,,,,,2.384753810496683,1.789481559063365,70.6068253998211
UP25_SCORE80_NIKKEION_TP3.5_SL1.0_H3,VALIDATION,2023-04-04,6501.T,LOSS,-2.1304261745622166,2,,,,,,,,2.0304261745622165,1.5221769100292324,70.37175256557059
UP25_SCORE80_NIKKEION_TP3.5_SL1.0_H3,VALIDATION,2023-04-05,7453.T,HOLD,1.1430890333390953,3,,,,,,,,2.549078700278436,2.2329253812711656,54.85035368390627
UP25_SCORE80_NIKKEION_TP3.5_SL1.0_H3,VALIDATION,2023-04-11,9009.T,HOLD,3.1175604922691336,3,,,,,,,,1.9900095906876618,1.6478328517448322,79.14396561216782
UP25_SCORE80_NIKKEION_TP3.5_SL1.0_H3,VALIDATION,2023-04-12,3086.T,WIN,8.473295069973064,1,,,,,,,,2.4495128771351586,2.600409263552136,65.77527308898344
UP25_SCORE80_NIKKEION_TP3.5_SL1.0_H3,VALIDATION,2023-04-13,7453.T,HOLD,2.690558295829437,3,,,,,,,,2.575211037043294,1.6011953311443716,59.13648388012189
UP25_SCORE80_NIKKEION_TP3.5_SL1.0_H3,VALIDATION,2023-04-14,3697.T,TIMEOUT_LOSS,-2.594536581674811,3,,,,,,,,4.121031231711458,1.8575489819439108,70.5419742753867
UP25_SCORE80_NIKKEION_TP3.5_SL1.0_H3,VALIDATION,2023-04-17,6752.T,WIN,6.853163951123554,1,,,,,,,,1.9866182717495888,1.8304620405232623,71.88274667672724
UP25_SCORE80_NIKKEION_TP3.5_SL1.0_H3,VALIDATION,2023-04-19,8253.T,WIN,6.8967269432276606,1,,,,,,,,1.9990648409221896,1.624354060885152,71.01284289908423
UP25_SCORE80_NIKKEION_TP3.5_SL1.0_H3,VALIDATION,2023-04-20,3099.T,WIN,7.97065898705115,3,,,,,,,,2.3059025677288973,1.6848464507467695,64.50758913098556
UP25_SCORE80_NIKKEION_TP3.5_SL1.0_H3,VALIDATION,2023-04-21,6146.T,LOSS,-3.029003068099523,3,,,,,,,,2.9290030680995187,4.820541702933798,75.78560698122133
UP25_SCORE80_NIKKEION_TP3.5_SL1.0_H3,VALIDATION,2023-04-24,9202.T,WIN,4.872682484096147,1,,,,,,,,1.4207664240274718,3.269837442481966,70.44491341213703
UP25_SCORE80_NIKKEION_TP3.5_SL1.0_H3,VALIDATION,2023-04-25,6503.T,WIN,5.968434276103574,3,,,,,,,,1.733838364601022,2.155498593594048,79.72493429343518
UP25_SCORE80_NIKKEION_TP3.5_SL1.0_H3,VALIDATION,2023-04-26,1803.T,WIN,6.789852849899314,1,,,,,,,,1.9685293856855173,6.0865440632331405,73.83107527961079
UP25_SCORE80_NIKKEION_TP3.5_SL1.0_H3,VALIDATION,2023-04-27,6305.T,WIN,7.360682596508495,1,,,,,,,,2.13162359900243,3.861125217892584,66.4599445715346
UP25_SCORE80_NIKKEION_TP3.5_SL1.0_H3,VALIDATION,2023-04-28,8801.T,WIN,5.472167483422486,1,,,,,,,,1.5920478524064234,2.3953025670888533,79.12301899170511
UP25_SCORE80_NIKKEION_TP3.5_SL1.0_H3,VALIDATION,2023-05-01,7011.T,HOLD,2.5301458927096454,3,,,,,,,,1.6474797805150931,1.631766868235908,66.13065535678693
UP25_SCORE80_NIKKEION_TP3.5_SL1.0_H3,VALIDATION,2023-05-09,5401.T,WIN,7.6815329628745825,1,,,,,,,,2.2232951322498806,2.4216348728935766,63.075672705376185
UP25_SCORE80_NIKKEION_TP3.5_SL1.0_H3,VALIDATION,2023-05-10,9107.T,WIN,12.843377086983454,1,,,,,,,,3.698107739138131,1.6721083015720768,62.615682903241385
UP25_SCORE80_NIKKEION_TP3.5_SL1.0_H3,VALIDATION,2023-05-11,7011.T,HOLD,5.395320426312534,3,,,,,,,,2.1934996524668904,2.628737662337662,62.58737291544723
UP25_SCORE80_NIKKEION_TP3.5_SL1.0_H3,VALIDATION,2023-05-12,5406.T,WIN,12.917749455618422,1,,,,,,,,3.719356987319548,5.052158085537815,68.63672427624891
UP25_SCORE80_NIKKEION_TP3.5_SL1.0_H3,VALIDATION,2023-05-15,5406.T,WIN,13.278925234830108,1,,,,,,,,3.8225500670943178,1.7922546424440156,68.83347968195596
UP25_SCORE80_NIKKEION_TP3.5_SL1.0_H3,VALIDATION,2023-05-16,4188.T,WIN,4.649537925379821,1,,,,,,,,1.3570108358228028,1.900617460813976,63.985237751869725
UP25_SCORE80_NIKKEION_TP3.5_SL1.0_H3,VALIDATION,2023-07-03,5301.T,WIN,8.204038046132023,1,,,,,,,,2.3725822988948613,1.6841448882477126,76.76292337832162
UP25_SCORE80_NIKKEION_TP3.5_SL1.0_H3,VALIDATION,2023-07-05,9107.T,WIN,12.324907569633192,1,,,,,,,,3.5499735913237704,2.150751782310317,69.97459032079043
UP25_SCORE80_NIKKEION_TP3.5_SL1.0_H3,VALIDATION,2023-07-28,8308.T,WIN,8.567502351361867,1,,,,,,,,2.4764292432462476,2.992813465952988,69.19508666855869
UP25_SCORE80_NIKKEION_TP3.5_SL1.0_H3,VALIDATION,2023-07-31,8308.T,TIMEOUT_LOSS,-1.2452531699781444,3,,,,,,,,2.5763241790336844,1.9173748312925836,71.9207173897711
UP25_SCORE80_NIKKEION_TP3.5_SL1.0_H3,VALIDATION,2023-08-01,6976.T,HOLD,1.8693882072037593,3,,,,,,,,2.606764674052127,2.1396985671851048,57.50048021808944
UP25_SCORE80_NIKKEION_TP3.5_SL1.0_H3,VALIDATION,2023-08-29,9501.T,TIMEOUT_LOSS,-2.143950752030588,3,,,,,,,,3.1402072969105355,2.2716801360357546,73.52136944851513
UP25_SCORE80_NIKKEION_TP3.5_SL1.0_H3,VALIDATION,2023-09-08,7532.T,LOSS,-2.688737144511777,1,,,,,,,,2.657533706705184,1.5087604957949283,59.8378595415099
UP25_SCORE80_NIKKEION_TP3.5_SL1.0_H3,VALIDATION,2023-09-11,8308.T,LOSS,-2.4343342339654184,1,,,,,,,,2.390127805566289,1.665899299127487,79.10878705380313
UP25_SCORE80_NIKKEION_TP3.5_SL1.0_H3,VALIDATION,2023-09-12,8316.T,LOSS,-1.862218576823227,1,,,,,,,,1.7938297784150459,1.6274642753207946,80.10973378734327
UP25_SCORE80_NIKKEION_TP3.5_SL1.0_H3,VALIDATION,2023-09-13,8306.T,LOSS,-2.083503266111053,1,,,,,,,,2.0236422767650737,1.6494697326543106,80.85596893501176
UP25_SCORE80_NIKKEION_TP3.5_SL1.0_H3,VALIDATION,2023-11-13,3436.T,LOSS,-2.652575903573995,1,,,,,,,,2.619439074190577,1.7307167359522406,65.83654022960677
UP25_SCORE80_NIKKEION_TP3.5_SL1.0_H3,VALIDATION,2023-12-29,7974.T,WIN,5.653738253917762,3,,,,,,,,1.643925215405077,1.9467622373338236,74.74645526007333
UP25_SCORE80_NIKKEION_TP3.5_SL1.0_H3,VALIDATION,2024-01-05,8601.T,WIN,7.635628315990884,1,,,,,,,,2.210179518854538,1.680065341212715,65.83317514015158
UP25_SCORE80_NIKKEION_TP3.5_SL1.0_H3,VALIDATION,2024-01-18,7735.T,WIN,10.909167313103575,1,,,,,,,,3.1454763751724477,1.92320418278728,75.52852009430023
UP25_SCORE80_NIKKEION_TP3.5_SL1.0_H3,VALIDATION,2024-03-05,6146.T,LOSS,-3.3846029285573787,2,,,,,,,,3.284602928557382,2.1800391194636752,80.50298701119084
UP25_SCORE80_NIKKEION_TP3.5_SL1.0_H3,VALIDATION,2024-03-06,1802.T,WIN,9.890803785294333,1,,,,,,,,2.8545153672269548,2.554199432260858,85.31838469532941
UP25_SCORE80_NIKKEION_TP3.5_SL1.0_H3,VALIDATION,2024-03-07,7012.T,LOSS,-3.310564756415324,3,,,,,,,,3.210564756415324,3.000958757164228,86.42904059170691
UP25_SCORE80_NIKKEION_TP3.5_SL1.0_H3,VALIDATION,2024-03-21,8804.T,WIN,10.133110865304895,1,,,,,,,,2.923745961515685,1.69173223588183,67.93402062292945
UP25_SCORE80_NIKKEION_TP3.5_SL1.0_H3,VALIDATION,2024-03-22,3099.T,HOLD,6.877494385247552,3,,,,,,,,2.453948221491993,1.5707909104979727,81.63333499499859
UP25_SCORE80_NIKKEION_TP3.5_SL1.0_H3,VALIDATION,2024-03-25,5631.T,WIN,9.327517467571845,2,,,,,,,,2.693576419306239,1.9978760576890136,78.08170396611129
UP25_SCORE80_NIKKEION_TP3.5_SL1.0_H3,VALIDATION,2024-03-26,6504.T,HOLD,4.84654585282166,3,,,,,,,,2.8262976686388814,1.7303010510064722,74.90764016864891
UP25_SCORE80_NIKKEION_TP3.5_SL1.0_H3,VALIDATION,2024-03-27,8308.T,HOLD,0.41721946829534906,3,,,,,,,,3.0733363442166413,1.5960925826296606,69.621051993328
UP25_SCORE80_NIKKEION_TP3.5_SL1.0_H3,VALIDATION,2024-03-28,9501.T,TIMEOUT_LOSS,-1.4722540245678761,3,,,,,,,,4.639511584038658,1.535695399259651,61.44666417260486
UP25_SCORE80_NIKKEION_TP3.5_SL1.0_H3,VALIDATION,2024-05-14,5801.T,LOSS,-3.319591658016585,1,,,,,,,,3.3266977409723695,4.547126157516055,78.26401062449611
UP25_SCORE80_NIKKEION_TP3.5_SL1.0_H3,VALIDATION,2024-05-15,5101.T,LOSS,-3.1871639263634233,1,,,,,,,,3.185505709499344,2.1531057837982357,57.67965645377095
UP25_SCORE80_NIKKEION_TP3.5_SL1.0_H3,VALIDATION,2024-05-30,8331.T,LOSS,-2.29732777245395,1,,,,,,,,2.2466950262275853,1.6671299042083123,76.98906772721455
UP25_SCORE80_NIKKEION_TP3.5_SL1.0_H3,VALIDATION,2024-07-05,7011.T,LOSS,-3.4228975202833634,3,,,,,,,,3.3228975202833633,2.5582053497235537,86.65930019007098
UP25_SCORE80_NIKKEION_TP3.5_SL1.0_H3,VALIDATION,2024-07-08,7011.T,LOSS,-3.526509390948629,2,,,,,,,,3.4265093909486253,1.7619016094335518,86.88149005846999
UP25_SCORE80_NIKKEION_TP3.5_SL1.0_H3,VALIDATION,2024-07-09,5803.T,TIMEOUT_LOSS,-0.5020352086310463,3,,,,,,,,3.809966458306757,3.0971420165153285,65.1673118563374
UP25_SCORE80_NIKKEION_TP3.5_SL1.0_H3,VALIDATION,2024-07-10,5803.T,TIMEOUT_LOSS,-2.3216796953875796,3,,,,,,,,3.7783164995058183,1.977109990603468,67.32339376466534
UP25_SCORE80_NIKKEION_TP3.5_SL1.0_H3,VALIDATION,2024-07-12,4519.T,HOLD,0.13311846210201103,3,,,,,,,,2.4175399406305127,1.5207411706833838,76.8046823943933
UP25_SCORE80_NIKKEION_TP3.5_SL1.0_H3,VALIDATION,2024-07-16,6976.T,HOLD,5.223364293422395,3,,,,,,,,3.5256413216273375,1.7389526651481166,77.39298849461471
UP25_SCORE80_NIKKEION_TP3.5_SL1.0_H3,VALIDATION,2024-09-05,6532.T,LOSS,-3.3034171179618155,1,,,,,,,,3.3094320301220614,1.812501141948804,65.73803228477507
UP25_SCORE80_NIKKEION_TP3.5_SL1.0_H3,VALIDATION,2024-11-07,7013.T,HOLD,1.2587562963110144,3,,,,,,,,4.814901131833723,2.2527265778296126,70.02433857866997
UP25_SCORE80_NIKKEION_TP3.5_SL1.0_H3,VALIDATION,2024-11-08,7012.T,LOSS,-4.534220461682903,2,,,,,,,,4.434220461682906,3.200205529096764,69.90419704592867
UP25_SCORE80_NIKKEION_TP3.5_SL1.0_H3,VALIDATION,2024-11-11,5803.T,TIMEOUT_LOSS,-2.420324839515642,3,,,,,,,,5.599984000136319,1.7857249601142264,64.76170419168966
UP25_SCORE80_NIKKEION_TP3.5_SL1.0_H3,VALIDATION,2024-11-12,5801.T,HOLD,9.229748967881969,3,,,,,,,,4.212795453398469,5.95992017197373,85.57524419496607
UP30_SCORE80_NIKKEION_TP3.5_SL1.0_H3,VALIDATION,2022-08-24,7733.T,HOLD,0.1464212754205386,3,,,,,,,,2.487512480075919,1.8547560940531955,65.51391763203654
UP30_SCORE80_NIKKEION_TP3.5_SL1.0_H3,VALIDATION,2022-08-25,7004.T,WIN,8.659482124574557,1,,,,,,,,2.502709178449873,1.68890419213222,64.82502886936872
UP30_SCORE80_NIKKEION_TP3.5_SL1.0_H3,VALIDATION,2022-11-04,8001.T,LOSS,-1.999948940416918,1,,,,,,,,1.936746127953537,1.839102301394961,63.42202249431198
UP30_SCORE80_NIKKEION_TP3.5_SL1.0_H3,VALIDATION,2022-11-10,2501.T,LOSS,-2.3165962088235514,1,,,,,,,,2.266842964024092,2.343872605585045,78.05644952602152
UP30_SCORE80_NIKKEION_TP3.5_SL1.0_H3,VALIDATION,2022-11-30,9434.T,WIN,3.246309066619235,1,,,,,,,,0.9560883047483518,2.4663342776889188,58.10727871196465
UP30_SCORE80_NIKKEION_TP3.5_SL1.0_H3,VALIDATION,2022-12-01,4523.T,WIN,12.993618305157339,2,,,,,,,,3.7410338014735256,3.726731040440298,67.15517263840277
UP30_SCORE80_NIKKEION_TP3.5_SL1.0_H3,VALIDATION,2023-02-01,2768.T,LOSS,-1.5213885238845815,1,,,,,,,,1.4418832874603549,1.59628603672925,61.67016112861338
UP30_SCORE80_NIKKEION_TP3.5_SL1.0_H3,VALIDATION,2023-02-17,5233.T,LOSS,-2.2402694992226357,1,,,,,,,,2.1870788814461806,2.0514057799458647,79.34823879636357
UP30_SCORE80_NIKKEION_TP3.5_SL1.0_H3,VALIDATION,2023-02-21,5101.T,WIN,9.063655681934424,1,,,,,,,,2.6181873376955505,3.43627562267025,86.43660675284961
UP30_SCORE80_NIKKEION_TP3.5_SL1.0_H3,VALIDATION,2023-03-03,5406.T,WIN,9.60137047351467,1,,,,,,,,2.771820135289908,1.857140360382404,87.09433998237975
UP30_SCORE80_NIKKEION_TP3.5_SL1.0_H3,VALIDATION,2023-03-06,5406.T,WIN,9.590422756537288,1,,,,,,,,2.768692216153508,1.502203260570827,87.66789665700449
UP30_SCORE80_NIKKEION_TP3.5_SL1.0_H3,VALIDATION,2023-03-07,5406.T,WIN,9.838759854621005,1,,,,,,,,2.8396456727488584,2.0701893640139404,90.18696901800902
UP30_SCORE80_NIKKEION_TP3.5_SL1.0_H3,VALIDATION,2023-03-08,6472.T,WIN,8.774131461873436,1,,,,,,,,2.535466131963841,1.5964971261163212,80.32679424160867
UP30_SCORE80_NIKKEION_TP3.5_SL1.0_H3,VALIDATION,2023-03-09,6472.T,WIN,8.846430099275738,1,,,,,,,,2.5561228855073503,2.0280835938094106,81.64248124982342
UP30_SCORE80_NIKKEION_TP3.5_SL1.0_H3,VALIDATION,2023-03-30,9107.T,WIN,11.874626403568856,1,,,,,,,,3.4213218295911028,2.956640384017868,67.71212740707429
UP30_SCORE80_NIKKEION_TP3.5_SL1.0_H3,VALIDATION,2023-03-31,7735.T,HOLD,1.9952370032169875,3,,,,,,,,2.5391231063714175,1.7645630331178097,71.61649211053447
UP30_SCORE80_NIKKEION_TP3.5_SL1.0_H3,VALIDATION,2023-04-03,6361.T,TIMEOUT_LOSS,-1.4527729564149383,3,,,,,,,,2.384753810496683,1.789481559063365,70.6068253998211
UP30_SCORE80_NIKKEION_TP3.5_SL1.0_H3,VALIDATION,2023-04-04,6501.T,LOSS,-2.1304261745622166,2,,,,,,,,2.0304261745622165,1.5221769100292324,70.37175256557059
UP30_SCORE80_NIKKEION_TP3.5_SL1.0_H3,VALIDATION,2023-04-05,7453.T,HOLD,1.1430890333390953,3,,,,,,,,2.549078700278436,2.2329253812711656,54.85035368390627
UP30_SCORE80_NIKKEION_TP3.5_SL1.0_H3,VALIDATION,2023-04-11,9009.T,HOLD,3.1175604922691336,3,,,,,,,,1.9900095906876618,1.6478328517448322,79.14396561216782
UP30_SCORE80_NIKKEION_TP3.5_SL1.0_H3,VALIDATION,2023-04-12,3086.T,WIN,8.473295069973064,1,,,,,,,,2.4495128771351586,2.600409263552136,65.77527308898344
UP30_SCORE80_NIKKEION_TP3.5_SL1.0_H3,VALIDATION,2023-04-13,7453.T,HOLD,2.690558295829437,3,,,,,,,,2.575211037043294,1.6011953311443716,59.13648388012189
UP30_SCORE80_NIKKEION_TP3.5_SL1.0_H3,VALIDATION,2023-04-14,3697.T,TIMEOUT_LOSS,-2.594536581674811,3,,,,,,,,4.121031231711458,1.8575489819439108,70.5419742753867
UP30_SCORE80_NIKKEION_TP3.5_SL1.0_H3,VALIDATION,2023-04-17,6752.T,WIN,6.853163951123554,1,,,,,,,,1.9866182717495888,1.8304620405232623,71.88274667672724
UP30_SCORE80_NIKKEION_TP3.5_SL1.0_H3,VALIDATION,2023-04-19,8253.T,WIN,6.8967269432276606,1,,,,,,,,1.9990648409221896,1.624354060885152,71.01284289908423
UP30_SCORE80_NIKKEION_TP3.5_SL1.0_H3,VALIDATION,2023-04-20,3099.T,WIN,7.97065898705115,3,,,,,,,,2.3059025677288973,1.6848464507467695,64.50758913098556
UP30_SCORE80_NIKKEION_TP3.5_SL1.0_H3,VALIDATION,2023-04-21,6146.T,LOSS,-3.029003068099523,3,,,,,,,,2.9290030680995187,4.820541702933798,75.78560698122133
UP30_SCORE80_NIKKEION_TP3.5_SL1.0_H3,VALIDATION,2023-04-24,9202.T,WIN,4.872682484096147,1,,,,,,,,1.4207664240274718,3.269837442481966,70.44491341213703
UP30_SCORE80_NIKKEION_TP3.5_SL1.0_H3,VALIDATION,2023-04-25,6503.T,WIN,5.968434276103574,3,,,,,,,,1.733838364601022,2.155498593594048,79.72493429343518
UP30_SCORE80_NIKKEION_TP3.5_SL1.0_H3,VALIDATION,2023-04-26,1803.T,WIN,6.789852849899314,1,,,,,,,,1.9685293856855173,6.0865440632331405,73.83107527961079
UP30_SCORE80_NIKKEION_TP3.5_SL1.0_H3,VALIDATION,2023-04-27,6305.T,WIN,7.360682596508495,1,,,,,,,,2.13162359900243,3.861125217892584,66.4599445715346
UP30_SCORE80_NIKKEION_TP3.5_SL1.0_H3,VALIDATION,2023-04-28,8801.T,WIN,5.472167483422486,1,,,,,,,,1.5920478524064234,2.3953025670888533,79.12301899170511
UP30_SCORE80_NIKKEION_TP3.5_SL1.0_H3,VALIDATION,2023-05-01,7011.T,HOLD,2.5301458927096454,3,,,,,,,,1.6474797805150931,1.631766868235908,66.13065535678693
UP30_SCORE80_NIKKEION_TP3.5_SL1.0_H3,VALIDATION,2023-05-09,5401.T,WIN,7.6815329628745825,1,,,,,,,,2.2232951322498806,2.4216348728935766,63.075672705376185
UP30_SCORE80_NIKKEION_TP3.5_SL1.0_H3,VALIDATION,2023-05-10,9107.T,WIN,12.843377086983454,1,,,,,,,,3.698107739138131,1.6721083015720768,62.615682903241385
UP30_SCORE80_NIKKEION_TP3.5_SL1.0_H3,VALIDATION,2023-05-11,7011.T,HOLD,5.395320426312534,3,,,,,,,,2.1934996524668904,2.628737662337662,62.58737291544723
UP30_SCORE80_NIKKEION_TP3.5_SL1.0_H3,VALIDATION,2023-05-12,5406.T,WIN,12.917749455618422,1,,,,,,,,3.719356987319548,5.052158085537815,68.63672427624891
UP30_SCORE80_NIKKEION_TP3.5_SL1.0_H3,VALIDATION,2023-05-15,5406.T,WIN,13.278925234830108,1,,,,,,,,3.8225500670943178,1.7922546424440156,68.83347968195596
UP30_SCORE80_NIKKEION_TP3.5_SL1.0_H3,VALIDATION,2023-05-16,4188.T,WIN,4.649537925379821,1,,,,,,,,1.3570108358228028,1.900617460813976,63.985237751869725
UP30_SCORE80_NIKKEION_TP3.5_SL1.0_H3,VALIDATION,2023-07-03,5301.T,WIN,8.204038046132023,1,,,,,,,,2.3725822988948613,1.6841448882477126,76.76292337832162
UP30_SCORE80_NIKKEION_TP3.5_SL1.0_H3,VALIDATION,2023-07-05,9107.T,WIN,12.324907569633192,1,,,,,,,,3.5499735913237704,2.150751782310317,69.97459032079043
UP30_SCORE80_NIKKEION_TP3.5_SL1.0_H3,VALIDATION,2023-07-28,8308.T,WIN,8.567502351361867,1,,,,,,,,2.4764292432462476,2.992813465952988,69.19508666855869
UP30_SCORE80_NIKKEION_TP3.5_SL1.0_H3,VALIDATION,2023-07-31,8308.T,TIMEOUT_LOSS,-1.2452531699781444,3,,,,,,,,2.5763241790336844,1.9173748312925836,71.9207173897711
UP30_SCORE80_NIKKEION_TP3.5_SL1.0_H3,VALIDATION,2023-08-01,6976.T,HOLD,1.8693882072037593,3,,,,,,,,2.606764674052127,2.1396985671851048,57.50048021808944
UP30_SCORE80_NIKKEION_TP3.5_SL1.0_H3,VALIDATION,2023-08-29,9501.T,TIMEOUT_LOSS,-2.143950752030588,3,,,,,,,,3.1402072969105355,2.2716801360357546,73.52136944851513
UP30_SCORE80_NIKKEION_TP3.5_SL1.0_H3,VALIDATION,2023-09-08,7532.T,LOSS,-2.688737144511777,1,,,,,,,,2.657533706705184,1.5087604957949283,59.8378595415099
UP30_SCORE80_NIKKEION_TP3.5_SL1.0_H3,VALIDATION,2023-09-11,8308.T,LOSS,-2.4343342339654184,1,,,,,,,,2.390127805566289,1.665899299127487,79.10878705380313
UP30_SCORE80_NIKKEION_TP3.5_SL1.0_H3,VALIDATION,2023-09-12,8316.T,LOSS,-1.862218576823227,1,,,,,,,,1.7938297784150459,1.6274642753207946,80.10973378734327
UP30_SCORE80_NIKKEION_TP3.5_SL1.0_H3,VALIDATION,2023-09-13,8306.T,LOSS,-2.083503266111053,1,,,,,,,,2.0236422767650737,1.6494697326543106,80.85596893501176
UP30_SCORE80_NIKKEION_TP3.5_SL1.0_H3,VALIDATION,2023-11-13,3436.T,LOSS,-2.652575903573995,1,,,,,,,,2.619439074190577,1.7307167359522406,65.83654022960677
UP30_SCORE80_NIKKEION_TP3.5_SL1.0_H3,VALIDATION,2023-12-29,7974.T,WIN,5.653738253917762,3,,,,,,,,1.643925215405077,1.9467622373338236,74.74645526007333
UP30_SCORE80_NIKKEION_TP3.5_SL1.0_H3,VALIDATION,2024-01-05,8601.T,WIN,7.635628315990884,1,,,,,,,,2.210179518854538,1.680065341212715,65.83317514015158
UP30_SCORE80_NIKKEION_TP3.5_SL1.0_H3,VALIDATION,2024-01-18,7735.T,WIN,10.909167313103575,1,,,,,,,,3.1454763751724477,1.92320418278728,75.52852009430023
UP30_SCORE80_NIKKEION_TP3.5_SL1.0_H3,VALIDATION,2024-03-05,6146.T,LOSS,-3.3846029285573787,2,,,,,,,,3.284602928557382,2.1800391194636752,80.50298701119084
UP30_SCORE80_NIKKEION_TP3.5_SL1.0_H3,VALIDATION,2024-03-06,1802.T,WIN,9.890803785294333,1,,,,,,,,2.8545153672269548,2.554199432260858,85.31838469532941
UP30_SCORE80_NIKKEION_TP3.5_SL1.0_H3,VALIDATION,2024-03-07,7012.T,LOSS,-3.310564756415324,3,,,,,,,,3.210564756415324,3.000958757164228,86.42904059170691
UP30_SCORE80_NIKKEION_TP3.5_SL1.0_H3,VALIDATION,2024-03-21,8804.T,WIN,10.133110865304895,1,,,,,,,,2.923745961515685,1.69173223588183,67.93402062292945
UP30_SCORE80_NIKKEION_TP3.5_SL1.0_H3,VALIDATION,2024-03-22,3099.T,HOLD,6.877494385247552,3,,,,,,,,2.453948221491993,1.5707909104979727,81.63333499499859
UP30_SCORE80_NIKKEION_TP3.5_SL1.0_H3,VALIDATION,2024-03-25,5631.T,WIN,9.327517467571845,2,,,,,,,,2.693576419306239,1.9978760576890136,78.08170396611129
UP30_SCORE80_NIKKEION_TP3.5_SL1.0_H3,VALIDATION,2024-03-26,6504.T,HOLD,4.84654585282166,3,,,,,,,,2.8262976686388814,1.7303010510064722,74.90764016864891
UP30_SCORE80_NIKKEION_TP3.5_SL1.0_H3,VALIDATION,2024-03-27,8308.T,HOLD,0.41721946829534906,3,,,,,,,,3.0733363442166413,1.5960925826296606,69.621051993328
UP30_SCORE80_NIKKEION_TP3.5_SL1.0_H3,VALIDATION,2024-03-28,9501.T,TIMEOUT_LOSS,-1.4722540245678761,3,,,,,,,,4.639511584038658,1.535695399259651,61.44666417260486
UP30_SCORE80_NIKKEION_TP3.5_SL1.0_H3,VALIDATION,2024-05-14,5801.T,LOSS,-3.319591658016585,1,,,,,,,,3.3266977409723695,4.547126157516055,78.26401062449611
UP30_SCORE80_NIKKEION_TP3.5_SL1.0_H3,VALIDATION,2024-05-15,5101.T,LOSS,-3.1871639263634233,1,,,,,,,,3.185505709499344,2.1531057837982357,57.67965645377095
UP30_SCORE80_NIKKEION_TP3.5_SL1.0_H3,VALIDATION,2024-05-30,8331.T,LOSS,-2.29732777245395,1,,,,,,,,2.2466950262275853,1.6671299042083123,76.98906772721455
UP30_SCORE80_NIKKEION_TP3.5_SL1.0_H3,VALIDATION,2024-07-05,7011.T,LOSS,-3.4228975202833634,3,,,,,,,,3.3228975202833633,2.5582053497235537,86.65930019007098
UP30_SCORE80_NIKKEION_TP3.5_SL1.0_H3,VALIDATION,2024-07-08,7011.T,LOSS,-3.526509390948629,2,,,,,,,,3.4265093909486253,1.7619016094335518,86.88149005846999
UP30_SCORE80_NIKKEION_TP3.5_SL1.0_H3,VALIDATION,2024-07-09,5803.T,TIMEOUT_LOSS,-0.5020352086310463,3,,,,,,,,3.809966458306757,3.0971420165153285,65.1673118563374
UP30_SCORE80_NIKKEION_TP3.5_SL1.0_H3,VALIDATION,2024-07-10,5803.T,TIMEOUT_LOSS,-2.3216796953875796,3,,,,,,,,3.7783164995058183,1.977109990603468,67.32339376466534
UP30_SCORE80_NIKKEION_TP3.5_SL1.0_H3,VALIDATION,2024-07-12,4519.T,HOLD,0.13311846210201103,3,,,,,,,,2.4175399406305127,1.5207411706833838,76.8046823943933
UP30_SCORE80_NIKKEION_TP3.5_SL1.0_H3,VALIDATION,2024-07-16,6976.T,HOLD,5.223364293422395,3,,,,,,,,3.5256413216273375,1.7389526651481166,77.39298849461471
UP30_SCORE80_NIKKEION_TP3.5_SL1.0_H3,VALIDATION,2024-09-05,6532.T,LOSS,-3.3034171179618155,1,,,,,,,,3.3094320301220614,1.812501141948804,65.73803228477507
UP30_SCORE80_NIKKEION_TP3.5_SL1.0_H3,VALIDATION,2024-11-07,7013.T,HOLD,1.2587562963110144,3,,,,,,,,4.814901131833723,2.2527265778296126,70.02433857866997
UP30_SCORE80_NIKKEION_TP3.5_SL1.0_H3,VALIDATION,2024-11-08,7012.T,LOSS,-4.534220461682903,2,,,,,,,,4.434220461682906,3.200205529096764,69.90419704592867
UP30_SCORE80_NIKKEION_TP3.5_SL1.0_H3,VALIDATION,2024-11-11,5803.T,TIMEOUT_LOSS,-2.420324839515642,3,,,,,,,,5.599984000136319,1.7857249601142264,64.76170419168966
UP30_SCORE80_NIKKEION_TP3.5_SL1.0_H3,VALIDATION,2024-11-12,5801.T,HOLD,9.229748967881969,3,,,,,,,,4.212795453398469,5.95992017197373,85.57524419496607
UP20_SCORE80_NIKKEION_TP4.0_SL1.0_H3,VALIDATION,2022-08-24,7733.T,HOLD,0.1464212754205386,3,,,,,,,,2.487512480075919,1.8547560940531955,65.51391763203654
UP20_SCORE80_NIKKEION_TP4.0_SL1.0_H3,VALIDATION,2022-08-25,7004.T,WIN,9.9108367137995,1,,,,,,,,2.502709178449873,1.68890419213222,64.82502886936872
UP20_SCORE80_NIKKEION_TP4.0_SL1.0_H3,VALIDATION,2022-11-04,8001.T,LOSS,-1.999948940416918,1,,,,,,,,1.936746127953537,1.839102301394961,63.42202249431198
UP20_SCORE80_NIKKEION_TP4.0_SL1.0_H3,VALIDATION,2022-11-10,2501.T,LOSS,-2.3165962088235514,1,,,,,,,,2.266842964024092,2.343872605585045,78.05644952602152
UP20_SCORE80_NIKKEION_TP4.0_SL1.0_H3,VALIDATION,2022-11-30,9434.T,WIN,3.7243532189934148,1,,,,,,,,0.9560883047483518,2.4663342776889188,58.10727871196465
UP20_SCORE80_NIKKEION_TP4.0_SL1.0_H3,VALIDATION,2022-12-01,4523.T,HOLD,9.599960940878594,3,,,,,,,,3.7410338014735256,3.726731040440298,67.15517263840277
UP20_SCORE80_NIKKEION_TP4.0_SL1.0_H3,VALIDATION,2023-02-01,2768.T,LOSS,-1.5213885238845815,1,,,,,,,,1.4418832874603549,1.59628603672925,61.67016112861338
UP20_SCORE80_NIKKEION_TP4.0_SL1.0_H3,VALIDATION,2023-02-17,5233.T,LOSS,-2.2402694992226357,1,,,,,,,,2.1870788814461806,2.0514057799458647,79.34823879636357
UP20_SCORE80_NIKKEION_TP4.0_SL1.0_H3,VALIDATION,2023-02-21,5101.T,WIN,10.372749350782195,1,,,,,,,,2.6181873376955505,3.43627562267025,86.43660675284961
UP20_SCORE80_NIKKEION_TP4.0_SL1.0_H3,VALIDATION,2023-03-03,5406.T,WIN,10.98728054115964,1,,,,,,,,2.771820135289908,1.857140360382404,87.09433998237975
UP20_SCORE80_NIKKEION_TP4.0_SL1.0_H3,VALIDATION,2023-03-06,5406.T,WIN,10.974768864614026,1,,,,,,,,2.768692216153508,1.502203260570827,87.66789665700449
UP20_SCORE80_NIKKEION_TP4.0_SL1.0_H3,VALIDATION,2023-03-07,5406.T,WIN,11.258582690995434,1,,,,,,,,2.8396456727488584,2.0701893640139404,90.18696901800902
UP20_SCORE80_NIKKEION_TP4.0_SL1.0_H3,VALIDATION,2023-03-08,6472.T,WIN,10.041864527855372,1,,,,,,,,2.535466131963841,1.5964971261163212,80.32679424160867
UP20_SCORE80_NIKKEION_TP4.0_SL1.0_H3,VALIDATION,2023-03-09,6472.T,WIN,10.124491542029402,1,,,,,,,,2.5561228855073503,2.0280835938094106,81.64248124982342
UP20_SCORE80_NIKKEION_TP4.0_SL1.0_H3,VALIDATION,2023-03-30,9107.T,WIN,13.585287318364403,1,,,,,,,,3.4213218295911028,2.956640384017868,67.71212740707429
UP20_SCORE80_NIKKEION_TP4.0_SL1.0_H3,VALIDATION,2023-03-31,7735.T,HOLD,1.9952370032169875,3,,,,,,,,2.5391231063714175,1.7645630331178097,71.61649211053447
UP20_SCORE80_NIKKEION_TP4.0_SL1.0_H3,VALIDATION,2023-04-03,6361.T,TIMEOUT_LOSS,-1.4527729564149383,3,,,,,,,,2.384753810496683,1.789481559063365,70.6068253998211
UP20_SCORE80_NIKKEION_TP4.0_SL1.0_H3,VALIDATION,2023-04-04,6501.T,LOSS,-2.1304261745622166,2,,,,,,,,2.0304261745622165,1.5221769100292324,70.37175256557059
UP20_SCORE80_NIKKEION_TP4.0_SL1.0_H3,VALIDATION,2023-04-05,7453.T,HOLD,1.1430890333390953,3,,,,,,,,2.549078700278436,2.2329253812711656,54.85035368390627
UP20_SCORE80_NIKKEION_TP4.0_SL1.0_H3,VALIDATION,2023-04-11,9009.T,HOLD,3.1175604922691336,3,,,,,,,,1.9900095906876618,1.6478328517448322,79.14396561216782
UP20_SCORE80_NIKKEION_TP4.0_SL1.0_H3,VALIDATION,2023-04-12,3086.T,WIN,9.698051508540628,2,,,,,,,,2.4495128771351586,2.600409263552136,65.77527308898344
UP20_SCORE80_NIKKEION_TP4.0_SL1.0_H3,VALIDATION,2023-04-13,7453.T,HOLD,2.690558295829437,3,,,,,,,,2.575211037043294,1.6011953311443716,59.13648388012189
UP20_SCORE80_NIKKEION_TP4.0_SL1.0_H3,VALIDATION,2023-04-14,3697.T,TIMEOUT_LOSS,-2.594536581674811,3,,,,,,,,4.121031231711458,1.8575489819439108,70.5419742753867
UP20_SCORE80_NIKKEION_TP4.0_SL1.0_H3,VALIDATION,2023-04-17,6752.T,WIN,7.846473086998363,1,,,,,,,,1.9866182717495888,1.8304620405232623,71.88274667672724
UP20_SCORE80_NIKKEION_TP4.0_SL1.0_H3,VALIDATION,2023-04-19,8253.T,WIN,7.896259363688752,1,,,,,,,,1.9990648409221896,1.624354060885152,71.01284289908423
UP20_SCORE80_NIKKEION_TP4.0_SL1.0_H3,VALIDATION,2023-04-20,3099.T,HOLD,5.114970486944837,3,,,,,,,,2.3059025677288973,1.6848464507467695,64.50758913098556
UP20_SCORE80_NIKKEION_TP4.0_SL1.0_H3,VALIDATION,2023-04-21,6146.T,LOSS,-3.029003068099523,3,,,,,,,,2.9290030680995187,4.820541702933798,75.78560698122133
UP20_SCORE80_NIKKEION_TP4.0_SL1.0_H3,VALIDATION,2023-04-24,9202.T,WIN,5.5830656961098795,1,,,,,,,,1.4207664240274718,3.269837442481966,70.44491341213703
UP20_SCORE80_NIKKEION_TP4.0_SL1.0_H3,VALIDATION,2023-04-25,6503.T,HOLD,5.101515093803067,3,,,,,,,,1.733838364601022,2.155498593594048,79.72493429343518
UP20_SCORE80_NIKKEION_TP4.0_SL1.0_H3,VALIDATION,2023-04-26,1803.T,WIN,7.774117542742077,1,,,,,,,,1.9685293856855173,6.0865440632331405,73.83107527961079
UP20_SCORE80_NIKKEION_TP4.0_SL1.0_H3,VALIDATION,2023-04-27,6305.T,WIN,8.426494396009721,1,,,,,,,,2.13162359900243,3.861125217892584,66.4599445715346
UP20_SCORE80_NIKKEION_TP4.0_SL1.0_H3,VALIDATION,2023-04-28,8801.T,WIN,6.268191409625701,1,,,,,,,,1.5920478524064234,2.3953025670888533,79.12301899170511
UP20_SCORE80_NIKKEION_TP4.0_SL1.0_H3,VALIDATION,2023-05-01,7011.T,HOLD,2.5301458927096454,3,,,,,,,,1.6474797805150931,1.631766868235908,66.13065535678693
UP20_SCORE80_NIKKEION_TP4.0_SL1.0_H3,VALIDATION,2023-05-09,5401.T,WIN,8.793180528999523,1,,,,,,,,2.2232951322498806,2.4216348728935766,63.075672705376185
UP20_SCORE80_NIKKEION_TP4.0_SL1.0_H3,VALIDATION,2023-05-10,9107.T,WIN,14.692430956552515,1,,,,,,,,3.698107739138131,1.6721083015720768,62.615682903241385
UP20_SCORE80_NIKKEION_TP4.0_SL1.0_H3,VALIDATION,2023-05-11,7011.T,HOLD,5.395320426312534,3,,,,,,,,2.1934996524668904,2.628737662337662,62.58737291544723
UP20_SCORE80_NIKKEION_TP4.0_SL1.0_H3,VALIDATION,2023-05-12,5406.T,WIN,14.7774279492782,1,,,,,,,,3.719356987319548,5.052158085537815,68.63672427624891
UP20_SCORE80_NIKKEION_TP4.0_SL1.0_H3,VALIDATION,2023-05-15,5406.T,WIN,15.190200268377263,1,,,,,,,,3.8225500670943178,1.7922546424440156,68.83347968195596
UP20_SCORE80_NIKKEION_TP4.0_SL1.0_H3,VALIDATION,2023-05-16,4188.T,WIN,5.3280433432912115,1,,,,,,,,1.3570108358228028,1.900617460813976,63.985237751869725
UP20_SCORE80_NIKKEION_TP4.0_SL1.0_H3,VALIDATION,2023-07-03,5301.T,WIN,9.390329195579438,1,,,,,,,,2.3725822988948613,1.6841448882477126,76.76292337832162
UP20_SCORE80_NIKKEION_TP4.0_SL1.0_H3,VALIDATION,2023-07-05,9107.T,WIN,14.099894365295073,1,,,,,,,,3.5499735913237704,2.150751782310317,69.97459032079043
UP20_SCORE80_NIKKEION_TP4.0_SL1.0_H3,VALIDATION,2023-07-28,9501.T,HOLD,3.2351680043808506,3,,,,,,,,2.767087336120648,1.7704078849426244,62.30307264168
UP20_SCORE80_NIKKEION_TP4.0_SL1.0_H3,VALIDATION,2023-07-31,8308.T,TIMEOUT_LOSS,-1.2452531699781444,3,,,,,,,,2.5763241790336844,1.9173748312925836,71.9207173897711
UP20_SCORE80_NIKKEION_TP4.0_SL1.0_H3,VALIDATION,2023-08-01,6976.T,HOLD,1.8693882072037593,3,,,,,,,,2.606764674052127,2.1396985671851048,57.50048021808944
UP20_SCORE80_NIKKEION_TP4.0_SL1.0_H3,VALIDATION,2023-08-29,9501.T,TIMEOUT_LOSS,-2.143950752030588,3,,,,,,,,3.1402072969105355,2.2716801360357546,73.52136944851513
UP20_SCORE80_NIKKEION_TP4.0_SL1.0_H3,VALIDATION,2023-09-08,7532.T,LOSS,-2.688737144511777,1,,,,,,,,2.657533706705184,1.5087604957949283,59.8378595415099
UP20_SCORE80_NIKKEION_TP4.0_SL1.0_H3,VALIDATION,2023-09-11,8308.T,LOSS,-2.4343342339654184,1,,,,,,,,2.390127805566289,1.665899299127487,79.10878705380313
UP20_SCORE80_NIKKEION_TP4.0_SL1.0_H3,VALIDATION,2023-09-12,8316.T,LOSS,-1.862218576823227,1,,,,,,,,1.7938297784150459,1.6274642753207946,80.10973378734327
UP20_SCORE80_NIKKEION_TP4.0_SL1.0_H3,VALIDATION,2023-09-13,8306.T,LOSS,-2.083503266111053,1,,,,,,,,2.0236422767650737,1.6494697326543106,80.85596893501176
UP20_SCORE80_NIKKEION_TP4.0_SL1.0_H3,VALIDATION,2023-11-13,3436.T,LOSS,-2.652575903573995,1,,,,,,,,2.619439074190577,1.7307167359522406,65.83654022960677
UP20_SCORE80_NIKKEION_TP4.0_SL1.0_H3,VALIDATION,2023-12-29,7974.T,WIN,6.475700861620315,3,,,,,,,,1.643925215405077,1.9467622373338236,74.74645526007333
UP20_SCORE80_NIKKEION_TP4.0_SL1.0_H3,VALIDATION,2024-01-05,8601.T,WIN,8.740718075418153,1,,,,,,,,2.210179518854538,1.680065341212715,65.83317514015158
UP20_SCORE80_NIKKEION_TP4.0_SL1.0_H3,VALIDATION,2024-01-18,7735.T,WIN,12.481905500689782,2,,,,,,,,3.1454763751724477,1.92320418278728,75.52852009430023
UP20_SCORE80_NIKKEION_TP4.0_SL1.0_H3,VALIDATION,2024-03-05,6146.T,LOSS,-3.3846029285573787,2,,,,,,,,3.284602928557382,2.1800391194636752,80.50298701119084
UP20_SCORE80_NIKKEION_TP4.0_SL1.0_H3,VALIDATION,2024-03-06,1802.T,WIN,11.318061468907826,2,,,,,,,,2.8545153672269548,2.554199432260858,85.31838469532941
UP20_SCORE80_NIKKEION_TP4.0_SL1.0_H3,VALIDATION,2024-03-07,7012.T,LOSS,-3.310564756415324,3,,,,,,,,3.210564756415324,3.000958757164228,86.42904059170691
UP20_SCORE80_NIKKEION_TP4.0_SL1.0_H3,VALIDATION,2024-03-21,8804.T,HOLD,8.89775024998759,3,,,,,,,,2.923745961515685,1.69173223588183,67.93402062292945
UP20_SCORE80_NIKKEION_TP4.0_SL1.0_H3,VALIDATION,2024-03-22,3099.T,HOLD,6.877494385247552,3,,,,,,,,2.453948221491993,1.5707909104979727,81.63333499499859
UP20_SCORE80_NIKKEION_TP4.0_SL1.0_H3,VALIDATION,2024-03-25,5631.T,WIN,10.674305677224948,2,,,,,,,,2.693576419306239,1.9978760576890136,78.08170396611129
UP20_SCORE80_NIKKEION_TP4.0_SL1.0_H3,VALIDATION,2024-03-26,6504.T,HOLD,4.84654585282166,3,,,,,,,,2.8262976686388814,1.7303010510064722,74.90764016864891
UP20_SCORE80_NIKKEION_TP4.0_SL1.0_H3,VALIDATION,2024-03-27,8308.T,HOLD,0.41721946829534906,3,,,,,,,,3.0733363442166413,1.5960925826296606,69.621051993328
UP20_SCORE80_NIKKEION_TP4.0_SL1.0_H3,VALIDATION,2024-03-28,9501.T,TIMEOUT_LOSS,-1.4722540245678761,3,,,,,,,,4.639511584038658,1.535695399259651,61.44666417260486
UP20_SCORE80_NIKKEION_TP4.0_SL1.0_H3,VALIDATION,2024-05-14,5801.T,LOSS,-3.319591658016585,1,,,,,,,,3.3266977409723695,4.547126157516055,78.26401062449611
UP20_SCORE80_NIKKEION_TP4.0_SL1.0_H3,VALIDATION,2024-05-15,5101.T,LOSS,-3.1871639263634233,1,,,,,,,,3.185505709499344,2.1531057837982357,57.67965645377095
UP20_SCORE80_NIKKEION_TP4.0_SL1.0_H3,VALIDATION,2024-05-30,8331.T,LOSS,-2.29732777245395,1,,,,,,,,2.2466950262275853,1.6671299042083123,76.98906772721455
UP20_SCORE80_NIKKEION_TP4.0_SL1.0_H3,VALIDATION,2024-07-05,7011.T,LOSS,-3.4228975202833634,3,,,,,,,,3.3228975202833633,2.5582053497235537,86.65930019007098
UP20_SCORE80_NIKKEION_TP4.0_SL1.0_H3,VALIDATION,2024-07-08,7011.T,LOSS,-3.526509390948629,2,,,,,,,,3.4265093909486253,1.7619016094335518,86.88149005846999
UP20_SCORE80_NIKKEION_TP4.0_SL1.0_H3,VALIDATION,2024-07-09,5803.T,TIMEOUT_LOSS,-0.5020352086310463,3,,,,,,,,3.809966458306757,3.0971420165153285,65.1673118563374
UP20_SCORE80_NIKKEION_TP4.0_SL1.0_H3,VALIDATION,2024-07-10,5803.T,TIMEOUT_LOSS,-2.3216796953875796,3,,,,,,,,3.7783164995058183,1.977109990603468,67.32339376466534
UP20_SCORE80_NIKKEION_TP4.0_SL1.0_H3,VALIDATION,2024-07-12,4519.T,HOLD,0.13311846210201103,3,,,,,,,,2.4175399406305127,1.5207411706833838,76.8046823943933
UP20_SCORE80_NIKKEION_TP4.0_SL1.0_H3,VALIDATION,2024-07-16,6976.T,HOLD,5.223364293422395,3,,,,,,,,3.5256413216273375,1.7389526651481166,77.39298849461471
UP20_SCORE80_NIKKEION_TP4.0_SL1.0_H3,VALIDATION,2024-09-05,6532.T,LOSS,-3.3034171179618155,1,,,,,,,,3.3094320301220614,1.812501141948804,65.73803228477507
UP20_SCORE80_NIKKEION_TP4.0_SL1.0_H3,VALIDATION,2024-11-07,7013.T,HOLD,1.2587562963110144,3,,,,,,,,4.814901131833723,2.2527265778296126,70.02433857866997
UP20_SCORE80_NIKKEION_TP4.0_SL1.0_H3,VALIDATION,2024-11-08,7012.T,LOSS,-4.534220461682903,2,,,,,,,,4.434220461682906,3.200205529096764,69.90419704592867
UP20_SCORE80_NIKKEION_TP4.0_SL1.0_H3,VALIDATION,2024-11-11,5803.T,TIMEOUT_LOSS,-2.420324839515642,3,,,,,,,,5.599984000136319,1.7857249601142264,64.76170419168966
UP20_SCORE80_NIKKEION_TP4.0_SL1.0_H3,VALIDATION,2024-11-12,2432.T,HOLD,2.235966275647472,3,,,,,,,,4.938654054307187,3.1938915176370792,70.59711889927497
UP20_SCORE80_NIKKEION_TP3.5_SL1.0_H3,VALIDATION,2022-08-24,7733.T,HOLD,0.1464212754205386,3,,,,,,,,2.487512480075919,1.8547560940531955,65.51391763203654
UP20_SCORE80_NIKKEION_TP3.5_SL1.0_H3,VALIDATION,2022-08-25,7004.T,WIN,8.659482124574557,1,,,,,,,,2.502709178449873,1.68890419213222,64.82502886936872
UP20_SCORE80_NIKKEION_TP3.5_SL1.0_H3,VALIDATION,2022-11-04,8001.T,LOSS,-1.999948940416918,1,,,,,,,,1.936746127953537,1.839102301394961,63.42202249431198
UP20_SCORE80_NIKKEION_TP3.5_SL1.0_H3,VALIDATION,2022-11-10,2501.T,LOSS,-2.3165962088235514,1,,,,,,,,2.266842964024092,2.343872605585045,78.05644952602152
UP20_SCORE80_NIKKEION_TP3.5_SL1.0_H3,VALIDATION,2022-11-30,9434.T,WIN,3.246309066619235,1,,,,,,,,0.9560883047483518,2.4663342776889188,58.10727871196465
UP20_SCORE80_NIKKEION_TP3.5_SL1.0_H3,VALIDATION,2022-12-01,4523.T,WIN,12.993618305157339,2,,,,,,,,3.7410338014735256,3.726731040440298,67.15517263840277
UP20_SCORE80_NIKKEION_TP3.5_SL1.0_H3,VALIDATION,2023-02-01,2768.T,LOSS,-1.5213885238845815,1,,,,,,,,1.4418832874603549,1.59628603672925,61.67016112861338
UP20_SCORE80_NIKKEION_TP3.5_SL1.0_H3,VALIDATION,2023-02-17,5233.T,LOSS,-2.2402694992226357,1,,,,,,,,2.1870788814461806,2.0514057799458647,79.34823879636357
UP20_SCORE80_NIKKEION_TP3.5_SL1.0_H3,VALIDATION,2023-02-21,5101.T,WIN,9.063655681934424,1,,,,,,,,2.6181873376955505,3.43627562267025,86.43660675284961
UP20_SCORE80_NIKKEION_TP3.5_SL1.0_H3,VALIDATION,2023-03-03,5406.T,WIN,9.60137047351467,1,,,,,,,,2.771820135289908,1.857140360382404,87.09433998237975
UP20_SCORE80_NIKKEION_TP3.5_SL1.0_H3,VALIDATION,2023-03-06,5406.T,WIN,9.590422756537288,1,,,,,,,,2.768692216153508,1.502203260570827,87.66789665700449
UP20_SCORE80_NIKKEION_TP3.5_SL1.0_H3,VALIDATION,2023-03-07,5406.T,WIN,9.838759854621005,1,,,,,,,,2.8396456727488584,2.0701893640139404,90.18696901800902
UP20_SCORE80_NIKKEION_TP3.5_SL1.0_H3,VALIDATION,2023-03-08,6472.T,WIN,8.774131461873436,1,,,,,,,,2.535466131963841,1.5964971261163212,80.32679424160867
UP20_SCORE80_NIKKEION_TP3.5_SL1.0_H3,VALIDATION,2023-03-09,6472.T,WIN,8.846430099275738,1,,,,,,,,2.5561228855073503,2.0280835938094106,81.64248124982342
UP20_SCORE80_NIKKEION_TP3.5_SL1.0_H3,VALIDATION,2023-03-30,9107.T,WIN,11.874626403568856,1,,,,,,,,3.4213218295911028,2.956640384017868,67.71212740707429
UP20_SCORE80_NIKKEION_TP3.5_SL1.0_H3,VALIDATION,2023-03-31,7735.T,HOLD,1.9952370032169875,3,,,,,,,,2.5391231063714175,1.7645630331178097,71.61649211053447
UP20_SCORE80_NIKKEION_TP3.5_SL1.0_H3,VALIDATION,2023-04-03,6361.T,TIMEOUT_LOSS,-1.4527729564149383,3,,,,,,,,2.384753810496683,1.789481559063365,70.6068253998211
UP20_SCORE80_NIKKEION_TP3.5_SL1.0_H3,VALIDATION,2023-04-04,6501.T,LOSS,-2.1304261745622166,2,,,,,,,,2.0304261745622165,1.5221769100292324,70.37175256557059
UP20_SCORE80_NIKKEION_TP3.5_SL1.0_H3,VALIDATION,2023-04-05,7453.T,HOLD,1.1430890333390953,3,,,,,,,,2.549078700278436,2.2329253812711656,54.85035368390627
UP20_SCORE80_NIKKEION_TP3.5_SL1.0_H3,VALIDATION,2023-04-11,9009.T,HOLD,3.1175604922691336,3,,,,,,,,1.9900095906876618,1.6478328517448322,79.14396561216782
UP20_SCORE80_NIKKEION_TP3.5_SL1.0_H3,VALIDATION,2023-04-12,3086.T,WIN,8.473295069973064,1,,,,,,,,2.4495128771351586,2.600409263552136,65.77527308898344
UP20_SCORE80_NIKKEION_TP3.5_SL1.0_H3,VALIDATION,2023-04-13,7453.T,HOLD,2.690558295829437,3,,,,,,,,2.575211037043294,1.6011953311443716,59.13648388012189
UP20_SCORE80_NIKKEION_TP3.5_SL1.0_H3,VALIDATION,2023-04-14,3697.T,TIMEOUT_LOSS,-2.594536581674811,3,,,,,,,,4.121031231711458,1.8575489819439108,70.5419742753867
UP20_SCORE80_NIKKEION_TP3.5_SL1.0_H3,VALIDATION,2023-04-17,6752.T,WIN,6.853163951123554,1,,,,,,,,1.9866182717495888,1.8304620405232623,71.88274667672724
UP20_SCORE80_NIKKEION_TP3.5_SL1.0_H3,VALIDATION,2023-04-19,8253.T,WIN,6.8967269432276606,1,,,,,,,,1.9990648409221896,1.624354060885152,71.01284289908423
UP20_SCORE80_NIKKEION_TP3.5_SL1.0_H3,VALIDATION,2023-04-20,3099.T,WIN,7.97065898705115,3,,,,,,,,2.3059025677288973,1.6848464507467695,64.50758913098556
UP20_SCORE80_NIKKEION_TP3.5_SL1.0_H3,VALIDATION,2023-04-21,6146.T,LOSS,-3.029003068099523,3,,,,,,,,2.9290030680995187,4.820541702933798,75.78560698122133
UP20_SCORE80_NIKKEION_TP3.5_SL1.0_H3,VALIDATION,2023-04-24,9202.T,WIN,4.872682484096147,1,,,,,,,,1.4207664240274718,3.269837442481966,70.44491341213703
UP20_SCORE80_NIKKEION_TP3.5_SL1.0_H3,VALIDATION,2023-04-25,6503.T,WIN,5.968434276103574,3,,,,,,,,1.733838364601022,2.155498593594048,79.72493429343518
UP20_SCORE80_NIKKEION_TP3.5_SL1.0_H3,VALIDATION,2023-04-26,1803.T,WIN,6.789852849899314,1,,,,,,,,1.9685293856855173,6.0865440632331405,73.83107527961079
UP20_SCORE80_NIKKEION_TP3.5_SL1.0_H3,VALIDATION,2023-04-27,6305.T,WIN,7.360682596508495,1,,,,,,,,2.13162359900243,3.861125217892584,66.4599445715346
UP20_SCORE80_NIKKEION_TP3.5_SL1.0_H3,VALIDATION,2023-04-28,8801.T,WIN,5.472167483422486,1,,,,,,,,1.5920478524064234,2.3953025670888533,79.12301899170511
UP20_SCORE80_NIKKEION_TP3.5_SL1.0_H3,VALIDATION,2023-05-01,7011.T,HOLD,2.5301458927096454,3,,,,,,,,1.6474797805150931,1.631766868235908,66.13065535678693
UP20_SCORE80_NIKKEION_TP3.5_SL1.0_H3,VALIDATION,2023-05-09,5401.T,WIN,7.6815329628745825,1,,,,,,,,2.2232951322498806,2.4216348728935766,63.075672705376185
UP20_SCORE80_NIKKEION_TP3.5_SL1.0_H3,VALIDATION,2023-05-10,9107.T,WIN,12.843377086983454,1,,,,,,,,3.698107739138131,1.6721083015720768,62.615682903241385
UP20_SCORE80_NIKKEION_TP3.5_SL1.0_H3,VALIDATION,2023-05-11,7011.T,HOLD,5.395320426312534,3,,,,,,,,2.1934996524668904,2.628737662337662,62.58737291544723
UP20_SCORE80_NIKKEION_TP3.5_SL1.0_H3,VALIDATION,2023-05-12,5406.T,WIN,12.917749455618422,1,,,,,,,,3.719356987319548,5.052158085537815,68.63672427624891
UP20_SCORE80_NIKKEION_TP3.5_SL1.0_H3,VALIDATION,2023-05-15,5406.T,WIN,13.278925234830108,1,,,,,,,,3.8225500670943178,1.7922546424440156,68.83347968195596
UP20_SCORE80_NIKKEION_TP3.5_SL1.0_H3,VALIDATION,2023-05-16,4188.T,WIN,4.649537925379821,1,,,,,,,,1.3570108358228028,1.900617460813976,63.985237751869725
UP20_SCORE80_NIKKEION_TP3.5_SL1.0_H3,VALIDATION,2023-07-03,5301.T,WIN,8.204038046132023,1,,,,,,,,2.3725822988948613,1.6841448882477126,76.76292337832162
UP20_SCORE80_NIKKEION_TP3.5_SL1.0_H3,VALIDATION,2023-07-05,9107.T,WIN,12.324907569633192,1,,,,,,,,3.5499735913237704,2.150751782310317,69.97459032079043
UP20_SCORE80_NIKKEION_TP3.5_SL1.0_H3,VALIDATION,2023-07-28,8308.T,WIN,8.567502351361867,1,,,,,,,,2.4764292432462476,2.992813465952988,69.19508666855869
UP20_SCORE80_NIKKEION_TP3.5_SL1.0_H3,VALIDATION,2023-07-31,8308.T,TIMEOUT_LOSS,-1.2452531699781444,3,,,,,,,,2.5763241790336844,1.9173748312925836,71.9207173897711
UP20_SCORE80_NIKKEION_TP3.5_SL1.0_H3,VALIDATION,2023-08-01,6976.T,HOLD,1.8693882072037593,3,,,,,,,,2.606764674052127,2.1396985671851048,57.50048021808944
UP20_SCORE80_NIKKEION_TP3.5_SL1.0_H3,VALIDATION,2023-08-29,9501.T,TIMEOUT_LOSS,-2.143950752030588,3,,,,,,,,3.1402072969105355,2.2716801360357546,73.52136944851513
UP20_SCORE80_NIKKEION_TP3.5_SL1.0_H3,VALIDATION,2023-09-08,7532.T,LOSS,-2.688737144511777,1,,,,,,,,2.657533706705184,1.5087604957949283,59.8378595415099
UP20_SCORE80_NIKKEION_TP3.5_SL1.0_H3,VALIDATION,2023-09-11,8308.T,LOSS,-2.4343342339654184,1,,,,,,,,2.390127805566289,1.665899299127487,79.10878705380313
UP20_SCORE80_NIKKEION_TP3.5_SL1.0_H3,VALIDATION,2023-09-12,8316.T,LOSS,-1.862218576823227,1,,,,,,,,1.7938297784150459,1.6274642753207946,80.10973378734327
UP20_SCORE80_NIKKEION_TP3.5_SL1.0_H3,VALIDATION,2023-09-13,8306.T,LOSS,-2.083503266111053,1,,,,,,,,2.0236422767650737,1.6494697326543106,80.85596893501176
UP20_SCORE80_NIKKEION_TP3.5_SL1.0_H3,VALIDATION,2023-11-13,3436.T,LOSS,-2.652575903573995,1,,,,,,,,2.619439074190577,1.7307167359522406,65.83654022960677
UP20_SCORE80_NIKKEION_TP3.5_SL1.0_H3,VALIDATION,2023-12-29,7974.T,WIN,5.653738253917762,3,,,,,,,,1.643925215405077,1.9467622373338236,74.74645526007333
UP20_SCORE80_NIKKEION_TP3.5_SL1.0_H3,VALIDATION,2024-01-05,8601.T,WIN,7.635628315990884,1,,,,,,,,2.210179518854538,1.680065341212715,65.83317514015158
UP20_SCORE80_NIKKEION_TP3.5_SL1.0_H3,VALIDATION,2024-01-18,7735.T,WIN,10.909167313103575,1,,,,,,,,3.1454763751724477,1.92320418278728,75.52852009430023
UP20_SCORE80_NIKKEION_TP3.5_SL1.0_H3,VALIDATION,2024-03-05,6146.T,LOSS,-3.3846029285573787,2,,,,,,,,3.284602928557382,2.1800391194636752,80.50298701119084
UP20_SCORE80_NIKKEION_TP3.5_SL1.0_H3,VALIDATION,2024-03-06,1802.T,WIN,9.890803785294333,1,,,,,,,,2.8545153672269548,2.554199432260858,85.31838469532941
UP20_SCORE80_NIKKEION_TP3.5_SL1.0_H3,VALIDATION,2024-03-07,7012.T,LOSS,-3.310564756415324,3,,,,,,,,3.210564756415324,3.000958757164228,86.42904059170691
UP20_SCORE80_NIKKEION_TP3.5_SL1.0_H3,VALIDATION,2024-03-21,8804.T,WIN,10.133110865304895,1,,,,,,,,2.923745961515685,1.69173223588183,67.93402062292945
UP20_SCORE80_NIKKEION_TP3.5_SL1.0_H3,VALIDATION,2024-03-22,3099.T,HOLD,6.877494385247552,3,,,,,,,,2.453948221491993,1.5707909104979727,81.63333499499859
UP20_SCORE80_NIKKEION_TP3.5_SL1.0_H3,VALIDATION,2024-03-25,5631.T,WIN,9.327517467571845,2,,,,,,,,2.693576419306239,1.9978760576890136,78.08170396611129
UP20_SCORE80_NIKKEION_TP3.5_SL1.0_H3,VALIDATION,2024-03-26,6504.T,HOLD,4.84654585282166,3,,,,,,,,2.8262976686388814,1.7303010510064722,74.90764016864891
UP20_SCORE80_NIKKEION_TP3.5_SL1.0_H3,VALIDATION,2024-03-27,8308.T,HOLD,0.41721946829534906,3,,,,,,,,3.0733363442166413,1.5960925826296606,69.621051993328
UP20_SCORE80_NIKKEION_TP3.5_SL1.0_H3,VALIDATION,2024-03-28,9501.T,TIMEOUT_LOSS,-1.4722540245678761,3,,,,,,,,4.639511584038658,1.535695399259651,61.44666417260486
UP20_SCORE80_NIKKEION_TP3.5_SL1.0_H3,VALIDATION,2024-05-14,5801.T,LOSS,-3.319591658016585,1,,,,,,,,3.3266977409723695,4.547126157516055,78.26401062449611
UP20_SCORE80_NIKKEION_TP3.5_SL1.0_H3,VALIDATION,2024-05-15,5101.T,LOSS,-3.1871639263634233,1,,,,,,,,3.185505709499344,2.1531057837982357,57.67965645377095
UP20_SCORE80_NIKKEION_TP3.5_SL1.0_H3,VALIDATION,2024-05-30,8331.T,LOSS,-2.29732777245395,1,,,,,,,,2.2466950262275853,1.6671299042083123,76.98906772721455
UP20_SCORE80_NIKKEION_TP3.5_SL1.0_H3,VALIDATION,2024-07-05,7011.T,LOSS,-3.4228975202833634,3,,,,,,,,3.3228975202833633,2.5582053497235537,86.65930019007098
UP20_SCORE80_NIKKEION_TP3.5_SL1.0_H3,VALIDATION,2024-07-08,7011.T,LOSS,-3.526509390948629,2,,,,,,,,3.4265093909486253,1.7619016094335518,86.88149005846999
UP20_SCORE80_NIKKEION_TP3.5_SL1.0_H3,VALIDATION,2024-07-09,5803.T,TIMEOUT_LOSS,-0.5020352086310463,3,,,,,,,,3.809966458306757,3.0971420165153285,65.1673118563374
UP20_SCORE80_NIKKEION_TP3.5_SL1.0_H3,VALIDATION,2024-07-10,5803.T,TIMEOUT_LOSS,-2.3216796953875796,3,,,,,,,,3.7783164995058183,1.977109990603468,67.32339376466534
UP20_SCORE80_NIKKEION_TP3.5_SL1.0_H3,VALIDATION,2024-07-12,4519.T,HOLD,0.13311846210201103,3,,,,,,,,2.4175399406305127,1.5207411706833838,76.8046823943933
UP20_SCORE80_NIKKEION_TP3.5_SL1.0_H3,VALIDATION,2024-07-16,6976.T,HOLD,5.223364293422395,3,,,,,,,,3.5256413216273375,1.7389526651481166,77.39298849461471
UP20_SCORE80_NIKKEION_TP3.5_SL1.0_H3,VALIDATION,2024-09-05,6532.T,LOSS,-3.3034171179618155,1,,,,,,,,3.3094320301220614,1.812501141948804,65.73803228477507
UP20_SCORE80_NIKKEION_TP3.5_SL1.0_H3,VALIDATION,2024-11-07,7013.T,HOLD,1.2587562963110144,3,,,,,,,,4.814901131833723,2.2527265778296126,70.02433857866997
UP20_SCORE80_NIKKEION_TP3.5_SL1.0_H3,VALIDATION,2024-11-08,7012.T,LOSS,-4.534220461682903,2,,,,,,,,4.434220461682906,3.200205529096764,69.90419704592867
UP20_SCORE80_NIKKEION_TP3.5_SL1.0_H3,VALIDATION,2024-11-11,5803.T,TIMEOUT_LOSS,-2.420324839515642,3,,,,,,,,5.599984000136319,1.7857249601142264,64.76170419168966
UP20_SCORE80_NIKKEION_TP3.5_SL1.0_H3,VALIDATION,2024-11-12,5801.T,HOLD,9.229748967881969,3,,,,,,,,4.212795453398469,5.95992017197373,85.57524419496607
UP30_SCORE80_NIKKEION_TP4.0_SL1.0_H3,VALIDATION,2022-08-24,7733.T,HOLD,0.1464212754205386,3,,,,,,,,2.487512480075919,1.8547560940531955,65.51391763203654
UP30_SCORE80_NIKKEION_TP4.0_SL1.0_H3,VALIDATION,2022-08-25,7004.T,WIN,9.9108367137995,1,,,,,,,,2.502709178449873,1.68890419213222,64.82502886936872
UP30_SCORE80_NIKKEION_TP4.0_SL1.0_H3,VALIDATION,2022-11-04,8001.T,LOSS,-1.999948940416918,1,,,,,,,,1.936746127953537,1.839102301394961,63.42202249431198
UP30_SCORE80_NIKKEION_TP4.0_SL1.0_H3,VALIDATION,2022-11-10,2501.T,LOSS,-2.3165962088235514,1,,,,,,,,2.266842964024092,2.343872605585045,78.05644952602152
UP30_SCORE80_NIKKEION_TP4.0_SL1.0_H3,VALIDATION,2022-11-30,9434.T,WIN,3.7243532189934148,1,,,,,,,,0.9560883047483518,2.4663342776889188,58.10727871196465
UP30_SCORE80_NIKKEION_TP4.0_SL1.0_H3,VALIDATION,2022-12-01,4523.T,HOLD,9.599960940878594,3,,,,,,,,3.7410338014735256,3.726731040440298,67.15517263840277
UP30_SCORE80_NIKKEION_TP4.0_SL1.0_H3,VALIDATION,2023-02-01,2768.T,LOSS,-1.5213885238845815,1,,,,,,,,1.4418832874603549,1.59628603672925,61.67016112861338
UP30_SCORE80_NIKKEION_TP4.0_SL1.0_H3,VALIDATION,2023-02-17,5233.T,LOSS,-2.2402694992226357,1,,,,,,,,2.1870788814461806,2.0514057799458647,79.34823879636357
UP30_SCORE80_NIKKEION_TP4.0_SL1.0_H3,VALIDATION,2023-02-21,5101.T,WIN,10.372749350782195,1,,,,,,,,2.6181873376955505,3.43627562267025,86.43660675284961
UP30_SCORE80_NIKKEION_TP4.0_SL1.0_H3,VALIDATION,2023-03-03,5406.T,WIN,10.98728054115964,1,,,,,,,,2.771820135289908,1.857140360382404,87.09433998237975
UP30_SCORE80_NIKKEION_TP4.0_SL1.0_H3,VALIDATION,2023-03-06,5406.T,WIN,10.974768864614026,1,,,,,,,,2.768692216153508,1.502203260570827,87.66789665700449
UP30_SCORE80_NIKKEION_TP4.0_SL1.0_H3,VALIDATION,2023-03-07,5406.T,WIN,11.258582690995434,1,,,,,,,,2.8396456727488584,2.0701893640139404,90.18696901800902
UP30_SCORE80_NIKKEION_TP4.0_SL1.0_H3,VALIDATION,2023-03-08,6472.T,WIN,10.041864527855372,1,,,,,,,,2.535466131963841,1.5964971261163212,80.32679424160867
UP30_SCORE80_NIKKEION_TP4.0_SL1.0_H3,VALIDATION,2023-03-09,6472.T,WIN,10.124491542029402,1,,,,,,,,2.5561228855073503,2.0280835938094106,81.64248124982342
UP30_SCORE80_NIKKEION_TP4.0_SL1.0_H3,VALIDATION,2023-03-30,9107.T,WIN,13.585287318364403,1,,,,,,,,3.4213218295911028,2.956640384017868,67.71212740707429
UP30_SCORE80_NIKKEION_TP4.0_SL1.0_H3,VALIDATION,2023-03-31,7735.T,HOLD,1.9952370032169875,3,,,,,,,,2.5391231063714175,1.7645630331178097,71.61649211053447
UP30_SCORE80_NIKKEION_TP4.0_SL1.0_H3,VALIDATION,2023-04-03,6361.T,TIMEOUT_LOSS,-1.4527729564149383,3,,,,,,,,2.384753810496683,1.789481559063365,70.6068253998211
UP30_SCORE80_NIKKEION_TP4.0_SL1.0_H3,VALIDATION,2023-04-04,6501.T,LOSS,-2.1304261745622166,2,,,,,,,,2.0304261745622165,1.5221769100292324,70.37175256557059
UP30_SCORE80_NIKKEION_TP4.0_SL1.0_H3,VALIDATION,2023-04-05,7453.T,HOLD,1.1430890333390953,3,,,,,,,,2.549078700278436,2.2329253812711656,54.85035368390627
UP30_SCORE80_NIKKEION_TP4.0_SL1.0_H3,VALIDATION,2023-04-11,9009.T,HOLD,3.1175604922691336,3,,,,,,,,1.9900095906876618,1.6478328517448322,79.14396561216782
UP30_SCORE80_NIKKEION_TP4.0_SL1.0_H3,VALIDATION,2023-04-12,3086.T,WIN,9.698051508540628,2,,,,,,,,2.4495128771351586,2.600409263552136,65.77527308898344
UP30_SCORE80_NIKKEION_TP4.0_SL1.0_H3,VALIDATION,2023-04-13,7453.T,HOLD,2.690558295829437,3,,,,,,,,2.575211037043294,1.6011953311443716,59.13648388012189
UP30_SCORE80_NIKKEION_TP4.0_SL1.0_H3,VALIDATION,2023-04-14,3697.T,TIMEOUT_LOSS,-2.594536581674811,3,,,,,,,,4.121031231711458,1.8575489819439108,70.5419742753867
UP30_SCORE80_NIKKEION_TP4.0_SL1.0_H3,VALIDATION,2023-04-17,6752.T,WIN,7.846473086998363,1,,,,,,,,1.9866182717495888,1.8304620405232623,71.88274667672724
UP30_SCORE80_NIKKEION_TP4.0_SL1.0_H3,VALIDATION,2023-04-19,8253.T,WIN,7.896259363688752,1,,,,,,,,1.9990648409221896,1.624354060885152,71.01284289908423
UP30_SCORE80_NIKKEION_TP4.0_SL1.0_H3,VALIDATION,2023-04-20,3099.T,HOLD,5.114970486944837,3,,,,,,,,2.3059025677288973,1.6848464507467695,64.50758913098556
UP30_SCORE80_NIKKEION_TP4.0_SL1.0_H3,VALIDATION,2023-04-21,6146.T,LOSS,-3.029003068099523,3,,,,,,,,2.9290030680995187,4.820541702933798,75.78560698122133
UP30_SCORE80_NIKKEION_TP4.0_SL1.0_H3,VALIDATION,2023-04-24,9202.T,WIN,5.5830656961098795,1,,,,,,,,1.4207664240274718,3.269837442481966,70.44491341213703
UP30_SCORE80_NIKKEION_TP4.0_SL1.0_H3,VALIDATION,2023-04-25,6503.T,HOLD,5.101515093803067,3,,,,,,,,1.733838364601022,2.155498593594048,79.72493429343518
UP30_SCORE80_NIKKEION_TP4.0_SL1.0_H3,VALIDATION,2023-04-26,1803.T,WIN,7.774117542742077,1,,,,,,,,1.9685293856855173,6.0865440632331405,73.83107527961079
UP30_SCORE80_NIKKEION_TP4.0_SL1.0_H3,VALIDATION,2023-04-27,6305.T,WIN,8.426494396009721,1,,,,,,,,2.13162359900243,3.861125217892584,66.4599445715346
UP30_SCORE80_NIKKEION_TP4.0_SL1.0_H3,VALIDATION,2023-04-28,8801.T,WIN,6.268191409625701,1,,,,,,,,1.5920478524064234,2.3953025670888533,79.12301899170511
UP30_SCORE80_NIKKEION_TP4.0_SL1.0_H3,VALIDATION,2023-05-01,7011.T,HOLD,2.5301458927096454,3,,,,,,,,1.6474797805150931,1.631766868235908,66.13065535678693
UP30_SCORE80_NIKKEION_TP4.0_SL1.0_H3,VALIDATION,2023-05-09,5401.T,WIN,8.793180528999523,1,,,,,,,,2.2232951322498806,2.4216348728935766,63.075672705376185
UP30_SCORE80_NIKKEION_TP4.0_SL1.0_H3,VALIDATION,2023-05-10,9107.T,WIN,14.692430956552515,1,,,,,,,,3.698107739138131,1.6721083015720768,62.615682903241385
UP30_SCORE80_NIKKEION_TP4.0_SL1.0_H3,VALIDATION,2023-05-11,7011.T,HOLD,5.395320426312534,3,,,,,,,,2.1934996524668904,2.628737662337662,62.58737291544723
UP30_SCORE80_NIKKEION_TP4.0_SL1.0_H3,VALIDATION,2023-05-12,5406.T,WIN,14.7774279492782,1,,,,,,,,3.719356987319548,5.052158085537815,68.63672427624891
UP30_SCORE80_NIKKEION_TP4.0_SL1.0_H3,VALIDATION,2023-05-15,5406.T,WIN,15.190200268377263,1,,,,,,,,3.8225500670943178,1.7922546424440156,68.83347968195596
UP30_SCORE80_NIKKEION_TP4.0_SL1.0_H3,VALIDATION,2023-05-16,4188.T,WIN,5.3280433432912115,1,,,,,,,,1.3570108358228028,1.900617460813976,63.985237751869725
UP30_SCORE80_NIKKEION_TP4.0_SL1.0_H3,VALIDATION,2023-07-03,5301.T,WIN,9.390329195579438,1,,,,,,,,2.3725822988948613,1.6841448882477126,76.76292337832162
UP30_SCORE80_NIKKEION_TP4.0_SL1.0_H3,VALIDATION,2023-07-05,9107.T,WIN,14.099894365295073,1,,,,,,,,3.5499735913237704,2.150751782310317,69.97459032079043
UP30_SCORE80_NIKKEION_TP4.0_SL1.0_H3,VALIDATION,2023-07-28,9501.T,HOLD,3.2351680043808506,3,,,,,,,,2.767087336120648,1.7704078849426244,62.30307264168
UP30_SCORE80_NIKKEION_TP4.0_SL1.0_H3,VALIDATION,2023-07-31,8308.T,TIMEOUT_LOSS,-1.2452531699781444,3,,,,,,,,2.5763241790336844,1.9173748312925836,71.9207173897711
UP30_SCORE80_NIKKEION_TP4.0_SL1.0_H3,VALIDATION,2023-08-01,6976.T,HOLD,1.8693882072037593,3,,,,,,,,2.606764674052127,2.1396985671851048,57.50048021808944
UP30_SCORE80_NIKKEION_TP4.0_SL1.0_H3,VALIDATION,2023-08-29,9501.T,TIMEOUT_LOSS,-2.143950752030588,3,,,,,,,,3.1402072969105355,2.2716801360357546,73.52136944851513
UP30_SCORE80_NIKKEION_TP4.0_SL1.0_H3,VALIDATION,2023-09-08,7532.T,LOSS,-2.688737144511777,1,,,,,,,,2.657533706705184,1.5087604957949283,59.8378595415099
UP30_SCORE80_NIKKEION_TP4.0_SL1.0_H3,VALIDATION,2023-09-11,8308.T,LOSS,-2.4343342339654184,1,,,,,,,,2.390127805566289,1.665899299127487,79.10878705380313
UP30_SCORE80_NIKKEION_TP4.0_SL1.0_H3,VALIDATION,2023-09-12,8316.T,LOSS,-1.862218576823227,1,,,,,,,,1.7938297784150459,1.6274642753207946,80.10973378734327
UP30_SCORE80_NIKKEION_TP4.0_SL1.0_H3,VALIDATION,2023-09-13,8306.T,LOSS,-2.083503266111053,1,,,,,,,,2.0236422767650737,1.6494697326543106,80.85596893501176
UP30_SCORE80_NIKKEION_TP4.0_SL1.0_H3,VALIDATION,2023-11-13,3436.T,LOSS,-2.652575903573995,1,,,,,,,,2.619439074190577,1.7307167359522406,65.83654022960677
UP30_SCORE80_NIKKEION_TP4.0_SL1.0_H3,VALIDATION,2023-12-29,7974.T,WIN,6.475700861620315,3,,,,,,,,1.643925215405077,1.9467622373338236,74.74645526007333
UP30_SCORE80_NIKKEION_TP4.0_SL1.0_H3,VALIDATION,2024-01-05,8601.T,WIN,8.740718075418153,1,,,,,,,,2.210179518854538,1.680065341212715,65.83317514015158
UP30_SCORE80_NIKKEION_TP4.0_SL1.0_H3,VALIDATION,2024-01-18,7735.T,WIN,12.481905500689782,2,,,,,,,,3.1454763751724477,1.92320418278728,75.52852009430023
UP30_SCORE80_NIKKEION_TP4.0_SL1.0_H3,VALIDATION,2024-03-05,6146.T,LOSS,-3.3846029285573787,2,,,,,,,,3.284602928557382,2.1800391194636752,80.50298701119084
UP30_SCORE80_NIKKEION_TP4.0_SL1.0_H3,VALIDATION,2024-03-06,1802.T,WIN,11.318061468907826,2,,,,,,,,2.8545153672269548,2.554199432260858,85.31838469532941
UP30_SCORE80_NIKKEION_TP4.0_SL1.0_H3,VALIDATION,2024-03-07,7012.T,LOSS,-3.310564756415324,3,,,,,,,,3.210564756415324,3.000958757164228,86.42904059170691
UP30_SCORE80_NIKKEION_TP4.0_SL1.0_H3,VALIDATION,2024-03-21,8804.T,HOLD,8.89775024998759,3,,,,,,,,2.923745961515685,1.69173223588183,67.93402062292945
UP30_SCORE80_NIKKEION_TP4.0_SL1.0_H3,VALIDATION,2024-03-22,3099.T,HOLD,6.877494385247552,3,,,,,,,,2.453948221491993,1.5707909104979727,81.63333499499859
UP30_SCORE80_NIKKEION_TP4.0_SL1.0_H3,VALIDATION,2024-03-25,5631.T,WIN,10.674305677224948,2,,,,,,,,2.693576419306239,1.9978760576890136,78.08170396611129
UP30_SCORE80_NIKKEION_TP4.0_SL1.0_H3,VALIDATION,2024-03-26,6504.T,HOLD,4.84654585282166,3,,,,,,,,2.8262976686388814,1.7303010510064722,74.90764016864891
UP30_SCORE80_NIKKEION_TP4.0_SL1.0_H3,VALIDATION,2024-03-27,8308.T,HOLD,0.41721946829534906,3,,,,,,,,3.0733363442166413,1.5960925826296606,69.621051993328
UP30_SCORE80_NIKKEION_TP4.0_SL1.0_H3,VALIDATION,2024-03-28,9501.T,TIMEOUT_LOSS,-1.4722540245678761,3,,,,,,,,4.639511584038658,1.535695399259651,61.44666417260486
UP30_SCORE80_NIKKEION_TP4.0_SL1.0_H3,VALIDATION,2024-05-14,5801.T,LOSS,-3.319591658016585,1,,,,,,,,3.3266977409723695,4.547126157516055,78.26401062449611
UP30_SCORE80_NIKKEION_TP4.0_SL1.0_H3,VALIDATION,2024-05-15,5101.T,LOSS,-3.1871639263634233,1,,,,,,,,3.185505709499344,2.1531057837982357,57.67965645377095
UP30_SCORE80_NIKKEION_TP4.0_SL1.0_H3,VALIDATION,2024-05-30,8331.T,LOSS,-2.29732777245395,1,,,,,,,,2.2466950262275853,1.6671299042083123,76.98906772721455
UP30_SCORE80_NIKKEION_TP4.0_SL1.0_H3,VALIDATION,2024-07-05,7011.T,LOSS,-3.4228975202833634,3,,,,,,,,3.3228975202833633,2.5582053497235537,86.65930019007098
UP30_SCORE80_NIKKEION_TP4.0_SL1.0_H3,VALIDATION,2024-07-08,7011.T,LOSS,-3.526509390948629,2,,,,,,,,3.4265093909486253,1.7619016094335518,86.88149005846999
UP30_SCORE80_NIKKEION_TP4.0_SL1.0_H3,VALIDATION,2024-07-09,5803.T,TIMEOUT_LOSS,-0.5020352086310463,3,,,,,,,,3.809966458306757,3.0971420165153285,65.1673118563374
UP30_SCORE80_NIKKEION_TP4.0_SL1.0_H3,VALIDATION,2024-07-10,5803.T,TIMEOUT_LOSS,-2.3216796953875796,3,,,,,,,,3.7783164995058183,1.977109990603468,67.32339376466534
UP30_SCORE80_NIKKEION_TP4.0_SL1.0_H3,VALIDATION,2024-07-12,4519.T,HOLD,0.13311846210201103,3,,,,,,,,2.4175399406305127,1.5207411706833838,76.8046823943933
UP30_SCORE80_NIKKEION_TP4.0_SL1.0_H3,VALIDATION,2024-07-16,6976.T,HOLD,5.223364293422395,3,,,,,,,,3.5256413216273375,1.7389526651481166,77.39298849461471
UP30_SCORE80_NIKKEION_TP4.0_SL1.0_H3,VALIDATION,2024-09-05,6532.T,LOSS,-3.3034171179618155,1,,,,,,,,3.3094320301220614,1.812501141948804,65.73803228477507
UP30_SCORE80_NIKKEION_TP4.0_SL1.0_H3,VALIDATION,2024-11-07,7013.T,HOLD,1.2587562963110144,3,,,,,,,,4.814901131833723,2.2527265778296126,70.02433857866997
UP30_SCORE80_NIKKEION_TP4.0_SL1.0_H3,VALIDATION,2024-11-08,7012.T,LOSS,-4.534220461682903,2,,,,,,,,4.434220461682906,3.200205529096764,69.90419704592867
UP30_SCORE80_NIKKEION_TP4.0_SL1.0_H3,VALIDATION,2024-11-11,5803.T,TIMEOUT_LOSS,-2.420324839515642,3,,,,,,,,5.599984000136319,1.7857249601142264,64.76170419168966
UP30_SCORE80_NIKKEION_TP4.0_SL1.0_H3,VALIDATION,2024-11-12,2432.T,HOLD,2.235966275647472,3,,,,,,,,4.938654054307187,3.1938915176370792,70.59711889927497
UP25_SCORE80_NIKKEION_TP3.5_SL1.0_H5,VALIDATION,2022-08-24,7733.T,HOLD,1.874223737416647,5,,,,,,,,2.487512480075919,1.8547560940531955,65.51391763203654
UP25_SCORE80_NIKKEION_TP3.5_SL1.0_H5,VALIDATION,2022-08-25,7004.T,WIN,8.659482124574557,1,,,,,,,,2.502709178449873,1.68890419213222,64.82502886936872
UP25_SCORE80_NIKKEION_TP3.5_SL1.0_H5,VALIDATION,2022-11-04,8001.T,LOSS,-1.999948940416918,1,,,,,,,,1.936746127953537,1.839102301394961,63.42202249431198
UP25_SCORE80_NIKKEION_TP3.5_SL1.0_H5,VALIDATION,2022-11-10,2501.T,LOSS,-2.3165962088235514,1,,,,,,,,2.266842964024092,2.343872605585045,78.05644952602152
UP25_SCORE80_NIKKEION_TP3.5_SL1.0_H5,VALIDATION,2022-11-30,9434.T,WIN,3.246309066619235,1,,,,,,,,0.9560883047483518,2.4663342776889188,58.10727871196465
UP25_SCORE80_NIKKEION_TP3.5_SL1.0_H5,VALIDATION,2022-12-01,4523.T,WIN,12.993618305157339,2,,,,,,,,3.7410338014735256,3.726731040440298,67.15517263840277
UP25_SCORE80_NIKKEION_TP3.5_SL1.0_H5,VALIDATION,2023-02-01,2768.T,LOSS,-1.5213885238845815,1,,,,,,,,1.4418832874603549,1.59628603672925,61.67016112861338
UP25_SCORE80_NIKKEION_TP3.5_SL1.0_H5,VALIDATION,2023-02-17,5233.T,LOSS,-2.2402694992226357,1,,,,,,,,2.1870788814461806,2.0514057799458647,79.34823879636357
UP25_SCORE80_NIKKEION_TP3.5_SL1.0_H5,VALIDATION,2023-02-21,5101.T,WIN,9.063655681934424,1,,,,,,,,2.6181873376955505,3.43627562267025,86.43660675284961
UP25_SCORE80_NIKKEION_TP3.5_SL1.0_H5,VALIDATION,2023-03-03,5406.T,WIN,9.60137047351467,1,,,,,,,,2.771820135289908,1.857140360382404,87.09433998237975
UP25_SCORE80_NIKKEION_TP3.5_SL1.0_H5,VALIDATION,2023-03-06,5406.T,WIN,9.590422756537288,1,,,,,,,,2.768692216153508,1.502203260570827,87.66789665700449
UP25_SCORE80_NIKKEION_TP3.5_SL1.0_H5,VALIDATION,2023-03-07,5406.T,WIN,9.838759854621005,1,,,,,,,,2.8396456727488584,2.0701893640139404,90.18696901800902
UP25_SCORE80_NIKKEION_TP3.5_SL1.0_H5,VALIDATION,2023-03-08,6472.T,WIN,8.774131461873436,1,,,,,,,,2.535466131963841,1.5964971261163212,80.32679424160867
UP25_SCORE80_NIKKEION_TP3.5_SL1.0_H5,VALIDATION,2023-03-09,6472.T,WIN,8.846430099275738,1,,,,,,,,2.5561228855073503,2.0280835938094106,81.64248124982342
UP25_SCORE80_NIKKEION_TP3.5_SL1.0_H5,VALIDATION,2023-03-30,9107.T,WIN,11.874626403568856,1,,,,,,,,3.4213218295911028,2.956640384017868,67.71212740707429
UP25_SCORE80_NIKKEION_TP3.5_SL1.0_H5,VALIDATION,2023-03-31,7735.T,HOLD,0.6192904128771494,5,,,,,,,,2.5391231063714175,1.7645630331178097,71.61649211053447
UP25_SCORE80_NIKKEION_TP3.5_SL1.0_H5,VALIDATION,2023-04-03,6361.T,HOLD,0.6095384103499081,5,,,,,,,,2.384753810496683,1.789481559063365,70.6068253998211
UP25_SCORE80_NIKKEION_TP3.5_SL1.0_H5,VALIDATION,2023-04-04,6501.T,LOSS,-2.1304261745622166,2,,,,,,,,2.0304261745622165,1.5221769100292324,70.37175256557059
UP25_SCORE80_NIKKEION_TP3.5_SL1.0_H5,VALIDATION,2023-04-05,7453.T,HOLD,6.252015345611362,5,,,,,,,,2.549078700278436,2.2329253812711656,54.85035368390627
UP25_SCORE80_NIKKEION_TP3.5_SL1.0_H5,VALIDATION,2023-04-11,9009.T,HOLD,4.608478010535289,5,,,,,,,,1.9900095906876618,1.6478328517448322,79.14396561216782
UP25_SCORE80_NIKKEION_TP3.5_SL1.0_H5,VALIDATION,2023-04-12,3086.T,WIN,8.473295069973064,1,,,,,,,,2.4495128771351586,2.600409263552136,65.77527308898344
UP25_SCORE80_NIKKEION_TP3.5_SL1.0_H5,VALIDATION,2023-04-13,7453.T,HOLD,1.4215390576093223,5,,,,,,,,2.575211037043294,1.6011953311443716,59.13648388012189
UP25_SCORE80_NIKKEION_TP3.5_SL1.0_H5,VALIDATION,2023-04-14,3697.T,LOSS,-4.221031231711458,5,,,,,,,,4.121031231711458,1.8575489819439108,70.5419742753867
UP25_SCORE80_NIKKEION_TP3.5_SL1.0_H5,VALIDATION,2023-04-17,6752.T,WIN,6.853163951123554,1,,,,,,,,1.9866182717495888,1.8304620405232623,71.88274667672724
UP25_SCORE80_NIKKEION_TP3.5_SL1.0_H5,VALIDATION,2023-04-19,8253.T,WIN,6.8967269432276606,1,,,,,,,,1.9990648409221896,1.624354060885152,71.01284289908423
UP25_SCORE80_NIKKEION_TP3.5_SL1.0_H5,VALIDATION,2023-04-20,3099.T,WIN,7.97065898705115,3,,,,,,,,2.3059025677288973,1.6848464507467695,64.50758913098556
UP25_SCORE80_NIKKEION_TP3.5_SL1.0_H5,VALIDATION,2023-04-21,6146.T,LOSS,-3.029003068099523,3,,,,,,,,2.9290030680995187,4.820541702933798,75.78560698122133
UP25_SCORE80_NIKKEION_TP3.5_SL1.0_H5,VALIDATION,2023-04-24,9202.T,WIN,4.872682484096147,1,,,,,,,,1.4207664240274718,3.269837442481966,70.44491341213703
UP25_SCORE80_NIKKEION_TP3.5_SL1.0_H5,VALIDATION,2023-04-25,6503.T,WIN,5.968434276103574,3,,,,,,,,1.733838364601022,2.155498593594048,79.72493429343518
UP25_SCORE80_NIKKEION_TP3.5_SL1.0_H5,VALIDATION,2023-04-26,1803.T,WIN,6.789852849899314,1,,,,,,,,1.9685293856855173,6.0865440632331405,73.83107527961079
UP25_SCORE80_NIKKEION_TP3.5_SL1.0_H5,VALIDATION,2023-04-27,6305.T,WIN,7.360682596508495,1,,,,,,,,2.13162359900243,3.861125217892584,66.4599445715346
UP25_SCORE80_NIKKEION_TP3.5_SL1.0_H5,VALIDATION,2023-04-28,8801.T,WIN,5.472167483422486,1,,,,,,,,1.5920478524064234,2.3953025670888533,79.12301899170511
UP25_SCORE80_NIKKEION_TP3.5_SL1.0_H5,VALIDATION,2023-05-01,7011.T,WIN,5.666179231802826,4,,,,,,,,1.6474797805150931,1.631766868235908,66.13065535678693
UP25_SCORE80_NIKKEION_TP3.5_SL1.0_H5,VALIDATION,2023-05-09,5401.T,WIN,7.6815329628745825,1,,,,,,,,2.2232951322498806,2.4216348728935766,63.075672705376185
UP25_SCORE80_NIKKEION_TP3.5_SL1.0_H5,VALIDATION,2023-05-10,9107.T,WIN,12.843377086983454,1,,,,,,,,3.698107739138131,1.6721083015720768,62.615682903241385
UP25_SCORE80_NIKKEION_TP3.5_SL1.0_H5,VALIDATION,2023-05-11,7011.T,HOLD,6.344848684124938,5,,,,,,,,2.1934996524668904,2.628737662337662,62.58737291544723
UP25_SCORE80_NIKKEION_TP3.5_SL1.0_H5,VALIDATION,2023-05-12,5406.T,WIN,12.917749455618422,1,,,,,,,,3.719356987319548,5.052158085537815,68.63672427624891
UP25_SCORE80_NIKKEION_TP3.5_SL1.0_H5,VALIDATION,2023-05-15,5406.T,WIN,13.278925234830108,1,,,,,,,,3.8225500670943178,1.7922546424440156,68.83347968195596
UP25_SCORE80_NIKKEION_TP3.5_SL1.0_H5,VALIDATION,2023-05-16,4188.T,WIN,4.649537925379821,1,,,,,,,,1.3570108358228028,1.900617460813976,63.985237751869725
UP25_SCORE80_NIKKEION_TP3.5_SL1.0_H5,VALIDATION,2023-07-03,5301.T,WIN,8.204038046132023,1,,,,,,,,2.3725822988948613,1.6841448882477126,76.76292337832162
UP25_SCORE80_NIKKEION_TP3.5_SL1.0_H5,VALIDATION,2023-07-05,9107.T,WIN,12.324907569633192,1,,,,,,,,3.5499735913237704,2.150751782310317,69.97459032079043
UP25_SCORE80_NIKKEION_TP3.5_SL1.0_H5,VALIDATION,2023-07-28,8308.T,WIN,8.567502351361867,1,,,,,,,,2.4764292432462476,2.992813465952988,69.19508666855869
UP25_SCORE80_NIKKEION_TP3.5_SL1.0_H5,VALIDATION,2023-07-31,8308.T,HOLD,1.5339633821296217,5,,,,,,,,2.5763241790336844,1.9173748312925836,71.9207173897711
UP25_SCORE80_NIKKEION_TP3.5_SL1.0_H5,VALIDATION,2023-08-01,6976.T,HOLD,2.042932023748978,5,,,,,,,,2.606764674052127,2.1396985671851048,57.50048021808944
UP25_SCORE80_NIKKEION_TP3.5_SL1.0_H5,VALIDATION,2023-08-29,9501.T,LOSS,-3.2402072969105467,4,,,,,,,,3.1402072969105355,2.2716801360357546,73.52136944851513
UP25_SCORE80_NIKKEION_TP3.5_SL1.0_H5,VALIDATION,2023-09-08,7532.T,LOSS,-2.688737144511777,1,,,,,,,,2.657533706705184,1.5087604957949283,59.8378595415099
UP25_SCORE80_NIKKEION_TP3.5_SL1.0_H5,VALIDATION,2023-09-11,8308.T,LOSS,-2.4343342339654184,1,,,,,,,,2.390127805566289,1.665899299127487,79.10878705380313
UP25_SCORE80_NIKKEION_TP3.5_SL1.0_H5,VALIDATION,2023-09-12,8316.T,LOSS,-1.862218576823227,1,,,,,,,,1.7938297784150459,1.6274642753207946,80.10973378734327
UP25_SCORE80_NIKKEION_TP3.5_SL1.0_H5,VALIDATION,2023-09-13,8306.T,LOSS,-2.083503266111053,1,,,,,,,,2.0236422767650737,1.6494697326543106,80.85596893501176
UP25_SCORE80_NIKKEION_TP3.5_SL1.0_H5,VALIDATION,2023-11-13,3436.T,LOSS,-2.652575903573995,1,,,,,,,,2.619439074190577,1.7307167359522406,65.83654022960677
UP25_SCORE80_NIKKEION_TP3.5_SL1.0_H5,VALIDATION,2023-12-29,7974.T,WIN,5.653738253917762,3,,,,,,,,1.643925215405077,1.9467622373338236,74.74645526007333
UP25_SCORE80_NIKKEION_TP3.5_SL1.0_H5,VALIDATION,2024-01-05,8601.T,WIN,7.635628315990884,1,,,,,,,,2.210179518854538,1.680065341212715,65.83317514015158
UP25_SCORE80_NIKKEION_TP3.5_SL1.0_H5,VALIDATION,2024-01-18,7735.T,WIN,10.909167313103575,1,,,,,,,,3.1454763751724477,1.92320418278728,75.52852009430023
UP25_SCORE80_NIKKEION_TP3.5_SL1.0_H5,VALIDATION,2024-03-05,6146.T,LOSS,-3.3846029285573787,2,,,,,,,,3.284602928557382,2.1800391194636752,80.50298701119084
UP25_SCORE80_NIKKEION_TP3.5_SL1.0_H5,VALIDATION,2024-03-06,1802.T,WIN,9.890803785294333,1,,,,,,,,2.8545153672269548,2.554199432260858,85.31838469532941
UP25_SCORE80_NIKKEION_TP3.5_SL1.0_H5,VALIDATION,2024-03-07,7012.T,LOSS,-3.310564756415324,3,,,,,,,,3.210564756415324,3.000958757164228,86.42904059170691
UP25_SCORE80_NIKKEION_TP3.5_SL1.0_H5,VALIDATION,2024-03-21,8804.T,WIN,10.133110865304895,1,,,,,,,,2.923745961515685,1.69173223588183,67.93402062292945
UP25_SCORE80_NIKKEION_TP3.5_SL1.0_H5,VALIDATION,2024-03-22,3099.T,HOLD,7.026963938280828,5,,,,,,,,2.453948221491993,1.5707909104979727,81.63333499499859
UP25_SCORE80_NIKKEION_TP3.5_SL1.0_H5,VALIDATION,2024-03-25,5631.T,WIN,9.327517467571845,2,,,,,,,,2.693576419306239,1.9978760576890136,78.08170396611129
UP25_SCORE80_NIKKEION_TP3.5_SL1.0_H5,VALIDATION,2024-03-26,6504.T,HOLD,3.1571624317762503,5,,,,,,,,2.8262976686388814,1.7303010510064722,74.90764016864891
UP25_SCORE80_NIKKEION_TP3.5_SL1.0_H5,VALIDATION,2024-03-27,8308.T,HOLD,1.7987886395769315,5,,,,,,,,3.0733363442166413,1.5960925826296606,69.621051993328
UP25_SCORE80_NIKKEION_TP3.5_SL1.0_H5,VALIDATION,2024-03-28,9501.T,HOLD,10.17009219552335,5,,,,,,,,4.639511584038658,1.535695399259651,61.44666417260486
UP25_SCORE80_NIKKEION_TP3.5_SL1.0_H5,VALIDATION,2024-05-14,5801.T,LOSS,-3.319591658016585,1,,,,,,,,3.3266977409723695,4.547126157516055,78.26401062449611
UP25_SCORE80_NIKKEION_TP3.5_SL1.0_H5,VALIDATION,2024-05-15,5101.T,LOSS,-3.1871639263634233,1,,,,,,,,3.185505709499344,2.1531057837982357,57.67965645377095
UP25_SCORE80_NIKKEION_TP3.5_SL1.0_H5,VALIDATION,2024-05-30,8331.T,LOSS,-2.29732777245395,1,,,,,,,,2.2466950262275853,1.6671299042083123,76.98906772721455
UP25_SCORE80_NIKKEION_TP3.5_SL1.0_H5,VALIDATION,2024-07-05,7011.T,LOSS,-3.4228975202833634,3,,,,,,,,3.3228975202833633,2.5582053497235537,86.65930019007098
UP25_SCORE80_NIKKEION_TP3.5_SL1.0_H5,VALIDATION,2024-07-08,7011.T,LOSS,-3.526509390948629,2,,,,,,,,3.4265093909486253,1.7619016094335518,86.88149005846999
UP25_SCORE80_NIKKEION_TP3.5_SL1.0_H5,VALIDATION,2024-07-09,5803.T,TIMEOUT_LOSS,-1.340758537873088,5,,,,,,,,3.809966458306757,3.0971420165153285,65.1673118563374
UP25_SCORE80_NIKKEION_TP3.5_SL1.0_H5,VALIDATION,2024-07-10,5803.T,LOSS,-3.8783164995058184,4,,,,,,,,3.7783164995058183,1.977109990603468,67.32339376466534
UP25_SCORE80_NIKKEION_TP3.5_SL1.0_H5,VALIDATION,2024-07-12,4519.T,LOSS,-2.517539940630509,4,,,,,,,,2.4175399406305127,1.5207411706833838,76.8046823943933
UP25_SCORE80_NIKKEION_TP3.5_SL1.0_H5,VALIDATION,2024-07-16,6976.T,HOLD,0.47414635042289943,5,,,,,,,,3.5256413216273375,1.7389526651481166,77.39298849461471
UP25_SCORE80_NIKKEION_TP3.5_SL1.0_H5,VALIDATION,2024-09-05,6532.T,LOSS,-3.3034171179618155,1,,,,,,,,3.3094320301220614,1.812501141948804,65.73803228477507
UP25_SCORE80_NIKKEION_TP3.5_SL1.0_H5,VALIDATION,2024-11-07,7013.T,TIMEOUT_LOSS,-1.5461499464642814,5,,,,,,,,4.814901131833723,2.2527265778296126,70.02433857866997
UP25_SCORE80_NIKKEION_TP3.5_SL1.0_H5,VALIDATION,2024-11-08,7012.T,LOSS,-4.534220461682903,2,,,,,,,,4.434220461682906,3.200205529096764,69.90419704592867
UP25_SCORE80_NIKKEION_TP3.5_SL1.0_H5,VALIDATION,2024-11-11,5803.T,LOSS,-5.699984000136315,5,,,,,,,,5.599984000136319,1.7857249601142264,64.76170419168966
UP25_SCORE80_NIKKEION_TP3.5_SL1.0_H5,VALIDATION,2024-11-12,5801.T,HOLD,9.880624475002497,5,,,,,,,,4.212795453398469,5.95992017197373,85.57524419496607
UP30_SCORE80_NIKKEION_TP3.5_SL1.0_H5,VALIDATION,2022-08-24,7733.T,HOLD,1.874223737416647,5,,,,,,,,2.487512480075919,1.8547560940531955,65.51391763203654
UP30_SCORE80_NIKKEION_TP3.5_SL1.0_H5,VALIDATION,2022-08-25,7004.T,WIN,8.659482124574557,1,,,,,,,,2.502709178449873,1.68890419213222,64.82502886936872
UP30_SCORE80_NIKKEION_TP3.5_SL1.0_H5,VALIDATION,2022-11-04,8001.T,LOSS,-1.999948940416918,1,,,,,,,,1.936746127953537,1.839102301394961,63.42202249431198
UP30_SCORE80_NIKKEION_TP3.5_SL1.0_H5,VALIDATION,2022-11-10,2501.T,LOSS,-2.3165962088235514,1,,,,,,,,2.266842964024092,2.343872605585045,78.05644952602152
UP30_SCORE80_NIKKEION_TP3.5_SL1.0_H5,VALIDATION,2022-11-30,9434.T,WIN,3.246309066619235,1,,,,,,,,0.9560883047483518,2.4663342776889188,58.10727871196465
UP30_SCORE80_NIKKEION_TP3.5_SL1.0_H5,VALIDATION,2022-12-01,4523.T,WIN,12.993618305157339,2,,,,,,,,3.7410338014735256,3.726731040440298,67.15517263840277
UP30_SCORE80_NIKKEION_TP3.5_SL1.0_H5,VALIDATION,2023-02-01,2768.T,LOSS,-1.5213885238845815,1,,,,,,,,1.4418832874603549,1.59628603672925,61.67016112861338
UP30_SCORE80_NIKKEION_TP3.5_SL1.0_H5,VALIDATION,2023-02-17,5233.T,LOSS,-2.2402694992226357,1,,,,,,,,2.1870788814461806,2.0514057799458647,79.34823879636357
UP30_SCORE80_NIKKEION_TP3.5_SL1.0_H5,VALIDATION,2023-02-21,5101.T,WIN,9.063655681934424,1,,,,,,,,2.6181873376955505,3.43627562267025,86.43660675284961
UP30_SCORE80_NIKKEION_TP3.5_SL1.0_H5,VALIDATION,2023-03-03,5406.T,WIN,9.60137047351467,1,,,,,,,,2.771820135289908,1.857140360382404,87.09433998237975
UP30_SCORE80_NIKKEION_TP3.5_SL1.0_H5,VALIDATION,2023-03-06,5406.T,WIN,9.590422756537288,1,,,,,,,,2.768692216153508,1.502203260570827,87.66789665700449
UP30_SCORE80_NIKKEION_TP3.5_SL1.0_H5,VALIDATION,2023-03-07,5406.T,WIN,9.838759854621005,1,,,,,,,,2.8396456727488584,2.0701893640139404,90.18696901800902
UP30_SCORE80_NIKKEION_TP3.5_SL1.0_H5,VALIDATION,2023-03-08,6472.T,WIN,8.774131461873436,1,,,,,,,,2.535466131963841,1.5964971261163212,80.32679424160867
UP30_SCORE80_NIKKEION_TP3.5_SL1.0_H5,VALIDATION,2023-03-09,6472.T,WIN,8.846430099275738,1,,,,,,,,2.5561228855073503,2.0280835938094106,81.64248124982342
UP30_SCORE80_NIKKEION_TP3.5_SL1.0_H5,VALIDATION,2023-03-30,9107.T,WIN,11.874626403568856,1,,,,,,,,3.4213218295911028,2.956640384017868,67.71212740707429
UP30_SCORE80_NIKKEION_TP3.5_SL1.0_H5,VALIDATION,2023-03-31,7735.T,HOLD,0.6192904128771494,5,,,,,,,,2.5391231063714175,1.7645630331178097,71.61649211053447
UP30_SCORE80_NIKKEION_TP3.5_SL1.0_H5,VALIDATION,2023-04-03,6361.T,HOLD,0.6095384103499081,5,,,,,,,,2.384753810496683,1.789481559063365,70.6068253998211
UP30_SCORE80_NIKKEION_TP3.5_SL1.0_H5,VALIDATION,2023-04-04,6501.T,LOSS,-2.1304261745622166,2,,,,,,,,2.0304261745622165,1.5221769100292324,70.37175256557059
UP30_SCORE80_NIKKEION_TP3.5_SL1.0_H5,VALIDATION,2023-04-05,7453.T,HOLD,6.252015345611362,5,,,,,,,,2.549078700278436,2.2329253812711656,54.85035368390627
UP30_SCORE80_NIKKEION_TP3.5_SL1.0_H5,VALIDATION,2023-04-11,9009.T,HOLD,4.608478010535289,5,,,,,,,,1.9900095906876618,1.6478328517448322,79.14396561216782
UP30_SCORE80_NIKKEION_TP3.5_SL1.0_H5,VALIDATION,2023-04-12,3086.T,WIN,8.473295069973064,1,,,,,,,,2.4495128771351586,2.600409263552136,65.77527308898344
UP30_SCORE80_NIKKEION_TP3.5_SL1.0_H5,VALIDATION,2023-04-13,7453.T,HOLD,1.4215390576093223,5,,,,,,,,2.575211037043294,1.6011953311443716,59.13648388012189
UP30_SCORE80_NIKKEION_TP3.5_SL1.0_H5,VALIDATION,2023-04-14,3697.T,LOSS,-4.221031231711458,5,,,,,,,,4.121031231711458,1.8575489819439108,70.5419742753867
UP30_SCORE80_NIKKEION_TP3.5_SL1.0_H5,VALIDATION,2023-04-17,6752.T,WIN,6.853163951123554,1,,,,,,,,1.9866182717495888,1.8304620405232623,71.88274667672724
UP30_SCORE80_NIKKEION_TP3.5_SL1.0_H5,VALIDATION,2023-04-19,8253.T,WIN,6.8967269432276606,1,,,,,,,,1.9990648409221896,1.624354060885152,71.01284289908423
UP30_SCORE80_NIKKEION_TP3.5_SL1.0_H5,VALIDATION,2023-04-20,3099.T,WIN,7.97065898705115,3,,,,,,,,2.3059025677288973,1.6848464507467695,64.50758913098556
UP30_SCORE80_NIKKEION_TP3.5_SL1.0_H5,VALIDATION,2023-04-21,6146.T,LOSS,-3.029003068099523,3,,,,,,,,2.9290030680995187,4.820541702933798,75.78560698122133
UP30_SCORE80_NIKKEION_TP3.5_SL1.0_H5,VALIDATION,2023-04-24,9202.T,WIN,4.872682484096147,1,,,,,,,,1.4207664240274718,3.269837442481966,70.44491341213703
UP30_SCORE80_NIKKEION_TP3.5_SL1.0_H5,VALIDATION,2023-04-25,6503.T,WIN,5.968434276103574,3,,,,,,,,1.733838364601022,2.155498593594048,79.72493429343518
UP30_SCORE80_NIKKEION_TP3.5_SL1.0_H5,VALIDATION,2023-04-26,1803.T,WIN,6.789852849899314,1,,,,,,,,1.9685293856855173,6.0865440632331405,73.83107527961079
UP30_SCORE80_NIKKEION_TP3.5_SL1.0_H5,VALIDATION,2023-04-27,6305.T,WIN,7.360682596508495,1,,,,,,,,2.13162359900243,3.861125217892584,66.4599445715346
UP30_SCORE80_NIKKEION_TP3.5_SL1.0_H5,VALIDATION,2023-04-28,8801.T,WIN,5.472167483422486,1,,,,,,,,1.5920478524064234,2.3953025670888533,79.12301899170511
UP30_SCORE80_NIKKEION_TP3.5_SL1.0_H5,VALIDATION,2023-05-01,7011.T,WIN,5.666179231802826,4,,,,,,,,1.6474797805150931,1.631766868235908,66.13065535678693
UP30_SCORE80_NIKKEION_TP3.5_SL1.0_H5,VALIDATION,2023-05-09,5401.T,WIN,7.6815329628745825,1,,,,,,,,2.2232951322498806,2.4216348728935766,63.075672705376185
UP30_SCORE80_NIKKEION_TP3.5_SL1.0_H5,VALIDATION,2023-05-10,9107.T,WIN,12.843377086983454,1,,,,,,,,3.698107739138131,1.6721083015720768,62.615682903241385
UP30_SCORE80_NIKKEION_TP3.5_SL1.0_H5,VALIDATION,2023-05-11,7011.T,HOLD,6.344848684124938,5,,,,,,,,2.1934996524668904,2.628737662337662,62.58737291544723
UP30_SCORE80_NIKKEION_TP3.5_SL1.0_H5,VALIDATION,2023-05-12,5406.T,WIN,12.917749455618422,1,,,,,,,,3.719356987319548,5.052158085537815,68.63672427624891
UP30_SCORE80_NIKKEION_TP3.5_SL1.0_H5,VALIDATION,2023-05-15,5406.T,WIN,13.278925234830108,1,,,,,,,,3.8225500670943178,1.7922546424440156,68.83347968195596
UP30_SCORE80_NIKKEION_TP3.5_SL1.0_H5,VALIDATION,2023-05-16,4188.T,WIN,4.649537925379821,1,,,,,,,,1.3570108358228028,1.900617460813976,63.985237751869725
UP30_SCORE80_NIKKEION_TP3.5_SL1.0_H5,VALIDATION,2023-07-03,5301.T,WIN,8.204038046132023,1,,,,,,,,2.3725822988948613,1.6841448882477126,76.76292337832162
UP30_SCORE80_NIKKEION_TP3.5_SL1.0_H5,VALIDATION,2023-07-05,9107.T,WIN,12.324907569633192,1,,,,,,,,3.5499735913237704,2.150751782310317,69.97459032079043
UP30_SCORE80_NIKKEION_TP3.5_SL1.0_H5,VALIDATION,2023-07-28,8308.T,WIN,8.567502351361867,1,,,,,,,,2.4764292432462476,2.992813465952988,69.19508666855869
UP30_SCORE80_NIKKEION_TP3.5_SL1.0_H5,VALIDATION,2023-07-31,8308.T,HOLD,1.5339633821296217,5,,,,,,,,2.5763241790336844,1.9173748312925836,71.9207173897711
UP30_SCORE80_NIKKEION_TP3.5_SL1.0_H5,VALIDATION,2023-08-01,6976.T,HOLD,2.042932023748978,5,,,,,,,,2.606764674052127,2.1396985671851048,57.50048021808944
UP30_SCORE80_NIKKEION_TP3.5_SL1.0_H5,VALIDATION,2023-08-29,9501.T,LOSS,-3.2402072969105467,4,,,,,,,,3.1402072969105355,2.2716801360357546,73.52136944851513
UP30_SCORE80_NIKKEION_TP3.5_SL1.0_H5,VALIDATION,2023-09-08,7532.T,LOSS,-2.688737144511777,1,,,,,,,,2.657533706705184,1.5087604957949283,59.8378595415099
UP30_SCORE80_NIKKEION_TP3.5_SL1.0_H5,VALIDATION,2023-09-11,8308.T,LOSS,-2.4343342339654184,1,,,,,,,,2.390127805566289,1.665899299127487,79.10878705380313
UP30_SCORE80_NIKKEION_TP3.5_SL1.0_H5,VALIDATION,2023-09-12,8316.T,LOSS,-1.862218576823227,1,,,,,,,,1.7938297784150459,1.6274642753207946,80.10973378734327
UP30_SCORE80_NIKKEION_TP3.5_SL1.0_H5,VALIDATION,2023-09-13,8306.T,LOSS,-2.083503266111053,1,,,,,,,,2.0236422767650737,1.6494697326543106,80.85596893501176
UP30_SCORE80_NIKKEION_TP3.5_SL1.0_H5,VALIDATION,2023-11-13,3436.T,LOSS,-2.652575903573995,1,,,,,,,,2.619439074190577,1.7307167359522406,65.83654022960677
UP30_SCORE80_NIKKEION_TP3.5_SL1.0_H5,VALIDATION,2023-12-29,7974.T,WIN,5.653738253917762,3,,,,,,,,1.643925215405077,1.9467622373338236,74.74645526007333
UP30_SCORE80_NIKKEION_TP3.5_SL1.0_H5,VALIDATION,2024-01-05,8601.T,WIN,7.635628315990884,1,,,,,,,,2.210179518854538,1.680065341212715,65.83317514015158
UP30_SCORE80_NIKKEION_TP3.5_SL1.0_H5,VALIDATION,2024-01-18,7735.T,WIN,10.909167313103575,1,,,,,,,,3.1454763751724477,1.92320418278728,75.52852009430023
UP30_SCORE80_NIKKEION_TP3.5_SL1.0_H5,VALIDATION,2024-03-05,6146.T,LOSS,-3.3846029285573787,2,,,,,,,,3.284602928557382,2.1800391194636752,80.50298701119084
UP30_SCORE80_NIKKEION_TP3.5_SL1.0_H5,VALIDATION,2024-03-06,1802.T,WIN,9.890803785294333,1,,,,,,,,2.8545153672269548,2.554199432260858,85.31838469532941
UP30_SCORE80_NIKKEION_TP3.5_SL1.0_H5,VALIDATION,2024-03-07,7012.T,LOSS,-3.310564756415324,3,,,,,,,,3.210564756415324,3.000958757164228,86.42904059170691
UP30_SCORE80_NIKKEION_TP3.5_SL1.0_H5,VALIDATION,2024-03-21,8804.T,WIN,10.133110865304895,1,,,,,,,,2.923745961515685,1.69173223588183,67.93402062292945
UP30_SCORE80_NIKKEION_TP3.5_SL1.0_H5,VALIDATION,2024-03-22,3099.T,HOLD,7.026963938280828,5,,,,,,,,2.453948221491993,1.5707909104979727,81.63333499499859
UP30_SCORE80_NIKKEION_TP3.5_SL1.0_H5,VALIDATION,2024-03-25,5631.T,WIN,9.327517467571845,2,,,,,,,,2.693576419306239,1.9978760576890136,78.08170396611129
UP30_SCORE80_NIKKEION_TP3.5_SL1.0_H5,VALIDATION,2024-03-26,6504.T,HOLD,3.1571624317762503,5,,,,,,,,2.8262976686388814,1.7303010510064722,74.90764016864891
UP30_SCORE80_NIKKEION_TP3.5_SL1.0_H5,VALIDATION,2024-03-27,8308.T,HOLD,1.7987886395769315,5,,,,,,,,3.0733363442166413,1.5960925826296606,69.621051993328
UP30_SCORE80_NIKKEION_TP3.5_SL1.0_H5,VALIDATION,2024-03-28,9501.T,HOLD,10.17009219552335,5,,,,,,,,4.639511584038658,1.535695399259651,61.44666417260486
UP30_SCORE80_NIKKEION_TP3.5_SL1.0_H5,VALIDATION,2024-05-14,5801.T,LOSS,-3.319591658016585,1,,,,,,,,3.3266977409723695,4.547126157516055,78.26401062449611
UP30_SCORE80_NIKKEION_TP3.5_SL1.0_H5,VALIDATION,2024-05-15,5101.T,LOSS,-3.1871639263634233,1,,,,,,,,3.185505709499344,2.1531057837982357,57.67965645377095
UP30_SCORE80_NIKKEION_TP3.5_SL1.0_H5,VALIDATION,2024-05-30,8331.T,LOSS,-2.29732777245395,1,,,,,,,,2.2466950262275853,1.6671299042083123,76.98906772721455
UP30_SCORE80_NIKKEION_TP3.5_SL1.0_H5,VALIDATION,2024-07-05,7011.T,LOSS,-3.4228975202833634,3,,,,,,,,3.3228975202833633,2.5582053497235537,86.65930019007098
UP30_SCORE80_NIKKEION_TP3.5_SL1.0_H5,VALIDATION,2024-07-08,7011.T,LOSS,-3.526509390948629,2,,,,,,,,3.4265093909486253,1.7619016094335518,86.88149005846999
UP30_SCORE80_NIKKEION_TP3.5_SL1.0_H5,VALIDATION,2024-07-09,5803.T,TIMEOUT_LOSS,-1.340758537873088,5,,,,,,,,3.809966458306757,3.0971420165153285,65.1673118563374
UP30_SCORE80_NIKKEION_TP3.5_SL1.0_H5,VALIDATION,2024-07-10,5803.T,LOSS,-3.8783164995058184,4,,,,,,,,3.7783164995058183,1.977109990603468,67.32339376466534
UP30_SCORE80_NIKKEION_TP3.5_SL1.0_H5,VALIDATION,2024-07-12,4519.T,LOSS,-2.517539940630509,4,,,,,,,,2.4175399406305127,1.5207411706833838,76.8046823943933
UP30_SCORE80_NIKKEION_TP3.5_SL1.0_H5,VALIDATION,2024-07-16,6976.T,HOLD,0.47414635042289943,5,,,,,,,,3.5256413216273375,1.7389526651481166,77.39298849461471
UP30_SCORE80_NIKKEION_TP3.5_SL1.0_H5,VALIDATION,2024-09-05,6532.T,LOSS,-3.3034171179618155,1,,,,,,,,3.3094320301220614,1.812501141948804,65.73803228477507
UP30_SCORE80_NIKKEION_TP3.5_SL1.0_H5,VALIDATION,2024-11-07,7013.T,TIMEOUT_LOSS,-1.5461499464642814,5,,,,,,,,4.814901131833723,2.2527265778296126,70.02433857866997
UP30_SCORE80_NIKKEION_TP3.5_SL1.0_H5,VALIDATION,2024-11-08,7012.T,LOSS,-4.534220461682903,2,,,,,,,,4.434220461682906,3.200205529096764,69.90419704592867
UP30_SCORE80_NIKKEION_TP3.5_SL1.0_H5,VALIDATION,2024-11-11,5803.T,LOSS,-5.699984000136315,5,,,,,,,,5.599984000136319,1.7857249601142264,64.76170419168966
UP30_SCORE80_NIKKEION_TP3.5_SL1.0_H5,VALIDATION,2024-11-12,5801.T,HOLD,9.880624475002497,5,,,,,,,,4.212795453398469,5.95992017197373,85.57524419496607
UP20_SCORE80_NIKKEION_TP3.5_SL1.0_H5,VALIDATION,2022-08-24,7733.T,HOLD,1.874223737416647,5,,,,,,,,2.487512480075919,1.8547560940531955,65.51391763203654
UP20_SCORE80_NIKKEION_TP3.5_SL1.0_H5,VALIDATION,2022-08-25,7004.T,WIN,8.659482124574557,1,,,,,,,,2.502709178449873,1.68890419213222,64.82502886936872
UP20_SCORE80_NIKKEION_TP3.5_SL1.0_H5,VALIDATION,2022-11-04,8001.T,LOSS,-1.999948940416918,1,,,,,,,,1.936746127953537,1.839102301394961,63.42202249431198
UP20_SCORE80_NIKKEION_TP3.5_SL1.0_H5,VALIDATION,2022-11-10,2501.T,LOSS,-2.3165962088235514,1,,,,,,,,2.266842964024092,2.343872605585045,78.05644952602152
UP20_SCORE80_NIKKEION_TP3.5_SL1.0_H5,VALIDATION,2022-11-30,9434.T,WIN,3.246309066619235,1,,,,,,,,0.9560883047483518,2.4663342776889188,58.10727871196465
UP20_SCORE80_NIKKEION_TP3.5_SL1.0_H5,VALIDATION,2022-12-01,4523.T,WIN,12.993618305157339,2,,,,,,,,3.7410338014735256,3.726731040440298,67.15517263840277
UP20_SCORE80_NIKKEION_TP3.5_SL1.0_H5,VALIDATION,2023-02-01,2768.T,LOSS,-1.5213885238845815,1,,,,,,,,1.4418832874603549,1.59628603672925,61.67016112861338
UP20_SCORE80_NIKKEION_TP3.5_SL1.0_H5,VALIDATION,2023-02-17,5233.T,LOSS,-2.2402694992226357,1,,,,,,,,2.1870788814461806,2.0514057799458647,79.34823879636357
UP20_SCORE80_NIKKEION_TP3.5_SL1.0_H5,VALIDATION,2023-02-21,5101.T,WIN,9.063655681934424,1,,,,,,,,2.6181873376955505,3.43627562267025,86.43660675284961
UP20_SCORE80_NIKKEION_TP3.5_SL1.0_H5,VALIDATION,2023-03-03,5406.T,WIN,9.60137047351467,1,,,,,,,,2.771820135289908,1.857140360382404,87.09433998237975
UP20_SCORE80_NIKKEION_TP3.5_SL1.0_H5,VALIDATION,2023-03-06,5406.T,WIN,9.590422756537288,1,,,,,,,,2.768692216153508,1.502203260570827,87.66789665700449
UP20_SCORE80_NIKKEION_TP3.5_SL1.0_H5,VALIDATION,2023-03-07,5406.T,WIN,9.838759854621005,1,,,,,,,,2.8396456727488584,2.0701893640139404,90.18696901800902
UP20_SCORE80_NIKKEION_TP3.5_SL1.0_H5,VALIDATION,2023-03-08,6472.T,WIN,8.774131461873436,1,,,,,,,,2.535466131963841,1.5964971261163212,80.32679424160867
UP20_SCORE80_NIKKEION_TP3.5_SL1.0_H5,VALIDATION,2023-03-09,6472.T,WIN,8.846430099275738,1,,,,,,,,2.5561228855073503,2.0280835938094106,81.64248124982342
UP20_SCORE80_NIKKEION_TP3.5_SL1.0_H5,VALIDATION,2023-03-30,9107.T,WIN,11.874626403568856,1,,,,,,,,3.4213218295911028,2.956640384017868,67.71212740707429
UP20_SCORE80_NIKKEION_TP3.5_SL1.0_H5,VALIDATION,2023-03-31,7735.T,HOLD,0.6192904128771494,5,,,,,,,,2.5391231063714175,1.7645630331178097,71.61649211053447
UP20_SCORE80_NIKKEION_TP3.5_SL1.0_H5,VALIDATION,2023-04-03,6361.T,HOLD,0.6095384103499081,5,,,,,,,,2.384753810496683,1.789481559063365,70.6068253998211
UP20_SCORE80_NIKKEION_TP3.5_SL1.0_H5,VALIDATION,2023-04-04,6501.T,LOSS,-2.1304261745622166,2,,,,,,,,2.0304261745622165,1.5221769100292324,70.37175256557059
UP20_SCORE80_NIKKEION_TP3.5_SL1.0_H5,VALIDATION,2023-04-05,7453.T,HOLD,6.252015345611362,5,,,,,,,,2.549078700278436,2.2329253812711656,54.85035368390627
UP20_SCORE80_NIKKEION_TP3.5_SL1.0_H5,VALIDATION,2023-04-11,9009.T,HOLD,4.608478010535289,5,,,,,,,,1.9900095906876618,1.6478328517448322,79.14396561216782
UP20_SCORE80_NIKKEION_TP3.5_SL1.0_H5,VALIDATION,2023-04-12,3086.T,WIN,8.473295069973064,1,,,,,,,,2.4495128771351586,2.600409263552136,65.77527308898344
UP20_SCORE80_NIKKEION_TP3.5_SL1.0_H5,VALIDATION,2023-04-13,7453.T,HOLD,1.4215390576093223,5,,,,,,,,2.575211037043294,1.6011953311443716,59.13648388012189
UP20_SCORE80_NIKKEION_TP3.5_SL1.0_H5,VALIDATION,2023-04-14,3697.T,LOSS,-4.221031231711458,5,,,,,,,,4.121031231711458,1.8575489819439108,70.5419742753867
UP20_SCORE80_NIKKEION_TP3.5_SL1.0_H5,VALIDATION,2023-04-17,6752.T,WIN,6.853163951123554,1,,,,,,,,1.9866182717495888,1.8304620405232623,71.88274667672724
UP20_SCORE80_NIKKEION_TP3.5_SL1.0_H5,VALIDATION,2023-04-19,8253.T,WIN,6.8967269432276606,1,,,,,,,,1.9990648409221896,1.624354060885152,71.01284289908423
UP20_SCORE80_NIKKEION_TP3.5_SL1.0_H5,VALIDATION,2023-04-20,3099.T,WIN,7.97065898705115,3,,,,,,,,2.3059025677288973,1.6848464507467695,64.50758913098556
UP20_SCORE80_NIKKEION_TP3.5_SL1.0_H5,VALIDATION,2023-04-21,6146.T,LOSS,-3.029003068099523,3,,,,,,,,2.9290030680995187,4.820541702933798,75.78560698122133
UP20_SCORE80_NIKKEION_TP3.5_SL1.0_H5,VALIDATION,2023-04-24,9202.T,WIN,4.872682484096147,1,,,,,,,,1.4207664240274718,3.269837442481966,70.44491341213703
UP20_SCORE80_NIKKEION_TP3.5_SL1.0_H5,VALIDATION,2023-04-25,6503.T,WIN,5.968434276103574,3,,,,,,,,1.733838364601022,2.155498593594048,79.72493429343518
UP20_SCORE80_NIKKEION_TP3.5_SL1.0_H5,VALIDATION,2023-04-26,1803.T,WIN,6.789852849899314,1,,,,,,,,1.9685293856855173,6.0865440632331405,73.83107527961079
UP20_SCORE80_NIKKEION_TP3.5_SL1.0_H5,VALIDATION,2023-04-27,6305.T,WIN,7.360682596508495,1,,,,,,,,2.13162359900243,3.861125217892584,66.4599445715346
UP20_SCORE80_NIKKEION_TP3.5_SL1.0_H5,VALIDATION,2023-04-28,8801.T,WIN,5.472167483422486,1,,,,,,,,1.5920478524064234,2.3953025670888533,79.12301899170511
UP20_SCORE80_NIKKEION_TP3.5_SL1.0_H5,VALIDATION,2023-05-01,7011.T,WIN,5.666179231802826,4,,,,,,,,1.6474797805150931,1.631766868235908,66.13065535678693
UP20_SCORE80_NIKKEION_TP3.5_SL1.0_H5,VALIDATION,2023-05-09,5401.T,WIN,7.6815329628745825,1,,,,,,,,2.2232951322498806,2.4216348728935766,63.075672705376185
UP20_SCORE80_NIKKEION_TP3.5_SL1.0_H5,VALIDATION,2023-05-10,9107.T,WIN,12.843377086983454,1,,,,,,,,3.698107739138131,1.6721083015720768,62.615682903241385
UP20_SCORE80_NIKKEION_TP3.5_SL1.0_H5,VALIDATION,2023-05-11,7011.T,HOLD,6.344848684124938,5,,,,,,,,2.1934996524668904,2.628737662337662,62.58737291544723
UP20_SCORE80_NIKKEION_TP3.5_SL1.0_H5,VALIDATION,2023-05-12,5406.T,WIN,12.917749455618422,1,,,,,,,,3.719356987319548,5.052158085537815,68.63672427624891
UP20_SCORE80_NIKKEION_TP3.5_SL1.0_H5,VALIDATION,2023-05-15,5406.T,WIN,13.278925234830108,1,,,,,,,,3.8225500670943178,1.7922546424440156,68.83347968195596
UP20_SCORE80_NIKKEION_TP3.5_SL1.0_H5,VALIDATION,2023-05-16,4188.T,WIN,4.649537925379821,1,,,,,,,,1.3570108358228028,1.900617460813976,63.985237751869725
UP20_SCORE80_NIKKEION_TP3.5_SL1.0_H5,VALIDATION,2023-07-03,5301.T,WIN,8.204038046132023,1,,,,,,,,2.3725822988948613,1.6841448882477126,76.76292337832162
UP20_SCORE80_NIKKEION_TP3.5_SL1.0_H5,VALIDATION,2023-07-05,9107.T,WIN,12.324907569633192,1,,,,,,,,3.5499735913237704,2.150751782310317,69.97459032079043
UP20_SCORE80_NIKKEION_TP3.5_SL1.0_H5,VALIDATION,2023-07-28,8308.T,WIN,8.567502351361867,1,,,,,,,,2.4764292432462476,2.992813465952988,69.19508666855869
UP20_SCORE80_NIKKEION_TP3.5_SL1.0_H5,VALIDATION,2023-07-31,8308.T,HOLD,1.5339633821296217,5,,,,,,,,2.5763241790336844,1.9173748312925836,71.9207173897711
UP20_SCORE80_NIKKEION_TP3.5_SL1.0_H5,VALIDATION,2023-08-01,6976.T,HOLD,2.042932023748978,5,,,,,,,,2.606764674052127,2.1396985671851048,57.50048021808944
UP20_SCORE80_NIKKEION_TP3.5_SL1.0_H5,VALIDATION,2023-08-29,9501.T,LOSS,-3.2402072969105467,4,,,,,,,,3.1402072969105355,2.2716801360357546,73.52136944851513
UP20_SCORE80_NIKKEION_TP3.5_SL1.0_H5,VALIDATION,2023-09-08,7532.T,LOSS,-2.688737144511777,1,,,,,,,,2.657533706705184,1.5087604957949283,59.8378595415099
UP20_SCORE80_NIKKEION_TP3.5_SL1.0_H5,VALIDATION,2023-09-11,8308.T,LOSS,-2.4343342339654184,1,,,,,,,,2.390127805566289,1.665899299127487,79.10878705380313
UP20_SCORE80_NIKKEION_TP3.5_SL1.0_H5,VALIDATION,2023-09-12,8316.T,LOSS,-1.862218576823227,1,,,,,,,,1.7938297784150459,1.6274642753207946,80.10973378734327
UP20_SCORE80_NIKKEION_TP3.5_SL1.0_H5,VALIDATION,2023-09-13,8306.T,LOSS,-2.083503266111053,1,,,,,,,,2.0236422767650737,1.6494697326543106,80.85596893501176
UP20_SCORE80_NIKKEION_TP3.5_SL1.0_H5,VALIDATION,2023-11-13,3436.T,LOSS,-2.652575903573995,1,,,,,,,,2.619439074190577,1.7307167359522406,65.83654022960677
UP20_SCORE80_NIKKEION_TP3.5_SL1.0_H5,VALIDATION,2023-12-29,7974.T,WIN,5.653738253917762,3,,,,,,,,1.643925215405077,1.9467622373338236,74.74645526007333
UP20_SCORE80_NIKKEION_TP3.5_SL1.0_H5,VALIDATION,2024-01-05,8601.T,WIN,7.635628315990884,1,,,,,,,,2.210179518854538,1.680065341212715,65.83317514015158
UP20_SCORE80_NIKKEION_TP3.5_SL1.0_H5,VALIDATION,2024-01-18,7735.T,WIN,10.909167313103575,1,,,,,,,,3.1454763751724477,1.92320418278728,75.52852009430023
UP20_SCORE80_NIKKEION_TP3.5_SL1.0_H5,VALIDATION,2024-03-05,6146.T,LOSS,-3.3846029285573787,2,,,,,,,,3.284602928557382,2.1800391194636752,80.50298701119084
UP20_SCORE80_NIKKEION_TP3.5_SL1.0_H5,VALIDATION,2024-03-06,1802.T,WIN,9.890803785294333,1,,,,,,,,2.8545153672269548,2.554199432260858,85.31838469532941
UP20_SCORE80_NIKKEION_TP3.5_SL1.0_H5,VALIDATION,2024-03-07,7012.T,LOSS,-3.310564756415324,3,,,,,,,,3.210564756415324,3.000958757164228,86.42904059170691
UP20_SCORE80_NIKKEION_TP3.5_SL1.0_H5,VALIDATION,2024-03-21,8804.T,WIN,10.133110865304895,1,,,,,,,,2.923745961515685,1.69173223588183,67.93402062292945
UP20_SCORE80_NIKKEION_TP3.5_SL1.0_H5,VALIDATION,2024-03-22,3099.T,HOLD,7.026963938280828,5,,,,,,,,2.453948221491993,1.5707909104979727,81.63333499499859
UP20_SCORE80_NIKKEION_TP3.5_SL1.0_H5,VALIDATION,2024-03-25,5631.T,WIN,9.327517467571845,2,,,,,,,,2.693576419306239,1.9978760576890136,78.08170396611129
UP20_SCORE80_NIKKEION_TP3.5_SL1.0_H5,VALIDATION,2024-03-26,6504.T,HOLD,3.1571624317762503,5,,,,,,,,2.8262976686388814,1.7303010510064722,74.90764016864891
UP20_SCORE80_NIKKEION_TP3.5_SL1.0_H5,VALIDATION,2024-03-27,8308.T,HOLD,1.7987886395769315,5,,,,,,,,3.0733363442166413,1.5960925826296606,69.621051993328
UP20_SCORE80_NIKKEION_TP3.5_SL1.0_H5,VALIDATION,2024-03-28,9501.T,HOLD,10.17009219552335,5,,,,,,,,4.639511584038658,1.535695399259651,61.44666417260486
UP20_SCORE80_NIKKEION_TP3.5_SL1.0_H5,VALIDATION,2024-05-14,5801.T,LOSS,-3.319591658016585,1,,,,,,,,3.3266977409723695,4.547126157516055,78.26401062449611
UP20_SCORE80_NIKKEION_TP3.5_SL1.0_H5,VALIDATION,2024-05-15,5101.T,LOSS,-3.1871639263634233,1,,,,,,,,3.185505709499344,2.1531057837982357,57.67965645377095
UP20_SCORE80_NIKKEION_TP3.5_SL1.0_H5,VALIDATION,2024-05-30,8331.T,LOSS,-2.29732777245395,1,,,,,,,,2.2466950262275853,1.6671299042083123,76.98906772721455
UP20_SCORE80_NIKKEION_TP3.5_SL1.0_H5,VALIDATION,2024-07-05,7011.T,LOSS,-3.4228975202833634,3,,,,,,,,3.3228975202833633,2.5582053497235537,86.65930019007098
UP20_SCORE80_NIKKEION_TP3.5_SL1.0_H5,VALIDATION,2024-07-08,7011.T,LOSS,-3.526509390948629,2,,,,,,,,3.4265093909486253,1.7619016094335518,86.88149005846999
UP20_SCORE80_NIKKEION_TP3.5_SL1.0_H5,VALIDATION,2024-07-09,5803.T,TIMEOUT_LOSS,-1.340758537873088,5,,,,,,,,3.809966458306757,3.0971420165153285,65.1673118563374
UP20_SCORE80_NIKKEION_TP3.5_SL1.0_H5,VALIDATION,2024-07-10,5803.T,LOSS,-3.8783164995058184,4,,,,,,,,3.7783164995058183,1.977109990603468,67.32339376466534
UP20_SCORE80_NIKKEION_TP3.5_SL1.0_H5,VALIDATION,2024-07-12,4519.T,LOSS,-2.517539940630509,4,,,,,,,,2.4175399406305127,1.5207411706833838,76.8046823943933
UP20_SCORE80_NIKKEION_TP3.5_SL1.0_H5,VALIDATION,2024-07-16,6976.T,HOLD,0.47414635042289943,5,,,,,,,,3.5256413216273375,1.7389526651481166,77.39298849461471
UP20_SCORE80_NIKKEION_TP3.5_SL1.0_H5,VALIDATION,2024-09-05,6532.T,LOSS,-3.3034171179618155,1,,,,,,,,3.3094320301220614,1.812501141948804,65.73803228477507
UP20_SCORE80_NIKKEION_TP3.5_SL1.0_H5,VALIDATION,2024-11-07,7013.T,TIMEOUT_LOSS,-1.5461499464642814,5,,,,,,,,4.814901131833723,2.2527265778296126,70.02433857866997
UP20_SCORE80_NIKKEION_TP3.5_SL1.0_H5,VALIDATION,2024-11-08,7012.T,LOSS,-4.534220461682903,2,,,,,,,,4.434220461682906,3.200205529096764,69.90419704592867
UP20_SCORE80_NIKKEION_TP3.5_SL1.0_H5,VALIDATION,2024-11-11,5803.T,LOSS,-5.699984000136315,5,,,,,,,,5.599984000136319,1.7857249601142264,64.76170419168966
UP20_SCORE80_NIKKEION_TP3.5_SL1.0_H5,VALIDATION,2024-11-12,5801.T,HOLD,9.880624475002497,5,,,,,,,,4.212795453398469,5.95992017197373,85.57524419496607
UP20_SCORE80_NIKKEION_TP3.5_SL1.25_H3,VALIDATION,2022-08-24,7733.T,HOLD,0.1464212754205386,3,,,,,,,,2.487512480075919,1.8547560940531955,65.51391763203654
UP20_SCORE80_NIKKEION_TP3.5_SL1.25_H3,VALIDATION,2022-08-25,7004.T,WIN,8.659482124574557,1,,,,,,,,2.502709178449873,1.68890419213222,64.82502886936872
UP20_SCORE80_NIKKEION_TP3.5_SL1.25_H3,VALIDATION,2022-11-04,8001.T,LOSS,-2.463708860160352,1,,,,,,,,1.936746127953537,1.839102301394961,63.42202249431198
UP20_SCORE80_NIKKEION_TP3.5_SL1.25_H3,VALIDATION,2022-11-10,2501.T,LOSS,-2.8554758179007766,1,,,,,,,,2.266842964024092,2.343872605585045,78.05644952602152
UP20_SCORE80_NIKKEION_TP3.5_SL1.25_H3,VALIDATION,2022-11-30,9434.T,WIN,3.246309066619235,1,,,,,,,,0.9560883047483518,2.4663342776889188,58.10727871196465
UP20_SCORE80_NIKKEION_TP3.5_SL1.25_H3,VALIDATION,2022-12-01,4523.T,WIN,12.993618305157339,2,,,,,,,,3.7410338014735256,3.726731040440298,67.15517263840277
UP20_SCORE80_NIKKEION_TP3.5_SL1.25_H3,VALIDATION,2023-02-01,2768.T,LOSS,-1.8704444313634494,1,,,,,,,,1.4418832874603549,1.59628603672925,61.67016112861338
UP20_SCORE80_NIKKEION_TP3.5_SL1.25_H3,VALIDATION,2023-02-17,5233.T,LOSS,-2.76109820571796,1,,,,,,,,2.1870788814461806,2.0514057799458647,79.34823879636357
UP20_SCORE80_NIKKEION_TP3.5_SL1.25_H3,VALIDATION,2023-02-21,5101.T,WIN,9.063655681934424,1,,,,,,,,2.6181873376955505,3.43627562267025,86.43660675284961
UP20_SCORE80_NIKKEION_TP3.5_SL1.25_H3,VALIDATION,2023-03-03,5406.T,WIN,9.60137047351467,1,,,,,,,,2.771820135289908,1.857140360382404,87.09433998237975
UP20_SCORE80_NIKKEION_TP3.5_SL1.25_H3,VALIDATION,2023-03-06,5406.T,WIN,9.590422756537288,1,,,,,,,,2.768692216153508,1.502203260570827,87.66789665700449
UP20_SCORE80_NIKKEION_TP3.5_SL1.25_H3,VALIDATION,2023-03-07,5406.T,WIN,9.838759854621005,1,,,,,,,,2.8396456727488584,2.0701893640139404,90.18696901800902
UP20_SCORE80_NIKKEION_TP3.5_SL1.25_H3,VALIDATION,2023-03-08,6472.T,WIN,8.774131461873436,1,,,,,,,,2.535466131963841,1.5964971261163212,80.32679424160867
UP20_SCORE80_NIKKEION_TP3.5_SL1.25_H3,VALIDATION,2023-03-09,6472.T,WIN,8.846430099275738,1,,,,,,,,2.5561228855073503,2.0280835938094106,81.64248124982342
UP20_SCORE80_NIKKEION_TP3.5_SL1.25_H3,VALIDATION,2023-03-30,9107.T,WIN,11.874626403568856,1,,,,,,,,3.4213218295911028,2.956640384017868,67.71212740707429
UP20_SCORE80_NIKKEION_TP3.5_SL1.25_H3,VALIDATION,2023-03-31,7735.T,HOLD,1.9952370032169875,3,,,,,,,,2.5391231063714175,1.7645630331178097,71.61649211053447
UP20_SCORE80_NIKKEION_TP3.5_SL1.25_H3,VALIDATION,2023-04-03,6361.T,TIMEOUT_LOSS,-1.4527729564149383,3,,,,,,,,2.384753810496683,1.789481559063365,70.6068253998211
UP20_SCORE80_NIKKEION_TP3.5_SL1.25_H3,VALIDATION,2023-04-04,6501.T,HOLD,0.37960656090801914,3,,,,,,,,2.0304261745622165,1.5221769100292324,70.37175256557059
UP20_SCORE80_NIKKEION_TP3.5_SL1.25_H3,VALIDATION,2023-04-05,7453.T,HOLD,1.1430890333390953,3,,,,,,,,2.549078700278436,2.2329253812711656,54.85035368390627
UP20_SCORE80_NIKKEION_TP3.5_SL1.25_H3,VALIDATION,2023-04-11,9009.T,HOLD,3.1175604922691336,3,,,,,,,,1.9900095906876618,1.6478328517448322,79.14396561216782
UP20_SCORE80_NIKKEION_TP3.5_SL1.25_H3,VALIDATION,2023-04-12,3086.T,WIN,8.473295069973064,1,,,,,,,,2.4495128771351586,2.600409263552136,65.77527308898344
UP20_SCORE80_NIKKEION_TP3.5_SL1.25_H3,VALIDATION,2023-04-13,7453.T,HOLD,2.690558295829437,3,,,,,,,,2.575211037043294,1.6011953311443716,59.13648388012189
UP20_SCORE80_NIKKEION_TP3.5_SL1.25_H3,VALIDATION,2023-04-14,3697.T,TIMEOUT_LOSS,-2.594536581674811,3,,,,,,,,4.121031231711458,1.8575489819439108,70.5419742753867
UP20_SCORE80_NIKKEION_TP3.5_SL1.25_H3,VALIDATION,2023-04-17,6752.T,WIN,6.853163951123554,1,,,,,,,,1.9866182717495888,1.8304620405232623,71.88274667672724
UP20_SCORE80_NIKKEION_TP3.5_SL1.25_H3,VALIDATION,2023-04-19,8253.T,WIN,6.8967269432276606,1,,,,,,,,1.9990648409221896,1.624354060885152,71.01284289908423
UP20_SCORE80_NIKKEION_TP3.5_SL1.25_H3,VALIDATION,2023-04-20,3099.T,WIN,7.97065898705115,3,,,,,,,,2.3059025677288973,1.6848464507467695,64.50758913098556
UP20_SCORE80_NIKKEION_TP3.5_SL1.25_H3,VALIDATION,2023-04-21,6146.T,LOSS,-3.7612538351244007,3,,,,,,,,2.9290030680995187,4.820541702933798,75.78560698122133
UP20_SCORE80_NIKKEION_TP3.5_SL1.25_H3,VALIDATION,2023-04-24,9202.T,WIN,4.872682484096147,1,,,,,,,,1.4207664240274718,3.269837442481966,70.44491341213703
UP20_SCORE80_NIKKEION_TP3.5_SL1.25_H3,VALIDATION,2023-04-25,6503.T,WIN,5.968434276103574,3,,,,,,,,1.733838364601022,2.155498593594048,79.72493429343518
UP20_SCORE80_NIKKEION_TP3.5_SL1.25_H3,VALIDATION,2023-04-26,1803.T,WIN,6.789852849899314,1,,,,,,,,1.9685293856855173,6.0865440632331405,73.83107527961079
UP20_SCORE80_NIKKEION_TP3.5_SL1.25_H3,VALIDATION,2023-04-27,6305.T,WIN,7.360682596508495,1,,,,,,,,2.13162359900243,3.861125217892584,66.4599445715346
UP20_SCORE80_NIKKEION_TP3.5_SL1.25_H3,VALIDATION,2023-04-28,8801.T,WIN,5.472167483422486,1,,,,,,,,1.5920478524064234,2.3953025670888533,79.12301899170511
UP20_SCORE80_NIKKEION_TP3.5_SL1.25_H3,VALIDATION,2023-05-01,7011.T,HOLD,2.5301458927096454,3,,,,,,,,1.6474797805150931,1.631766868235908,66.13065535678693
UP20_SCORE80_NIKKEION_TP3.5_SL1.25_H3,VALIDATION,2023-05-09,5401.T,WIN,7.6815329628745825,1,,,,,,,,2.2232951322498806,2.4216348728935766,63.075672705376185
UP20_SCORE80_NIKKEION_TP3.5_SL1.25_H3,VALIDATION,2023-05-10,9107.T,WIN,12.843377086983454,1,,,,,,,,3.698107739138131,1.6721083015720768,62.615682903241385
UP20_SCORE80_NIKKEION_TP3.5_SL1.25_H3,VALIDATION,2023-05-11,7011.T,HOLD,5.395320426312534,3,,,,,,,,2.1934996524668904,2.628737662337662,62.58737291544723
UP20_SCORE80_NIKKEION_TP3.5_SL1.25_H3,VALIDATION,2023-05-12,5406.T,WIN,12.917749455618422,1,,,,,,,,3.719356987319548,5.052158085537815,68.63672427624891
UP20_SCORE80_NIKKEION_TP3.5_SL1.25_H3,VALIDATION,2023-05-15,5406.T,WIN,13.278925234830108,1,,,,,,,,3.8225500670943178,1.7922546424440156,68.83347968195596
UP20_SCORE80_NIKKEION_TP3.5_SL1.25_H3,VALIDATION,2023-05-16,4188.T,WIN,4.649537925379821,1,,,,,,,,1.3570108358228028,1.900617460813976,63.985237751869725
UP20_SCORE80_NIKKEION_TP3.5_SL1.25_H3,VALIDATION,2023-07-03,5301.T,WIN,8.204038046132023,1,,,,,,,,2.3725822988948613,1.6841448882477126,76.76292337832162
UP20_SCORE80_NIKKEION_TP3.5_SL1.25_H3,VALIDATION,2023-07-05,9107.T,WIN,12.324907569633192,1,,,,,,,,3.5499735913237704,2.150751782310317,69.97459032079043
UP20_SCORE80_NIKKEION_TP3.5_SL1.25_H3,VALIDATION,2023-07-28,8308.T,WIN,8.567502351361867,1,,,,,,,,2.4764292432462476,2.992813465952988,69.19508666855869
UP20_SCORE80_NIKKEION_TP3.5_SL1.25_H3,VALIDATION,2023-07-31,8308.T,TIMEOUT_LOSS,-1.2452531699781444,3,,,,,,,,2.5763241790336844,1.9173748312925836,71.9207173897711
UP20_SCORE80_NIKKEION_TP3.5_SL1.25_H3,VALIDATION,2023-08-01,6976.T,HOLD,1.8693882072037593,3,,,,,,,,2.606764674052127,2.1396985671851048,57.50048021808944
UP20_SCORE80_NIKKEION_TP3.5_SL1.25_H3,VALIDATION,2023-08-29,9501.T,TIMEOUT_LOSS,-2.143950752030588,3,,,,,,,,3.1402072969105355,2.2716801360357546,73.52136944851513
UP20_SCORE80_NIKKEION_TP3.5_SL1.25_H3,VALIDATION,2023-09-08,7532.T,LOSS,-3.3151137198636382,1,,,,,,,,2.657533706705184,1.5087604957949283,59.8378595415099
UP20_SCORE80_NIKKEION_TP3.5_SL1.25_H3,VALIDATION,2023-09-11,8308.T,LOSS,-3.000988102854718,1,,,,,,,,2.390127805566289,1.665899299127487,79.10878705380313
UP20_SCORE80_NIKKEION_TP3.5_SL1.25_H3,VALIDATION,2023-09-12,8316.T,LOSS,-2.2931113670488834,1,,,,,,,,1.7938297784150459,1.6274642753207946,80.10973378734327
UP20_SCORE80_NIKKEION_TP3.5_SL1.25_H3,VALIDATION,2023-09-13,8306.T,LOSS,-2.567145106696045,1,,,,,,,,2.0236422767650737,1.6494697326543106,80.85596893501176
UP20_SCORE80_NIKKEION_TP3.5_SL1.25_H3,VALIDATION,2023-11-13,2501.T,LOSS,-2.9732299218577896,1,,,,,,,,2.3665812583255104,2.601058336455944,83.63371851723367
UP20_SCORE80_NIKKEION_TP3.5_SL1.25_H3,VALIDATION,2023-12-29,7974.T,WIN,5.653738253917762,3,,,,,,,,1.643925215405077,1.9467622373338236,74.74645526007333
UP20_SCORE80_NIKKEION_TP3.5_SL1.25_H3,VALIDATION,2024-01-05,8601.T,WIN,7.635628315990884,1,,,,,,,,2.210179518854538,1.680065341212715,65.83317514015158
UP20_SCORE80_NIKKEION_TP3.5_SL1.25_H3,VALIDATION,2024-01-18,7735.T,WIN,10.909167313103575,1,,,,,,,,3.1454763751724477,1.92320418278728,75.52852009430023
UP20_SCORE80_NIKKEION_TP3.5_SL1.25_H3,VALIDATION,2024-03-05,6146.T,TIMEOUT_LOSS,-0.5588255963961396,3,,,,,,,,3.284602928557382,2.1800391194636752,80.50298701119084
UP20_SCORE80_NIKKEION_TP3.5_SL1.25_H3,VALIDATION,2024-03-06,1802.T,WIN,9.890803785294333,1,,,,,,,,2.8545153672269548,2.554199432260858,85.31838469532941
UP20_SCORE80_NIKKEION_TP3.5_SL1.25_H3,VALIDATION,2024-03-07,7012.T,TIMEOUT_LOSS,-1.3340755048777408,3,,,,,,,,3.210564756415324,3.000958757164228,86.42904059170691
UP20_SCORE80_NIKKEION_TP3.5_SL1.25_H3,VALIDATION,2024-03-21,8804.T,WIN,10.133110865304895,1,,,,,,,,2.923745961515685,1.69173223588183,67.93402062292945
UP20_SCORE80_NIKKEION_TP3.5_SL1.25_H3,VALIDATION,2024-03-22,3099.T,HOLD,6.877494385247552,3,,,,,,,,2.453948221491993,1.5707909104979727,81.63333499499859
UP20_SCORE80_NIKKEION_TP3.5_SL1.25_H3,VALIDATION,2024-03-25,5631.T,WIN,9.327517467571845,2,,,,,,,,2.693576419306239,1.9978760576890136,78.08170396611129
UP20_SCORE80_NIKKEION_TP3.5_SL1.25_H3,VALIDATION,2024-03-26,6504.T,HOLD,4.84654585282166,3,,,,,,,,2.8262976686388814,1.7303010510064722,74.90764016864891
UP20_SCORE80_NIKKEION_TP3.5_SL1.25_H3,VALIDATION,2024-03-27,8308.T,HOLD,0.41721946829534906,3,,,,,,,,3.0733363442166413,1.5960925826296606,69.621051993328
UP20_SCORE80_NIKKEION_TP3.5_SL1.25_H3,VALIDATION,2024-03-28,9501.T,TIMEOUT_LOSS,-1.4722540245678761,3,,,,,,,,4.639511584038658,1.535695399259651,61.44666417260486
UP20_SCORE80_NIKKEION_TP3.5_SL1.25_H3,VALIDATION,2024-05-14,5801.T,HOLD,2.2820223552854624,3,,,,,,,,3.3266977409723695,4.547126157516055,78.26401062449611
UP20_SCORE80_NIKKEION_TP3.5_SL1.25_H3,VALIDATION,2024-05-15,5101.T,LOSS,-3.9293999445333405,1,,,,,,,,3.185505709499344,2.1531057837982357,57.67965645377095
UP20_SCORE80_NIKKEION_TP3.5_SL1.25_H3,VALIDATION,2024-05-30,8331.T,LOSS,-2.831653868293582,1,,,,,,,,2.2466950262275853,1.6671299042083123,76.98906772721455
UP20_SCORE80_NIKKEION_TP3.5_SL1.25_H3,VALIDATION,2024-07-05,7011.T,LOSS,-4.253621900354198,3,,,,,,,,3.3228975202833633,2.5582053497235537,86.65930019007098
UP20_SCORE80_NIKKEION_TP3.5_SL1.25_H3,VALIDATION,2024-07-08,7011.T,LOSS,-4.383136738685778,2,,,,,,,,3.4265093909486253,1.7619016094335518,86.88149005846999
UP20_SCORE80_NIKKEION_TP3.5_SL1.25_H3,VALIDATION,2024-07-09,5803.T,TIMEOUT_LOSS,-0.5020352086310463,3,,,,,,,,3.809966458306757,3.0971420165153285,65.1673118563374
UP20_SCORE80_NIKKEION_TP3.5_SL1.25_H3,VALIDATION,2024-07-10,5803.T,TIMEOUT_LOSS,-2.3216796953875796,3,,,,,,,,3.7783164995058183,1.977109990603468,67.32339376466534
UP20_SCORE80_NIKKEION_TP3.5_SL1.25_H3,VALIDATION,2024-07-12,4519.T,HOLD,0.13311846210201103,3,,,,,,,,2.4175399406305127,1.5207411706833838,76.8046823943933
UP20_SCORE80_NIKKEION_TP3.5_SL1.25_H3,VALIDATION,2024-07-16,6976.T,HOLD,5.223364293422395,3,,,,,,,,3.5256413216273375,1.7389526651481166,77.39298849461471
UP20_SCORE80_NIKKEION_TP3.5_SL1.25_H3,VALIDATION,2024-09-05,6532.T,LOSS,-4.0724577991666955,1,,,,,,,,3.3094320301220614,1.812501141948804,65.73803228477507
UP20_SCORE80_NIKKEION_TP3.5_SL1.25_H3,VALIDATION,2024-11-07,7013.T,HOLD,1.2587562963110144,3,,,,,,,,4.814901131833723,2.2527265778296126,70.02433857866997
UP20_SCORE80_NIKKEION_TP3.5_SL1.25_H3,VALIDATION,2024-11-08,7012.T,LOSS,-5.642775577103631,3,,,,,,,,4.434220461682906,3.200205529096764,69.90419704592867
UP20_SCORE80_NIKKEION_TP3.5_SL1.25_H3,VALIDATION,2024-11-11,5803.T,TIMEOUT_LOSS,-2.420324839515642,3,,,,,,,,5.599984000136319,1.7857249601142264,64.76170419168966
UP20_SCORE80_NIKKEION_TP3.5_SL1.25_H3,VALIDATION,2024-11-12,5801.T,HOLD,9.229748967881969,3,,,,,,,,4.212795453398469,5.95992017197373,85.57524419496607
UP25_SCORE80_NIKKEION_TP4.0_SL1.25_H3,VALIDATION,2022-08-24,7733.T,HOLD,0.1464212754205386,3,,,,,,,,2.487512480075919,1.8547560940531955,65.51391763203654
UP25_SCORE80_NIKKEION_TP4.0_SL1.25_H3,VALIDATION,2022-08-25,7004.T,WIN,9.9108367137995,1,,,,,,,,2.502709178449873,1.68890419213222,64.82502886936872
UP25_SCORE80_NIKKEION_TP4.0_SL1.25_H3,VALIDATION,2022-11-04,8001.T,LOSS,-2.463708860160352,1,,,,,,,,1.936746127953537,1.839102301394961,63.42202249431198
UP25_SCORE80_NIKKEION_TP4.0_SL1.25_H3,VALIDATION,2022-11-10,2501.T,LOSS,-2.8554758179007766,1,,,,,,,,2.266842964024092,2.343872605585045,78.05644952602152
UP25_SCORE80_NIKKEION_TP4.0_SL1.25_H3,VALIDATION,2022-11-30,9434.T,WIN,3.7243532189934148,1,,,,,,,,0.9560883047483518,2.4663342776889188,58.10727871196465
UP25_SCORE80_NIKKEION_TP4.0_SL1.25_H3,VALIDATION,2022-12-01,4523.T,HOLD,9.599960940878594,3,,,,,,,,3.7410338014735256,3.726731040440298,67.15517263840277
UP25_SCORE80_NIKKEION_TP4.0_SL1.25_H3,VALIDATION,2023-02-01,2768.T,LOSS,-1.8704444313634494,1,,,,,,,,1.4418832874603549,1.59628603672925,61.67016112861338
UP25_SCORE80_NIKKEION_TP4.0_SL1.25_H3,VALIDATION,2023-02-17,5233.T,LOSS,-2.76109820571796,1,,,,,,,,2.1870788814461806,2.0514057799458647,79.34823879636357
UP25_SCORE80_NIKKEION_TP4.0_SL1.25_H3,VALIDATION,2023-02-21,5101.T,WIN,10.372749350782195,1,,,,,,,,2.6181873376955505,3.43627562267025,86.43660675284961
UP25_SCORE80_NIKKEION_TP4.0_SL1.25_H3,VALIDATION,2023-03-03,5406.T,WIN,10.98728054115964,1,,,,,,,,2.771820135289908,1.857140360382404,87.09433998237975
UP25_SCORE80_NIKKEION_TP4.0_SL1.25_H3,VALIDATION,2023-03-06,5406.T,WIN,10.974768864614026,1,,,,,,,,2.768692216153508,1.502203260570827,87.66789665700449
UP25_SCORE80_NIKKEION_TP4.0_SL1.25_H3,VALIDATION,2023-03-07,5406.T,WIN,11.258582690995434,1,,,,,,,,2.8396456727488584,2.0701893640139404,90.18696901800902
UP25_SCORE80_NIKKEION_TP4.0_SL1.25_H3,VALIDATION,2023-03-08,6472.T,WIN,10.041864527855372,1,,,,,,,,2.535466131963841,1.5964971261163212,80.32679424160867
UP25_SCORE80_NIKKEION_TP4.0_SL1.25_H3,VALIDATION,2023-03-09,6472.T,WIN,10.124491542029402,1,,,,,,,,2.5561228855073503,2.0280835938094106,81.64248124982342
UP25_SCORE80_NIKKEION_TP4.0_SL1.25_H3,VALIDATION,2023-03-30,9107.T,WIN,13.585287318364403,1,,,,,,,,3.4213218295911028,2.956640384017868,67.71212740707429
UP25_SCORE80_NIKKEION_TP4.0_SL1.25_H3,VALIDATION,2023-03-31,7735.T,HOLD,1.9952370032169875,3,,,,,,,,2.5391231063714175,1.7645630331178097,71.61649211053447
UP25_SCORE80_NIKKEION_TP4.0_SL1.25_H3,VALIDATION,2023-04-03,6361.T,TIMEOUT_LOSS,-1.4527729564149383,3,,,,,,,,2.384753810496683,1.789481559063365,70.6068253998211
UP25_SCORE80_NIKKEION_TP4.0_SL1.25_H3,VALIDATION,2023-04-04,6501.T,HOLD,0.37960656090801914,3,,,,,,,,2.0304261745622165,1.5221769100292324,70.37175256557059
UP25_SCORE80_NIKKEION_TP4.0_SL1.25_H3,VALIDATION,2023-04-05,7453.T,HOLD,1.1430890333390953,3,,,,,,,,2.549078700278436,2.2329253812711656,54.85035368390627
UP25_SCORE80_NIKKEION_TP4.0_SL1.25_H3,VALIDATION,2023-04-11,9009.T,HOLD,3.1175604922691336,3,,,,,,,,1.9900095906876618,1.6478328517448322,79.14396561216782
UP25_SCORE80_NIKKEION_TP4.0_SL1.25_H3,VALIDATION,2023-04-12,3086.T,WIN,9.698051508540628,2,,,,,,,,2.4495128771351586,2.600409263552136,65.77527308898344
UP25_SCORE80_NIKKEION_TP4.0_SL1.25_H3,VALIDATION,2023-04-13,7453.T,HOLD,2.690558295829437,3,,,,,,,,2.575211037043294,1.6011953311443716,59.13648388012189
UP25_SCORE80_NIKKEION_TP4.0_SL1.25_H3,VALIDATION,2023-04-14,3697.T,TIMEOUT_LOSS,-2.594536581674811,3,,,,,,,,4.121031231711458,1.8575489819439108,70.5419742753867
UP25_SCORE80_NIKKEION_TP4.0_SL1.25_H3,VALIDATION,2023-04-17,6752.T,WIN,7.846473086998363,1,,,,,,,,1.9866182717495888,1.8304620405232623,71.88274667672724
UP25_SCORE80_NIKKEION_TP4.0_SL1.25_H3,VALIDATION,2023-04-19,8253.T,WIN,7.896259363688752,1,,,,,,,,1.9990648409221896,1.624354060885152,71.01284289908423
UP25_SCORE80_NIKKEION_TP4.0_SL1.25_H3,VALIDATION,2023-04-20,3099.T,HOLD,5.114970486944837,3,,,,,,,,2.3059025677288973,1.6848464507467695,64.50758913098556
UP25_SCORE80_NIKKEION_TP4.0_SL1.25_H3,VALIDATION,2023-04-21,6146.T,LOSS,-3.7612538351244007,3,,,,,,,,2.9290030680995187,4.820541702933798,75.78560698122133
UP25_SCORE80_NIKKEION_TP4.0_SL1.25_H3,VALIDATION,2023-04-24,9202.T,WIN,5.5830656961098795,1,,,,,,,,1.4207664240274718,3.269837442481966,70.44491341213703
UP25_SCORE80_NIKKEION_TP4.0_SL1.25_H3,VALIDATION,2023-04-25,6503.T,HOLD,5.101515093803067,3,,,,,,,,1.733838364601022,2.155498593594048,79.72493429343518
UP25_SCORE80_NIKKEION_TP4.0_SL1.25_H3,VALIDATION,2023-04-26,1803.T,WIN,7.774117542742077,1,,,,,,,,1.9685293856855173,6.0865440632331405,73.83107527961079
UP25_SCORE80_NIKKEION_TP4.0_SL1.25_H3,VALIDATION,2023-04-27,6305.T,WIN,8.426494396009721,1,,,,,,,,2.13162359900243,3.861125217892584,66.4599445715346
UP25_SCORE80_NIKKEION_TP4.0_SL1.25_H3,VALIDATION,2023-04-28,8801.T,WIN,6.268191409625701,1,,,,,,,,1.5920478524064234,2.3953025670888533,79.12301899170511
UP25_SCORE80_NIKKEION_TP4.0_SL1.25_H3,VALIDATION,2023-05-01,7011.T,HOLD,2.5301458927096454,3,,,,,,,,1.6474797805150931,1.631766868235908,66.13065535678693
UP25_SCORE80_NIKKEION_TP4.0_SL1.25_H3,VALIDATION,2023-05-09,5401.T,WIN,8.793180528999523,1,,,,,,,,2.2232951322498806,2.4216348728935766,63.075672705376185
UP25_SCORE80_NIKKEION_TP4.0_SL1.25_H3,VALIDATION,2023-05-10,9107.T,WIN,14.692430956552515,1,,,,,,,,3.698107739138131,1.6721083015720768,62.615682903241385
UP25_SCORE80_NIKKEION_TP4.0_SL1.25_H3,VALIDATION,2023-05-11,7011.T,HOLD,5.395320426312534,3,,,,,,,,2.1934996524668904,2.628737662337662,62.58737291544723
UP25_SCORE80_NIKKEION_TP4.0_SL1.25_H3,VALIDATION,2023-05-12,5406.T,WIN,14.7774279492782,1,,,,,,,,3.719356987319548,5.052158085537815,68.63672427624891
UP25_SCORE80_NIKKEION_TP4.0_SL1.25_H3,VALIDATION,2023-05-15,5406.T,WIN,15.190200268377263,1,,,,,,,,3.8225500670943178,1.7922546424440156,68.83347968195596
UP25_SCORE80_NIKKEION_TP4.0_SL1.25_H3,VALIDATION,2023-05-16,4188.T,WIN,5.3280433432912115,1,,,,,,,,1.3570108358228028,1.900617460813976,63.985237751869725
UP25_SCORE80_NIKKEION_TP4.0_SL1.25_H3,VALIDATION,2023-07-03,5301.T,WIN,9.390329195579438,1,,,,,,,,2.3725822988948613,1.6841448882477126,76.76292337832162
UP25_SCORE80_NIKKEION_TP4.0_SL1.25_H3,VALIDATION,2023-07-05,9107.T,WIN,14.099894365295073,1,,,,,,,,3.5499735913237704,2.150751782310317,69.97459032079043
UP25_SCORE80_NIKKEION_TP4.0_SL1.25_H3,VALIDATION,2023-07-28,9501.T,HOLD,3.2351680043808506,3,,,,,,,,2.767087336120648,1.7704078849426244,62.30307264168
UP25_SCORE80_NIKKEION_TP4.0_SL1.25_H3,VALIDATION,2023-07-31,8308.T,TIMEOUT_LOSS,-1.2452531699781444,3,,,,,,,,2.5763241790336844,1.9173748312925836,71.9207173897711
UP25_SCORE80_NIKKEION_TP4.0_SL1.25_H3,VALIDATION,2023-08-01,6976.T,HOLD,1.8693882072037593,3,,,,,,,,2.606764674052127,2.1396985671851048,57.50048021808944
UP25_SCORE80_NIKKEION_TP4.0_SL1.25_H3,VALIDATION,2023-08-29,9501.T,TIMEOUT_LOSS,-2.143950752030588,3,,,,,,,,3.1402072969105355,2.2716801360357546,73.52136944851513
UP25_SCORE80_NIKKEION_TP4.0_SL1.25_H3,VALIDATION,2023-09-08,7532.T,LOSS,-3.3151137198636382,1,,,,,,,,2.657533706705184,1.5087604957949283,59.8378595415099
UP25_SCORE80_NIKKEION_TP4.0_SL1.25_H3,VALIDATION,2023-09-11,8308.T,LOSS,-3.000988102854718,1,,,,,,,,2.390127805566289,1.665899299127487,79.10878705380313
UP25_SCORE80_NIKKEION_TP4.0_SL1.25_H3,VALIDATION,2023-09-12,8316.T,LOSS,-2.2931113670488834,1,,,,,,,,1.7938297784150459,1.6274642753207946,80.10973378734327
UP25_SCORE80_NIKKEION_TP4.0_SL1.25_H3,VALIDATION,2023-09-13,8306.T,LOSS,-2.567145106696045,1,,,,,,,,2.0236422767650737,1.6494697326543106,80.85596893501176
UP25_SCORE80_NIKKEION_TP4.0_SL1.25_H3,VALIDATION,2023-11-13,2501.T,LOSS,-2.9732299218577896,1,,,,,,,,2.3665812583255104,2.601058336455944,83.63371851723367
UP25_SCORE80_NIKKEION_TP4.0_SL1.25_H3,VALIDATION,2023-12-29,7974.T,WIN,6.475700861620315,3,,,,,,,,1.643925215405077,1.9467622373338236,74.74645526007333
UP25_SCORE80_NIKKEION_TP4.0_SL1.25_H3,VALIDATION,2024-01-05,8601.T,WIN,8.740718075418153,1,,,,,,,,2.210179518854538,1.680065341212715,65.83317514015158
UP25_SCORE80_NIKKEION_TP4.0_SL1.25_H3,VALIDATION,2024-01-18,7735.T,WIN,12.481905500689782,2,,,,,,,,3.1454763751724477,1.92320418278728,75.52852009430023
UP25_SCORE80_NIKKEION_TP4.0_SL1.25_H3,VALIDATION,2024-03-05,6146.T,TIMEOUT_LOSS,-0.5588255963961396,3,,,,,,,,3.284602928557382,2.1800391194636752,80.50298701119084
UP25_SCORE80_NIKKEION_TP4.0_SL1.25_H3,VALIDATION,2024-03-06,1802.T,WIN,11.318061468907826,2,,,,,,,,2.8545153672269548,2.554199432260858,85.31838469532941
UP25_SCORE80_NIKKEION_TP4.0_SL1.25_H3,VALIDATION,2024-03-07,7012.T,TIMEOUT_LOSS,-1.3340755048777408,3,,,,,,,,3.210564756415324,3.000958757164228,86.42904059170691
UP25_SCORE80_NIKKEION_TP4.0_SL1.25_H3,VALIDATION,2024-03-21,8804.T,HOLD,8.89775024998759,3,,,,,,,,2.923745961515685,1.69173223588183,67.93402062292945
UP25_SCORE80_NIKKEION_TP4.0_SL1.25_H3,VALIDATION,2024-03-22,3099.T,HOLD,6.877494385247552,3,,,,,,,,2.453948221491993,1.5707909104979727,81.63333499499859
UP25_SCORE80_NIKKEION_TP4.0_SL1.25_H3,VALIDATION,2024-03-25,5631.T,WIN,10.674305677224948,2,,,,,,,,2.693576419306239,1.9978760576890136,78.08170396611129
UP25_SCORE80_NIKKEION_TP4.0_SL1.25_H3,VALIDATION,2024-03-26,6504.T,HOLD,4.84654585282166,3,,,,,,,,2.8262976686388814,1.7303010510064722,74.90764016864891
UP25_SCORE80_NIKKEION_TP4.0_SL1.25_H3,VALIDATION,2024-03-27,8308.T,HOLD,0.41721946829534906,3,,,,,,,,3.0733363442166413,1.5960925826296606,69.621051993328
UP25_SCORE80_NIKKEION_TP4.0_SL1.25_H3,VALIDATION,2024-03-28,9501.T,TIMEOUT_LOSS,-1.4722540245678761,3,,,,,,,,4.639511584038658,1.535695399259651,61.44666417260486
UP25_SCORE80_NIKKEION_TP4.0_SL1.25_H3,VALIDATION,2024-05-14,5801.T,HOLD,2.2820223552854624,3,,,,,,,,3.3266977409723695,4.547126157516055,78.26401062449611
UP25_SCORE80_NIKKEION_TP4.0_SL1.25_H3,VALIDATION,2024-05-15,5101.T,LOSS,-3.9293999445333405,1,,,,,,,,3.185505709499344,2.1531057837982357,57.67965645377095
UP25_SCORE80_NIKKEION_TP4.0_SL1.25_H3,VALIDATION,2024-05-30,8331.T,LOSS,-2.831653868293582,1,,,,,,,,2.2466950262275853,1.6671299042083123,76.98906772721455
UP25_SCORE80_NIKKEION_TP4.0_SL1.25_H3,VALIDATION,2024-07-05,7011.T,LOSS,-4.253621900354198,3,,,,,,,,3.3228975202833633,2.5582053497235537,86.65930019007098
UP25_SCORE80_NIKKEION_TP4.0_SL1.25_H3,VALIDATION,2024-07-08,7011.T,LOSS,-4.383136738685778,2,,,,,,,,3.4265093909486253,1.7619016094335518,86.88149005846999
UP25_SCORE80_NIKKEION_TP4.0_SL1.25_H3,VALIDATION,2024-07-09,5803.T,TIMEOUT_LOSS,-0.5020352086310463,3,,,,,,,,3.809966458306757,3.0971420165153285,65.1673118563374
UP25_SCORE80_NIKKEION_TP4.0_SL1.25_H3,VALIDATION,2024-07-10,5803.T,TIMEOUT_LOSS,-2.3216796953875796,3,,,,,,,,3.7783164995058183,1.977109990603468,67.32339376466534
UP25_SCORE80_NIKKEION_TP4.0_SL1.25_H3,VALIDATION,2024-07-12,4519.T,HOLD,0.13311846210201103,3,,,,,,,,2.4175399406305127,1.5207411706833838,76.8046823943933
UP25_SCORE80_NIKKEION_TP4.0_SL1.25_H3,VALIDATION,2024-07-16,6976.T,HOLD,5.223364293422395,3,,,,,,,,3.5256413216273375,1.7389526651481166,77.39298849461471
UP25_SCORE80_NIKKEION_TP4.0_SL1.25_H3,VALIDATION,2024-09-05,6532.T,LOSS,-4.0724577991666955,1,,,,,,,,3.3094320301220614,1.812501141948804,65.73803228477507
UP25_SCORE80_NIKKEION_TP4.0_SL1.25_H3,VALIDATION,2024-11-07,7013.T,HOLD,1.2587562963110144,3,,,,,,,,4.814901131833723,2.2527265778296126,70.02433857866997
UP25_SCORE80_NIKKEION_TP4.0_SL1.25_H3,VALIDATION,2024-11-08,7012.T,LOSS,-5.642775577103631,3,,,,,,,,4.434220461682906,3.200205529096764,69.90419704592867
UP25_SCORE80_NIKKEION_TP4.0_SL1.25_H3,VALIDATION,2024-11-11,5803.T,TIMEOUT_LOSS,-2.420324839515642,3,,,,,,,,5.599984000136319,1.7857249601142264,64.76170419168966
UP25_SCORE80_NIKKEION_TP4.0_SL1.25_H3,VALIDATION,2024-11-12,5801.T,HOLD,9.229748967881969,3,,,,,,,,4.212795453398469,5.95992017197373,85.57524419496607
UP30_SCORE80_NIKKEION_TP4.0_SL1.25_H3,VALIDATION,2022-08-24,7733.T,HOLD,0.1464212754205386,3,,,,,,,,2.487512480075919,1.8547560940531955,65.51391763203654
UP30_SCORE80_NIKKEION_TP4.0_SL1.25_H3,VALIDATION,2022-08-25,7004.T,WIN,9.9108367137995,1,,,,,,,,2.502709178449873,1.68890419213222,64.82502886936872
UP30_SCORE80_NIKKEION_TP4.0_SL1.25_H3,VALIDATION,2022-11-04,8001.T,LOSS,-2.463708860160352,1,,,,,,,,1.936746127953537,1.839102301394961,63.42202249431198
UP30_SCORE80_NIKKEION_TP4.0_SL1.25_H3,VALIDATION,2022-11-10,2501.T,LOSS,-2.8554758179007766,1,,,,,,,,2.266842964024092,2.343872605585045,78.05644952602152
UP30_SCORE80_NIKKEION_TP4.0_SL1.25_H3,VALIDATION,2022-11-30,9434.T,WIN,3.7243532189934148,1,,,,,,,,0.9560883047483518,2.4663342776889188,58.10727871196465
UP30_SCORE80_NIKKEION_TP4.0_SL1.25_H3,VALIDATION,2022-12-01,4523.T,HOLD,9.599960940878594,3,,,,,,,,3.7410338014735256,3.726731040440298,67.15517263840277
UP30_SCORE80_NIKKEION_TP4.0_SL1.25_H3,VALIDATION,2023-02-01,2768.T,LOSS,-1.8704444313634494,1,,,,,,,,1.4418832874603549,1.59628603672925,61.67016112861338
UP30_SCORE80_NIKKEION_TP4.0_SL1.25_H3,VALIDATION,2023-02-17,5233.T,LOSS,-2.76109820571796,1,,,,,,,,2.1870788814461806,2.0514057799458647,79.34823879636357
UP30_SCORE80_NIKKEION_TP4.0_SL1.25_H3,VALIDATION,2023-02-21,5101.T,WIN,10.372749350782195,1,,,,,,,,2.6181873376955505,3.43627562267025,86.43660675284961
UP30_SCORE80_NIKKEION_TP4.0_SL1.25_H3,VALIDATION,2023-03-03,5406.T,WIN,10.98728054115964,1,,,,,,,,2.771820135289908,1.857140360382404,87.09433998237975
UP30_SCORE80_NIKKEION_TP4.0_SL1.25_H3,VALIDATION,2023-03-06,5406.T,WIN,10.974768864614026,1,,,,,,,,2.768692216153508,1.502203260570827,87.66789665700449
UP30_SCORE80_NIKKEION_TP4.0_SL1.25_H3,VALIDATION,2023-03-07,5406.T,WIN,11.258582690995434,1,,,,,,,,2.8396456727488584,2.0701893640139404,90.18696901800902
UP30_SCORE80_NIKKEION_TP4.0_SL1.25_H3,VALIDATION,2023-03-08,6472.T,WIN,10.041864527855372,1,,,,,,,,2.535466131963841,1.5964971261163212,80.32679424160867
UP30_SCORE80_NIKKEION_TP4.0_SL1.25_H3,VALIDATION,2023-03-09,6472.T,WIN,10.124491542029402,1,,,,,,,,2.5561228855073503,2.0280835938094106,81.64248124982342
UP30_SCORE80_NIKKEION_TP4.0_SL1.25_H3,VALIDATION,2023-03-30,9107.T,WIN,13.585287318364403,1,,,,,,,,3.4213218295911028,2.956640384017868,67.71212740707429
UP30_SCORE80_NIKKEION_TP4.0_SL1.25_H3,VALIDATION,2023-03-31,7735.T,HOLD,1.9952370032169875,3,,,,,,,,2.5391231063714175,1.7645630331178097,71.61649211053447
UP30_SCORE80_NIKKEION_TP4.0_SL1.25_H3,VALIDATION,2023-04-03,6361.T,TIMEOUT_LOSS,-1.4527729564149383,3,,,,,,,,2.384753810496683,1.789481559063365,70.6068253998211
UP30_SCORE80_NIKKEION_TP4.0_SL1.25_H3,VALIDATION,2023-04-04,6501.T,HOLD,0.37960656090801914,3,,,,,,,,2.0304261745622165,1.5221769100292324,70.37175256557059
UP30_SCORE80_NIKKEION_TP4.0_SL1.25_H3,VALIDATION,2023-04-05,7453.T,HOLD,1.1430890333390953,3,,,,,,,,2.549078700278436,2.2329253812711656,54.85035368390627
UP30_SCORE80_NIKKEION_TP4.0_SL1.25_H3,VALIDATION,2023-04-11,9009.T,HOLD,3.1175604922691336,3,,,,,,,,1.9900095906876618,1.6478328517448322,79.14396561216782
UP30_SCORE80_NIKKEION_TP4.0_SL1.25_H3,VALIDATION,2023-04-12,3086.T,WIN,9.698051508540628,2,,,,,,,,2.4495128771351586,2.600409263552136,65.77527308898344
UP30_SCORE80_NIKKEION_TP4.0_SL1.25_H3,VALIDATION,2023-04-13,7453.T,HOLD,2.690558295829437,3,,,,,,,,2.575211037043294,1.6011953311443716,59.13648388012189
UP30_SCORE80_NIKKEION_TP4.0_SL1.25_H3,VALIDATION,2023-04-14,3697.T,TIMEOUT_LOSS,-2.594536581674811,3,,,,,,,,4.121031231711458,1.8575489819439108,70.5419742753867
UP30_SCORE80_NIKKEION_TP4.0_SL1.25_H3,VALIDATION,2023-04-17,6752.T,WIN,7.846473086998363,1,,,,,,,,1.9866182717495888,1.8304620405232623,71.88274667672724
UP30_SCORE80_NIKKEION_TP4.0_SL1.25_H3,VALIDATION,2023-04-19,8253.T,WIN,7.896259363688752,1,,,,,,,,1.9990648409221896,1.624354060885152,71.01284289908423
UP30_SCORE80_NIKKEION_TP4.0_SL1.25_H3,VALIDATION,2023-04-20,3099.T,HOLD,5.114970486944837,3,,,,,,,,2.3059025677288973,1.6848464507467695,64.50758913098556
UP30_SCORE80_NIKKEION_TP4.0_SL1.25_H3,VALIDATION,2023-04-21,6146.T,LOSS,-3.7612538351244007,3,,,,,,,,2.9290030680995187,4.820541702933798,75.78560698122133
UP30_SCORE80_NIKKEION_TP4.0_SL1.25_H3,VALIDATION,2023-04-24,9202.T,WIN,5.5830656961098795,1,,,,,,,,1.4207664240274718,3.269837442481966,70.44491341213703
UP30_SCORE80_NIKKEION_TP4.0_SL1.25_H3,VALIDATION,2023-04-25,6503.T,HOLD,5.101515093803067,3,,,,,,,,1.733838364601022,2.155498593594048,79.72493429343518
UP30_SCORE80_NIKKEION_TP4.0_SL1.25_H3,VALIDATION,2023-04-26,1803.T,WIN,7.774117542742077,1,,,,,,,,1.9685293856855173,6.0865440632331405,73.83107527961079
UP30_SCORE80_NIKKEION_TP4.0_SL1.25_H3,VALIDATION,2023-04-27,6305.T,WIN,8.426494396009721,1,,,,,,,,2.13162359900243,3.861125217892584,66.4599445715346
UP30_SCORE80_NIKKEION_TP4.0_SL1.25_H3,VALIDATION,2023-04-28,8801.T,WIN,6.268191409625701,1,,,,,,,,1.5920478524064234,2.3953025670888533,79.12301899170511
UP30_SCORE80_NIKKEION_TP4.0_SL1.25_H3,VALIDATION,2023-05-01,7011.T,HOLD,2.5301458927096454,3,,,,,,,,1.6474797805150931,1.631766868235908,66.13065535678693
UP30_SCORE80_NIKKEION_TP4.0_SL1.25_H3,VALIDATION,2023-05-09,5401.T,WIN,8.793180528999523,1,,,,,,,,2.2232951322498806,2.4216348728935766,63.075672705376185
UP30_SCORE80_NIKKEION_TP4.0_SL1.25_H3,VALIDATION,2023-05-10,9107.T,WIN,14.692430956552515,1,,,,,,,,3.698107739138131,1.6721083015720768,62.615682903241385
UP30_SCORE80_NIKKEION_TP4.0_SL1.25_H3,VALIDATION,2023-05-11,7011.T,HOLD,5.395320426312534,3,,,,,,,,2.1934996524668904,2.628737662337662,62.58737291544723
UP30_SCORE80_NIKKEION_TP4.0_SL1.25_H3,VALIDATION,2023-05-12,5406.T,WIN,14.7774279492782,1,,,,,,,,3.719356987319548,5.052158085537815,68.63672427624891
UP30_SCORE80_NIKKEION_TP4.0_SL1.25_H3,VALIDATION,2023-05-15,5406.T,WIN,15.190200268377263,1,,,,,,,,3.8225500670943178,1.7922546424440156,68.83347968195596
UP30_SCORE80_NIKKEION_TP4.0_SL1.25_H3,VALIDATION,2023-05-16,4188.T,WIN,5.3280433432912115,1,,,,,,,,1.3570108358228028,1.900617460813976,63.985237751869725
UP30_SCORE80_NIKKEION_TP4.0_SL1.25_H3,VALIDATION,2023-07-03,5301.T,WIN,9.390329195579438,1,,,,,,,,2.3725822988948613,1.6841448882477126,76.76292337832162
UP30_SCORE80_NIKKEION_TP4.0_SL1.25_H3,VALIDATION,2023-07-05,9107.T,WIN,14.099894365295073,1,,,,,,,,3.5499735913237704,2.150751782310317,69.97459032079043
UP30_SCORE80_NIKKEION_TP4.0_SL1.25_H3,VALIDATION,2023-07-28,9501.T,HOLD,3.2351680043808506,3,,,,,,,,2.767087336120648,1.7704078849426244,62.30307264168
UP30_SCORE80_NIKKEION_TP4.0_SL1.25_H3,VALIDATION,2023-07-31,8308.T,TIMEOUT_LOSS,-1.2452531699781444,3,,,,,,,,2.5763241790336844,1.9173748312925836,71.9207173897711
UP30_SCORE80_NIKKEION_TP4.0_SL1.25_H3,VALIDATION,2023-08-01,6976.T,HOLD,1.8693882072037593,3,,,,,,,,2.606764674052127,2.1396985671851048,57.50048021808944
UP30_SCORE80_NIKKEION_TP4.0_SL1.25_H3,VALIDATION,2023-08-29,9501.T,TIMEOUT_LOSS,-2.143950752030588,3,,,,,,,,3.1402072969105355,2.2716801360357546,73.52136944851513
UP30_SCORE80_NIKKEION_TP4.0_SL1.25_H3,VALIDATION,2023-09-08,7532.T,LOSS,-3.3151137198636382,1,,,,,,,,2.657533706705184,1.5087604957949283,59.8378595415099
UP30_SCORE80_NIKKEION_TP4.0_SL1.25_H3,VALIDATION,2023-09-11,8308.T,LOSS,-3.000988102854718,1,,,,,,,,2.390127805566289,1.665899299127487,79.10878705380313
UP30_SCORE80_NIKKEION_TP4.0_SL1.25_H3,VALIDATION,2023-09-12,8316.T,LOSS,-2.2931113670488834,1,,,,,,,,1.7938297784150459,1.6274642753207946,80.10973378734327
UP30_SCORE80_NIKKEION_TP4.0_SL1.25_H3,VALIDATION,2023-09-13,8306.T,LOSS,-2.567145106696045,1,,,,,,,,2.0236422767650737,1.6494697326543106,80.85596893501176
UP30_SCORE80_NIKKEION_TP4.0_SL1.25_H3,VALIDATION,2023-11-13,2501.T,LOSS,-2.9732299218577896,1,,,,,,,,2.3665812583255104,2.601058336455944,83.63371851723367
UP30_SCORE80_NIKKEION_TP4.0_SL1.25_H3,VALIDATION,2023-12-29,7974.T,WIN,6.475700861620315,3,,,,,,,,1.643925215405077,1.9467622373338236,74.74645526007333
UP30_SCORE80_NIKKEION_TP4.0_SL1.25_H3,VALIDATION,2024-01-05,8601.T,WIN,8.740718075418153,1,,,,,,,,2.210179518854538,1.680065341212715,65.83317514015158
UP30_SCORE80_NIKKEION_TP4.0_SL1.25_H3,VALIDATION,2024-01-18,7735.T,WIN,12.481905500689782,2,,,,,,,,3.1454763751724477,1.92320418278728,75.52852009430023
UP30_SCORE80_NIKKEION_TP4.0_SL1.25_H3,VALIDATION,2024-03-05,6146.T,TIMEOUT_LOSS,-0.5588255963961396,3,,,,,,,,3.284602928557382,2.1800391194636752,80.50298701119084
UP30_SCORE80_NIKKEION_TP4.0_SL1.25_H3,VALIDATION,2024-03-06,1802.T,WIN,11.318061468907826,2,,,,,,,,2.8545153672269548,2.554199432260858,85.31838469532941
UP30_SCORE80_NIKKEION_TP4.0_SL1.25_H3,VALIDATION,2024-03-07,7012.T,TIMEOUT_LOSS,-1.3340755048777408,3,,,,,,,,3.210564756415324,3.000958757164228,86.42904059170691
UP30_SCORE80_NIKKEION_TP4.0_SL1.25_H3,VALIDATION,2024-03-21,8804.T,HOLD,8.89775024998759,3,,,,,,,,2.923745961515685,1.69173223588183,67.93402062292945
UP30_SCORE80_NIKKEION_TP4.0_SL1.25_H3,VALIDATION,2024-03-22,3099.T,HOLD,6.877494385247552,3,,,,,,,,2.453948221491993,1.5707909104979727,81.63333499499859
UP30_SCORE80_NIKKEION_TP4.0_SL1.25_H3,VALIDATION,2024-03-25,5631.T,WIN,10.674305677224948,2,,,,,,,,2.693576419306239,1.9978760576890136,78.08170396611129
UP30_SCORE80_NIKKEION_TP4.0_SL1.25_H3,VALIDATION,2024-03-26,6504.T,HOLD,4.84654585282166,3,,,,,,,,2.8262976686388814,1.7303010510064722,74.90764016864891
UP30_SCORE80_NIKKEION_TP4.0_SL1.25_H3,VALIDATION,2024-03-27,8308.T,HOLD,0.41721946829534906,3,,,,,,,,3.0733363442166413,1.5960925826296606,69.621051993328
UP30_SCORE80_NIKKEION_TP4.0_SL1.25_H3,VALIDATION,2024-03-28,9501.T,TIMEOUT_LOSS,-1.4722540245678761,3,,,,,,,,4.639511584038658,1.535695399259651,61.44666417260486
UP30_SCORE80_NIKKEION_TP4.0_SL1.25_H3,VALIDATION,2024-05-14,5801.T,HOLD,2.2820223552854624,3,,,,,,,,3.3266977409723695,4.547126157516055,78.26401062449611
UP30_SCORE80_NIKKEION_TP4.0_SL1.25_H3,VALIDATION,2024-05-15,5101.T,LOSS,-3.9293999445333405,1,,,,,,,,3.185505709499344,2.1531057837982357,57.67965645377095
UP30_SCORE80_NIKKEION_TP4.0_SL1.25_H3,VALIDATION,2024-05-30,8331.T,LOSS,-2.831653868293582,1,,,,,,,,2.2466950262275853,1.6671299042083123,76.98906772721455
UP30_SCORE80_NIKKEION_TP4.0_SL1.25_H3,VALIDATION,2024-07-05,7011.T,LOSS,-4.253621900354198,3,,,,,,,,3.3228975202833633,2.5582053497235537,86.65930019007098
UP30_SCORE80_NIKKEION_TP4.0_SL1.25_H3,VALIDATION,2024-07-08,7011.T,LOSS,-4.383136738685778,2,,,,,,,,3.4265093909486253,1.7619016094335518,86.88149005846999
UP30_SCORE80_NIKKEION_TP4.0_SL1.25_H3,VALIDATION,2024-07-09,5803.T,TIMEOUT_LOSS,-0.5020352086310463,3,,,,,,,,3.809966458306757,3.0971420165153285,65.1673118563374
UP30_SCORE80_NIKKEION_TP4.0_SL1.25_H3,VALIDATION,2024-07-10,5803.T,TIMEOUT_LOSS,-2.3216796953875796,3,,,,,,,,3.7783164995058183,1.977109990603468,67.32339376466534
UP30_SCORE80_NIKKEION_TP4.0_SL1.25_H3,VALIDATION,2024-07-12,4519.T,HOLD,0.13311846210201103,3,,,,,,,,2.4175399406305127,1.5207411706833838,76.8046823943933
UP30_SCORE80_NIKKEION_TP4.0_SL1.25_H3,VALIDATION,2024-07-16,6976.T,HOLD,5.223364293422395,3,,,,,,,,3.5256413216273375,1.7389526651481166,77.39298849461471
UP30_SCORE80_NIKKEION_TP4.0_SL1.25_H3,VALIDATION,2024-09-05,6532.T,LOSS,-4.0724577991666955,1,,,,,,,,3.3094320301220614,1.812501141948804,65.73803228477507
UP30_SCORE80_NIKKEION_TP4.0_SL1.25_H3,VALIDATION,2024-11-07,7013.T,HOLD,1.2587562963110144,3,,,,,,,,4.814901131833723,2.2527265778296126,70.02433857866997
UP30_SCORE80_NIKKEION_TP4.0_SL1.25_H3,VALIDATION,2024-11-08,7012.T,LOSS,-5.642775577103631,3,,,,,,,,4.434220461682906,3.200205529096764,69.90419704592867
UP30_SCORE80_NIKKEION_TP4.0_SL1.25_H3,VALIDATION,2024-11-11,5803.T,TIMEOUT_LOSS,-2.420324839515642,3,,,,,,,,5.599984000136319,1.7857249601142264,64.76170419168966
UP30_SCORE80_NIKKEION_TP4.0_SL1.25_H3,VALIDATION,2024-11-12,5801.T,HOLD,9.229748967881969,3,,,,,,,,4.212795453398469,5.95992017197373,85.57524419496607
UP25_SCORE80_NIKKEION_TP3.5_SL1.25_H3,VALIDATION,2022-08-24,7733.T,HOLD,0.1464212754205386,3,,,,,,,,2.487512480075919,1.8547560940531955,65.51391763203654
UP25_SCORE80_NIKKEION_TP3.5_SL1.25_H3,VALIDATION,2022-08-25,7004.T,WIN,8.659482124574557,1,,,,,,,,2.502709178449873,1.68890419213222,64.82502886936872
UP25_SCORE80_NIKKEION_TP3.5_SL1.25_H3,VALIDATION,2022-11-04,8001.T,LOSS,-2.463708860160352,1,,,,,,,,1.936746127953537,1.839102301394961,63.42202249431198
UP25_SCORE80_NIKKEION_TP3.5_SL1.25_H3,VALIDATION,2022-11-10,2501.T,LOSS,-2.8554758179007766,1,,,,,,,,2.266842964024092,2.343872605585045,78.05644952602152
UP25_SCORE80_NIKKEION_TP3.5_SL1.25_H3,VALIDATION,2022-11-30,9434.T,WIN,3.246309066619235,1,,,,,,,,0.9560883047483518,2.4663342776889188,58.10727871196465
UP25_SCORE80_NIKKEION_TP3.5_SL1.25_H3,VALIDATION,2022-12-01,4523.T,WIN,12.993618305157339,2,,,,,,,,3.7410338014735256,3.726731040440298,67.15517263840277
UP25_SCORE80_NIKKEION_TP3.5_SL1.25_H3,VALIDATION,2023-02-01,2768.T,LOSS,-1.8704444313634494,1,,,,,,,,1.4418832874603549,1.59628603672925,61.67016112861338
UP25_SCORE80_NIKKEION_TP3.5_SL1.25_H3,VALIDATION,2023-02-17,5233.T,LOSS,-2.76109820571796,1,,,,,,,,2.1870788814461806,2.0514057799458647,79.34823879636357
UP25_SCORE80_NIKKEION_TP3.5_SL1.25_H3,VALIDATION,2023-02-21,5101.T,WIN,9.063655681934424,1,,,,,,,,2.6181873376955505,3.43627562267025,86.43660675284961
UP25_SCORE80_NIKKEION_TP3.5_SL1.25_H3,VALIDATION,2023-03-03,5406.T,WIN,9.60137047351467,1,,,,,,,,2.771820135289908,1.857140360382404,87.09433998237975
UP25_SCORE80_NIKKEION_TP3.5_SL1.25_H3,VALIDATION,2023-03-06,5406.T,WIN,9.590422756537288,1,,,,,,,,2.768692216153508,1.502203260570827,87.66789665700449
UP25_SCORE80_NIKKEION_TP3.5_SL1.25_H3,VALIDATION,2023-03-07,5406.T,WIN,9.838759854621005,1,,,,,,,,2.8396456727488584,2.0701893640139404,90.18696901800902
UP25_SCORE80_NIKKEION_TP3.5_SL1.25_H3,VALIDATION,2023-03-08,6472.T,WIN,8.774131461873436,1,,,,,,,,2.535466131963841,1.5964971261163212,80.32679424160867
UP25_SCORE80_NIKKEION_TP3.5_SL1.25_H3,VALIDATION,2023-03-09,6472.T,WIN,8.846430099275738,1,,,,,,,,2.5561228855073503,2.0280835938094106,81.64248124982342
UP25_SCORE80_NIKKEION_TP3.5_SL1.25_H3,VALIDATION,2023-03-30,9107.T,WIN,11.874626403568856,1,,,,,,,,3.4213218295911028,2.956640384017868,67.71212740707429
UP25_SCORE80_NIKKEION_TP3.5_SL1.25_H3,VALIDATION,2023-03-31,7735.T,HOLD,1.9952370032169875,3,,,,,,,,2.5391231063714175,1.7645630331178097,71.61649211053447
UP25_SCORE80_NIKKEION_TP3.5_SL1.25_H3,VALIDATION,2023-04-03,6361.T,TIMEOUT_LOSS,-1.4527729564149383,3,,,,,,,,2.384753810496683,1.789481559063365,70.6068253998211
UP25_SCORE80_NIKKEION_TP3.5_SL1.25_H3,VALIDATION,2023-04-04,6501.T,HOLD,0.37960656090801914,3,,,,,,,,2.0304261745622165,1.5221769100292324,70.37175256557059
UP25_SCORE80_NIKKEION_TP3.5_SL1.25_H3,VALIDATION,2023-04-05,7453.T,HOLD,1.1430890333390953,3,,,,,,,,2.549078700278436,2.2329253812711656,54.85035368390627
UP25_SCORE80_NIKKEION_TP3.5_SL1.25_H3,VALIDATION,2023-04-11,9009.T,HOLD,3.1175604922691336,3,,,,,,,,1.9900095906876618,1.6478328517448322,79.14396561216782
UP25_SCORE80_NIKKEION_TP3.5_SL1.25_H3,VALIDATION,2023-04-12,3086.T,WIN,8.473295069973064,1,,,,,,,,2.4495128771351586,2.600409263552136,65.77527308898344
UP25_SCORE80_NIKKEION_TP3.5_SL1.25_H3,VALIDATION,2023-04-13,7453.T,HOLD,2.690558295829437,3,,,,,,,,2.575211037043294,1.6011953311443716,59.13648388012189
UP25_SCORE80_NIKKEION_TP3.5_SL1.25_H3,VALIDATION,2023-04-14,3697.T,TIMEOUT_LOSS,-2.594536581674811,3,,,,,,,,4.121031231711458,1.8575489819439108,70.5419742753867
UP25_SCORE80_NIKKEION_TP3.5_SL1.25_H3,VALIDATION,2023-04-17,6752.T,WIN,6.853163951123554,1,,,,,,,,1.9866182717495888,1.8304620405232623,71.88274667672724
UP25_SCORE80_NIKKEION_TP3.5_SL1.25_H3,VALIDATION,2023-04-19,8253.T,WIN,6.8967269432276606,1,,,,,,,,1.9990648409221896,1.624354060885152,71.01284289908423
UP25_SCORE80_NIKKEION_TP3.5_SL1.25_H3,VALIDATION,2023-04-20,3099.T,WIN,7.97065898705115,3,,,,,,,,2.3059025677288973,1.6848464507467695,64.50758913098556
UP25_SCORE80_NIKKEION_TP3.5_SL1.25_H3,VALIDATION,2023-04-21,6146.T,LOSS,-3.7612538351244007,3,,,,,,,,2.9290030680995187,4.820541702933798,75.78560698122133
UP25_SCORE80_NIKKEION_TP3.5_SL1.25_H3,VALIDATION,2023-04-24,9202.T,WIN,4.872682484096147,1,,,,,,,,1.4207664240274718,3.269837442481966,70.44491341213703
UP25_SCORE80_NIKKEION_TP3.5_SL1.25_H3,VALIDATION,2023-04-25,6503.T,WIN,5.968434276103574,3,,,,,,,,1.733838364601022,2.155498593594048,79.72493429343518
UP25_SCORE80_NIKKEION_TP3.5_SL1.25_H3,VALIDATION,2023-04-26,1803.T,WIN,6.789852849899314,1,,,,,,,,1.9685293856855173,6.0865440632331405,73.83107527961079
UP25_SCORE80_NIKKEION_TP3.5_SL1.25_H3,VALIDATION,2023-04-27,6305.T,WIN,7.360682596508495,1,,,,,,,,2.13162359900243,3.861125217892584,66.4599445715346
UP25_SCORE80_NIKKEION_TP3.5_SL1.25_H3,VALIDATION,2023-04-28,8801.T,WIN,5.472167483422486,1,,,,,,,,1.5920478524064234,2.3953025670888533,79.12301899170511
UP25_SCORE80_NIKKEION_TP3.5_SL1.25_H3,VALIDATION,2023-05-01,7011.T,HOLD,2.5301458927096454,3,,,,,,,,1.6474797805150931,1.631766868235908,66.13065535678693
UP25_SCORE80_NIKKEION_TP3.5_SL1.25_H3,VALIDATION,2023-05-09,5401.T,WIN,7.6815329628745825,1,,,,,,,,2.2232951322498806,2.4216348728935766,63.075672705376185
UP25_SCORE80_NIKKEION_TP3.5_SL1.25_H3,VALIDATION,2023-05-10,9107.T,WIN,12.843377086983454,1,,,,,,,,3.698107739138131,1.6721083015720768,62.615682903241385
UP25_SCORE80_NIKKEION_TP3.5_SL1.25_H3,VALIDATION,2023-05-11,7011.T,HOLD,5.395320426312534,3,,,,,,,,2.1934996524668904,2.628737662337662,62.58737291544723
UP25_SCORE80_NIKKEION_TP3.5_SL1.25_H3,VALIDATION,2023-05-12,5406.T,WIN,12.917749455618422,1,,,,,,,,3.719356987319548,5.052158085537815,68.63672427624891
UP25_SCORE80_NIKKEION_TP3.5_SL1.25_H3,VALIDATION,2023-05-15,5406.T,WIN,13.278925234830108,1,,,,,,,,3.8225500670943178,1.7922546424440156,68.83347968195596
UP25_SCORE80_NIKKEION_TP3.5_SL1.25_H3,VALIDATION,2023-05-16,4188.T,WIN,4.649537925379821,1,,,,,,,,1.3570108358228028,1.900617460813976,63.985237751869725
UP25_SCORE80_NIKKEION_TP3.5_SL1.25_H3,VALIDATION,2023-07-03,5301.T,WIN,8.204038046132023,1,,,,,,,,2.3725822988948613,1.6841448882477126,76.76292337832162
UP25_SCORE80_NIKKEION_TP3.5_SL1.25_H3,VALIDATION,2023-07-05,9107.T,WIN,12.324907569633192,1,,,,,,,,3.5499735913237704,2.150751782310317,69.97459032079043
UP25_SCORE80_NIKKEION_TP3.5_SL1.25_H3,VALIDATION,2023-07-28,8308.T,WIN,8.567502351361867,1,,,,,,,,2.4764292432462476,2.992813465952988,69.19508666855869
UP25_SCORE80_NIKKEION_TP3.5_SL1.25_H3,VALIDATION,2023-07-31,8308.T,TIMEOUT_LOSS,-1.2452531699781444,3,,,,,,,,2.5763241790336844,1.9173748312925836,71.9207173897711
UP25_SCORE80_NIKKEION_TP3.5_SL1.25_H3,VALIDATION,2023-08-01,6976.T,HOLD,1.8693882072037593,3,,,,,,,,2.606764674052127,2.1396985671851048,57.50048021808944
UP25_SCORE80_NIKKEION_TP3.5_SL1.25_H3,VALIDATION,2023-08-29,9501.T,TIMEOUT_LOSS,-2.143950752030588,3,,,,,,,,3.1402072969105355,2.2716801360357546,73.52136944851513
UP25_SCORE80_NIKKEION_TP3.5_SL1.25_H3,VALIDATION,2023-09-08,7532.T,LOSS,-3.3151137198636382,1,,,,,,,,2.657533706705184,1.5087604957949283,59.8378595415099
UP25_SCORE80_NIKKEION_TP3.5_SL1.25_H3,VALIDATION,2023-09-11,8308.T,LOSS,-3.000988102854718,1,,,,,,,,2.390127805566289,1.665899299127487,79.10878705380313
UP25_SCORE80_NIKKEION_TP3.5_SL1.25_H3,VALIDATION,2023-09-12,8316.T,LOSS,-2.2931113670488834,1,,,,,,,,1.7938297784150459,1.6274642753207946,80.10973378734327
UP25_SCORE80_NIKKEION_TP3.5_SL1.25_H3,VALIDATION,2023-09-13,8306.T,LOSS,-2.567145106696045,1,,,,,,,,2.0236422767650737,1.6494697326543106,80.85596893501176
UP25_SCORE80_NIKKEION_TP3.5_SL1.25_H3,VALIDATION,2023-11-13,2501.T,LOSS,-2.9732299218577896,1,,,,,,,,2.3665812583255104,2.601058336455944,83.63371851723367
UP25_SCORE80_NIKKEION_TP3.5_SL1.25_H3,VALIDATION,2023-12-29,7974.T,WIN,5.653738253917762,3,,,,,,,,1.643925215405077,1.9467622373338236,74.74645526007333
UP25_SCORE80_NIKKEION_TP3.5_SL1.25_H3,VALIDATION,2024-01-05,8601.T,WIN,7.635628315990884,1,,,,,,,,2.210179518854538,1.680065341212715,65.83317514015158
UP25_SCORE80_NIKKEION_TP3.5_SL1.25_H3,VALIDATION,2024-01-18,7735.T,WIN,10.909167313103575,1,,,,,,,,3.1454763751724477,1.92320418278728,75.52852009430023
UP25_SCORE80_NIKKEION_TP3.5_SL1.25_H3,VALIDATION,2024-03-05,6146.T,TIMEOUT_LOSS,-0.5588255963961396,3,,,,,,,,3.284602928557382,2.1800391194636752,80.50298701119084
UP25_SCORE80_NIKKEION_TP3.5_SL1.25_H3,VALIDATION,2024-03-06,1802.T,WIN,9.890803785294333,1,,,,,,,,2.8545153672269548,2.554199432260858,85.31838469532941
UP25_SCORE80_NIKKEION_TP3.5_SL1.25_H3,VALIDATION,2024-03-07,7012.T,TIMEOUT_LOSS,-1.3340755048777408,3,,,,,,,,3.210564756415324,3.000958757164228,86.42904059170691
UP25_SCORE80_NIKKEION_TP3.5_SL1.25_H3,VALIDATION,2024-03-21,8804.T,WIN,10.133110865304895,1,,,,,,,,2.923745961515685,1.69173223588183,67.93402062292945
UP25_SCORE80_NIKKEION_TP3.5_SL1.25_H3,VALIDATION,2024-03-22,3099.T,HOLD,6.877494385247552,3,,,,,,,,2.453948221491993,1.5707909104979727,81.63333499499859
UP25_SCORE80_NIKKEION_TP3.5_SL1.25_H3,VALIDATION,2024-03-25,5631.T,WIN,9.327517467571845,2,,,,,,,,2.693576419306239,1.9978760576890136,78.08170396611129
UP25_SCORE80_NIKKEION_TP3.5_SL1.25_H3,VALIDATION,2024-03-26,6504.T,HOLD,4.84654585282166,3,,,,,,,,2.8262976686388814,1.7303010510064722,74.90764016864891
UP25_SCORE80_NIKKEION_TP3.5_SL1.25_H3,VALIDATION,2024-03-27,8308.T,HOLD,0.41721946829534906,3,,,,,,,,3.0733363442166413,1.5960925826296606,69.621051993328
UP25_SCORE80_NIKKEION_TP3.5_SL1.25_H3,VALIDATION,2024-03-28,9501.T,TIMEOUT_LOSS,-1.4722540245678761,3,,,,,,,,4.639511584038658,1.535695399259651,61.44666417260486
UP25_SCORE80_NIKKEION_TP3.5_SL1.25_H3,VALIDATION,2024-05-14,5801.T,HOLD,2.2820223552854624,3,,,,,,,,3.3266977409723695,4.547126157516055,78.26401062449611
UP25_SCORE80_NIKKEION_TP3.5_SL1.25_H3,VALIDATION,2024-05-15,5101.T,LOSS,-3.9293999445333405,1,,,,,,,,3.185505709499344,2.1531057837982357,57.67965645377095
UP25_SCORE80_NIKKEION_TP3.5_SL1.25_H3,VALIDATION,2024-05-30,8331.T,LOSS,-2.831653868293582,1,,,,,,,,2.2466950262275853,1.6671299042083123,76.98906772721455
UP25_SCORE80_NIKKEION_TP3.5_SL1.25_H3,VALIDATION,2024-07-05,7011.T,LOSS,-4.253621900354198,3,,,,,,,,3.3228975202833633,2.5582053497235537,86.65930019007098
UP25_SCORE80_NIKKEION_TP3.5_SL1.25_H3,VALIDATION,2024-07-08,7011.T,LOSS,-4.383136738685778,2,,,,,,,,3.4265093909486253,1.7619016094335518,86.88149005846999
UP25_SCORE80_NIKKEION_TP3.5_SL1.25_H3,VALIDATION,2024-07-09,5803.T,TIMEOUT_LOSS,-0.5020352086310463,3,,,,,,,,3.809966458306757,3.0971420165153285,65.1673118563374
UP25_SCORE80_NIKKEION_TP3.5_SL1.25_H3,VALIDATION,2024-07-10,5803.T,TIMEOUT_LOSS,-2.3216796953875796,3,,,,,,,,3.7783164995058183,1.977109990603468,67.32339376466534
UP25_SCORE80_NIKKEION_TP3.5_SL1.25_H3,VALIDATION,2024-07-12,4519.T,HOLD,0.13311846210201103,3,,,,,,,,2.4175399406305127,1.5207411706833838,76.8046823943933
UP25_SCORE80_NIKKEION_TP3.5_SL1.25_H3,VALIDATION,2024-07-16,6976.T,HOLD,5.223364293422395,3,,,,,,,,3.5256413216273375,1.7389526651481166,77.39298849461471
UP25_SCORE80_NIKKEION_TP3.5_SL1.25_H3,VALIDATION,2024-09-05,6532.T,LOSS,-4.0724577991666955,1,,,,,,,,3.3094320301220614,1.812501141948804,65.73803228477507
UP25_SCORE80_NIKKEION_TP3.5_SL1.25_H3,VALIDATION,2024-11-07,7013.T,HOLD,1.2587562963110144,3,,,,,,,,4.814901131833723,2.2527265778296126,70.02433857866997
UP25_SCORE80_NIKKEION_TP3.5_SL1.25_H3,VALIDATION,2024-11-08,7012.T,LOSS,-5.642775577103631,3,,,,,,,,4.434220461682906,3.200205529096764,69.90419704592867
UP25_SCORE80_NIKKEION_TP3.5_SL1.25_H3,VALIDATION,2024-11-11,5803.T,TIMEOUT_LOSS,-2.420324839515642,3,,,,,,,,5.599984000136319,1.7857249601142264,64.76170419168966
UP25_SCORE80_NIKKEION_TP3.5_SL1.25_H3,VALIDATION,2024-11-12,5801.T,HOLD,9.229748967881969,3,,,,,,,,4.212795453398469,5.95992017197373,85.57524419496607
UP25_SCORE80_NIKKEION_TP3.5_SL1.25_H5,VALIDATION,2022-08-24,7733.T,HOLD,1.874223737416647,5,,,,,,,,2.487512480075919,1.8547560940531955,65.51391763203654
UP25_SCORE80_NIKKEION_TP3.5_SL1.25_H5,VALIDATION,2022-08-25,7004.T,WIN,8.659482124574557,1,,,,,,,,2.502709178449873,1.68890419213222,64.82502886936872
UP25_SCORE80_NIKKEION_TP3.5_SL1.25_H5,VALIDATION,2022-11-04,8001.T,LOSS,-2.463708860160352,1,,,,,,,,1.936746127953537,1.839102301394961,63.42202249431198
UP25_SCORE80_NIKKEION_TP3.5_SL1.25_H5,VALIDATION,2022-11-10,2501.T,LOSS,-2.8554758179007766,1,,,,,,,,2.266842964024092,2.343872605585045,78.05644952602152
UP25_SCORE80_NIKKEION_TP3.5_SL1.25_H5,VALIDATION,2022-11-30,9434.T,WIN,3.246309066619235,1,,,,,,,,0.9560883047483518,2.4663342776889188,58.10727871196465
UP25_SCORE80_NIKKEION_TP3.5_SL1.25_H5,VALIDATION,2022-12-01,4523.T,WIN,12.993618305157339,2,,,,,,,,3.7410338014735256,3.726731040440298,67.15517263840277
UP25_SCORE80_NIKKEION_TP3.5_SL1.25_H5,VALIDATION,2023-02-01,2768.T,LOSS,-1.8704444313634494,1,,,,,,,,1.4418832874603549,1.59628603672925,61.67016112861338
UP25_SCORE80_NIKKEION_TP3.5_SL1.25_H5,VALIDATION,2023-02-17,5233.T,LOSS,-2.76109820571796,1,,,,,,,,2.1870788814461806,2.0514057799458647,79.34823879636357
UP25_SCORE80_NIKKEION_TP3.5_SL1.25_H5,VALIDATION,2023-02-21,5101.T,WIN,9.063655681934424,1,,,,,,,,2.6181873376955505,3.43627562267025,86.43660675284961
UP25_SCORE80_NIKKEION_TP3.5_SL1.25_H5,VALIDATION,2023-03-03,5406.T,WIN,9.60137047351467,1,,,,,,,,2.771820135289908,1.857140360382404,87.09433998237975
UP25_SCORE80_NIKKEION_TP3.5_SL1.25_H5,VALIDATION,2023-03-06,5406.T,WIN,9.590422756537288,1,,,,,,,,2.768692216153508,1.502203260570827,87.66789665700449
UP25_SCORE80_NIKKEION_TP3.5_SL1.25_H5,VALIDATION,2023-03-07,5406.T,WIN,9.838759854621005,1,,,,,,,,2.8396456727488584,2.0701893640139404,90.18696901800902
UP25_SCORE80_NIKKEION_TP3.5_SL1.25_H5,VALIDATION,2023-03-08,6472.T,WIN,8.774131461873436,1,,,,,,,,2.535466131963841,1.5964971261163212,80.32679424160867
UP25_SCORE80_NIKKEION_TP3.5_SL1.25_H5,VALIDATION,2023-03-09,6472.T,WIN,8.846430099275738,1,,,,,,,,2.5561228855073503,2.0280835938094106,81.64248124982342
UP25_SCORE80_NIKKEION_TP3.5_SL1.25_H5,VALIDATION,2023-03-30,9107.T,WIN,11.874626403568856,1,,,,,,,,3.4213218295911028,2.956640384017868,67.71212740707429
UP25_SCORE80_NIKKEION_TP3.5_SL1.25_H5,VALIDATION,2023-03-31,7735.T,HOLD,0.6192904128771494,5,,,,,,,,2.5391231063714175,1.7645630331178097,71.61649211053447
UP25_SCORE80_NIKKEION_TP3.5_SL1.25_H5,VALIDATION,2023-04-03,6361.T,HOLD,0.6095384103499081,5,,,,,,,,2.384753810496683,1.789481559063365,70.6068253998211
UP25_SCORE80_NIKKEION_TP3.5_SL1.25_H5,VALIDATION,2023-04-04,6501.T,HOLD,1.8034648977516388,5,,,,,,,,2.0304261745622165,1.5221769100292324,70.37175256557059
UP25_SCORE80_NIKKEION_TP3.5_SL1.25_H5,VALIDATION,2023-04-05,7453.T,HOLD,6.252015345611362,5,,,,,,,,2.549078700278436,2.2329253812711656,54.85035368390627
UP25_SCORE80_NIKKEION_TP3.5_SL1.25_H5,VALIDATION,2023-04-11,9009.T,HOLD,4.608478010535289,5,,,,,,,,1.9900095906876618,1.6478328517448322,79.14396561216782
UP25_SCORE80_NIKKEION_TP3.5_SL1.25_H5,VALIDATION,2023-04-12,3086.T,WIN,8.473295069973064,1,,,,,,,,2.4495128771351586,2.600409263552136,65.77527308898344
UP25_SCORE80_NIKKEION_TP3.5_SL1.25_H5,VALIDATION,2023-04-13,7453.T,HOLD,1.4215390576093223,5,,,,,,,,2.575211037043294,1.6011953311443716,59.13648388012189
UP25_SCORE80_NIKKEION_TP3.5_SL1.25_H5,VALIDATION,2023-04-14,3697.T,TIMEOUT_LOSS,-4.784850298928888,5,,,,,,,,4.121031231711458,1.8575489819439108,70.5419742753867
UP25_SCORE80_NIKKEION_TP3.5_SL1.25_H5,VALIDATION,2023-04-17,6752.T,WIN,6.853163951123554,1,,,,,,,,1.9866182717495888,1.8304620405232623,71.88274667672724
UP25_SCORE80_NIKKEION_TP3.5_SL1.25_H5,VALIDATION,2023-04-19,8253.T,WIN,6.8967269432276606,1,,,,,,,,1.9990648409221896,1.624354060885152,71.01284289908423
UP25_SCORE80_NIKKEION_TP3.5_SL1.25_H5,VALIDATION,2023-04-20,3099.T,WIN,7.97065898705115,3,,,,,,,,2.3059025677288973,1.6848464507467695,64.50758913098556
UP25_SCORE80_NIKKEION_TP3.5_SL1.25_H5,VALIDATION,2023-04-21,6146.T,LOSS,-3.7612538351244007,3,,,,,,,,2.9290030680995187,4.820541702933798,75.78560698122133
UP25_SCORE80_NIKKEION_TP3.5_SL1.25_H5,VALIDATION,2023-04-24,9202.T,WIN,4.872682484096147,1,,,,,,,,1.4207664240274718,3.269837442481966,70.44491341213703
UP25_SCORE80_NIKKEION_TP3.5_SL1.25_H5,VALIDATION,2023-04-25,6503.T,WIN,5.968434276103574,3,,,,,,,,1.733838364601022,2.155498593594048,79.72493429343518
UP25_SCORE80_NIKKEION_TP3.5_SL1.25_H5,VALIDATION,2023-04-26,1803.T,WIN,6.789852849899314,1,,,,,,,,1.9685293856855173,6.0865440632331405,73.83107527961079
UP25_SCORE80_NIKKEION_TP3.5_SL1.25_H5,VALIDATION,2023-04-27,6305.T,WIN,7.360682596508495,1,,,,,,,,2.13162359900243,3.861125217892584,66.4599445715346
UP25_SCORE80_NIKKEION_TP3.5_SL1.25_H5,VALIDATION,2023-04-28,8801.T,WIN,5.472167483422486,1,,,,,,,,1.5920478524064234,2.3953025670888533,79.12301899170511
UP25_SCORE80_NIKKEION_TP3.5_SL1.25_H5,VALIDATION,2023-05-01,7011.T,WIN,5.666179231802826,4,,,,,,,,1.6474797805150931,1.631766868235908,66.13065535678693
UP25_SCORE80_NIKKEION_TP3.5_SL1.25_H5,VALIDATION,2023-05-09,5401.T,WIN,7.6815329628745825,1,,,,,,,,2.2232951322498806,2.4216348728935766,63.075672705376185
UP25_SCORE80_NIKKEION_TP3.5_SL1.25_H5,VALIDATION,2023-05-10,9107.T,WIN,12.843377086983454,1,,,,,,,,3.698107739138131,1.6721083015720768,62.615682903241385
UP25_SCORE80_NIKKEION_TP3.5_SL1.25_H5,VALIDATION,2023-05-11,7011.T,HOLD,6.344848684124938,5,,,,,,,,2.1934996524668904,2.628737662337662,62.58737291544723
UP25_SCORE80_NIKKEION_TP3.5_SL1.25_H5,VALIDATION,2023-05-12,5406.T,WIN,12.917749455618422,1,,,,,,,,3.719356987319548,5.052158085537815,68.63672427624891
UP25_SCORE80_NIKKEION_TP3.5_SL1.25_H5,VALIDATION,2023-05-15,5406.T,WIN,13.278925234830108,1,,,,,,,,3.8225500670943178,1.7922546424440156,68.83347968195596
UP25_SCORE80_NIKKEION_TP3.5_SL1.25_H5,VALIDATION,2023-05-16,4188.T,WIN,4.649537925379821,1,,,,,,,,1.3570108358228028,1.900617460813976,63.985237751869725
UP25_SCORE80_NIKKEION_TP3.5_SL1.25_H5,VALIDATION,2023-07-03,5301.T,WIN,8.204038046132023,1,,,,,,,,2.3725822988948613,1.6841448882477126,76.76292337832162
UP25_SCORE80_NIKKEION_TP3.5_SL1.25_H5,VALIDATION,2023-07-05,9107.T,WIN,12.324907569633192,1,,,,,,,,3.5499735913237704,2.150751782310317,69.97459032079043
UP25_SCORE80_NIKKEION_TP3.5_SL1.25_H5,VALIDATION,2023-07-28,8308.T,WIN,8.567502351361867,1,,,,,,,,2.4764292432462476,2.992813465952988,69.19508666855869
UP25_SCORE80_NIKKEION_TP3.5_SL1.25_H5,VALIDATION,2023-07-31,8308.T,HOLD,1.5339633821296217,5,,,,,,,,2.5763241790336844,1.9173748312925836,71.9207173897711
UP25_SCORE80_NIKKEION_TP3.5_SL1.25_H5,VALIDATION,2023-08-01,6976.T,HOLD,2.042932023748978,5,,,,,,,,2.606764674052127,2.1396985671851048,57.50048021808944
UP25_SCORE80_NIKKEION_TP3.5_SL1.25_H5,VALIDATION,2023-08-29,9501.T,LOSS,-4.025259121138169,4,,,,,,,,3.1402072969105355,2.2716801360357546,73.52136944851513
UP25_SCORE80_NIKKEION_TP3.5_SL1.25_H5,VALIDATION,2023-09-08,7532.T,LOSS,-3.3151137198636382,1,,,,,,,,2.657533706705184,1.5087604957949283,59.8378595415099
UP25_SCORE80_NIKKEION_TP3.5_SL1.25_H5,VALIDATION,2023-09-11,8308.T,LOSS,-3.000988102854718,1,,,,,,,,2.390127805566289,1.665899299127487,79.10878705380313
UP25_SCORE80_NIKKEION_TP3.5_SL1.25_H5,VALIDATION,2023-09-12,8316.T,LOSS,-2.2931113670488834,1,,,,,,,,1.7938297784150459,1.6274642753207946,80.10973378734327
UP25_SCORE80_NIKKEION_TP3.5_SL1.25_H5,VALIDATION,2023-09-13,8306.T,LOSS,-2.567145106696045,1,,,,,,,,2.0236422767650737,1.6494697326543106,80.85596893501176
UP25_SCORE80_NIKKEION_TP3.5_SL1.25_H5,VALIDATION,2023-11-13,2501.T,LOSS,-2.9732299218577896,1,,,,,,,,2.3665812583255104,2.601058336455944,83.63371851723367
UP25_SCORE80_NIKKEION_TP3.5_SL1.25_H5,VALIDATION,2023-12-29,7974.T,WIN,5.653738253917762,3,,,,,,,,1.643925215405077,1.9467622373338236,74.74645526007333
UP25_SCORE80_NIKKEION_TP3.5_SL1.25_H5,VALIDATION,2024-01-05,8601.T,WIN,7.635628315990884,1,,,,,,,,2.210179518854538,1.680065341212715,65.83317514015158
UP25_SCORE80_NIKKEION_TP3.5_SL1.25_H5,VALIDATION,2024-01-18,7735.T,WIN,10.909167313103575,1,,,,,,,,3.1454763751724477,1.92320418278728,75.52852009430023
UP25_SCORE80_NIKKEION_TP3.5_SL1.25_H5,VALIDATION,2024-03-05,6146.T,LOSS,-4.205753660696731,4,,,,,,,,3.284602928557382,2.1800391194636752,80.50298701119084
UP25_SCORE80_NIKKEION_TP3.5_SL1.25_H5,VALIDATION,2024-03-06,1802.T,WIN,9.890803785294333,1,,,,,,,,2.8545153672269548,2.554199432260858,85.31838469532941
UP25_SCORE80_NIKKEION_TP3.5_SL1.25_H5,VALIDATION,2024-03-07,7012.T,TIMEOUT_LOSS,-0.7063665415295682,5,,,,,,,,3.210564756415324,3.000958757164228,86.42904059170691
UP25_SCORE80_NIKKEION_TP3.5_SL1.25_H5,VALIDATION,2024-03-21,8804.T,WIN,10.133110865304895,1,,,,,,,,2.923745961515685,1.69173223588183,67.93402062292945
UP25_SCORE80_NIKKEION_TP3.5_SL1.25_H5,VALIDATION,2024-03-22,3099.T,HOLD,7.026963938280828,5,,,,,,,,2.453948221491993,1.5707909104979727,81.63333499499859
UP25_SCORE80_NIKKEION_TP3.5_SL1.25_H5,VALIDATION,2024-03-25,5631.T,WIN,9.327517467571845,2,,,,,,,,2.693576419306239,1.9978760576890136,78.08170396611129
UP25_SCORE80_NIKKEION_TP3.5_SL1.25_H5,VALIDATION,2024-03-26,6504.T,HOLD,3.1571624317762503,5,,,,,,,,2.8262976686388814,1.7303010510064722,74.90764016864891
UP25_SCORE80_NIKKEION_TP3.5_SL1.25_H5,VALIDATION,2024-03-27,8308.T,HOLD,1.7987886395769315,5,,,,,,,,3.0733363442166413,1.5960925826296606,69.621051993328
UP25_SCORE80_NIKKEION_TP3.5_SL1.25_H5,VALIDATION,2024-03-28,9501.T,HOLD,10.17009219552335,5,,,,,,,,4.639511584038658,1.535695399259651,61.44666417260486
UP25_SCORE80_NIKKEION_TP3.5_SL1.25_H5,VALIDATION,2024-05-14,5801.T,HOLD,0.8001135923499382,5,,,,,,,,3.3266977409723695,4.547126157516055,78.26401062449611
UP25_SCORE80_NIKKEION_TP3.5_SL1.25_H5,VALIDATION,2024-05-15,5101.T,LOSS,-3.9293999445333405,1,,,,,,,,3.185505709499344,2.1531057837982357,57.67965645377095
UP25_SCORE80_NIKKEION_TP3.5_SL1.25_H5,VALIDATION,2024-05-30,8331.T,LOSS,-2.831653868293582,1,,,,,,,,2.2466950262275853,1.6671299042083123,76.98906772721455
UP25_SCORE80_NIKKEION_TP3.5_SL1.25_H5,VALIDATION,2024-07-05,7011.T,LOSS,-4.253621900354198,3,,,,,,,,3.3228975202833633,2.5582053497235537,86.65930019007098
UP25_SCORE80_NIKKEION_TP3.5_SL1.25_H5,VALIDATION,2024-07-08,7011.T,LOSS,-4.383136738685778,2,,,,,,,,3.4265093909486253,1.7619016094335518,86.88149005846999
UP25_SCORE80_NIKKEION_TP3.5_SL1.25_H5,VALIDATION,2024-07-09,5803.T,TIMEOUT_LOSS,-1.340758537873088,5,,,,,,,,3.809966458306757,3.0971420165153285,65.1673118563374
UP25_SCORE80_NIKKEION_TP3.5_SL1.25_H5,VALIDATION,2024-07-10,5803.T,LOSS,-4.822895624382284,5,,,,,,,,3.7783164995058183,1.977109990603468,67.32339376466534
UP25_SCORE80_NIKKEION_TP3.5_SL1.25_H5,VALIDATION,2024-07-12,4519.T,TIMEOUT_LOSS,-0.7715428109973498,5,,,,,,,,2.4175399406305127,1.5207411706833838,76.8046823943933
UP25_SCORE80_NIKKEION_TP3.5_SL1.25_H5,VALIDATION,2024-07-16,6976.T,HOLD,0.47414635042289943,5,,,,,,,,3.5256413216273375,1.7389526651481166,77.39298849461471
UP25_SCORE80_NIKKEION_TP3.5_SL1.25_H5,VALIDATION,2024-09-05,6532.T,LOSS,-4.0724577991666955,1,,,,,,,,3.3094320301220614,1.812501141948804,65.73803228477507
UP25_SCORE80_NIKKEION_TP3.5_SL1.25_H5,VALIDATION,2024-11-07,7013.T,TIMEOUT_LOSS,-1.5461499464642814,5,,,,,,,,4.814901131833723,2.2527265778296126,70.02433857866997
UP25_SCORE80_NIKKEION_TP3.5_SL1.25_H5,VALIDATION,2024-11-08,7012.T,LOSS,-5.642775577103631,3,,,,,,,,4.434220461682906,3.200205529096764,69.90419704592867
UP25_SCORE80_NIKKEION_TP3.5_SL1.25_H5,VALIDATION,2024-11-11,5803.T,LOSS,-7.099980000170391,5,,,,,,,,5.599984000136319,1.7857249601142264,64.76170419168966
UP25_SCORE80_NIKKEION_TP3.5_SL1.25_H5,VALIDATION,2024-11-12,5801.T,HOLD,9.880624475002497,5,,,,,,,,4.212795453398469,5.95992017197373,85.57524419496607
UP30_SCORE80_NIKKEION_TP3.5_SL1.25_H5,VALIDATION,2022-08-24,7733.T,HOLD,1.874223737416647,5,,,,,,,,2.487512480075919,1.8547560940531955,65.51391763203654
UP30_SCORE80_NIKKEION_TP3.5_SL1.25_H5,VALIDATION,2022-08-25,7004.T,WIN,8.659482124574557,1,,,,,,,,2.502709178449873,1.68890419213222,64.82502886936872
UP30_SCORE80_NIKKEION_TP3.5_SL1.25_H5,VALIDATION,2022-11-04,8001.T,LOSS,-2.463708860160352,1,,,,,,,,1.936746127953537,1.839102301394961,63.42202249431198
UP30_SCORE80_NIKKEION_TP3.5_SL1.25_H5,VALIDATION,2022-11-10,2501.T,LOSS,-2.8554758179007766,1,,,,,,,,2.266842964024092,2.343872605585045,78.05644952602152
UP30_SCORE80_NIKKEION_TP3.5_SL1.25_H5,VALIDATION,2022-11-30,9434.T,WIN,3.246309066619235,1,,,,,,,,0.9560883047483518,2.4663342776889188,58.10727871196465
UP30_SCORE80_NIKKEION_TP3.5_SL1.25_H5,VALIDATION,2022-12-01,4523.T,WIN,12.993618305157339,2,,,,,,,,3.7410338014735256,3.726731040440298,67.15517263840277
UP30_SCORE80_NIKKEION_TP3.5_SL1.25_H5,VALIDATION,2023-02-01,2768.T,LOSS,-1.8704444313634494,1,,,,,,,,1.4418832874603549,1.59628603672925,61.67016112861338
UP30_SCORE80_NIKKEION_TP3.5_SL1.25_H5,VALIDATION,2023-02-17,5233.T,LOSS,-2.76109820571796,1,,,,,,,,2.1870788814461806,2.0514057799458647,79.34823879636357
UP30_SCORE80_NIKKEION_TP3.5_SL1.25_H5,VALIDATION,2023-02-21,5101.T,WIN,9.063655681934424,1,,,,,,,,2.6181873376955505,3.43627562267025,86.43660675284961
UP30_SCORE80_NIKKEION_TP3.5_SL1.25_H5,VALIDATION,2023-03-03,5406.T,WIN,9.60137047351467,1,,,,,,,,2.771820135289908,1.857140360382404,87.09433998237975
UP30_SCORE80_NIKKEION_TP3.5_SL1.25_H5,VALIDATION,2023-03-06,5406.T,WIN,9.590422756537288,1,,,,,,,,2.768692216153508,1.502203260570827,87.66789665700449
UP30_SCORE80_NIKKEION_TP3.5_SL1.25_H5,VALIDATION,2023-03-07,5406.T,WIN,9.838759854621005,1,,,,,,,,2.8396456727488584,2.0701893640139404,90.18696901800902
UP30_SCORE80_NIKKEION_TP3.5_SL1.25_H5,VALIDATION,2023-03-08,6472.T,WIN,8.774131461873436,1,,,,,,,,2.535466131963841,1.5964971261163212,80.32679424160867
UP30_SCORE80_NIKKEION_TP3.5_SL1.25_H5,VALIDATION,2023-03-09,6472.T,WIN,8.846430099275738,1,,,,,,,,2.5561228855073503,2.0280835938094106,81.64248124982342
UP30_SCORE80_NIKKEION_TP3.5_SL1.25_H5,VALIDATION,2023-03-30,9107.T,WIN,11.874626403568856,1,,,,,,,,3.4213218295911028,2.956640384017868,67.71212740707429
UP30_SCORE80_NIKKEION_TP3.5_SL1.25_H5,VALIDATION,2023-03-31,7735.T,HOLD,0.6192904128771494,5,,,,,,,,2.5391231063714175,1.7645630331178097,71.61649211053447
UP30_SCORE80_NIKKEION_TP3.5_SL1.25_H5,VALIDATION,2023-04-03,6361.T,HOLD,0.6095384103499081,5,,,,,,,,2.384753810496683,1.789481559063365,70.6068253998211
UP30_SCORE80_NIKKEION_TP3.5_SL1.25_H5,VALIDATION,2023-04-04,6501.T,HOLD,1.8034648977516388,5,,,,,,,,2.0304261745622165,1.5221769100292324,70.37175256557059
UP30_SCORE80_NIKKEION_TP3.5_SL1.25_H5,VALIDATION,2023-04-05,7453.T,HOLD,6.252015345611362,5,,,,,,,,2.549078700278436,2.2329253812711656,54.85035368390627
UP30_SCORE80_NIKKEION_TP3.5_SL1.25_H5,VALIDATION,2023-04-11,9009.T,HOLD,4.608478010535289,5,,,,,,,,1.9900095906876618,1.6478328517448322,79.14396561216782
UP30_SCORE80_NIKKEION_TP3.5_SL1.25_H5,VALIDATION,2023-04-12,3086.T,WIN,8.473295069973064,1,,,,,,,,2.4495128771351586,2.600409263552136,65.77527308898344
UP30_SCORE80_NIKKEION_TP3.5_SL1.25_H5,VALIDATION,2023-04-13,7453.T,HOLD,1.4215390576093223,5,,,,,,,,2.575211037043294,1.6011953311443716,59.13648388012189
UP30_SCORE80_NIKKEION_TP3.5_SL1.25_H5,VALIDATION,2023-04-14,3697.T,TIMEOUT_LOSS,-4.784850298928888,5,,,,,,,,4.121031231711458,1.8575489819439108,70.5419742753867
UP30_SCORE80_NIKKEION_TP3.5_SL1.25_H5,VALIDATION,2023-04-17,6752.T,WIN,6.853163951123554,1,,,,,,,,1.9866182717495888,1.8304620405232623,71.88274667672724
UP30_SCORE80_NIKKEION_TP3.5_SL1.25_H5,VALIDATION,2023-04-19,8253.T,WIN,6.8967269432276606,1,,,,,,,,1.9990648409221896,1.624354060885152,71.01284289908423
UP30_SCORE80_NIKKEION_TP3.5_SL1.25_H5,VALIDATION,2023-04-20,3099.T,WIN,7.97065898705115,3,,,,,,,,2.3059025677288973,1.6848464507467695,64.50758913098556
UP30_SCORE80_NIKKEION_TP3.5_SL1.25_H5,VALIDATION,2023-04-21,6146.T,LOSS,-3.7612538351244007,3,,,,,,,,2.9290030680995187,4.820541702933798,75.78560698122133
UP30_SCORE80_NIKKEION_TP3.5_SL1.25_H5,VALIDATION,2023-04-24,9202.T,WIN,4.872682484096147,1,,,,,,,,1.4207664240274718,3.269837442481966,70.44491341213703
UP30_SCORE80_NIKKEION_TP3.5_SL1.25_H5,VALIDATION,2023-04-25,6503.T,WIN,5.968434276103574,3,,,,,,,,1.733838364601022,2.155498593594048,79.72493429343518
UP30_SCORE80_NIKKEION_TP3.5_SL1.25_H5,VALIDATION,2023-04-26,1803.T,WIN,6.789852849899314,1,,,,,,,,1.9685293856855173,6.0865440632331405,73.83107527961079
UP30_SCORE80_NIKKEION_TP3.5_SL1.25_H5,VALIDATION,2023-04-27,6305.T,WIN,7.360682596508495,1,,,,,,,,2.13162359900243,3.861125217892584,66.4599445715346
UP30_SCORE80_NIKKEION_TP3.5_SL1.25_H5,VALIDATION,2023-04-28,8801.T,WIN,5.472167483422486,1,,,,,,,,1.5920478524064234,2.3953025670888533,79.12301899170511
UP30_SCORE80_NIKKEION_TP3.5_SL1.25_H5,VALIDATION,2023-05-01,7011.T,WIN,5.666179231802826,4,,,,,,,,1.6474797805150931,1.631766868235908,66.13065535678693
UP30_SCORE80_NIKKEION_TP3.5_SL1.25_H5,VALIDATION,2023-05-09,5401.T,WIN,7.6815329628745825,1,,,,,,,,2.2232951322498806,2.4216348728935766,63.075672705376185
UP30_SCORE80_NIKKEION_TP3.5_SL1.25_H5,VALIDATION,2023-05-10,9107.T,WIN,12.843377086983454,1,,,,,,,,3.698107739138131,1.6721083015720768,62.615682903241385
UP30_SCORE80_NIKKEION_TP3.5_SL1.25_H5,VALIDATION,2023-05-11,7011.T,HOLD,6.344848684124938,5,,,,,,,,2.1934996524668904,2.628737662337662,62.58737291544723
UP30_SCORE80_NIKKEION_TP3.5_SL1.25_H5,VALIDATION,2023-05-12,5406.T,WIN,12.917749455618422,1,,,,,,,,3.719356987319548,5.052158085537815,68.63672427624891
UP30_SCORE80_NIKKEION_TP3.5_SL1.25_H5,VALIDATION,2023-05-15,5406.T,WIN,13.278925234830108,1,,,,,,,,3.8225500670943178,1.7922546424440156,68.83347968195596
UP30_SCORE80_NIKKEION_TP3.5_SL1.25_H5,VALIDATION,2023-05-16,4188.T,WIN,4.649537925379821,1,,,,,,,,1.3570108358228028,1.900617460813976,63.985237751869725
UP30_SCORE80_NIKKEION_TP3.5_SL1.25_H5,VALIDATION,2023-07-03,5301.T,WIN,8.204038046132023,1,,,,,,,,2.3725822988948613,1.6841448882477126,76.76292337832162
UP30_SCORE80_NIKKEION_TP3.5_SL1.25_H5,VALIDATION,2023-07-05,9107.T,WIN,12.324907569633192,1,,,,,,,,3.5499735913237704,2.150751782310317,69.97459032079043
UP30_SCORE80_NIKKEION_TP3.5_SL1.25_H5,VALIDATION,2023-07-28,8308.T,WIN,8.567502351361867,1,,,,,,,,2.4764292432462476,2.992813465952988,69.19508666855869
UP30_SCORE80_NIKKEION_TP3.5_SL1.25_H5,VALIDATION,2023-07-31,8308.T,HOLD,1.5339633821296217,5,,,,,,,,2.5763241790336844,1.9173748312925836,71.9207173897711
UP30_SCORE80_NIKKEION_TP3.5_SL1.25_H5,VALIDATION,2023-08-01,6976.T,HOLD,2.042932023748978,5,,,,,,,,2.606764674052127,2.1396985671851048,57.50048021808944
UP30_SCORE80_NIKKEION_TP3.5_SL1.25_H5,VALIDATION,2023-08-29,9501.T,LOSS,-4.025259121138169,4,,,,,,,,3.1402072969105355,2.2716801360357546,73.52136944851513
UP30_SCORE80_NIKKEION_TP3.5_SL1.25_H5,VALIDATION,2023-09-08,7532.T,LOSS,-3.3151137198636382,1,,,,,,,,2.657533706705184,1.5087604957949283,59.8378595415099
UP30_SCORE80_NIKKEION_TP3.5_SL1.25_H5,VALIDATION,2023-09-11,8308.T,LOSS,-3.000988102854718,1,,,,,,,,2.390127805566289,1.665899299127487,79.10878705380313
UP30_SCORE80_NIKKEION_TP3.5_SL1.25_H5,VALIDATION,2023-09-12,8316.T,LOSS,-2.2931113670488834,1,,,,,,,,1.7938297784150459,1.6274642753207946,80.10973378734327
UP30_SCORE80_NIKKEION_TP3.5_SL1.25_H5,VALIDATION,2023-09-13,8306.T,LOSS,-2.567145106696045,1,,,,,,,,2.0236422767650737,1.6494697326543106,80.85596893501176
UP30_SCORE80_NIKKEION_TP3.5_SL1.25_H5,VALIDATION,2023-11-13,2501.T,LOSS,-2.9732299218577896,1,,,,,,,,2.3665812583255104,2.601058336455944,83.63371851723367
UP30_SCORE80_NIKKEION_TP3.5_SL1.25_H5,VALIDATION,2023-12-29,7974.T,WIN,5.653738253917762,3,,,,,,,,1.643925215405077,1.9467622373338236,74.74645526007333
UP30_SCORE80_NIKKEION_TP3.5_SL1.25_H5,VALIDATION,2024-01-05,8601.T,WIN,7.635628315990884,1,,,,,,,,2.210179518854538,1.680065341212715,65.83317514015158
UP30_SCORE80_NIKKEION_TP3.5_SL1.25_H5,VALIDATION,2024-01-18,7735.T,WIN,10.909167313103575,1,,,,,,,,3.1454763751724477,1.92320418278728,75.52852009430023
UP30_SCORE80_NIKKEION_TP3.5_SL1.25_H5,VALIDATION,2024-03-05,6146.T,LOSS,-4.205753660696731,4,,,,,,,,3.284602928557382,2.1800391194636752,80.50298701119084
UP30_SCORE80_NIKKEION_TP3.5_SL1.25_H5,VALIDATION,2024-03-06,1802.T,WIN,9.890803785294333,1,,,,,,,,2.8545153672269548,2.554199432260858,85.31838469532941
UP30_SCORE80_NIKKEION_TP3.5_SL1.25_H5,VALIDATION,2024-03-07,7012.T,TIMEOUT_LOSS,-0.7063665415295682,5,,,,,,,,3.210564756415324,3.000958757164228,86.42904059170691
UP30_SCORE80_NIKKEION_TP3.5_SL1.25_H5,VALIDATION,2024-03-21,8804.T,WIN,10.133110865304895,1,,,,,,,,2.923745961515685,1.69173223588183,67.93402062292945
UP30_SCORE80_NIKKEION_TP3.5_SL1.25_H5,VALIDATION,2024-03-22,3099.T,HOLD,7.026963938280828,5,,,,,,,,2.453948221491993,1.5707909104979727,81.63333499499859
UP30_SCORE80_NIKKEION_TP3.5_SL1.25_H5,VALIDATION,2024-03-25,5631.T,WIN,9.327517467571845,2,,,,,,,,2.693576419306239,1.9978760576890136,78.08170396611129
UP30_SCORE80_NIKKEION_TP3.5_SL1.25_H5,VALIDATION,2024-03-26,6504.T,HOLD,3.1571624317762503,5,,,,,,,,2.8262976686388814,1.7303010510064722,74.90764016864891
UP30_SCORE80_NIKKEION_TP3.5_SL1.25_H5,VALIDATION,2024-03-27,8308.T,HOLD,1.7987886395769315,5,,,,,,,,3.0733363442166413,1.5960925826296606,69.621051993328
UP30_SCORE80_NIKKEION_TP3.5_SL1.25_H5,VALIDATION,2024-03-28,9501.T,HOLD,10.17009219552335,5,,,,,,,,4.639511584038658,1.535695399259651,61.44666417260486
UP30_SCORE80_NIKKEION_TP3.5_SL1.25_H5,VALIDATION,2024-05-14,5801.T,HOLD,0.8001135923499382,5,,,,,,,,3.3266977409723695,4.547126157516055,78.26401062449611
UP30_SCORE80_NIKKEION_TP3.5_SL1.25_H5,VALIDATION,2024-05-15,5101.T,LOSS,-3.9293999445333405,1,,,,,,,,3.185505709499344,2.1531057837982357,57.67965645377095
UP30_SCORE80_NIKKEION_TP3.5_SL1.25_H5,VALIDATION,2024-05-30,8331.T,LOSS,-2.831653868293582,1,,,,,,,,2.2466950262275853,1.6671299042083123,76.98906772721455
UP30_SCORE80_NIKKEION_TP3.5_SL1.25_H5,VALIDATION,2024-07-05,7011.T,LOSS,-4.253621900354198,3,,,,,,,,3.3228975202833633,2.5582053497235537,86.65930019007098
UP30_SCORE80_NIKKEION_TP3.5_SL1.25_H5,VALIDATION,2024-07-08,7011.T,LOSS,-4.383136738685778,2,,,,,,,,3.4265093909486253,1.7619016094335518,86.88149005846999
UP30_SCORE80_NIKKEION_TP3.5_SL1.25_H5,VALIDATION,2024-07-09,5803.T,TIMEOUT_LOSS,-1.340758537873088,5,,,,,,,,3.809966458306757,3.0971420165153285,65.1673118563374
UP30_SCORE80_NIKKEION_TP3.5_SL1.25_H5,VALIDATION,2024-07-10,5803.T,LOSS,-4.822895624382284,5,,,,,,,,3.7783164995058183,1.977109990603468,67.32339376466534
UP30_SCORE80_NIKKEION_TP3.5_SL1.25_H5,VALIDATION,2024-07-12,4519.T,TIMEOUT_LOSS,-0.7715428109973498,5,,,,,,,,2.4175399406305127,1.5207411706833838,76.8046823943933
UP30_SCORE80_NIKKEION_TP3.5_SL1.25_H5,VALIDATION,2024-07-16,6976.T,HOLD,0.47414635042289943,5,,,,,,,,3.5256413216273375,1.7389526651481166,77.39298849461471
UP30_SCORE80_NIKKEION_TP3.5_SL1.25_H5,VALIDATION,2024-09-05,6532.T,LOSS,-4.0724577991666955,1,,,,,,,,3.3094320301220614,1.812501141948804,65.73803228477507
UP30_SCORE80_NIKKEION_TP3.5_SL1.25_H5,VALIDATION,2024-11-07,7013.T,TIMEOUT_LOSS,-1.5461499464642814,5,,,,,,,,4.814901131833723,2.2527265778296126,70.02433857866997
UP30_SCORE80_NIKKEION_TP3.5_SL1.25_H5,VALIDATION,2024-11-08,7012.T,LOSS,-5.642775577103631,3,,,,,,,,4.434220461682906,3.200205529096764,69.90419704592867
UP30_SCORE80_NIKKEION_TP3.5_SL1.25_H5,VALIDATION,2024-11-11,5803.T,LOSS,-7.099980000170391,5,,,,,,,,5.599984000136319,1.7857249601142264,64.76170419168966
UP30_SCORE80_NIKKEION_TP3.5_SL1.25_H5,VALIDATION,2024-11-12,5801.T,HOLD,9.880624475002497,5,,,,,,,,4.212795453398469,5.95992017197373,85.57524419496607
UP30_SCORE80_NIKKEION_TP3.5_SL1.25_H3,VALIDATION,2022-08-24,7733.T,HOLD,0.1464212754205386,3,,,,,,,,2.487512480075919,1.8547560940531955,65.51391763203654
UP30_SCORE80_NIKKEION_TP3.5_SL1.25_H3,VALIDATION,2022-08-25,7004.T,WIN,8.659482124574557,1,,,,,,,,2.502709178449873,1.68890419213222,64.82502886936872
UP30_SCORE80_NIKKEION_TP3.5_SL1.25_H3,VALIDATION,2022-11-04,8001.T,LOSS,-2.463708860160352,1,,,,,,,,1.936746127953537,1.839102301394961,63.42202249431198
UP30_SCORE80_NIKKEION_TP3.5_SL1.25_H3,VALIDATION,2022-11-10,2501.T,LOSS,-2.8554758179007766,1,,,,,,,,2.266842964024092,2.343872605585045,78.05644952602152
UP30_SCORE80_NIKKEION_TP3.5_SL1.25_H3,VALIDATION,2022-11-30,9434.T,WIN,3.246309066619235,1,,,,,,,,0.9560883047483518,2.4663342776889188,58.10727871196465
UP30_SCORE80_NIKKEION_TP3.5_SL1.25_H3,VALIDATION,2022-12-01,4523.T,WIN,12.993618305157339,2,,,,,,,,3.7410338014735256,3.726731040440298,67.15517263840277
UP30_SCORE80_NIKKEION_TP3.5_SL1.25_H3,VALIDATION,2023-02-01,2768.T,LOSS,-1.8704444313634494,1,,,,,,,,1.4418832874603549,1.59628603672925,61.67016112861338
UP30_SCORE80_NIKKEION_TP3.5_SL1.25_H3,VALIDATION,2023-02-17,5233.T,LOSS,-2.76109820571796,1,,,,,,,,2.1870788814461806,2.0514057799458647,79.34823879636357
UP30_SCORE80_NIKKEION_TP3.5_SL1.25_H3,VALIDATION,2023-02-21,5101.T,WIN,9.063655681934424,1,,,,,,,,2.6181873376955505,3.43627562267025,86.43660675284961
UP30_SCORE80_NIKKEION_TP3.5_SL1.25_H3,VALIDATION,2023-03-03,5406.T,WIN,9.60137047351467,1,,,,,,,,2.771820135289908,1.857140360382404,87.09433998237975
UP30_SCORE80_NIKKEION_TP3.5_SL1.25_H3,VALIDATION,2023-03-06,5406.T,WIN,9.590422756537288,1,,,,,,,,2.768692216153508,1.502203260570827,87.66789665700449
UP30_SCORE80_NIKKEION_TP3.5_SL1.25_H3,VALIDATION,2023-03-07,5406.T,WIN,9.838759854621005,1,,,,,,,,2.8396456727488584,2.0701893640139404,90.18696901800902
UP30_SCORE80_NIKKEION_TP3.5_SL1.25_H3,VALIDATION,2023-03-08,6472.T,WIN,8.774131461873436,1,,,,,,,,2.535466131963841,1.5964971261163212,80.32679424160867
UP30_SCORE80_NIKKEION_TP3.5_SL1.25_H3,VALIDATION,2023-03-09,6472.T,WIN,8.846430099275738,1,,,,,,,,2.5561228855073503,2.0280835938094106,81.64248124982342
UP30_SCORE80_NIKKEION_TP3.5_SL1.25_H3,VALIDATION,2023-03-30,9107.T,WIN,11.874626403568856,1,,,,,,,,3.4213218295911028,2.956640384017868,67.71212740707429
UP30_SCORE80_NIKKEION_TP3.5_SL1.25_H3,VALIDATION,2023-03-31,7735.T,HOLD,1.9952370032169875,3,,,,,,,,2.5391231063714175,1.7645630331178097,71.61649211053447
UP30_SCORE80_NIKKEION_TP3.5_SL1.25_H3,VALIDATION,2023-04-03,6361.T,TIMEOUT_LOSS,-1.4527729564149383,3,,,,,,,,2.384753810496683,1.789481559063365,70.6068253998211
UP30_SCORE80_NIKKEION_TP3.5_SL1.25_H3,VALIDATION,2023-04-04,6501.T,HOLD,0.37960656090801914,3,,,,,,,,2.0304261745622165,1.5221769100292324,70.37175256557059
UP30_SCORE80_NIKKEION_TP3.5_SL1.25_H3,VALIDATION,2023-04-05,7453.T,HOLD,1.1430890333390953,3,,,,,,,,2.549078700278436,2.2329253812711656,54.85035368390627
UP30_SCORE80_NIKKEION_TP3.5_SL1.25_H3,VALIDATION,2023-04-11,9009.T,HOLD,3.1175604922691336,3,,,,,,,,1.9900095906876618,1.6478328517448322,79.14396561216782
UP30_SCORE80_NIKKEION_TP3.5_SL1.25_H3,VALIDATION,2023-04-12,3086.T,WIN,8.473295069973064,1,,,,,,,,2.4495128771351586,2.600409263552136,65.77527308898344
UP30_SCORE80_NIKKEION_TP3.5_SL1.25_H3,VALIDATION,2023-04-13,7453.T,HOLD,2.690558295829437,3,,,,,,,,2.575211037043294,1.6011953311443716,59.13648388012189
UP30_SCORE80_NIKKEION_TP3.5_SL1.25_H3,VALIDATION,2023-04-14,3697.T,TIMEOUT_LOSS,-2.594536581674811,3,,,,,,,,4.121031231711458,1.8575489819439108,70.5419742753867
UP30_SCORE80_NIKKEION_TP3.5_SL1.25_H3,VALIDATION,2023-04-17,6752.T,WIN,6.853163951123554,1,,,,,,,,1.9866182717495888,1.8304620405232623,71.88274667672724
UP30_SCORE80_NIKKEION_TP3.5_SL1.25_H3,VALIDATION,2023-04-19,8253.T,WIN,6.8967269432276606,1,,,,,,,,1.9990648409221896,1.624354060885152,71.01284289908423
UP30_SCORE80_NIKKEION_TP3.5_SL1.25_H3,VALIDATION,2023-04-20,3099.T,WIN,7.97065898705115,3,,,,,,,,2.3059025677288973,1.6848464507467695,64.50758913098556
UP30_SCORE80_NIKKEION_TP3.5_SL1.25_H3,VALIDATION,2023-04-21,6146.T,LOSS,-3.7612538351244007,3,,,,,,,,2.9290030680995187,4.820541702933798,75.78560698122133
UP30_SCORE80_NIKKEION_TP3.5_SL1.25_H3,VALIDATION,2023-04-24,9202.T,WIN,4.872682484096147,1,,,,,,,,1.4207664240274718,3.269837442481966,70.44491341213703
UP30_SCORE80_NIKKEION_TP3.5_SL1.25_H3,VALIDATION,2023-04-25,6503.T,WIN,5.968434276103574,3,,,,,,,,1.733838364601022,2.155498593594048,79.72493429343518
UP30_SCORE80_NIKKEION_TP3.5_SL1.25_H3,VALIDATION,2023-04-26,1803.T,WIN,6.789852849899314,1,,,,,,,,1.9685293856855173,6.0865440632331405,73.83107527961079
UP30_SCORE80_NIKKEION_TP3.5_SL1.25_H3,VALIDATION,2023-04-27,6305.T,WIN,7.360682596508495,1,,,,,,,,2.13162359900243,3.861125217892584,66.4599445715346
UP30_SCORE80_NIKKEION_TP3.5_SL1.25_H3,VALIDATION,2023-04-28,8801.T,WIN,5.472167483422486,1,,,,,,,,1.5920478524064234,2.3953025670888533,79.12301899170511
UP30_SCORE80_NIKKEION_TP3.5_SL1.25_H3,VALIDATION,2023-05-01,7011.T,HOLD,2.5301458927096454,3,,,,,,,,1.6474797805150931,1.631766868235908,66.13065535678693
UP30_SCORE80_NIKKEION_TP3.5_SL1.25_H3,VALIDATION,2023-05-09,5401.T,WIN,7.6815329628745825,1,,,,,,,,2.2232951322498806,2.4216348728935766,63.075672705376185
UP30_SCORE80_NIKKEION_TP3.5_SL1.25_H3,VALIDATION,2023-05-10,9107.T,WIN,12.843377086983454,1,,,,,,,,3.698107739138131,1.6721083015720768,62.615682903241385
UP30_SCORE80_NIKKEION_TP3.5_SL1.25_H3,VALIDATION,2023-05-11,7011.T,HOLD,5.395320426312534,3,,,,,,,,2.1934996524668904,2.628737662337662,62.58737291544723
UP30_SCORE80_NIKKEION_TP3.5_SL1.25_H3,VALIDATION,2023-05-12,5406.T,WIN,12.917749455618422,1,,,,,,,,3.719356987319548,5.052158085537815,68.63672427624891
UP30_SCORE80_NIKKEION_TP3.5_SL1.25_H3,VALIDATION,2023-05-15,5406.T,WIN,13.278925234830108,1,,,,,,,,3.8225500670943178,1.7922546424440156,68.83347968195596
UP30_SCORE80_NIKKEION_TP3.5_SL1.25_H3,VALIDATION,2023-05-16,4188.T,WIN,4.649537925379821,1,,,,,,,,1.3570108358228028,1.900617460813976,63.985237751869725
UP30_SCORE80_NIKKEION_TP3.5_SL1.25_H3,VALIDATION,2023-07-03,5301.T,WIN,8.204038046132023,1,,,,,,,,2.3725822988948613,1.6841448882477126,76.76292337832162
UP30_SCORE80_NIKKEION_TP3.5_SL1.25_H3,VALIDATION,2023-07-05,9107.T,WIN,12.324907569633192,1,,,,,,,,3.5499735913237704,2.150751782310317,69.97459032079043
UP30_SCORE80_NIKKEION_TP3.5_SL1.25_H3,VALIDATION,2023-07-28,8308.T,WIN,8.567502351361867,1,,,,,,,,2.4764292432462476,2.992813465952988,69.19508666855869
UP30_SCORE80_NIKKEION_TP3.5_SL1.25_H3,VALIDATION,2023-07-31,8308.T,TIMEOUT_LOSS,-1.2452531699781444,3,,,,,,,,2.5763241790336844,1.9173748312925836,71.9207173897711
UP30_SCORE80_NIKKEION_TP3.5_SL1.25_H3,VALIDATION,2023-08-01,6976.T,HOLD,1.8693882072037593,3,,,,,,,,2.606764674052127,2.1396985671851048,57.50048021808944
UP30_SCORE80_NIKKEION_TP3.5_SL1.25_H3,VALIDATION,2023-08-29,9501.T,TIMEOUT_LOSS,-2.143950752030588,3,,,,,,,,3.1402072969105355,2.2716801360357546,73.52136944851513
UP30_SCORE80_NIKKEION_TP3.5_SL1.25_H3,VALIDATION,2023-09-08,7532.T,LOSS,-3.3151137198636382,1,,,,,,,,2.657533706705184,1.5087604957949283,59.8378595415099
UP30_SCORE80_NIKKEION_TP3.5_SL1.25_H3,VALIDATION,2023-09-11,8308.T,LOSS,-3.000988102854718,1,,,,,,,,2.390127805566289,1.665899299127487,79.10878705380313
UP30_SCORE80_NIKKEION_TP3.5_SL1.25_H3,VALIDATION,2023-09-12,8316.T,LOSS,-2.2931113670488834,1,,,,,,,,1.7938297784150459,1.6274642753207946,80.10973378734327
UP30_SCORE80_NIKKEION_TP3.5_SL1.25_H3,VALIDATION,2023-09-13,8306.T,LOSS,-2.567145106696045,1,,,,,,,,2.0236422767650737,1.6494697326543106,80.85596893501176
UP30_SCORE80_NIKKEION_TP3.5_SL1.25_H3,VALIDATION,2023-11-13,2501.T,LOSS,-2.9732299218577896,1,,,,,,,,2.3665812583255104,2.601058336455944,83.63371851723367
UP30_SCORE80_NIKKEION_TP3.5_SL1.25_H3,VALIDATION,2023-12-29,7974.T,WIN,5.653738253917762,3,,,,,,,,1.643925215405077,1.9467622373338236,74.74645526007333
UP30_SCORE80_NIKKEION_TP3.5_SL1.25_H3,VALIDATION,2024-01-05,8601.T,WIN,7.635628315990884,1,,,,,,,,2.210179518854538,1.680065341212715,65.83317514015158
UP30_SCORE80_NIKKEION_TP3.5_SL1.25_H3,VALIDATION,2024-01-18,7735.T,WIN,10.909167313103575,1,,,,,,,,3.1454763751724477,1.92320418278728,75.52852009430023
UP30_SCORE80_NIKKEION_TP3.5_SL1.25_H3,VALIDATION,2024-03-05,6146.T,TIMEOUT_LOSS,-0.5588255963961396,3,,,,,,,,3.284602928557382,2.1800391194636752,80.50298701119084
UP30_SCORE80_NIKKEION_TP3.5_SL1.25_H3,VALIDATION,2024-03-06,1802.T,WIN,9.890803785294333,1,,,,,,,,2.8545153672269548,2.554199432260858,85.31838469532941
UP30_SCORE80_NIKKEION_TP3.5_SL1.25_H3,VALIDATION,2024-03-07,7012.T,TIMEOUT_LOSS,-1.3340755048777408,3,,,,,,,,3.210564756415324,3.000958757164228,86.42904059170691
UP30_SCORE80_NIKKEION_TP3.5_SL1.25_H3,VALIDATION,2024-03-21,8804.T,WIN,10.133110865304895,1,,,,,,,,2.923745961515685,1.69173223588183,67.93402062292945
UP30_SCORE80_NIKKEION_TP3.5_SL1.25_H3,VALIDATION,2024-03-22,3099.T,HOLD,6.877494385247552,3,,,,,,,,2.453948221491993,1.5707909104979727,81.63333499499859
UP30_SCORE80_NIKKEION_TP3.5_SL1.25_H3,VALIDATION,2024-03-25,5631.T,WIN,9.327517467571845,2,,,,,,,,2.693576419306239,1.9978760576890136,78.08170396611129
UP30_SCORE80_NIKKEION_TP3.5_SL1.25_H3,VALIDATION,2024-03-26,6504.T,HOLD,4.84654585282166,3,,,,,,,,2.8262976686388814,1.7303010510064722,74.90764016864891
UP30_SCORE80_NIKKEION_TP3.5_SL1.25_H3,VALIDATION,2024-03-27,8308.T,HOLD,0.41721946829534906,3,,,,,,,,3.0733363442166413,1.5960925826296606,69.621051993328
UP30_SCORE80_NIKKEION_TP3.5_SL1.25_H3,VALIDATION,2024-03-28,9501.T,TIMEOUT_LOSS,-1.4722540245678761,3,,,,,,,,4.639511584038658,1.535695399259651,61.44666417260486
UP30_SCORE80_NIKKEION_TP3.5_SL1.25_H3,VALIDATION,2024-05-14,5801.T,HOLD,2.2820223552854624,3,,,,,,,,3.3266977409723695,4.547126157516055,78.26401062449611
UP30_SCORE80_NIKKEION_TP3.5_SL1.25_H3,VALIDATION,2024-05-15,5101.T,LOSS,-3.9293999445333405,1,,,,,,,,3.185505709499344,2.1531057837982357,57.67965645377095
UP30_SCORE80_NIKKEION_TP3.5_SL1.25_H3,VALIDATION,2024-05-30,8331.T,LOSS,-2.831653868293582,1,,,,,,,,2.2466950262275853,1.6671299042083123,76.98906772721455
UP30_SCORE80_NIKKEION_TP3.5_SL1.25_H3,VALIDATION,2024-07-05,7011.T,LOSS,-4.253621900354198,3,,,,,,,,3.3228975202833633,2.5582053497235537,86.65930019007098
UP30_SCORE80_NIKKEION_TP3.5_SL1.25_H3,VALIDATION,2024-07-08,7011.T,LOSS,-4.383136738685778,2,,,,,,,,3.4265093909486253,1.7619016094335518,86.88149005846999
UP30_SCORE80_NIKKEION_TP3.5_SL1.25_H3,VALIDATION,2024-07-09,5803.T,TIMEOUT_LOSS,-0.5020352086310463,3,,,,,,,,3.809966458306757,3.0971420165153285,65.1673118563374
UP30_SCORE80_NIKKEION_TP3.5_SL1.25_H3,VALIDATION,2024-07-10,5803.T,TIMEOUT_LOSS,-2.3216796953875796,3,,,,,,,,3.7783164995058183,1.977109990603468,67.32339376466534
UP30_SCORE80_NIKKEION_TP3.5_SL1.25_H3,VALIDATION,2024-07-12,4519.T,HOLD,0.13311846210201103,3,,,,,,,,2.4175399406305127,1.5207411706833838,76.8046823943933
UP30_SCORE80_NIKKEION_TP3.5_SL1.25_H3,VALIDATION,2024-07-16,6976.T,HOLD,5.223364293422395,3,,,,,,,,3.5256413216273375,1.7389526651481166,77.39298849461471
UP30_SCORE80_NIKKEION_TP3.5_SL1.25_H3,VALIDATION,2024-09-05,6532.T,LOSS,-4.0724577991666955,1,,,,,,,,3.3094320301220614,1.812501141948804,65.73803228477507
UP30_SCORE80_NIKKEION_TP3.5_SL1.25_H3,VALIDATION,2024-11-07,7013.T,HOLD,1.2587562963110144,3,,,,,,,,4.814901131833723,2.2527265778296126,70.02433857866997
UP30_SCORE80_NIKKEION_TP3.5_SL1.25_H3,VALIDATION,2024-11-08,7012.T,LOSS,-5.642775577103631,3,,,,,,,,4.434220461682906,3.200205529096764,69.90419704592867
UP30_SCORE80_NIKKEION_TP3.5_SL1.25_H3,VALIDATION,2024-11-11,5803.T,TIMEOUT_LOSS,-2.420324839515642,3,,,,,,,,5.599984000136319,1.7857249601142264,64.76170419168966
UP30_SCORE80_NIKKEION_TP3.5_SL1.25_H3,VALIDATION,2024-11-12,5801.T,HOLD,9.229748967881969,3,,,,,,,,4.212795453398469,5.95992017197373,85.57524419496607
UP20_SCORE80_NIKKEION_TP4.0_SL1.25_H3,VALIDATION,2022-08-24,7733.T,HOLD,0.1464212754205386,3,,,,,,,,2.487512480075919,1.8547560940531955,65.51391763203654
UP20_SCORE80_NIKKEION_TP4.0_SL1.25_H3,VALIDATION,2022-08-25,7004.T,WIN,9.9108367137995,1,,,,,,,,2.502709178449873,1.68890419213222,64.82502886936872
UP20_SCORE80_NIKKEION_TP4.0_SL1.25_H3,VALIDATION,2022-11-04,8001.T,LOSS,-2.463708860160352,1,,,,,,,,1.936746127953537,1.839102301394961,63.42202249431198
UP20_SCORE80_NIKKEION_TP4.0_SL1.25_H3,VALIDATION,2022-11-10,2501.T,LOSS,-2.8554758179007766,1,,,,,,,,2.266842964024092,2.343872605585045,78.05644952602152
UP20_SCORE80_NIKKEION_TP4.0_SL1.25_H3,VALIDATION,2022-11-30,9434.T,WIN,3.7243532189934148,1,,,,,,,,0.9560883047483518,2.4663342776889188,58.10727871196465
UP20_SCORE80_NIKKEION_TP4.0_SL1.25_H3,VALIDATION,2022-12-01,4523.T,HOLD,9.599960940878594,3,,,,,,,,3.7410338014735256,3.726731040440298,67.15517263840277
UP20_SCORE80_NIKKEION_TP4.0_SL1.25_H3,VALIDATION,2023-02-01,2768.T,LOSS,-1.8704444313634494,1,,,,,,,,1.4418832874603549,1.59628603672925,61.67016112861338
UP20_SCORE80_NIKKEION_TP4.0_SL1.25_H3,VALIDATION,2023-02-17,5233.T,LOSS,-2.76109820571796,1,,,,,,,,2.1870788814461806,2.0514057799458647,79.34823879636357
UP20_SCORE80_NIKKEION_TP4.0_SL1.25_H3,VALIDATION,2023-02-21,5101.T,WIN,10.372749350782195,1,,,,,,,,2.6181873376955505,3.43627562267025,86.43660675284961
UP20_SCORE80_NIKKEION_TP4.0_SL1.25_H3,VALIDATION,2023-03-03,5406.T,WIN,10.98728054115964,1,,,,,,,,2.771820135289908,1.857140360382404,87.09433998237975
UP20_SCORE80_NIKKEION_TP4.0_SL1.25_H3,VALIDATION,2023-03-06,5406.T,WIN,10.974768864614026,1,,,,,,,,2.768692216153508,1.502203260570827,87.66789665700449
UP20_SCORE80_NIKKEION_TP4.0_SL1.25_H3,VALIDATION,2023-03-07,5406.T,WIN,11.258582690995434,1,,,,,,,,2.8396456727488584,2.0701893640139404,90.18696901800902
UP20_SCORE80_NIKKEION_TP4.0_SL1.25_H3,VALIDATION,2023-03-08,6472.T,WIN,10.041864527855372,1,,,,,,,,2.535466131963841,1.5964971261163212,80.32679424160867
UP20_SCORE80_NIKKEION_TP4.0_SL1.25_H3,VALIDATION,2023-03-09,6472.T,WIN,10.124491542029402,1,,,,,,,,2.5561228855073503,2.0280835938094106,81.64248124982342
UP20_SCORE80_NIKKEION_TP4.0_SL1.25_H3,VALIDATION,2023-03-30,9107.T,WIN,13.585287318364403,1,,,,,,,,3.4213218295911028,2.956640384017868,67.71212740707429
UP20_SCORE80_NIKKEION_TP4.0_SL1.25_H3,VALIDATION,2023-03-31,7735.T,HOLD,1.9952370032169875,3,,,,,,,,2.5391231063714175,1.7645630331178097,71.61649211053447
UP20_SCORE80_NIKKEION_TP4.0_SL1.25_H3,VALIDATION,2023-04-03,6361.T,TIMEOUT_LOSS,-1.4527729564149383,3,,,,,,,,2.384753810496683,1.789481559063365,70.6068253998211
UP20_SCORE80_NIKKEION_TP4.0_SL1.25_H3,VALIDATION,2023-04-04,6501.T,HOLD,0.37960656090801914,3,,,,,,,,2.0304261745622165,1.5221769100292324,70.37175256557059
UP20_SCORE80_NIKKEION_TP4.0_SL1.25_H3,VALIDATION,2023-04-05,7453.T,HOLD,1.1430890333390953,3,,,,,,,,2.549078700278436,2.2329253812711656,54.85035368390627
UP20_SCORE80_NIKKEION_TP4.0_SL1.25_H3,VALIDATION,2023-04-11,9009.T,HOLD,3.1175604922691336,3,,,,,,,,1.9900095906876618,1.6478328517448322,79.14396561216782
UP20_SCORE80_NIKKEION_TP4.0_SL1.25_H3,VALIDATION,2023-04-12,3086.T,WIN,9.698051508540628,2,,,,,,,,2.4495128771351586,2.600409263552136,65.77527308898344
UP20_SCORE80_NIKKEION_TP4.0_SL1.25_H3,VALIDATION,2023-04-13,7453.T,HOLD,2.690558295829437,3,,,,,,,,2.575211037043294,1.6011953311443716,59.13648388012189
UP20_SCORE80_NIKKEION_TP4.0_SL1.25_H3,VALIDATION,2023-04-14,3697.T,TIMEOUT_LOSS,-2.594536581674811,3,,,,,,,,4.121031231711458,1.8575489819439108,70.5419742753867
UP20_SCORE80_NIKKEION_TP4.0_SL1.25_H3,VALIDATION,2023-04-17,6752.T,WIN,7.846473086998363,1,,,,,,,,1.9866182717495888,1.8304620405232623,71.88274667672724
UP20_SCORE80_NIKKEION_TP4.0_SL1.25_H3,VALIDATION,2023-04-19,8253.T,WIN,7.896259363688752,1,,,,,,,,1.9990648409221896,1.624354060885152,71.01284289908423
UP20_SCORE80_NIKKEION_TP4.0_SL1.25_H3,VALIDATION,2023-04-20,3099.T,HOLD,5.114970486944837,3,,,,,,,,2.3059025677288973,1.6848464507467695,64.50758913098556
UP20_SCORE80_NIKKEION_TP4.0_SL1.25_H3,VALIDATION,2023-04-21,6146.T,LOSS,-3.7612538351244007,3,,,,,,,,2.9290030680995187,4.820541702933798,75.78560698122133
UP20_SCORE80_NIKKEION_TP4.0_SL1.25_H3,VALIDATION,2023-04-24,9202.T,WIN,5.5830656961098795,1,,,,,,,,1.4207664240274718,3.269837442481966,70.44491341213703
UP20_SCORE80_NIKKEION_TP4.0_SL1.25_H3,VALIDATION,2023-04-25,6503.T,HOLD,5.101515093803067,3,,,,,,,,1.733838364601022,2.155498593594048,79.72493429343518
UP20_SCORE80_NIKKEION_TP4.0_SL1.25_H3,VALIDATION,2023-04-26,1803.T,WIN,7.774117542742077,1,,,,,,,,1.9685293856855173,6.0865440632331405,73.83107527961079
UP20_SCORE80_NIKKEION_TP4.0_SL1.25_H3,VALIDATION,2023-04-27,6305.T,WIN,8.426494396009721,1,,,,,,,,2.13162359900243,3.861125217892584,66.4599445715346
UP20_SCORE80_NIKKEION_TP4.0_SL1.25_H3,VALIDATION,2023-04-28,8801.T,WIN,6.268191409625701,1,,,,,,,,1.5920478524064234,2.3953025670888533,79.12301899170511
UP20_SCORE80_NIKKEION_TP4.0_SL1.25_H3,VALIDATION,2023-05-01,7011.T,HOLD,2.5301458927096454,3,,,,,,,,1.6474797805150931,1.631766868235908,66.13065535678693
UP20_SCORE80_NIKKEION_TP4.0_SL1.25_H3,VALIDATION,2023-05-09,5401.T,WIN,8.793180528999523,1,,,,,,,,2.2232951322498806,2.4216348728935766,63.075672705376185
UP20_SCORE80_NIKKEION_TP4.0_SL1.25_H3,VALIDATION,2023-05-10,9107.T,WIN,14.692430956552515,1,,,,,,,,3.698107739138131,1.6721083015720768,62.615682903241385
UP20_SCORE80_NIKKEION_TP4.0_SL1.25_H3,VALIDATION,2023-05-11,7011.T,HOLD,5.395320426312534,3,,,,,,,,2.1934996524668904,2.628737662337662,62.58737291544723
UP20_SCORE80_NIKKEION_TP4.0_SL1.25_H3,VALIDATION,2023-05-12,5406.T,WIN,14.7774279492782,1,,,,,,,,3.719356987319548,5.052158085537815,68.63672427624891
UP20_SCORE80_NIKKEION_TP4.0_SL1.25_H3,VALIDATION,2023-05-15,5406.T,WIN,15.190200268377263,1,,,,,,,,3.8225500670943178,1.7922546424440156,68.83347968195596
UP20_SCORE80_NIKKEION_TP4.0_SL1.25_H3,VALIDATION,2023-05-16,4188.T,WIN,5.3280433432912115,1,,,,,,,,1.3570108358228028,1.900617460813976,63.985237751869725
UP20_SCORE80_NIKKEION_TP4.0_SL1.25_H3,VALIDATION,2023-07-03,5301.T,WIN,9.390329195579438,1,,,,,,,,2.3725822988948613,1.6841448882477126,76.76292337832162
UP20_SCORE80_NIKKEION_TP4.0_SL1.25_H3,VALIDATION,2023-07-05,9107.T,WIN,14.099894365295073,1,,,,,,,,3.5499735913237704,2.150751782310317,69.97459032079043
UP20_SCORE80_NIKKEION_TP4.0_SL1.25_H3,VALIDATION,2023-07-28,9501.T,HOLD,3.2351680043808506,3,,,,,,,,2.767087336120648,1.7704078849426244,62.30307264168
UP20_SCORE80_NIKKEION_TP4.0_SL1.25_H3,VALIDATION,2023-07-31,8308.T,TIMEOUT_LOSS,-1.2452531699781444,3,,,,,,,,2.5763241790336844,1.9173748312925836,71.9207173897711
UP20_SCORE80_NIKKEION_TP4.0_SL1.25_H3,VALIDATION,2023-08-01,6976.T,HOLD,1.8693882072037593,3,,,,,,,,2.606764674052127,2.1396985671851048,57.50048021808944
UP20_SCORE80_NIKKEION_TP4.0_SL1.25_H3,VALIDATION,2023-08-29,9501.T,TIMEOUT_LOSS,-2.143950752030588,3,,,,,,,,3.1402072969105355,2.2716801360357546,73.52136944851513
UP20_SCORE80_NIKKEION_TP4.0_SL1.25_H3,VALIDATION,2023-09-08,7532.T,LOSS,-3.3151137198636382,1,,,,,,,,2.657533706705184,1.5087604957949283,59.8378595415099
UP20_SCORE80_NIKKEION_TP4.0_SL1.25_H3,VALIDATION,2023-09-11,8308.T,LOSS,-3.000988102854718,1,,,,,,,,2.390127805566289,1.665899299127487,79.10878705380313
UP20_SCORE80_NIKKEION_TP4.0_SL1.25_H3,VALIDATION,2023-09-12,8316.T,LOSS,-2.2931113670488834,1,,,,,,,,1.7938297784150459,1.6274642753207946,80.10973378734327
UP20_SCORE80_NIKKEION_TP4.0_SL1.25_H3,VALIDATION,2023-09-13,8306.T,LOSS,-2.567145106696045,1,,,,,,,,2.0236422767650737,1.6494697326543106,80.85596893501176
UP20_SCORE80_NIKKEION_TP4.0_SL1.25_H3,VALIDATION,2023-11-13,2501.T,LOSS,-2.9732299218577896,1,,,,,,,,2.3665812583255104,2.601058336455944,83.63371851723367
UP20_SCORE80_NIKKEION_TP4.0_SL1.25_H3,VALIDATION,2023-12-29,7974.T,WIN,6.475700861620315,3,,,,,,,,1.643925215405077,1.9467622373338236,74.74645526007333
UP20_SCORE80_NIKKEION_TP4.0_SL1.25_H3,VALIDATION,2024-01-05,8601.T,WIN,8.740718075418153,1,,,,,,,,2.210179518854538,1.680065341212715,65.83317514015158
UP20_SCORE80_NIKKEION_TP4.0_SL1.25_H3,VALIDATION,2024-01-18,7735.T,WIN,12.481905500689782,2,,,,,,,,3.1454763751724477,1.92320418278728,75.52852009430023
UP20_SCORE80_NIKKEION_TP4.0_SL1.25_H3,VALIDATION,2024-03-05,6146.T,TIMEOUT_LOSS,-0.5588255963961396,3,,,,,,,,3.284602928557382,2.1800391194636752,80.50298701119084
UP20_SCORE80_NIKKEION_TP4.0_SL1.25_H3,VALIDATION,2024-03-06,1802.T,WIN,11.318061468907826,2,,,,,,,,2.8545153672269548,2.554199432260858,85.31838469532941
UP20_SCORE80_NIKKEION_TP4.0_SL1.25_H3,VALIDATION,2024-03-07,7012.T,TIMEOUT_LOSS,-1.3340755048777408,3,,,,,,,,3.210564756415324,3.000958757164228,86.42904059170691
UP20_SCORE80_NIKKEION_TP4.0_SL1.25_H3,VALIDATION,2024-03-21,8804.T,HOLD,8.89775024998759,3,,,,,,,,2.923745961515685,1.69173223588183,67.93402062292945
UP20_SCORE80_NIKKEION_TP4.0_SL1.25_H3,VALIDATION,2024-03-22,3099.T,HOLD,6.877494385247552,3,,,,,,,,2.453948221491993,1.5707909104979727,81.63333499499859
UP20_SCORE80_NIKKEION_TP4.0_SL1.25_H3,VALIDATION,2024-03-25,5631.T,WIN,10.674305677224948,2,,,,,,,,2.693576419306239,1.9978760576890136,78.08170396611129
UP20_SCORE80_NIKKEION_TP4.0_SL1.25_H3,VALIDATION,2024-03-26,6504.T,HOLD,4.84654585282166,3,,,,,,,,2.8262976686388814,1.7303010510064722,74.90764016864891
UP20_SCORE80_NIKKEION_TP4.0_SL1.25_H3,VALIDATION,2024-03-27,8308.T,HOLD,0.41721946829534906,3,,,,,,,,3.0733363442166413,1.5960925826296606,69.621051993328
UP20_SCORE80_NIKKEION_TP4.0_SL1.25_H3,VALIDATION,2024-03-28,9501.T,TIMEOUT_LOSS,-1.4722540245678761,3,,,,,,,,4.639511584038658,1.535695399259651,61.44666417260486
UP20_SCORE80_NIKKEION_TP4.0_SL1.25_H3,VALIDATION,2024-05-14,5801.T,HOLD,2.2820223552854624,3,,,,,,,,3.3266977409723695,4.547126157516055,78.26401062449611
UP20_SCORE80_NIKKEION_TP4.0_SL1.25_H3,VALIDATION,2024-05-15,5101.T,LOSS,-3.9293999445333405,1,,,,,,,,3.185505709499344,2.1531057837982357,57.67965645377095
UP20_SCORE80_NIKKEION_TP4.0_SL1.25_H3,VALIDATION,2024-05-30,8331.T,LOSS,-2.831653868293582,1,,,,,,,,2.2466950262275853,1.6671299042083123,76.98906772721455
UP20_SCORE80_NIKKEION_TP4.0_SL1.25_H3,VALIDATION,2024-07-05,7011.T,LOSS,-4.253621900354198,3,,,,,,,,3.3228975202833633,2.5582053497235537,86.65930019007098
UP20_SCORE80_NIKKEION_TP4.0_SL1.25_H3,VALIDATION,2024-07-08,7011.T,LOSS,-4.383136738685778,2,,,,,,,,3.4265093909486253,1.7619016094335518,86.88149005846999
UP20_SCORE80_NIKKEION_TP4.0_SL1.25_H3,VALIDATION,2024-07-09,5803.T,TIMEOUT_LOSS,-0.5020352086310463,3,,,,,,,,3.809966458306757,3.0971420165153285,65.1673118563374
UP20_SCORE80_NIKKEION_TP4.0_SL1.25_H3,VALIDATION,2024-07-10,5803.T,TIMEOUT_LOSS,-2.3216796953875796,3,,,,,,,,3.7783164995058183,1.977109990603468,67.32339376466534
UP20_SCORE80_NIKKEION_TP4.0_SL1.25_H3,VALIDATION,2024-07-12,4519.T,HOLD,0.13311846210201103,3,,,,,,,,2.4175399406305127,1.5207411706833838,76.8046823943933
UP20_SCORE80_NIKKEION_TP4.0_SL1.25_H3,VALIDATION,2024-07-16,6976.T,HOLD,5.223364293422395,3,,,,,,,,3.5256413216273375,1.7389526651481166,77.39298849461471
UP20_SCORE80_NIKKEION_TP4.0_SL1.25_H3,VALIDATION,2024-09-05,6532.T,LOSS,-4.0724577991666955,1,,,,,,,,3.3094320301220614,1.812501141948804,65.73803228477507
UP20_SCORE80_NIKKEION_TP4.0_SL1.25_H3,VALIDATION,2024-11-07,7013.T,HOLD,1.2587562963110144,3,,,,,,,,4.814901131833723,2.2527265778296126,70.02433857866997
UP20_SCORE80_NIKKEION_TP4.0_SL1.25_H3,VALIDATION,2024-11-08,7012.T,LOSS,-5.642775577103631,3,,,,,,,,4.434220461682906,3.200205529096764,69.90419704592867
UP20_SCORE80_NIKKEION_TP4.0_SL1.25_H3,VALIDATION,2024-11-11,5803.T,TIMEOUT_LOSS,-2.420324839515642,3,,,,,,,,5.599984000136319,1.7857249601142264,64.76170419168966
UP20_SCORE80_NIKKEION_TP4.0_SL1.25_H3,VALIDATION,2024-11-12,5801.T,HOLD,9.229748967881969,3,,,,,,,,4.212795453398469,5.95992017197373,85.57524419496607
UP20_SCORE80_NIKKEION_TP3.5_SL1.25_H5,VALIDATION,2022-08-24,7733.T,HOLD,1.874223737416647,5,,,,,,,,2.487512480075919,1.8547560940531955,65.51391763203654
UP20_SCORE80_NIKKEION_TP3.5_SL1.25_H5,VALIDATION,2022-08-25,7004.T,WIN,8.659482124574557,1,,,,,,,,2.502709178449873,1.68890419213222,64.82502886936872
UP20_SCORE80_NIKKEION_TP3.5_SL1.25_H5,VALIDATION,2022-11-04,8001.T,LOSS,-2.463708860160352,1,,,,,,,,1.936746127953537,1.839102301394961,63.42202249431198
UP20_SCORE80_NIKKEION_TP3.5_SL1.25_H5,VALIDATION,2022-11-10,2501.T,LOSS,-2.8554758179007766,1,,,,,,,,2.266842964024092,2.343872605585045,78.05644952602152
UP20_SCORE80_NIKKEION_TP3.5_SL1.25_H5,VALIDATION,2022-11-30,9434.T,WIN,3.246309066619235,1,,,,,,,,0.9560883047483518,2.4663342776889188,58.10727871196465
UP20_SCORE80_NIKKEION_TP3.5_SL1.25_H5,VALIDATION,2022-12-01,4523.T,WIN,12.993618305157339,2,,,,,,,,3.7410338014735256,3.726731040440298,67.15517263840277
UP20_SCORE80_NIKKEION_TP3.5_SL1.25_H5,VALIDATION,2023-02-01,2768.T,LOSS,-1.8704444313634494,1,,,,,,,,1.4418832874603549,1.59628603672925,61.67016112861338
UP20_SCORE80_NIKKEION_TP3.5_SL1.25_H5,VALIDATION,2023-02-17,5233.T,LOSS,-2.76109820571796,1,,,,,,,,2.1870788814461806,2.0514057799458647,79.34823879636357
UP20_SCORE80_NIKKEION_TP3.5_SL1.25_H5,VALIDATION,2023-02-21,5101.T,WIN,9.063655681934424,1,,,,,,,,2.6181873376955505,3.43627562267025,86.43660675284961
UP20_SCORE80_NIKKEION_TP3.5_SL1.25_H5,VALIDATION,2023-03-03,5406.T,WIN,9.60137047351467,1,,,,,,,,2.771820135289908,1.857140360382404,87.09433998237975
UP20_SCORE80_NIKKEION_TP3.5_SL1.25_H5,VALIDATION,2023-03-06,5406.T,WIN,9.590422756537288,1,,,,,,,,2.768692216153508,1.502203260570827,87.66789665700449
UP20_SCORE80_NIKKEION_TP3.5_SL1.25_H5,VALIDATION,2023-03-07,5406.T,WIN,9.838759854621005,1,,,,,,,,2.8396456727488584,2.0701893640139404,90.18696901800902
UP20_SCORE80_NIKKEION_TP3.5_SL1.25_H5,VALIDATION,2023-03-08,6472.T,WIN,8.774131461873436,1,,,,,,,,2.535466131963841,1.5964971261163212,80.32679424160867
UP20_SCORE80_NIKKEION_TP3.5_SL1.25_H5,VALIDATION,2023-03-09,6472.T,WIN,8.846430099275738,1,,,,,,,,2.5561228855073503,2.0280835938094106,81.64248124982342
UP20_SCORE80_NIKKEION_TP3.5_SL1.25_H5,VALIDATION,2023-03-30,9107.T,WIN,11.874626403568856,1,,,,,,,,3.4213218295911028,2.956640384017868,67.71212740707429
UP20_SCORE80_NIKKEION_TP3.5_SL1.25_H5,VALIDATION,2023-03-31,7735.T,HOLD,0.6192904128771494,5,,,,,,,,2.5391231063714175,1.7645630331178097,71.61649211053447
UP20_SCORE80_NIKKEION_TP3.5_SL1.25_H5,VALIDATION,2023-04-03,6361.T,HOLD,0.6095384103499081,5,,,,,,,,2.384753810496683,1.789481559063365,70.6068253998211
UP20_SCORE80_NIKKEION_TP3.5_SL1.25_H5,VALIDATION,2023-04-04,6501.T,HOLD,1.8034648977516388,5,,,,,,,,2.0304261745622165,1.5221769100292324,70.37175256557059
UP20_SCORE80_NIKKEION_TP3.5_SL1.25_H5,VALIDATION,2023-04-05,7453.T,HOLD,6.252015345611362,5,,,,,,,,2.549078700278436,2.2329253812711656,54.85035368390627
UP20_SCORE80_NIKKEION_TP3.5_SL1.25_H5,VALIDATION,2023-04-11,9009.T,HOLD,4.608478010535289,5,,,,,,,,1.9900095906876618,1.6478328517448322,79.14396561216782
UP20_SCORE80_NIKKEION_TP3.5_SL1.25_H5,VALIDATION,2023-04-12,3086.T,WIN,8.473295069973064,1,,,,,,,,2.4495128771351586,2.600409263552136,65.77527308898344
UP20_SCORE80_NIKKEION_TP3.5_SL1.25_H5,VALIDATION,2023-04-13,7453.T,HOLD,1.4215390576093223,5,,,,,,,,2.575211037043294,1.6011953311443716,59.13648388012189
UP20_SCORE80_NIKKEION_TP3.5_SL1.25_H5,VALIDATION,2023-04-14,3697.T,TIMEOUT_LOSS,-4.784850298928888,5,,,,,,,,4.121031231711458,1.8575489819439108,70.5419742753867
UP20_SCORE80_NIKKEION_TP3.5_SL1.25_H5,VALIDATION,2023-04-17,6752.T,WIN,6.853163951123554,1,,,,,,,,1.9866182717495888,1.8304620405232623,71.88274667672724
UP20_SCORE80_NIKKEION_TP3.5_SL1.25_H5,VALIDATION,2023-04-19,8253.T,WIN,6.8967269432276606,1,,,,,,,,1.9990648409221896,1.624354060885152,71.01284289908423
UP20_SCORE80_NIKKEION_TP3.5_SL1.25_H5,VALIDATION,2023-04-20,3099.T,WIN,7.97065898705115,3,,,,,,,,2.3059025677288973,1.6848464507467695,64.50758913098556
UP20_SCORE80_NIKKEION_TP3.5_SL1.25_H5,VALIDATION,2023-04-21,6146.T,LOSS,-3.7612538351244007,3,,,,,,,,2.9290030680995187,4.820541702933798,75.78560698122133
UP20_SCORE80_NIKKEION_TP3.5_SL1.25_H5,VALIDATION,2023-04-24,9202.T,WIN,4.872682484096147,1,,,,,,,,1.4207664240274718,3.269837442481966,70.44491341213703
UP20_SCORE80_NIKKEION_TP3.5_SL1.25_H5,VALIDATION,2023-04-25,6503.T,WIN,5.968434276103574,3,,,,,,,,1.733838364601022,2.155498593594048,79.72493429343518
UP20_SCORE80_NIKKEION_TP3.5_SL1.25_H5,VALIDATION,2023-04-26,1803.T,WIN,6.789852849899314,1,,,,,,,,1.9685293856855173,6.0865440632331405,73.83107527961079
UP20_SCORE80_NIKKEION_TP3.5_SL1.25_H5,VALIDATION,2023-04-27,6305.T,WIN,7.360682596508495,1,,,,,,,,2.13162359900243,3.861125217892584,66.4599445715346
UP20_SCORE80_NIKKEION_TP3.5_SL1.25_H5,VALIDATION,2023-04-28,8801.T,WIN,5.472167483422486,1,,,,,,,,1.5920478524064234,2.3953025670888533,79.12301899170511
UP20_SCORE80_NIKKEION_TP3.5_SL1.25_H5,VALIDATION,2023-05-01,7011.T,WIN,5.666179231802826,4,,,,,,,,1.6474797805150931,1.631766868235908,66.13065535678693
UP20_SCORE80_NIKKEION_TP3.5_SL1.25_H5,VALIDATION,2023-05-09,5401.T,WIN,7.6815329628745825,1,,,,,,,,2.2232951322498806,2.4216348728935766,63.075672705376185
UP20_SCORE80_NIKKEION_TP3.5_SL1.25_H5,VALIDATION,2023-05-10,9107.T,WIN,12.843377086983454,1,,,,,,,,3.698107739138131,1.6721083015720768,62.615682903241385
UP20_SCORE80_NIKKEION_TP3.5_SL1.25_H5,VALIDATION,2023-05-11,7011.T,HOLD,6.344848684124938,5,,,,,,,,2.1934996524668904,2.628737662337662,62.58737291544723
UP20_SCORE80_NIKKEION_TP3.5_SL1.25_H5,VALIDATION,2023-05-12,5406.T,WIN,12.917749455618422,1,,,,,,,,3.719356987319548,5.052158085537815,68.63672427624891
UP20_SCORE80_NIKKEION_TP3.5_SL1.25_H5,VALIDATION,2023-05-15,5406.T,WIN,13.278925234830108,1,,,,,,,,3.8225500670943178,1.7922546424440156,68.83347968195596
UP20_SCORE80_NIKKEION_TP3.5_SL1.25_H5,VALIDATION,2023-05-16,4188.T,WIN,4.649537925379821,1,,,,,,,,1.3570108358228028,1.900617460813976,63.985237751869725
UP20_SCORE80_NIKKEION_TP3.5_SL1.25_H5,VALIDATION,2023-07-03,5301.T,WIN,8.204038046132023,1,,,,,,,,2.3725822988948613,1.6841448882477126,76.76292337832162
UP20_SCORE80_NIKKEION_TP3.5_SL1.25_H5,VALIDATION,2023-07-05,9107.T,WIN,12.324907569633192,1,,,,,,,,3.5499735913237704,2.150751782310317,69.97459032079043
UP20_SCORE80_NIKKEION_TP3.5_SL1.25_H5,VALIDATION,2023-07-28,8308.T,WIN,8.567502351361867,1,,,,,,,,2.4764292432462476,2.992813465952988,69.19508666855869
UP20_SCORE80_NIKKEION_TP3.5_SL1.25_H5,VALIDATION,2023-07-31,8308.T,HOLD,1.5339633821296217,5,,,,,,,,2.5763241790336844,1.9173748312925836,71.9207173897711
UP20_SCORE80_NIKKEION_TP3.5_SL1.25_H5,VALIDATION,2023-08-01,6976.T,HOLD,2.042932023748978,5,,,,,,,,2.606764674052127,2.1396985671851048,57.50048021808944
UP20_SCORE80_NIKKEION_TP3.5_SL1.25_H5,VALIDATION,2023-08-29,9501.T,LOSS,-4.025259121138169,4,,,,,,,,3.1402072969105355,2.2716801360357546,73.52136944851513
UP20_SCORE80_NIKKEION_TP3.5_SL1.25_H5,VALIDATION,2023-09-08,7532.T,LOSS,-3.3151137198636382,1,,,,,,,,2.657533706705184,1.5087604957949283,59.8378595415099
UP20_SCORE80_NIKKEION_TP3.5_SL1.25_H5,VALIDATION,2023-09-11,8308.T,LOSS,-3.000988102854718,1,,,,,,,,2.390127805566289,1.665899299127487,79.10878705380313
UP20_SCORE80_NIKKEION_TP3.5_SL1.25_H5,VALIDATION,2023-09-12,8316.T,LOSS,-2.2931113670488834,1,,,,,,,,1.7938297784150459,1.6274642753207946,80.10973378734327
UP20_SCORE80_NIKKEION_TP3.5_SL1.25_H5,VALIDATION,2023-09-13,8306.T,LOSS,-2.567145106696045,1,,,,,,,,2.0236422767650737,1.6494697326543106,80.85596893501176
UP20_SCORE80_NIKKEION_TP3.5_SL1.25_H5,VALIDATION,2023-11-13,2501.T,LOSS,-2.9732299218577896,1,,,,,,,,2.3665812583255104,2.601058336455944,83.63371851723367
UP20_SCORE80_NIKKEION_TP3.5_SL1.25_H5,VALIDATION,2023-12-29,7974.T,WIN,5.653738253917762,3,,,,,,,,1.643925215405077,1.9467622373338236,74.74645526007333
UP20_SCORE80_NIKKEION_TP3.5_SL1.25_H5,VALIDATION,2024-01-05,8601.T,WIN,7.635628315990884,1,,,,,,,,2.210179518854538,1.680065341212715,65.83317514015158
UP20_SCORE80_NIKKEION_TP3.5_SL1.25_H5,VALIDATION,2024-01-18,7735.T,WIN,10.909167313103575,1,,,,,,,,3.1454763751724477,1.92320418278728,75.52852009430023
UP20_SCORE80_NIKKEION_TP3.5_SL1.25_H5,VALIDATION,2024-03-05,6146.T,LOSS,-4.205753660696731,4,,,,,,,,3.284602928557382,2.1800391194636752,80.50298701119084
UP20_SCORE80_NIKKEION_TP3.5_SL1.25_H5,VALIDATION,2024-03-06,1802.T,WIN,9.890803785294333,1,,,,,,,,2.8545153672269548,2.554199432260858,85.31838469532941
UP20_SCORE80_NIKKEION_TP3.5_SL1.25_H5,VALIDATION,2024-03-07,7012.T,TIMEOUT_LOSS,-0.7063665415295682,5,,,,,,,,3.210564756415324,3.000958757164228,86.42904059170691
UP20_SCORE80_NIKKEION_TP3.5_SL1.25_H5,VALIDATION,2024-03-21,8804.T,WIN,10.133110865304895,1,,,,,,,,2.923745961515685,1.69173223588183,67.93402062292945
UP20_SCORE80_NIKKEION_TP3.5_SL1.25_H5,VALIDATION,2024-03-22,3099.T,HOLD,7.026963938280828,5,,,,,,,,2.453948221491993,1.5707909104979727,81.63333499499859
UP20_SCORE80_NIKKEION_TP3.5_SL1.25_H5,VALIDATION,2024-03-25,5631.T,WIN,9.327517467571845,2,,,,,,,,2.693576419306239,1.9978760576890136,78.08170396611129
UP20_SCORE80_NIKKEION_TP3.5_SL1.25_H5,VALIDATION,2024-03-26,6504.T,HOLD,3.1571624317762503,5,,,,,,,,2.8262976686388814,1.7303010510064722,74.90764016864891
UP20_SCORE80_NIKKEION_TP3.5_SL1.25_H5,VALIDATION,2024-03-27,8308.T,HOLD,1.7987886395769315,5,,,,,,,,3.0733363442166413,1.5960925826296606,69.621051993328
UP20_SCORE80_NIKKEION_TP3.5_SL1.25_H5,VALIDATION,2024-03-28,9501.T,HOLD,10.17009219552335,5,,,,,,,,4.639511584038658,1.535695399259651,61.44666417260486
UP20_SCORE80_NIKKEION_TP3.5_SL1.25_H5,VALIDATION,2024-05-14,5801.T,HOLD,0.8001135923499382,5,,,,,,,,3.3266977409723695,4.547126157516055,78.26401062449611
UP20_SCORE80_NIKKEION_TP3.5_SL1.25_H5,VALIDATION,2024-05-15,5101.T,LOSS,-3.9293999445333405,1,,,,,,,,3.185505709499344,2.1531057837982357,57.67965645377095
UP20_SCORE80_NIKKEION_TP3.5_SL1.25_H5,VALIDATION,2024-05-30,8331.T,LOSS,-2.831653868293582,1,,,,,,,,2.2466950262275853,1.6671299042083123,76.98906772721455
UP20_SCORE80_NIKKEION_TP3.5_SL1.25_H5,VALIDATION,2024-07-05,7011.T,LOSS,-4.253621900354198,3,,,,,,,,3.3228975202833633,2.5582053497235537,86.65930019007098
UP20_SCORE80_NIKKEION_TP3.5_SL1.25_H5,VALIDATION,2024-07-08,7011.T,LOSS,-4.383136738685778,2,,,,,,,,3.4265093909486253,1.7619016094335518,86.88149005846999
UP20_SCORE80_NIKKEION_TP3.5_SL1.25_H5,VALIDATION,2024-07-09,5803.T,TIMEOUT_LOSS,-1.340758537873088,5,,,,,,,,3.809966458306757,3.0971420165153285,65.1673118563374
UP20_SCORE80_NIKKEION_TP3.5_SL1.25_H5,VALIDATION,2024-07-10,5803.T,LOSS,-4.822895624382284,5,,,,,,,,3.7783164995058183,1.977109990603468,67.32339376466534
UP20_SCORE80_NIKKEION_TP3.5_SL1.25_H5,VALIDATION,2024-07-12,4519.T,TIMEOUT_LOSS,-0.7715428109973498,5,,,,,,,,2.4175399406305127,1.5207411706833838,76.8046823943933
UP20_SCORE80_NIKKEION_TP3.5_SL1.25_H5,VALIDATION,2024-07-16,6976.T,HOLD,0.47414635042289943,5,,,,,,,,3.5256413216273375,1.7389526651481166,77.39298849461471
UP20_SCORE80_NIKKEION_TP3.5_SL1.25_H5,VALIDATION,2024-09-05,6532.T,LOSS,-4.0724577991666955,1,,,,,,,,3.3094320301220614,1.812501141948804,65.73803228477507
UP20_SCORE80_NIKKEION_TP3.5_SL1.25_H5,VALIDATION,2024-11-07,7013.T,TIMEOUT_LOSS,-1.5461499464642814,5,,,,,,,,4.814901131833723,2.2527265778296126,70.02433857866997
UP20_SCORE80_NIKKEION_TP3.5_SL1.25_H5,VALIDATION,2024-11-08,7012.T,LOSS,-5.642775577103631,3,,,,,,,,4.434220461682906,3.200205529096764,69.90419704592867
UP20_SCORE80_NIKKEION_TP3.5_SL1.25_H5,VALIDATION,2024-11-11,5803.T,LOSS,-7.099980000170391,5,,,,,,,,5.599984000136319,1.7857249601142264,64.76170419168966
UP20_SCORE80_NIKKEION_TP3.5_SL1.25_H5,VALIDATION,2024-11-12,5801.T,HOLD,9.880624475002497,5,,,,,,,,4.212795453398469,5.95992017197373,85.57524419496607
UP30_SCORE80_NIKKEION_TP3.5_SL2.0_H5,VALIDATION,2022-08-24,7733.T,HOLD,1.874223737416647,5,,,,,,,,2.487512480075919,1.8547560940531955,65.51391763203654
UP30_SCORE80_NIKKEION_TP3.5_SL2.0_H5,VALIDATION,2022-08-25,7004.T,WIN,8.659482124574557,1,,,,,,,,2.502709178449873,1.68890419213222,64.82502886936872
UP30_SCORE80_NIKKEION_TP3.5_SL2.0_H5,VALIDATION,2022-11-04,8001.T,LOSS,-3.8290478752405654,1,,,,,,,,1.936746127953537,1.839102301394961,63.42202249431198
UP30_SCORE80_NIKKEION_TP3.5_SL2.0_H5,VALIDATION,2022-11-10,2501.T,LOSS,-4.437057368443675,1,,,,,,,,2.266842964024092,2.343872605585045,78.05644952602152
UP30_SCORE80_NIKKEION_TP3.5_SL2.0_H5,VALIDATION,2022-11-30,9434.T,WIN,3.246309066619235,1,,,,,,,,0.9560883047483518,2.4663342776889188,58.10727871196465
UP30_SCORE80_NIKKEION_TP3.5_SL2.0_H5,VALIDATION,2022-12-01,4523.T,WIN,12.993618305157339,2,,,,,,,,3.7410338014735256,3.726731040440298,67.15517263840277
UP30_SCORE80_NIKKEION_TP3.5_SL2.0_H5,VALIDATION,2023-02-01,2768.T,LOSS,-2.9029364310070638,1,,,,,,,,1.4418832874603549,1.59628603672925,61.67016112861338
UP30_SCORE80_NIKKEION_TP3.5_SL2.0_H5,VALIDATION,2023-02-17,5233.T,LOSS,-4.2908436500433185,1,,,,,,,,2.1870788814461806,2.0514057799458647,79.34823879636357
UP30_SCORE80_NIKKEION_TP3.5_SL2.0_H5,VALIDATION,2023-02-21,5101.T,WIN,9.063655681934424,1,,,,,,,,2.6181873376955505,3.43627562267025,86.43660675284961
UP30_SCORE80_NIKKEION_TP3.5_SL2.0_H5,VALIDATION,2023-03-03,5406.T,WIN,9.60137047351467,1,,,,,,,,2.771820135289908,1.857140360382404,87.09433998237975
UP30_SCORE80_NIKKEION_TP3.5_SL2.0_H5,VALIDATION,2023-03-06,5406.T,WIN,9.590422756537288,1,,,,,,,,2.768692216153508,1.502203260570827,87.66789665700449
UP30_SCORE80_NIKKEION_TP3.5_SL2.0_H5,VALIDATION,2023-03-07,5406.T,WIN,9.838759854621005,1,,,,,,,,2.8396456727488584,2.0701893640139404,90.18696901800902
UP30_SCORE80_NIKKEION_TP3.5_SL2.0_H5,VALIDATION,2023-03-08,6472.T,WIN,8.774131461873436,1,,,,,,,,2.535466131963841,1.5964971261163212,80.32679424160867
UP30_SCORE80_NIKKEION_TP3.5_SL2.0_H5,VALIDATION,2023-03-09,6472.T,WIN,8.846430099275738,1,,,,,,,,2.5561228855073503,2.0280835938094106,81.64248124982342
UP30_SCORE80_NIKKEION_TP3.5_SL2.0_H5,VALIDATION,2023-03-30,9107.T,WIN,11.874626403568856,1,,,,,,,,3.4213218295911028,2.956640384017868,67.71212740707429
UP30_SCORE80_NIKKEION_TP3.5_SL2.0_H5,VALIDATION,2023-03-31,7735.T,HOLD,0.6192904128771494,5,,,,,,,,2.5391231063714175,1.7645630331178097,71.61649211053447
UP30_SCORE80_NIKKEION_TP3.5_SL2.0_H5,VALIDATION,2023-04-03,6361.T,HOLD,0.6095384103499081,5,,,,,,,,2.384753810496683,1.789481559063365,70.6068253998211
UP30_SCORE80_NIKKEION_TP3.5_SL2.0_H5,VALIDATION,2023-04-04,6501.T,HOLD,1.8034648977516388,5,,,,,,,,2.0304261745622165,1.5221769100292324,70.37175256557059
UP30_SCORE80_NIKKEION_TP3.5_SL2.0_H5,VALIDATION,2023-04-05,7453.T,HOLD,6.252015345611362,5,,,,,,,,2.549078700278436,2.2329253812711656,54.85035368390627
UP30_SCORE80_NIKKEION_TP3.5_SL2.0_H5,VALIDATION,2023-04-11,9009.T,HOLD,4.608478010535289,5,,,,,,,,1.9900095906876618,1.6478328517448322,79.14396561216782
UP30_SCORE80_NIKKEION_TP3.5_SL2.0_H5,VALIDATION,2023-04-12,3086.T,WIN,8.473295069973064,1,,,,,,,,2.4495128771351586,2.600409263552136,65.77527308898344
UP30_SCORE80_NIKKEION_TP3.5_SL2.0_H5,VALIDATION,2023-04-13,7453.T,HOLD,1.4215390576093223,5,,,,,,,,2.575211037043294,1.6011953311443716,59.13648388012189
UP30_SCORE80_NIKKEION_TP3.5_SL2.0_H5,VALIDATION,2023-04-14,3697.T,TIMEOUT_LOSS,-4.784850298928888,5,,,,,,,,4.121031231711458,1.8575489819439108,70.5419742753867
UP30_SCORE80_NIKKEION_TP3.5_SL2.0_H5,VALIDATION,2023-04-17,6752.T,WIN,6.853163951123554,1,,,,,,,,1.9866182717495888,1.8304620405232623,71.88274667672724
UP30_SCORE80_NIKKEION_TP3.5_SL2.0_H5,VALIDATION,2023-04-19,8253.T,WIN,6.8967269432276606,1,,,,,,,,1.9990648409221896,1.624354060885152,71.01284289908423
UP30_SCORE80_NIKKEION_TP3.5_SL2.0_H5,VALIDATION,2023-04-20,3099.T,WIN,7.97065898705115,3,,,,,,,,2.3059025677288973,1.6848464507467695,64.50758913098556
UP30_SCORE80_NIKKEION_TP3.5_SL2.0_H5,VALIDATION,2023-04-21,6146.T,LOSS,-5.9580061361990335,4,,,,,,,,2.9290030680995187,4.820541702933798,75.78560698122133
UP30_SCORE80_NIKKEION_TP3.5_SL2.0_H5,VALIDATION,2023-04-24,9202.T,WIN,4.872682484096147,1,,,,,,,,1.4207664240274718,3.269837442481966,70.44491341213703
UP30_SCORE80_NIKKEION_TP3.5_SL2.0_H5,VALIDATION,2023-04-25,6503.T,WIN,5.968434276103574,3,,,,,,,,1.733838364601022,2.155498593594048,79.72493429343518
UP30_SCORE80_NIKKEION_TP3.5_SL2.0_H5,VALIDATION,2023-04-26,1803.T,WIN,6.789852849899314,1,,,,,,,,1.9685293856855173,6.0865440632331405,73.83107527961079
UP30_SCORE80_NIKKEION_TP3.5_SL2.0_H5,VALIDATION,2023-04-27,6473.T,WIN,6.817593959674595,1,,,,,,,,1.9764554170498865,2.898426338292784,67.10946758818605
UP30_SCORE80_NIKKEION_TP3.5_SL2.0_H5,VALIDATION,2023-04-28,8801.T,WIN,5.472167483422486,1,,,,,,,,1.5920478524064234,2.3953025670888533,79.12301899170511
UP30_SCORE80_NIKKEION_TP3.5_SL2.0_H5,VALIDATION,2023-05-01,7011.T,WIN,5.666179231802826,4,,,,,,,,1.6474797805150931,1.631766868235908,66.13065535678693
UP30_SCORE80_NIKKEION_TP3.5_SL2.0_H5,VALIDATION,2023-05-09,5401.T,WIN,7.6815329628745825,1,,,,,,,,2.2232951322498806,2.4216348728935766,63.075672705376185
UP30_SCORE80_NIKKEION_TP3.5_SL2.0_H5,VALIDATION,2023-05-10,9107.T,WIN,12.843377086983454,1,,,,,,,,3.698107739138131,1.6721083015720768,62.615682903241385
UP30_SCORE80_NIKKEION_TP3.5_SL2.0_H5,VALIDATION,2023-05-11,5020.T,WIN,5.1040648697332385,1,,,,,,,,1.4868756770666383,3.681803466050562,72.78286865632573
UP30_SCORE80_NIKKEION_TP3.5_SL2.0_H5,VALIDATION,2023-05-12,5406.T,WIN,12.917749455618422,1,,,,,,,,3.719356987319548,5.052158085537815,68.63672427624891
UP30_SCORE80_NIKKEION_TP3.5_SL2.0_H5,VALIDATION,2023-05-15,5406.T,WIN,13.278925234830108,1,,,,,,,,3.8225500670943178,1.7922546424440156,68.83347968195596
UP30_SCORE80_NIKKEION_TP3.5_SL2.0_H5,VALIDATION,2023-05-16,4188.T,WIN,4.649537925379821,1,,,,,,,,1.3570108358228028,1.900617460813976,63.985237751869725
UP30_SCORE80_NIKKEION_TP3.5_SL2.0_H5,VALIDATION,2023-07-03,5301.T,WIN,8.204038046132023,1,,,,,,,,2.3725822988948613,1.6841448882477126,76.76292337832162
UP30_SCORE80_NIKKEION_TP3.5_SL2.0_H5,VALIDATION,2023-07-05,9107.T,WIN,12.324907569633192,1,,,,,,,,3.5499735913237704,2.150751782310317,69.97459032079043
UP30_SCORE80_NIKKEION_TP3.5_SL2.0_H5,VALIDATION,2023-07-28,8331.T,WIN,6.9351616766423545,1,,,,,,,,2.010046193326387,2.1956075174010463,72.16573526230798
UP30_SCORE80_NIKKEION_TP3.5_SL2.0_H5,VALIDATION,2023-07-31,8308.T,HOLD,1.5339633821296217,5,,,,,,,,2.5763241790336844,1.9173748312925836,71.9207173897711
UP30_SCORE80_NIKKEION_TP3.5_SL2.0_H5,VALIDATION,2023-08-01,6976.T,HOLD,2.042932023748978,5,,,,,,,,2.606764674052127,2.1396985671851048,57.50048021808944
UP30_SCORE80_NIKKEION_TP3.5_SL2.0_H5,VALIDATION,2023-08-29,9501.T,TIMEOUT_LOSS,-2.9891943200067495,5,,,,,,,,3.1402072969105355,2.2716801360357546,73.52136944851513
UP30_SCORE80_NIKKEION_TP3.5_SL2.0_H5,VALIDATION,2023-09-08,9503.T,LOSS,-3.8663254509515355,1,,,,,,,,1.956864615531188,1.861415447978506,79.64778860645424
UP30_SCORE80_NIKKEION_TP3.5_SL2.0_H5,VALIDATION,2023-09-11,8308.T,LOSS,-4.662172122268315,1,,,,,,,,2.390127805566289,1.665899299127487,79.10878705380313
UP30_SCORE80_NIKKEION_TP3.5_SL2.0_H5,VALIDATION,2023-09-12,8316.T,LOSS,-3.5634043979551833,1,,,,,,,,1.7938297784150459,1.6274642753207946,80.10973378734327
UP30_SCORE80_NIKKEION_TP3.5_SL2.0_H5,VALIDATION,2023-09-13,8306.T,LOSS,-3.989851206494388,1,,,,,,,,2.0236422767650737,1.6494697326543106,80.85596893501176
UP30_SCORE80_NIKKEION_TP3.5_SL2.0_H5,VALIDATION,2023-11-13,2501.T,LOSS,-4.619258659737801,1,,,,,,,,2.3665812583255104,2.601058336455944,83.63371851723367
UP30_SCORE80_NIKKEION_TP3.5_SL2.0_H5,VALIDATION,2023-12-29,7974.T,WIN,5.653738253917762,3,,,,,,,,1.643925215405077,1.9467622373338236,74.74645526007333
UP30_SCORE80_NIKKEION_TP3.5_SL2.0_H5,VALIDATION,2024-01-05,8601.T,WIN,7.635628315990884,1,,,,,,,,2.210179518854538,1.680065341212715,65.83317514015158
UP30_SCORE80_NIKKEION_TP3.5_SL2.0_H5,VALIDATION,2024-01-18,7735.T,WIN,10.909167313103575,1,,,,,,,,3.1454763751724477,1.92320418278728,75.52852009430023
UP30_SCORE80_NIKKEION_TP3.5_SL2.0_H5,VALIDATION,2024-03-05,6146.T,LOSS,-6.669205857114757,4,,,,,,,,3.284602928557382,2.1800391194636752,80.50298701119084
UP30_SCORE80_NIKKEION_TP3.5_SL2.0_H5,VALIDATION,2024-03-06,1802.T,WIN,9.890803785294333,1,,,,,,,,2.8545153672269548,2.554199432260858,85.31838469532941
UP30_SCORE80_NIKKEION_TP3.5_SL2.0_H5,VALIDATION,2024-03-07,7012.T,TIMEOUT_LOSS,-0.7063665415295682,5,,,,,,,,3.210564756415324,3.000958757164228,86.42904059170691
UP30_SCORE80_NIKKEION_TP3.5_SL2.0_H5,VALIDATION,2024-03-21,8804.T,WIN,10.133110865304895,1,,,,,,,,2.923745961515685,1.69173223588183,67.93402062292945
UP30_SCORE80_NIKKEION_TP3.5_SL2.0_H5,VALIDATION,2024-03-22,3099.T,HOLD,7.026963938280828,5,,,,,,,,2.453948221491993,1.5707909104979727,81.63333499499859
UP30_SCORE80_NIKKEION_TP3.5_SL2.0_H5,VALIDATION,2024-03-25,5631.T,WIN,9.327517467571845,2,,,,,,,,2.693576419306239,1.9978760576890136,78.08170396611129
UP30_SCORE80_NIKKEION_TP3.5_SL2.0_H5,VALIDATION,2024-03-26,6504.T,HOLD,3.1571624317762503,5,,,,,,,,2.8262976686388814,1.7303010510064722,74.90764016864891
UP30_SCORE80_NIKKEION_TP3.5_SL2.0_H5,VALIDATION,2024-03-27,8830.T,HOLD,2.4736372974627385,5,,,,,,,,2.9491802064909907,1.5145706817856726,72.84539908337764
UP30_SCORE80_NIKKEION_TP3.5_SL2.0_H5,VALIDATION,2024-03-28,9501.T,HOLD,10.17009219552335,5,,,,,,,,4.639511584038658,1.535695399259651,61.44666417260486
UP30_SCORE80_NIKKEION_TP3.5_SL2.0_H5,VALIDATION,2024-05-14,5801.T,HOLD,0.8001135923499382,5,,,,,,,,3.3266977409723695,4.547126157516055,78.26401062449611
UP30_SCORE80_NIKKEION_TP3.5_SL2.0_H5,VALIDATION,2024-05-15,5101.T,LOSS,-6.0894245001611225,1,,,,,,,,3.185505709499344,2.1531057837982357,57.67965645377095
UP30_SCORE80_NIKKEION_TP3.5_SL2.0_H5,VALIDATION,2024-05-30,8331.T,LOSS,-4.400166785860348,1,,,,,,,,2.2466950262275853,1.6671299042083123,76.98906772721455
UP30_SCORE80_NIKKEION_TP3.5_SL2.0_H5,VALIDATION,2024-07-05,7011.T,LOSS,-6.745795040566726,3,,,,,,,,3.3228975202833633,2.5582053497235537,86.65930019007098
UP30_SCORE80_NIKKEION_TP3.5_SL2.0_H5,VALIDATION,2024-07-08,7011.T,LOSS,-6.953018781897246,2,,,,,,,,3.4265093909486253,1.7619016094335518,86.88149005846999
UP30_SCORE80_NIKKEION_TP3.5_SL2.0_H5,VALIDATION,2024-07-09,5803.T,TIMEOUT_LOSS,-1.340758537873088,5,,,,,,,,3.809966458306757,3.0971420165153285,65.1673118563374
UP30_SCORE80_NIKKEION_TP3.5_SL2.0_H5,VALIDATION,2024-07-10,5803.T,LOSS,-7.6566329990116255,5,,,,,,,,3.7783164995058183,1.977109990603468,67.32339376466534
UP30_SCORE80_NIKKEION_TP3.5_SL2.0_H5,VALIDATION,2024-07-12,4519.T,TIMEOUT_LOSS,-0.7715428109973498,5,,,,,,,,2.4175399406305127,1.5207411706833838,76.8046823943933
UP30_SCORE80_NIKKEION_TP3.5_SL2.0_H5,VALIDATION,2024-07-16,6976.T,HOLD,0.47414635042289943,5,,,,,,,,3.5256413216273375,1.7389526651481166,77.39298849461471
UP30_SCORE80_NIKKEION_TP3.5_SL2.0_H5,VALIDATION,2024-09-05,6532.T,LOSS,-6.307967153452498,1,,,,,,,,3.3094320301220614,1.812501141948804,65.73803228477507
UP30_SCORE80_NIKKEION_TP3.5_SL2.0_H5,VALIDATION,2024-11-07,7013.T,TIMEOUT_LOSS,-1.5461499464642814,5,,,,,,,,4.814901131833723,2.2527265778296126,70.02433857866997
UP30_SCORE80_NIKKEION_TP3.5_SL2.0_H5,VALIDATION,2024-11-08,7012.T,TIMEOUT_LOSS,-6.590738677079244,5,,,,,,,,4.434220461682906,3.200205529096764,69.90419704592867
UP30_SCORE80_NIKKEION_TP3.5_SL2.0_H5,VALIDATION,2024-11-11,5803.T,TIMEOUT_LOSS,-8.793748338676943,5,,,,,,,,5.599984000136319,1.7857249601142264,64.76170419168966
UP30_SCORE80_NIKKEION_TP3.5_SL2.0_H5,VALIDATION,2024-11-12,5801.T,HOLD,9.880624475002497,5,,,,,,,,4.212795453398469,5.95992017197373,85.57524419496607
UP20_SCORE80_NIKKEION_TP3.5_SL2.0_H5,VALIDATION,2022-08-24,7733.T,HOLD,1.874223737416647,5,,,,,,,,2.487512480075919,1.8547560940531955,65.51391763203654
UP20_SCORE80_NIKKEION_TP3.5_SL2.0_H5,VALIDATION,2022-08-25,7004.T,WIN,8.659482124574557,1,,,,,,,,2.502709178449873,1.68890419213222,64.82502886936872
UP20_SCORE80_NIKKEION_TP3.5_SL2.0_H5,VALIDATION,2022-11-04,8001.T,LOSS,-3.8290478752405654,1,,,,,,,,1.936746127953537,1.839102301394961,63.42202249431198
UP20_SCORE80_NIKKEION_TP3.5_SL2.0_H5,VALIDATION,2022-11-10,2501.T,LOSS,-4.437057368443675,1,,,,,,,,2.266842964024092,2.343872605585045,78.05644952602152
UP20_SCORE80_NIKKEION_TP3.5_SL2.0_H5,VALIDATION,2022-11-30,9434.T,WIN,3.246309066619235,1,,,,,,,,0.9560883047483518,2.4663342776889188,58.10727871196465
UP20_SCORE80_NIKKEION_TP3.5_SL2.0_H5,VALIDATION,2022-12-01,4523.T,WIN,12.993618305157339,2,,,,,,,,3.7410338014735256,3.726731040440298,67.15517263840277
UP20_SCORE80_NIKKEION_TP3.5_SL2.0_H5,VALIDATION,2023-02-01,2768.T,LOSS,-2.9029364310070638,1,,,,,,,,1.4418832874603549,1.59628603672925,61.67016112861338
UP20_SCORE80_NIKKEION_TP3.5_SL2.0_H5,VALIDATION,2023-02-17,5233.T,LOSS,-4.2908436500433185,1,,,,,,,,2.1870788814461806,2.0514057799458647,79.34823879636357
UP20_SCORE80_NIKKEION_TP3.5_SL2.0_H5,VALIDATION,2023-02-21,5101.T,WIN,9.063655681934424,1,,,,,,,,2.6181873376955505,3.43627562267025,86.43660675284961
UP20_SCORE80_NIKKEION_TP3.5_SL2.0_H5,VALIDATION,2023-03-03,5406.T,WIN,9.60137047351467,1,,,,,,,,2.771820135289908,1.857140360382404,87.09433998237975
UP20_SCORE80_NIKKEION_TP3.5_SL2.0_H5,VALIDATION,2023-03-06,5406.T,WIN,9.590422756537288,1,,,,,,,,2.768692216153508,1.502203260570827,87.66789665700449
UP20_SCORE80_NIKKEION_TP3.5_SL2.0_H5,VALIDATION,2023-03-07,5406.T,WIN,9.838759854621005,1,,,,,,,,2.8396456727488584,2.0701893640139404,90.18696901800902
UP20_SCORE80_NIKKEION_TP3.5_SL2.0_H5,VALIDATION,2023-03-08,6472.T,WIN,8.774131461873436,1,,,,,,,,2.535466131963841,1.5964971261163212,80.32679424160867
UP20_SCORE80_NIKKEION_TP3.5_SL2.0_H5,VALIDATION,2023-03-09,6472.T,WIN,8.846430099275738,1,,,,,,,,2.5561228855073503,2.0280835938094106,81.64248124982342
UP20_SCORE80_NIKKEION_TP3.5_SL2.0_H5,VALIDATION,2023-03-30,9107.T,WIN,11.874626403568856,1,,,,,,,,3.4213218295911028,2.956640384017868,67.71212740707429
UP20_SCORE80_NIKKEION_TP3.5_SL2.0_H5,VALIDATION,2023-03-31,7735.T,HOLD,0.6192904128771494,5,,,,,,,,2.5391231063714175,1.7645630331178097,71.61649211053447
UP20_SCORE80_NIKKEION_TP3.5_SL2.0_H5,VALIDATION,2023-04-03,6361.T,HOLD,0.6095384103499081,5,,,,,,,,2.384753810496683,1.789481559063365,70.6068253998211
UP20_SCORE80_NIKKEION_TP3.5_SL2.0_H5,VALIDATION,2023-04-04,6501.T,HOLD,1.8034648977516388,5,,,,,,,,2.0304261745622165,1.5221769100292324,70.37175256557059
UP20_SCORE80_NIKKEION_TP3.5_SL2.0_H5,VALIDATION,2023-04-05,7453.T,HOLD,6.252015345611362,5,,,,,,,,2.549078700278436,2.2329253812711656,54.85035368390627
UP20_SCORE80_NIKKEION_TP3.5_SL2.0_H5,VALIDATION,2023-04-11,9009.T,HOLD,4.608478010535289,5,,,,,,,,1.9900095906876618,1.6478328517448322,79.14396561216782
UP20_SCORE80_NIKKEION_TP3.5_SL2.0_H5,VALIDATION,2023-04-12,3086.T,WIN,8.473295069973064,1,,,,,,,,2.4495128771351586,2.600409263552136,65.77527308898344
UP20_SCORE80_NIKKEION_TP3.5_SL2.0_H5,VALIDATION,2023-04-13,7453.T,HOLD,1.4215390576093223,5,,,,,,,,2.575211037043294,1.6011953311443716,59.13648388012189
UP20_SCORE80_NIKKEION_TP3.5_SL2.0_H5,VALIDATION,2023-04-14,3697.T,TIMEOUT_LOSS,-4.784850298928888,5,,,,,,,,4.121031231711458,1.8575489819439108,70.5419742753867
UP20_SCORE80_NIKKEION_TP3.5_SL2.0_H5,VALIDATION,2023-04-17,6752.T,WIN,6.853163951123554,1,,,,,,,,1.9866182717495888,1.8304620405232623,71.88274667672724
UP20_SCORE80_NIKKEION_TP3.5_SL2.0_H5,VALIDATION,2023-04-19,8253.T,WIN,6.8967269432276606,1,,,,,,,,1.9990648409221896,1.624354060885152,71.01284289908423
UP20_SCORE80_NIKKEION_TP3.5_SL2.0_H5,VALIDATION,2023-04-20,3099.T,WIN,7.97065898705115,3,,,,,,,,2.3059025677288973,1.6848464507467695,64.50758913098556
UP20_SCORE80_NIKKEION_TP3.5_SL2.0_H5,VALIDATION,2023-04-21,6146.T,LOSS,-5.9580061361990335,4,,,,,,,,2.9290030680995187,4.820541702933798,75.78560698122133
UP20_SCORE80_NIKKEION_TP3.5_SL2.0_H5,VALIDATION,2023-04-24,9202.T,WIN,4.872682484096147,1,,,,,,,,1.4207664240274718,3.269837442481966,70.44491341213703
UP20_SCORE80_NIKKEION_TP3.5_SL2.0_H5,VALIDATION,2023-04-25,6503.T,WIN,5.968434276103574,3,,,,,,,,1.733838364601022,2.155498593594048,79.72493429343518
UP20_SCORE80_NIKKEION_TP3.5_SL2.0_H5,VALIDATION,2023-04-26,1803.T,WIN,6.789852849899314,1,,,,,,,,1.9685293856855173,6.0865440632331405,73.83107527961079
UP20_SCORE80_NIKKEION_TP3.5_SL2.0_H5,VALIDATION,2023-04-27,6473.T,WIN,6.817593959674595,1,,,,,,,,1.9764554170498865,2.898426338292784,67.10946758818605
UP20_SCORE80_NIKKEION_TP3.5_SL2.0_H5,VALIDATION,2023-04-28,8801.T,WIN,5.472167483422486,1,,,,,,,,1.5920478524064234,2.3953025670888533,79.12301899170511
UP20_SCORE80_NIKKEION_TP3.5_SL2.0_H5,VALIDATION,2023-05-01,7011.T,WIN,5.666179231802826,4,,,,,,,,1.6474797805150931,1.631766868235908,66.13065535678693
UP20_SCORE80_NIKKEION_TP3.5_SL2.0_H5,VALIDATION,2023-05-09,5401.T,WIN,7.6815329628745825,1,,,,,,,,2.2232951322498806,2.4216348728935766,63.075672705376185
UP20_SCORE80_NIKKEION_TP3.5_SL2.0_H5,VALIDATION,2023-05-10,9107.T,WIN,12.843377086983454,1,,,,,,,,3.698107739138131,1.6721083015720768,62.615682903241385
UP20_SCORE80_NIKKEION_TP3.5_SL2.0_H5,VALIDATION,2023-05-11,5020.T,WIN,5.1040648697332385,1,,,,,,,,1.4868756770666383,3.681803466050562,72.78286865632573
UP20_SCORE80_NIKKEION_TP3.5_SL2.0_H5,VALIDATION,2023-05-12,5406.T,WIN,12.917749455618422,1,,,,,,,,3.719356987319548,5.052158085537815,68.63672427624891
UP20_SCORE80_NIKKEION_TP3.5_SL2.0_H5,VALIDATION,2023-05-15,5406.T,WIN,13.278925234830108,1,,,,,,,,3.8225500670943178,1.7922546424440156,68.83347968195596
UP20_SCORE80_NIKKEION_TP3.5_SL2.0_H5,VALIDATION,2023-05-16,4188.T,WIN,4.649537925379821,1,,,,,,,,1.3570108358228028,1.900617460813976,63.985237751869725
UP20_SCORE80_NIKKEION_TP3.5_SL2.0_H5,VALIDATION,2023-07-03,5301.T,WIN,8.204038046132023,1,,,,,,,,2.3725822988948613,1.6841448882477126,76.76292337832162
UP20_SCORE80_NIKKEION_TP3.5_SL2.0_H5,VALIDATION,2023-07-05,9107.T,WIN,12.324907569633192,1,,,,,,,,3.5499735913237704,2.150751782310317,69.97459032079043
UP20_SCORE80_NIKKEION_TP3.5_SL2.0_H5,VALIDATION,2023-07-28,8331.T,WIN,6.9351616766423545,1,,,,,,,,2.010046193326387,2.1956075174010463,72.16573526230798
UP20_SCORE80_NIKKEION_TP3.5_SL2.0_H5,VALIDATION,2023-07-31,8308.T,HOLD,1.5339633821296217,5,,,,,,,,2.5763241790336844,1.9173748312925836,71.9207173897711
UP20_SCORE80_NIKKEION_TP3.5_SL2.0_H5,VALIDATION,2023-08-01,6976.T,HOLD,2.042932023748978,5,,,,,,,,2.606764674052127,2.1396985671851048,57.50048021808944
UP20_SCORE80_NIKKEION_TP3.5_SL2.0_H5,VALIDATION,2023-08-29,9501.T,TIMEOUT_LOSS,-2.9891943200067495,5,,,,,,,,3.1402072969105355,2.2716801360357546,73.52136944851513
UP20_SCORE80_NIKKEION_TP3.5_SL2.0_H5,VALIDATION,2023-09-08,9503.T,LOSS,-3.8663254509515355,1,,,,,,,,1.956864615531188,1.861415447978506,79.64778860645424
UP20_SCORE80_NIKKEION_TP3.5_SL2.0_H5,VALIDATION,2023-09-11,8308.T,LOSS,-4.662172122268315,1,,,,,,,,2.390127805566289,1.665899299127487,79.10878705380313
UP20_SCORE80_NIKKEION_TP3.5_SL2.0_H5,VALIDATION,2023-09-12,8316.T,LOSS,-3.5634043979551833,1,,,,,,,,1.7938297784150459,1.6274642753207946,80.10973378734327
UP20_SCORE80_NIKKEION_TP3.5_SL2.0_H5,VALIDATION,2023-09-13,8306.T,LOSS,-3.989851206494388,1,,,,,,,,2.0236422767650737,1.6494697326543106,80.85596893501176
UP20_SCORE80_NIKKEION_TP3.5_SL2.0_H5,VALIDATION,2023-11-13,2501.T,LOSS,-4.619258659737801,1,,,,,,,,2.3665812583255104,2.601058336455944,83.63371851723367
UP20_SCORE80_NIKKEION_TP3.5_SL2.0_H5,VALIDATION,2023-12-29,7974.T,WIN,5.653738253917762,3,,,,,,,,1.643925215405077,1.9467622373338236,74.74645526007333
UP20_SCORE80_NIKKEION_TP3.5_SL2.0_H5,VALIDATION,2024-01-05,8601.T,WIN,7.635628315990884,1,,,,,,,,2.210179518854538,1.680065341212715,65.83317514015158
UP20_SCORE80_NIKKEION_TP3.5_SL2.0_H5,VALIDATION,2024-01-18,7735.T,WIN,10.909167313103575,1,,,,,,,,3.1454763751724477,1.92320418278728,75.52852009430023
UP20_SCORE80_NIKKEION_TP3.5_SL2.0_H5,VALIDATION,2024-03-05,6146.T,LOSS,-6.669205857114757,4,,,,,,,,3.284602928557382,2.1800391194636752,80.50298701119084
UP20_SCORE80_NIKKEION_TP3.5_SL2.0_H5,VALIDATION,2024-03-06,1802.T,WIN,9.890803785294333,1,,,,,,,,2.8545153672269548,2.554199432260858,85.31838469532941
UP20_SCORE80_NIKKEION_TP3.5_SL2.0_H5,VALIDATION,2024-03-07,7012.T,TIMEOUT_LOSS,-0.7063665415295682,5,,,,,,,,3.210564756415324,3.000958757164228,86.42904059170691
UP20_SCORE80_NIKKEION_TP3.5_SL2.0_H5,VALIDATION,2024-03-21,8804.T,WIN,10.133110865304895,1,,,,,,,,2.923745961515685,1.69173223588183,67.93402062292945
UP20_SCORE80_NIKKEION_TP3.5_SL2.0_H5,VALIDATION,2024-03-22,3099.T,HOLD,7.026963938280828,5,,,,,,,,2.453948221491993,1.5707909104979727,81.63333499499859
UP20_SCORE80_NIKKEION_TP3.5_SL2.0_H5,VALIDATION,2024-03-25,5631.T,WIN,9.327517467571845,2,,,,,,,,2.693576419306239,1.9978760576890136,78.08170396611129
UP20_SCORE80_NIKKEION_TP3.5_SL2.0_H5,VALIDATION,2024-03-26,6504.T,HOLD,3.1571624317762503,5,,,,,,,,2.8262976686388814,1.7303010510064722,74.90764016864891
UP20_SCORE80_NIKKEION_TP3.5_SL2.0_H5,VALIDATION,2024-03-27,8830.T,HOLD,2.4736372974627385,5,,,,,,,,2.9491802064909907,1.5145706817856726,72.84539908337764
UP20_SCORE80_NIKKEION_TP3.5_SL2.0_H5,VALIDATION,2024-03-28,9501.T,HOLD,10.17009219552335,5,,,,,,,,4.639511584038658,1.535695399259651,61.44666417260486
UP20_SCORE80_NIKKEION_TP3.5_SL2.0_H5,VALIDATION,2024-05-14,5801.T,HOLD,0.8001135923499382,5,,,,,,,,3.3266977409723695,4.547126157516055,78.26401062449611
UP20_SCORE80_NIKKEION_TP3.5_SL2.0_H5,VALIDATION,2024-05-15,5101.T,LOSS,-6.0894245001611225,1,,,,,,,,3.185505709499344,2.1531057837982357,57.67965645377095
UP20_SCORE80_NIKKEION_TP3.5_SL2.0_H5,VALIDATION,2024-05-30,8331.T,LOSS,-4.400166785860348,1,,,,,,,,2.2466950262275853,1.6671299042083123,76.98906772721455
UP20_SCORE80_NIKKEION_TP3.5_SL2.0_H5,VALIDATION,2024-07-05,7011.T,LOSS,-6.745795040566726,3,,,,,,,,3.3228975202833633,2.5582053497235537,86.65930019007098
UP20_SCORE80_NIKKEION_TP3.5_SL2.0_H5,VALIDATION,2024-07-08,7011.T,LOSS,-6.953018781897246,2,,,,,,,,3.4265093909486253,1.7619016094335518,86.88149005846999
UP20_SCORE80_NIKKEION_TP3.5_SL2.0_H5,VALIDATION,2024-07-09,5803.T,TIMEOUT_LOSS,-1.340758537873088,5,,,,,,,,3.809966458306757,3.0971420165153285,65.1673118563374
UP20_SCORE80_NIKKEION_TP3.5_SL2.0_H5,VALIDATION,2024-07-10,5803.T,LOSS,-7.6566329990116255,5,,,,,,,,3.7783164995058183,1.977109990603468,67.32339376466534
UP20_SCORE80_NIKKEION_TP3.5_SL2.0_H5,VALIDATION,2024-07-12,4519.T,TIMEOUT_LOSS,-0.7715428109973498,5,,,,,,,,2.4175399406305127,1.5207411706833838,76.8046823943933
UP20_SCORE80_NIKKEION_TP3.5_SL2.0_H5,VALIDATION,2024-07-16,6976.T,HOLD,0.47414635042289943,5,,,,,,,,3.5256413216273375,1.7389526651481166,77.39298849461471
UP20_SCORE80_NIKKEION_TP3.5_SL2.0_H5,VALIDATION,2024-09-05,6532.T,LOSS,-6.307967153452498,1,,,,,,,,3.3094320301220614,1.812501141948804,65.73803228477507
UP20_SCORE80_NIKKEION_TP3.5_SL2.0_H5,VALIDATION,2024-11-07,7013.T,TIMEOUT_LOSS,-1.5461499464642814,5,,,,,,,,4.814901131833723,2.2527265778296126,70.02433857866997
UP20_SCORE80_NIKKEION_TP3.5_SL2.0_H5,VALIDATION,2024-11-08,7012.T,TIMEOUT_LOSS,-6.590738677079244,5,,,,,,,,4.434220461682906,3.200205529096764,69.90419704592867
UP20_SCORE80_NIKKEION_TP3.5_SL2.0_H5,VALIDATION,2024-11-11,5803.T,TIMEOUT_LOSS,-8.793748338676943,5,,,,,,,,5.599984000136319,1.7857249601142264,64.76170419168966
UP20_SCORE80_NIKKEION_TP3.5_SL2.0_H5,VALIDATION,2024-11-12,5801.T,HOLD,9.880624475002497,5,,,,,,,,4.212795453398469,5.95992017197373,85.57524419496607
UP25_SCORE80_NIKKEION_TP3.5_SL2.0_H5,VALIDATION,2022-08-24,7733.T,HOLD,1.874223737416647,5,,,,,,,,2.487512480075919,1.8547560940531955,65.51391763203654
UP25_SCORE80_NIKKEION_TP3.5_SL2.0_H5,VALIDATION,2022-08-25,7004.T,WIN,8.659482124574557,1,,,,,,,,2.502709178449873,1.68890419213222,64.82502886936872
UP25_SCORE80_NIKKEION_TP3.5_SL2.0_H5,VALIDATION,2022-11-04,8001.T,LOSS,-3.8290478752405654,1,,,,,,,,1.936746127953537,1.839102301394961,63.42202249431198
UP25_SCORE80_NIKKEION_TP3.5_SL2.0_H5,VALIDATION,2022-11-10,2501.T,LOSS,-4.437057368443675,1,,,,,,,,2.266842964024092,2.343872605585045,78.05644952602152
UP25_SCORE80_NIKKEION_TP3.5_SL2.0_H5,VALIDATION,2022-11-30,9434.T,WIN,3.246309066619235,1,,,,,,,,0.9560883047483518,2.4663342776889188,58.10727871196465
UP25_SCORE80_NIKKEION_TP3.5_SL2.0_H5,VALIDATION,2022-12-01,4523.T,WIN,12.993618305157339,2,,,,,,,,3.7410338014735256,3.726731040440298,67.15517263840277
UP25_SCORE80_NIKKEION_TP3.5_SL2.0_H5,VALIDATION,2023-02-01,2768.T,LOSS,-2.9029364310070638,1,,,,,,,,1.4418832874603549,1.59628603672925,61.67016112861338
UP25_SCORE80_NIKKEION_TP3.5_SL2.0_H5,VALIDATION,2023-02-17,5233.T,LOSS,-4.2908436500433185,1,,,,,,,,2.1870788814461806,2.0514057799458647,79.34823879636357
UP25_SCORE80_NIKKEION_TP3.5_SL2.0_H5,VALIDATION,2023-02-21,5101.T,WIN,9.063655681934424,1,,,,,,,,2.6181873376955505,3.43627562267025,86.43660675284961
UP25_SCORE80_NIKKEION_TP3.5_SL2.0_H5,VALIDATION,2023-03-03,5406.T,WIN,9.60137047351467,1,,,,,,,,2.771820135289908,1.857140360382404,87.09433998237975
UP25_SCORE80_NIKKEION_TP3.5_SL2.0_H5,VALIDATION,2023-03-06,5406.T,WIN,9.590422756537288,1,,,,,,,,2.768692216153508,1.502203260570827,87.66789665700449
UP25_SCORE80_NIKKEION_TP3.5_SL2.0_H5,VALIDATION,2023-03-07,5406.T,WIN,9.838759854621005,1,,,,,,,,2.8396456727488584,2.0701893640139404,90.18696901800902
UP25_SCORE80_NIKKEION_TP3.5_SL2.0_H5,VALIDATION,2023-03-08,6472.T,WIN,8.774131461873436,1,,,,,,,,2.535466131963841,1.5964971261163212,80.32679424160867
UP25_SCORE80_NIKKEION_TP3.5_SL2.0_H5,VALIDATION,2023-03-09,6472.T,WIN,8.846430099275738,1,,,,,,,,2.5561228855073503,2.0280835938094106,81.64248124982342
UP25_SCORE80_NIKKEION_TP3.5_SL2.0_H5,VALIDATION,2023-03-30,9107.T,WIN,11.874626403568856,1,,,,,,,,3.4213218295911028,2.956640384017868,67.71212740707429
UP25_SCORE80_NIKKEION_TP3.5_SL2.0_H5,VALIDATION,2023-03-31,7735.T,HOLD,0.6192904128771494,5,,,,,,,,2.5391231063714175,1.7645630331178097,71.61649211053447
UP25_SCORE80_NIKKEION_TP3.5_SL2.0_H5,VALIDATION,2023-04-03,6361.T,HOLD,0.6095384103499081,5,,,,,,,,2.384753810496683,1.789481559063365,70.6068253998211
UP25_SCORE80_NIKKEION_TP3.5_SL2.0_H5,VALIDATION,2023-04-04,6501.T,HOLD,1.8034648977516388,5,,,,,,,,2.0304261745622165,1.5221769100292324,70.37175256557059
UP25_SCORE80_NIKKEION_TP3.5_SL2.0_H5,VALIDATION,2023-04-05,7453.T,HOLD,6.252015345611362,5,,,,,,,,2.549078700278436,2.2329253812711656,54.85035368390627
UP25_SCORE80_NIKKEION_TP3.5_SL2.0_H5,VALIDATION,2023-04-11,9009.T,HOLD,4.608478010535289,5,,,,,,,,1.9900095906876618,1.6478328517448322,79.14396561216782
UP25_SCORE80_NIKKEION_TP3.5_SL2.0_H5,VALIDATION,2023-04-12,3086.T,WIN,8.473295069973064,1,,,,,,,,2.4495128771351586,2.600409263552136,65.77527308898344
UP25_SCORE80_NIKKEION_TP3.5_SL2.0_H5,VALIDATION,2023-04-13,7453.T,HOLD,1.4215390576093223,5,,,,,,,,2.575211037043294,1.6011953311443716,59.13648388012189
UP25_SCORE80_NIKKEION_TP3.5_SL2.0_H5,VALIDATION,2023-04-14,3697.T,TIMEOUT_LOSS,-4.784850298928888,5,,,,,,,,4.121031231711458,1.8575489819439108,70.5419742753867
UP25_SCORE80_NIKKEION_TP3.5_SL2.0_H5,VALIDATION,2023-04-17,6752.T,WIN,6.853163951123554,1,,,,,,,,1.9866182717495888,1.8304620405232623,71.88274667672724
UP25_SCORE80_NIKKEION_TP3.5_SL2.0_H5,VALIDATION,2023-04-19,8253.T,WIN,6.8967269432276606,1,,,,,,,,1.9990648409221896,1.624354060885152,71.01284289908423
UP25_SCORE80_NIKKEION_TP3.5_SL2.0_H5,VALIDATION,2023-04-20,3099.T,WIN,7.97065898705115,3,,,,,,,,2.3059025677288973,1.6848464507467695,64.50758913098556
UP25_SCORE80_NIKKEION_TP3.5_SL2.0_H5,VALIDATION,2023-04-21,6146.T,LOSS,-5.9580061361990335,4,,,,,,,,2.9290030680995187,4.820541702933798,75.78560698122133
UP25_SCORE80_NIKKEION_TP3.5_SL2.0_H5,VALIDATION,2023-04-24,9202.T,WIN,4.872682484096147,1,,,,,,,,1.4207664240274718,3.269837442481966,70.44491341213703
UP25_SCORE80_NIKKEION_TP3.5_SL2.0_H5,VALIDATION,2023-04-25,6503.T,WIN,5.968434276103574,3,,,,,,,,1.733838364601022,2.155498593594048,79.72493429343518
UP25_SCORE80_NIKKEION_TP3.5_SL2.0_H5,VALIDATION,2023-04-26,1803.T,WIN,6.789852849899314,1,,,,,,,,1.9685293856855173,6.0865440632331405,73.83107527961079
UP25_SCORE80_NIKKEION_TP3.5_SL2.0_H5,VALIDATION,2023-04-27,6473.T,WIN,6.817593959674595,1,,,,,,,,1.9764554170498865,2.898426338292784,67.10946758818605
UP25_SCORE80_NIKKEION_TP3.5_SL2.0_H5,VALIDATION,2023-04-28,8801.T,WIN,5.472167483422486,1,,,,,,,,1.5920478524064234,2.3953025670888533,79.12301899170511
UP25_SCORE80_NIKKEION_TP3.5_SL2.0_H5,VALIDATION,2023-05-01,7011.T,WIN,5.666179231802826,4,,,,,,,,1.6474797805150931,1.631766868235908,66.13065535678693
UP25_SCORE80_NIKKEION_TP3.5_SL2.0_H5,VALIDATION,2023-05-09,5401.T,WIN,7.6815329628745825,1,,,,,,,,2.2232951322498806,2.4216348728935766,63.075672705376185
UP25_SCORE80_NIKKEION_TP3.5_SL2.0_H5,VALIDATION,2023-05-10,9107.T,WIN,12.843377086983454,1,,,,,,,,3.698107739138131,1.6721083015720768,62.615682903241385
UP25_SCORE80_NIKKEION_TP3.5_SL2.0_H5,VALIDATION,2023-05-11,5020.T,WIN,5.1040648697332385,1,,,,,,,,1.4868756770666383,3.681803466050562,72.78286865632573
UP25_SCORE80_NIKKEION_TP3.5_SL2.0_H5,VALIDATION,2023-05-12,5406.T,WIN,12.917749455618422,1,,,,,,,,3.719356987319548,5.052158085537815,68.63672427624891
UP25_SCORE80_NIKKEION_TP3.5_SL2.0_H5,VALIDATION,2023-05-15,5406.T,WIN,13.278925234830108,1,,,,,,,,3.8225500670943178,1.7922546424440156,68.83347968195596
UP25_SCORE80_NIKKEION_TP3.5_SL2.0_H5,VALIDATION,2023-05-16,4188.T,WIN,4.649537925379821,1,,,,,,,,1.3570108358228028,1.900617460813976,63.985237751869725
UP25_SCORE80_NIKKEION_TP3.5_SL2.0_H5,VALIDATION,2023-07-03,5301.T,WIN,8.204038046132023,1,,,,,,,,2.3725822988948613,1.6841448882477126,76.76292337832162
UP25_SCORE80_NIKKEION_TP3.5_SL2.0_H5,VALIDATION,2023-07-05,9107.T,WIN,12.324907569633192,1,,,,,,,,3.5499735913237704,2.150751782310317,69.97459032079043
UP25_SCORE80_NIKKEION_TP3.5_SL2.0_H5,VALIDATION,2023-07-28,8331.T,WIN,6.9351616766423545,1,,,,,,,,2.010046193326387,2.1956075174010463,72.16573526230798
UP25_SCORE80_NIKKEION_TP3.5_SL2.0_H5,VALIDATION,2023-07-31,8308.T,HOLD,1.5339633821296217,5,,,,,,,,2.5763241790336844,1.9173748312925836,71.9207173897711
UP25_SCORE80_NIKKEION_TP3.5_SL2.0_H5,VALIDATION,2023-08-01,6976.T,HOLD,2.042932023748978,5,,,,,,,,2.606764674052127,2.1396985671851048,57.50048021808944
UP25_SCORE80_NIKKEION_TP3.5_SL2.0_H5,VALIDATION,2023-08-29,9501.T,TIMEOUT_LOSS,-2.9891943200067495,5,,,,,,,,3.1402072969105355,2.2716801360357546,73.52136944851513
UP25_SCORE80_NIKKEION_TP3.5_SL2.0_H5,VALIDATION,2023-09-08,9503.T,LOSS,-3.8663254509515355,1,,,,,,,,1.956864615531188,1.861415447978506,79.64778860645424
UP25_SCORE80_NIKKEION_TP3.5_SL2.0_H5,VALIDATION,2023-09-11,8308.T,LOSS,-4.662172122268315,1,,,,,,,,2.390127805566289,1.665899299127487,79.10878705380313
UP25_SCORE80_NIKKEION_TP3.5_SL2.0_H5,VALIDATION,2023-09-12,8316.T,LOSS,-3.5634043979551833,1,,,,,,,,1.7938297784150459,1.6274642753207946,80.10973378734327
UP25_SCORE80_NIKKEION_TP3.5_SL2.0_H5,VALIDATION,2023-09-13,8306.T,LOSS,-3.989851206494388,1,,,,,,,,2.0236422767650737,1.6494697326543106,80.85596893501176
UP25_SCORE80_NIKKEION_TP3.5_SL2.0_H5,VALIDATION,2023-11-13,2501.T,LOSS,-4.619258659737801,1,,,,,,,,2.3665812583255104,2.601058336455944,83.63371851723367
UP25_SCORE80_NIKKEION_TP3.5_SL2.0_H5,VALIDATION,2023-12-29,7974.T,WIN,5.653738253917762,3,,,,,,,,1.643925215405077,1.9467622373338236,74.74645526007333
UP25_SCORE80_NIKKEION_TP3.5_SL2.0_H5,VALIDATION,2024-01-05,8601.T,WIN,7.635628315990884,1,,,,,,,,2.210179518854538,1.680065341212715,65.83317514015158
UP25_SCORE80_NIKKEION_TP3.5_SL2.0_H5,VALIDATION,2024-01-18,7735.T,WIN,10.909167313103575,1,,,,,,,,3.1454763751724477,1.92320418278728,75.52852009430023
UP25_SCORE80_NIKKEION_TP3.5_SL2.0_H5,VALIDATION,2024-03-05,6146.T,LOSS,-6.669205857114757,4,,,,,,,,3.284602928557382,2.1800391194636752,80.50298701119084
UP25_SCORE80_NIKKEION_TP3.5_SL2.0_H5,VALIDATION,2024-03-06,1802.T,WIN,9.890803785294333,1,,,,,,,,2.8545153672269548,2.554199432260858,85.31838469532941
UP25_SCORE80_NIKKEION_TP3.5_SL2.0_H5,VALIDATION,2024-03-07,7012.T,TIMEOUT_LOSS,-0.7063665415295682,5,,,,,,,,3.210564756415324,3.000958757164228,86.42904059170691
UP25_SCORE80_NIKKEION_TP3.5_SL2.0_H5,VALIDATION,2024-03-21,8804.T,WIN,10.133110865304895,1,,,,,,,,2.923745961515685,1.69173223588183,67.93402062292945
UP25_SCORE80_NIKKEION_TP3.5_SL2.0_H5,VALIDATION,2024-03-22,3099.T,HOLD,7.026963938280828,5,,,,,,,,2.453948221491993,1.5707909104979727,81.63333499499859
UP25_SCORE80_NIKKEION_TP3.5_SL2.0_H5,VALIDATION,2024-03-25,5631.T,WIN,9.327517467571845,2,,,,,,,,2.693576419306239,1.9978760576890136,78.08170396611129
UP25_SCORE80_NIKKEION_TP3.5_SL2.0_H5,VALIDATION,2024-03-26,6504.T,HOLD,3.1571624317762503,5,,,,,,,,2.8262976686388814,1.7303010510064722,74.90764016864891
UP25_SCORE80_NIKKEION_TP3.5_SL2.0_H5,VALIDATION,2024-03-27,8830.T,HOLD,2.4736372974627385,5,,,,,,,,2.9491802064909907,1.5145706817856726,72.84539908337764
UP25_SCORE80_NIKKEION_TP3.5_SL2.0_H5,VALIDATION,2024-03-28,9501.T,HOLD,10.17009219552335,5,,,,,,,,4.639511584038658,1.535695399259651,61.44666417260486
UP25_SCORE80_NIKKEION_TP3.5_SL2.0_H5,VALIDATION,2024-05-14,5801.T,HOLD,0.8001135923499382,5,,,,,,,,3.3266977409723695,4.547126157516055,78.26401062449611
UP25_SCORE80_NIKKEION_TP3.5_SL2.0_H5,VALIDATION,2024-05-15,5101.T,LOSS,-6.0894245001611225,1,,,,,,,,3.185505709499344,2.1531057837982357,57.67965645377095
UP25_SCORE80_NIKKEION_TP3.5_SL2.0_H5,VALIDATION,2024-05-30,8331.T,LOSS,-4.400166785860348,1,,,,,,,,2.2466950262275853,1.6671299042083123,76.98906772721455
UP25_SCORE80_NIKKEION_TP3.5_SL2.0_H5,VALIDATION,2024-07-05,7011.T,LOSS,-6.745795040566726,3,,,,,,,,3.3228975202833633,2.5582053497235537,86.65930019007098
UP25_SCORE80_NIKKEION_TP3.5_SL2.0_H5,VALIDATION,2024-07-08,7011.T,LOSS,-6.953018781897246,2,,,,,,,,3.4265093909486253,1.7619016094335518,86.88149005846999
UP25_SCORE80_NIKKEION_TP3.5_SL2.0_H5,VALIDATION,2024-07-09,5803.T,TIMEOUT_LOSS,-1.340758537873088,5,,,,,,,,3.809966458306757,3.0971420165153285,65.1673118563374
UP25_SCORE80_NIKKEION_TP3.5_SL2.0_H5,VALIDATION,2024-07-10,5803.T,LOSS,-7.6566329990116255,5,,,,,,,,3.7783164995058183,1.977109990603468,67.32339376466534
UP25_SCORE80_NIKKEION_TP3.5_SL2.0_H5,VALIDATION,2024-07-12,4519.T,TIMEOUT_LOSS,-0.7715428109973498,5,,,,,,,,2.4175399406305127,1.5207411706833838,76.8046823943933
UP25_SCORE80_NIKKEION_TP3.5_SL2.0_H5,VALIDATION,2024-07-16,6976.T,HOLD,0.47414635042289943,5,,,,,,,,3.5256413216273375,1.7389526651481166,77.39298849461471
UP25_SCORE80_NIKKEION_TP3.5_SL2.0_H5,VALIDATION,2024-09-05,6532.T,LOSS,-6.307967153452498,1,,,,,,,,3.3094320301220614,1.812501141948804,65.73803228477507
UP25_SCORE80_NIKKEION_TP3.5_SL2.0_H5,VALIDATION,2024-11-07,7013.T,TIMEOUT_LOSS,-1.5461499464642814,5,,,,,,,,4.814901131833723,2.2527265778296126,70.02433857866997
UP25_SCORE80_NIKKEION_TP3.5_SL2.0_H5,VALIDATION,2024-11-08,7012.T,TIMEOUT_LOSS,-6.590738677079244,5,,,,,,,,4.434220461682906,3.200205529096764,69.90419704592867
UP25_SCORE80_NIKKEION_TP3.5_SL2.0_H5,VALIDATION,2024-11-11,5803.T,TIMEOUT_LOSS,-8.793748338676943,5,,,,,,,,5.599984000136319,1.7857249601142264,64.76170419168966
UP25_SCORE80_NIKKEION_TP3.5_SL2.0_H5,VALIDATION,2024-11-12,5801.T,HOLD,9.880624475002497,5,,,,,,,,4.212795453398469,5.95992017197373,85.57524419496607
UP20_SCORE80_NIKKEION_TP4.0_SL1.5_H3,VALIDATION,2022-08-24,7733.T,HOLD,0.1464212754205386,3,,,,,,,,2.487512480075919,1.8547560940531955,65.51391763203654
UP20_SCORE80_NIKKEION_TP4.0_SL1.5_H3,VALIDATION,2022-08-25,7004.T,WIN,9.9108367137995,1,,,,,,,,2.502709178449873,1.68890419213222,64.82502886936872
UP20_SCORE80_NIKKEION_TP4.0_SL1.5_H3,VALIDATION,2022-11-04,8001.T,LOSS,-2.9231046373037195,1,,,,,,,,1.936746127953537,1.839102301394961,63.42202249431198
UP20_SCORE80_NIKKEION_TP4.0_SL1.5_H3,VALIDATION,2022-11-10,2501.T,LOSS,-3.3884485008360055,1,,,,,,,,2.266842964024092,2.343872605585045,78.05644952602152
UP20_SCORE80_NIKKEION_TP4.0_SL1.5_H3,VALIDATION,2022-11-30,9434.T,WIN,3.7243532189934148,1,,,,,,,,0.9560883047483518,2.4663342776889188,58.10727871196465
UP20_SCORE80_NIKKEION_TP4.0_SL1.5_H3,VALIDATION,2022-12-01,4523.T,HOLD,9.599960940878594,3,,,,,,,,3.7410338014735256,3.726731040440298,67.15517263840277
UP20_SCORE80_NIKKEION_TP4.0_SL1.5_H3,VALIDATION,2023-02-01,2768.T,LOSS,-2.2170371244601528,1,,,,,,,,1.4418832874603549,1.59628603672925,61.67016112861338
UP20_SCORE80_NIKKEION_TP4.0_SL1.5_H3,VALIDATION,2023-02-17,5233.T,LOSS,-3.2764123564170244,1,,,,,,,,2.1870788814461806,2.0514057799458647,79.34823879636357
UP20_SCORE80_NIKKEION_TP4.0_SL1.5_H3,VALIDATION,2023-02-21,5101.T,WIN,10.372749350782195,1,,,,,,,,2.6181873376955505,3.43627562267025,86.43660675284961
UP20_SCORE80_NIKKEION_TP4.0_SL1.5_H3,VALIDATION,2023-03-03,5406.T,WIN,10.98728054115964,1,,,,,,,,2.771820135289908,1.857140360382404,87.09433998237975
UP20_SCORE80_NIKKEION_TP4.0_SL1.5_H3,VALIDATION,2023-03-06,5406.T,WIN,10.974768864614026,1,,,,,,,,2.768692216153508,1.502203260570827,87.66789665700449
UP20_SCORE80_NIKKEION_TP4.0_SL1.5_H3,VALIDATION,2023-03-07,5406.T,WIN,11.258582690995434,1,,,,,,,,2.8396456727488584,2.0701893640139404,90.18696901800902
UP20_SCORE80_NIKKEION_TP4.0_SL1.5_H3,VALIDATION,2023-03-08,6472.T,WIN,10.041864527855372,1,,,,,,,,2.535466131963841,1.5964971261163212,80.32679424160867
UP20_SCORE80_NIKKEION_TP4.0_SL1.5_H3,VALIDATION,2023-03-09,6472.T,WIN,10.124491542029402,1,,,,,,,,2.5561228855073503,2.0280835938094106,81.64248124982342
UP20_SCORE80_NIKKEION_TP4.0_SL1.5_H3,VALIDATION,2023-03-30,9107.T,WIN,13.585287318364403,1,,,,,,,,3.4213218295911028,2.956640384017868,67.71212740707429
UP20_SCORE80_NIKKEION_TP4.0_SL1.5_H3,VALIDATION,2023-03-31,7735.T,HOLD,1.9952370032169875,3,,,,,,,,2.5391231063714175,1.7645630331178097,71.61649211053447
UP20_SCORE80_NIKKEION_TP4.0_SL1.5_H3,VALIDATION,2023-04-03,6361.T,TIMEOUT_LOSS,-1.4527729564149383,3,,,,,,,,2.384753810496683,1.789481559063365,70.6068253998211
UP20_SCORE80_NIKKEION_TP4.0_SL1.5_H3,VALIDATION,2023-04-04,6501.T,HOLD,0.37960656090801914,3,,,,,,,,2.0304261745622165,1.5221769100292324,70.37175256557059
UP20_SCORE80_NIKKEION_TP4.0_SL1.5_H3,VALIDATION,2023-04-05,7453.T,HOLD,1.1430890333390953,3,,,,,,,,2.549078700278436,2.2329253812711656,54.85035368390627
UP20_SCORE80_NIKKEION_TP4.0_SL1.5_H3,VALIDATION,2023-04-11,9009.T,HOLD,3.1175604922691336,3,,,,,,,,1.9900095906876618,1.6478328517448322,79.14396561216782
UP20_SCORE80_NIKKEION_TP4.0_SL1.5_H3,VALIDATION,2023-04-12,3086.T,WIN,9.698051508540628,2,,,,,,,,2.4495128771351586,2.600409263552136,65.77527308898344
UP20_SCORE80_NIKKEION_TP4.0_SL1.5_H3,VALIDATION,2023-04-13,7453.T,HOLD,2.690558295829437,3,,,,,,,,2.575211037043294,1.6011953311443716,59.13648388012189
UP20_SCORE80_NIKKEION_TP4.0_SL1.5_H3,VALIDATION,2023-04-14,3697.T,TIMEOUT_LOSS,-2.594536581674811,3,,,,,,,,4.121031231711458,1.8575489819439108,70.5419742753867
UP20_SCORE80_NIKKEION_TP4.0_SL1.5_H3,VALIDATION,2023-04-17,6752.T,WIN,7.846473086998363,1,,,,,,,,1.9866182717495888,1.8304620405232623,71.88274667672724
UP20_SCORE80_NIKKEION_TP4.0_SL1.5_H3,VALIDATION,2023-04-19,8253.T,WIN,7.896259363688752,1,,,,,,,,1.9990648409221896,1.624354060885152,71.01284289908423
UP20_SCORE80_NIKKEION_TP4.0_SL1.5_H3,VALIDATION,2023-04-20,3099.T,HOLD,5.114970486944837,3,,,,,,,,2.3059025677288973,1.6848464507467695,64.50758913098556
UP20_SCORE80_NIKKEION_TP4.0_SL1.5_H3,VALIDATION,2023-04-21,6146.T,LOSS,-4.493504602149278,3,,,,,,,,2.9290030680995187,4.820541702933798,75.78560698122133
UP20_SCORE80_NIKKEION_TP4.0_SL1.5_H3,VALIDATION,2023-04-24,9202.T,WIN,5.5830656961098795,1,,,,,,,,1.4207664240274718,3.269837442481966,70.44491341213703
UP20_SCORE80_NIKKEION_TP4.0_SL1.5_H3,VALIDATION,2023-04-25,6503.T,HOLD,5.101515093803067,3,,,,,,,,1.733838364601022,2.155498593594048,79.72493429343518
UP20_SCORE80_NIKKEION_TP4.0_SL1.5_H3,VALIDATION,2023-04-26,1803.T,WIN,7.774117542742077,1,,,,,,,,1.9685293856855173,6.0865440632331405,73.83107527961079
UP20_SCORE80_NIKKEION_TP4.0_SL1.5_H3,VALIDATION,2023-04-27,6305.T,WIN,8.426494396009721,1,,,,,,,,2.13162359900243,3.861125217892584,66.4599445715346
UP20_SCORE80_NIKKEION_TP4.0_SL1.5_H3,VALIDATION,2023-04-28,8801.T,WIN,6.268191409625701,1,,,,,,,,1.5920478524064234,2.3953025670888533,79.12301899170511
UP20_SCORE80_NIKKEION_TP4.0_SL1.5_H3,VALIDATION,2023-05-01,7011.T,HOLD,2.5301458927096454,3,,,,,,,,1.6474797805150931,1.631766868235908,66.13065535678693
UP20_SCORE80_NIKKEION_TP4.0_SL1.5_H3,VALIDATION,2023-05-09,5401.T,WIN,8.793180528999523,1,,,,,,,,2.2232951322498806,2.4216348728935766,63.075672705376185
UP20_SCORE80_NIKKEION_TP4.0_SL1.5_H3,VALIDATION,2023-05-10,9107.T,WIN,14.692430956552515,1,,,,,,,,3.698107739138131,1.6721083015720768,62.615682903241385
UP20_SCORE80_NIKKEION_TP4.0_SL1.5_H3,VALIDATION,2023-05-11,7011.T,HOLD,5.395320426312534,3,,,,,,,,2.1934996524668904,2.628737662337662,62.58737291544723
UP20_SCORE80_NIKKEION_TP4.0_SL1.5_H3,VALIDATION,2023-05-12,5406.T,WIN,14.7774279492782,1,,,,,,,,3.719356987319548,5.052158085537815,68.63672427624891
UP20_SCORE80_NIKKEION_TP4.0_SL1.5_H3,VALIDATION,2023-05-15,5406.T,WIN,15.190200268377263,1,,,,,,,,3.8225500670943178,1.7922546424440156,68.83347968195596
UP20_SCORE80_NIKKEION_TP4.0_SL1.5_H3,VALIDATION,2023-05-16,4188.T,WIN,5.3280433432912115,1,,,,,,,,1.3570108358228028,1.900617460813976,63.985237751869725
UP20_SCORE80_NIKKEION_TP4.0_SL1.5_H3,VALIDATION,2023-07-03,5301.T,WIN,9.390329195579438,1,,,,,,,,2.3725822988948613,1.6841448882477126,76.76292337832162
UP20_SCORE80_NIKKEION_TP4.0_SL1.5_H3,VALIDATION,2023-07-05,9107.T,WIN,14.099894365295073,1,,,,,,,,3.5499735913237704,2.150751782310317,69.97459032079043
UP20_SCORE80_NIKKEION_TP4.0_SL1.5_H3,VALIDATION,2023-07-28,8308.T,WIN,9.80571697298499,1,,,,,,,,2.4764292432462476,2.992813465952988,69.19508666855869
UP20_SCORE80_NIKKEION_TP4.0_SL1.5_H3,VALIDATION,2023-07-31,8308.T,TIMEOUT_LOSS,-1.2452531699781444,3,,,,,,,,2.5763241790336844,1.9173748312925836,71.9207173897711
UP20_SCORE80_NIKKEION_TP4.0_SL1.5_H3,VALIDATION,2023-08-01,6976.T,HOLD,1.8693882072037593,3,,,,,,,,2.606764674052127,2.1396985671851048,57.50048021808944
UP20_SCORE80_NIKKEION_TP4.0_SL1.5_H3,VALIDATION,2023-08-29,9501.T,TIMEOUT_LOSS,-2.143950752030588,3,,,,,,,,3.1402072969105355,2.2716801360357546,73.52136944851513
UP20_SCORE80_NIKKEION_TP4.0_SL1.5_H3,VALIDATION,2023-09-08,7532.T,LOSS,-3.933486275199749,1,,,,,,,,2.657533706705184,1.5087604957949283,59.8378595415099
UP20_SCORE80_NIKKEION_TP4.0_SL1.5_H3,VALIDATION,2023-09-11,8308.T,LOSS,-3.5611044776011735,1,,,,,,,,2.390127805566289,1.665899299127487,79.10878705380313
UP20_SCORE80_NIKKEION_TP4.0_SL1.5_H3,VALIDATION,2023-09-12,8316.T,LOSS,-2.720240681213948,1,,,,,,,,1.7938297784150459,1.6274642753207946,80.10973378734327
UP20_SCORE80_NIKKEION_TP4.0_SL1.5_H3,VALIDATION,2023-09-13,8306.T,LOSS,-3.0460375239127258,1,,,,,,,,2.0236422767650737,1.6494697326543106,80.85596893501176
UP20_SCORE80_NIKKEION_TP4.0_SL1.5_H3,VALIDATION,2023-11-13,2501.T,LOSS,-3.5281760303338516,1,,,,,,,,2.3665812583255104,2.601058336455944,83.63371851723367
UP20_SCORE80_NIKKEION_TP4.0_SL1.5_H3,VALIDATION,2023-12-29,7974.T,WIN,6.475700861620315,3,,,,,,,,1.643925215405077,1.9467622373338236,74.74645526007333
UP20_SCORE80_NIKKEION_TP4.0_SL1.5_H3,VALIDATION,2024-01-05,8601.T,WIN,8.740718075418153,1,,,,,,,,2.210179518854538,1.680065341212715,65.83317514015158
UP20_SCORE80_NIKKEION_TP4.0_SL1.5_H3,VALIDATION,2024-01-18,7735.T,WIN,12.481905500689782,2,,,,,,,,3.1454763751724477,1.92320418278728,75.52852009430023
UP20_SCORE80_NIKKEION_TP4.0_SL1.5_H3,VALIDATION,2024-03-05,6146.T,TIMEOUT_LOSS,-0.5588255963961396,3,,,,,,,,3.284602928557382,2.1800391194636752,80.50298701119084
UP20_SCORE80_NIKKEION_TP4.0_SL1.5_H3,VALIDATION,2024-03-06,1802.T,WIN,11.318061468907826,2,,,,,,,,2.8545153672269548,2.554199432260858,85.31838469532941
UP20_SCORE80_NIKKEION_TP4.0_SL1.5_H3,VALIDATION,2024-03-07,7012.T,TIMEOUT_LOSS,-1.3340755048777408,3,,,,,,,,3.210564756415324,3.000958757164228,86.42904059170691
UP20_SCORE80_NIKKEION_TP4.0_SL1.5_H3,VALIDATION,2024-03-21,8804.T,HOLD,8.89775024998759,3,,,,,,,,2.923745961515685,1.69173223588183,67.93402062292945
UP20_SCORE80_NIKKEION_TP4.0_SL1.5_H3,VALIDATION,2024-03-22,3099.T,HOLD,6.877494385247552,3,,,,,,,,2.453948221491993,1.5707909104979727,81.63333499499859
UP20_SCORE80_NIKKEION_TP4.0_SL1.5_H3,VALIDATION,2024-03-25,5631.T,WIN,10.674305677224948,2,,,,,,,,2.693576419306239,1.9978760576890136,78.08170396611129
UP20_SCORE80_NIKKEION_TP4.0_SL1.5_H3,VALIDATION,2024-03-26,6504.T,HOLD,4.84654585282166,3,,,,,,,,2.8262976686388814,1.7303010510064722,74.90764016864891
UP20_SCORE80_NIKKEION_TP4.0_SL1.5_H3,VALIDATION,2024-03-27,8308.T,HOLD,0.41721946829534906,3,,,,,,,,3.0733363442166413,1.5960925826296606,69.621051993328
UP20_SCORE80_NIKKEION_TP4.0_SL1.5_H3,VALIDATION,2024-03-28,9501.T,TIMEOUT_LOSS,-1.4722540245678761,3,,,,,,,,4.639511584038658,1.535695399259651,61.44666417260486
UP20_SCORE80_NIKKEION_TP4.0_SL1.5_H3,VALIDATION,2024-05-14,5801.T,HOLD,2.2820223552854624,3,,,,,,,,3.3266977409723695,4.547126157516055,78.26401062449611
UP20_SCORE80_NIKKEION_TP4.0_SL1.5_H3,VALIDATION,2024-05-15,5101.T,LOSS,-4.660353101611292,1,,,,,,,,3.185505709499344,2.1531057837982357,57.67965645377095
UP20_SCORE80_NIKKEION_TP4.0_SL1.5_H3,VALIDATION,2024-05-30,8331.T,LOSS,-3.3601733118749366,1,,,,,,,,2.2466950262275853,1.6671299042083123,76.98906772721455
UP20_SCORE80_NIKKEION_TP4.0_SL1.5_H3,VALIDATION,2024-07-05,7011.T,LOSS,-5.084346280425045,3,,,,,,,,3.3228975202833633,2.5582053497235537,86.65930019007098
UP20_SCORE80_NIKKEION_TP4.0_SL1.5_H3,VALIDATION,2024-07-08,7011.T,LOSS,-5.239764086422937,2,,,,,,,,3.4265093909486253,1.7619016094335518,86.88149005846999
UP20_SCORE80_NIKKEION_TP4.0_SL1.5_H3,VALIDATION,2024-07-09,5803.T,TIMEOUT_LOSS,-0.5020352086310463,3,,,,,,,,3.809966458306757,3.0971420165153285,65.1673118563374
UP20_SCORE80_NIKKEION_TP4.0_SL1.5_H3,VALIDATION,2024-07-10,5803.T,TIMEOUT_LOSS,-2.3216796953875796,3,,,,,,,,3.7783164995058183,1.977109990603468,67.32339376466534
UP20_SCORE80_NIKKEION_TP4.0_SL1.5_H3,VALIDATION,2024-07-12,4519.T,HOLD,0.13311846210201103,3,,,,,,,,2.4175399406305127,1.5207411706833838,76.8046823943933
UP20_SCORE80_NIKKEION_TP4.0_SL1.5_H3,VALIDATION,2024-07-16,6976.T,HOLD,5.223364293422395,3,,,,,,,,3.5256413216273375,1.7389526651481166,77.39298849461471
UP20_SCORE80_NIKKEION_TP4.0_SL1.5_H3,VALIDATION,2024-09-05,6532.T,LOSS,-4.829374874786984,1,,,,,,,,3.3094320301220614,1.812501141948804,65.73803228477507
UP20_SCORE80_NIKKEION_TP4.0_SL1.5_H3,VALIDATION,2024-11-07,7013.T,HOLD,1.2587562963110144,3,,,,,,,,4.814901131833723,2.2527265778296126,70.02433857866997
UP20_SCORE80_NIKKEION_TP4.0_SL1.5_H3,VALIDATION,2024-11-08,7012.T,LOSS,-6.751330692524359,3,,,,,,,,4.434220461682906,3.200205529096764,69.90419704592867
UP20_SCORE80_NIKKEION_TP4.0_SL1.5_H3,VALIDATION,2024-11-11,5803.T,TIMEOUT_LOSS,-2.420324839515642,3,,,,,,,,5.599984000136319,1.7857249601142264,64.76170419168966
UP20_SCORE80_NIKKEION_TP4.0_SL1.5_H3,VALIDATION,2024-11-12,5801.T,HOLD,9.229748967881969,3,,,,,,,,4.212795453398469,5.95992017197373,85.57524419496607
UP20_SCORE80_NIKKEION_TP3.5_SL1.5_H3,VALIDATION,2022-08-24,7733.T,HOLD,0.1464212754205386,3,,,,,,,,2.487512480075919,1.8547560940531955,65.51391763203654
UP20_SCORE80_NIKKEION_TP3.5_SL1.5_H3,VALIDATION,2022-08-25,7004.T,WIN,8.659482124574557,1,,,,,,,,2.502709178449873,1.68890419213222,64.82502886936872
UP20_SCORE80_NIKKEION_TP3.5_SL1.5_H3,VALIDATION,2022-11-04,8001.T,LOSS,-2.9231046373037195,1,,,,,,,,1.936746127953537,1.839102301394961,63.42202249431198
UP20_SCORE80_NIKKEION_TP3.5_SL1.5_H3,VALIDATION,2022-11-10,2501.T,LOSS,-3.3884485008360055,1,,,,,,,,2.266842964024092,2.343872605585045,78.05644952602152
UP20_SCORE80_NIKKEION_TP3.5_SL1.5_H3,VALIDATION,2022-11-30,9434.T,WIN,3.246309066619235,1,,,,,,,,0.9560883047483518,2.4663342776889188,58.10727871196465
UP20_SCORE80_NIKKEION_TP3.5_SL1.5_H3,VALIDATION,2022-12-01,4523.T,WIN,12.993618305157339,2,,,,,,,,3.7410338014735256,3.726731040440298,67.15517263840277
UP20_SCORE80_NIKKEION_TP3.5_SL1.5_H3,VALIDATION,2023-02-01,2768.T,LOSS,-2.2170371244601528,1,,,,,,,,1.4418832874603549,1.59628603672925,61.67016112861338
UP20_SCORE80_NIKKEION_TP3.5_SL1.5_H3,VALIDATION,2023-02-17,5233.T,LOSS,-3.2764123564170244,1,,,,,,,,2.1870788814461806,2.0514057799458647,79.34823879636357
UP20_SCORE80_NIKKEION_TP3.5_SL1.5_H3,VALIDATION,2023-02-21,5101.T,WIN,9.063655681934424,1,,,,,,,,2.6181873376955505,3.43627562267025,86.43660675284961
UP20_SCORE80_NIKKEION_TP3.5_SL1.5_H3,VALIDATION,2023-03-03,5406.T,WIN,9.60137047351467,1,,,,,,,,2.771820135289908,1.857140360382404,87.09433998237975
UP20_SCORE80_NIKKEION_TP3.5_SL1.5_H3,VALIDATION,2023-03-06,5406.T,WIN,9.590422756537288,1,,,,,,,,2.768692216153508,1.502203260570827,87.66789665700449
UP20_SCORE80_NIKKEION_TP3.5_SL1.5_H3,VALIDATION,2023-03-07,5406.T,WIN,9.838759854621005,1,,,,,,,,2.8396456727488584,2.0701893640139404,90.18696901800902
UP20_SCORE80_NIKKEION_TP3.5_SL1.5_H3,VALIDATION,2023-03-08,6472.T,WIN,8.774131461873436,1,,,,,,,,2.535466131963841,1.5964971261163212,80.32679424160867
UP20_SCORE80_NIKKEION_TP3.5_SL1.5_H3,VALIDATION,2023-03-09,6472.T,WIN,8.846430099275738,1,,,,,,,,2.5561228855073503,2.0280835938094106,81.64248124982342
UP20_SCORE80_NIKKEION_TP3.5_SL1.5_H3,VALIDATION,2023-03-30,9107.T,WIN,11.874626403568856,1,,,,,,,,3.4213218295911028,2.956640384017868,67.71212740707429
UP20_SCORE80_NIKKEION_TP3.5_SL1.5_H3,VALIDATION,2023-03-31,7735.T,HOLD,1.9952370032169875,3,,,,,,,,2.5391231063714175,1.7645630331178097,71.61649211053447
UP20_SCORE80_NIKKEION_TP3.5_SL1.5_H3,VALIDATION,2023-04-03,6361.T,TIMEOUT_LOSS,-1.4527729564149383,3,,,,,,,,2.384753810496683,1.789481559063365,70.6068253998211
UP20_SCORE80_NIKKEION_TP3.5_SL1.5_H3,VALIDATION,2023-04-04,6501.T,HOLD,0.37960656090801914,3,,,,,,,,2.0304261745622165,1.5221769100292324,70.37175256557059
UP20_SCORE80_NIKKEION_TP3.5_SL1.5_H3,VALIDATION,2023-04-05,7453.T,HOLD,1.1430890333390953,3,,,,,,,,2.549078700278436,2.2329253812711656,54.85035368390627
UP20_SCORE80_NIKKEION_TP3.5_SL1.5_H3,VALIDATION,2023-04-11,9009.T,HOLD,3.1175604922691336,3,,,,,,,,1.9900095906876618,1.6478328517448322,79.14396561216782
UP20_SCORE80_NIKKEION_TP3.5_SL1.5_H3,VALIDATION,2023-04-12,3086.T,WIN,8.473295069973064,1,,,,,,,,2.4495128771351586,2.600409263552136,65.77527308898344
UP20_SCORE80_NIKKEION_TP3.5_SL1.5_H3,VALIDATION,2023-04-13,7453.T,HOLD,2.690558295829437,3,,,,,,,,2.575211037043294,1.6011953311443716,59.13648388012189
UP20_SCORE80_NIKKEION_TP3.5_SL1.5_H3,VALIDATION,2023-04-14,3697.T,TIMEOUT_LOSS,-2.594536581674811,3,,,,,,,,4.121031231711458,1.8575489819439108,70.5419742753867
UP20_SCORE80_NIKKEION_TP3.5_SL1.5_H3,VALIDATION,2023-04-17,6752.T,WIN,6.853163951123554,1,,,,,,,,1.9866182717495888,1.8304620405232623,71.88274667672724
UP20_SCORE80_NIKKEION_TP3.5_SL1.5_H3,VALIDATION,2023-04-19,8253.T,WIN,6.8967269432276606,1,,,,,,,,1.9990648409221896,1.624354060885152,71.01284289908423
UP20_SCORE80_NIKKEION_TP3.5_SL1.5_H3,VALIDATION,2023-04-20,3099.T,WIN,7.97065898705115,3,,,,,,,,2.3059025677288973,1.6848464507467695,64.50758913098556
UP20_SCORE80_NIKKEION_TP3.5_SL1.5_H3,VALIDATION,2023-04-21,6146.T,LOSS,-4.493504602149278,3,,,,,,,,2.9290030680995187,4.820541702933798,75.78560698122133
UP20_SCORE80_NIKKEION_TP3.5_SL1.5_H3,VALIDATION,2023-04-24,9202.T,WIN,4.872682484096147,1,,,,,,,,1.4207664240274718,3.269837442481966,70.44491341213703
UP20_SCORE80_NIKKEION_TP3.5_SL1.5_H3,VALIDATION,2023-04-25,6503.T,WIN,5.968434276103574,3,,,,,,,,1.733838364601022,2.155498593594048,79.72493429343518
UP20_SCORE80_NIKKEION_TP3.5_SL1.5_H3,VALIDATION,2023-04-26,1803.T,WIN,6.789852849899314,1,,,,,,,,1.9685293856855173,6.0865440632331405,73.83107527961079
UP20_SCORE80_NIKKEION_TP3.5_SL1.5_H3,VALIDATION,2023-04-27,6473.T,WIN,6.817593959674595,1,,,,,,,,1.9764554170498865,2.898426338292784,67.10946758818605
UP20_SCORE80_NIKKEION_TP3.5_SL1.5_H3,VALIDATION,2023-04-28,8801.T,WIN,5.472167483422486,1,,,,,,,,1.5920478524064234,2.3953025670888533,79.12301899170511
UP20_SCORE80_NIKKEION_TP3.5_SL1.5_H3,VALIDATION,2023-05-01,7011.T,HOLD,2.5301458927096454,3,,,,,,,,1.6474797805150931,1.631766868235908,66.13065535678693
UP20_SCORE80_NIKKEION_TP3.5_SL1.5_H3,VALIDATION,2023-05-09,5401.T,WIN,7.6815329628745825,1,,,,,,,,2.2232951322498806,2.4216348728935766,63.075672705376185
UP20_SCORE80_NIKKEION_TP3.5_SL1.5_H3,VALIDATION,2023-05-10,9107.T,WIN,12.843377086983454,1,,,,,,,,3.698107739138131,1.6721083015720768,62.615682903241385
UP20_SCORE80_NIKKEION_TP3.5_SL1.5_H3,VALIDATION,2023-05-11,7011.T,HOLD,5.395320426312534,3,,,,,,,,2.1934996524668904,2.628737662337662,62.58737291544723
UP20_SCORE80_NIKKEION_TP3.5_SL1.5_H3,VALIDATION,2023-05-12,5406.T,WIN,12.917749455618422,1,,,,,,,,3.719356987319548,5.052158085537815,68.63672427624891
UP20_SCORE80_NIKKEION_TP3.5_SL1.5_H3,VALIDATION,2023-05-15,5406.T,WIN,13.278925234830108,1,,,,,,,,3.8225500670943178,1.7922546424440156,68.83347968195596
UP20_SCORE80_NIKKEION_TP3.5_SL1.5_H3,VALIDATION,2023-05-16,4188.T,WIN,4.649537925379821,1,,,,,,,,1.3570108358228028,1.900617460813976,63.985237751869725
UP20_SCORE80_NIKKEION_TP3.5_SL1.5_H3,VALIDATION,2023-07-03,5301.T,WIN,8.204038046132023,1,,,,,,,,2.3725822988948613,1.6841448882477126,76.76292337832162
UP20_SCORE80_NIKKEION_TP3.5_SL1.5_H3,VALIDATION,2023-07-05,9107.T,WIN,12.324907569633192,1,,,,,,,,3.5499735913237704,2.150751782310317,69.97459032079043
UP20_SCORE80_NIKKEION_TP3.5_SL1.5_H3,VALIDATION,2023-07-28,8308.T,WIN,8.567502351361867,1,,,,,,,,2.4764292432462476,2.992813465952988,69.19508666855869
UP20_SCORE80_NIKKEION_TP3.5_SL1.5_H3,VALIDATION,2023-07-31,8308.T,TIMEOUT_LOSS,-1.2452531699781444,3,,,,,,,,2.5763241790336844,1.9173748312925836,71.9207173897711
UP20_SCORE80_NIKKEION_TP3.5_SL1.5_H3,VALIDATION,2023-08-01,6976.T,HOLD,1.8693882072037593,3,,,,,,,,2.606764674052127,2.1396985671851048,57.50048021808944
UP20_SCORE80_NIKKEION_TP3.5_SL1.5_H3,VALIDATION,2023-08-29,9501.T,TIMEOUT_LOSS,-2.143950752030588,3,,,,,,,,3.1402072969105355,2.2716801360357546,73.52136944851513
UP20_SCORE80_NIKKEION_TP3.5_SL1.5_H3,VALIDATION,2023-09-08,7532.T,LOSS,-3.933486275199749,1,,,,,,,,2.657533706705184,1.5087604957949283,59.8378595415099
UP20_SCORE80_NIKKEION_TP3.5_SL1.5_H3,VALIDATION,2023-09-11,8308.T,LOSS,-3.5611044776011735,1,,,,,,,,2.390127805566289,1.665899299127487,79.10878705380313
UP20_SCORE80_NIKKEION_TP3.5_SL1.5_H3,VALIDATION,2023-09-12,8316.T,LOSS,-2.720240681213948,1,,,,,,,,1.7938297784150459,1.6274642753207946,80.10973378734327
UP20_SCORE80_NIKKEION_TP3.5_SL1.5_H3,VALIDATION,2023-09-13,8306.T,LOSS,-3.0460375239127258,1,,,,,,,,2.0236422767650737,1.6494697326543106,80.85596893501176
UP20_SCORE80_NIKKEION_TP3.5_SL1.5_H3,VALIDATION,2023-11-13,2501.T,LOSS,-3.5281760303338516,1,,,,,,,,2.3665812583255104,2.601058336455944,83.63371851723367
UP20_SCORE80_NIKKEION_TP3.5_SL1.5_H3,VALIDATION,2023-12-29,7974.T,WIN,5.653738253917762,3,,,,,,,,1.643925215405077,1.9467622373338236,74.74645526007333
UP20_SCORE80_NIKKEION_TP3.5_SL1.5_H3,VALIDATION,2024-01-05,8601.T,WIN,7.635628315990884,1,,,,,,,,2.210179518854538,1.680065341212715,65.83317514015158
UP20_SCORE80_NIKKEION_TP3.5_SL1.5_H3,VALIDATION,2024-01-18,7735.T,WIN,10.909167313103575,1,,,,,,,,3.1454763751724477,1.92320418278728,75.52852009430023
UP20_SCORE80_NIKKEION_TP3.5_SL1.5_H3,VALIDATION,2024-03-05,6146.T,TIMEOUT_LOSS,-0.5588255963961396,3,,,,,,,,3.284602928557382,2.1800391194636752,80.50298701119084
UP20_SCORE80_NIKKEION_TP3.5_SL1.5_H3,VALIDATION,2024-03-06,1802.T,WIN,9.890803785294333,1,,,,,,,,2.8545153672269548,2.554199432260858,85.31838469532941
UP20_SCORE80_NIKKEION_TP3.5_SL1.5_H3,VALIDATION,2024-03-07,7012.T,TIMEOUT_LOSS,-1.3340755048777408,3,,,,,,,,3.210564756415324,3.000958757164228,86.42904059170691
UP20_SCORE80_NIKKEION_TP3.5_SL1.5_H3,VALIDATION,2024-03-21,8804.T,WIN,10.133110865304895,1,,,,,,,,2.923745961515685,1.69173223588183,67.93402062292945
UP20_SCORE80_NIKKEION_TP3.5_SL1.5_H3,VALIDATION,2024-03-22,3099.T,HOLD,6.877494385247552,3,,,,,,,,2.453948221491993,1.5707909104979727,81.63333499499859
UP20_SCORE80_NIKKEION_TP3.5_SL1.5_H3,VALIDATION,2024-03-25,5631.T,WIN,9.327517467571845,2,,,,,,,,2.693576419306239,1.9978760576890136,78.08170396611129
UP20_SCORE80_NIKKEION_TP3.5_SL1.5_H3,VALIDATION,2024-03-26,6504.T,HOLD,4.84654585282166,3,,,,,,,,2.8262976686388814,1.7303010510064722,74.90764016864891
UP20_SCORE80_NIKKEION_TP3.5_SL1.5_H3,VALIDATION,2024-03-27,8308.T,HOLD,0.41721946829534906,3,,,,,,,,3.0733363442166413,1.5960925826296606,69.621051993328
UP20_SCORE80_NIKKEION_TP3.5_SL1.5_H3,VALIDATION,2024-03-28,9501.T,TIMEOUT_LOSS,-1.4722540245678761,3,,,,,,,,4.639511584038658,1.535695399259651,61.44666417260486
UP20_SCORE80_NIKKEION_TP3.5_SL1.5_H3,VALIDATION,2024-05-14,5801.T,HOLD,2.2820223552854624,3,,,,,,,,3.3266977409723695,4.547126157516055,78.26401062449611
UP20_SCORE80_NIKKEION_TP3.5_SL1.5_H3,VALIDATION,2024-05-15,5101.T,LOSS,-4.660353101611292,1,,,,,,,,3.185505709499344,2.1531057837982357,57.67965645377095
UP20_SCORE80_NIKKEION_TP3.5_SL1.5_H3,VALIDATION,2024-05-30,8331.T,LOSS,-3.3601733118749366,1,,,,,,,,2.2466950262275853,1.6671299042083123,76.98906772721455
UP20_SCORE80_NIKKEION_TP3.5_SL1.5_H3,VALIDATION,2024-07-05,7011.T,LOSS,-5.084346280425045,3,,,,,,,,3.3228975202833633,2.5582053497235537,86.65930019007098
UP20_SCORE80_NIKKEION_TP3.5_SL1.5_H3,VALIDATION,2024-07-08,7011.T,LOSS,-5.239764086422937,2,,,,,,,,3.4265093909486253,1.7619016094335518,86.88149005846999
UP20_SCORE80_NIKKEION_TP3.5_SL1.5_H3,VALIDATION,2024-07-09,5803.T,TIMEOUT_LOSS,-0.5020352086310463,3,,,,,,,,3.809966458306757,3.0971420165153285,65.1673118563374
UP20_SCORE80_NIKKEION_TP3.5_SL1.5_H3,VALIDATION,2024-07-10,5803.T,TIMEOUT_LOSS,-2.3216796953875796,3,,,,,,,,3.7783164995058183,1.977109990603468,67.32339376466534
UP20_SCORE80_NIKKEION_TP3.5_SL1.5_H3,VALIDATION,2024-07-12,4519.T,HOLD,0.13311846210201103,3,,,,,,,,2.4175399406305127,1.5207411706833838,76.8046823943933
UP20_SCORE80_NIKKEION_TP3.5_SL1.5_H3,VALIDATION,2024-07-16,6976.T,HOLD,5.223364293422395,3,,,,,,,,3.5256413216273375,1.7389526651481166,77.39298849461471
UP20_SCORE80_NIKKEION_TP3.5_SL1.5_H3,VALIDATION,2024-09-05,6532.T,LOSS,-4.829374874786984,1,,,,,,,,3.3094320301220614,1.812501141948804,65.73803228477507
UP20_SCORE80_NIKKEION_TP3.5_SL1.5_H3,VALIDATION,2024-11-07,7013.T,HOLD,1.2587562963110144,3,,,,,,,,4.814901131833723,2.2527265778296126,70.02433857866997
UP20_SCORE80_NIKKEION_TP3.5_SL1.5_H3,VALIDATION,2024-11-08,7012.T,LOSS,-6.751330692524359,3,,,,,,,,4.434220461682906,3.200205529096764,69.90419704592867
UP20_SCORE80_NIKKEION_TP3.5_SL1.5_H3,VALIDATION,2024-11-11,5803.T,TIMEOUT_LOSS,-2.420324839515642,3,,,,,,,,5.599984000136319,1.7857249601142264,64.76170419168966
UP20_SCORE80_NIKKEION_TP3.5_SL1.5_H3,VALIDATION,2024-11-12,5801.T,HOLD,9.229748967881969,3,,,,,,,,4.212795453398469,5.95992017197373,85.57524419496607
UP25_SCORE80_NIKKEION_TP3.5_SL1.5_H3,VALIDATION,2022-08-24,7733.T,HOLD,0.1464212754205386,3,,,,,,,,2.487512480075919,1.8547560940531955,65.51391763203654
UP25_SCORE80_NIKKEION_TP3.5_SL1.5_H3,VALIDATION,2022-08-25,7004.T,WIN,8.659482124574557,1,,,,,,,,2.502709178449873,1.68890419213222,64.82502886936872
UP25_SCORE80_NIKKEION_TP3.5_SL1.5_H3,VALIDATION,2022-11-04,8001.T,LOSS,-2.9231046373037195,1,,,,,,,,1.936746127953537,1.839102301394961,63.42202249431198
UP25_SCORE80_NIKKEION_TP3.5_SL1.5_H3,VALIDATION,2022-11-10,2501.T,LOSS,-3.3884485008360055,1,,,,,,,,2.266842964024092,2.343872605585045,78.05644952602152
UP25_SCORE80_NIKKEION_TP3.5_SL1.5_H3,VALIDATION,2022-11-30,9434.T,WIN,3.246309066619235,1,,,,,,,,0.9560883047483518,2.4663342776889188,58.10727871196465
UP25_SCORE80_NIKKEION_TP3.5_SL1.5_H3,VALIDATION,2022-12-01,4523.T,WIN,12.993618305157339,2,,,,,,,,3.7410338014735256,3.726731040440298,67.15517263840277
UP25_SCORE80_NIKKEION_TP3.5_SL1.5_H3,VALIDATION,2023-02-01,2768.T,LOSS,-2.2170371244601528,1,,,,,,,,1.4418832874603549,1.59628603672925,61.67016112861338
UP25_SCORE80_NIKKEION_TP3.5_SL1.5_H3,VALIDATION,2023-02-17,5233.T,LOSS,-3.2764123564170244,1,,,,,,,,2.1870788814461806,2.0514057799458647,79.34823879636357
UP25_SCORE80_NIKKEION_TP3.5_SL1.5_H3,VALIDATION,2023-02-21,5101.T,WIN,9.063655681934424,1,,,,,,,,2.6181873376955505,3.43627562267025,86.43660675284961
UP25_SCORE80_NIKKEION_TP3.5_SL1.5_H3,VALIDATION,2023-03-03,5406.T,WIN,9.60137047351467,1,,,,,,,,2.771820135289908,1.857140360382404,87.09433998237975
UP25_SCORE80_NIKKEION_TP3.5_SL1.5_H3,VALIDATION,2023-03-06,5406.T,WIN,9.590422756537288,1,,,,,,,,2.768692216153508,1.502203260570827,87.66789665700449
UP25_SCORE80_NIKKEION_TP3.5_SL1.5_H3,VALIDATION,2023-03-07,5406.T,WIN,9.838759854621005,1,,,,,,,,2.8396456727488584,2.0701893640139404,90.18696901800902
UP25_SCORE80_NIKKEION_TP3.5_SL1.5_H3,VALIDATION,2023-03-08,6472.T,WIN,8.774131461873436,1,,,,,,,,2.535466131963841,1.5964971261163212,80.32679424160867
UP25_SCORE80_NIKKEION_TP3.5_SL1.5_H3,VALIDATION,2023-03-09,6472.T,WIN,8.846430099275738,1,,,,,,,,2.5561228855073503,2.0280835938094106,81.64248124982342
UP25_SCORE80_NIKKEION_TP3.5_SL1.5_H3,VALIDATION,2023-03-30,9107.T,WIN,11.874626403568856,1,,,,,,,,3.4213218295911028,2.956640384017868,67.71212740707429
UP25_SCORE80_NIKKEION_TP3.5_SL1.5_H3,VALIDATION,2023-03-31,7735.T,HOLD,1.9952370032169875,3,,,,,,,,2.5391231063714175,1.7645630331178097,71.61649211053447
UP25_SCORE80_NIKKEION_TP3.5_SL1.5_H3,VALIDATION,2023-04-03,6361.T,TIMEOUT_LOSS,-1.4527729564149383,3,,,,,,,,2.384753810496683,1.789481559063365,70.6068253998211
UP25_SCORE80_NIKKEION_TP3.5_SL1.5_H3,VALIDATION,2023-04-04,6501.T,HOLD,0.37960656090801914,3,,,,,,,,2.0304261745622165,1.5221769100292324,70.37175256557059
UP25_SCORE80_NIKKEION_TP3.5_SL1.5_H3,VALIDATION,2023-04-05,7453.T,HOLD,1.1430890333390953,3,,,,,,,,2.549078700278436,2.2329253812711656,54.85035368390627
UP25_SCORE80_NIKKEION_TP3.5_SL1.5_H3,VALIDATION,2023-04-11,9009.T,HOLD,3.1175604922691336,3,,,,,,,,1.9900095906876618,1.6478328517448322,79.14396561216782
UP25_SCORE80_NIKKEION_TP3.5_SL1.5_H3,VALIDATION,2023-04-12,3086.T,WIN,8.473295069973064,1,,,,,,,,2.4495128771351586,2.600409263552136,65.77527308898344
UP25_SCORE80_NIKKEION_TP3.5_SL1.5_H3,VALIDATION,2023-04-13,7453.T,HOLD,2.690558295829437,3,,,,,,,,2.575211037043294,1.6011953311443716,59.13648388012189
UP25_SCORE80_NIKKEION_TP3.5_SL1.5_H3,VALIDATION,2023-04-14,3697.T,TIMEOUT_LOSS,-2.594536581674811,3,,,,,,,,4.121031231711458,1.8575489819439108,70.5419742753867
UP25_SCORE80_NIKKEION_TP3.5_SL1.5_H3,VALIDATION,2023-04-17,6752.T,WIN,6.853163951123554,1,,,,,,,,1.9866182717495888,1.8304620405232623,71.88274667672724
UP25_SCORE80_NIKKEION_TP3.5_SL1.5_H3,VALIDATION,2023-04-19,8253.T,WIN,6.8967269432276606,1,,,,,,,,1.9990648409221896,1.624354060885152,71.01284289908423
UP25_SCORE80_NIKKEION_TP3.5_SL1.5_H3,VALIDATION,2023-04-20,3099.T,WIN,7.97065898705115,3,,,,,,,,2.3059025677288973,1.6848464507467695,64.50758913098556
UP25_SCORE80_NIKKEION_TP3.5_SL1.5_H3,VALIDATION,2023-04-21,6146.T,LOSS,-4.493504602149278,3,,,,,,,,2.9290030680995187,4.820541702933798,75.78560698122133
UP25_SCORE80_NIKKEION_TP3.5_SL1.5_H3,VALIDATION,2023-04-24,9202.T,WIN,4.872682484096147,1,,,,,,,,1.4207664240274718,3.269837442481966,70.44491341213703
UP25_SCORE80_NIKKEION_TP3.5_SL1.5_H3,VALIDATION,2023-04-25,6503.T,WIN,5.968434276103574,3,,,,,,,,1.733838364601022,2.155498593594048,79.72493429343518
UP25_SCORE80_NIKKEION_TP3.5_SL1.5_H3,VALIDATION,2023-04-26,1803.T,WIN,6.789852849899314,1,,,,,,,,1.9685293856855173,6.0865440632331405,73.83107527961079
UP25_SCORE80_NIKKEION_TP3.5_SL1.5_H3,VALIDATION,2023-04-27,6473.T,WIN,6.817593959674595,1,,,,,,,,1.9764554170498865,2.898426338292784,67.10946758818605
UP25_SCORE80_NIKKEION_TP3.5_SL1.5_H3,VALIDATION,2023-04-28,8801.T,WIN,5.472167483422486,1,,,,,,,,1.5920478524064234,2.3953025670888533,79.12301899170511
UP25_SCORE80_NIKKEION_TP3.5_SL1.5_H3,VALIDATION,2023-05-01,7011.T,HOLD,2.5301458927096454,3,,,,,,,,1.6474797805150931,1.631766868235908,66.13065535678693
UP25_SCORE80_NIKKEION_TP3.5_SL1.5_H3,VALIDATION,2023-05-09,5401.T,WIN,7.6815329628745825,1,,,,,,,,2.2232951322498806,2.4216348728935766,63.075672705376185
UP25_SCORE80_NIKKEION_TP3.5_SL1.5_H3,VALIDATION,2023-05-10,9107.T,WIN,12.843377086983454,1,,,,,,,,3.698107739138131,1.6721083015720768,62.615682903241385
UP25_SCORE80_NIKKEION_TP3.5_SL1.5_H3,VALIDATION,2023-05-11,7011.T,HOLD,5.395320426312534,3,,,,,,,,2.1934996524668904,2.628737662337662,62.58737291544723
UP25_SCORE80_NIKKEION_TP3.5_SL1.5_H3,VALIDATION,2023-05-12,5406.T,WIN,12.917749455618422,1,,,,,,,,3.719356987319548,5.052158085537815,68.63672427624891
UP25_SCORE80_NIKKEION_TP3.5_SL1.5_H3,VALIDATION,2023-05-15,5406.T,WIN,13.278925234830108,1,,,,,,,,3.8225500670943178,1.7922546424440156,68.83347968195596
UP25_SCORE80_NIKKEION_TP3.5_SL1.5_H3,VALIDATION,2023-05-16,4188.T,WIN,4.649537925379821,1,,,,,,,,1.3570108358228028,1.900617460813976,63.985237751869725
UP25_SCORE80_NIKKEION_TP3.5_SL1.5_H3,VALIDATION,2023-07-03,5301.T,WIN,8.204038046132023,1,,,,,,,,2.3725822988948613,1.6841448882477126,76.76292337832162
UP25_SCORE80_NIKKEION_TP3.5_SL1.5_H3,VALIDATION,2023-07-05,9107.T,WIN,12.324907569633192,1,,,,,,,,3.5499735913237704,2.150751782310317,69.97459032079043
UP25_SCORE80_NIKKEION_TP3.5_SL1.5_H3,VALIDATION,2023-07-28,8308.T,WIN,8.567502351361867,1,,,,,,,,2.4764292432462476,2.992813465952988,69.19508666855869
UP25_SCORE80_NIKKEION_TP3.5_SL1.5_H3,VALIDATION,2023-07-31,8308.T,TIMEOUT_LOSS,-1.2452531699781444,3,,,,,,,,2.5763241790336844,1.9173748312925836,71.9207173897711
UP25_SCORE80_NIKKEION_TP3.5_SL1.5_H3,VALIDATION,2023-08-01,6976.T,HOLD,1.8693882072037593,3,,,,,,,,2.606764674052127,2.1396985671851048,57.50048021808944
UP25_SCORE80_NIKKEION_TP3.5_SL1.5_H3,VALIDATION,2023-08-29,9501.T,TIMEOUT_LOSS,-2.143950752030588,3,,,,,,,,3.1402072969105355,2.2716801360357546,73.52136944851513
UP25_SCORE80_NIKKEION_TP3.5_SL1.5_H3,VALIDATION,2023-09-08,7532.T,LOSS,-3.933486275199749,1,,,,,,,,2.657533706705184,1.5087604957949283,59.8378595415099
UP25_SCORE80_NIKKEION_TP3.5_SL1.5_H3,VALIDATION,2023-09-11,8308.T,LOSS,-3.5611044776011735,1,,,,,,,,2.390127805566289,1.665899299127487,79.10878705380313
UP25_SCORE80_NIKKEION_TP3.5_SL1.5_H3,VALIDATION,2023-09-12,8316.T,LOSS,-2.720240681213948,1,,,,,,,,1.7938297784150459,1.6274642753207946,80.10973378734327
UP25_SCORE80_NIKKEION_TP3.5_SL1.5_H3,VALIDATION,2023-09-13,8306.T,LOSS,-3.0460375239127258,1,,,,,,,,2.0236422767650737,1.6494697326543106,80.85596893501176
UP25_SCORE80_NIKKEION_TP3.5_SL1.5_H3,VALIDATION,2023-11-13,2501.T,LOSS,-3.5281760303338516,1,,,,,,,,2.3665812583255104,2.601058336455944,83.63371851723367
UP25_SCORE80_NIKKEION_TP3.5_SL1.5_H3,VALIDATION,2023-12-29,7974.T,WIN,5.653738253917762,3,,,,,,,,1.643925215405077,1.9467622373338236,74.74645526007333
UP25_SCORE80_NIKKEION_TP3.5_SL1.5_H3,VALIDATION,2024-01-05,8601.T,WIN,7.635628315990884,1,,,,,,,,2.210179518854538,1.680065341212715,65.83317514015158
UP25_SCORE80_NIKKEION_TP3.5_SL1.5_H3,VALIDATION,2024-01-18,7735.T,WIN,10.909167313103575,1,,,,,,,,3.1454763751724477,1.92320418278728,75.52852009430023
UP25_SCORE80_NIKKEION_TP3.5_SL1.5_H3,VALIDATION,2024-03-05,6146.T,TIMEOUT_LOSS,-0.5588255963961396,3,,,,,,,,3.284602928557382,2.1800391194636752,80.50298701119084
UP25_SCORE80_NIKKEION_TP3.5_SL1.5_H3,VALIDATION,2024-03-06,1802.T,WIN,9.890803785294333,1,,,,,,,,2.8545153672269548,2.554199432260858,85.31838469532941
UP25_SCORE80_NIKKEION_TP3.5_SL1.5_H3,VALIDATION,2024-03-07,7012.T,TIMEOUT_LOSS,-1.3340755048777408,3,,,,,,,,3.210564756415324,3.000958757164228,86.42904059170691
UP25_SCORE80_NIKKEION_TP3.5_SL1.5_H3,VALIDATION,2024-03-21,8804.T,WIN,10.133110865304895,1,,,,,,,,2.923745961515685,1.69173223588183,67.93402062292945
UP25_SCORE80_NIKKEION_TP3.5_SL1.5_H3,VALIDATION,2024-03-22,3099.T,HOLD,6.877494385247552,3,,,,,,,,2.453948221491993,1.5707909104979727,81.63333499499859
UP25_SCORE80_NIKKEION_TP3.5_SL1.5_H3,VALIDATION,2024-03-25,5631.T,WIN,9.327517467571845,2,,,,,,,,2.693576419306239,1.9978760576890136,78.08170396611129
UP25_SCORE80_NIKKEION_TP3.5_SL1.5_H3,VALIDATION,2024-03-26,6504.T,HOLD,4.84654585282166,3,,,,,,,,2.8262976686388814,1.7303010510064722,74.90764016864891
UP25_SCORE80_NIKKEION_TP3.5_SL1.5_H3,VALIDATION,2024-03-27,8308.T,HOLD,0.41721946829534906,3,,,,,,,,3.0733363442166413,1.5960925826296606,69.621051993328
UP25_SCORE80_NIKKEION_TP3.5_SL1.5_H3,VALIDATION,2024-03-28,9501.T,TIMEOUT_LOSS,-1.4722540245678761,3,,,,,,,,4.639511584038658,1.535695399259651,61.44666417260486
UP25_SCORE80_NIKKEION_TP3.5_SL1.5_H3,VALIDATION,2024-05-14,5801.T,HOLD,2.2820223552854624,3,,,,,,,,3.3266977409723695,4.547126157516055,78.26401062449611
UP25_SCORE80_NIKKEION_TP3.5_SL1.5_H3,VALIDATION,2024-05-15,5101.T,LOSS,-4.660353101611292,1,,,,,,,,3.185505709499344,2.1531057837982357,57.67965645377095
UP25_SCORE80_NIKKEION_TP3.5_SL1.5_H3,VALIDATION,2024-05-30,8331.T,LOSS,-3.3601733118749366,1,,,,,,,,2.2466950262275853,1.6671299042083123,76.98906772721455
UP25_SCORE80_NIKKEION_TP3.5_SL1.5_H3,VALIDATION,2024-07-05,7011.T,LOSS,-5.084346280425045,3,,,,,,,,3.3228975202833633,2.5582053497235537,86.65930019007098
UP25_SCORE80_NIKKEION_TP3.5_SL1.5_H3,VALIDATION,2024-07-08,7011.T,LOSS,-5.239764086422937,2,,,,,,,,3.4265093909486253,1.7619016094335518,86.88149005846999
UP25_SCORE80_NIKKEION_TP3.5_SL1.5_H3,VALIDATION,2024-07-09,5803.T,TIMEOUT_LOSS,-0.5020352086310463,3,,,,,,,,3.809966458306757,3.0971420165153285,65.1673118563374
UP25_SCORE80_NIKKEION_TP3.5_SL1.5_H3,VALIDATION,2024-07-10,5803.T,TIMEOUT_LOSS,-2.3216796953875796,3,,,,,,,,3.7783164995058183,1.977109990603468,67.32339376466534
UP25_SCORE80_NIKKEION_TP3.5_SL1.5_H3,VALIDATION,2024-07-12,4519.T,HOLD,0.13311846210201103,3,,,,,,,,2.4175399406305127,1.5207411706833838,76.8046823943933
UP25_SCORE80_NIKKEION_TP3.5_SL1.5_H3,VALIDATION,2024-07-16,6976.T,HOLD,5.223364293422395,3,,,,,,,,3.5256413216273375,1.7389526651481166,77.39298849461471
UP25_SCORE80_NIKKEION_TP3.5_SL1.5_H3,VALIDATION,2024-09-05,6532.T,LOSS,-4.829374874786984,1,,,,,,,,3.3094320301220614,1.812501141948804,65.73803228477507
UP25_SCORE80_NIKKEION_TP3.5_SL1.5_H3,VALIDATION,2024-11-07,7013.T,HOLD,1.2587562963110144,3,,,,,,,,4.814901131833723,2.2527265778296126,70.02433857866997
UP25_SCORE80_NIKKEION_TP3.5_SL1.5_H3,VALIDATION,2024-11-08,7012.T,LOSS,-6.751330692524359,3,,,,,,,,4.434220461682906,3.200205529096764,69.90419704592867
UP25_SCORE80_NIKKEION_TP3.5_SL1.5_H3,VALIDATION,2024-11-11,5803.T,TIMEOUT_LOSS,-2.420324839515642,3,,,,,,,,5.599984000136319,1.7857249601142264,64.76170419168966
UP25_SCORE80_NIKKEION_TP3.5_SL1.5_H3,VALIDATION,2024-11-12,5801.T,HOLD,9.229748967881969,3,,,,,,,,4.212795453398469,5.95992017197373,85.57524419496607
UP25_SCORE80_NIKKEION_TP4.0_SL1.5_H3,VALIDATION,2022-08-24,7733.T,HOLD,0.1464212754205386,3,,,,,,,,2.487512480075919,1.8547560940531955,65.51391763203654
UP25_SCORE80_NIKKEION_TP4.0_SL1.5_H3,VALIDATION,2022-08-25,7004.T,WIN,9.9108367137995,1,,,,,,,,2.502709178449873,1.68890419213222,64.82502886936872
UP25_SCORE80_NIKKEION_TP4.0_SL1.5_H3,VALIDATION,2022-11-04,8001.T,LOSS,-2.9231046373037195,1,,,,,,,,1.936746127953537,1.839102301394961,63.42202249431198
UP25_SCORE80_NIKKEION_TP4.0_SL1.5_H3,VALIDATION,2022-11-10,2501.T,LOSS,-3.3884485008360055,1,,,,,,,,2.266842964024092,2.343872605585045,78.05644952602152
UP25_SCORE80_NIKKEION_TP4.0_SL1.5_H3,VALIDATION,2022-11-30,9434.T,WIN,3.7243532189934148,1,,,,,,,,0.9560883047483518,2.4663342776889188,58.10727871196465
UP25_SCORE80_NIKKEION_TP4.0_SL1.5_H3,VALIDATION,2022-12-01,4523.T,HOLD,9.599960940878594,3,,,,,,,,3.7410338014735256,3.726731040440298,67.15517263840277
UP25_SCORE80_NIKKEION_TP4.0_SL1.5_H3,VALIDATION,2023-02-01,2768.T,LOSS,-2.2170371244601528,1,,,,,,,,1.4418832874603549,1.59628603672925,61.67016112861338
UP25_SCORE80_NIKKEION_TP4.0_SL1.5_H3,VALIDATION,2023-02-17,5233.T,LOSS,-3.2764123564170244,1,,,,,,,,2.1870788814461806,2.0514057799458647,79.34823879636357
UP25_SCORE80_NIKKEION_TP4.0_SL1.5_H3,VALIDATION,2023-02-21,5101.T,WIN,10.372749350782195,1,,,,,,,,2.6181873376955505,3.43627562267025,86.43660675284961
UP25_SCORE80_NIKKEION_TP4.0_SL1.5_H3,VALIDATION,2023-03-03,5406.T,WIN,10.98728054115964,1,,,,,,,,2.771820135289908,1.857140360382404,87.09433998237975
UP25_SCORE80_NIKKEION_TP4.0_SL1.5_H3,VALIDATION,2023-03-06,5406.T,WIN,10.974768864614026,1,,,,,,,,2.768692216153508,1.502203260570827,87.66789665700449
UP25_SCORE80_NIKKEION_TP4.0_SL1.5_H3,VALIDATION,2023-03-07,5406.T,WIN,11.258582690995434,1,,,,,,,,2.8396456727488584,2.0701893640139404,90.18696901800902
UP25_SCORE80_NIKKEION_TP4.0_SL1.5_H3,VALIDATION,2023-03-08,6472.T,WIN,10.041864527855372,1,,,,,,,,2.535466131963841,1.5964971261163212,80.32679424160867
UP25_SCORE80_NIKKEION_TP4.0_SL1.5_H3,VALIDATION,2023-03-09,6472.T,WIN,10.124491542029402,1,,,,,,,,2.5561228855073503,2.0280835938094106,81.64248124982342
UP25_SCORE80_NIKKEION_TP4.0_SL1.5_H3,VALIDATION,2023-03-30,9107.T,WIN,13.585287318364403,1,,,,,,,,3.4213218295911028,2.956640384017868,67.71212740707429
UP25_SCORE80_NIKKEION_TP4.0_SL1.5_H3,VALIDATION,2023-03-31,7735.T,HOLD,1.9952370032169875,3,,,,,,,,2.5391231063714175,1.7645630331178097,71.61649211053447
UP25_SCORE80_NIKKEION_TP4.0_SL1.5_H3,VALIDATION,2023-04-03,6361.T,TIMEOUT_LOSS,-1.4527729564149383,3,,,,,,,,2.384753810496683,1.789481559063365,70.6068253998211
UP25_SCORE80_NIKKEION_TP4.0_SL1.5_H3,VALIDATION,2023-04-04,6501.T,HOLD,0.37960656090801914,3,,,,,,,,2.0304261745622165,1.5221769100292324,70.37175256557059
UP25_SCORE80_NIKKEION_TP4.0_SL1.5_H3,VALIDATION,2023-04-05,7453.T,HOLD,1.1430890333390953,3,,,,,,,,2.549078700278436,2.2329253812711656,54.85035368390627
UP25_SCORE80_NIKKEION_TP4.0_SL1.5_H3,VALIDATION,2023-04-11,9009.T,HOLD,3.1175604922691336,3,,,,,,,,1.9900095906876618,1.6478328517448322,79.14396561216782
UP25_SCORE80_NIKKEION_TP4.0_SL1.5_H3,VALIDATION,2023-04-12,3086.T,WIN,9.698051508540628,2,,,,,,,,2.4495128771351586,2.600409263552136,65.77527308898344
UP25_SCORE80_NIKKEION_TP4.0_SL1.5_H3,VALIDATION,2023-04-13,7453.T,HOLD,2.690558295829437,3,,,,,,,,2.575211037043294,1.6011953311443716,59.13648388012189
UP25_SCORE80_NIKKEION_TP4.0_SL1.5_H3,VALIDATION,2023-04-14,3697.T,TIMEOUT_LOSS,-2.594536581674811,3,,,,,,,,4.121031231711458,1.8575489819439108,70.5419742753867
UP25_SCORE80_NIKKEION_TP4.0_SL1.5_H3,VALIDATION,2023-04-17,6752.T,WIN,7.846473086998363,1,,,,,,,,1.9866182717495888,1.8304620405232623,71.88274667672724
UP25_SCORE80_NIKKEION_TP4.0_SL1.5_H3,VALIDATION,2023-04-19,8253.T,WIN,7.896259363688752,1,,,,,,,,1.9990648409221896,1.624354060885152,71.01284289908423
UP25_SCORE80_NIKKEION_TP4.0_SL1.5_H3,VALIDATION,2023-04-20,3099.T,HOLD,5.114970486944837,3,,,,,,,,2.3059025677288973,1.6848464507467695,64.50758913098556
UP25_SCORE80_NIKKEION_TP4.0_SL1.5_H3,VALIDATION,2023-04-21,6146.T,LOSS,-4.493504602149278,3,,,,,,,,2.9290030680995187,4.820541702933798,75.78560698122133
UP25_SCORE80_NIKKEION_TP4.0_SL1.5_H3,VALIDATION,2023-04-24,9202.T,WIN,5.5830656961098795,1,,,,,,,,1.4207664240274718,3.269837442481966,70.44491341213703
UP25_SCORE80_NIKKEION_TP4.0_SL1.5_H3,VALIDATION,2023-04-25,6503.T,HOLD,5.101515093803067,3,,,,,,,,1.733838364601022,2.155498593594048,79.72493429343518
UP25_SCORE80_NIKKEION_TP4.0_SL1.5_H3,VALIDATION,2023-04-26,1803.T,WIN,7.774117542742077,1,,,,,,,,1.9685293856855173,6.0865440632331405,73.83107527961079
UP25_SCORE80_NIKKEION_TP4.0_SL1.5_H3,VALIDATION,2023-04-27,6305.T,WIN,8.426494396009721,1,,,,,,,,2.13162359900243,3.861125217892584,66.4599445715346
UP25_SCORE80_NIKKEION_TP4.0_SL1.5_H3,VALIDATION,2023-04-28,8801.T,WIN,6.268191409625701,1,,,,,,,,1.5920478524064234,2.3953025670888533,79.12301899170511
UP25_SCORE80_NIKKEION_TP4.0_SL1.5_H3,VALIDATION,2023-05-01,7011.T,HOLD,2.5301458927096454,3,,,,,,,,1.6474797805150931,1.631766868235908,66.13065535678693
UP25_SCORE80_NIKKEION_TP4.0_SL1.5_H3,VALIDATION,2023-05-09,5401.T,WIN,8.793180528999523,1,,,,,,,,2.2232951322498806,2.4216348728935766,63.075672705376185
UP25_SCORE80_NIKKEION_TP4.0_SL1.5_H3,VALIDATION,2023-05-10,9107.T,WIN,14.692430956552515,1,,,,,,,,3.698107739138131,1.6721083015720768,62.615682903241385
UP25_SCORE80_NIKKEION_TP4.0_SL1.5_H3,VALIDATION,2023-05-11,7011.T,HOLD,5.395320426312534,3,,,,,,,,2.1934996524668904,2.628737662337662,62.58737291544723
UP25_SCORE80_NIKKEION_TP4.0_SL1.5_H3,VALIDATION,2023-05-12,5406.T,WIN,14.7774279492782,1,,,,,,,,3.719356987319548,5.052158085537815,68.63672427624891
UP25_SCORE80_NIKKEION_TP4.0_SL1.5_H3,VALIDATION,2023-05-15,5406.T,WIN,15.190200268377263,1,,,,,,,,3.8225500670943178,1.7922546424440156,68.83347968195596
UP25_SCORE80_NIKKEION_TP4.0_SL1.5_H3,VALIDATION,2023-05-16,4188.T,WIN,5.3280433432912115,1,,,,,,,,1.3570108358228028,1.900617460813976,63.985237751869725
UP25_SCORE80_NIKKEION_TP4.0_SL1.5_H3,VALIDATION,2023-07-03,5301.T,WIN,9.390329195579438,1,,,,,,,,2.3725822988948613,1.6841448882477126,76.76292337832162
UP25_SCORE80_NIKKEION_TP4.0_SL1.5_H3,VALIDATION,2023-07-05,9107.T,WIN,14.099894365295073,1,,,,,,,,3.5499735913237704,2.150751782310317,69.97459032079043
UP25_SCORE80_NIKKEION_TP4.0_SL1.5_H3,VALIDATION,2023-07-28,8308.T,WIN,9.80571697298499,1,,,,,,,,2.4764292432462476,2.992813465952988,69.19508666855869
UP25_SCORE80_NIKKEION_TP4.0_SL1.5_H3,VALIDATION,2023-07-31,8308.T,TIMEOUT_LOSS,-1.2452531699781444,3,,,,,,,,2.5763241790336844,1.9173748312925836,71.9207173897711
UP25_SCORE80_NIKKEION_TP4.0_SL1.5_H3,VALIDATION,2023-08-01,6976.T,HOLD,1.8693882072037593,3,,,,,,,,2.606764674052127,2.1396985671851048,57.50048021808944
UP25_SCORE80_NIKKEION_TP4.0_SL1.5_H3,VALIDATION,2023-08-29,9501.T,TIMEOUT_LOSS,-2.143950752030588,3,,,,,,,,3.1402072969105355,2.2716801360357546,73.52136944851513
UP25_SCORE80_NIKKEION_TP4.0_SL1.5_H3,VALIDATION,2023-09-08,7532.T,LOSS,-3.933486275199749,1,,,,,,,,2.657533706705184,1.5087604957949283,59.8378595415099
UP25_SCORE80_NIKKEION_TP4.0_SL1.5_H3,VALIDATION,2023-09-11,8308.T,LOSS,-3.5611044776011735,1,,,,,,,,2.390127805566289,1.665899299127487,79.10878705380313
UP25_SCORE80_NIKKEION_TP4.0_SL1.5_H3,VALIDATION,2023-09-12,8316.T,LOSS,-2.720240681213948,1,,,,,,,,1.7938297784150459,1.6274642753207946,80.10973378734327
UP25_SCORE80_NIKKEION_TP4.0_SL1.5_H3,VALIDATION,2023-09-13,8306.T,LOSS,-3.0460375239127258,1,,,,,,,,2.0236422767650737,1.6494697326543106,80.85596893501176
UP25_SCORE80_NIKKEION_TP4.0_SL1.5_H3,VALIDATION,2023-11-13,2501.T,LOSS,-3.5281760303338516,1,,,,,,,,2.3665812583255104,2.601058336455944,83.63371851723367
UP25_SCORE80_NIKKEION_TP4.0_SL1.5_H3,VALIDATION,2023-12-29,7974.T,WIN,6.475700861620315,3,,,,,,,,1.643925215405077,1.9467622373338236,74.74645526007333
UP25_SCORE80_NIKKEION_TP4.0_SL1.5_H3,VALIDATION,2024-01-05,8601.T,WIN,8.740718075418153,1,,,,,,,,2.210179518854538,1.680065341212715,65.83317514015158
UP25_SCORE80_NIKKEION_TP4.0_SL1.5_H3,VALIDATION,2024-01-18,7735.T,WIN,12.481905500689782,2,,,,,,,,3.1454763751724477,1.92320418278728,75.52852009430023
UP25_SCORE80_NIKKEION_TP4.0_SL1.5_H3,VALIDATION,2024-03-05,6146.T,TIMEOUT_LOSS,-0.5588255963961396,3,,,,,,,,3.284602928557382,2.1800391194636752,80.50298701119084
UP25_SCORE80_NIKKEION_TP4.0_SL1.5_H3,VALIDATION,2024-03-06,1802.T,WIN,11.318061468907826,2,,,,,,,,2.8545153672269548,2.554199432260858,85.31838469532941
UP25_SCORE80_NIKKEION_TP4.0_SL1.5_H3,VALIDATION,2024-03-07,7012.T,TIMEOUT_LOSS,-1.3340755048777408,3,,,,,,,,3.210564756415324,3.000958757164228,86.42904059170691
UP25_SCORE80_NIKKEION_TP4.0_SL1.5_H3,VALIDATION,2024-03-21,8804.T,HOLD,8.89775024998759,3,,,,,,,,2.923745961515685,1.69173223588183,67.93402062292945
UP25_SCORE80_NIKKEION_TP4.0_SL1.5_H3,VALIDATION,2024-03-22,3099.T,HOLD,6.877494385247552,3,,,,,,,,2.453948221491993,1.5707909104979727,81.63333499499859
UP25_SCORE80_NIKKEION_TP4.0_SL1.5_H3,VALIDATION,2024-03-25,5631.T,WIN,10.674305677224948,2,,,,,,,,2.693576419306239,1.9978760576890136,78.08170396611129
UP25_SCORE80_NIKKEION_TP4.0_SL1.5_H3,VALIDATION,2024-03-26,6504.T,HOLD,4.84654585282166,3,,,,,,,,2.8262976686388814,1.7303010510064722,74.90764016864891
UP25_SCORE80_NIKKEION_TP4.0_SL1.5_H3,VALIDATION,2024-03-27,8308.T,HOLD,0.41721946829534906,3,,,,,,,,3.0733363442166413,1.5960925826296606,69.621051993328
UP25_SCORE80_NIKKEION_TP4.0_SL1.5_H3,VALIDATION,2024-03-28,9501.T,TIMEOUT_LOSS,-1.4722540245678761,3,,,,,,,,4.639511584038658,1.535695399259651,61.44666417260486
UP25_SCORE80_NIKKEION_TP4.0_SL1.5_H3,VALIDATION,2024-05-14,5801.T,HOLD,2.2820223552854624,3,,,,,,,,3.3266977409723695,4.547126157516055,78.26401062449611
UP25_SCORE80_NIKKEION_TP4.0_SL1.5_H3,VALIDATION,2024-05-15,5101.T,LOSS,-4.660353101611292,1,,,,,,,,3.185505709499344,2.1531057837982357,57.67965645377095
UP25_SCORE80_NIKKEION_TP4.0_SL1.5_H3,VALIDATION,2024-05-30,8331.T,LOSS,-3.3601733118749366,1,,,,,,,,2.2466950262275853,1.6671299042083123,76.98906772721455
UP25_SCORE80_NIKKEION_TP4.0_SL1.5_H3,VALIDATION,2024-07-05,7011.T,LOSS,-5.084346280425045,3,,,,,,,,3.3228975202833633,2.5582053497235537,86.65930019007098
UP25_SCORE80_NIKKEION_TP4.0_SL1.5_H3,VALIDATION,2024-07-08,7011.T,LOSS,-5.239764086422937,2,,,,,,,,3.4265093909486253,1.7619016094335518,86.88149005846999
UP25_SCORE80_NIKKEION_TP4.0_SL1.5_H3,VALIDATION,2024-07-09,5803.T,TIMEOUT_LOSS,-0.5020352086310463,3,,,,,,,,3.809966458306757,3.0971420165153285,65.1673118563374
UP25_SCORE80_NIKKEION_TP4.0_SL1.5_H3,VALIDATION,2024-07-10,5803.T,TIMEOUT_LOSS,-2.3216796953875796,3,,,,,,,,3.7783164995058183,1.977109990603468,67.32339376466534
UP25_SCORE80_NIKKEION_TP4.0_SL1.5_H3,VALIDATION,2024-07-12,4519.T,HOLD,0.13311846210201103,3,,,,,,,,2.4175399406305127,1.5207411706833838,76.8046823943933
UP25_SCORE80_NIKKEION_TP4.0_SL1.5_H3,VALIDATION,2024-07-16,6976.T,HOLD,5.223364293422395,3,,,,,,,,3.5256413216273375,1.7389526651481166,77.39298849461471
UP25_SCORE80_NIKKEION_TP4.0_SL1.5_H3,VALIDATION,2024-09-05,6532.T,LOSS,-4.829374874786984,1,,,,,,,,3.3094320301220614,1.812501141948804,65.73803228477507
UP25_SCORE80_NIKKEION_TP4.0_SL1.5_H3,VALIDATION,2024-11-07,7013.T,HOLD,1.2587562963110144,3,,,,,,,,4.814901131833723,2.2527265778296126,70.02433857866997
UP25_SCORE80_NIKKEION_TP4.0_SL1.5_H3,VALIDATION,2024-11-08,7012.T,LOSS,-6.751330692524359,3,,,,,,,,4.434220461682906,3.200205529096764,69.90419704592867
UP25_SCORE80_NIKKEION_TP4.0_SL1.5_H3,VALIDATION,2024-11-11,5803.T,TIMEOUT_LOSS,-2.420324839515642,3,,,,,,,,5.599984000136319,1.7857249601142264,64.76170419168966
UP25_SCORE80_NIKKEION_TP4.0_SL1.5_H3,VALIDATION,2024-11-12,5801.T,HOLD,9.229748967881969,3,,,,,,,,4.212795453398469,5.95992017197373,85.57524419496607
UP30_SCORE80_NIKKEION_TP4.0_SL1.5_H3,VALIDATION,2022-08-24,7733.T,HOLD,0.1464212754205386,3,,,,,,,,2.487512480075919,1.8547560940531955,65.51391763203654
UP30_SCORE80_NIKKEION_TP4.0_SL1.5_H3,VALIDATION,2022-08-25,7004.T,WIN,9.9108367137995,1,,,,,,,,2.502709178449873,1.68890419213222,64.82502886936872
UP30_SCORE80_NIKKEION_TP4.0_SL1.5_H3,VALIDATION,2022-11-04,8001.T,LOSS,-2.9231046373037195,1,,,,,,,,1.936746127953537,1.839102301394961,63.42202249431198
UP30_SCORE80_NIKKEION_TP4.0_SL1.5_H3,VALIDATION,2022-11-10,2501.T,LOSS,-3.3884485008360055,1,,,,,,,,2.266842964024092,2.343872605585045,78.05644952602152
UP30_SCORE80_NIKKEION_TP4.0_SL1.5_H3,VALIDATION,2022-11-30,9434.T,WIN,3.7243532189934148,1,,,,,,,,0.9560883047483518,2.4663342776889188,58.10727871196465
UP30_SCORE80_NIKKEION_TP4.0_SL1.5_H3,VALIDATION,2022-12-01,4523.T,HOLD,9.599960940878594,3,,,,,,,,3.7410338014735256,3.726731040440298,67.15517263840277
UP30_SCORE80_NIKKEION_TP4.0_SL1.5_H3,VALIDATION,2023-02-01,2768.T,LOSS,-2.2170371244601528,1,,,,,,,,1.4418832874603549,1.59628603672925,61.67016112861338
UP30_SCORE80_NIKKEION_TP4.0_SL1.5_H3,VALIDATION,2023-02-17,5233.T,LOSS,-3.2764123564170244,1,,,,,,,,2.1870788814461806,2.0514057799458647,79.34823879636357
UP30_SCORE80_NIKKEION_TP4.0_SL1.5_H3,VALIDATION,2023-02-21,5101.T,WIN,10.372749350782195,1,,,,,,,,2.6181873376955505,3.43627562267025,86.43660675284961
UP30_SCORE80_NIKKEION_TP4.0_SL1.5_H3,VALIDATION,2023-03-03,5406.T,WIN,10.98728054115964,1,,,,,,,,2.771820135289908,1.857140360382404,87.09433998237975
UP30_SCORE80_NIKKEION_TP4.0_SL1.5_H3,VALIDATION,2023-03-06,5406.T,WIN,10.974768864614026,1,,,,,,,,2.768692216153508,1.502203260570827,87.66789665700449
UP30_SCORE80_NIKKEION_TP4.0_SL1.5_H3,VALIDATION,2023-03-07,5406.T,WIN,11.258582690995434,1,,,,,,,,2.8396456727488584,2.0701893640139404,90.18696901800902
UP30_SCORE80_NIKKEION_TP4.0_SL1.5_H3,VALIDATION,2023-03-08,6472.T,WIN,10.041864527855372,1,,,,,,,,2.535466131963841,1.5964971261163212,80.32679424160867
UP30_SCORE80_NIKKEION_TP4.0_SL1.5_H3,VALIDATION,2023-03-09,6472.T,WIN,10.124491542029402,1,,,,,,,,2.5561228855073503,2.0280835938094106,81.64248124982342
UP30_SCORE80_NIKKEION_TP4.0_SL1.5_H3,VALIDATION,2023-03-30,9107.T,WIN,13.585287318364403,1,,,,,,,,3.4213218295911028,2.956640384017868,67.71212740707429
UP30_SCORE80_NIKKEION_TP4.0_SL1.5_H3,VALIDATION,2023-03-31,7735.T,HOLD,1.9952370032169875,3,,,,,,,,2.5391231063714175,1.7645630331178097,71.61649211053447
UP30_SCORE80_NIKKEION_TP4.0_SL1.5_H3,VALIDATION,2023-04-03,6361.T,TIMEOUT_LOSS,-1.4527729564149383,3,,,,,,,,2.384753810496683,1.789481559063365,70.6068253998211
UP30_SCORE80_NIKKEION_TP4.0_SL1.5_H3,VALIDATION,2023-04-04,6501.T,HOLD,0.37960656090801914,3,,,,,,,,2.0304261745622165,1.5221769100292324,70.37175256557059
UP30_SCORE80_NIKKEION_TP4.0_SL1.5_H3,VALIDATION,2023-04-05,7453.T,HOLD,1.1430890333390953,3,,,,,,,,2.549078700278436,2.2329253812711656,54.85035368390627
UP30_SCORE80_NIKKEION_TP4.0_SL1.5_H3,VALIDATION,2023-04-11,9009.T,HOLD,3.1175604922691336,3,,,,,,,,1.9900095906876618,1.6478328517448322,79.14396561216782
UP30_SCORE80_NIKKEION_TP4.0_SL1.5_H3,VALIDATION,2023-04-12,3086.T,WIN,9.698051508540628,2,,,,,,,,2.4495128771351586,2.600409263552136,65.77527308898344
UP30_SCORE80_NIKKEION_TP4.0_SL1.5_H3,VALIDATION,2023-04-13,7453.T,HOLD,2.690558295829437,3,,,,,,,,2.575211037043294,1.6011953311443716,59.13648388012189
UP30_SCORE80_NIKKEION_TP4.0_SL1.5_H3,VALIDATION,2023-04-14,3697.T,TIMEOUT_LOSS,-2.594536581674811,3,,,,,,,,4.121031231711458,1.8575489819439108,70.5419742753867
UP30_SCORE80_NIKKEION_TP4.0_SL1.5_H3,VALIDATION,2023-04-17,6752.T,WIN,7.846473086998363,1,,,,,,,,1.9866182717495888,1.8304620405232623,71.88274667672724
UP30_SCORE80_NIKKEION_TP4.0_SL1.5_H3,VALIDATION,2023-04-19,8253.T,WIN,7.896259363688752,1,,,,,,,,1.9990648409221896,1.624354060885152,71.01284289908423
UP30_SCORE80_NIKKEION_TP4.0_SL1.5_H3,VALIDATION,2023-04-20,3099.T,HOLD,5.114970486944837,3,,,,,,,,2.3059025677288973,1.6848464507467695,64.50758913098556
UP30_SCORE80_NIKKEION_TP4.0_SL1.5_H3,VALIDATION,2023-04-21,6146.T,LOSS,-4.493504602149278,3,,,,,,,,2.9290030680995187,4.820541702933798,75.78560698122133
UP30_SCORE80_NIKKEION_TP4.0_SL1.5_H3,VALIDATION,2023-04-24,9202.T,WIN,5.5830656961098795,1,,,,,,,,1.4207664240274718,3.269837442481966,70.44491341213703
UP30_SCORE80_NIKKEION_TP4.0_SL1.5_H3,VALIDATION,2023-04-25,6503.T,HOLD,5.101515093803067,3,,,,,,,,1.733838364601022,2.155498593594048,79.72493429343518
UP30_SCORE80_NIKKEION_TP4.0_SL1.5_H3,VALIDATION,2023-04-26,1803.T,WIN,7.774117542742077,1,,,,,,,,1.9685293856855173,6.0865440632331405,73.83107527961079
UP30_SCORE80_NIKKEION_TP4.0_SL1.5_H3,VALIDATION,2023-04-27,6305.T,WIN,8.426494396009721,1,,,,,,,,2.13162359900243,3.861125217892584,66.4599445715346
UP30_SCORE80_NIKKEION_TP4.0_SL1.5_H3,VALIDATION,2023-04-28,8801.T,WIN,6.268191409625701,1,,,,,,,,1.5920478524064234,2.3953025670888533,79.12301899170511
UP30_SCORE80_NIKKEION_TP4.0_SL1.5_H3,VALIDATION,2023-05-01,7011.T,HOLD,2.5301458927096454,3,,,,,,,,1.6474797805150931,1.631766868235908,66.13065535678693
UP30_SCORE80_NIKKEION_TP4.0_SL1.5_H3,VALIDATION,2023-05-09,5401.T,WIN,8.793180528999523,1,,,,,,,,2.2232951322498806,2.4216348728935766,63.075672705376185
UP30_SCORE80_NIKKEION_TP4.0_SL1.5_H3,VALIDATION,2023-05-10,9107.T,WIN,14.692430956552515,1,,,,,,,,3.698107739138131,1.6721083015720768,62.615682903241385
UP30_SCORE80_NIKKEION_TP4.0_SL1.5_H3,VALIDATION,2023-05-11,7011.T,HOLD,5.395320426312534,3,,,,,,,,2.1934996524668904,2.628737662337662,62.58737291544723
UP30_SCORE80_NIKKEION_TP4.0_SL1.5_H3,VALIDATION,2023-05-12,5406.T,WIN,14.7774279492782,1,,,,,,,,3.719356987319548,5.052158085537815,68.63672427624891
UP30_SCORE80_NIKKEION_TP4.0_SL1.5_H3,VALIDATION,2023-05-15,5406.T,WIN,15.190200268377263,1,,,,,,,,3.8225500670943178,1.7922546424440156,68.83347968195596
UP30_SCORE80_NIKKEION_TP4.0_SL1.5_H3,VALIDATION,2023-05-16,4188.T,WIN,5.3280433432912115,1,,,,,,,,1.3570108358228028,1.900617460813976,63.985237751869725
UP30_SCORE80_NIKKEION_TP4.0_SL1.5_H3,VALIDATION,2023-07-03,5301.T,WIN,9.390329195579438,1,,,,,,,,2.3725822988948613,1.6841448882477126,76.76292337832162
UP30_SCORE80_NIKKEION_TP4.0_SL1.5_H3,VALIDATION,2023-07-05,9107.T,WIN,14.099894365295073,1,,,,,,,,3.5499735913237704,2.150751782310317,69.97459032079043
UP30_SCORE80_NIKKEION_TP4.0_SL1.5_H3,VALIDATION,2023-07-28,8308.T,WIN,9.80571697298499,1,,,,,,,,2.4764292432462476,2.992813465952988,69.19508666855869
UP30_SCORE80_NIKKEION_TP4.0_SL1.5_H3,VALIDATION,2023-07-31,8308.T,TIMEOUT_LOSS,-1.2452531699781444,3,,,,,,,,2.5763241790336844,1.9173748312925836,71.9207173897711
UP30_SCORE80_NIKKEION_TP4.0_SL1.5_H3,VALIDATION,2023-08-01,6976.T,HOLD,1.8693882072037593,3,,,,,,,,2.606764674052127,2.1396985671851048,57.50048021808944
UP30_SCORE80_NIKKEION_TP4.0_SL1.5_H3,VALIDATION,2023-08-29,9501.T,TIMEOUT_LOSS,-2.143950752030588,3,,,,,,,,3.1402072969105355,2.2716801360357546,73.52136944851513
UP30_SCORE80_NIKKEION_TP4.0_SL1.5_H3,VALIDATION,2023-09-08,7532.T,LOSS,-3.933486275199749,1,,,,,,,,2.657533706705184,1.5087604957949283,59.8378595415099
UP30_SCORE80_NIKKEION_TP4.0_SL1.5_H3,VALIDATION,2023-09-11,8308.T,LOSS,-3.5611044776011735,1,,,,,,,,2.390127805566289,1.665899299127487,79.10878705380313
UP30_SCORE80_NIKKEION_TP4.0_SL1.5_H3,VALIDATION,2023-09-12,8316.T,LOSS,-2.720240681213948,1,,,,,,,,1.7938297784150459,1.6274642753207946,80.10973378734327
UP30_SCORE80_NIKKEION_TP4.0_SL1.5_H3,VALIDATION,2023-09-13,8306.T,LOSS,-3.0460375239127258,1,,,,,,,,2.0236422767650737,1.6494697326543106,80.85596893501176
UP30_SCORE80_NIKKEION_TP4.0_SL1.5_H3,VALIDATION,2023-11-13,2501.T,LOSS,-3.5281760303338516,1,,,,,,,,2.3665812583255104,2.601058336455944,83.63371851723367
UP30_SCORE80_NIKKEION_TP4.0_SL1.5_H3,VALIDATION,2023-12-29,7974.T,WIN,6.475700861620315,3,,,,,,,,1.643925215405077,1.9467622373338236,74.74645526007333
UP30_SCORE80_NIKKEION_TP4.0_SL1.5_H3,VALIDATION,2024-01-05,8601.T,WIN,8.740718075418153,1,,,,,,,,2.210179518854538,1.680065341212715,65.83317514015158
UP30_SCORE80_NIKKEION_TP4.0_SL1.5_H3,VALIDATION,2024-01-18,7735.T,WIN,12.481905500689782,2,,,,,,,,3.1454763751724477,1.92320418278728,75.52852009430023
UP30_SCORE80_NIKKEION_TP4.0_SL1.5_H3,VALIDATION,2024-03-05,6146.T,TIMEOUT_LOSS,-0.5588255963961396,3,,,,,,,,3.284602928557382,2.1800391194636752,80.50298701119084
UP30_SCORE80_NIKKEION_TP4.0_SL1.5_H3,VALIDATION,2024-03-06,1802.T,WIN,11.318061468907826,2,,,,,,,,2.8545153672269548,2.554199432260858,85.31838469532941
UP30_SCORE80_NIKKEION_TP4.0_SL1.5_H3,VALIDATION,2024-03-07,7012.T,TIMEOUT_LOSS,-1.3340755048777408,3,,,,,,,,3.210564756415324,3.000958757164228,86.42904059170691
UP30_SCORE80_NIKKEION_TP4.0_SL1.5_H3,VALIDATION,2024-03-21,8804.T,HOLD,8.89775024998759,3,,,,,,,,2.923745961515685,1.69173223588183,67.93402062292945
UP30_SCORE80_NIKKEION_TP4.0_SL1.5_H3,VALIDATION,2024-03-22,3099.T,HOLD,6.877494385247552,3,,,,,,,,2.453948221491993,1.5707909104979727,81.63333499499859
UP30_SCORE80_NIKKEION_TP4.0_SL1.5_H3,VALIDATION,2024-03-25,5631.T,WIN,10.674305677224948,2,,,,,,,,2.693576419306239,1.9978760576890136,78.08170396611129
UP30_SCORE80_NIKKEION_TP4.0_SL1.5_H3,VALIDATION,2024-03-26,6504.T,HOLD,4.84654585282166,3,,,,,,,,2.8262976686388814,1.7303010510064722,74.90764016864891
UP30_SCORE80_NIKKEION_TP4.0_SL1.5_H3,VALIDATION,2024-03-27,8308.T,HOLD,0.41721946829534906,3,,,,,,,,3.0733363442166413,1.5960925826296606,69.621051993328
UP30_SCORE80_NIKKEION_TP4.0_SL1.5_H3,VALIDATION,2024-03-28,9501.T,TIMEOUT_LOSS,-1.4722540245678761,3,,,,,,,,4.639511584038658,1.535695399259651,61.44666417260486
UP30_SCORE80_NIKKEION_TP4.0_SL1.5_H3,VALIDATION,2024-05-14,5801.T,HOLD,2.2820223552854624,3,,,,,,,,3.3266977409723695,4.547126157516055,78.26401062449611
UP30_SCORE80_NIKKEION_TP4.0_SL1.5_H3,VALIDATION,2024-05-15,5101.T,LOSS,-4.660353101611292,1,,,,,,,,3.185505709499344,2.1531057837982357,57.67965645377095
UP30_SCORE80_NIKKEION_TP4.0_SL1.5_H3,VALIDATION,2024-05-30,8331.T,LOSS,-3.3601733118749366,1,,,,,,,,2.2466950262275853,1.6671299042083123,76.98906772721455
UP30_SCORE80_NIKKEION_TP4.0_SL1.5_H3,VALIDATION,2024-07-05,7011.T,LOSS,-5.084346280425045,3,,,,,,,,3.3228975202833633,2.5582053497235537,86.65930019007098
UP30_SCORE80_NIKKEION_TP4.0_SL1.5_H3,VALIDATION,2024-07-08,7011.T,LOSS,-5.239764086422937,2,,,,,,,,3.4265093909486253,1.7619016094335518,86.88149005846999
UP30_SCORE80_NIKKEION_TP4.0_SL1.5_H3,VALIDATION,2024-07-09,5803.T,TIMEOUT_LOSS,-0.5020352086310463,3,,,,,,,,3.809966458306757,3.0971420165153285,65.1673118563374
UP30_SCORE80_NIKKEION_TP4.0_SL1.5_H3,VALIDATION,2024-07-10,5803.T,TIMEOUT_LOSS,-2.3216796953875796,3,,,,,,,,3.7783164995058183,1.977109990603468,67.32339376466534
UP30_SCORE80_NIKKEION_TP4.0_SL1.5_H3,VALIDATION,2024-07-12,4519.T,HOLD,0.13311846210201103,3,,,,,,,,2.4175399406305127,1.5207411706833838,76.8046823943933
UP30_SCORE80_NIKKEION_TP4.0_SL1.5_H3,VALIDATION,2024-07-16,6976.T,HOLD,5.223364293422395,3,,,,,,,,3.5256413216273375,1.7389526651481166,77.39298849461471
UP30_SCORE80_NIKKEION_TP4.0_SL1.5_H3,VALIDATION,2024-09-05,6532.T,LOSS,-4.829374874786984,1,,,,,,,,3.3094320301220614,1.812501141948804,65.73803228477507
UP30_SCORE80_NIKKEION_TP4.0_SL1.5_H3,VALIDATION,2024-11-07,7013.T,HOLD,1.2587562963110144,3,,,,,,,,4.814901131833723,2.2527265778296126,70.02433857866997
UP30_SCORE80_NIKKEION_TP4.0_SL1.5_H3,VALIDATION,2024-11-08,7012.T,LOSS,-6.751330692524359,3,,,,,,,,4.434220461682906,3.200205529096764,69.90419704592867
UP30_SCORE80_NIKKEION_TP4.0_SL1.5_H3,VALIDATION,2024-11-11,5803.T,TIMEOUT_LOSS,-2.420324839515642,3,,,,,,,,5.599984000136319,1.7857249601142264,64.76170419168966
UP30_SCORE80_NIKKEION_TP4.0_SL1.5_H3,VALIDATION,2024-11-12,5801.T,HOLD,9.229748967881969,3,,,,,,,,4.212795453398469,5.95992017197373,85.57524419496607
UP25_SCORE80_NIKKEION_TP3.5_SL1.5_H5,VALIDATION,2022-08-24,7733.T,HOLD,1.874223737416647,5,,,,,,,,2.487512480075919,1.8547560940531955,65.51391763203654
UP25_SCORE80_NIKKEION_TP3.5_SL1.5_H5,VALIDATION,2022-08-25,7004.T,WIN,8.659482124574557,1,,,,,,,,2.502709178449873,1.68890419213222,64.82502886936872
UP25_SCORE80_NIKKEION_TP3.5_SL1.5_H5,VALIDATION,2022-11-04,8001.T,LOSS,-2.9231046373037195,1,,,,,,,,1.936746127953537,1.839102301394961,63.42202249431198
UP25_SCORE80_NIKKEION_TP3.5_SL1.5_H5,VALIDATION,2022-11-10,2501.T,LOSS,-3.3884485008360055,1,,,,,,,,2.266842964024092,2.343872605585045,78.05644952602152
UP25_SCORE80_NIKKEION_TP3.5_SL1.5_H5,VALIDATION,2022-11-30,9434.T,WIN,3.246309066619235,1,,,,,,,,0.9560883047483518,2.4663342776889188,58.10727871196465
UP25_SCORE80_NIKKEION_TP3.5_SL1.5_H5,VALIDATION,2022-12-01,4523.T,WIN,12.993618305157339,2,,,,,,,,3.7410338014735256,3.726731040440298,67.15517263840277
UP25_SCORE80_NIKKEION_TP3.5_SL1.5_H5,VALIDATION,2023-02-01,2768.T,LOSS,-2.2170371244601528,1,,,,,,,,1.4418832874603549,1.59628603672925,61.67016112861338
UP25_SCORE80_NIKKEION_TP3.5_SL1.5_H5,VALIDATION,2023-02-17,5233.T,LOSS,-3.2764123564170244,1,,,,,,,,2.1870788814461806,2.0514057799458647,79.34823879636357
UP25_SCORE80_NIKKEION_TP3.5_SL1.5_H5,VALIDATION,2023-02-21,5101.T,WIN,9.063655681934424,1,,,,,,,,2.6181873376955505,3.43627562267025,86.43660675284961
UP25_SCORE80_NIKKEION_TP3.5_SL1.5_H5,VALIDATION,2023-03-03,5406.T,WIN,9.60137047351467,1,,,,,,,,2.771820135289908,1.857140360382404,87.09433998237975
UP25_SCORE80_NIKKEION_TP3.5_SL1.5_H5,VALIDATION,2023-03-06,5406.T,WIN,9.590422756537288,1,,,,,,,,2.768692216153508,1.502203260570827,87.66789665700449
UP25_SCORE80_NIKKEION_TP3.5_SL1.5_H5,VALIDATION,2023-03-07,5406.T,WIN,9.838759854621005,1,,,,,,,,2.8396456727488584,2.0701893640139404,90.18696901800902
UP25_SCORE80_NIKKEION_TP3.5_SL1.5_H5,VALIDATION,2023-03-08,6472.T,WIN,8.774131461873436,1,,,,,,,,2.535466131963841,1.5964971261163212,80.32679424160867
UP25_SCORE80_NIKKEION_TP3.5_SL1.5_H5,VALIDATION,2023-03-09,6472.T,WIN,8.846430099275738,1,,,,,,,,2.5561228855073503,2.0280835938094106,81.64248124982342
UP25_SCORE80_NIKKEION_TP3.5_SL1.5_H5,VALIDATION,2023-03-30,9107.T,WIN,11.874626403568856,1,,,,,,,,3.4213218295911028,2.956640384017868,67.71212740707429
UP25_SCORE80_NIKKEION_TP3.5_SL1.5_H5,VALIDATION,2023-03-31,7735.T,HOLD,0.6192904128771494,5,,,,,,,,2.5391231063714175,1.7645630331178097,71.61649211053447
UP25_SCORE80_NIKKEION_TP3.5_SL1.5_H5,VALIDATION,2023-04-03,6361.T,HOLD,0.6095384103499081,5,,,,,,,,2.384753810496683,1.789481559063365,70.6068253998211
UP25_SCORE80_NIKKEION_TP3.5_SL1.5_H5,VALIDATION,2023-04-04,6501.T,HOLD,1.8034648977516388,5,,,,,,,,2.0304261745622165,1.5221769100292324,70.37175256557059
UP25_SCORE80_NIKKEION_TP3.5_SL1.5_H5,VALIDATION,2023-04-05,7453.T,HOLD,6.252015345611362,5,,,,,,,,2.549078700278436,2.2329253812711656,54.85035368390627
UP25_SCORE80_NIKKEION_TP3.5_SL1.5_H5,VALIDATION,2023-04-11,9009.T,HOLD,4.608478010535289,5,,,,,,,,1.9900095906876618,1.6478328517448322,79.14396561216782
UP25_SCORE80_NIKKEION_TP3.5_SL1.5_H5,VALIDATION,2023-04-12,3086.T,WIN,8.473295069973064,1,,,,,,,,2.4495128771351586,2.600409263552136,65.77527308898344
UP25_SCORE80_NIKKEION_TP3.5_SL1.5_H5,VALIDATION,2023-04-13,7453.T,HOLD,1.4215390576093223,5,,,,,,,,2.575211037043294,1.6011953311443716,59.13648388012189
UP25_SCORE80_NIKKEION_TP3.5_SL1.5_H5,VALIDATION,2023-04-14,3697.T,TIMEOUT_LOSS,-4.784850298928888,5,,,,,,,,4.121031231711458,1.8575489819439108,70.5419742753867
UP25_SCORE80_NIKKEION_TP3.5_SL1.5_H5,VALIDATION,2023-04-17,6752.T,WIN,6.853163951123554,1,,,,,,,,1.9866182717495888,1.8304620405232623,71.88274667672724
UP25_SCORE80_NIKKEION_TP3.5_SL1.5_H5,VALIDATION,2023-04-19,8253.T,WIN,6.8967269432276606,1,,,,,,,,1.9990648409221896,1.624354060885152,71.01284289908423
UP25_SCORE80_NIKKEION_TP3.5_SL1.5_H5,VALIDATION,2023-04-20,3099.T,WIN,7.97065898705115,3,,,,,,,,2.3059025677288973,1.6848464507467695,64.50758913098556
UP25_SCORE80_NIKKEION_TP3.5_SL1.5_H5,VALIDATION,2023-04-21,6146.T,LOSS,-4.493504602149278,3,,,,,,,,2.9290030680995187,4.820541702933798,75.78560698122133
UP25_SCORE80_NIKKEION_TP3.5_SL1.5_H5,VALIDATION,2023-04-24,9202.T,WIN,4.872682484096147,1,,,,,,,,1.4207664240274718,3.269837442481966,70.44491341213703
UP25_SCORE80_NIKKEION_TP3.5_SL1.5_H5,VALIDATION,2023-04-25,6503.T,WIN,5.968434276103574,3,,,,,,,,1.733838364601022,2.155498593594048,79.72493429343518
UP25_SCORE80_NIKKEION_TP3.5_SL1.5_H5,VALIDATION,2023-04-26,1803.T,WIN,6.789852849899314,1,,,,,,,,1.9685293856855173,6.0865440632331405,73.83107527961079
UP25_SCORE80_NIKKEION_TP3.5_SL1.5_H5,VALIDATION,2023-04-27,6473.T,WIN,6.817593959674595,1,,,,,,,,1.9764554170498865,2.898426338292784,67.10946758818605
UP25_SCORE80_NIKKEION_TP3.5_SL1.5_H5,VALIDATION,2023-04-28,8801.T,WIN,5.472167483422486,1,,,,,,,,1.5920478524064234,2.3953025670888533,79.12301899170511
UP25_SCORE80_NIKKEION_TP3.5_SL1.5_H5,VALIDATION,2023-05-01,7011.T,WIN,5.666179231802826,4,,,,,,,,1.6474797805150931,1.631766868235908,66.13065535678693
UP25_SCORE80_NIKKEION_TP3.5_SL1.5_H5,VALIDATION,2023-05-09,5401.T,WIN,7.6815329628745825,1,,,,,,,,2.2232951322498806,2.4216348728935766,63.075672705376185
UP25_SCORE80_NIKKEION_TP3.5_SL1.5_H5,VALIDATION,2023-05-10,9107.T,WIN,12.843377086983454,1,,,,,,,,3.698107739138131,1.6721083015720768,62.615682903241385
UP25_SCORE80_NIKKEION_TP3.5_SL1.5_H5,VALIDATION,2023-05-11,7011.T,HOLD,6.344848684124938,5,,,,,,,,2.1934996524668904,2.628737662337662,62.58737291544723
UP25_SCORE80_NIKKEION_TP3.5_SL1.5_H5,VALIDATION,2023-05-12,5406.T,WIN,12.917749455618422,1,,,,,,,,3.719356987319548,5.052158085537815,68.63672427624891
UP25_SCORE80_NIKKEION_TP3.5_SL1.5_H5,VALIDATION,2023-05-15,5406.T,WIN,13.278925234830108,1,,,,,,,,3.8225500670943178,1.7922546424440156,68.83347968195596
UP25_SCORE80_NIKKEION_TP3.5_SL1.5_H5,VALIDATION,2023-05-16,4188.T,WIN,4.649537925379821,1,,,,,,,,1.3570108358228028,1.900617460813976,63.985237751869725
UP25_SCORE80_NIKKEION_TP3.5_SL1.5_H5,VALIDATION,2023-07-03,5301.T,WIN,8.204038046132023,1,,,,,,,,2.3725822988948613,1.6841448882477126,76.76292337832162
UP25_SCORE80_NIKKEION_TP3.5_SL1.5_H5,VALIDATION,2023-07-05,9107.T,WIN,12.324907569633192,1,,,,,,,,3.5499735913237704,2.150751782310317,69.97459032079043
UP25_SCORE80_NIKKEION_TP3.5_SL1.5_H5,VALIDATION,2023-07-28,8308.T,WIN,8.567502351361867,1,,,,,,,,2.4764292432462476,2.992813465952988,69.19508666855869
UP25_SCORE80_NIKKEION_TP3.5_SL1.5_H5,VALIDATION,2023-07-31,8308.T,HOLD,1.5339633821296217,5,,,,,,,,2.5763241790336844,1.9173748312925836,71.9207173897711
UP25_SCORE80_NIKKEION_TP3.5_SL1.5_H5,VALIDATION,2023-08-01,6976.T,HOLD,2.042932023748978,5,,,,,,,,2.606764674052127,2.1396985671851048,57.50048021808944
UP25_SCORE80_NIKKEION_TP3.5_SL1.5_H5,VALIDATION,2023-08-29,9501.T,TIMEOUT_LOSS,-2.9891943200067495,5,,,,,,,,3.1402072969105355,2.2716801360357546,73.52136944851513
UP25_SCORE80_NIKKEION_TP3.5_SL1.5_H5,VALIDATION,2023-09-08,7532.T,LOSS,-3.933486275199749,1,,,,,,,,2.657533706705184,1.5087604957949283,59.8378595415099
UP25_SCORE80_NIKKEION_TP3.5_SL1.5_H5,VALIDATION,2023-09-11,8308.T,LOSS,-3.5611044776011735,1,,,,,,,,2.390127805566289,1.665899299127487,79.10878705380313
UP25_SCORE80_NIKKEION_TP3.5_SL1.5_H5,VALIDATION,2023-09-12,8316.T,LOSS,-2.720240681213948,1,,,,,,,,1.7938297784150459,1.6274642753207946,80.10973378734327
UP25_SCORE80_NIKKEION_TP3.5_SL1.5_H5,VALIDATION,2023-09-13,8306.T,LOSS,-3.0460375239127258,1,,,,,,,,2.0236422767650737,1.6494697326543106,80.85596893501176
UP25_SCORE80_NIKKEION_TP3.5_SL1.5_H5,VALIDATION,2023-11-13,2501.T,LOSS,-3.5281760303338516,1,,,,,,,,2.3665812583255104,2.601058336455944,83.63371851723367
UP25_SCORE80_NIKKEION_TP3.5_SL1.5_H5,VALIDATION,2023-12-29,7974.T,WIN,5.653738253917762,3,,,,,,,,1.643925215405077,1.9467622373338236,74.74645526007333
UP25_SCORE80_NIKKEION_TP3.5_SL1.5_H5,VALIDATION,2024-01-05,8601.T,WIN,7.635628315990884,1,,,,,,,,2.210179518854538,1.680065341212715,65.83317514015158
UP25_SCORE80_NIKKEION_TP3.5_SL1.5_H5,VALIDATION,2024-01-18,7735.T,WIN,10.909167313103575,1,,,,,,,,3.1454763751724477,1.92320418278728,75.52852009430023
UP25_SCORE80_NIKKEION_TP3.5_SL1.5_H5,VALIDATION,2024-03-05,6146.T,LOSS,-5.026904392836073,4,,,,,,,,3.284602928557382,2.1800391194636752,80.50298701119084
UP25_SCORE80_NIKKEION_TP3.5_SL1.5_H5,VALIDATION,2024-03-06,1802.T,WIN,9.890803785294333,1,,,,,,,,2.8545153672269548,2.554199432260858,85.31838469532941
UP25_SCORE80_NIKKEION_TP3.5_SL1.5_H5,VALIDATION,2024-03-07,7012.T,TIMEOUT_LOSS,-0.7063665415295682,5,,,,,,,,3.210564756415324,3.000958757164228,86.42904059170691
UP25_SCORE80_NIKKEION_TP3.5_SL1.5_H5,VALIDATION,2024-03-21,8804.T,WIN,10.133110865304895,1,,,,,,,,2.923745961515685,1.69173223588183,67.93402062292945
UP25_SCORE80_NIKKEION_TP3.5_SL1.5_H5,VALIDATION,2024-03-22,3099.T,HOLD,7.026963938280828,5,,,,,,,,2.453948221491993,1.5707909104979727,81.63333499499859
UP25_SCORE80_NIKKEION_TP3.5_SL1.5_H5,VALIDATION,2024-03-25,5631.T,WIN,9.327517467571845,2,,,,,,,,2.693576419306239,1.9978760576890136,78.08170396611129
UP25_SCORE80_NIKKEION_TP3.5_SL1.5_H5,VALIDATION,2024-03-26,6504.T,HOLD,3.1571624317762503,5,,,,,,,,2.8262976686388814,1.7303010510064722,74.90764016864891
UP25_SCORE80_NIKKEION_TP3.5_SL1.5_H5,VALIDATION,2024-03-27,8308.T,HOLD,1.7987886395769315,5,,,,,,,,3.0733363442166413,1.5960925826296606,69.621051993328
UP25_SCORE80_NIKKEION_TP3.5_SL1.5_H5,VALIDATION,2024-03-28,9501.T,HOLD,10.17009219552335,5,,,,,,,,4.639511584038658,1.535695399259651,61.44666417260486
UP25_SCORE80_NIKKEION_TP3.5_SL1.5_H5,VALIDATION,2024-05-14,5801.T,HOLD,0.8001135923499382,5,,,,,,,,3.3266977409723695,4.547126157516055,78.26401062449611
UP25_SCORE80_NIKKEION_TP3.5_SL1.5_H5,VALIDATION,2024-05-15,5101.T,LOSS,-4.660353101611292,1,,,,,,,,3.185505709499344,2.1531057837982357,57.67965645377095
UP25_SCORE80_NIKKEION_TP3.5_SL1.5_H5,VALIDATION,2024-05-30,8331.T,LOSS,-3.3601733118749366,1,,,,,,,,2.2466950262275853,1.6671299042083123,76.98906772721455
UP25_SCORE80_NIKKEION_TP3.5_SL1.5_H5,VALIDATION,2024-07-05,7011.T,LOSS,-5.084346280425045,3,,,,,,,,3.3228975202833633,2.5582053497235537,86.65930019007098
UP25_SCORE80_NIKKEION_TP3.5_SL1.5_H5,VALIDATION,2024-07-08,7011.T,LOSS,-5.239764086422937,2,,,,,,,,3.4265093909486253,1.7619016094335518,86.88149005846999
UP25_SCORE80_NIKKEION_TP3.5_SL1.5_H5,VALIDATION,2024-07-09,5803.T,TIMEOUT_LOSS,-1.340758537873088,5,,,,,,,,3.809966458306757,3.0971420165153285,65.1673118563374
UP25_SCORE80_NIKKEION_TP3.5_SL1.5_H5,VALIDATION,2024-07-10,5803.T,LOSS,-5.767474749258727,5,,,,,,,,3.7783164995058183,1.977109990603468,67.32339376466534
UP25_SCORE80_NIKKEION_TP3.5_SL1.5_H5,VALIDATION,2024-07-12,4519.T,TIMEOUT_LOSS,-0.7715428109973498,5,,,,,,,,2.4175399406305127,1.5207411706833838,76.8046823943933
UP25_SCORE80_NIKKEION_TP3.5_SL1.5_H5,VALIDATION,2024-07-16,6976.T,HOLD,0.47414635042289943,5,,,,,,,,3.5256413216273375,1.7389526651481166,77.39298849461471
UP25_SCORE80_NIKKEION_TP3.5_SL1.5_H5,VALIDATION,2024-09-05,6532.T,LOSS,-4.829374874786984,1,,,,,,,,3.3094320301220614,1.812501141948804,65.73803228477507
UP25_SCORE80_NIKKEION_TP3.5_SL1.5_H5,VALIDATION,2024-11-07,7013.T,TIMEOUT_LOSS,-1.5461499464642814,5,,,,,,,,4.814901131833723,2.2527265778296126,70.02433857866997
UP25_SCORE80_NIKKEION_TP3.5_SL1.5_H5,VALIDATION,2024-11-08,7012.T,LOSS,-6.751330692524359,3,,,,,,,,4.434220461682906,3.200205529096764,69.90419704592867
UP25_SCORE80_NIKKEION_TP3.5_SL1.5_H5,VALIDATION,2024-11-11,5803.T,LOSS,-8.499976000204478,5,,,,,,,,5.599984000136319,1.7857249601142264,64.76170419168966
UP25_SCORE80_NIKKEION_TP3.5_SL1.5_H5,VALIDATION,2024-11-12,5801.T,HOLD,9.880624475002497,5,,,,,,,,4.212795453398469,5.95992017197373,85.57524419496607
UP30_SCORE80_NIKKEION_TP3.5_SL1.5_H5,VALIDATION,2022-08-24,7733.T,HOLD,1.874223737416647,5,,,,,,,,2.487512480075919,1.8547560940531955,65.51391763203654
UP30_SCORE80_NIKKEION_TP3.5_SL1.5_H5,VALIDATION,2022-08-25,7004.T,WIN,8.659482124574557,1,,,,,,,,2.502709178449873,1.68890419213222,64.82502886936872
UP30_SCORE80_NIKKEION_TP3.5_SL1.5_H5,VALIDATION,2022-11-04,8001.T,LOSS,-2.9231046373037195,1,,,,,,,,1.936746127953537,1.839102301394961,63.42202249431198
UP30_SCORE80_NIKKEION_TP3.5_SL1.5_H5,VALIDATION,2022-11-10,2501.T,LOSS,-3.3884485008360055,1,,,,,,,,2.266842964024092,2.343872605585045,78.05644952602152
UP30_SCORE80_NIKKEION_TP3.5_SL1.5_H5,VALIDATION,2022-11-30,9434.T,WIN,3.246309066619235,1,,,,,,,,0.9560883047483518,2.4663342776889188,58.10727871196465
UP30_SCORE80_NIKKEION_TP3.5_SL1.5_H5,VALIDATION,2022-12-01,4523.T,WIN,12.993618305157339,2,,,,,,,,3.7410338014735256,3.726731040440298,67.15517263840277
UP30_SCORE80_NIKKEION_TP3.5_SL1.5_H5,VALIDATION,2023-02-01,2768.T,LOSS,-2.2170371244601528,1,,,,,,,,1.4418832874603549,1.59628603672925,61.67016112861338
UP30_SCORE80_NIKKEION_TP3.5_SL1.5_H5,VALIDATION,2023-02-17,5233.T,LOSS,-3.2764123564170244,1,,,,,,,,2.1870788814461806,2.0514057799458647,79.34823879636357
UP30_SCORE80_NIKKEION_TP3.5_SL1.5_H5,VALIDATION,2023-02-21,5101.T,WIN,9.063655681934424,1,,,,,,,,2.6181873376955505,3.43627562267025,86.43660675284961
UP30_SCORE80_NIKKEION_TP3.5_SL1.5_H5,VALIDATION,2023-03-03,5406.T,WIN,9.60137047351467,1,,,,,,,,2.771820135289908,1.857140360382404,87.09433998237975
UP30_SCORE80_NIKKEION_TP3.5_SL1.5_H5,VALIDATION,2023-03-06,5406.T,WIN,9.590422756537288,1,,,,,,,,2.768692216153508,1.502203260570827,87.66789665700449
UP30_SCORE80_NIKKEION_TP3.5_SL1.5_H5,VALIDATION,2023-03-07,5406.T,WIN,9.838759854621005,1,,,,,,,,2.8396456727488584,2.0701893640139404,90.18696901800902
UP30_SCORE80_NIKKEION_TP3.5_SL1.5_H5,VALIDATION,2023-03-08,6472.T,WIN,8.774131461873436,1,,,,,,,,2.535466131963841,1.5964971261163212,80.32679424160867
UP30_SCORE80_NIKKEION_TP3.5_SL1.5_H5,VALIDATION,2023-03-09,6472.T,WIN,8.846430099275738,1,,,,,,,,2.5561228855073503,2.0280835938094106,81.64248124982342
UP30_SCORE80_NIKKEION_TP3.5_SL1.5_H5,VALIDATION,2023-03-30,9107.T,WIN,11.874626403568856,1,,,,,,,,3.4213218295911028,2.956640384017868,67.71212740707429
UP30_SCORE80_NIKKEION_TP3.5_SL1.5_H5,VALIDATION,2023-03-31,7735.T,HOLD,0.6192904128771494,5,,,,,,,,2.5391231063714175,1.7645630331178097,71.61649211053447
UP30_SCORE80_NIKKEION_TP3.5_SL1.5_H5,VALIDATION,2023-04-03,6361.T,HOLD,0.6095384103499081,5,,,,,,,,2.384753810496683,1.789481559063365,70.6068253998211
UP30_SCORE80_NIKKEION_TP3.5_SL1.5_H5,VALIDATION,2023-04-04,6501.T,HOLD,1.8034648977516388,5,,,,,,,,2.0304261745622165,1.5221769100292324,70.37175256557059
UP30_SCORE80_NIKKEION_TP3.5_SL1.5_H5,VALIDATION,2023-04-05,7453.T,HOLD,6.252015345611362,5,,,,,,,,2.549078700278436,2.2329253812711656,54.85035368390627
UP30_SCORE80_NIKKEION_TP3.5_SL1.5_H5,VALIDATION,2023-04-11,9009.T,HOLD,4.608478010535289,5,,,,,,,,1.9900095906876618,1.6478328517448322,79.14396561216782
UP30_SCORE80_NIKKEION_TP3.5_SL1.5_H5,VALIDATION,2023-04-12,3086.T,WIN,8.473295069973064,1,,,,,,,,2.4495128771351586,2.600409263552136,65.77527308898344
UP30_SCORE80_NIKKEION_TP3.5_SL1.5_H5,VALIDATION,2023-04-13,7453.T,HOLD,1.4215390576093223,5,,,,,,,,2.575211037043294,1.6011953311443716,59.13648388012189
UP30_SCORE80_NIKKEION_TP3.5_SL1.5_H5,VALIDATION,2023-04-14,3697.T,TIMEOUT_LOSS,-4.784850298928888,5,,,,,,,,4.121031231711458,1.8575489819439108,70.5419742753867
UP30_SCORE80_NIKKEION_TP3.5_SL1.5_H5,VALIDATION,2023-04-17,6752.T,WIN,6.853163951123554,1,,,,,,,,1.9866182717495888,1.8304620405232623,71.88274667672724
UP30_SCORE80_NIKKEION_TP3.5_SL1.5_H5,VALIDATION,2023-04-19,8253.T,WIN,6.8967269432276606,1,,,,,,,,1.9990648409221896,1.624354060885152,71.01284289908423
UP30_SCORE80_NIKKEION_TP3.5_SL1.5_H5,VALIDATION,2023-04-20,3099.T,WIN,7.97065898705115,3,,,,,,,,2.3059025677288973,1.6848464507467695,64.50758913098556
UP30_SCORE80_NIKKEION_TP3.5_SL1.5_H5,VALIDATION,2023-04-21,6146.T,LOSS,-4.493504602149278,3,,,,,,,,2.9290030680995187,4.820541702933798,75.78560698122133
UP30_SCORE80_NIKKEION_TP3.5_SL1.5_H5,VALIDATION,2023-04-24,9202.T,WIN,4.872682484096147,1,,,,,,,,1.4207664240274718,3.269837442481966,70.44491341213703
UP30_SCORE80_NIKKEION_TP3.5_SL1.5_H5,VALIDATION,2023-04-25,6503.T,WIN,5.968434276103574,3,,,,,,,,1.733838364601022,2.155498593594048,79.72493429343518
UP30_SCORE80_NIKKEION_TP3.5_SL1.5_H5,VALIDATION,2023-04-26,1803.T,WIN,6.789852849899314,1,,,,,,,,1.9685293856855173,6.0865440632331405,73.83107527961079
UP30_SCORE80_NIKKEION_TP3.5_SL1.5_H5,VALIDATION,2023-04-27,6473.T,WIN,6.817593959674595,1,,,,,,,,1.9764554170498865,2.898426338292784,67.10946758818605
UP30_SCORE80_NIKKEION_TP3.5_SL1.5_H5,VALIDATION,2023-04-28,8801.T,WIN,5.472167483422486,1,,,,,,,,1.5920478524064234,2.3953025670888533,79.12301899170511
UP30_SCORE80_NIKKEION_TP3.5_SL1.5_H5,VALIDATION,2023-05-01,7011.T,WIN,5.666179231802826,4,,,,,,,,1.6474797805150931,1.631766868235908,66.13065535678693
UP30_SCORE80_NIKKEION_TP3.5_SL1.5_H5,VALIDATION,2023-05-09,5401.T,WIN,7.6815329628745825,1,,,,,,,,2.2232951322498806,2.4216348728935766,63.075672705376185
UP30_SCORE80_NIKKEION_TP3.5_SL1.5_H5,VALIDATION,2023-05-10,9107.T,WIN,12.843377086983454,1,,,,,,,,3.698107739138131,1.6721083015720768,62.615682903241385
UP30_SCORE80_NIKKEION_TP3.5_SL1.5_H5,VALIDATION,2023-05-11,7011.T,HOLD,6.344848684124938,5,,,,,,,,2.1934996524668904,2.628737662337662,62.58737291544723
UP30_SCORE80_NIKKEION_TP3.5_SL1.5_H5,VALIDATION,2023-05-12,5406.T,WIN,12.917749455618422,1,,,,,,,,3.719356987319548,5.052158085537815,68.63672427624891
UP30_SCORE80_NIKKEION_TP3.5_SL1.5_H5,VALIDATION,2023-05-15,5406.T,WIN,13.278925234830108,1,,,,,,,,3.8225500670943178,1.7922546424440156,68.83347968195596
UP30_SCORE80_NIKKEION_TP3.5_SL1.5_H5,VALIDATION,2023-05-16,4188.T,WIN,4.649537925379821,1,,,,,,,,1.3570108358228028,1.900617460813976,63.985237751869725
UP30_SCORE80_NIKKEION_TP3.5_SL1.5_H5,VALIDATION,2023-07-03,5301.T,WIN,8.204038046132023,1,,,,,,,,2.3725822988948613,1.6841448882477126,76.76292337832162
UP30_SCORE80_NIKKEION_TP3.5_SL1.5_H5,VALIDATION,2023-07-05,9107.T,WIN,12.324907569633192,1,,,,,,,,3.5499735913237704,2.150751782310317,69.97459032079043
UP30_SCORE80_NIKKEION_TP3.5_SL1.5_H5,VALIDATION,2023-07-28,8308.T,WIN,8.567502351361867,1,,,,,,,,2.4764292432462476,2.992813465952988,69.19508666855869
UP30_SCORE80_NIKKEION_TP3.5_SL1.5_H5,VALIDATION,2023-07-31,8308.T,HOLD,1.5339633821296217,5,,,,,,,,2.5763241790336844,1.9173748312925836,71.9207173897711
UP30_SCORE80_NIKKEION_TP3.5_SL1.5_H5,VALIDATION,2023-08-01,6976.T,HOLD,2.042932023748978,5,,,,,,,,2.606764674052127,2.1396985671851048,57.50048021808944
UP30_SCORE80_NIKKEION_TP3.5_SL1.5_H5,VALIDATION,2023-08-29,9501.T,TIMEOUT_LOSS,-2.9891943200067495,5,,,,,,,,3.1402072969105355,2.2716801360357546,73.52136944851513
UP30_SCORE80_NIKKEION_TP3.5_SL1.5_H5,VALIDATION,2023-09-08,7532.T,LOSS,-3.933486275199749,1,,,,,,,,2.657533706705184,1.5087604957949283,59.8378595415099
UP30_SCORE80_NIKKEION_TP3.5_SL1.5_H5,VALIDATION,2023-09-11,8308.T,LOSS,-3.5611044776011735,1,,,,,,,,2.390127805566289,1.665899299127487,79.10878705380313
UP30_SCORE80_NIKKEION_TP3.5_SL1.5_H5,VALIDATION,2023-09-12,8316.T,LOSS,-2.720240681213948,1,,,,,,,,1.7938297784150459,1.6274642753207946,80.10973378734327
UP30_SCORE80_NIKKEION_TP3.5_SL1.5_H5,VALIDATION,2023-09-13,8306.T,LOSS,-3.0460375239127258,1,,,,,,,,2.0236422767650737,1.6494697326543106,80.85596893501176
UP30_SCORE80_NIKKEION_TP3.5_SL1.5_H5,VALIDATION,2023-11-13,2501.T,LOSS,-3.5281760303338516,1,,,,,,,,2.3665812583255104,2.601058336455944,83.63371851723367
UP30_SCORE80_NIKKEION_TP3.5_SL1.5_H5,VALIDATION,2023-12-29,7974.T,WIN,5.653738253917762,3,,,,,,,,1.643925215405077,1.9467622373338236,74.74645526007333
UP30_SCORE80_NIKKEION_TP3.5_SL1.5_H5,VALIDATION,2024-01-05,8601.T,WIN,7.635628315990884,1,,,,,,,,2.210179518854538,1.680065341212715,65.83317514015158
UP30_SCORE80_NIKKEION_TP3.5_SL1.5_H5,VALIDATION,2024-01-18,7735.T,WIN,10.909167313103575,1,,,,,,,,3.1454763751724477,1.92320418278728,75.52852009430023
UP30_SCORE80_NIKKEION_TP3.5_SL1.5_H5,VALIDATION,2024-03-05,6146.T,LOSS,-5.026904392836073,4,,,,,,,,3.284602928557382,2.1800391194636752,80.50298701119084
UP30_SCORE80_NIKKEION_TP3.5_SL1.5_H5,VALIDATION,2024-03-06,1802.T,WIN,9.890803785294333,1,,,,,,,,2.8545153672269548,2.554199432260858,85.31838469532941
UP30_SCORE80_NIKKEION_TP3.5_SL1.5_H5,VALIDATION,2024-03-07,7012.T,TIMEOUT_LOSS,-0.7063665415295682,5,,,,,,,,3.210564756415324,3.000958757164228,86.42904059170691
UP30_SCORE80_NIKKEION_TP3.5_SL1.5_H5,VALIDATION,2024-03-21,8804.T,WIN,10.133110865304895,1,,,,,,,,2.923745961515685,1.69173223588183,67.93402062292945
UP30_SCORE80_NIKKEION_TP3.5_SL1.5_H5,VALIDATION,2024-03-22,3099.T,HOLD,7.026963938280828,5,,,,,,,,2.453948221491993,1.5707909104979727,81.63333499499859
UP30_SCORE80_NIKKEION_TP3.5_SL1.5_H5,VALIDATION,2024-03-25,5631.T,WIN,9.327517467571845,2,,,,,,,,2.693576419306239,1.9978760576890136,78.08170396611129
UP30_SCORE80_NIKKEION_TP3.5_SL1.5_H5,VALIDATION,2024-03-26,6504.T,HOLD,3.1571624317762503,5,,,,,,,,2.8262976686388814,1.7303010510064722,74.90764016864891
UP30_SCORE80_NIKKEION_TP3.5_SL1.5_H5,VALIDATION,2024-03-27,8308.T,HOLD,1.7987886395769315,5,,,,,,,,3.0733363442166413,1.5960925826296606,69.621051993328
UP30_SCORE80_NIKKEION_TP3.5_SL1.5_H5,VALIDATION,2024-03-28,9501.T,HOLD,10.17009219552335,5,,,,,,,,4.639511584038658,1.535695399259651,61.44666417260486
UP30_SCORE80_NIKKEION_TP3.5_SL1.5_H5,VALIDATION,2024-05-14,5801.T,HOLD,0.8001135923499382,5,,,,,,,,3.3266977409723695,4.547126157516055,78.26401062449611
UP30_SCORE80_NIKKEION_TP3.5_SL1.5_H5,VALIDATION,2024-05-15,5101.T,LOSS,-4.660353101611292,1,,,,,,,,3.185505709499344,2.1531057837982357,57.67965645377095
UP30_SCORE80_NIKKEION_TP3.5_SL1.5_H5,VALIDATION,2024-05-30,8331.T,LOSS,-3.3601733118749366,1,,,,,,,,2.2466950262275853,1.6671299042083123,76.98906772721455
UP30_SCORE80_NIKKEION_TP3.5_SL1.5_H5,VALIDATION,2024-07-05,7011.T,LOSS,-5.084346280425045,3,,,,,,,,3.3228975202833633,2.5582053497235537,86.65930019007098
UP30_SCORE80_NIKKEION_TP3.5_SL1.5_H5,VALIDATION,2024-07-08,7011.T,LOSS,-5.239764086422937,2,,,,,,,,3.4265093909486253,1.7619016094335518,86.88149005846999
UP30_SCORE80_NIKKEION_TP3.5_SL1.5_H5,VALIDATION,2024-07-09,5803.T,TIMEOUT_LOSS,-1.340758537873088,5,,,,,,,,3.809966458306757,3.0971420165153285,65.1673118563374
UP30_SCORE80_NIKKEION_TP3.5_SL1.5_H5,VALIDATION,2024-07-10,5803.T,LOSS,-5.767474749258727,5,,,,,,,,3.7783164995058183,1.977109990603468,67.32339376466534
UP30_SCORE80_NIKKEION_TP3.5_SL1.5_H5,VALIDATION,2024-07-12,4519.T,TIMEOUT_LOSS,-0.7715428109973498,5,,,,,,,,2.4175399406305127,1.5207411706833838,76.8046823943933
UP30_SCORE80_NIKKEION_TP3.5_SL1.5_H5,VALIDATION,2024-07-16,6976.T,HOLD,0.47414635042289943,5,,,,,,,,3.5256413216273375,1.7389526651481166,77.39298849461471
UP30_SCORE80_NIKKEION_TP3.5_SL1.5_H5,VALIDATION,2024-09-05,6532.T,LOSS,-4.829374874786984,1,,,,,,,,3.3094320301220614,1.812501141948804,65.73803228477507
UP30_SCORE80_NIKKEION_TP3.5_SL1.5_H5,VALIDATION,2024-11-07,7013.T,TIMEOUT_LOSS,-1.5461499464642814,5,,,,,,,,4.814901131833723,2.2527265778296126,70.02433857866997
UP30_SCORE80_NIKKEION_TP3.5_SL1.5_H5,VALIDATION,2024-11-08,7012.T,LOSS,-6.751330692524359,3,,,,,,,,4.434220461682906,3.200205529096764,69.90419704592867
UP30_SCORE80_NIKKEION_TP3.5_SL1.5_H5,VALIDATION,2024-11-11,5803.T,LOSS,-8.499976000204478,5,,,,,,,,5.599984000136319,1.7857249601142264,64.76170419168966
UP30_SCORE80_NIKKEION_TP3.5_SL1.5_H5,VALIDATION,2024-11-12,5801.T,HOLD,9.880624475002497,5,,,,,,,,4.212795453398469,5.95992017197373,85.57524419496607
UP20_SCORE80_NIKKEION_TP3.5_SL1.5_H5,VALIDATION,2022-08-24,7733.T,HOLD,1.874223737416647,5,,,,,,,,2.487512480075919,1.8547560940531955,65.51391763203654
UP20_SCORE80_NIKKEION_TP3.5_SL1.5_H5,VALIDATION,2022-08-25,7004.T,WIN,8.659482124574557,1,,,,,,,,2.502709178449873,1.68890419213222,64.82502886936872
UP20_SCORE80_NIKKEION_TP3.5_SL1.5_H5,VALIDATION,2022-11-04,8001.T,LOSS,-2.9231046373037195,1,,,,,,,,1.936746127953537,1.839102301394961,63.42202249431198
UP20_SCORE80_NIKKEION_TP3.5_SL1.5_H5,VALIDATION,2022-11-10,2501.T,LOSS,-3.3884485008360055,1,,,,,,,,2.266842964024092,2.343872605585045,78.05644952602152
UP20_SCORE80_NIKKEION_TP3.5_SL1.5_H5,VALIDATION,2022-11-30,9434.T,WIN,3.246309066619235,1,,,,,,,,0.9560883047483518,2.4663342776889188,58.10727871196465
UP20_SCORE80_NIKKEION_TP3.5_SL1.5_H5,VALIDATION,2022-12-01,4523.T,WIN,12.993618305157339,2,,,,,,,,3.7410338014735256,3.726731040440298,67.15517263840277
UP20_SCORE80_NIKKEION_TP3.5_SL1.5_H5,VALIDATION,2023-02-01,2768.T,LOSS,-2.2170371244601528,1,,,,,,,,1.4418832874603549,1.59628603672925,61.67016112861338
UP20_SCORE80_NIKKEION_TP3.5_SL1.5_H5,VALIDATION,2023-02-17,5233.T,LOSS,-3.2764123564170244,1,,,,,,,,2.1870788814461806,2.0514057799458647,79.34823879636357
UP20_SCORE80_NIKKEION_TP3.5_SL1.5_H5,VALIDATION,2023-02-21,5101.T,WIN,9.063655681934424,1,,,,,,,,2.6181873376955505,3.43627562267025,86.43660675284961
UP20_SCORE80_NIKKEION_TP3.5_SL1.5_H5,VALIDATION,2023-03-03,5406.T,WIN,9.60137047351467,1,,,,,,,,2.771820135289908,1.857140360382404,87.09433998237975
UP20_SCORE80_NIKKEION_TP3.5_SL1.5_H5,VALIDATION,2023-03-06,5406.T,WIN,9.590422756537288,1,,,,,,,,2.768692216153508,1.502203260570827,87.66789665700449
UP20_SCORE80_NIKKEION_TP3.5_SL1.5_H5,VALIDATION,2023-03-07,5406.T,WIN,9.838759854621005,1,,,,,,,,2.8396456727488584,2.0701893640139404,90.18696901800902
UP20_SCORE80_NIKKEION_TP3.5_SL1.5_H5,VALIDATION,2023-03-08,6472.T,WIN,8.774131461873436,1,,,,,,,,2.535466131963841,1.5964971261163212,80.32679424160867
UP20_SCORE80_NIKKEION_TP3.5_SL1.5_H5,VALIDATION,2023-03-09,6472.T,WIN,8.846430099275738,1,,,,,,,,2.5561228855073503,2.0280835938094106,81.64248124982342
UP20_SCORE80_NIKKEION_TP3.5_SL1.5_H5,VALIDATION,2023-03-30,9107.T,WIN,11.874626403568856,1,,,,,,,,3.4213218295911028,2.956640384017868,67.71212740707429
UP20_SCORE80_NIKKEION_TP3.5_SL1.5_H5,VALIDATION,2023-03-31,7735.T,HOLD,0.6192904128771494,5,,,,,,,,2.5391231063714175,1.7645630331178097,71.61649211053447
UP20_SCORE80_NIKKEION_TP3.5_SL1.5_H5,VALIDATION,2023-04-03,6361.T,HOLD,0.6095384103499081,5,,,,,,,,2.384753810496683,1.789481559063365,70.6068253998211
UP20_SCORE80_NIKKEION_TP3.5_SL1.5_H5,VALIDATION,2023-04-04,6501.T,HOLD,1.8034648977516388,5,,,,,,,,2.0304261745622165,1.5221769100292324,70.37175256557059
UP20_SCORE80_NIKKEION_TP3.5_SL1.5_H5,VALIDATION,2023-04-05,7453.T,HOLD,6.252015345611362,5,,,,,,,,2.549078700278436,2.2329253812711656,54.85035368390627
UP20_SCORE80_NIKKEION_TP3.5_SL1.5_H5,VALIDATION,2023-04-11,9009.T,HOLD,4.608478010535289,5,,,,,,,,1.9900095906876618,1.6478328517448322,79.14396561216782
UP20_SCORE80_NIKKEION_TP3.5_SL1.5_H5,VALIDATION,2023-04-12,3086.T,WIN,8.473295069973064,1,,,,,,,,2.4495128771351586,2.600409263552136,65.77527308898344
UP20_SCORE80_NIKKEION_TP3.5_SL1.5_H5,VALIDATION,2023-04-13,7453.T,HOLD,1.4215390576093223,5,,,,,,,,2.575211037043294,1.6011953311443716,59.13648388012189
UP20_SCORE80_NIKKEION_TP3.5_SL1.5_H5,VALIDATION,2023-04-14,3697.T,TIMEOUT_LOSS,-4.784850298928888,5,,,,,,,,4.121031231711458,1.8575489819439108,70.5419742753867
UP20_SCORE80_NIKKEION_TP3.5_SL1.5_H5,VALIDATION,2023-04-17,6752.T,WIN,6.853163951123554,1,,,,,,,,1.9866182717495888,1.8304620405232623,71.88274667672724
UP20_SCORE80_NIKKEION_TP3.5_SL1.5_H5,VALIDATION,2023-04-19,8253.T,WIN,6.8967269432276606,1,,,,,,,,1.9990648409221896,1.624354060885152,71.01284289908423
UP20_SCORE80_NIKKEION_TP3.5_SL1.5_H5,VALIDATION,2023-04-20,3099.T,WIN,7.97065898705115,3,,,,,,,,2.3059025677288973,1.6848464507467695,64.50758913098556
UP20_SCORE80_NIKKEION_TP3.5_SL1.5_H5,VALIDATION,2023-04-21,6146.T,LOSS,-4.493504602149278,3,,,,,,,,2.9290030680995187,4.820541702933798,75.78560698122133
UP20_SCORE80_NIKKEION_TP3.5_SL1.5_H5,VALIDATION,2023-04-24,9202.T,WIN,4.872682484096147,1,,,,,,,,1.4207664240274718,3.269837442481966,70.44491341213703
UP20_SCORE80_NIKKEION_TP3.5_SL1.5_H5,VALIDATION,2023-04-25,6503.T,WIN,5.968434276103574,3,,,,,,,,1.733838364601022,2.155498593594048,79.72493429343518
UP20_SCORE80_NIKKEION_TP3.5_SL1.5_H5,VALIDATION,2023-04-26,1803.T,WIN,6.789852849899314,1,,,,,,,,1.9685293856855173,6.0865440632331405,73.83107527961079
UP20_SCORE80_NIKKEION_TP3.5_SL1.5_H5,VALIDATION,2023-04-27,6473.T,WIN,6.817593959674595,1,,,,,,,,1.9764554170498865,2.898426338292784,67.10946758818605
UP20_SCORE80_NIKKEION_TP3.5_SL1.5_H5,VALIDATION,2023-04-28,8801.T,WIN,5.472167483422486,1,,,,,,,,1.5920478524064234,2.3953025670888533,79.12301899170511
UP20_SCORE80_NIKKEION_TP3.5_SL1.5_H5,VALIDATION,2023-05-01,7011.T,WIN,5.666179231802826,4,,,,,,,,1.6474797805150931,1.631766868235908,66.13065535678693
UP20_SCORE80_NIKKEION_TP3.5_SL1.5_H5,VALIDATION,2023-05-09,5401.T,WIN,7.6815329628745825,1,,,,,,,,2.2232951322498806,2.4216348728935766,63.075672705376185
UP20_SCORE80_NIKKEION_TP3.5_SL1.5_H5,VALIDATION,2023-05-10,9107.T,WIN,12.843377086983454,1,,,,,,,,3.698107739138131,1.6721083015720768,62.615682903241385
UP20_SCORE80_NIKKEION_TP3.5_SL1.5_H5,VALIDATION,2023-05-11,7011.T,HOLD,6.344848684124938,5,,,,,,,,2.1934996524668904,2.628737662337662,62.58737291544723
UP20_SCORE80_NIKKEION_TP3.5_SL1.5_H5,VALIDATION,2023-05-12,5406.T,WIN,12.917749455618422,1,,,,,,,,3.719356987319548,5.052158085537815,68.63672427624891
UP20_SCORE80_NIKKEION_TP3.5_SL1.5_H5,VALIDATION,2023-05-15,5406.T,WIN,13.278925234830108,1,,,,,,,,3.8225500670943178,1.7922546424440156,68.83347968195596
UP20_SCORE80_NIKKEION_TP3.5_SL1.5_H5,VALIDATION,2023-05-16,4188.T,WIN,4.649537925379821,1,,,,,,,,1.3570108358228028,1.900617460813976,63.985237751869725
UP20_SCORE80_NIKKEION_TP3.5_SL1.5_H5,VALIDATION,2023-07-03,5301.T,WIN,8.204038046132023,1,,,,,,,,2.3725822988948613,1.6841448882477126,76.76292337832162
UP20_SCORE80_NIKKEION_TP3.5_SL1.5_H5,VALIDATION,2023-07-05,9107.T,WIN,12.324907569633192,1,,,,,,,,3.5499735913237704,2.150751782310317,69.97459032079043
UP20_SCORE80_NIKKEION_TP3.5_SL1.5_H5,VALIDATION,2023-07-28,8308.T,WIN,8.567502351361867,1,,,,,,,,2.4764292432462476,2.992813465952988,69.19508666855869
UP20_SCORE80_NIKKEION_TP3.5_SL1.5_H5,VALIDATION,2023-07-31,8308.T,HOLD,1.5339633821296217,5,,,,,,,,2.5763241790336844,1.9173748312925836,71.9207173897711
UP20_SCORE80_NIKKEION_TP3.5_SL1.5_H5,VALIDATION,2023-08-01,6976.T,HOLD,2.042932023748978,5,,,,,,,,2.606764674052127,2.1396985671851048,57.50048021808944
UP20_SCORE80_NIKKEION_TP3.5_SL1.5_H5,VALIDATION,2023-08-29,9501.T,TIMEOUT_LOSS,-2.9891943200067495,5,,,,,,,,3.1402072969105355,2.2716801360357546,73.52136944851513
UP20_SCORE80_NIKKEION_TP3.5_SL1.5_H5,VALIDATION,2023-09-08,7532.T,LOSS,-3.933486275199749,1,,,,,,,,2.657533706705184,1.5087604957949283,59.8378595415099
UP20_SCORE80_NIKKEION_TP3.5_SL1.5_H5,VALIDATION,2023-09-11,8308.T,LOSS,-3.5611044776011735,1,,,,,,,,2.390127805566289,1.665899299127487,79.10878705380313
UP20_SCORE80_NIKKEION_TP3.5_SL1.5_H5,VALIDATION,2023-09-12,8316.T,LOSS,-2.720240681213948,1,,,,,,,,1.7938297784150459,1.6274642753207946,80.10973378734327
UP20_SCORE80_NIKKEION_TP3.5_SL1.5_H5,VALIDATION,2023-09-13,8306.T,LOSS,-3.0460375239127258,1,,,,,,,,2.0236422767650737,1.6494697326543106,80.85596893501176
UP20_SCORE80_NIKKEION_TP3.5_SL1.5_H5,VALIDATION,2023-11-13,2501.T,LOSS,-3.5281760303338516,1,,,,,,,,2.3665812583255104,2.601058336455944,83.63371851723367
UP20_SCORE80_NIKKEION_TP3.5_SL1.5_H5,VALIDATION,2023-12-29,7974.T,WIN,5.653738253917762,3,,,,,,,,1.643925215405077,1.9467622373338236,74.74645526007333
UP20_SCORE80_NIKKEION_TP3.5_SL1.5_H5,VALIDATION,2024-01-05,8601.T,WIN,7.635628315990884,1,,,,,,,,2.210179518854538,1.680065341212715,65.83317514015158
UP20_SCORE80_NIKKEION_TP3.5_SL1.5_H5,VALIDATION,2024-01-18,7735.T,WIN,10.909167313103575,1,,,,,,,,3.1454763751724477,1.92320418278728,75.52852009430023
UP20_SCORE80_NIKKEION_TP3.5_SL1.5_H5,VALIDATION,2024-03-05,6146.T,LOSS,-5.026904392836073,4,,,,,,,,3.284602928557382,2.1800391194636752,80.50298701119084
UP20_SCORE80_NIKKEION_TP3.5_SL1.5_H5,VALIDATION,2024-03-06,1802.T,WIN,9.890803785294333,1,,,,,,,,2.8545153672269548,2.554199432260858,85.31838469532941
UP20_SCORE80_NIKKEION_TP3.5_SL1.5_H5,VALIDATION,2024-03-07,7012.T,TIMEOUT_LOSS,-0.7063665415295682,5,,,,,,,,3.210564756415324,3.000958757164228,86.42904059170691
UP20_SCORE80_NIKKEION_TP3.5_SL1.5_H5,VALIDATION,2024-03-21,8804.T,WIN,10.133110865304895,1,,,,,,,,2.923745961515685,1.69173223588183,67.93402062292945
UP20_SCORE80_NIKKEION_TP3.5_SL1.5_H5,VALIDATION,2024-03-22,3099.T,HOLD,7.026963938280828,5,,,,,,,,2.453948221491993,1.5707909104979727,81.63333499499859
UP20_SCORE80_NIKKEION_TP3.5_SL1.5_H5,VALIDATION,2024-03-25,5631.T,WIN,9.327517467571845,2,,,,,,,,2.693576419306239,1.9978760576890136,78.08170396611129
UP20_SCORE80_NIKKEION_TP3.5_SL1.5_H5,VALIDATION,2024-03-26,6504.T,HOLD,3.1571624317762503,5,,,,,,,,2.8262976686388814,1.7303010510064722,74.90764016864891
UP20_SCORE80_NIKKEION_TP3.5_SL1.5_H5,VALIDATION,2024-03-27,8308.T,HOLD,1.7987886395769315,5,,,,,,,,3.0733363442166413,1.5960925826296606,69.621051993328
UP20_SCORE80_NIKKEION_TP3.5_SL1.5_H5,VALIDATION,2024-03-28,9501.T,HOLD,10.17009219552335,5,,,,,,,,4.639511584038658,1.535695399259651,61.44666417260486
UP20_SCORE80_NIKKEION_TP3.5_SL1.5_H5,VALIDATION,2024-05-14,5801.T,HOLD,0.8001135923499382,5,,,,,,,,3.3266977409723695,4.547126157516055,78.26401062449611
UP20_SCORE80_NIKKEION_TP3.5_SL1.5_H5,VALIDATION,2024-05-15,5101.T,LOSS,-4.660353101611292,1,,,,,,,,3.185505709499344,2.1531057837982357,57.67965645377095
UP20_SCORE80_NIKKEION_TP3.5_SL1.5_H5,VALIDATION,2024-05-30,8331.T,LOSS,-3.3601733118749366,1,,,,,,,,2.2466950262275853,1.6671299042083123,76.98906772721455
UP20_SCORE80_NIKKEION_TP3.5_SL1.5_H5,VALIDATION,2024-07-05,7011.T,LOSS,-5.084346280425045,3,,,,,,,,3.3228975202833633,2.5582053497235537,86.65930019007098
UP20_SCORE80_NIKKEION_TP3.5_SL1.5_H5,VALIDATION,2024-07-08,7011.T,LOSS,-5.239764086422937,2,,,,,,,,3.4265093909486253,1.7619016094335518,86.88149005846999
UP20_SCORE80_NIKKEION_TP3.5_SL1.5_H5,VALIDATION,2024-07-09,5803.T,TIMEOUT_LOSS,-1.340758537873088,5,,,,,,,,3.809966458306757,3.0971420165153285,65.1673118563374
UP20_SCORE80_NIKKEION_TP3.5_SL1.5_H5,VALIDATION,2024-07-10,5803.T,LOSS,-5.767474749258727,5,,,,,,,,3.7783164995058183,1.977109990603468,67.32339376466534
UP20_SCORE80_NIKKEION_TP3.5_SL1.5_H5,VALIDATION,2024-07-12,4519.T,TIMEOUT_LOSS,-0.7715428109973498,5,,,,,,,,2.4175399406305127,1.5207411706833838,76.8046823943933
UP20_SCORE80_NIKKEION_TP3.5_SL1.5_H5,VALIDATION,2024-07-16,6976.T,HOLD,0.47414635042289943,5,,,,,,,,3.5256413216273375,1.7389526651481166,77.39298849461471
UP20_SCORE80_NIKKEION_TP3.5_SL1.5_H5,VALIDATION,2024-09-05,6532.T,LOSS,-4.829374874786984,1,,,,,,,,3.3094320301220614,1.812501141948804,65.73803228477507
UP20_SCORE80_NIKKEION_TP3.5_SL1.5_H5,VALIDATION,2024-11-07,7013.T,TIMEOUT_LOSS,-1.5461499464642814,5,,,,,,,,4.814901131833723,2.2527265778296126,70.02433857866997
UP20_SCORE80_NIKKEION_TP3.5_SL1.5_H5,VALIDATION,2024-11-08,7012.T,LOSS,-6.751330692524359,3,,,,,,,,4.434220461682906,3.200205529096764,69.90419704592867
UP20_SCORE80_NIKKEION_TP3.5_SL1.5_H5,VALIDATION,2024-11-11,5803.T,LOSS,-8.499976000204478,5,,,,,,,,5.599984000136319,1.7857249601142264,64.76170419168966
UP20_SCORE80_NIKKEION_TP3.5_SL1.5_H5,VALIDATION,2024-11-12,5801.T,HOLD,9.880624475002497,5,,,,,,,,4.212795453398469,5.95992017197373,85.57524419496607
UP30_SCORE80_NIKKEION_TP3.5_SL1.5_H3,VALIDATION,2022-08-24,7733.T,HOLD,0.1464212754205386,3,,,,,,,,2.487512480075919,1.8547560940531955,65.51391763203654
UP30_SCORE80_NIKKEION_TP3.5_SL1.5_H3,VALIDATION,2022-08-25,7004.T,WIN,8.659482124574557,1,,,,,,,,2.502709178449873,1.68890419213222,64.82502886936872
UP30_SCORE80_NIKKEION_TP3.5_SL1.5_H3,VALIDATION,2022-11-04,8001.T,LOSS,-2.9231046373037195,1,,,,,,,,1.936746127953537,1.839102301394961,63.42202249431198
UP30_SCORE80_NIKKEION_TP3.5_SL1.5_H3,VALIDATION,2022-11-10,2501.T,LOSS,-3.3884485008360055,1,,,,,,,,2.266842964024092,2.343872605585045,78.05644952602152
UP30_SCORE80_NIKKEION_TP3.5_SL1.5_H3,VALIDATION,2022-11-30,9434.T,WIN,3.246309066619235,1,,,,,,,,0.9560883047483518,2.4663342776889188,58.10727871196465
UP30_SCORE80_NIKKEION_TP3.5_SL1.5_H3,VALIDATION,2022-12-01,4523.T,WIN,12.993618305157339,2,,,,,,,,3.7410338014735256,3.726731040440298,67.15517263840277
UP30_SCORE80_NIKKEION_TP3.5_SL1.5_H3,VALIDATION,2023-02-01,2768.T,LOSS,-2.2170371244601528,1,,,,,,,,1.4418832874603549,1.59628603672925,61.67016112861338
UP30_SCORE80_NIKKEION_TP3.5_SL1.5_H3,VALIDATION,2023-02-17,5233.T,LOSS,-3.2764123564170244,1,,,,,,,,2.1870788814461806,2.0514057799458647,79.34823879636357
UP30_SCORE80_NIKKEION_TP3.5_SL1.5_H3,VALIDATION,2023-02-21,5101.T,WIN,9.063655681934424,1,,,,,,,,2.6181873376955505,3.43627562267025,86.43660675284961
UP30_SCORE80_NIKKEION_TP3.5_SL1.5_H3,VALIDATION,2023-03-03,5406.T,WIN,9.60137047351467,1,,,,,,,,2.771820135289908,1.857140360382404,87.09433998237975
UP30_SCORE80_NIKKEION_TP3.5_SL1.5_H3,VALIDATION,2023-03-06,5406.T,WIN,9.590422756537288,1,,,,,,,,2.768692216153508,1.502203260570827,87.66789665700449
UP30_SCORE80_NIKKEION_TP3.5_SL1.5_H3,VALIDATION,2023-03-07,5406.T,WIN,9.838759854621005,1,,,,,,,,2.8396456727488584,2.0701893640139404,90.18696901800902
UP30_SCORE80_NIKKEION_TP3.5_SL1.5_H3,VALIDATION,2023-03-08,6472.T,WIN,8.774131461873436,1,,,,,,,,2.535466131963841,1.5964971261163212,80.32679424160867
UP30_SCORE80_NIKKEION_TP3.5_SL1.5_H3,VALIDATION,2023-03-09,6472.T,WIN,8.846430099275738,1,,,,,,,,2.5561228855073503,2.0280835938094106,81.64248124982342
UP30_SCORE80_NIKKEION_TP3.5_SL1.5_H3,VALIDATION,2023-03-30,9107.T,WIN,11.874626403568856,1,,,,,,,,3.4213218295911028,2.956640384017868,67.71212740707429
UP30_SCORE80_NIKKEION_TP3.5_SL1.5_H3,VALIDATION,2023-03-31,7735.T,HOLD,1.9952370032169875,3,,,,,,,,2.5391231063714175,1.7645630331178097,71.61649211053447
UP30_SCORE80_NIKKEION_TP3.5_SL1.5_H3,VALIDATION,2023-04-03,6361.T,TIMEOUT_LOSS,-1.4527729564149383,3,,,,,,,,2.384753810496683,1.789481559063365,70.6068253998211
UP30_SCORE80_NIKKEION_TP3.5_SL1.5_H3,VALIDATION,2023-04-04,6501.T,HOLD,0.37960656090801914,3,,,,,,,,2.0304261745622165,1.5221769100292324,70.37175256557059
UP30_SCORE80_NIKKEION_TP3.5_SL1.5_H3,VALIDATION,2023-04-05,7453.T,HOLD,1.1430890333390953,3,,,,,,,,2.549078700278436,2.2329253812711656,54.85035368390627
UP30_SCORE80_NIKKEION_TP3.5_SL1.5_H3,VALIDATION,2023-04-11,9009.T,HOLD,3.1175604922691336,3,,,,,,,,1.9900095906876618,1.6478328517448322,79.14396561216782
UP30_SCORE80_NIKKEION_TP3.5_SL1.5_H3,VALIDATION,2023-04-12,3086.T,WIN,8.473295069973064,1,,,,,,,,2.4495128771351586,2.600409263552136,65.77527308898344
UP30_SCORE80_NIKKEION_TP3.5_SL1.5_H3,VALIDATION,2023-04-13,7453.T,HOLD,2.690558295829437,3,,,,,,,,2.575211037043294,1.6011953311443716,59.13648388012189
UP30_SCORE80_NIKKEION_TP3.5_SL1.5_H3,VALIDATION,2023-04-14,3697.T,TIMEOUT_LOSS,-2.594536581674811,3,,,,,,,,4.121031231711458,1.8575489819439108,70.5419742753867
UP30_SCORE80_NIKKEION_TP3.5_SL1.5_H3,VALIDATION,2023-04-17,6752.T,WIN,6.853163951123554,1,,,,,,,,1.9866182717495888,1.8304620405232623,71.88274667672724
UP30_SCORE80_NIKKEION_TP3.5_SL1.5_H3,VALIDATION,2023-04-19,8253.T,WIN,6.8967269432276606,1,,,,,,,,1.9990648409221896,1.624354060885152,71.01284289908423
UP30_SCORE80_NIKKEION_TP3.5_SL1.5_H3,VALIDATION,2023-04-20,3099.T,WIN,7.97065898705115,3,,,,,,,,2.3059025677288973,1.6848464507467695,64.50758913098556
UP30_SCORE80_NIKKEION_TP3.5_SL1.5_H3,VALIDATION,2023-04-21,6146.T,LOSS,-4.493504602149278,3,,,,,,,,2.9290030680995187,4.820541702933798,75.78560698122133
UP30_SCORE80_NIKKEION_TP3.5_SL1.5_H3,VALIDATION,2023-04-24,9202.T,WIN,4.872682484096147,1,,,,,,,,1.4207664240274718,3.269837442481966,70.44491341213703
UP30_SCORE80_NIKKEION_TP3.5_SL1.5_H3,VALIDATION,2023-04-25,6503.T,WIN,5.968434276103574,3,,,,,,,,1.733838364601022,2.155498593594048,79.72493429343518
UP30_SCORE80_NIKKEION_TP3.5_SL1.5_H3,VALIDATION,2023-04-26,1803.T,WIN,6.789852849899314,1,,,,,,,,1.9685293856855173,6.0865440632331405,73.83107527961079
UP30_SCORE80_NIKKEION_TP3.5_SL1.5_H3,VALIDATION,2023-04-27,6473.T,WIN,6.817593959674595,1,,,,,,,,1.9764554170498865,2.898426338292784,67.10946758818605
UP30_SCORE80_NIKKEION_TP3.5_SL1.5_H3,VALIDATION,2023-04-28,8801.T,WIN,5.472167483422486,1,,,,,,,,1.5920478524064234,2.3953025670888533,79.12301899170511
UP30_SCORE80_NIKKEION_TP3.5_SL1.5_H3,VALIDATION,2023-05-01,7011.T,HOLD,2.5301458927096454,3,,,,,,,,1.6474797805150931,1.631766868235908,66.13065535678693
UP30_SCORE80_NIKKEION_TP3.5_SL1.5_H3,VALIDATION,2023-05-09,5401.T,WIN,7.6815329628745825,1,,,,,,,,2.2232951322498806,2.4216348728935766,63.075672705376185
UP30_SCORE80_NIKKEION_TP3.5_SL1.5_H3,VALIDATION,2023-05-10,9107.T,WIN,12.843377086983454,1,,,,,,,,3.698107739138131,1.6721083015720768,62.615682903241385
UP30_SCORE80_NIKKEION_TP3.5_SL1.5_H3,VALIDATION,2023-05-11,7011.T,HOLD,5.395320426312534,3,,,,,,,,2.1934996524668904,2.628737662337662,62.58737291544723
UP30_SCORE80_NIKKEION_TP3.5_SL1.5_H3,VALIDATION,2023-05-12,5406.T,WIN,12.917749455618422,1,,,,,,,,3.719356987319548,5.052158085537815,68.63672427624891
UP30_SCORE80_NIKKEION_TP3.5_SL1.5_H3,VALIDATION,2023-05-15,5406.T,WIN,13.278925234830108,1,,,,,,,,3.8225500670943178,1.7922546424440156,68.83347968195596
UP30_SCORE80_NIKKEION_TP3.5_SL1.5_H3,VALIDATION,2023-05-16,4188.T,WIN,4.649537925379821,1,,,,,,,,1.3570108358228028,1.900617460813976,63.985237751869725
UP30_SCORE80_NIKKEION_TP3.5_SL1.5_H3,VALIDATION,2023-07-03,5301.T,WIN,8.204038046132023,1,,,,,,,,2.3725822988948613,1.6841448882477126,76.76292337832162
UP30_SCORE80_NIKKEION_TP3.5_SL1.5_H3,VALIDATION,2023-07-05,9107.T,WIN,12.324907569633192,1,,,,,,,,3.5499735913237704,2.150751782310317,69.97459032079043
UP30_SCORE80_NIKKEION_TP3.5_SL1.5_H3,VALIDATION,2023-07-28,8308.T,WIN,8.567502351361867,1,,,,,,,,2.4764292432462476,2.992813465952988,69.19508666855869
UP30_SCORE80_NIKKEION_TP3.5_SL1.5_H3,VALIDATION,2023-07-31,8308.T,TIMEOUT_LOSS,-1.2452531699781444,3,,,,,,,,2.5763241790336844,1.9173748312925836,71.9207173897711
UP30_SCORE80_NIKKEION_TP3.5_SL1.5_H3,VALIDATION,2023-08-01,6976.T,HOLD,1.8693882072037593,3,,,,,,,,2.606764674052127,2.1396985671851048,57.50048021808944
UP30_SCORE80_NIKKEION_TP3.5_SL1.5_H3,VALIDATION,2023-08-29,9501.T,TIMEOUT_LOSS,-2.143950752030588,3,,,,,,,,3.1402072969105355,2.2716801360357546,73.52136944851513
UP30_SCORE80_NIKKEION_TP3.5_SL1.5_H3,VALIDATION,2023-09-08,7532.T,LOSS,-3.933486275199749,1,,,,,,,,2.657533706705184,1.5087604957949283,59.8378595415099
UP30_SCORE80_NIKKEION_TP3.5_SL1.5_H3,VALIDATION,2023-09-11,8308.T,LOSS,-3.5611044776011735,1,,,,,,,,2.390127805566289,1.665899299127487,79.10878705380313
UP30_SCORE80_NIKKEION_TP3.5_SL1.5_H3,VALIDATION,2023-09-12,8316.T,LOSS,-2.720240681213948,1,,,,,,,,1.7938297784150459,1.6274642753207946,80.10973378734327
UP30_SCORE80_NIKKEION_TP3.5_SL1.5_H3,VALIDATION,2023-09-13,8306.T,LOSS,-3.0460375239127258,1,,,,,,,,2.0236422767650737,1.6494697326543106,80.85596893501176
UP30_SCORE80_NIKKEION_TP3.5_SL1.5_H3,VALIDATION,2023-11-13,2501.T,LOSS,-3.5281760303338516,1,,,,,,,,2.3665812583255104,2.601058336455944,83.63371851723367
UP30_SCORE80_NIKKEION_TP3.5_SL1.5_H3,VALIDATION,2023-12-29,7974.T,WIN,5.653738253917762,3,,,,,,,,1.643925215405077,1.9467622373338236,74.74645526007333
UP30_SCORE80_NIKKEION_TP3.5_SL1.5_H3,VALIDATION,2024-01-05,8601.T,WIN,7.635628315990884,1,,,,,,,,2.210179518854538,1.680065341212715,65.83317514015158
UP30_SCORE80_NIKKEION_TP3.5_SL1.5_H3,VALIDATION,2024-01-18,7735.T,WIN,10.909167313103575,1,,,,,,,,3.1454763751724477,1.92320418278728,75.52852009430023
UP30_SCORE80_NIKKEION_TP3.5_SL1.5_H3,VALIDATION,2024-03-05,6146.T,TIMEOUT_LOSS,-0.5588255963961396,3,,,,,,,,3.284602928557382,2.1800391194636752,80.50298701119084
UP30_SCORE80_NIKKEION_TP3.5_SL1.5_H3,VALIDATION,2024-03-06,1802.T,WIN,9.890803785294333,1,,,,,,,,2.8545153672269548,2.554199432260858,85.31838469532941
UP30_SCORE80_NIKKEION_TP3.5_SL1.5_H3,VALIDATION,2024-03-07,7012.T,TIMEOUT_LOSS,-1.3340755048777408,3,,,,,,,,3.210564756415324,3.000958757164228,86.42904059170691
UP30_SCORE80_NIKKEION_TP3.5_SL1.5_H3,VALIDATION,2024-03-21,8804.T,WIN,10.133110865304895,1,,,,,,,,2.923745961515685,1.69173223588183,67.93402062292945
UP30_SCORE80_NIKKEION_TP3.5_SL1.5_H3,VALIDATION,2024-03-22,3099.T,HOLD,6.877494385247552,3,,,,,,,,2.453948221491993,1.5707909104979727,81.63333499499859
UP30_SCORE80_NIKKEION_TP3.5_SL1.5_H3,VALIDATION,2024-03-25,5631.T,WIN,9.327517467571845,2,,,,,,,,2.693576419306239,1.9978760576890136,78.08170396611129
UP30_SCORE80_NIKKEION_TP3.5_SL1.5_H3,VALIDATION,2024-03-26,6504.T,HOLD,4.84654585282166,3,,,,,,,,2.8262976686388814,1.7303010510064722,74.90764016864891
UP30_SCORE80_NIKKEION_TP3.5_SL1.5_H3,VALIDATION,2024-03-27,8308.T,HOLD,0.41721946829534906,3,,,,,,,,3.0733363442166413,1.5960925826296606,69.621051993328
UP30_SCORE80_NIKKEION_TP3.5_SL1.5_H3,VALIDATION,2024-03-28,9501.T,TIMEOUT_LOSS,-1.4722540245678761,3,,,,,,,,4.639511584038658,1.535695399259651,61.44666417260486
UP30_SCORE80_NIKKEION_TP3.5_SL1.5_H3,VALIDATION,2024-05-14,5801.T,HOLD,2.2820223552854624,3,,,,,,,,3.3266977409723695,4.547126157516055,78.26401062449611
UP30_SCORE80_NIKKEION_TP3.5_SL1.5_H3,VALIDATION,2024-05-15,5101.T,LOSS,-4.660353101611292,1,,,,,,,,3.185505709499344,2.1531057837982357,57.67965645377095
UP30_SCORE80_NIKKEION_TP3.5_SL1.5_H3,VALIDATION,2024-05-30,8331.T,LOSS,-3.3601733118749366,1,,,,,,,,2.2466950262275853,1.6671299042083123,76.98906772721455
UP30_SCORE80_NIKKEION_TP3.5_SL1.5_H3,VALIDATION,2024-07-05,7011.T,LOSS,-5.084346280425045,3,,,,,,,,3.3228975202833633,2.5582053497235537,86.65930019007098
UP30_SCORE80_NIKKEION_TP3.5_SL1.5_H3,VALIDATION,2024-07-08,7011.T,LOSS,-5.239764086422937,2,,,,,,,,3.4265093909486253,1.7619016094335518,86.88149005846999
UP30_SCORE80_NIKKEION_TP3.5_SL1.5_H3,VALIDATION,2024-07-09,5803.T,TIMEOUT_LOSS,-0.5020352086310463,3,,,,,,,,3.809966458306757,3.0971420165153285,65.1673118563374
UP30_SCORE80_NIKKEION_TP3.5_SL1.5_H3,VALIDATION,2024-07-10,5803.T,TIMEOUT_LOSS,-2.3216796953875796,3,,,,,,,,3.7783164995058183,1.977109990603468,67.32339376466534
UP30_SCORE80_NIKKEION_TP3.5_SL1.5_H3,VALIDATION,2024-07-12,4519.T,HOLD,0.13311846210201103,3,,,,,,,,2.4175399406305127,1.5207411706833838,76.8046823943933
UP30_SCORE80_NIKKEION_TP3.5_SL1.5_H3,VALIDATION,2024-07-16,6976.T,HOLD,5.223364293422395,3,,,,,,,,3.5256413216273375,1.7389526651481166,77.39298849461471
UP30_SCORE80_NIKKEION_TP3.5_SL1.5_H3,VALIDATION,2024-09-05,6532.T,LOSS,-4.829374874786984,1,,,,,,,,3.3094320301220614,1.812501141948804,65.73803228477507
UP30_SCORE80_NIKKEION_TP3.5_SL1.5_H3,VALIDATION,2024-11-07,7013.T,HOLD,1.2587562963110144,3,,,,,,,,4.814901131833723,2.2527265778296126,70.02433857866997
UP30_SCORE80_NIKKEION_TP3.5_SL1.5_H3,VALIDATION,2024-11-08,7012.T,LOSS,-6.751330692524359,3,,,,,,,,4.434220461682906,3.200205529096764,69.90419704592867
UP30_SCORE80_NIKKEION_TP3.5_SL1.5_H3,VALIDATION,2024-11-11,5803.T,TIMEOUT_LOSS,-2.420324839515642,3,,,,,,,,5.599984000136319,1.7857249601142264,64.76170419168966
UP30_SCORE80_NIKKEION_TP3.5_SL1.5_H3,VALIDATION,2024-11-12,5801.T,HOLD,9.229748967881969,3,,,,,,,,4.212795453398469,5.95992017197373,85.57524419496607
UP20_SCORE80_NIKKEION_TP4.0_SL1.75_H3,VALIDATION,2022-08-24,7733.T,HOLD,0.1464212754205386,3,,,,,,,,2.487512480075919,1.8547560940531955,65.51391763203654
UP20_SCORE80_NIKKEION_TP4.0_SL1.75_H3,VALIDATION,2022-08-25,7004.T,WIN,9.9108367137995,1,,,,,,,,2.502709178449873,1.68890419213222,64.82502886936872
UP20_SCORE80_NIKKEION_TP4.0_SL1.75_H3,VALIDATION,2022-11-04,8001.T,LOSS,-3.3781975855115887,1,,,,,,,,1.936746127953537,1.839102301394961,63.42202249431198
UP20_SCORE80_NIKKEION_TP4.0_SL1.75_H3,VALIDATION,2022-11-10,2501.T,LOSS,-3.9156108513355936,1,,,,,,,,2.266842964024092,2.343872605585045,78.05644952602152
UP20_SCORE80_NIKKEION_TP4.0_SL1.75_H3,VALIDATION,2022-11-30,9434.T,WIN,3.7243532189934148,1,,,,,,,,0.9560883047483518,2.4663342776889188,58.10727871196465
UP20_SCORE80_NIKKEION_TP4.0_SL1.75_H3,VALIDATION,2022-12-01,4523.T,HOLD,9.599960940878594,3,,,,,,,,3.7410338014735256,3.726731040440298,67.15517263840277
UP20_SCORE80_NIKKEION_TP4.0_SL1.75_H3,VALIDATION,2023-02-01,2768.T,LOSS,-2.5611925850817285,1,,,,,,,,1.4418832874603549,1.59628603672925,61.67016112861338
UP20_SCORE80_NIKKEION_TP4.0_SL1.75_H3,VALIDATION,2023-02-17,5233.T,LOSS,-3.786299072613686,1,,,,,,,,2.1870788814461806,2.0514057799458647,79.34823879636357
UP20_SCORE80_NIKKEION_TP4.0_SL1.75_H3,VALIDATION,2023-02-21,5101.T,WIN,10.372749350782195,1,,,,,,,,2.6181873376955505,3.43627562267025,86.43660675284961
UP20_SCORE80_NIKKEION_TP4.0_SL1.75_H3,VALIDATION,2023-03-03,5406.T,WIN,10.98728054115964,1,,,,,,,,2.771820135289908,1.857140360382404,87.09433998237975
UP20_SCORE80_NIKKEION_TP4.0_SL1.75_H3,VALIDATION,2023-03-06,5406.T,WIN,10.974768864614026,1,,,,,,,,2.768692216153508,1.502203260570827,87.66789665700449
UP20_SCORE80_NIKKEION_TP4.0_SL1.75_H3,VALIDATION,2023-03-07,5406.T,WIN,11.258582690995434,1,,,,,,,,2.8396456727488584,2.0701893640139404,90.18696901800902
UP20_SCORE80_NIKKEION_TP4.0_SL1.75_H3,VALIDATION,2023-03-08,6472.T,WIN,10.041864527855372,1,,,,,,,,2.535466131963841,1.5964971261163212,80.32679424160867
UP20_SCORE80_NIKKEION_TP4.0_SL1.75_H3,VALIDATION,2023-03-09,6472.T,WIN,10.124491542029402,1,,,,,,,,2.5561228855073503,2.0280835938094106,81.64248124982342
UP20_SCORE80_NIKKEION_TP4.0_SL1.75_H3,VALIDATION,2023-03-30,9107.T,WIN,13.585287318364403,1,,,,,,,,3.4213218295911028,2.956640384017868,67.71212740707429
UP20_SCORE80_NIKKEION_TP4.0_SL1.75_H3,VALIDATION,2023-03-31,7735.T,HOLD,1.9952370032169875,3,,,,,,,,2.5391231063714175,1.7645630331178097,71.61649211053447
UP20_SCORE80_NIKKEION_TP4.0_SL1.75_H3,VALIDATION,2023-04-03,6361.T,TIMEOUT_LOSS,-1.4527729564149383,3,,,,,,,,2.384753810496683,1.789481559063365,70.6068253998211
UP20_SCORE80_NIKKEION_TP4.0_SL1.75_H3,VALIDATION,2023-04-04,6501.T,HOLD,0.37960656090801914,3,,,,,,,,2.0304261745622165,1.5221769100292324,70.37175256557059
UP20_SCORE80_NIKKEION_TP4.0_SL1.75_H3,VALIDATION,2023-04-05,7453.T,HOLD,1.1430890333390953,3,,,,,,,,2.549078700278436,2.2329253812711656,54.85035368390627
UP20_SCORE80_NIKKEION_TP4.0_SL1.75_H3,VALIDATION,2023-04-11,9009.T,HOLD,3.1175604922691336,3,,,,,,,,1.9900095906876618,1.6478328517448322,79.14396561216782
UP20_SCORE80_NIKKEION_TP4.0_SL1.75_H3,VALIDATION,2023-04-12,3086.T,WIN,9.698051508540628,2,,,,,,,,2.4495128771351586,2.600409263552136,65.77527308898344
UP20_SCORE80_NIKKEION_TP4.0_SL1.75_H3,VALIDATION,2023-04-13,7453.T,HOLD,2.690558295829437,3,,,,,,,,2.575211037043294,1.6011953311443716,59.13648388012189
UP20_SCORE80_NIKKEION_TP4.0_SL1.75_H3,VALIDATION,2023-04-14,3697.T,TIMEOUT_LOSS,-2.594536581674811,3,,,,,,,,4.121031231711458,1.8575489819439108,70.5419742753867
UP20_SCORE80_NIKKEION_TP4.0_SL1.75_H3,VALIDATION,2023-04-17,6752.T,WIN,7.846473086998363,1,,,,,,,,1.9866182717495888,1.8304620405232623,71.88274667672724
UP20_SCORE80_NIKKEION_TP4.0_SL1.75_H3,VALIDATION,2023-04-19,8253.T,WIN,7.896259363688752,1,,,,,,,,1.9990648409221896,1.624354060885152,71.01284289908423
UP20_SCORE80_NIKKEION_TP4.0_SL1.75_H3,VALIDATION,2023-04-20,3099.T,HOLD,5.114970486944837,3,,,,,,,,2.3059025677288973,1.6848464507467695,64.50758913098556
UP20_SCORE80_NIKKEION_TP4.0_SL1.75_H3,VALIDATION,2023-04-21,6146.T,TIMEOUT_LOSS,-3.937076569153586,3,,,,,,,,2.9290030680995187,4.820541702933798,75.78560698122133
UP20_SCORE80_NIKKEION_TP4.0_SL1.75_H3,VALIDATION,2023-04-24,9202.T,WIN,5.5830656961098795,1,,,,,,,,1.4207664240274718,3.269837442481966,70.44491341213703
UP20_SCORE80_NIKKEION_TP4.0_SL1.75_H3,VALIDATION,2023-04-25,6503.T,HOLD,5.101515093803067,3,,,,,,,,1.733838364601022,2.155498593594048,79.72493429343518
UP20_SCORE80_NIKKEION_TP4.0_SL1.75_H3,VALIDATION,2023-04-26,1803.T,WIN,7.774117542742077,1,,,,,,,,1.9685293856855173,6.0865440632331405,73.83107527961079
UP20_SCORE80_NIKKEION_TP4.0_SL1.75_H3,VALIDATION,2023-04-27,6473.T,WIN,7.805821668199553,1,,,,,,,,1.9764554170498865,2.898426338292784,67.10946758818605
UP20_SCORE80_NIKKEION_TP4.0_SL1.75_H3,VALIDATION,2023-04-28,8801.T,WIN,6.268191409625701,1,,,,,,,,1.5920478524064234,2.3953025670888533,79.12301899170511
UP20_SCORE80_NIKKEION_TP4.0_SL1.75_H3,VALIDATION,2023-05-01,7011.T,HOLD,2.5301458927096454,3,,,,,,,,1.6474797805150931,1.631766868235908,66.13065535678693
UP20_SCORE80_NIKKEION_TP4.0_SL1.75_H3,VALIDATION,2023-05-09,5401.T,WIN,8.793180528999523,1,,,,,,,,2.2232951322498806,2.4216348728935766,63.075672705376185
UP20_SCORE80_NIKKEION_TP4.0_SL1.75_H3,VALIDATION,2023-05-10,9107.T,WIN,14.692430956552515,1,,,,,,,,3.698107739138131,1.6721083015720768,62.615682903241385
UP20_SCORE80_NIKKEION_TP4.0_SL1.75_H3,VALIDATION,2023-05-11,7011.T,HOLD,5.395320426312534,3,,,,,,,,2.1934996524668904,2.628737662337662,62.58737291544723
UP20_SCORE80_NIKKEION_TP4.0_SL1.75_H3,VALIDATION,2023-05-12,5406.T,WIN,14.7774279492782,1,,,,,,,,3.719356987319548,5.052158085537815,68.63672427624891
UP20_SCORE80_NIKKEION_TP4.0_SL1.75_H3,VALIDATION,2023-05-15,5406.T,WIN,15.190200268377263,1,,,,,,,,3.8225500670943178,1.7922546424440156,68.83347968195596
UP20_SCORE80_NIKKEION_TP4.0_SL1.75_H3,VALIDATION,2023-05-16,4188.T,WIN,5.3280433432912115,1,,,,,,,,1.3570108358228028,1.900617460813976,63.985237751869725
UP20_SCORE80_NIKKEION_TP4.0_SL1.75_H3,VALIDATION,2023-07-03,5301.T,WIN,9.390329195579438,1,,,,,,,,2.3725822988948613,1.6841448882477126,76.76292337832162
UP20_SCORE80_NIKKEION_TP4.0_SL1.75_H3,VALIDATION,2023-07-05,9107.T,WIN,14.099894365295073,1,,,,,,,,3.5499735913237704,2.150751782310317,69.97459032079043
UP20_SCORE80_NIKKEION_TP4.0_SL1.75_H3,VALIDATION,2023-07-28,8308.T,WIN,9.80571697298499,1,,,,,,,,2.4764292432462476,2.992813465952988,69.19508666855869
UP20_SCORE80_NIKKEION_TP4.0_SL1.75_H3,VALIDATION,2023-07-31,8308.T,TIMEOUT_LOSS,-1.2452531699781444,3,,,,,,,,2.5763241790336844,1.9173748312925836,71.9207173897711
UP20_SCORE80_NIKKEION_TP4.0_SL1.75_H3,VALIDATION,2023-08-01,6976.T,HOLD,1.8693882072037593,3,,,,,,,,2.606764674052127,2.1396985671851048,57.50048021808944
UP20_SCORE80_NIKKEION_TP4.0_SL1.75_H3,VALIDATION,2023-08-29,9501.T,TIMEOUT_LOSS,-2.143950752030588,3,,,,,,,,3.1402072969105355,2.2716801360357546,73.52136944851513
UP20_SCORE80_NIKKEION_TP4.0_SL1.75_H3,VALIDATION,2023-09-08,7532.T,LOSS,-4.544007253047299,2,,,,,,,,2.657533706705184,1.5087604957949283,59.8378595415099
UP20_SCORE80_NIKKEION_TP4.0_SL1.75_H3,VALIDATION,2023-09-11,8308.T,LOSS,-4.114795844080366,1,,,,,,,,2.390127805566289,1.665899299127487,79.10878705380313
UP20_SCORE80_NIKKEION_TP4.0_SL1.75_H3,VALIDATION,2023-09-12,8316.T,LOSS,-3.1436556109970315,1,,,,,,,,1.7938297784150459,1.6274642753207946,80.10973378734327
UP20_SCORE80_NIKKEION_TP4.0_SL1.75_H3,VALIDATION,2023-09-13,8306.T,LOSS,-3.520250135829306,1,,,,,,,,2.0236422767650737,1.6494697326543106,80.85596893501176
UP20_SCORE80_NIKKEION_TP4.0_SL1.75_H3,VALIDATION,2023-11-13,2501.T,LOSS,-4.076816656159987,1,,,,,,,,2.3665812583255104,2.601058336455944,83.63371851723367
UP20_SCORE80_NIKKEION_TP4.0_SL1.75_H3,VALIDATION,2023-12-29,7974.T,WIN,6.475700861620315,3,,,,,,,,1.643925215405077,1.9467622373338236,74.74645526007333
UP20_SCORE80_NIKKEION_TP4.0_SL1.75_H3,VALIDATION,2024-01-05,8601.T,WIN,8.740718075418153,1,,,,,,,,2.210179518854538,1.680065341212715,65.83317514015158
UP20_SCORE80_NIKKEION_TP4.0_SL1.75_H3,VALIDATION,2024-01-18,7735.T,WIN,12.481905500689782,2,,,,,,,,3.1454763751724477,1.92320418278728,75.52852009430023
UP20_SCORE80_NIKKEION_TP4.0_SL1.75_H3,VALIDATION,2024-03-05,6146.T,TIMEOUT_LOSS,-0.5588255963961396,3,,,,,,,,3.284602928557382,2.1800391194636752,80.50298701119084
UP20_SCORE80_NIKKEION_TP4.0_SL1.75_H3,VALIDATION,2024-03-06,1802.T,WIN,11.318061468907826,2,,,,,,,,2.8545153672269548,2.554199432260858,85.31838469532941
UP20_SCORE80_NIKKEION_TP4.0_SL1.75_H3,VALIDATION,2024-03-07,7012.T,TIMEOUT_LOSS,-1.3340755048777408,3,,,,,,,,3.210564756415324,3.000958757164228,86.42904059170691
UP20_SCORE80_NIKKEION_TP4.0_SL1.75_H3,VALIDATION,2024-03-21,8804.T,HOLD,8.89775024998759,3,,,,,,,,2.923745961515685,1.69173223588183,67.93402062292945
UP20_SCORE80_NIKKEION_TP4.0_SL1.75_H3,VALIDATION,2024-03-22,3099.T,HOLD,6.877494385247552,3,,,,,,,,2.453948221491993,1.5707909104979727,81.63333499499859
UP20_SCORE80_NIKKEION_TP4.0_SL1.75_H3,VALIDATION,2024-03-25,5631.T,WIN,10.674305677224948,2,,,,,,,,2.693576419306239,1.9978760576890136,78.08170396611129
UP20_SCORE80_NIKKEION_TP4.0_SL1.75_H3,VALIDATION,2024-03-26,6504.T,HOLD,4.84654585282166,3,,,,,,,,2.8262976686388814,1.7303010510064722,74.90764016864891
UP20_SCORE80_NIKKEION_TP4.0_SL1.75_H3,VALIDATION,2024-03-27,8308.T,HOLD,0.41721946829534906,3,,,,,,,,3.0733363442166413,1.5960925826296606,69.621051993328
UP20_SCORE80_NIKKEION_TP4.0_SL1.75_H3,VALIDATION,2024-03-28,9501.T,TIMEOUT_LOSS,-1.4722540245678761,3,,,,,,,,4.639511584038658,1.535695399259651,61.44666417260486
UP20_SCORE80_NIKKEION_TP4.0_SL1.75_H3,VALIDATION,2024-05-14,5801.T,HOLD,2.2820223552854624,3,,,,,,,,3.3266977409723695,4.547126157516055,78.26401062449611
UP20_SCORE80_NIKKEION_TP4.0_SL1.75_H3,VALIDATION,2024-05-15,5101.T,LOSS,-5.380278726103226,1,,,,,,,,3.185505709499344,2.1531057837982357,57.67965645377095
UP20_SCORE80_NIKKEION_TP4.0_SL1.75_H3,VALIDATION,2024-05-30,8331.T,LOSS,-3.8829802451298967,1,,,,,,,,2.2466950262275853,1.6671299042083123,76.98906772721455
UP20_SCORE80_NIKKEION_TP4.0_SL1.75_H3,VALIDATION,2024-07-05,7011.T,LOSS,-5.915070660495891,3,,,,,,,,3.3228975202833633,2.5582053497235537,86.65930019007098
UP20_SCORE80_NIKKEION_TP4.0_SL1.75_H3,VALIDATION,2024-07-08,7011.T,LOSS,-6.096391434160097,2,,,,,,,,3.4265093909486253,1.7619016094335518,86.88149005846999
UP20_SCORE80_NIKKEION_TP4.0_SL1.75_H3,VALIDATION,2024-07-09,5803.T,TIMEOUT_LOSS,-0.5020352086310463,3,,,,,,,,3.809966458306757,3.0971420165153285,65.1673118563374
UP20_SCORE80_NIKKEION_TP4.0_SL1.75_H3,VALIDATION,2024-07-10,5803.T,TIMEOUT_LOSS,-2.3216796953875796,3,,,,,,,,3.7783164995058183,1.977109990603468,67.32339376466534
UP20_SCORE80_NIKKEION_TP4.0_SL1.75_H3,VALIDATION,2024-07-12,4519.T,HOLD,0.13311846210201103,3,,,,,,,,2.4175399406305127,1.5207411706833838,76.8046823943933
UP20_SCORE80_NIKKEION_TP4.0_SL1.75_H3,VALIDATION,2024-07-16,6976.T,HOLD,5.223364293422395,3,,,,,,,,3.5256413216273375,1.7389526651481166,77.39298849461471
UP20_SCORE80_NIKKEION_TP4.0_SL1.75_H3,VALIDATION,2024-09-05,6532.T,LOSS,-5.574452788135786,1,,,,,,,,3.3094320301220614,1.812501141948804,65.73803228477507
UP20_SCORE80_NIKKEION_TP4.0_SL1.75_H3,VALIDATION,2024-11-07,7013.T,HOLD,1.2587562963110144,3,,,,,,,,4.814901131833723,2.2527265778296126,70.02433857866997
UP20_SCORE80_NIKKEION_TP4.0_SL1.75_H3,VALIDATION,2024-11-08,7012.T,TIMEOUT_LOSS,-6.372429117570476,3,,,,,,,,4.434220461682906,3.200205529096764,69.90419704592867
UP20_SCORE80_NIKKEION_TP4.0_SL1.75_H3,VALIDATION,2024-11-11,5803.T,TIMEOUT_LOSS,-2.420324839515642,3,,,,,,,,5.599984000136319,1.7857249601142264,64.76170419168966
UP20_SCORE80_NIKKEION_TP4.0_SL1.75_H3,VALIDATION,2024-11-12,5801.T,HOLD,9.229748967881969,3,,,,,,,,4.212795453398469,5.95992017197373,85.57524419496607
UP30_SCORE80_NIKKEION_TP4.0_SL1.75_H3,VALIDATION,2022-08-24,7733.T,HOLD,0.1464212754205386,3,,,,,,,,2.487512480075919,1.8547560940531955,65.51391763203654
UP30_SCORE80_NIKKEION_TP4.0_SL1.75_H3,VALIDATION,2022-08-25,7004.T,WIN,9.9108367137995,1,,,,,,,,2.502709178449873,1.68890419213222,64.82502886936872
UP30_SCORE80_NIKKEION_TP4.0_SL1.75_H3,VALIDATION,2022-11-04,8001.T,LOSS,-3.3781975855115887,1,,,,,,,,1.936746127953537,1.839102301394961,63.42202249431198
UP30_SCORE80_NIKKEION_TP4.0_SL1.75_H3,VALIDATION,2022-11-10,2501.T,LOSS,-3.9156108513355936,1,,,,,,,,2.266842964024092,2.343872605585045,78.05644952602152
UP30_SCORE80_NIKKEION_TP4.0_SL1.75_H3,VALIDATION,2022-11-30,9434.T,WIN,3.7243532189934148,1,,,,,,,,0.9560883047483518,2.4663342776889188,58.10727871196465
UP30_SCORE80_NIKKEION_TP4.0_SL1.75_H3,VALIDATION,2022-12-01,4523.T,HOLD,9.599960940878594,3,,,,,,,,3.7410338014735256,3.726731040440298,67.15517263840277
UP30_SCORE80_NIKKEION_TP4.0_SL1.75_H3,VALIDATION,2023-02-01,2768.T,LOSS,-2.5611925850817285,1,,,,,,,,1.4418832874603549,1.59628603672925,61.67016112861338
UP30_SCORE80_NIKKEION_TP4.0_SL1.75_H3,VALIDATION,2023-02-17,5233.T,LOSS,-3.786299072613686,1,,,,,,,,2.1870788814461806,2.0514057799458647,79.34823879636357
UP30_SCORE80_NIKKEION_TP4.0_SL1.75_H3,VALIDATION,2023-02-21,5101.T,WIN,10.372749350782195,1,,,,,,,,2.6181873376955505,3.43627562267025,86.43660675284961
UP30_SCORE80_NIKKEION_TP4.0_SL1.75_H3,VALIDATION,2023-03-03,5406.T,WIN,10.98728054115964,1,,,,,,,,2.771820135289908,1.857140360382404,87.09433998237975
UP30_SCORE80_NIKKEION_TP4.0_SL1.75_H3,VALIDATION,2023-03-06,5406.T,WIN,10.974768864614026,1,,,,,,,,2.768692216153508,1.502203260570827,87.66789665700449
UP30_SCORE80_NIKKEION_TP4.0_SL1.75_H3,VALIDATION,2023-03-07,5406.T,WIN,11.258582690995434,1,,,,,,,,2.8396456727488584,2.0701893640139404,90.18696901800902
UP30_SCORE80_NIKKEION_TP4.0_SL1.75_H3,VALIDATION,2023-03-08,6472.T,WIN,10.041864527855372,1,,,,,,,,2.535466131963841,1.5964971261163212,80.32679424160867
UP30_SCORE80_NIKKEION_TP4.0_SL1.75_H3,VALIDATION,2023-03-09,6472.T,WIN,10.124491542029402,1,,,,,,,,2.5561228855073503,2.0280835938094106,81.64248124982342
UP30_SCORE80_NIKKEION_TP4.0_SL1.75_H3,VALIDATION,2023-03-30,9107.T,WIN,13.585287318364403,1,,,,,,,,3.4213218295911028,2.956640384017868,67.71212740707429
UP30_SCORE80_NIKKEION_TP4.0_SL1.75_H3,VALIDATION,2023-03-31,7735.T,HOLD,1.9952370032169875,3,,,,,,,,2.5391231063714175,1.7645630331178097,71.61649211053447
UP30_SCORE80_NIKKEION_TP4.0_SL1.75_H3,VALIDATION,2023-04-03,6361.T,TIMEOUT_LOSS,-1.4527729564149383,3,,,,,,,,2.384753810496683,1.789481559063365,70.6068253998211
UP30_SCORE80_NIKKEION_TP4.0_SL1.75_H3,VALIDATION,2023-04-04,6501.T,HOLD,0.37960656090801914,3,,,,,,,,2.0304261745622165,1.5221769100292324,70.37175256557059
UP30_SCORE80_NIKKEION_TP4.0_SL1.75_H3,VALIDATION,2023-04-05,7453.T,HOLD,1.1430890333390953,3,,,,,,,,2.549078700278436,2.2329253812711656,54.85035368390627
UP30_SCORE80_NIKKEION_TP4.0_SL1.75_H3,VALIDATION,2023-04-11,9009.T,HOLD,3.1175604922691336,3,,,,,,,,1.9900095906876618,1.6478328517448322,79.14396561216782
UP30_SCORE80_NIKKEION_TP4.0_SL1.75_H3,VALIDATION,2023-04-12,3086.T,WIN,9.698051508540628,2,,,,,,,,2.4495128771351586,2.600409263552136,65.77527308898344
UP30_SCORE80_NIKKEION_TP4.0_SL1.75_H3,VALIDATION,2023-04-13,7453.T,HOLD,2.690558295829437,3,,,,,,,,2.575211037043294,1.6011953311443716,59.13648388012189
UP30_SCORE80_NIKKEION_TP4.0_SL1.75_H3,VALIDATION,2023-04-14,3697.T,TIMEOUT_LOSS,-2.594536581674811,3,,,,,,,,4.121031231711458,1.8575489819439108,70.5419742753867
UP30_SCORE80_NIKKEION_TP4.0_SL1.75_H3,VALIDATION,2023-04-17,6752.T,WIN,7.846473086998363,1,,,,,,,,1.9866182717495888,1.8304620405232623,71.88274667672724
UP30_SCORE80_NIKKEION_TP4.0_SL1.75_H3,VALIDATION,2023-04-19,8253.T,WIN,7.896259363688752,1,,,,,,,,1.9990648409221896,1.624354060885152,71.01284289908423
UP30_SCORE80_NIKKEION_TP4.0_SL1.75_H3,VALIDATION,2023-04-20,3099.T,HOLD,5.114970486944837,3,,,,,,,,2.3059025677288973,1.6848464507467695,64.50758913098556
UP30_SCORE80_NIKKEION_TP4.0_SL1.75_H3,VALIDATION,2023-04-21,6146.T,TIMEOUT_LOSS,-3.937076569153586,3,,,,,,,,2.9290030680995187,4.820541702933798,75.78560698122133
UP30_SCORE80_NIKKEION_TP4.0_SL1.75_H3,VALIDATION,2023-04-24,9202.T,WIN,5.5830656961098795,1,,,,,,,,1.4207664240274718,3.269837442481966,70.44491341213703
UP30_SCORE80_NIKKEION_TP4.0_SL1.75_H3,VALIDATION,2023-04-25,6503.T,HOLD,5.101515093803067,3,,,,,,,,1.733838364601022,2.155498593594048,79.72493429343518
UP30_SCORE80_NIKKEION_TP4.0_SL1.75_H3,VALIDATION,2023-04-26,1803.T,WIN,7.774117542742077,1,,,,,,,,1.9685293856855173,6.0865440632331405,73.83107527961079
UP30_SCORE80_NIKKEION_TP4.0_SL1.75_H3,VALIDATION,2023-04-27,6473.T,WIN,7.805821668199553,1,,,,,,,,1.9764554170498865,2.898426338292784,67.10946758818605
UP30_SCORE80_NIKKEION_TP4.0_SL1.75_H3,VALIDATION,2023-04-28,8801.T,WIN,6.268191409625701,1,,,,,,,,1.5920478524064234,2.3953025670888533,79.12301899170511
UP30_SCORE80_NIKKEION_TP4.0_SL1.75_H3,VALIDATION,2023-05-01,7011.T,HOLD,2.5301458927096454,3,,,,,,,,1.6474797805150931,1.631766868235908,66.13065535678693
UP30_SCORE80_NIKKEION_TP4.0_SL1.75_H3,VALIDATION,2023-05-09,5401.T,WIN,8.793180528999523,1,,,,,,,,2.2232951322498806,2.4216348728935766,63.075672705376185
UP30_SCORE80_NIKKEION_TP4.0_SL1.75_H3,VALIDATION,2023-05-10,9107.T,WIN,14.692430956552515,1,,,,,,,,3.698107739138131,1.6721083015720768,62.615682903241385
UP30_SCORE80_NIKKEION_TP4.0_SL1.75_H3,VALIDATION,2023-05-11,7011.T,HOLD,5.395320426312534,3,,,,,,,,2.1934996524668904,2.628737662337662,62.58737291544723
UP30_SCORE80_NIKKEION_TP4.0_SL1.75_H3,VALIDATION,2023-05-12,5406.T,WIN,14.7774279492782,1,,,,,,,,3.719356987319548,5.052158085537815,68.63672427624891
UP30_SCORE80_NIKKEION_TP4.0_SL1.75_H3,VALIDATION,2023-05-15,5406.T,WIN,15.190200268377263,1,,,,,,,,3.8225500670943178,1.7922546424440156,68.83347968195596
UP30_SCORE80_NIKKEION_TP4.0_SL1.75_H3,VALIDATION,2023-05-16,4188.T,WIN,5.3280433432912115,1,,,,,,,,1.3570108358228028,1.900617460813976,63.985237751869725
UP30_SCORE80_NIKKEION_TP4.0_SL1.75_H3,VALIDATION,2023-07-03,5301.T,WIN,9.390329195579438,1,,,,,,,,2.3725822988948613,1.6841448882477126,76.76292337832162
UP30_SCORE80_NIKKEION_TP4.0_SL1.75_H3,VALIDATION,2023-07-05,9107.T,WIN,14.099894365295073,1,,,,,,,,3.5499735913237704,2.150751782310317,69.97459032079043
UP30_SCORE80_NIKKEION_TP4.0_SL1.75_H3,VALIDATION,2023-07-28,8308.T,WIN,9.80571697298499,1,,,,,,,,2.4764292432462476,2.992813465952988,69.19508666855869
UP30_SCORE80_NIKKEION_TP4.0_SL1.75_H3,VALIDATION,2023-07-31,8308.T,TIMEOUT_LOSS,-1.2452531699781444,3,,,,,,,,2.5763241790336844,1.9173748312925836,71.9207173897711
UP30_SCORE80_NIKKEION_TP4.0_SL1.75_H3,VALIDATION,2023-08-01,6976.T,HOLD,1.8693882072037593,3,,,,,,,,2.606764674052127,2.1396985671851048,57.50048021808944
UP30_SCORE80_NIKKEION_TP4.0_SL1.75_H3,VALIDATION,2023-08-29,9501.T,TIMEOUT_LOSS,-2.143950752030588,3,,,,,,,,3.1402072969105355,2.2716801360357546,73.52136944851513
UP30_SCORE80_NIKKEION_TP4.0_SL1.75_H3,VALIDATION,2023-09-08,7532.T,LOSS,-4.544007253047299,2,,,,,,,,2.657533706705184,1.5087604957949283,59.8378595415099
UP30_SCORE80_NIKKEION_TP4.0_SL1.75_H3,VALIDATION,2023-09-11,8308.T,LOSS,-4.114795844080366,1,,,,,,,,2.390127805566289,1.665899299127487,79.10878705380313
UP30_SCORE80_NIKKEION_TP4.0_SL1.75_H3,VALIDATION,2023-09-12,8316.T,LOSS,-3.1436556109970315,1,,,,,,,,1.7938297784150459,1.6274642753207946,80.10973378734327
UP30_SCORE80_NIKKEION_TP4.0_SL1.75_H3,VALIDATION,2023-09-13,8306.T,LOSS,-3.520250135829306,1,,,,,,,,2.0236422767650737,1.6494697326543106,80.85596893501176
UP30_SCORE80_NIKKEION_TP4.0_SL1.75_H3,VALIDATION,2023-11-13,2501.T,LOSS,-4.076816656159987,1,,,,,,,,2.3665812583255104,2.601058336455944,83.63371851723367
UP30_SCORE80_NIKKEION_TP4.0_SL1.75_H3,VALIDATION,2023-12-29,7974.T,WIN,6.475700861620315,3,,,,,,,,1.643925215405077,1.9467622373338236,74.74645526007333
UP30_SCORE80_NIKKEION_TP4.0_SL1.75_H3,VALIDATION,2024-01-05,8601.T,WIN,8.740718075418153,1,,,,,,,,2.210179518854538,1.680065341212715,65.83317514015158
UP30_SCORE80_NIKKEION_TP4.0_SL1.75_H3,VALIDATION,2024-01-18,7735.T,WIN,12.481905500689782,2,,,,,,,,3.1454763751724477,1.92320418278728,75.52852009430023
UP30_SCORE80_NIKKEION_TP4.0_SL1.75_H3,VALIDATION,2024-03-05,6146.T,TIMEOUT_LOSS,-0.5588255963961396,3,,,,,,,,3.284602928557382,2.1800391194636752,80.50298701119084
UP30_SCORE80_NIKKEION_TP4.0_SL1.75_H3,VALIDATION,2024-03-06,1802.T,WIN,11.318061468907826,2,,,,,,,,2.8545153672269548,2.554199432260858,85.31838469532941
UP30_SCORE80_NIKKEION_TP4.0_SL1.75_H3,VALIDATION,2024-03-07,7012.T,TIMEOUT_LOSS,-1.3340755048777408,3,,,,,,,,3.210564756415324,3.000958757164228,86.42904059170691
UP30_SCORE80_NIKKEION_TP4.0_SL1.75_H3,VALIDATION,2024-03-21,8804.T,HOLD,8.89775024998759,3,,,,,,,,2.923745961515685,1.69173223588183,67.93402062292945
UP30_SCORE80_NIKKEION_TP4.0_SL1.75_H3,VALIDATION,2024-03-22,3099.T,HOLD,6.877494385247552,3,,,,,,,,2.453948221491993,1.5707909104979727,81.63333499499859
UP30_SCORE80_NIKKEION_TP4.0_SL1.75_H3,VALIDATION,2024-03-25,5631.T,WIN,10.674305677224948,2,,,,,,,,2.693576419306239,1.9978760576890136,78.08170396611129
UP30_SCORE80_NIKKEION_TP4.0_SL1.75_H3,VALIDATION,2024-03-26,6504.T,HOLD,4.84654585282166,3,,,,,,,,2.8262976686388814,1.7303010510064722,74.90764016864891
UP30_SCORE80_NIKKEION_TP4.0_SL1.75_H3,VALIDATION,2024-03-27,8308.T,HOLD,0.41721946829534906,3,,,,,,,,3.0733363442166413,1.5960925826296606,69.621051993328
UP30_SCORE80_NIKKEION_TP4.0_SL1.75_H3,VALIDATION,2024-03-28,9501.T,TIMEOUT_LOSS,-1.4722540245678761,3,,,,,,,,4.639511584038658,1.535695399259651,61.44666417260486
UP30_SCORE80_NIKKEION_TP4.0_SL1.75_H3,VALIDATION,2024-05-14,5801.T,HOLD,2.2820223552854624,3,,,,,,,,3.3266977409723695,4.547126157516055,78.26401062449611
UP30_SCORE80_NIKKEION_TP4.0_SL1.75_H3,VALIDATION,2024-05-15,5101.T,LOSS,-5.380278726103226,1,,,,,,,,3.185505709499344,2.1531057837982357,57.67965645377095
UP30_SCORE80_NIKKEION_TP4.0_SL1.75_H3,VALIDATION,2024-05-30,8331.T,LOSS,-3.8829802451298967,1,,,,,,,,2.2466950262275853,1.6671299042083123,76.98906772721455
UP30_SCORE80_NIKKEION_TP4.0_SL1.75_H3,VALIDATION,2024-07-05,7011.T,LOSS,-5.915070660495891,3,,,,,,,,3.3228975202833633,2.5582053497235537,86.65930019007098
UP30_SCORE80_NIKKEION_TP4.0_SL1.75_H3,VALIDATION,2024-07-08,7011.T,LOSS,-6.096391434160097,2,,,,,,,,3.4265093909486253,1.7619016094335518,86.88149005846999
UP30_SCORE80_NIKKEION_TP4.0_SL1.75_H3,VALIDATION,2024-07-09,5803.T,TIMEOUT_LOSS,-0.5020352086310463,3,,,,,,,,3.809966458306757,3.0971420165153285,65.1673118563374
UP30_SCORE80_NIKKEION_TP4.0_SL1.75_H3,VALIDATION,2024-07-10,5803.T,TIMEOUT_LOSS,-2.3216796953875796,3,,,,,,,,3.7783164995058183,1.977109990603468,67.32339376466534
UP30_SCORE80_NIKKEION_TP4.0_SL1.75_H3,VALIDATION,2024-07-12,4519.T,HOLD,0.13311846210201103,3,,,,,,,,2.4175399406305127,1.5207411706833838,76.8046823943933
UP30_SCORE80_NIKKEION_TP4.0_SL1.75_H3,VALIDATION,2024-07-16,6976.T,HOLD,5.223364293422395,3,,,,,,,,3.5256413216273375,1.7389526651481166,77.39298849461471
UP30_SCORE80_NIKKEION_TP4.0_SL1.75_H3,VALIDATION,2024-09-05,6532.T,LOSS,-5.574452788135786,1,,,,,,,,3.3094320301220614,1.812501141948804,65.73803228477507
UP30_SCORE80_NIKKEION_TP4.0_SL1.75_H3,VALIDATION,2024-11-07,7013.T,HOLD,1.2587562963110144,3,,,,,,,,4.814901131833723,2.2527265778296126,70.02433857866997
UP30_SCORE80_NIKKEION_TP4.0_SL1.75_H3,VALIDATION,2024-11-08,7012.T,TIMEOUT_LOSS,-6.372429117570476,3,,,,,,,,4.434220461682906,3.200205529096764,69.90419704592867
UP30_SCORE80_NIKKEION_TP4.0_SL1.75_H3,VALIDATION,2024-11-11,5803.T,TIMEOUT_LOSS,-2.420324839515642,3,,,,,,,,5.599984000136319,1.7857249601142264,64.76170419168966
UP30_SCORE80_NIKKEION_TP4.0_SL1.75_H3,VALIDATION,2024-11-12,5801.T,HOLD,9.229748967881969,3,,,,,,,,4.212795453398469,5.95992017197373,85.57524419496607
UP25_SCORE80_NIKKEION_TP3.5_SL1.75_H3,VALIDATION,2022-08-24,7733.T,HOLD,0.1464212754205386,3,,,,,,,,2.487512480075919,1.8547560940531955,65.51391763203654
UP25_SCORE80_NIKKEION_TP3.5_SL1.75_H3,VALIDATION,2022-08-25,7004.T,WIN,8.659482124574557,1,,,,,,,,2.502709178449873,1.68890419213222,64.82502886936872
UP25_SCORE80_NIKKEION_TP3.5_SL1.75_H3,VALIDATION,2022-11-04,8001.T,LOSS,-3.3781975855115887,1,,,,,,,,1.936746127953537,1.839102301394961,63.42202249431198
UP25_SCORE80_NIKKEION_TP3.5_SL1.75_H3,VALIDATION,2022-11-10,2501.T,LOSS,-3.9156108513355936,1,,,,,,,,2.266842964024092,2.343872605585045,78.05644952602152
UP25_SCORE80_NIKKEION_TP3.5_SL1.75_H3,VALIDATION,2022-11-30,9434.T,WIN,3.246309066619235,1,,,,,,,,0.9560883047483518,2.4663342776889188,58.10727871196465
UP25_SCORE80_NIKKEION_TP3.5_SL1.75_H3,VALIDATION,2022-12-01,4523.T,WIN,12.993618305157339,2,,,,,,,,3.7410338014735256,3.726731040440298,67.15517263840277
UP25_SCORE80_NIKKEION_TP3.5_SL1.75_H3,VALIDATION,2023-02-01,2768.T,LOSS,-2.5611925850817285,1,,,,,,,,1.4418832874603549,1.59628603672925,61.67016112861338
UP25_SCORE80_NIKKEION_TP3.5_SL1.75_H3,VALIDATION,2023-02-17,5233.T,LOSS,-3.786299072613686,1,,,,,,,,2.1870788814461806,2.0514057799458647,79.34823879636357
UP25_SCORE80_NIKKEION_TP3.5_SL1.75_H3,VALIDATION,2023-02-21,5101.T,WIN,9.063655681934424,1,,,,,,,,2.6181873376955505,3.43627562267025,86.43660675284961
UP25_SCORE80_NIKKEION_TP3.5_SL1.75_H3,VALIDATION,2023-03-03,5406.T,WIN,9.60137047351467,1,,,,,,,,2.771820135289908,1.857140360382404,87.09433998237975
UP25_SCORE80_NIKKEION_TP3.5_SL1.75_H3,VALIDATION,2023-03-06,5406.T,WIN,9.590422756537288,1,,,,,,,,2.768692216153508,1.502203260570827,87.66789665700449
UP25_SCORE80_NIKKEION_TP3.5_SL1.75_H3,VALIDATION,2023-03-07,5406.T,WIN,9.838759854621005,1,,,,,,,,2.8396456727488584,2.0701893640139404,90.18696901800902
UP25_SCORE80_NIKKEION_TP3.5_SL1.75_H3,VALIDATION,2023-03-08,6472.T,WIN,8.774131461873436,1,,,,,,,,2.535466131963841,1.5964971261163212,80.32679424160867
UP25_SCORE80_NIKKEION_TP3.5_SL1.75_H3,VALIDATION,2023-03-09,6472.T,WIN,8.846430099275738,1,,,,,,,,2.5561228855073503,2.0280835938094106,81.64248124982342
UP25_SCORE80_NIKKEION_TP3.5_SL1.75_H3,VALIDATION,2023-03-30,9107.T,WIN,11.874626403568856,1,,,,,,,,3.4213218295911028,2.956640384017868,67.71212740707429
UP25_SCORE80_NIKKEION_TP3.5_SL1.75_H3,VALIDATION,2023-03-31,7735.T,HOLD,1.9952370032169875,3,,,,,,,,2.5391231063714175,1.7645630331178097,71.61649211053447
UP25_SCORE80_NIKKEION_TP3.5_SL1.75_H3,VALIDATION,2023-04-03,6361.T,TIMEOUT_LOSS,-1.4527729564149383,3,,,,,,,,2.384753810496683,1.789481559063365,70.6068253998211
UP25_SCORE80_NIKKEION_TP3.5_SL1.75_H3,VALIDATION,2023-04-04,6501.T,HOLD,0.37960656090801914,3,,,,,,,,2.0304261745622165,1.5221769100292324,70.37175256557059
UP25_SCORE80_NIKKEION_TP3.5_SL1.75_H3,VALIDATION,2023-04-05,7453.T,HOLD,1.1430890333390953,3,,,,,,,,2.549078700278436,2.2329253812711656,54.85035368390627
UP25_SCORE80_NIKKEION_TP3.5_SL1.75_H3,VALIDATION,2023-04-11,9009.T,HOLD,3.1175604922691336,3,,,,,,,,1.9900095906876618,1.6478328517448322,79.14396561216782
UP25_SCORE80_NIKKEION_TP3.5_SL1.75_H3,VALIDATION,2023-04-12,3086.T,WIN,8.473295069973064,1,,,,,,,,2.4495128771351586,2.600409263552136,65.77527308898344
UP25_SCORE80_NIKKEION_TP3.5_SL1.75_H3,VALIDATION,2023-04-13,7453.T,HOLD,2.690558295829437,3,,,,,,,,2.575211037043294,1.6011953311443716,59.13648388012189
UP25_SCORE80_NIKKEION_TP3.5_SL1.75_H3,VALIDATION,2023-04-14,3697.T,TIMEOUT_LOSS,-2.594536581674811,3,,,,,,,,4.121031231711458,1.8575489819439108,70.5419742753867
UP25_SCORE80_NIKKEION_TP3.5_SL1.75_H3,VALIDATION,2023-04-17,6752.T,WIN,6.853163951123554,1,,,,,,,,1.9866182717495888,1.8304620405232623,71.88274667672724
UP25_SCORE80_NIKKEION_TP3.5_SL1.75_H3,VALIDATION,2023-04-19,8253.T,WIN,6.8967269432276606,1,,,,,,,,1.9990648409221896,1.624354060885152,71.01284289908423
UP25_SCORE80_NIKKEION_TP3.5_SL1.75_H3,VALIDATION,2023-04-20,3099.T,WIN,7.97065898705115,3,,,,,,,,2.3059025677288973,1.6848464507467695,64.50758913098556
UP25_SCORE80_NIKKEION_TP3.5_SL1.75_H3,VALIDATION,2023-04-21,6146.T,TIMEOUT_LOSS,-3.937076569153586,3,,,,,,,,2.9290030680995187,4.820541702933798,75.78560698122133
UP25_SCORE80_NIKKEION_TP3.5_SL1.75_H3,VALIDATION,2023-04-24,9202.T,WIN,4.872682484096147,1,,,,,,,,1.4207664240274718,3.269837442481966,70.44491341213703
UP25_SCORE80_NIKKEION_TP3.5_SL1.75_H3,VALIDATION,2023-04-25,6503.T,WIN,5.968434276103574,3,,,,,,,,1.733838364601022,2.155498593594048,79.72493429343518
UP25_SCORE80_NIKKEION_TP3.5_SL1.75_H3,VALIDATION,2023-04-26,1803.T,WIN,6.789852849899314,1,,,,,,,,1.9685293856855173,6.0865440632331405,73.83107527961079
UP25_SCORE80_NIKKEION_TP3.5_SL1.75_H3,VALIDATION,2023-04-27,6473.T,WIN,6.817593959674595,1,,,,,,,,1.9764554170498865,2.898426338292784,67.10946758818605
UP25_SCORE80_NIKKEION_TP3.5_SL1.75_H3,VALIDATION,2023-04-28,8801.T,WIN,5.472167483422486,1,,,,,,,,1.5920478524064234,2.3953025670888533,79.12301899170511
UP25_SCORE80_NIKKEION_TP3.5_SL1.75_H3,VALIDATION,2023-05-01,7011.T,HOLD,2.5301458927096454,3,,,,,,,,1.6474797805150931,1.631766868235908,66.13065535678693
UP25_SCORE80_NIKKEION_TP3.5_SL1.75_H3,VALIDATION,2023-05-09,5401.T,WIN,7.6815329628745825,1,,,,,,,,2.2232951322498806,2.4216348728935766,63.075672705376185
UP25_SCORE80_NIKKEION_TP3.5_SL1.75_H3,VALIDATION,2023-05-10,9107.T,WIN,12.843377086983454,1,,,,,,,,3.698107739138131,1.6721083015720768,62.615682903241385
UP25_SCORE80_NIKKEION_TP3.5_SL1.75_H3,VALIDATION,2023-05-11,5020.T,WIN,5.1040648697332385,1,,,,,,,,1.4868756770666383,3.681803466050562,72.78286865632573
UP25_SCORE80_NIKKEION_TP3.5_SL1.75_H3,VALIDATION,2023-05-12,5406.T,WIN,12.917749455618422,1,,,,,,,,3.719356987319548,5.052158085537815,68.63672427624891
UP25_SCORE80_NIKKEION_TP3.5_SL1.75_H3,VALIDATION,2023-05-15,5406.T,WIN,13.278925234830108,1,,,,,,,,3.8225500670943178,1.7922546424440156,68.83347968195596
UP25_SCORE80_NIKKEION_TP3.5_SL1.75_H3,VALIDATION,2023-05-16,4188.T,WIN,4.649537925379821,1,,,,,,,,1.3570108358228028,1.900617460813976,63.985237751869725
UP25_SCORE80_NIKKEION_TP3.5_SL1.75_H3,VALIDATION,2023-07-03,5301.T,WIN,8.204038046132023,1,,,,,,,,2.3725822988948613,1.6841448882477126,76.76292337832162
UP25_SCORE80_NIKKEION_TP3.5_SL1.75_H3,VALIDATION,2023-07-05,9107.T,WIN,12.324907569633192,1,,,,,,,,3.5499735913237704,2.150751782310317,69.97459032079043
UP25_SCORE80_NIKKEION_TP3.5_SL1.75_H3,VALIDATION,2023-07-28,8331.T,WIN,6.9351616766423545,1,,,,,,,,2.010046193326387,2.1956075174010463,72.16573526230798
UP25_SCORE80_NIKKEION_TP3.5_SL1.75_H3,VALIDATION,2023-07-31,8308.T,TIMEOUT_LOSS,-1.2452531699781444,3,,,,,,,,2.5763241790336844,1.9173748312925836,71.9207173897711
UP25_SCORE80_NIKKEION_TP3.5_SL1.75_H3,VALIDATION,2023-08-01,6976.T,HOLD,1.8693882072037593,3,,,,,,,,2.606764674052127,2.1396985671851048,57.50048021808944
UP25_SCORE80_NIKKEION_TP3.5_SL1.75_H3,VALIDATION,2023-08-29,9501.T,TIMEOUT_LOSS,-2.143950752030588,3,,,,,,,,3.1402072969105355,2.2716801360357546,73.52136944851513
UP25_SCORE80_NIKKEION_TP3.5_SL1.75_H3,VALIDATION,2023-09-08,7532.T,LOSS,-4.544007253047299,2,,,,,,,,2.657533706705184,1.5087604957949283,59.8378595415099
UP25_SCORE80_NIKKEION_TP3.5_SL1.75_H3,VALIDATION,2023-09-11,8308.T,LOSS,-4.114795844080366,1,,,,,,,,2.390127805566289,1.665899299127487,79.10878705380313
UP25_SCORE80_NIKKEION_TP3.5_SL1.75_H3,VALIDATION,2023-09-12,8316.T,LOSS,-3.1436556109970315,1,,,,,,,,1.7938297784150459,1.6274642753207946,80.10973378734327
UP25_SCORE80_NIKKEION_TP3.5_SL1.75_H3,VALIDATION,2023-09-13,8306.T,LOSS,-3.520250135829306,1,,,,,,,,2.0236422767650737,1.6494697326543106,80.85596893501176
UP25_SCORE80_NIKKEION_TP3.5_SL1.75_H3,VALIDATION,2023-11-13,2501.T,LOSS,-4.076816656159987,1,,,,,,,,2.3665812583255104,2.601058336455944,83.63371851723367
UP25_SCORE80_NIKKEION_TP3.5_SL1.75_H3,VALIDATION,2023-12-29,7974.T,WIN,5.653738253917762,3,,,,,,,,1.643925215405077,1.9467622373338236,74.74645526007333
UP25_SCORE80_NIKKEION_TP3.5_SL1.75_H3,VALIDATION,2024-01-05,8601.T,WIN,7.635628315990884,1,,,,,,,,2.210179518854538,1.680065341212715,65.83317514015158
UP25_SCORE80_NIKKEION_TP3.5_SL1.75_H3,VALIDATION,2024-01-18,7735.T,WIN,10.909167313103575,1,,,,,,,,3.1454763751724477,1.92320418278728,75.52852009430023
UP25_SCORE80_NIKKEION_TP3.5_SL1.75_H3,VALIDATION,2024-03-05,6146.T,TIMEOUT_LOSS,-0.5588255963961396,3,,,,,,,,3.284602928557382,2.1800391194636752,80.50298701119084
UP25_SCORE80_NIKKEION_TP3.5_SL1.75_H3,VALIDATION,2024-03-06,1802.T,WIN,9.890803785294333,1,,,,,,,,2.8545153672269548,2.554199432260858,85.31838469532941
UP25_SCORE80_NIKKEION_TP3.5_SL1.75_H3,VALIDATION,2024-03-07,7012.T,TIMEOUT_LOSS,-1.3340755048777408,3,,,,,,,,3.210564756415324,3.000958757164228,86.42904059170691
UP25_SCORE80_NIKKEION_TP3.5_SL1.75_H3,VALIDATION,2024-03-21,8804.T,WIN,10.133110865304895,1,,,,,,,,2.923745961515685,1.69173223588183,67.93402062292945
UP25_SCORE80_NIKKEION_TP3.5_SL1.75_H3,VALIDATION,2024-03-22,3099.T,HOLD,6.877494385247552,3,,,,,,,,2.453948221491993,1.5707909104979727,81.63333499499859
UP25_SCORE80_NIKKEION_TP3.5_SL1.75_H3,VALIDATION,2024-03-25,5631.T,WIN,9.327517467571845,2,,,,,,,,2.693576419306239,1.9978760576890136,78.08170396611129
UP25_SCORE80_NIKKEION_TP3.5_SL1.75_H3,VALIDATION,2024-03-26,6504.T,HOLD,4.84654585282166,3,,,,,,,,2.8262976686388814,1.7303010510064722,74.90764016864891
UP25_SCORE80_NIKKEION_TP3.5_SL1.75_H3,VALIDATION,2024-03-27,8308.T,HOLD,0.41721946829534906,3,,,,,,,,3.0733363442166413,1.5960925826296606,69.621051993328
UP25_SCORE80_NIKKEION_TP3.5_SL1.75_H3,VALIDATION,2024-03-28,9501.T,TIMEOUT_LOSS,-1.4722540245678761,3,,,,,,,,4.639511584038658,1.535695399259651,61.44666417260486
UP25_SCORE80_NIKKEION_TP3.5_SL1.75_H3,VALIDATION,2024-05-14,5801.T,HOLD,2.2820223552854624,3,,,,,,,,3.3266977409723695,4.547126157516055,78.26401062449611
UP25_SCORE80_NIKKEION_TP3.5_SL1.75_H3,VALIDATION,2024-05-15,5101.T,LOSS,-5.380278726103226,1,,,,,,,,3.185505709499344,2.1531057837982357,57.67965645377095
UP25_SCORE80_NIKKEION_TP3.5_SL1.75_H3,VALIDATION,2024-05-30,8331.T,LOSS,-3.8829802451298967,1,,,,,,,,2.2466950262275853,1.6671299042083123,76.98906772721455
UP25_SCORE80_NIKKEION_TP3.5_SL1.75_H3,VALIDATION,2024-07-05,7011.T,LOSS,-5.915070660495891,3,,,,,,,,3.3228975202833633,2.5582053497235537,86.65930019007098
UP25_SCORE80_NIKKEION_TP3.5_SL1.75_H3,VALIDATION,2024-07-08,7011.T,LOSS,-6.096391434160097,2,,,,,,,,3.4265093909486253,1.7619016094335518,86.88149005846999
UP25_SCORE80_NIKKEION_TP3.5_SL1.75_H3,VALIDATION,2024-07-09,5803.T,TIMEOUT_LOSS,-0.5020352086310463,3,,,,,,,,3.809966458306757,3.0971420165153285,65.1673118563374
UP25_SCORE80_NIKKEION_TP3.5_SL1.75_H3,VALIDATION,2024-07-10,5803.T,TIMEOUT_LOSS,-2.3216796953875796,3,,,,,,,,3.7783164995058183,1.977109990603468,67.32339376466534
UP25_SCORE80_NIKKEION_TP3.5_SL1.75_H3,VALIDATION,2024-07-12,4519.T,HOLD,0.13311846210201103,3,,,,,,,,2.4175399406305127,1.5207411706833838,76.8046823943933
UP25_SCORE80_NIKKEION_TP3.5_SL1.75_H3,VALIDATION,2024-07-16,6976.T,HOLD,5.223364293422395,3,,,,,,,,3.5256413216273375,1.7389526651481166,77.39298849461471
UP25_SCORE80_NIKKEION_TP3.5_SL1.75_H3,VALIDATION,2024-09-05,6532.T,LOSS,-5.574452788135786,1,,,,,,,,3.3094320301220614,1.812501141948804,65.73803228477507
UP25_SCORE80_NIKKEION_TP3.5_SL1.75_H3,VALIDATION,2024-11-07,7013.T,HOLD,1.2587562963110144,3,,,,,,,,4.814901131833723,2.2527265778296126,70.02433857866997
UP25_SCORE80_NIKKEION_TP3.5_SL1.75_H3,VALIDATION,2024-11-08,7012.T,TIMEOUT_LOSS,-6.372429117570476,3,,,,,,,,4.434220461682906,3.200205529096764,69.90419704592867
UP25_SCORE80_NIKKEION_TP3.5_SL1.75_H3,VALIDATION,2024-11-11,5803.T,TIMEOUT_LOSS,-2.420324839515642,3,,,,,,,,5.599984000136319,1.7857249601142264,64.76170419168966
UP25_SCORE80_NIKKEION_TP3.5_SL1.75_H3,VALIDATION,2024-11-12,5801.T,HOLD,9.229748967881969,3,,,,,,,,4.212795453398469,5.95992017197373,85.57524419496607
UP30_SCORE80_NIKKEION_TP3.5_SL1.75_H3,VALIDATION,2022-08-24,7733.T,HOLD,0.1464212754205386,3,,,,,,,,2.487512480075919,1.8547560940531955,65.51391763203654
UP30_SCORE80_NIKKEION_TP3.5_SL1.75_H3,VALIDATION,2022-08-25,7004.T,WIN,8.659482124574557,1,,,,,,,,2.502709178449873,1.68890419213222,64.82502886936872
UP30_SCORE80_NIKKEION_TP3.5_SL1.75_H3,VALIDATION,2022-11-04,8001.T,LOSS,-3.3781975855115887,1,,,,,,,,1.936746127953537,1.839102301394961,63.42202249431198
UP30_SCORE80_NIKKEION_TP3.5_SL1.75_H3,VALIDATION,2022-11-10,2501.T,LOSS,-3.9156108513355936,1,,,,,,,,2.266842964024092,2.343872605585045,78.05644952602152
UP30_SCORE80_NIKKEION_TP3.5_SL1.75_H3,VALIDATION,2022-11-30,9434.T,WIN,3.246309066619235,1,,,,,,,,0.9560883047483518,2.4663342776889188,58.10727871196465
UP30_SCORE80_NIKKEION_TP3.5_SL1.75_H3,VALIDATION,2022-12-01,4523.T,WIN,12.993618305157339,2,,,,,,,,3.7410338014735256,3.726731040440298,67.15517263840277
UP30_SCORE80_NIKKEION_TP3.5_SL1.75_H3,VALIDATION,2023-02-01,2768.T,LOSS,-2.5611925850817285,1,,,,,,,,1.4418832874603549,1.59628603672925,61.67016112861338
UP30_SCORE80_NIKKEION_TP3.5_SL1.75_H3,VALIDATION,2023-02-17,5233.T,LOSS,-3.786299072613686,1,,,,,,,,2.1870788814461806,2.0514057799458647,79.34823879636357
UP30_SCORE80_NIKKEION_TP3.5_SL1.75_H3,VALIDATION,2023-02-21,5101.T,WIN,9.063655681934424,1,,,,,,,,2.6181873376955505,3.43627562267025,86.43660675284961
UP30_SCORE80_NIKKEION_TP3.5_SL1.75_H3,VALIDATION,2023-03-03,5406.T,WIN,9.60137047351467,1,,,,,,,,2.771820135289908,1.857140360382404,87.09433998237975
UP30_SCORE80_NIKKEION_TP3.5_SL1.75_H3,VALIDATION,2023-03-06,5406.T,WIN,9.590422756537288,1,,,,,,,,2.768692216153508,1.502203260570827,87.66789665700449
UP30_SCORE80_NIKKEION_TP3.5_SL1.75_H3,VALIDATION,2023-03-07,5406.T,WIN,9.838759854621005,1,,,,,,,,2.8396456727488584,2.0701893640139404,90.18696901800902
UP30_SCORE80_NIKKEION_TP3.5_SL1.75_H3,VALIDATION,2023-03-08,6472.T,WIN,8.774131461873436,1,,,,,,,,2.535466131963841,1.5964971261163212,80.32679424160867
UP30_SCORE80_NIKKEION_TP3.5_SL1.75_H3,VALIDATION,2023-03-09,6472.T,WIN,8.846430099275738,1,,,,,,,,2.5561228855073503,2.0280835938094106,81.64248124982342
UP30_SCORE80_NIKKEION_TP3.5_SL1.75_H3,VALIDATION,2023-03-30,9107.T,WIN,11.874626403568856,1,,,,,,,,3.4213218295911028,2.956640384017868,67.71212740707429
UP30_SCORE80_NIKKEION_TP3.5_SL1.75_H3,VALIDATION,2023-03-31,7735.T,HOLD,1.9952370032169875,3,,,,,,,,2.5391231063714175,1.7645630331178097,71.61649211053447
UP30_SCORE80_NIKKEION_TP3.5_SL1.75_H3,VALIDATION,2023-04-03,6361.T,TIMEOUT_LOSS,-1.4527729564149383,3,,,,,,,,2.384753810496683,1.789481559063365,70.6068253998211
UP30_SCORE80_NIKKEION_TP3.5_SL1.75_H3,VALIDATION,2023-04-04,6501.T,HOLD,0.37960656090801914,3,,,,,,,,2.0304261745622165,1.5221769100292324,70.37175256557059
UP30_SCORE80_NIKKEION_TP3.5_SL1.75_H3,VALIDATION,2023-04-05,7453.T,HOLD,1.1430890333390953,3,,,,,,,,2.549078700278436,2.2329253812711656,54.85035368390627
UP30_SCORE80_NIKKEION_TP3.5_SL1.75_H3,VALIDATION,2023-04-11,9009.T,HOLD,3.1175604922691336,3,,,,,,,,1.9900095906876618,1.6478328517448322,79.14396561216782
UP30_SCORE80_NIKKEION_TP3.5_SL1.75_H3,VALIDATION,2023-04-12,3086.T,WIN,8.473295069973064,1,,,,,,,,2.4495128771351586,2.600409263552136,65.77527308898344
UP30_SCORE80_NIKKEION_TP3.5_SL1.75_H3,VALIDATION,2023-04-13,7453.T,HOLD,2.690558295829437,3,,,,,,,,2.575211037043294,1.6011953311443716,59.13648388012189
UP30_SCORE80_NIKKEION_TP3.5_SL1.75_H3,VALIDATION,2023-04-14,3697.T,TIMEOUT_LOSS,-2.594536581674811,3,,,,,,,,4.121031231711458,1.8575489819439108,70.5419742753867
UP30_SCORE80_NIKKEION_TP3.5_SL1.75_H3,VALIDATION,2023-04-17,6752.T,WIN,6.853163951123554,1,,,,,,,,1.9866182717495888,1.8304620405232623,71.88274667672724
UP30_SCORE80_NIKKEION_TP3.5_SL1.75_H3,VALIDATION,2023-04-19,8253.T,WIN,6.8967269432276606,1,,,,,,,,1.9990648409221896,1.624354060885152,71.01284289908423
UP30_SCORE80_NIKKEION_TP3.5_SL1.75_H3,VALIDATION,2023-04-20,3099.T,WIN,7.97065898705115,3,,,,,,,,2.3059025677288973,1.6848464507467695,64.50758913098556
UP30_SCORE80_NIKKEION_TP3.5_SL1.75_H3,VALIDATION,2023-04-21,6146.T,TIMEOUT_LOSS,-3.937076569153586,3,,,,,,,,2.9290030680995187,4.820541702933798,75.78560698122133
UP30_SCORE80_NIKKEION_TP3.5_SL1.75_H3,VALIDATION,2023-04-24,9202.T,WIN,4.872682484096147,1,,,,,,,,1.4207664240274718,3.269837442481966,70.44491341213703
UP30_SCORE80_NIKKEION_TP3.5_SL1.75_H3,VALIDATION,2023-04-25,6503.T,WIN,5.968434276103574,3,,,,,,,,1.733838364601022,2.155498593594048,79.72493429343518
UP30_SCORE80_NIKKEION_TP3.5_SL1.75_H3,VALIDATION,2023-04-26,1803.T,WIN,6.789852849899314,1,,,,,,,,1.9685293856855173,6.0865440632331405,73.83107527961079
UP30_SCORE80_NIKKEION_TP3.5_SL1.75_H3,VALIDATION,2023-04-27,6473.T,WIN,6.817593959674595,1,,,,,,,,1.9764554170498865,2.898426338292784,67.10946758818605
UP30_SCORE80_NIKKEION_TP3.5_SL1.75_H3,VALIDATION,2023-04-28,8801.T,WIN,5.472167483422486,1,,,,,,,,1.5920478524064234,2.3953025670888533,79.12301899170511
UP30_SCORE80_NIKKEION_TP3.5_SL1.75_H3,VALIDATION,2023-05-01,7011.T,HOLD,2.5301458927096454,3,,,,,,,,1.6474797805150931,1.631766868235908,66.13065535678693
UP30_SCORE80_NIKKEION_TP3.5_SL1.75_H3,VALIDATION,2023-05-09,5401.T,WIN,7.6815329628745825,1,,,,,,,,2.2232951322498806,2.4216348728935766,63.075672705376185
UP30_SCORE80_NIKKEION_TP3.5_SL1.75_H3,VALIDATION,2023-05-10,9107.T,WIN,12.843377086983454,1,,,,,,,,3.698107739138131,1.6721083015720768,62.615682903241385
UP30_SCORE80_NIKKEION_TP3.5_SL1.75_H3,VALIDATION,2023-05-11,5020.T,WIN,5.1040648697332385,1,,,,,,,,1.4868756770666383,3.681803466050562,72.78286865632573
UP30_SCORE80_NIKKEION_TP3.5_SL1.75_H3,VALIDATION,2023-05-12,5406.T,WIN,12.917749455618422,1,,,,,,,,3.719356987319548,5.052158085537815,68.63672427624891
UP30_SCORE80_NIKKEION_TP3.5_SL1.75_H3,VALIDATION,2023-05-15,5406.T,WIN,13.278925234830108,1,,,,,,,,3.8225500670943178,1.7922546424440156,68.83347968195596
UP30_SCORE80_NIKKEION_TP3.5_SL1.75_H3,VALIDATION,2023-05-16,4188.T,WIN,4.649537925379821,1,,,,,,,,1.3570108358228028,1.900617460813976,63.985237751869725
UP30_SCORE80_NIKKEION_TP3.5_SL1.75_H3,VALIDATION,2023-07-03,5301.T,WIN,8.204038046132023,1,,,,,,,,2.3725822988948613,1.6841448882477126,76.76292337832162
UP30_SCORE80_NIKKEION_TP3.5_SL1.75_H3,VALIDATION,2023-07-05,9107.T,WIN,12.324907569633192,1,,,,,,,,3.5499735913237704,2.150751782310317,69.97459032079043
UP30_SCORE80_NIKKEION_TP3.5_SL1.75_H3,VALIDATION,2023-07-28,8331.T,WIN,6.9351616766423545,1,,,,,,,,2.010046193326387,2.1956075174010463,72.16573526230798
UP30_SCORE80_NIKKEION_TP3.5_SL1.75_H3,VALIDATION,2023-07-31,8308.T,TIMEOUT_LOSS,-1.2452531699781444,3,,,,,,,,2.5763241790336844,1.9173748312925836,71.9207173897711
UP30_SCORE80_NIKKEION_TP3.5_SL1.75_H3,VALIDATION,2023-08-01,6976.T,HOLD,1.8693882072037593,3,,,,,,,,2.606764674052127,2.1396985671851048,57.50048021808944
UP30_SCORE80_NIKKEION_TP3.5_SL1.75_H3,VALIDATION,2023-08-29,9501.T,TIMEOUT_LOSS,-2.143950752030588,3,,,,,,,,3.1402072969105355,2.2716801360357546,73.52136944851513
UP30_SCORE80_NIKKEION_TP3.5_SL1.75_H3,VALIDATION,2023-09-08,7532.T,LOSS,-4.544007253047299,2,,,,,,,,2.657533706705184,1.5087604957949283,59.8378595415099
UP30_SCORE80_NIKKEION_TP3.5_SL1.75_H3,VALIDATION,2023-09-11,8308.T,LOSS,-4.114795844080366,1,,,,,,,,2.390127805566289,1.665899299127487,79.10878705380313
UP30_SCORE80_NIKKEION_TP3.5_SL1.75_H3,VALIDATION,2023-09-12,8316.T,LOSS,-3.1436556109970315,1,,,,,,,,1.7938297784150459,1.6274642753207946,80.10973378734327
UP30_SCORE80_NIKKEION_TP3.5_SL1.75_H3,VALIDATION,2023-09-13,8306.T,LOSS,-3.520250135829306,1,,,,,,,,2.0236422767650737,1.6494697326543106,80.85596893501176
UP30_SCORE80_NIKKEION_TP3.5_SL1.75_H3,VALIDATION,2023-11-13,2501.T,LOSS,-4.076816656159987,1,,,,,,,,2.3665812583255104,2.601058336455944,83.63371851723367
UP30_SCORE80_NIKKEION_TP3.5_SL1.75_H3,VALIDATION,2023-12-29,7974.T,WIN,5.653738253917762,3,,,,,,,,1.643925215405077,1.9467622373338236,74.74645526007333
UP30_SCORE80_NIKKEION_TP3.5_SL1.75_H3,VALIDATION,2024-01-05,8601.T,WIN,7.635628315990884,1,,,,,,,,2.210179518854538,1.680065341212715,65.83317514015158
UP30_SCORE80_NIKKEION_TP3.5_SL1.75_H3,VALIDATION,2024-01-18,7735.T,WIN,10.909167313103575,1,,,,,,,,3.1454763751724477,1.92320418278728,75.52852009430023
UP30_SCORE80_NIKKEION_TP3.5_SL1.75_H3,VALIDATION,2024-03-05,6146.T,TIMEOUT_LOSS,-0.5588255963961396,3,,,,,,,,3.284602928557382,2.1800391194636752,80.50298701119084
UP30_SCORE80_NIKKEION_TP3.5_SL1.75_H3,VALIDATION,2024-03-06,1802.T,WIN,9.890803785294333,1,,,,,,,,2.8545153672269548,2.554199432260858,85.31838469532941
UP30_SCORE80_NIKKEION_TP3.5_SL1.75_H3,VALIDATION,2024-03-07,7012.T,TIMEOUT_LOSS,-1.3340755048777408,3,,,,,,,,3.210564756415324,3.000958757164228,86.42904059170691
UP30_SCORE80_NIKKEION_TP3.5_SL1.75_H3,VALIDATION,2024-03-21,8804.T,WIN,10.133110865304895,1,,,,,,,,2.923745961515685,1.69173223588183,67.93402062292945
UP30_SCORE80_NIKKEION_TP3.5_SL1.75_H3,VALIDATION,2024-03-22,3099.T,HOLD,6.877494385247552,3,,,,,,,,2.453948221491993,1.5707909104979727,81.63333499499859
UP30_SCORE80_NIKKEION_TP3.5_SL1.75_H3,VALIDATION,2024-03-25,5631.T,WIN,9.327517467571845,2,,,,,,,,2.693576419306239,1.9978760576890136,78.08170396611129
UP30_SCORE80_NIKKEION_TP3.5_SL1.75_H3,VALIDATION,2024-03-26,6504.T,HOLD,4.84654585282166,3,,,,,,,,2.8262976686388814,1.7303010510064722,74.90764016864891
UP30_SCORE80_NIKKEION_TP3.5_SL1.75_H3,VALIDATION,2024-03-27,8308.T,HOLD,0.41721946829534906,3,,,,,,,,3.0733363442166413,1.5960925826296606,69.621051993328
UP30_SCORE80_NIKKEION_TP3.5_SL1.75_H3,VALIDATION,2024-03-28,9501.T,TIMEOUT_LOSS,-1.4722540245678761,3,,,,,,,,4.639511584038658,1.535695399259651,61.44666417260486
UP30_SCORE80_NIKKEION_TP3.5_SL1.75_H3,VALIDATION,2024-05-14,5801.T,HOLD,2.2820223552854624,3,,,,,,,,3.3266977409723695,4.547126157516055,78.26401062449611
UP30_SCORE80_NIKKEION_TP3.5_SL1.75_H3,VALIDATION,2024-05-15,5101.T,LOSS,-5.380278726103226,1,,,,,,,,3.185505709499344,2.1531057837982357,57.67965645377095
UP30_SCORE80_NIKKEION_TP3.5_SL1.75_H3,VALIDATION,2024-05-30,8331.T,LOSS,-3.8829802451298967,1,,,,,,,,2.2466950262275853,1.6671299042083123,76.98906772721455
UP30_SCORE80_NIKKEION_TP3.5_SL1.75_H3,VALIDATION,2024-07-05,7011.T,LOSS,-5.915070660495891,3,,,,,,,,3.3228975202833633,2.5582053497235537,86.65930019007098
UP30_SCORE80_NIKKEION_TP3.5_SL1.75_H3,VALIDATION,2024-07-08,7011.T,LOSS,-6.096391434160097,2,,,,,,,,3.4265093909486253,1.7619016094335518,86.88149005846999
UP30_SCORE80_NIKKEION_TP3.5_SL1.75_H3,VALIDATION,2024-07-09,5803.T,TIMEOUT_LOSS,-0.5020352086310463,3,,,,,,,,3.809966458306757,3.0971420165153285,65.1673118563374
UP30_SCORE80_NIKKEION_TP3.5_SL1.75_H3,VALIDATION,2024-07-10,5803.T,TIMEOUT_LOSS,-2.3216796953875796,3,,,,,,,,3.7783164995058183,1.977109990603468,67.32339376466534
UP30_SCORE80_NIKKEION_TP3.5_SL1.75_H3,VALIDATION,2024-07-12,4519.T,HOLD,0.13311846210201103,3,,,,,,,,2.4175399406305127,1.5207411706833838,76.8046823943933
UP30_SCORE80_NIKKEION_TP3.5_SL1.75_H3,VALIDATION,2024-07-16,6976.T,HOLD,5.223364293422395,3,,,,,,,,3.5256413216273375,1.7389526651481166,77.39298849461471
UP30_SCORE80_NIKKEION_TP3.5_SL1.75_H3,VALIDATION,2024-09-05,6532.T,LOSS,-5.574452788135786,1,,,,,,,,3.3094320301220614,1.812501141948804,65.73803228477507
UP30_SCORE80_NIKKEION_TP3.5_SL1.75_H3,VALIDATION,2024-11-07,7013.T,HOLD,1.2587562963110144,3,,,,,,,,4.814901131833723,2.2527265778296126,70.02433857866997
UP30_SCORE80_NIKKEION_TP3.5_SL1.75_H3,VALIDATION,2024-11-08,7012.T,TIMEOUT_LOSS,-6.372429117570476,3,,,,,,,,4.434220461682906,3.200205529096764,69.90419704592867
UP30_SCORE80_NIKKEION_TP3.5_SL1.75_H3,VALIDATION,2024-11-11,5803.T,TIMEOUT_LOSS,-2.420324839515642,3,,,,,,,,5.599984000136319,1.7857249601142264,64.76170419168966
UP30_SCORE80_NIKKEION_TP3.5_SL1.75_H3,VALIDATION,2024-11-12,5801.T,HOLD,9.229748967881969,3,,,,,,,,4.212795453398469,5.95992017197373,85.57524419496607
UP20_SCORE80_NIKKEION_TP3.5_SL1.75_H3,VALIDATION,2022-08-24,7733.T,HOLD,0.1464212754205386,3,,,,,,,,2.487512480075919,1.8547560940531955,65.51391763203654
UP20_SCORE80_NIKKEION_TP3.5_SL1.75_H3,VALIDATION,2022-08-25,7004.T,WIN,8.659482124574557,1,,,,,,,,2.502709178449873,1.68890419213222,64.82502886936872
UP20_SCORE80_NIKKEION_TP3.5_SL1.75_H3,VALIDATION,2022-11-04,8001.T,LOSS,-3.3781975855115887,1,,,,,,,,1.936746127953537,1.839102301394961,63.42202249431198
UP20_SCORE80_NIKKEION_TP3.5_SL1.75_H3,VALIDATION,2022-11-10,2501.T,LOSS,-3.9156108513355936,1,,,,,,,,2.266842964024092,2.343872605585045,78.05644952602152
UP20_SCORE80_NIKKEION_TP3.5_SL1.75_H3,VALIDATION,2022-11-30,9434.T,WIN,3.246309066619235,1,,,,,,,,0.9560883047483518,2.4663342776889188,58.10727871196465
UP20_SCORE80_NIKKEION_TP3.5_SL1.75_H3,VALIDATION,2022-12-01,4523.T,WIN,12.993618305157339,2,,,,,,,,3.7410338014735256,3.726731040440298,67.15517263840277
UP20_SCORE80_NIKKEION_TP3.5_SL1.75_H3,VALIDATION,2023-02-01,2768.T,LOSS,-2.5611925850817285,1,,,,,,,,1.4418832874603549,1.59628603672925,61.67016112861338
UP20_SCORE80_NIKKEION_TP3.5_SL1.75_H3,VALIDATION,2023-02-17,5233.T,LOSS,-3.786299072613686,1,,,,,,,,2.1870788814461806,2.0514057799458647,79.34823879636357
UP20_SCORE80_NIKKEION_TP3.5_SL1.75_H3,VALIDATION,2023-02-21,5101.T,WIN,9.063655681934424,1,,,,,,,,2.6181873376955505,3.43627562267025,86.43660675284961
UP20_SCORE80_NIKKEION_TP3.5_SL1.75_H3,VALIDATION,2023-03-03,5406.T,WIN,9.60137047351467,1,,,,,,,,2.771820135289908,1.857140360382404,87.09433998237975
UP20_SCORE80_NIKKEION_TP3.5_SL1.75_H3,VALIDATION,2023-03-06,5406.T,WIN,9.590422756537288,1,,,,,,,,2.768692216153508,1.502203260570827,87.66789665700449
UP20_SCORE80_NIKKEION_TP3.5_SL1.75_H3,VALIDATION,2023-03-07,5406.T,WIN,9.838759854621005,1,,,,,,,,2.8396456727488584,2.0701893640139404,90.18696901800902
UP20_SCORE80_NIKKEION_TP3.5_SL1.75_H3,VALIDATION,2023-03-08,6472.T,WIN,8.774131461873436,1,,,,,,,,2.535466131963841,1.5964971261163212,80.32679424160867
UP20_SCORE80_NIKKEION_TP3.5_SL1.75_H3,VALIDATION,2023-03-09,6472.T,WIN,8.846430099275738,1,,,,,,,,2.5561228855073503,2.0280835938094106,81.64248124982342
UP20_SCORE80_NIKKEION_TP3.5_SL1.75_H3,VALIDATION,2023-03-30,9107.T,WIN,11.874626403568856,1,,,,,,,,3.4213218295911028,2.956640384017868,67.71212740707429
UP20_SCORE80_NIKKEION_TP3.5_SL1.75_H3,VALIDATION,2023-03-31,7735.T,HOLD,1.9952370032169875,3,,,,,,,,2.5391231063714175,1.7645630331178097,71.61649211053447
UP20_SCORE80_NIKKEION_TP3.5_SL1.75_H3,VALIDATION,2023-04-03,6361.T,TIMEOUT_LOSS,-1.4527729564149383,3,,,,,,,,2.384753810496683,1.789481559063365,70.6068253998211
UP20_SCORE80_NIKKEION_TP3.5_SL1.75_H3,VALIDATION,2023-04-04,6501.T,HOLD,0.37960656090801914,3,,,,,,,,2.0304261745622165,1.5221769100292324,70.37175256557059
UP20_SCORE80_NIKKEION_TP3.5_SL1.75_H3,VALIDATION,2023-04-05,7453.T,HOLD,1.1430890333390953,3,,,,,,,,2.549078700278436,2.2329253812711656,54.85035368390627
UP20_SCORE80_NIKKEION_TP3.5_SL1.75_H3,VALIDATION,2023-04-11,9009.T,HOLD,3.1175604922691336,3,,,,,,,,1.9900095906876618,1.6478328517448322,79.14396561216782
UP20_SCORE80_NIKKEION_TP3.5_SL1.75_H3,VALIDATION,2023-04-12,3086.T,WIN,8.473295069973064,1,,,,,,,,2.4495128771351586,2.600409263552136,65.77527308898344
UP20_SCORE80_NIKKEION_TP3.5_SL1.75_H3,VALIDATION,2023-04-13,7453.T,HOLD,2.690558295829437,3,,,,,,,,2.575211037043294,1.6011953311443716,59.13648388012189
UP20_SCORE80_NIKKEION_TP3.5_SL1.75_H3,VALIDATION,2023-04-14,3697.T,TIMEOUT_LOSS,-2.594536581674811,3,,,,,,,,4.121031231711458,1.8575489819439108,70.5419742753867
UP20_SCORE80_NIKKEION_TP3.5_SL1.75_H3,VALIDATION,2023-04-17,6752.T,WIN,6.853163951123554,1,,,,,,,,1.9866182717495888,1.8304620405232623,71.88274667672724
UP20_SCORE80_NIKKEION_TP3.5_SL1.75_H3,VALIDATION,2023-04-19,8253.T,WIN,6.8967269432276606,1,,,,,,,,1.9990648409221896,1.624354060885152,71.01284289908423
UP20_SCORE80_NIKKEION_TP3.5_SL1.75_H3,VALIDATION,2023-04-20,3099.T,WIN,7.97065898705115,3,,,,,,,,2.3059025677288973,1.6848464507467695,64.50758913098556
UP20_SCORE80_NIKKEION_TP3.5_SL1.75_H3,VALIDATION,2023-04-21,6146.T,TIMEOUT_LOSS,-3.937076569153586,3,,,,,,,,2.9290030680995187,4.820541702933798,75.78560698122133
UP20_SCORE80_NIKKEION_TP3.5_SL1.75_H3,VALIDATION,2023-04-24,9202.T,WIN,4.872682484096147,1,,,,,,,,1.4207664240274718,3.269837442481966,70.44491341213703
UP20_SCORE80_NIKKEION_TP3.5_SL1.75_H3,VALIDATION,2023-04-25,6503.T,WIN,5.968434276103574,3,,,,,,,,1.733838364601022,2.155498593594048,79.72493429343518
UP20_SCORE80_NIKKEION_TP3.5_SL1.75_H3,VALIDATION,2023-04-26,1803.T,WIN,6.789852849899314,1,,,,,,,,1.9685293856855173,6.0865440632331405,73.83107527961079
UP20_SCORE80_NIKKEION_TP3.5_SL1.75_H3,VALIDATION,2023-04-27,6473.T,WIN,6.817593959674595,1,,,,,,,,1.9764554170498865,2.898426338292784,67.10946758818605
UP20_SCORE80_NIKKEION_TP3.5_SL1.75_H3,VALIDATION,2023-04-28,8801.T,WIN,5.472167483422486,1,,,,,,,,1.5920478524064234,2.3953025670888533,79.12301899170511
UP20_SCORE80_NIKKEION_TP3.5_SL1.75_H3,VALIDATION,2023-05-01,7011.T,HOLD,2.5301458927096454,3,,,,,,,,1.6474797805150931,1.631766868235908,66.13065535678693
UP20_SCORE80_NIKKEION_TP3.5_SL1.75_H3,VALIDATION,2023-05-09,5401.T,WIN,7.6815329628745825,1,,,,,,,,2.2232951322498806,2.4216348728935766,63.075672705376185
UP20_SCORE80_NIKKEION_TP3.5_SL1.75_H3,VALIDATION,2023-05-10,9107.T,WIN,12.843377086983454,1,,,,,,,,3.698107739138131,1.6721083015720768,62.615682903241385
UP20_SCORE80_NIKKEION_TP3.5_SL1.75_H3,VALIDATION,2023-05-11,5020.T,WIN,5.1040648697332385,1,,,,,,,,1.4868756770666383,3.681803466050562,72.78286865632573
UP20_SCORE80_NIKKEION_TP3.5_SL1.75_H3,VALIDATION,2023-05-12,5406.T,WIN,12.917749455618422,1,,,,,,,,3.719356987319548,5.052158085537815,68.63672427624891
UP20_SCORE80_NIKKEION_TP3.5_SL1.75_H3,VALIDATION,2023-05-15,5406.T,WIN,13.278925234830108,1,,,,,,,,3.8225500670943178,1.7922546424440156,68.83347968195596
UP20_SCORE80_NIKKEION_TP3.5_SL1.75_H3,VALIDATION,2023-05-16,4188.T,WIN,4.649537925379821,1,,,,,,,,1.3570108358228028,1.900617460813976,63.985237751869725
UP20_SCORE80_NIKKEION_TP3.5_SL1.75_H3,VALIDATION,2023-07-03,5301.T,WIN,8.204038046132023,1,,,,,,,,2.3725822988948613,1.6841448882477126,76.76292337832162
UP20_SCORE80_NIKKEION_TP3.5_SL1.75_H3,VALIDATION,2023-07-05,9107.T,WIN,12.324907569633192,1,,,,,,,,3.5499735913237704,2.150751782310317,69.97459032079043
UP20_SCORE80_NIKKEION_TP3.5_SL1.75_H3,VALIDATION,2023-07-28,8331.T,WIN,6.9351616766423545,1,,,,,,,,2.010046193326387,2.1956075174010463,72.16573526230798
UP20_SCORE80_NIKKEION_TP3.5_SL1.75_H3,VALIDATION,2023-07-31,8308.T,TIMEOUT_LOSS,-1.2452531699781444,3,,,,,,,,2.5763241790336844,1.9173748312925836,71.9207173897711
UP20_SCORE80_NIKKEION_TP3.5_SL1.75_H3,VALIDATION,2023-08-01,6976.T,HOLD,1.8693882072037593,3,,,,,,,,2.606764674052127,2.1396985671851048,57.50048021808944
UP20_SCORE80_NIKKEION_TP3.5_SL1.75_H3,VALIDATION,2023-08-29,9501.T,TIMEOUT_LOSS,-2.143950752030588,3,,,,,,,,3.1402072969105355,2.2716801360357546,73.52136944851513
UP20_SCORE80_NIKKEION_TP3.5_SL1.75_H3,VALIDATION,2023-09-08,7532.T,LOSS,-4.544007253047299,2,,,,,,,,2.657533706705184,1.5087604957949283,59.8378595415099
UP20_SCORE80_NIKKEION_TP3.5_SL1.75_H3,VALIDATION,2023-09-11,8308.T,LOSS,-4.114795844080366,1,,,,,,,,2.390127805566289,1.665899299127487,79.10878705380313
UP20_SCORE80_NIKKEION_TP3.5_SL1.75_H3,VALIDATION,2023-09-12,8316.T,LOSS,-3.1436556109970315,1,,,,,,,,1.7938297784150459,1.6274642753207946,80.10973378734327
UP20_SCORE80_NIKKEION_TP3.5_SL1.75_H3,VALIDATION,2023-09-13,8306.T,LOSS,-3.520250135829306,1,,,,,,,,2.0236422767650737,1.6494697326543106,80.85596893501176
UP20_SCORE80_NIKKEION_TP3.5_SL1.75_H3,VALIDATION,2023-11-13,2501.T,LOSS,-4.076816656159987,1,,,,,,,,2.3665812583255104,2.601058336455944,83.63371851723367
UP20_SCORE80_NIKKEION_TP3.5_SL1.75_H3,VALIDATION,2023-12-29,7974.T,WIN,5.653738253917762,3,,,,,,,,1.643925215405077,1.9467622373338236,74.74645526007333
UP20_SCORE80_NIKKEION_TP3.5_SL1.75_H3,VALIDATION,2024-01-05,8601.T,WIN,7.635628315990884,1,,,,,,,,2.210179518854538,1.680065341212715,65.83317514015158
UP20_SCORE80_NIKKEION_TP3.5_SL1.75_H3,VALIDATION,2024-01-18,7735.T,WIN,10.909167313103575,1,,,,,,,,3.1454763751724477,1.92320418278728,75.52852009430023
UP20_SCORE80_NIKKEION_TP3.5_SL1.75_H3,VALIDATION,2024-03-05,6146.T,TIMEOUT_LOSS,-0.5588255963961396,3,,,,,,,,3.284602928557382,2.1800391194636752,80.50298701119084
UP20_SCORE80_NIKKEION_TP3.5_SL1.75_H3,VALIDATION,2024-03-06,1802.T,WIN,9.890803785294333,1,,,,,,,,2.8545153672269548,2.554199432260858,85.31838469532941
UP20_SCORE80_NIKKEION_TP3.5_SL1.75_H3,VALIDATION,2024-03-07,7012.T,TIMEOUT_LOSS,-1.3340755048777408,3,,,,,,,,3.210564756415324,3.000958757164228,86.42904059170691
UP20_SCORE80_NIKKEION_TP3.5_SL1.75_H3,VALIDATION,2024-03-21,8804.T,WIN,10.133110865304895,1,,,,,,,,2.923745961515685,1.69173223588183,67.93402062292945
UP20_SCORE80_NIKKEION_TP3.5_SL1.75_H3,VALIDATION,2024-03-22,3099.T,HOLD,6.877494385247552,3,,,,,,,,2.453948221491993,1.5707909104979727,81.63333499499859
UP20_SCORE80_NIKKEION_TP3.5_SL1.75_H3,VALIDATION,2024-03-25,5631.T,WIN,9.327517467571845,2,,,,,,,,2.693576419306239,1.9978760576890136,78.08170396611129
UP20_SCORE80_NIKKEION_TP3.5_SL1.75_H3,VALIDATION,2024-03-26,6504.T,HOLD,4.84654585282166,3,,,,,,,,2.8262976686388814,1.7303010510064722,74.90764016864891
UP20_SCORE80_NIKKEION_TP3.5_SL1.75_H3,VALIDATION,2024-03-27,8308.T,HOLD,0.41721946829534906,3,,,,,,,,3.0733363442166413,1.5960925826296606,69.621051993328
UP20_SCORE80_NIKKEION_TP3.5_SL1.75_H3,VALIDATION,2024-03-28,9501.T,TIMEOUT_LOSS,-1.4722540245678761,3,,,,,,,,4.639511584038658,1.535695399259651,61.44666417260486
UP20_SCORE80_NIKKEION_TP3.5_SL1.75_H3,VALIDATION,2024-05-14,5801.T,HOLD,2.2820223552854624,3,,,,,,,,3.3266977409723695,4.547126157516055,78.26401062449611
UP20_SCORE80_NIKKEION_TP3.5_SL1.75_H3,VALIDATION,2024-05-15,5101.T,LOSS,-5.380278726103226,1,,,,,,,,3.185505709499344,2.1531057837982357,57.67965645377095
UP20_SCORE80_NIKKEION_TP3.5_SL1.75_H3,VALIDATION,2024-05-30,8331.T,LOSS,-3.8829802451298967,1,,,,,,,,2.2466950262275853,1.6671299042083123,76.98906772721455
UP20_SCORE80_NIKKEION_TP3.5_SL1.75_H3,VALIDATION,2024-07-05,7011.T,LOSS,-5.915070660495891,3,,,,,,,,3.3228975202833633,2.5582053497235537,86.65930019007098
UP20_SCORE80_NIKKEION_TP3.5_SL1.75_H3,VALIDATION,2024-07-08,7011.T,LOSS,-6.096391434160097,2,,,,,,,,3.4265093909486253,1.7619016094335518,86.88149005846999
UP20_SCORE80_NIKKEION_TP3.5_SL1.75_H3,VALIDATION,2024-07-09,5803.T,TIMEOUT_LOSS,-0.5020352086310463,3,,,,,,,,3.809966458306757,3.0971420165153285,65.1673118563374
UP20_SCORE80_NIKKEION_TP3.5_SL1.75_H3,VALIDATION,2024-07-10,5803.T,TIMEOUT_LOSS,-2.3216796953875796,3,,,,,,,,3.7783164995058183,1.977109990603468,67.32339376466534
UP20_SCORE80_NIKKEION_TP3.5_SL1.75_H3,VALIDATION,2024-07-12,4519.T,HOLD,0.13311846210201103,3,,,,,,,,2.4175399406305127,1.5207411706833838,76.8046823943933
UP20_SCORE80_NIKKEION_TP3.5_SL1.75_H3,VALIDATION,2024-07-16,6976.T,HOLD,5.223364293422395,3,,,,,,,,3.5256413216273375,1.7389526651481166,77.39298849461471
UP20_SCORE80_NIKKEION_TP3.5_SL1.75_H3,VALIDATION,2024-09-05,6532.T,LOSS,-5.574452788135786,1,,,,,,,,3.3094320301220614,1.812501141948804,65.73803228477507
UP20_SCORE80_NIKKEION_TP3.5_SL1.75_H3,VALIDATION,2024-11-07,7013.T,HOLD,1.2587562963110144,3,,,,,,,,4.814901131833723,2.2527265778296126,70.02433857866997
UP20_SCORE80_NIKKEION_TP3.5_SL1.75_H3,VALIDATION,2024-11-08,7012.T,TIMEOUT_LOSS,-6.372429117570476,3,,,,,,,,4.434220461682906,3.200205529096764,69.90419704592867
UP20_SCORE80_NIKKEION_TP3.5_SL1.75_H3,VALIDATION,2024-11-11,5803.T,TIMEOUT_LOSS,-2.420324839515642,3,,,,,,,,5.599984000136319,1.7857249601142264,64.76170419168966
UP20_SCORE80_NIKKEION_TP3.5_SL1.75_H3,VALIDATION,2024-11-12,5801.T,HOLD,9.229748967881969,3,,,,,,,,4.212795453398469,5.95992017197373,85.57524419496607
UP25_SCORE80_NIKKEION_TP4.0_SL1.75_H3,VALIDATION,2022-08-24,7733.T,HOLD,0.1464212754205386,3,,,,,,,,2.487512480075919,1.8547560940531955,65.51391763203654
UP25_SCORE80_NIKKEION_TP4.0_SL1.75_H3,VALIDATION,2022-08-25,7004.T,WIN,9.9108367137995,1,,,,,,,,2.502709178449873,1.68890419213222,64.82502886936872
UP25_SCORE80_NIKKEION_TP4.0_SL1.75_H3,VALIDATION,2022-11-04,8001.T,LOSS,-3.3781975855115887,1,,,,,,,,1.936746127953537,1.839102301394961,63.42202249431198
UP25_SCORE80_NIKKEION_TP4.0_SL1.75_H3,VALIDATION,2022-11-10,2501.T,LOSS,-3.9156108513355936,1,,,,,,,,2.266842964024092,2.343872605585045,78.05644952602152
UP25_SCORE80_NIKKEION_TP4.0_SL1.75_H3,VALIDATION,2022-11-30,9434.T,WIN,3.7243532189934148,1,,,,,,,,0.9560883047483518,2.4663342776889188,58.10727871196465
UP25_SCORE80_NIKKEION_TP4.0_SL1.75_H3,VALIDATION,2022-12-01,4523.T,HOLD,9.599960940878594,3,,,,,,,,3.7410338014735256,3.726731040440298,67.15517263840277
UP25_SCORE80_NIKKEION_TP4.0_SL1.75_H3,VALIDATION,2023-02-01,2768.T,LOSS,-2.5611925850817285,1,,,,,,,,1.4418832874603549,1.59628603672925,61.67016112861338
UP25_SCORE80_NIKKEION_TP4.0_SL1.75_H3,VALIDATION,2023-02-17,5233.T,LOSS,-3.786299072613686,1,,,,,,,,2.1870788814461806,2.0514057799458647,79.34823879636357
UP25_SCORE80_NIKKEION_TP4.0_SL1.75_H3,VALIDATION,2023-02-21,5101.T,WIN,10.372749350782195,1,,,,,,,,2.6181873376955505,3.43627562267025,86.43660675284961
UP25_SCORE80_NIKKEION_TP4.0_SL1.75_H3,VALIDATION,2023-03-03,5406.T,WIN,10.98728054115964,1,,,,,,,,2.771820135289908,1.857140360382404,87.09433998237975
UP25_SCORE80_NIKKEION_TP4.0_SL1.75_H3,VALIDATION,2023-03-06,5406.T,WIN,10.974768864614026,1,,,,,,,,2.768692216153508,1.502203260570827,87.66789665700449
UP25_SCORE80_NIKKEION_TP4.0_SL1.75_H3,VALIDATION,2023-03-07,5406.T,WIN,11.258582690995434,1,,,,,,,,2.8396456727488584,2.0701893640139404,90.18696901800902
UP25_SCORE80_NIKKEION_TP4.0_SL1.75_H3,VALIDATION,2023-03-08,6472.T,WIN,10.041864527855372,1,,,,,,,,2.535466131963841,1.5964971261163212,80.32679424160867
UP25_SCORE80_NIKKEION_TP4.0_SL1.75_H3,VALIDATION,2023-03-09,6472.T,WIN,10.124491542029402,1,,,,,,,,2.5561228855073503,2.0280835938094106,81.64248124982342
UP25_SCORE80_NIKKEION_TP4.0_SL1.75_H3,VALIDATION,2023-03-30,9107.T,WIN,13.585287318364403,1,,,,,,,,3.4213218295911028,2.956640384017868,67.71212740707429
UP25_SCORE80_NIKKEION_TP4.0_SL1.75_H3,VALIDATION,2023-03-31,7735.T,HOLD,1.9952370032169875,3,,,,,,,,2.5391231063714175,1.7645630331178097,71.61649211053447
UP25_SCORE80_NIKKEION_TP4.0_SL1.75_H3,VALIDATION,2023-04-03,6361.T,TIMEOUT_LOSS,-1.4527729564149383,3,,,,,,,,2.384753810496683,1.789481559063365,70.6068253998211
UP25_SCORE80_NIKKEION_TP4.0_SL1.75_H3,VALIDATION,2023-04-04,6501.T,HOLD,0.37960656090801914,3,,,,,,,,2.0304261745622165,1.5221769100292324,70.37175256557059
UP25_SCORE80_NIKKEION_TP4.0_SL1.75_H3,VALIDATION,2023-04-05,7453.T,HOLD,1.1430890333390953,3,,,,,,,,2.549078700278436,2.2329253812711656,54.85035368390627
UP25_SCORE80_NIKKEION_TP4.0_SL1.75_H3,VALIDATION,2023-04-11,9009.T,HOLD,3.1175604922691336,3,,,,,,,,1.9900095906876618,1.6478328517448322,79.14396561216782
UP25_SCORE80_NIKKEION_TP4.0_SL1.75_H3,VALIDATION,2023-04-12,3086.T,WIN,9.698051508540628,2,,,,,,,,2.4495128771351586,2.600409263552136,65.77527308898344
UP25_SCORE80_NIKKEION_TP4.0_SL1.75_H3,VALIDATION,2023-04-13,7453.T,HOLD,2.690558295829437,3,,,,,,,,2.575211037043294,1.6011953311443716,59.13648388012189
UP25_SCORE80_NIKKEION_TP4.0_SL1.75_H3,VALIDATION,2023-04-14,3697.T,TIMEOUT_LOSS,-2.594536581674811,3,,,,,,,,4.121031231711458,1.8575489819439108,70.5419742753867
UP25_SCORE80_NIKKEION_TP4.0_SL1.75_H3,VALIDATION,2023-04-17,6752.T,WIN,7.846473086998363,1,,,,,,,,1.9866182717495888,1.8304620405232623,71.88274667672724
UP25_SCORE80_NIKKEION_TP4.0_SL1.75_H3,VALIDATION,2023-04-19,8253.T,WIN,7.896259363688752,1,,,,,,,,1.9990648409221896,1.624354060885152,71.01284289908423
UP25_SCORE80_NIKKEION_TP4.0_SL1.75_H3,VALIDATION,2023-04-20,3099.T,HOLD,5.114970486944837,3,,,,,,,,2.3059025677288973,1.6848464507467695,64.50758913098556
UP25_SCORE80_NIKKEION_TP4.0_SL1.75_H3,VALIDATION,2023-04-21,6146.T,TIMEOUT_LOSS,-3.937076569153586,3,,,,,,,,2.9290030680995187,4.820541702933798,75.78560698122133
UP25_SCORE80_NIKKEION_TP4.0_SL1.75_H3,VALIDATION,2023-04-24,9202.T,WIN,5.5830656961098795,1,,,,,,,,1.4207664240274718,3.269837442481966,70.44491341213703
UP25_SCORE80_NIKKEION_TP4.0_SL1.75_H3,VALIDATION,2023-04-25,6503.T,HOLD,5.101515093803067,3,,,,,,,,1.733838364601022,2.155498593594048,79.72493429343518
UP25_SCORE80_NIKKEION_TP4.0_SL1.75_H3,VALIDATION,2023-04-26,1803.T,WIN,7.774117542742077,1,,,,,,,,1.9685293856855173,6.0865440632331405,73.83107527961079
UP25_SCORE80_NIKKEION_TP4.0_SL1.75_H3,VALIDATION,2023-04-27,6473.T,WIN,7.805821668199553,1,,,,,,,,1.9764554170498865,2.898426338292784,67.10946758818605
UP25_SCORE80_NIKKEION_TP4.0_SL1.75_H3,VALIDATION,2023-04-28,8801.T,WIN,6.268191409625701,1,,,,,,,,1.5920478524064234,2.3953025670888533,79.12301899170511
UP25_SCORE80_NIKKEION_TP4.0_SL1.75_H3,VALIDATION,2023-05-01,7011.T,HOLD,2.5301458927096454,3,,,,,,,,1.6474797805150931,1.631766868235908,66.13065535678693
UP25_SCORE80_NIKKEION_TP4.0_SL1.75_H3,VALIDATION,2023-05-09,5401.T,WIN,8.793180528999523,1,,,,,,,,2.2232951322498806,2.4216348728935766,63.075672705376185
UP25_SCORE80_NIKKEION_TP4.0_SL1.75_H3,VALIDATION,2023-05-10,9107.T,WIN,14.692430956552515,1,,,,,,,,3.698107739138131,1.6721083015720768,62.615682903241385
UP25_SCORE80_NIKKEION_TP4.0_SL1.75_H3,VALIDATION,2023-05-11,7011.T,HOLD,5.395320426312534,3,,,,,,,,2.1934996524668904,2.628737662337662,62.58737291544723
UP25_SCORE80_NIKKEION_TP4.0_SL1.75_H3,VALIDATION,2023-05-12,5406.T,WIN,14.7774279492782,1,,,,,,,,3.719356987319548,5.052158085537815,68.63672427624891
UP25_SCORE80_NIKKEION_TP4.0_SL1.75_H3,VALIDATION,2023-05-15,5406.T,WIN,15.190200268377263,1,,,,,,,,3.8225500670943178,1.7922546424440156,68.83347968195596
UP25_SCORE80_NIKKEION_TP4.0_SL1.75_H3,VALIDATION,2023-05-16,4188.T,WIN,5.3280433432912115,1,,,,,,,,1.3570108358228028,1.900617460813976,63.985237751869725
UP25_SCORE80_NIKKEION_TP4.0_SL1.75_H3,VALIDATION,2023-07-03,5301.T,WIN,9.390329195579438,1,,,,,,,,2.3725822988948613,1.6841448882477126,76.76292337832162
UP25_SCORE80_NIKKEION_TP4.0_SL1.75_H3,VALIDATION,2023-07-05,9107.T,WIN,14.099894365295073,1,,,,,,,,3.5499735913237704,2.150751782310317,69.97459032079043
UP25_SCORE80_NIKKEION_TP4.0_SL1.75_H3,VALIDATION,2023-07-28,8308.T,WIN,9.80571697298499,1,,,,,,,,2.4764292432462476,2.992813465952988,69.19508666855869
UP25_SCORE80_NIKKEION_TP4.0_SL1.75_H3,VALIDATION,2023-07-31,8308.T,TIMEOUT_LOSS,-1.2452531699781444,3,,,,,,,,2.5763241790336844,1.9173748312925836,71.9207173897711
UP25_SCORE80_NIKKEION_TP4.0_SL1.75_H3,VALIDATION,2023-08-01,6976.T,HOLD,1.8693882072037593,3,,,,,,,,2.606764674052127,2.1396985671851048,57.50048021808944
UP25_SCORE80_NIKKEION_TP4.0_SL1.75_H3,VALIDATION,2023-08-29,9501.T,TIMEOUT_LOSS,-2.143950752030588,3,,,,,,,,3.1402072969105355,2.2716801360357546,73.52136944851513
UP25_SCORE80_NIKKEION_TP4.0_SL1.75_H3,VALIDATION,2023-09-08,7532.T,LOSS,-4.544007253047299,2,,,,,,,,2.657533706705184,1.5087604957949283,59.8378595415099
UP25_SCORE80_NIKKEION_TP4.0_SL1.75_H3,VALIDATION,2023-09-11,8308.T,LOSS,-4.114795844080366,1,,,,,,,,2.390127805566289,1.665899299127487,79.10878705380313
UP25_SCORE80_NIKKEION_TP4.0_SL1.75_H3,VALIDATION,2023-09-12,8316.T,LOSS,-3.1436556109970315,1,,,,,,,,1.7938297784150459,1.6274642753207946,80.10973378734327
UP25_SCORE80_NIKKEION_TP4.0_SL1.75_H3,VALIDATION,2023-09-13,8306.T,LOSS,-3.520250135829306,1,,,,,,,,2.0236422767650737,1.6494697326543106,80.85596893501176
UP25_SCORE80_NIKKEION_TP4.0_SL1.75_H3,VALIDATION,2023-11-13,2501.T,LOSS,-4.076816656159987,1,,,,,,,,2.3665812583255104,2.601058336455944,83.63371851723367
UP25_SCORE80_NIKKEION_TP4.0_SL1.75_H3,VALIDATION,2023-12-29,7974.T,WIN,6.475700861620315,3,,,,,,,,1.643925215405077,1.9467622373338236,74.74645526007333
UP25_SCORE80_NIKKEION_TP4.0_SL1.75_H3,VALIDATION,2024-01-05,8601.T,WIN,8.740718075418153,1,,,,,,,,2.210179518854538,1.680065341212715,65.83317514015158
UP25_SCORE80_NIKKEION_TP4.0_SL1.75_H3,VALIDATION,2024-01-18,7735.T,WIN,12.481905500689782,2,,,,,,,,3.1454763751724477,1.92320418278728,75.52852009430023
UP25_SCORE80_NIKKEION_TP4.0_SL1.75_H3,VALIDATION,2024-03-05,6146.T,TIMEOUT_LOSS,-0.5588255963961396,3,,,,,,,,3.284602928557382,2.1800391194636752,80.50298701119084
UP25_SCORE80_NIKKEION_TP4.0_SL1.75_H3,VALIDATION,2024-03-06,1802.T,WIN,11.318061468907826,2,,,,,,,,2.8545153672269548,2.554199432260858,85.31838469532941
UP25_SCORE80_NIKKEION_TP4.0_SL1.75_H3,VALIDATION,2024-03-07,7012.T,TIMEOUT_LOSS,-1.3340755048777408,3,,,,,,,,3.210564756415324,3.000958757164228,86.42904059170691
UP25_SCORE80_NIKKEION_TP4.0_SL1.75_H3,VALIDATION,2024-03-21,8804.T,HOLD,8.89775024998759,3,,,,,,,,2.923745961515685,1.69173223588183,67.93402062292945
UP25_SCORE80_NIKKEION_TP4.0_SL1.75_H3,VALIDATION,2024-03-22,3099.T,HOLD,6.877494385247552,3,,,,,,,,2.453948221491993,1.5707909104979727,81.63333499499859
UP25_SCORE80_NIKKEION_TP4.0_SL1.75_H3,VALIDATION,2024-03-25,5631.T,WIN,10.674305677224948,2,,,,,,,,2.693576419306239,1.9978760576890136,78.08170396611129
UP25_SCORE80_NIKKEION_TP4.0_SL1.75_H3,VALIDATION,2024-03-26,6504.T,HOLD,4.84654585282166,3,,,,,,,,2.8262976686388814,1.7303010510064722,74.90764016864891
UP25_SCORE80_NIKKEION_TP4.0_SL1.75_H3,VALIDATION,2024-03-27,8308.T,HOLD,0.41721946829534906,3,,,,,,,,3.0733363442166413,1.5960925826296606,69.621051993328
UP25_SCORE80_NIKKEION_TP4.0_SL1.75_H3,VALIDATION,2024-03-28,9501.T,TIMEOUT_LOSS,-1.4722540245678761,3,,,,,,,,4.639511584038658,1.535695399259651,61.44666417260486
UP25_SCORE80_NIKKEION_TP4.0_SL1.75_H3,VALIDATION,2024-05-14,5801.T,HOLD,2.2820223552854624,3,,,,,,,,3.3266977409723695,4.547126157516055,78.26401062449611
UP25_SCORE80_NIKKEION_TP4.0_SL1.75_H3,VALIDATION,2024-05-15,5101.T,LOSS,-5.380278726103226,1,,,,,,,,3.185505709499344,2.1531057837982357,57.67965645377095
UP25_SCORE80_NIKKEION_TP4.0_SL1.75_H3,VALIDATION,2024-05-30,8331.T,LOSS,-3.8829802451298967,1,,,,,,,,2.2466950262275853,1.6671299042083123,76.98906772721455
UP25_SCORE80_NIKKEION_TP4.0_SL1.75_H3,VALIDATION,2024-07-05,7011.T,LOSS,-5.915070660495891,3,,,,,,,,3.3228975202833633,2.5582053497235537,86.65930019007098
UP25_SCORE80_NIKKEION_TP4.0_SL1.75_H3,VALIDATION,2024-07-08,7011.T,LOSS,-6.096391434160097,2,,,,,,,,3.4265093909486253,1.7619016094335518,86.88149005846999
UP25_SCORE80_NIKKEION_TP4.0_SL1.75_H3,VALIDATION,2024-07-09,5803.T,TIMEOUT_LOSS,-0.5020352086310463,3,,,,,,,,3.809966458306757,3.0971420165153285,65.1673118563374
UP25_SCORE80_NIKKEION_TP4.0_SL1.75_H3,VALIDATION,2024-07-10,5803.T,TIMEOUT_LOSS,-2.3216796953875796,3,,,,,,,,3.7783164995058183,1.977109990603468,67.32339376466534
UP25_SCORE80_NIKKEION_TP4.0_SL1.75_H3,VALIDATION,2024-07-12,4519.T,HOLD,0.13311846210201103,3,,,,,,,,2.4175399406305127,1.5207411706833838,76.8046823943933
UP25_SCORE80_NIKKEION_TP4.0_SL1.75_H3,VALIDATION,2024-07-16,6976.T,HOLD,5.223364293422395,3,,,,,,,,3.5256413216273375,1.7389526651481166,77.39298849461471
UP25_SCORE80_NIKKEION_TP4.0_SL1.75_H3,VALIDATION,2024-09-05,6532.T,LOSS,-5.574452788135786,1,,,,,,,,3.3094320301220614,1.812501141948804,65.73803228477507
UP25_SCORE80_NIKKEION_TP4.0_SL1.75_H3,VALIDATION,2024-11-07,7013.T,HOLD,1.2587562963110144,3,,,,,,,,4.814901131833723,2.2527265778296126,70.02433857866997
UP25_SCORE80_NIKKEION_TP4.0_SL1.75_H3,VALIDATION,2024-11-08,7012.T,TIMEOUT_LOSS,-6.372429117570476,3,,,,,,,,4.434220461682906,3.200205529096764,69.90419704592867
UP25_SCORE80_NIKKEION_TP4.0_SL1.75_H3,VALIDATION,2024-11-11,5803.T,TIMEOUT_LOSS,-2.420324839515642,3,,,,,,,,5.599984000136319,1.7857249601142264,64.76170419168966
UP25_SCORE80_NIKKEION_TP4.0_SL1.75_H3,VALIDATION,2024-11-12,5801.T,HOLD,9.229748967881969,3,,,,,,,,4.212795453398469,5.95992017197373,85.57524419496607
UP20_SCORE80_NIKKEION_TP4.0_SL2.0_H3,VALIDATION,2022-08-24,7733.T,HOLD,0.1464212754205386,3,,,,,,,,2.487512480075919,1.8547560940531955,65.51391763203654
UP20_SCORE80_NIKKEION_TP4.0_SL2.0_H3,VALIDATION,2022-08-25,7004.T,WIN,9.9108367137995,1,,,,,,,,2.502709178449873,1.68890419213222,64.82502886936872
UP20_SCORE80_NIKKEION_TP4.0_SL2.0_H3,VALIDATION,2022-11-04,8001.T,LOSS,-3.8290478752405654,1,,,,,,,,1.936746127953537,1.839102301394961,63.42202249431198
UP20_SCORE80_NIKKEION_TP4.0_SL2.0_H3,VALIDATION,2022-11-10,2501.T,LOSS,-4.437057368443675,1,,,,,,,,2.266842964024092,2.343872605585045,78.05644952602152
UP20_SCORE80_NIKKEION_TP4.0_SL2.0_H3,VALIDATION,2022-11-30,9434.T,WIN,3.7243532189934148,1,,,,,,,,0.9560883047483518,2.4663342776889188,58.10727871196465
UP20_SCORE80_NIKKEION_TP4.0_SL2.0_H3,VALIDATION,2022-12-01,4523.T,HOLD,9.599960940878594,3,,,,,,,,3.7410338014735256,3.726731040440298,67.15517263840277
UP20_SCORE80_NIKKEION_TP4.0_SL2.0_H3,VALIDATION,2023-02-01,2768.T,LOSS,-2.9029364310070638,1,,,,,,,,1.4418832874603549,1.59628603672925,61.67016112861338
UP20_SCORE80_NIKKEION_TP4.0_SL2.0_H3,VALIDATION,2023-02-17,5233.T,LOSS,-4.2908436500433185,1,,,,,,,,2.1870788814461806,2.0514057799458647,79.34823879636357
UP20_SCORE80_NIKKEION_TP4.0_SL2.0_H3,VALIDATION,2023-02-21,5101.T,WIN,10.372749350782195,1,,,,,,,,2.6181873376955505,3.43627562267025,86.43660675284961
UP20_SCORE80_NIKKEION_TP4.0_SL2.0_H3,VALIDATION,2023-03-03,5406.T,WIN,10.98728054115964,1,,,,,,,,2.771820135289908,1.857140360382404,87.09433998237975
UP20_SCORE80_NIKKEION_TP4.0_SL2.0_H3,VALIDATION,2023-03-06,5406.T,WIN,10.974768864614026,1,,,,,,,,2.768692216153508,1.502203260570827,87.66789665700449
UP20_SCORE80_NIKKEION_TP4.0_SL2.0_H3,VALIDATION,2023-03-07,5406.T,WIN,11.258582690995434,1,,,,,,,,2.8396456727488584,2.0701893640139404,90.18696901800902
UP20_SCORE80_NIKKEION_TP4.0_SL2.0_H3,VALIDATION,2023-03-08,6472.T,WIN,10.041864527855372,1,,,,,,,,2.535466131963841,1.5964971261163212,80.32679424160867
UP20_SCORE80_NIKKEION_TP4.0_SL2.0_H3,VALIDATION,2023-03-09,6472.T,WIN,10.124491542029402,1,,,,,,,,2.5561228855073503,2.0280835938094106,81.64248124982342
UP20_SCORE80_NIKKEION_TP4.0_SL2.0_H3,VALIDATION,2023-03-30,9107.T,WIN,13.585287318364403,1,,,,,,,,3.4213218295911028,2.956640384017868,67.71212740707429
UP20_SCORE80_NIKKEION_TP4.0_SL2.0_H3,VALIDATION,2023-03-31,7735.T,HOLD,1.9952370032169875,3,,,,,,,,2.5391231063714175,1.7645630331178097,71.61649211053447
UP20_SCORE80_NIKKEION_TP4.0_SL2.0_H3,VALIDATION,2023-04-03,6361.T,TIMEOUT_LOSS,-1.4527729564149383,3,,,,,,,,2.384753810496683,1.789481559063365,70.6068253998211
UP20_SCORE80_NIKKEION_TP4.0_SL2.0_H3,VALIDATION,2023-04-04,6501.T,HOLD,0.37960656090801914,3,,,,,,,,2.0304261745622165,1.5221769100292324,70.37175256557059
UP20_SCORE80_NIKKEION_TP4.0_SL2.0_H3,VALIDATION,2023-04-05,7453.T,HOLD,1.1430890333390953,3,,,,,,,,2.549078700278436,2.2329253812711656,54.85035368390627
UP20_SCORE80_NIKKEION_TP4.0_SL2.0_H3,VALIDATION,2023-04-11,9009.T,HOLD,3.1175604922691336,3,,,,,,,,1.9900095906876618,1.6478328517448322,79.14396561216782
UP20_SCORE80_NIKKEION_TP4.0_SL2.0_H3,VALIDATION,2023-04-12,3086.T,WIN,9.698051508540628,2,,,,,,,,2.4495128771351586,2.600409263552136,65.77527308898344
UP20_SCORE80_NIKKEION_TP4.0_SL2.0_H3,VALIDATION,2023-04-13,7453.T,HOLD,2.690558295829437,3,,,,,,,,2.575211037043294,1.6011953311443716,59.13648388012189
UP20_SCORE80_NIKKEION_TP4.0_SL2.0_H3,VALIDATION,2023-04-14,3697.T,TIMEOUT_LOSS,-2.594536581674811,3,,,,,,,,4.121031231711458,1.8575489819439108,70.5419742753867
UP20_SCORE80_NIKKEION_TP4.0_SL2.0_H3,VALIDATION,2023-04-17,6752.T,WIN,7.846473086998363,1,,,,,,,,1.9866182717495888,1.8304620405232623,71.88274667672724
UP20_SCORE80_NIKKEION_TP4.0_SL2.0_H3,VALIDATION,2023-04-19,8253.T,WIN,7.896259363688752,1,,,,,,,,1.9990648409221896,1.624354060885152,71.01284289908423
UP20_SCORE80_NIKKEION_TP4.0_SL2.0_H3,VALIDATION,2023-04-20,3099.T,HOLD,5.114970486944837,3,,,,,,,,2.3059025677288973,1.6848464507467695,64.50758913098556
UP20_SCORE80_NIKKEION_TP4.0_SL2.0_H3,VALIDATION,2023-04-21,6146.T,TIMEOUT_LOSS,-3.937076569153586,3,,,,,,,,2.9290030680995187,4.820541702933798,75.78560698122133
UP20_SCORE80_NIKKEION_TP4.0_SL2.0_H3,VALIDATION,2023-04-24,9202.T,WIN,5.5830656961098795,1,,,,,,,,1.4207664240274718,3.269837442481966,70.44491341213703
UP20_SCORE80_NIKKEION_TP4.0_SL2.0_H3,VALIDATION,2023-04-25,6503.T,HOLD,5.101515093803067,3,,,,,,,,1.733838364601022,2.155498593594048,79.72493429343518
UP20_SCORE80_NIKKEION_TP4.0_SL2.0_H3,VALIDATION,2023-04-26,1803.T,WIN,7.774117542742077,1,,,,,,,,1.9685293856855173,6.0865440632331405,73.83107527961079
UP20_SCORE80_NIKKEION_TP4.0_SL2.0_H3,VALIDATION,2023-04-27,6473.T,WIN,7.805821668199553,1,,,,,,,,1.9764554170498865,2.898426338292784,67.10946758818605
UP20_SCORE80_NIKKEION_TP4.0_SL2.0_H3,VALIDATION,2023-04-28,8801.T,WIN,6.268191409625701,1,,,,,,,,1.5920478524064234,2.3953025670888533,79.12301899170511
UP20_SCORE80_NIKKEION_TP4.0_SL2.0_H3,VALIDATION,2023-05-01,7011.T,HOLD,2.5301458927096454,3,,,,,,,,1.6474797805150931,1.631766868235908,66.13065535678693
UP20_SCORE80_NIKKEION_TP4.0_SL2.0_H3,VALIDATION,2023-05-09,5401.T,WIN,8.793180528999523,1,,,,,,,,2.2232951322498806,2.4216348728935766,63.075672705376185
UP20_SCORE80_NIKKEION_TP4.0_SL2.0_H3,VALIDATION,2023-05-10,9107.T,WIN,14.692430956552515,1,,,,,,,,3.698107739138131,1.6721083015720768,62.615682903241385
UP20_SCORE80_NIKKEION_TP4.0_SL2.0_H3,VALIDATION,2023-05-11,7011.T,HOLD,5.395320426312534,3,,,,,,,,2.1934996524668904,2.628737662337662,62.58737291544723
UP20_SCORE80_NIKKEION_TP4.0_SL2.0_H3,VALIDATION,2023-05-12,5406.T,WIN,14.7774279492782,1,,,,,,,,3.719356987319548,5.052158085537815,68.63672427624891
UP20_SCORE80_NIKKEION_TP4.0_SL2.0_H3,VALIDATION,2023-05-15,5406.T,WIN,15.190200268377263,1,,,,,,,,3.8225500670943178,1.7922546424440156,68.83347968195596
UP20_SCORE80_NIKKEION_TP4.0_SL2.0_H3,VALIDATION,2023-05-16,4188.T,WIN,5.3280433432912115,1,,,,,,,,1.3570108358228028,1.900617460813976,63.985237751869725
UP20_SCORE80_NIKKEION_TP4.0_SL2.0_H3,VALIDATION,2023-07-03,5301.T,WIN,9.390329195579438,1,,,,,,,,2.3725822988948613,1.6841448882477126,76.76292337832162
UP20_SCORE80_NIKKEION_TP4.0_SL2.0_H3,VALIDATION,2023-07-05,9107.T,WIN,14.099894365295073,1,,,,,,,,3.5499735913237704,2.150751782310317,69.97459032079043
UP20_SCORE80_NIKKEION_TP4.0_SL2.0_H3,VALIDATION,2023-07-28,8308.T,WIN,9.80571697298499,1,,,,,,,,2.4764292432462476,2.992813465952988,69.19508666855869
UP20_SCORE80_NIKKEION_TP4.0_SL2.0_H3,VALIDATION,2023-07-31,8308.T,TIMEOUT_LOSS,-1.2452531699781444,3,,,,,,,,2.5763241790336844,1.9173748312925836,71.9207173897711
UP20_SCORE80_NIKKEION_TP4.0_SL2.0_H3,VALIDATION,2023-08-01,6976.T,HOLD,1.8693882072037593,3,,,,,,,,2.606764674052127,2.1396985671851048,57.50048021808944
UP20_SCORE80_NIKKEION_TP4.0_SL2.0_H3,VALIDATION,2023-08-29,9501.T,TIMEOUT_LOSS,-2.143950752030588,3,,,,,,,,3.1402072969105355,2.2716801360357546,73.52136944851513
UP20_SCORE80_NIKKEION_TP4.0_SL2.0_H3,VALIDATION,2023-09-08,7532.T,LOSS,-5.146825249179454,2,,,,,,,,2.657533706705184,1.5087604957949283,59.8378595415099
UP20_SCORE80_NIKKEION_TP4.0_SL2.0_H3,VALIDATION,2023-09-11,8308.T,LOSS,-4.662172122268315,1,,,,,,,,2.390127805566289,1.665899299127487,79.10878705380313
UP20_SCORE80_NIKKEION_TP4.0_SL2.0_H3,VALIDATION,2023-09-12,8316.T,LOSS,-3.5634043979551833,1,,,,,,,,1.7938297784150459,1.6274642753207946,80.10973378734327
UP20_SCORE80_NIKKEION_TP4.0_SL2.0_H3,VALIDATION,2023-09-13,8306.T,LOSS,-3.989851206494388,1,,,,,,,,2.0236422767650737,1.6494697326543106,80.85596893501176
UP20_SCORE80_NIKKEION_TP4.0_SL2.0_H3,VALIDATION,2023-11-13,2501.T,LOSS,-4.619258659737801,1,,,,,,,,2.3665812583255104,2.601058336455944,83.63371851723367
UP20_SCORE80_NIKKEION_TP4.0_SL2.0_H3,VALIDATION,2023-12-29,7974.T,WIN,6.475700861620315,3,,,,,,,,1.643925215405077,1.9467622373338236,74.74645526007333
UP20_SCORE80_NIKKEION_TP4.0_SL2.0_H3,VALIDATION,2024-01-05,8601.T,WIN,8.740718075418153,1,,,,,,,,2.210179518854538,1.680065341212715,65.83317514015158
UP20_SCORE80_NIKKEION_TP4.0_SL2.0_H3,VALIDATION,2024-01-18,7735.T,WIN,12.481905500689782,2,,,,,,,,3.1454763751724477,1.92320418278728,75.52852009430023
UP20_SCORE80_NIKKEION_TP4.0_SL2.0_H3,VALIDATION,2024-03-05,6146.T,TIMEOUT_LOSS,-0.5588255963961396,3,,,,,,,,3.284602928557382,2.1800391194636752,80.50298701119084
UP20_SCORE80_NIKKEION_TP4.0_SL2.0_H3,VALIDATION,2024-03-06,1802.T,WIN,11.318061468907826,2,,,,,,,,2.8545153672269548,2.554199432260858,85.31838469532941
UP20_SCORE80_NIKKEION_TP4.0_SL2.0_H3,VALIDATION,2024-03-07,7012.T,TIMEOUT_LOSS,-1.3340755048777408,3,,,,,,,,3.210564756415324,3.000958757164228,86.42904059170691
UP20_SCORE80_NIKKEION_TP4.0_SL2.0_H3,VALIDATION,2024-03-21,8804.T,HOLD,8.89775024998759,3,,,,,,,,2.923745961515685,1.69173223588183,67.93402062292945
UP20_SCORE80_NIKKEION_TP4.0_SL2.0_H3,VALIDATION,2024-03-22,3099.T,HOLD,6.877494385247552,3,,,,,,,,2.453948221491993,1.5707909104979727,81.63333499499859
UP20_SCORE80_NIKKEION_TP4.0_SL2.0_H3,VALIDATION,2024-03-25,5631.T,WIN,10.674305677224948,2,,,,,,,,2.693576419306239,1.9978760576890136,78.08170396611129
UP20_SCORE80_NIKKEION_TP4.0_SL2.0_H3,VALIDATION,2024-03-26,6504.T,HOLD,4.84654585282166,3,,,,,,,,2.8262976686388814,1.7303010510064722,74.90764016864891
UP20_SCORE80_NIKKEION_TP4.0_SL2.0_H3,VALIDATION,2024-03-27,8308.T,HOLD,0.41721946829534906,3,,,,,,,,3.0733363442166413,1.5960925826296606,69.621051993328
UP20_SCORE80_NIKKEION_TP4.0_SL2.0_H3,VALIDATION,2024-03-28,9501.T,TIMEOUT_LOSS,-1.4722540245678761,3,,,,,,,,4.639511584038658,1.535695399259651,61.44666417260486
UP20_SCORE80_NIKKEION_TP4.0_SL2.0_H3,VALIDATION,2024-05-14,5801.T,HOLD,2.2820223552854624,3,,,,,,,,3.3266977409723695,4.547126157516055,78.26401062449611
UP20_SCORE80_NIKKEION_TP4.0_SL2.0_H3,VALIDATION,2024-05-15,5101.T,LOSS,-6.0894245001611225,1,,,,,,,,3.185505709499344,2.1531057837982357,57.67965645377095
UP20_SCORE80_NIKKEION_TP4.0_SL2.0_H3,VALIDATION,2024-05-30,8331.T,LOSS,-4.400166785860348,1,,,,,,,,2.2466950262275853,1.6671299042083123,76.98906772721455
UP20_SCORE80_NIKKEION_TP4.0_SL2.0_H3,VALIDATION,2024-07-05,7011.T,LOSS,-6.745795040566726,3,,,,,,,,3.3228975202833633,2.5582053497235537,86.65930019007098
UP20_SCORE80_NIKKEION_TP4.0_SL2.0_H3,VALIDATION,2024-07-08,7011.T,LOSS,-6.953018781897246,2,,,,,,,,3.4265093909486253,1.7619016094335518,86.88149005846999
UP20_SCORE80_NIKKEION_TP4.0_SL2.0_H3,VALIDATION,2024-07-09,5803.T,TIMEOUT_LOSS,-0.5020352086310463,3,,,,,,,,3.809966458306757,3.0971420165153285,65.1673118563374
UP20_SCORE80_NIKKEION_TP4.0_SL2.0_H3,VALIDATION,2024-07-10,5803.T,TIMEOUT_LOSS,-2.3216796953875796,3,,,,,,,,3.7783164995058183,1.977109990603468,67.32339376466534
UP20_SCORE80_NIKKEION_TP4.0_SL2.0_H3,VALIDATION,2024-07-12,4519.T,HOLD,0.13311846210201103,3,,,,,,,,2.4175399406305127,1.5207411706833838,76.8046823943933
UP20_SCORE80_NIKKEION_TP4.0_SL2.0_H3,VALIDATION,2024-07-16,6976.T,HOLD,5.223364293422395,3,,,,,,,,3.5256413216273375,1.7389526651481166,77.39298849461471
UP20_SCORE80_NIKKEION_TP4.0_SL2.0_H3,VALIDATION,2024-09-05,6532.T,LOSS,-6.307967153452498,1,,,,,,,,3.3094320301220614,1.812501141948804,65.73803228477507
UP20_SCORE80_NIKKEION_TP4.0_SL2.0_H3,VALIDATION,2024-11-07,7013.T,HOLD,1.2587562963110144,3,,,,,,,,4.814901131833723,2.2527265778296126,70.02433857866997
UP20_SCORE80_NIKKEION_TP4.0_SL2.0_H3,VALIDATION,2024-11-08,7012.T,TIMEOUT_LOSS,-6.372429117570476,3,,,,,,,,4.434220461682906,3.200205529096764,69.90419704592867
UP20_SCORE80_NIKKEION_TP4.0_SL2.0_H3,VALIDATION,2024-11-11,5803.T,TIMEOUT_LOSS,-2.420324839515642,3,,,,,,,,5.599984000136319,1.7857249601142264,64.76170419168966
UP20_SCORE80_NIKKEION_TP4.0_SL2.0_H3,VALIDATION,2024-11-12,5801.T,HOLD,9.229748967881969,3,,,,,,,,4.212795453398469,5.95992017197373,85.57524419496607
UP25_SCORE80_NIKKEION_TP4.0_SL2.0_H3,VALIDATION,2022-08-24,7733.T,HOLD,0.1464212754205386,3,,,,,,,,2.487512480075919,1.8547560940531955,65.51391763203654
UP25_SCORE80_NIKKEION_TP4.0_SL2.0_H3,VALIDATION,2022-08-25,7004.T,WIN,9.9108367137995,1,,,,,,,,2.502709178449873,1.68890419213222,64.82502886936872
UP25_SCORE80_NIKKEION_TP4.0_SL2.0_H3,VALIDATION,2022-11-04,8001.T,LOSS,-3.8290478752405654,1,,,,,,,,1.936746127953537,1.839102301394961,63.42202249431198
UP25_SCORE80_NIKKEION_TP4.0_SL2.0_H3,VALIDATION,2022-11-10,2501.T,LOSS,-4.437057368443675,1,,,,,,,,2.266842964024092,2.343872605585045,78.05644952602152
UP25_SCORE80_NIKKEION_TP4.0_SL2.0_H3,VALIDATION,2022-11-30,9434.T,WIN,3.7243532189934148,1,,,,,,,,0.9560883047483518,2.4663342776889188,58.10727871196465
UP25_SCORE80_NIKKEION_TP4.0_SL2.0_H3,VALIDATION,2022-12-01,4523.T,HOLD,9.599960940878594,3,,,,,,,,3.7410338014735256,3.726731040440298,67.15517263840277
UP25_SCORE80_NIKKEION_TP4.0_SL2.0_H3,VALIDATION,2023-02-01,2768.T,LOSS,-2.9029364310070638,1,,,,,,,,1.4418832874603549,1.59628603672925,61.67016112861338
UP25_SCORE80_NIKKEION_TP4.0_SL2.0_H3,VALIDATION,2023-02-17,5233.T,LOSS,-4.2908436500433185,1,,,,,,,,2.1870788814461806,2.0514057799458647,79.34823879636357
UP25_SCORE80_NIKKEION_TP4.0_SL2.0_H3,VALIDATION,2023-02-21,5101.T,WIN,10.372749350782195,1,,,,,,,,2.6181873376955505,3.43627562267025,86.43660675284961
UP25_SCORE80_NIKKEION_TP4.0_SL2.0_H3,VALIDATION,2023-03-03,5406.T,WIN,10.98728054115964,1,,,,,,,,2.771820135289908,1.857140360382404,87.09433998237975
UP25_SCORE80_NIKKEION_TP4.0_SL2.0_H3,VALIDATION,2023-03-06,5406.T,WIN,10.974768864614026,1,,,,,,,,2.768692216153508,1.502203260570827,87.66789665700449
UP25_SCORE80_NIKKEION_TP4.0_SL2.0_H3,VALIDATION,2023-03-07,5406.T,WIN,11.258582690995434,1,,,,,,,,2.8396456727488584,2.0701893640139404,90.18696901800902
UP25_SCORE80_NIKKEION_TP4.0_SL2.0_H3,VALIDATION,2023-03-08,6472.T,WIN,10.041864527855372,1,,,,,,,,2.535466131963841,1.5964971261163212,80.32679424160867
UP25_SCORE80_NIKKEION_TP4.0_SL2.0_H3,VALIDATION,2023-03-09,6472.T,WIN,10.124491542029402,1,,,,,,,,2.5561228855073503,2.0280835938094106,81.64248124982342
UP25_SCORE80_NIKKEION_TP4.0_SL2.0_H3,VALIDATION,2023-03-30,9107.T,WIN,13.585287318364403,1,,,,,,,,3.4213218295911028,2.956640384017868,67.71212740707429
UP25_SCORE80_NIKKEION_TP4.0_SL2.0_H3,VALIDATION,2023-03-31,7735.T,HOLD,1.9952370032169875,3,,,,,,,,2.5391231063714175,1.7645630331178097,71.61649211053447
UP25_SCORE80_NIKKEION_TP4.0_SL2.0_H3,VALIDATION,2023-04-03,6361.T,TIMEOUT_LOSS,-1.4527729564149383,3,,,,,,,,2.384753810496683,1.789481559063365,70.6068253998211
UP25_SCORE80_NIKKEION_TP4.0_SL2.0_H3,VALIDATION,2023-04-04,6501.T,HOLD,0.37960656090801914,3,,,,,,,,2.0304261745622165,1.5221769100292324,70.37175256557059
UP25_SCORE80_NIKKEION_TP4.0_SL2.0_H3,VALIDATION,2023-04-05,7453.T,HOLD,1.1430890333390953,3,,,,,,,,2.549078700278436,2.2329253812711656,54.85035368390627
UP25_SCORE80_NIKKEION_TP4.0_SL2.0_H3,VALIDATION,2023-04-11,9009.T,HOLD,3.1175604922691336,3,,,,,,,,1.9900095906876618,1.6478328517448322,79.14396561216782
UP25_SCORE80_NIKKEION_TP4.0_SL2.0_H3,VALIDATION,2023-04-12,3086.T,WIN,9.698051508540628,2,,,,,,,,2.4495128771351586,2.600409263552136,65.77527308898344
UP25_SCORE80_NIKKEION_TP4.0_SL2.0_H3,VALIDATION,2023-04-13,7453.T,HOLD,2.690558295829437,3,,,,,,,,2.575211037043294,1.6011953311443716,59.13648388012189
UP25_SCORE80_NIKKEION_TP4.0_SL2.0_H3,VALIDATION,2023-04-14,3697.T,TIMEOUT_LOSS,-2.594536581674811,3,,,,,,,,4.121031231711458,1.8575489819439108,70.5419742753867
UP25_SCORE80_NIKKEION_TP4.0_SL2.0_H3,VALIDATION,2023-04-17,6752.T,WIN,7.846473086998363,1,,,,,,,,1.9866182717495888,1.8304620405232623,71.88274667672724
UP25_SCORE80_NIKKEION_TP4.0_SL2.0_H3,VALIDATION,2023-04-19,8253.T,WIN,7.896259363688752,1,,,,,,,,1.9990648409221896,1.624354060885152,71.01284289908423
UP25_SCORE80_NIKKEION_TP4.0_SL2.0_H3,VALIDATION,2023-04-20,3099.T,HOLD,5.114970486944837,3,,,,,,,,2.3059025677288973,1.6848464507467695,64.50758913098556
UP25_SCORE80_NIKKEION_TP4.0_SL2.0_H3,VALIDATION,2023-04-21,6146.T,TIMEOUT_LOSS,-3.937076569153586,3,,,,,,,,2.9290030680995187,4.820541702933798,75.78560698122133
UP25_SCORE80_NIKKEION_TP4.0_SL2.0_H3,VALIDATION,2023-04-24,9202.T,WIN,5.5830656961098795,1,,,,,,,,1.4207664240274718,3.269837442481966,70.44491341213703
UP25_SCORE80_NIKKEION_TP4.0_SL2.0_H3,VALIDATION,2023-04-25,6503.T,HOLD,5.101515093803067,3,,,,,,,,1.733838364601022,2.155498593594048,79.72493429343518
UP25_SCORE80_NIKKEION_TP4.0_SL2.0_H3,VALIDATION,2023-04-26,1803.T,WIN,7.774117542742077,1,,,,,,,,1.9685293856855173,6.0865440632331405,73.83107527961079
UP25_SCORE80_NIKKEION_TP4.0_SL2.0_H3,VALIDATION,2023-04-27,6473.T,WIN,7.805821668199553,1,,,,,,,,1.9764554170498865,2.898426338292784,67.10946758818605
UP25_SCORE80_NIKKEION_TP4.0_SL2.0_H3,VALIDATION,2023-04-28,8801.T,WIN,6.268191409625701,1,,,,,,,,1.5920478524064234,2.3953025670888533,79.12301899170511
UP25_SCORE80_NIKKEION_TP4.0_SL2.0_H3,VALIDATION,2023-05-01,7011.T,HOLD,2.5301458927096454,3,,,,,,,,1.6474797805150931,1.631766868235908,66.13065535678693
UP25_SCORE80_NIKKEION_TP4.0_SL2.0_H3,VALIDATION,2023-05-09,5401.T,WIN,8.793180528999523,1,,,,,,,,2.2232951322498806,2.4216348728935766,63.075672705376185
UP25_SCORE80_NIKKEION_TP4.0_SL2.0_H3,VALIDATION,2023-05-10,9107.T,WIN,14.692430956552515,1,,,,,,,,3.698107739138131,1.6721083015720768,62.615682903241385
UP25_SCORE80_NIKKEION_TP4.0_SL2.0_H3,VALIDATION,2023-05-11,7011.T,HOLD,5.395320426312534,3,,,,,,,,2.1934996524668904,2.628737662337662,62.58737291544723
UP25_SCORE80_NIKKEION_TP4.0_SL2.0_H3,VALIDATION,2023-05-12,5406.T,WIN,14.7774279492782,1,,,,,,,,3.719356987319548,5.052158085537815,68.63672427624891
UP25_SCORE80_NIKKEION_TP4.0_SL2.0_H3,VALIDATION,2023-05-15,5406.T,WIN,15.190200268377263,1,,,,,,,,3.8225500670943178,1.7922546424440156,68.83347968195596
UP25_SCORE80_NIKKEION_TP4.0_SL2.0_H3,VALIDATION,2023-05-16,4188.T,WIN,5.3280433432912115,1,,,,,,,,1.3570108358228028,1.900617460813976,63.985237751869725
UP25_SCORE80_NIKKEION_TP4.0_SL2.0_H3,VALIDATION,2023-07-03,5301.T,WIN,9.390329195579438,1,,,,,,,,2.3725822988948613,1.6841448882477126,76.76292337832162
UP25_SCORE80_NIKKEION_TP4.0_SL2.0_H3,VALIDATION,2023-07-05,9107.T,WIN,14.099894365295073,1,,,,,,,,3.5499735913237704,2.150751782310317,69.97459032079043
UP25_SCORE80_NIKKEION_TP4.0_SL2.0_H3,VALIDATION,2023-07-28,8308.T,WIN,9.80571697298499,1,,,,,,,,2.4764292432462476,2.992813465952988,69.19508666855869
UP25_SCORE80_NIKKEION_TP4.0_SL2.0_H3,VALIDATION,2023-07-31,8308.T,TIMEOUT_LOSS,-1.2452531699781444,3,,,,,,,,2.5763241790336844,1.9173748312925836,71.9207173897711
UP25_SCORE80_NIKKEION_TP4.0_SL2.0_H3,VALIDATION,2023-08-01,6976.T,HOLD,1.8693882072037593,3,,,,,,,,2.606764674052127,2.1396985671851048,57.50048021808944
UP25_SCORE80_NIKKEION_TP4.0_SL2.0_H3,VALIDATION,2023-08-29,9501.T,TIMEOUT_LOSS,-2.143950752030588,3,,,,,,,,3.1402072969105355,2.2716801360357546,73.52136944851513
UP25_SCORE80_NIKKEION_TP4.0_SL2.0_H3,VALIDATION,2023-09-08,7532.T,LOSS,-5.146825249179454,2,,,,,,,,2.657533706705184,1.5087604957949283,59.8378595415099
UP25_SCORE80_NIKKEION_TP4.0_SL2.0_H3,VALIDATION,2023-09-11,8308.T,LOSS,-4.662172122268315,1,,,,,,,,2.390127805566289,1.665899299127487,79.10878705380313
UP25_SCORE80_NIKKEION_TP4.0_SL2.0_H3,VALIDATION,2023-09-12,8316.T,LOSS,-3.5634043979551833,1,,,,,,,,1.7938297784150459,1.6274642753207946,80.10973378734327
UP25_SCORE80_NIKKEION_TP4.0_SL2.0_H3,VALIDATION,2023-09-13,8306.T,LOSS,-3.989851206494388,1,,,,,,,,2.0236422767650737,1.6494697326543106,80.85596893501176
UP25_SCORE80_NIKKEION_TP4.0_SL2.0_H3,VALIDATION,2023-11-13,2501.T,LOSS,-4.619258659737801,1,,,,,,,,2.3665812583255104,2.601058336455944,83.63371851723367
UP25_SCORE80_NIKKEION_TP4.0_SL2.0_H3,VALIDATION,2023-12-29,7974.T,WIN,6.475700861620315,3,,,,,,,,1.643925215405077,1.9467622373338236,74.74645526007333
UP25_SCORE80_NIKKEION_TP4.0_SL2.0_H3,VALIDATION,2024-01-05,8601.T,WIN,8.740718075418153,1,,,,,,,,2.210179518854538,1.680065341212715,65.83317514015158
UP25_SCORE80_NIKKEION_TP4.0_SL2.0_H3,VALIDATION,2024-01-18,7735.T,WIN,12.481905500689782,2,,,,,,,,3.1454763751724477,1.92320418278728,75.52852009430023
UP25_SCORE80_NIKKEION_TP4.0_SL2.0_H3,VALIDATION,2024-03-05,6146.T,TIMEOUT_LOSS,-0.5588255963961396,3,,,,,,,,3.284602928557382,2.1800391194636752,80.50298701119084
UP25_SCORE80_NIKKEION_TP4.0_SL2.0_H3,VALIDATION,2024-03-06,1802.T,WIN,11.318061468907826,2,,,,,,,,2.8545153672269548,2.554199432260858,85.31838469532941
UP25_SCORE80_NIKKEION_TP4.0_SL2.0_H3,VALIDATION,2024-03-07,7012.T,TIMEOUT_LOSS,-1.3340755048777408,3,,,,,,,,3.210564756415324,3.000958757164228,86.42904059170691
UP25_SCORE80_NIKKEION_TP4.0_SL2.0_H3,VALIDATION,2024-03-21,8804.T,HOLD,8.89775024998759,3,,,,,,,,2.923745961515685,1.69173223588183,67.93402062292945
UP25_SCORE80_NIKKEION_TP4.0_SL2.0_H3,VALIDATION,2024-03-22,3099.T,HOLD,6.877494385247552,3,,,,,,,,2.453948221491993,1.5707909104979727,81.63333499499859
UP25_SCORE80_NIKKEION_TP4.0_SL2.0_H3,VALIDATION,2024-03-25,5631.T,WIN,10.674305677224948,2,,,,,,,,2.693576419306239,1.9978760576890136,78.08170396611129
UP25_SCORE80_NIKKEION_TP4.0_SL2.0_H3,VALIDATION,2024-03-26,6504.T,HOLD,4.84654585282166,3,,,,,,,,2.8262976686388814,1.7303010510064722,74.90764016864891
UP25_SCORE80_NIKKEION_TP4.0_SL2.0_H3,VALIDATION,2024-03-27,8308.T,HOLD,0.41721946829534906,3,,,,,,,,3.0733363442166413,1.5960925826296606,69.621051993328
UP25_SCORE80_NIKKEION_TP4.0_SL2.0_H3,VALIDATION,2024-03-28,9501.T,TIMEOUT_LOSS,-1.4722540245678761,3,,,,,,,,4.639511584038658,1.535695399259651,61.44666417260486
UP25_SCORE80_NIKKEION_TP4.0_SL2.0_H3,VALIDATION,2024-05-14,5801.T,HOLD,2.2820223552854624,3,,,,,,,,3.3266977409723695,4.547126157516055,78.26401062449611
UP25_SCORE80_NIKKEION_TP4.0_SL2.0_H3,VALIDATION,2024-05-15,5101.T,LOSS,-6.0894245001611225,1,,,,,,,,3.185505709499344,2.1531057837982357,57.67965645377095
UP25_SCORE80_NIKKEION_TP4.0_SL2.0_H3,VALIDATION,2024-05-30,8331.T,LOSS,-4.400166785860348,1,,,,,,,,2.2466950262275853,1.6671299042083123,76.98906772721455
UP25_SCORE80_NIKKEION_TP4.0_SL2.0_H3,VALIDATION,2024-07-05,7011.T,LOSS,-6.745795040566726,3,,,,,,,,3.3228975202833633,2.5582053497235537,86.65930019007098
UP25_SCORE80_NIKKEION_TP4.0_SL2.0_H3,VALIDATION,2024-07-08,7011.T,LOSS,-6.953018781897246,2,,,,,,,,3.4265093909486253,1.7619016094335518,86.88149005846999
UP25_SCORE80_NIKKEION_TP4.0_SL2.0_H3,VALIDATION,2024-07-09,5803.T,TIMEOUT_LOSS,-0.5020352086310463,3,,,,,,,,3.809966458306757,3.0971420165153285,65.1673118563374
UP25_SCORE80_NIKKEION_TP4.0_SL2.0_H3,VALIDATION,2024-07-10,5803.T,TIMEOUT_LOSS,-2.3216796953875796,3,,,,,,,,3.7783164995058183,1.977109990603468,67.32339376466534
UP25_SCORE80_NIKKEION_TP4.0_SL2.0_H3,VALIDATION,2024-07-12,4519.T,HOLD,0.13311846210201103,3,,,,,,,,2.4175399406305127,1.5207411706833838,76.8046823943933
UP25_SCORE80_NIKKEION_TP4.0_SL2.0_H3,VALIDATION,2024-07-16,6976.T,HOLD,5.223364293422395,3,,,,,,,,3.5256413216273375,1.7389526651481166,77.39298849461471
UP25_SCORE80_NIKKEION_TP4.0_SL2.0_H3,VALIDATION,2024-09-05,6532.T,LOSS,-6.307967153452498,1,,,,,,,,3.3094320301220614,1.812501141948804,65.73803228477507
UP25_SCORE80_NIKKEION_TP4.0_SL2.0_H3,VALIDATION,2024-11-07,7013.T,HOLD,1.2587562963110144,3,,,,,,,,4.814901131833723,2.2527265778296126,70.02433857866997
UP25_SCORE80_NIKKEION_TP4.0_SL2.0_H3,VALIDATION,2024-11-08,7012.T,TIMEOUT_LOSS,-6.372429117570476,3,,,,,,,,4.434220461682906,3.200205529096764,69.90419704592867
UP25_SCORE80_NIKKEION_TP4.0_SL2.0_H3,VALIDATION,2024-11-11,5803.T,TIMEOUT_LOSS,-2.420324839515642,3,,,,,,,,5.599984000136319,1.7857249601142264,64.76170419168966
UP25_SCORE80_NIKKEION_TP4.0_SL2.0_H3,VALIDATION,2024-11-12,5801.T,HOLD,9.229748967881969,3,,,,,,,,4.212795453398469,5.95992017197373,85.57524419496607
UP30_SCORE80_NIKKEION_TP4.0_SL2.0_H3,VALIDATION,2022-08-24,7733.T,HOLD,0.1464212754205386,3,,,,,,,,2.487512480075919,1.8547560940531955,65.51391763203654
UP30_SCORE80_NIKKEION_TP4.0_SL2.0_H3,VALIDATION,2022-08-25,7004.T,WIN,9.9108367137995,1,,,,,,,,2.502709178449873,1.68890419213222,64.82502886936872
UP30_SCORE80_NIKKEION_TP4.0_SL2.0_H3,VALIDATION,2022-11-04,8001.T,LOSS,-3.8290478752405654,1,,,,,,,,1.936746127953537,1.839102301394961,63.42202249431198
UP30_SCORE80_NIKKEION_TP4.0_SL2.0_H3,VALIDATION,2022-11-10,2501.T,LOSS,-4.437057368443675,1,,,,,,,,2.266842964024092,2.343872605585045,78.05644952602152
UP30_SCORE80_NIKKEION_TP4.0_SL2.0_H3,VALIDATION,2022-11-30,9434.T,WIN,3.7243532189934148,1,,,,,,,,0.9560883047483518,2.4663342776889188,58.10727871196465
UP30_SCORE80_NIKKEION_TP4.0_SL2.0_H3,VALIDATION,2022-12-01,4523.T,HOLD,9.599960940878594,3,,,,,,,,3.7410338014735256,3.726731040440298,67.15517263840277
UP30_SCORE80_NIKKEION_TP4.0_SL2.0_H3,VALIDATION,2023-02-01,2768.T,LOSS,-2.9029364310070638,1,,,,,,,,1.4418832874603549,1.59628603672925,61.67016112861338
UP30_SCORE80_NIKKEION_TP4.0_SL2.0_H3,VALIDATION,2023-02-17,5233.T,LOSS,-4.2908436500433185,1,,,,,,,,2.1870788814461806,2.0514057799458647,79.34823879636357
UP30_SCORE80_NIKKEION_TP4.0_SL2.0_H3,VALIDATION,2023-02-21,5101.T,WIN,10.372749350782195,1,,,,,,,,2.6181873376955505,3.43627562267025,86.43660675284961
UP30_SCORE80_NIKKEION_TP4.0_SL2.0_H3,VALIDATION,2023-03-03,5406.T,WIN,10.98728054115964,1,,,,,,,,2.771820135289908,1.857140360382404,87.09433998237975
UP30_SCORE80_NIKKEION_TP4.0_SL2.0_H3,VALIDATION,2023-03-06,5406.T,WIN,10.974768864614026,1,,,,,,,,2.768692216153508,1.502203260570827,87.66789665700449
UP30_SCORE80_NIKKEION_TP4.0_SL2.0_H3,VALIDATION,2023-03-07,5406.T,WIN,11.258582690995434,1,,,,,,,,2.8396456727488584,2.0701893640139404,90.18696901800902
UP30_SCORE80_NIKKEION_TP4.0_SL2.0_H3,VALIDATION,2023-03-08,6472.T,WIN,10.041864527855372,1,,,,,,,,2.535466131963841,1.5964971261163212,80.32679424160867
UP30_SCORE80_NIKKEION_TP4.0_SL2.0_H3,VALIDATION,2023-03-09,6472.T,WIN,10.124491542029402,1,,,,,,,,2.5561228855073503,2.0280835938094106,81.64248124982342
UP30_SCORE80_NIKKEION_TP4.0_SL2.0_H3,VALIDATION,2023-03-30,9107.T,WIN,13.585287318364403,1,,,,,,,,3.4213218295911028,2.956640384017868,67.71212740707429
UP30_SCORE80_NIKKEION_TP4.0_SL2.0_H3,VALIDATION,2023-03-31,7735.T,HOLD,1.9952370032169875,3,,,,,,,,2.5391231063714175,1.7645630331178097,71.61649211053447
UP30_SCORE80_NIKKEION_TP4.0_SL2.0_H3,VALIDATION,2023-04-03,6361.T,TIMEOUT_LOSS,-1.4527729564149383,3,,,,,,,,2.384753810496683,1.789481559063365,70.6068253998211
UP30_SCORE80_NIKKEION_TP4.0_SL2.0_H3,VALIDATION,2023-04-04,6501.T,HOLD,0.37960656090801914,3,,,,,,,,2.0304261745622165,1.5221769100292324,70.37175256557059
UP30_SCORE80_NIKKEION_TP4.0_SL2.0_H3,VALIDATION,2023-04-05,7453.T,HOLD,1.1430890333390953,3,,,,,,,,2.549078700278436,2.2329253812711656,54.85035368390627
UP30_SCORE80_NIKKEION_TP4.0_SL2.0_H3,VALIDATION,2023-04-11,9009.T,HOLD,3.1175604922691336,3,,,,,,,,1.9900095906876618,1.6478328517448322,79.14396561216782
UP30_SCORE80_NIKKEION_TP4.0_SL2.0_H3,VALIDATION,2023-04-12,3086.T,WIN,9.698051508540628,2,,,,,,,,2.4495128771351586,2.600409263552136,65.77527308898344
UP30_SCORE80_NIKKEION_TP4.0_SL2.0_H3,VALIDATION,2023-04-13,7453.T,HOLD,2.690558295829437,3,,,,,,,,2.575211037043294,1.6011953311443716,59.13648388012189
UP30_SCORE80_NIKKEION_TP4.0_SL2.0_H3,VALIDATION,2023-04-14,3697.T,TIMEOUT_LOSS,-2.594536581674811,3,,,,,,,,4.121031231711458,1.8575489819439108,70.5419742753867
UP30_SCORE80_NIKKEION_TP4.0_SL2.0_H3,VALIDATION,2023-04-17,6752.T,WIN,7.846473086998363,1,,,,,,,,1.9866182717495888,1.8304620405232623,71.88274667672724
UP30_SCORE80_NIKKEION_TP4.0_SL2.0_H3,VALIDATION,2023-04-19,8253.T,WIN,7.896259363688752,1,,,,,,,,1.9990648409221896,1.624354060885152,71.01284289908423
UP30_SCORE80_NIKKEION_TP4.0_SL2.0_H3,VALIDATION,2023-04-20,3099.T,HOLD,5.114970486944837,3,,,,,,,,2.3059025677288973,1.6848464507467695,64.50758913098556
UP30_SCORE80_NIKKEION_TP4.0_SL2.0_H3,VALIDATION,2023-04-21,6146.T,TIMEOUT_LOSS,-3.937076569153586,3,,,,,,,,2.9290030680995187,4.820541702933798,75.78560698122133
UP30_SCORE80_NIKKEION_TP4.0_SL2.0_H3,VALIDATION,2023-04-24,9202.T,WIN,5.5830656961098795,1,,,,,,,,1.4207664240274718,3.269837442481966,70.44491341213703
UP30_SCORE80_NIKKEION_TP4.0_SL2.0_H3,VALIDATION,2023-04-25,6503.T,HOLD,5.101515093803067,3,,,,,,,,1.733838364601022,2.155498593594048,79.72493429343518
UP30_SCORE80_NIKKEION_TP4.0_SL2.0_H3,VALIDATION,2023-04-26,1803.T,WIN,7.774117542742077,1,,,,,,,,1.9685293856855173,6.0865440632331405,73.83107527961079
UP30_SCORE80_NIKKEION_TP4.0_SL2.0_H3,VALIDATION,2023-04-27,6473.T,WIN,7.805821668199553,1,,,,,,,,1.9764554170498865,2.898426338292784,67.10946758818605
UP30_SCORE80_NIKKEION_TP4.0_SL2.0_H3,VALIDATION,2023-04-28,8801.T,WIN,6.268191409625701,1,,,,,,,,1.5920478524064234,2.3953025670888533,79.12301899170511
UP30_SCORE80_NIKKEION_TP4.0_SL2.0_H3,VALIDATION,2023-05-01,7011.T,HOLD,2.5301458927096454,3,,,,,,,,1.6474797805150931,1.631766868235908,66.13065535678693
UP30_SCORE80_NIKKEION_TP4.0_SL2.0_H3,VALIDATION,2023-05-09,5401.T,WIN,8.793180528999523,1,,,,,,,,2.2232951322498806,2.4216348728935766,63.075672705376185
UP30_SCORE80_NIKKEION_TP4.0_SL2.0_H3,VALIDATION,2023-05-10,9107.T,WIN,14.692430956552515,1,,,,,,,,3.698107739138131,1.6721083015720768,62.615682903241385
UP30_SCORE80_NIKKEION_TP4.0_SL2.0_H3,VALIDATION,2023-05-11,7011.T,HOLD,5.395320426312534,3,,,,,,,,2.1934996524668904,2.628737662337662,62.58737291544723
UP30_SCORE80_NIKKEION_TP4.0_SL2.0_H3,VALIDATION,2023-05-12,5406.T,WIN,14.7774279492782,1,,,,,,,,3.719356987319548,5.052158085537815,68.63672427624891
UP30_SCORE80_NIKKEION_TP4.0_SL2.0_H3,VALIDATION,2023-05-15,5406.T,WIN,15.190200268377263,1,,,,,,,,3.8225500670943178,1.7922546424440156,68.83347968195596
UP30_SCORE80_NIKKEION_TP4.0_SL2.0_H3,VALIDATION,2023-05-16,4188.T,WIN,5.3280433432912115,1,,,,,,,,1.3570108358228028,1.900617460813976,63.985237751869725
UP30_SCORE80_NIKKEION_TP4.0_SL2.0_H3,VALIDATION,2023-07-03,5301.T,WIN,9.390329195579438,1,,,,,,,,2.3725822988948613,1.6841448882477126,76.76292337832162
UP30_SCORE80_NIKKEION_TP4.0_SL2.0_H3,VALIDATION,2023-07-05,9107.T,WIN,14.099894365295073,1,,,,,,,,3.5499735913237704,2.150751782310317,69.97459032079043
UP30_SCORE80_NIKKEION_TP4.0_SL2.0_H3,VALIDATION,2023-07-28,8308.T,WIN,9.80571697298499,1,,,,,,,,2.4764292432462476,2.992813465952988,69.19508666855869
UP30_SCORE80_NIKKEION_TP4.0_SL2.0_H3,VALIDATION,2023-07-31,8308.T,TIMEOUT_LOSS,-1.2452531699781444,3,,,,,,,,2.5763241790336844,1.9173748312925836,71.9207173897711
UP30_SCORE80_NIKKEION_TP4.0_SL2.0_H3,VALIDATION,2023-08-01,6976.T,HOLD,1.8693882072037593,3,,,,,,,,2.606764674052127,2.1396985671851048,57.50048021808944
UP30_SCORE80_NIKKEION_TP4.0_SL2.0_H3,VALIDATION,2023-08-29,9501.T,TIMEOUT_LOSS,-2.143950752030588,3,,,,,,,,3.1402072969105355,2.2716801360357546,73.52136944851513
UP30_SCORE80_NIKKEION_TP4.0_SL2.0_H3,VALIDATION,2023-09-08,7532.T,LOSS,-5.146825249179454,2,,,,,,,,2.657533706705184,1.5087604957949283,59.8378595415099
UP30_SCORE80_NIKKEION_TP4.0_SL2.0_H3,VALIDATION,2023-09-11,8308.T,LOSS,-4.662172122268315,1,,,,,,,,2.390127805566289,1.665899299127487,79.10878705380313
UP30_SCORE80_NIKKEION_TP4.0_SL2.0_H3,VALIDATION,2023-09-12,8316.T,LOSS,-3.5634043979551833,1,,,,,,,,1.7938297784150459,1.6274642753207946,80.10973378734327
UP30_SCORE80_NIKKEION_TP4.0_SL2.0_H3,VALIDATION,2023-09-13,8306.T,LOSS,-3.989851206494388,1,,,,,,,,2.0236422767650737,1.6494697326543106,80.85596893501176
UP30_SCORE80_NIKKEION_TP4.0_SL2.0_H3,VALIDATION,2023-11-13,2501.T,LOSS,-4.619258659737801,1,,,,,,,,2.3665812583255104,2.601058336455944,83.63371851723367
UP30_SCORE80_NIKKEION_TP4.0_SL2.0_H3,VALIDATION,2023-12-29,7974.T,WIN,6.475700861620315,3,,,,,,,,1.643925215405077,1.9467622373338236,74.74645526007333
UP30_SCORE80_NIKKEION_TP4.0_SL2.0_H3,VALIDATION,2024-01-05,8601.T,WIN,8.740718075418153,1,,,,,,,,2.210179518854538,1.680065341212715,65.83317514015158
UP30_SCORE80_NIKKEION_TP4.0_SL2.0_H3,VALIDATION,2024-01-18,7735.T,WIN,12.481905500689782,2,,,,,,,,3.1454763751724477,1.92320418278728,75.52852009430023
UP30_SCORE80_NIKKEION_TP4.0_SL2.0_H3,VALIDATION,2024-03-05,6146.T,TIMEOUT_LOSS,-0.5588255963961396,3,,,,,,,,3.284602928557382,2.1800391194636752,80.50298701119084
UP30_SCORE80_NIKKEION_TP4.0_SL2.0_H3,VALIDATION,2024-03-06,1802.T,WIN,11.318061468907826,2,,,,,,,,2.8545153672269548,2.554199432260858,85.31838469532941
UP30_SCORE80_NIKKEION_TP4.0_SL2.0_H3,VALIDATION,2024-03-07,7012.T,TIMEOUT_LOSS,-1.3340755048777408,3,,,,,,,,3.210564756415324,3.000958757164228,86.42904059170691
UP30_SCORE80_NIKKEION_TP4.0_SL2.0_H3,VALIDATION,2024-03-21,8804.T,HOLD,8.89775024998759,3,,,,,,,,2.923745961515685,1.69173223588183,67.93402062292945
UP30_SCORE80_NIKKEION_TP4.0_SL2.0_H3,VALIDATION,2024-03-22,3099.T,HOLD,6.877494385247552,3,,,,,,,,2.453948221491993,1.5707909104979727,81.63333499499859
UP30_SCORE80_NIKKEION_TP4.0_SL2.0_H3,VALIDATION,2024-03-25,5631.T,WIN,10.674305677224948,2,,,,,,,,2.693576419306239,1.9978760576890136,78.08170396611129
UP30_SCORE80_NIKKEION_TP4.0_SL2.0_H3,VALIDATION,2024-03-26,6504.T,HOLD,4.84654585282166,3,,,,,,,,2.8262976686388814,1.7303010510064722,74.90764016864891
UP30_SCORE80_NIKKEION_TP4.0_SL2.0_H3,VALIDATION,2024-03-27,8308.T,HOLD,0.41721946829534906,3,,,,,,,,3.0733363442166413,1.5960925826296606,69.621051993328
UP30_SCORE80_NIKKEION_TP4.0_SL2.0_H3,VALIDATION,2024-03-28,9501.T,TIMEOUT_LOSS,-1.4722540245678761,3,,,,,,,,4.639511584038658,1.535695399259651,61.44666417260486
UP30_SCORE80_NIKKEION_TP4.0_SL2.0_H3,VALIDATION,2024-05-14,5801.T,HOLD,2.2820223552854624,3,,,,,,,,3.3266977409723695,4.547126157516055,78.26401062449611
UP30_SCORE80_NIKKEION_TP4.0_SL2.0_H3,VALIDATION,2024-05-15,5101.T,LOSS,-6.0894245001611225,1,,,,,,,,3.185505709499344,2.1531057837982357,57.67965645377095
UP30_SCORE80_NIKKEION_TP4.0_SL2.0_H3,VALIDATION,2024-05-30,8331.T,LOSS,-4.400166785860348,1,,,,,,,,2.2466950262275853,1.6671299042083123,76.98906772721455
UP30_SCORE80_NIKKEION_TP4.0_SL2.0_H3,VALIDATION,2024-07-05,7011.T,LOSS,-6.745795040566726,3,,,,,,,,3.3228975202833633,2.5582053497235537,86.65930019007098
UP30_SCORE80_NIKKEION_TP4.0_SL2.0_H3,VALIDATION,2024-07-08,7011.T,LOSS,-6.953018781897246,2,,,,,,,,3.4265093909486253,1.7619016094335518,86.88149005846999
UP30_SCORE80_NIKKEION_TP4.0_SL2.0_H3,VALIDATION,2024-07-09,5803.T,TIMEOUT_LOSS,-0.5020352086310463,3,,,,,,,,3.809966458306757,3.0971420165153285,65.1673118563374
UP30_SCORE80_NIKKEION_TP4.0_SL2.0_H3,VALIDATION,2024-07-10,5803.T,TIMEOUT_LOSS,-2.3216796953875796,3,,,,,,,,3.7783164995058183,1.977109990603468,67.32339376466534
UP30_SCORE80_NIKKEION_TP4.0_SL2.0_H3,VALIDATION,2024-07-12,4519.T,HOLD,0.13311846210201103,3,,,,,,,,2.4175399406305127,1.5207411706833838,76.8046823943933
UP30_SCORE80_NIKKEION_TP4.0_SL2.0_H3,VALIDATION,2024-07-16,6976.T,HOLD,5.223364293422395,3,,,,,,,,3.5256413216273375,1.7389526651481166,77.39298849461471
UP30_SCORE80_NIKKEION_TP4.0_SL2.0_H3,VALIDATION,2024-09-05,6532.T,LOSS,-6.307967153452498,1,,,,,,,,3.3094320301220614,1.812501141948804,65.73803228477507
UP30_SCORE80_NIKKEION_TP4.0_SL2.0_H3,VALIDATION,2024-11-07,7013.T,HOLD,1.2587562963110144,3,,,,,,,,4.814901131833723,2.2527265778296126,70.02433857866997
UP30_SCORE80_NIKKEION_TP4.0_SL2.0_H3,VALIDATION,2024-11-08,7012.T,TIMEOUT_LOSS,-6.372429117570476,3,,,,,,,,4.434220461682906,3.200205529096764,69.90419704592867
UP30_SCORE80_NIKKEION_TP4.0_SL2.0_H3,VALIDATION,2024-11-11,5803.T,TIMEOUT_LOSS,-2.420324839515642,3,,,,,,,,5.599984000136319,1.7857249601142264,64.76170419168966
UP30_SCORE80_NIKKEION_TP4.0_SL2.0_H3,VALIDATION,2024-11-12,5801.T,HOLD,9.229748967881969,3,,,,,,,,4.212795453398469,5.95992017197373,85.57524419496607
UP30_SCORE80_NIKKEION_TP3.5_SL1.75_H5,VALIDATION,2022-08-24,7733.T,HOLD,1.874223737416647,5,,,,,,,,2.487512480075919,1.8547560940531955,65.51391763203654
UP30_SCORE80_NIKKEION_TP3.5_SL1.75_H5,VALIDATION,2022-08-25,7004.T,WIN,8.659482124574557,1,,,,,,,,2.502709178449873,1.68890419213222,64.82502886936872
UP30_SCORE80_NIKKEION_TP3.5_SL1.75_H5,VALIDATION,2022-11-04,8001.T,LOSS,-3.3781975855115887,1,,,,,,,,1.936746127953537,1.839102301394961,63.42202249431198
UP30_SCORE80_NIKKEION_TP3.5_SL1.75_H5,VALIDATION,2022-11-10,2501.T,LOSS,-3.9156108513355936,1,,,,,,,,2.266842964024092,2.343872605585045,78.05644952602152
UP30_SCORE80_NIKKEION_TP3.5_SL1.75_H5,VALIDATION,2022-11-30,9434.T,WIN,3.246309066619235,1,,,,,,,,0.9560883047483518,2.4663342776889188,58.10727871196465
UP30_SCORE80_NIKKEION_TP3.5_SL1.75_H5,VALIDATION,2022-12-01,4523.T,WIN,12.993618305157339,2,,,,,,,,3.7410338014735256,3.726731040440298,67.15517263840277
UP30_SCORE80_NIKKEION_TP3.5_SL1.75_H5,VALIDATION,2023-02-01,2768.T,LOSS,-2.5611925850817285,1,,,,,,,,1.4418832874603549,1.59628603672925,61.67016112861338
UP30_SCORE80_NIKKEION_TP3.5_SL1.75_H5,VALIDATION,2023-02-17,5233.T,LOSS,-3.786299072613686,1,,,,,,,,2.1870788814461806,2.0514057799458647,79.34823879636357
UP30_SCORE80_NIKKEION_TP3.5_SL1.75_H5,VALIDATION,2023-02-21,5101.T,WIN,9.063655681934424,1,,,,,,,,2.6181873376955505,3.43627562267025,86.43660675284961
UP30_SCORE80_NIKKEION_TP3.5_SL1.75_H5,VALIDATION,2023-03-03,5406.T,WIN,9.60137047351467,1,,,,,,,,2.771820135289908,1.857140360382404,87.09433998237975
UP30_SCORE80_NIKKEION_TP3.5_SL1.75_H5,VALIDATION,2023-03-06,5406.T,WIN,9.590422756537288,1,,,,,,,,2.768692216153508,1.502203260570827,87.66789665700449
UP30_SCORE80_NIKKEION_TP3.5_SL1.75_H5,VALIDATION,2023-03-07,5406.T,WIN,9.838759854621005,1,,,,,,,,2.8396456727488584,2.0701893640139404,90.18696901800902
UP30_SCORE80_NIKKEION_TP3.5_SL1.75_H5,VALIDATION,2023-03-08,6472.T,WIN,8.774131461873436,1,,,,,,,,2.535466131963841,1.5964971261163212,80.32679424160867
UP30_SCORE80_NIKKEION_TP3.5_SL1.75_H5,VALIDATION,2023-03-09,6472.T,WIN,8.846430099275738,1,,,,,,,,2.5561228855073503,2.0280835938094106,81.64248124982342
UP30_SCORE80_NIKKEION_TP3.5_SL1.75_H5,VALIDATION,2023-03-30,9107.T,WIN,11.874626403568856,1,,,,,,,,3.4213218295911028,2.956640384017868,67.71212740707429
UP30_SCORE80_NIKKEION_TP3.5_SL1.75_H5,VALIDATION,2023-03-31,7735.T,HOLD,0.6192904128771494,5,,,,,,,,2.5391231063714175,1.7645630331178097,71.61649211053447
UP30_SCORE80_NIKKEION_TP3.5_SL1.75_H5,VALIDATION,2023-04-03,6361.T,HOLD,0.6095384103499081,5,,,,,,,,2.384753810496683,1.789481559063365,70.6068253998211
UP30_SCORE80_NIKKEION_TP3.5_SL1.75_H5,VALIDATION,2023-04-04,6501.T,HOLD,1.8034648977516388,5,,,,,,,,2.0304261745622165,1.5221769100292324,70.37175256557059
UP30_SCORE80_NIKKEION_TP3.5_SL1.75_H5,VALIDATION,2023-04-05,7453.T,HOLD,6.252015345611362,5,,,,,,,,2.549078700278436,2.2329253812711656,54.85035368390627
UP30_SCORE80_NIKKEION_TP3.5_SL1.75_H5,VALIDATION,2023-04-11,9009.T,HOLD,4.608478010535289,5,,,,,,,,1.9900095906876618,1.6478328517448322,79.14396561216782
UP30_SCORE80_NIKKEION_TP3.5_SL1.75_H5,VALIDATION,2023-04-12,3086.T,WIN,8.473295069973064,1,,,,,,,,2.4495128771351586,2.600409263552136,65.77527308898344
UP30_SCORE80_NIKKEION_TP3.5_SL1.75_H5,VALIDATION,2023-04-13,7453.T,HOLD,1.4215390576093223,5,,,,,,,,2.575211037043294,1.6011953311443716,59.13648388012189
UP30_SCORE80_NIKKEION_TP3.5_SL1.75_H5,VALIDATION,2023-04-14,3697.T,TIMEOUT_LOSS,-4.784850298928888,5,,,,,,,,4.121031231711458,1.8575489819439108,70.5419742753867
UP30_SCORE80_NIKKEION_TP3.5_SL1.75_H5,VALIDATION,2023-04-17,6752.T,WIN,6.853163951123554,1,,,,,,,,1.9866182717495888,1.8304620405232623,71.88274667672724
UP30_SCORE80_NIKKEION_TP3.5_SL1.75_H5,VALIDATION,2023-04-19,8253.T,WIN,6.8967269432276606,1,,,,,,,,1.9990648409221896,1.624354060885152,71.01284289908423
UP30_SCORE80_NIKKEION_TP3.5_SL1.75_H5,VALIDATION,2023-04-20,3099.T,WIN,7.97065898705115,3,,,,,,,,2.3059025677288973,1.6848464507467695,64.50758913098556
UP30_SCORE80_NIKKEION_TP3.5_SL1.75_H5,VALIDATION,2023-04-21,6146.T,LOSS,-5.225755369174156,4,,,,,,,,2.9290030680995187,4.820541702933798,75.78560698122133
UP30_SCORE80_NIKKEION_TP3.5_SL1.75_H5,VALIDATION,2023-04-24,9202.T,WIN,4.872682484096147,1,,,,,,,,1.4207664240274718,3.269837442481966,70.44491341213703
UP30_SCORE80_NIKKEION_TP3.5_SL1.75_H5,VALIDATION,2023-04-25,6503.T,WIN,5.968434276103574,3,,,,,,,,1.733838364601022,2.155498593594048,79.72493429343518
UP30_SCORE80_NIKKEION_TP3.5_SL1.75_H5,VALIDATION,2023-04-26,1803.T,WIN,6.789852849899314,1,,,,,,,,1.9685293856855173,6.0865440632331405,73.83107527961079
UP30_SCORE80_NIKKEION_TP3.5_SL1.75_H5,VALIDATION,2023-04-27,6473.T,WIN,6.817593959674595,1,,,,,,,,1.9764554170498865,2.898426338292784,67.10946758818605
UP30_SCORE80_NIKKEION_TP3.5_SL1.75_H5,VALIDATION,2023-04-28,8801.T,WIN,5.472167483422486,1,,,,,,,,1.5920478524064234,2.3953025670888533,79.12301899170511
UP30_SCORE80_NIKKEION_TP3.5_SL1.75_H5,VALIDATION,2023-05-01,7011.T,WIN,5.666179231802826,4,,,,,,,,1.6474797805150931,1.631766868235908,66.13065535678693
UP30_SCORE80_NIKKEION_TP3.5_SL1.75_H5,VALIDATION,2023-05-09,5401.T,WIN,7.6815329628745825,1,,,,,,,,2.2232951322498806,2.4216348728935766,63.075672705376185
UP30_SCORE80_NIKKEION_TP3.5_SL1.75_H5,VALIDATION,2023-05-10,9107.T,WIN,12.843377086983454,1,,,,,,,,3.698107739138131,1.6721083015720768,62.615682903241385
UP30_SCORE80_NIKKEION_TP3.5_SL1.75_H5,VALIDATION,2023-05-11,5020.T,WIN,5.1040648697332385,1,,,,,,,,1.4868756770666383,3.681803466050562,72.78286865632573
UP30_SCORE80_NIKKEION_TP3.5_SL1.75_H5,VALIDATION,2023-05-12,5406.T,WIN,12.917749455618422,1,,,,,,,,3.719356987319548,5.052158085537815,68.63672427624891
UP30_SCORE80_NIKKEION_TP3.5_SL1.75_H5,VALIDATION,2023-05-15,5406.T,WIN,13.278925234830108,1,,,,,,,,3.8225500670943178,1.7922546424440156,68.83347968195596
UP30_SCORE80_NIKKEION_TP3.5_SL1.75_H5,VALIDATION,2023-05-16,4188.T,WIN,4.649537925379821,1,,,,,,,,1.3570108358228028,1.900617460813976,63.985237751869725
UP30_SCORE80_NIKKEION_TP3.5_SL1.75_H5,VALIDATION,2023-07-03,5301.T,WIN,8.204038046132023,1,,,,,,,,2.3725822988948613,1.6841448882477126,76.76292337832162
UP30_SCORE80_NIKKEION_TP3.5_SL1.75_H5,VALIDATION,2023-07-05,9107.T,WIN,12.324907569633192,1,,,,,,,,3.5499735913237704,2.150751782310317,69.97459032079043
UP30_SCORE80_NIKKEION_TP3.5_SL1.75_H5,VALIDATION,2023-07-28,8331.T,WIN,6.9351616766423545,1,,,,,,,,2.010046193326387,2.1956075174010463,72.16573526230798
UP30_SCORE80_NIKKEION_TP3.5_SL1.75_H5,VALIDATION,2023-07-31,8308.T,HOLD,1.5339633821296217,5,,,,,,,,2.5763241790336844,1.9173748312925836,71.9207173897711
UP30_SCORE80_NIKKEION_TP3.5_SL1.75_H5,VALIDATION,2023-08-01,6976.T,HOLD,2.042932023748978,5,,,,,,,,2.606764674052127,2.1396985671851048,57.50048021808944
UP30_SCORE80_NIKKEION_TP3.5_SL1.75_H5,VALIDATION,2023-08-29,9501.T,TIMEOUT_LOSS,-2.9891943200067495,5,,,,,,,,3.1402072969105355,2.2716801360357546,73.52136944851513
UP30_SCORE80_NIKKEION_TP3.5_SL1.75_H5,VALIDATION,2023-09-08,7532.T,LOSS,-4.544007253047299,2,,,,,,,,2.657533706705184,1.5087604957949283,59.8378595415099
UP30_SCORE80_NIKKEION_TP3.5_SL1.75_H5,VALIDATION,2023-09-11,8308.T,LOSS,-4.114795844080366,1,,,,,,,,2.390127805566289,1.665899299127487,79.10878705380313
UP30_SCORE80_NIKKEION_TP3.5_SL1.75_H5,VALIDATION,2023-09-12,8316.T,LOSS,-3.1436556109970315,1,,,,,,,,1.7938297784150459,1.6274642753207946,80.10973378734327
UP30_SCORE80_NIKKEION_TP3.5_SL1.75_H5,VALIDATION,2023-09-13,8306.T,LOSS,-3.520250135829306,1,,,,,,,,2.0236422767650737,1.6494697326543106,80.85596893501176
UP30_SCORE80_NIKKEION_TP3.5_SL1.75_H5,VALIDATION,2023-11-13,2501.T,LOSS,-4.076816656159987,1,,,,,,,,2.3665812583255104,2.601058336455944,83.63371851723367
UP30_SCORE80_NIKKEION_TP3.5_SL1.75_H5,VALIDATION,2023-12-29,7974.T,WIN,5.653738253917762,3,,,,,,,,1.643925215405077,1.9467622373338236,74.74645526007333
UP30_SCORE80_NIKKEION_TP3.5_SL1.75_H5,VALIDATION,2024-01-05,8601.T,WIN,7.635628315990884,1,,,,,,,,2.210179518854538,1.680065341212715,65.83317514015158
UP30_SCORE80_NIKKEION_TP3.5_SL1.75_H5,VALIDATION,2024-01-18,7735.T,WIN,10.909167313103575,1,,,,,,,,3.1454763751724477,1.92320418278728,75.52852009430023
UP30_SCORE80_NIKKEION_TP3.5_SL1.75_H5,VALIDATION,2024-03-05,6146.T,LOSS,-5.848055124975415,4,,,,,,,,3.284602928557382,2.1800391194636752,80.50298701119084
UP30_SCORE80_NIKKEION_TP3.5_SL1.75_H5,VALIDATION,2024-03-06,1802.T,WIN,9.890803785294333,1,,,,,,,,2.8545153672269548,2.554199432260858,85.31838469532941
UP30_SCORE80_NIKKEION_TP3.5_SL1.75_H5,VALIDATION,2024-03-07,7012.T,TIMEOUT_LOSS,-0.7063665415295682,5,,,,,,,,3.210564756415324,3.000958757164228,86.42904059170691
UP30_SCORE80_NIKKEION_TP3.5_SL1.75_H5,VALIDATION,2024-03-21,8804.T,WIN,10.133110865304895,1,,,,,,,,2.923745961515685,1.69173223588183,67.93402062292945
UP30_SCORE80_NIKKEION_TP3.5_SL1.75_H5,VALIDATION,2024-03-22,3099.T,HOLD,7.026963938280828,5,,,,,,,,2.453948221491993,1.5707909104979727,81.63333499499859
UP30_SCORE80_NIKKEION_TP3.5_SL1.75_H5,VALIDATION,2024-03-25,5631.T,WIN,9.327517467571845,2,,,,,,,,2.693576419306239,1.9978760576890136,78.08170396611129
UP30_SCORE80_NIKKEION_TP3.5_SL1.75_H5,VALIDATION,2024-03-26,6504.T,HOLD,3.1571624317762503,5,,,,,,,,2.8262976686388814,1.7303010510064722,74.90764016864891
UP30_SCORE80_NIKKEION_TP3.5_SL1.75_H5,VALIDATION,2024-03-27,8308.T,HOLD,1.7987886395769315,5,,,,,,,,3.0733363442166413,1.5960925826296606,69.621051993328
UP30_SCORE80_NIKKEION_TP3.5_SL1.75_H5,VALIDATION,2024-03-28,9501.T,HOLD,10.17009219552335,5,,,,,,,,4.639511584038658,1.535695399259651,61.44666417260486
UP30_SCORE80_NIKKEION_TP3.5_SL1.75_H5,VALIDATION,2024-05-14,5801.T,HOLD,0.8001135923499382,5,,,,,,,,3.3266977409723695,4.547126157516055,78.26401062449611
UP30_SCORE80_NIKKEION_TP3.5_SL1.75_H5,VALIDATION,2024-05-15,5101.T,LOSS,-5.380278726103226,1,,,,,,,,3.185505709499344,2.1531057837982357,57.67965645377095
UP30_SCORE80_NIKKEION_TP3.5_SL1.75_H5,VALIDATION,2024-05-30,8331.T,LOSS,-3.8829802451298967,1,,,,,,,,2.2466950262275853,1.6671299042083123,76.98906772721455
UP30_SCORE80_NIKKEION_TP3.5_SL1.75_H5,VALIDATION,2024-07-05,7011.T,LOSS,-5.915070660495891,3,,,,,,,,3.3228975202833633,2.5582053497235537,86.65930019007098
UP30_SCORE80_NIKKEION_TP3.5_SL1.75_H5,VALIDATION,2024-07-08,7011.T,LOSS,-6.096391434160097,2,,,,,,,,3.4265093909486253,1.7619016094335518,86.88149005846999
UP30_SCORE80_NIKKEION_TP3.5_SL1.75_H5,VALIDATION,2024-07-09,5803.T,TIMEOUT_LOSS,-1.340758537873088,5,,,,,,,,3.809966458306757,3.0971420165153285,65.1673118563374
UP30_SCORE80_NIKKEION_TP3.5_SL1.75_H5,VALIDATION,2024-07-10,5803.T,LOSS,-6.712053874135181,5,,,,,,,,3.7783164995058183,1.977109990603468,67.32339376466534
UP30_SCORE80_NIKKEION_TP3.5_SL1.75_H5,VALIDATION,2024-07-12,4519.T,TIMEOUT_LOSS,-0.7715428109973498,5,,,,,,,,2.4175399406305127,1.5207411706833838,76.8046823943933
UP30_SCORE80_NIKKEION_TP3.5_SL1.75_H5,VALIDATION,2024-07-16,6976.T,HOLD,0.47414635042289943,5,,,,,,,,3.5256413216273375,1.7389526651481166,77.39298849461471
UP30_SCORE80_NIKKEION_TP3.5_SL1.75_H5,VALIDATION,2024-09-05,6532.T,LOSS,-5.574452788135786,1,,,,,,,,3.3094320301220614,1.812501141948804,65.73803228477507
UP30_SCORE80_NIKKEION_TP3.5_SL1.75_H5,VALIDATION,2024-11-07,7013.T,TIMEOUT_LOSS,-1.5461499464642814,5,,,,,,,,4.814901131833723,2.2527265778296126,70.02433857866997
UP30_SCORE80_NIKKEION_TP3.5_SL1.75_H5,VALIDATION,2024-11-08,7012.T,TIMEOUT_LOSS,-6.590738677079244,5,,,,,,,,4.434220461682906,3.200205529096764,69.90419704592867
UP30_SCORE80_NIKKEION_TP3.5_SL1.75_H5,VALIDATION,2024-11-11,5803.T,TIMEOUT_LOSS,-8.793748338676943,5,,,,,,,,5.599984000136319,1.7857249601142264,64.76170419168966
UP30_SCORE80_NIKKEION_TP3.5_SL1.75_H5,VALIDATION,2024-11-12,5801.T,HOLD,9.880624475002497,5,,,,,,,,4.212795453398469,5.95992017197373,85.57524419496607
UP25_SCORE80_NIKKEION_TP3.5_SL1.75_H5,VALIDATION,2022-08-24,7733.T,HOLD,1.874223737416647,5,,,,,,,,2.487512480075919,1.8547560940531955,65.51391763203654
UP25_SCORE80_NIKKEION_TP3.5_SL1.75_H5,VALIDATION,2022-08-25,7004.T,WIN,8.659482124574557,1,,,,,,,,2.502709178449873,1.68890419213222,64.82502886936872
UP25_SCORE80_NIKKEION_TP3.5_SL1.75_H5,VALIDATION,2022-11-04,8001.T,LOSS,-3.3781975855115887,1,,,,,,,,1.936746127953537,1.839102301394961,63.42202249431198
UP25_SCORE80_NIKKEION_TP3.5_SL1.75_H5,VALIDATION,2022-11-10,2501.T,LOSS,-3.9156108513355936,1,,,,,,,,2.266842964024092,2.343872605585045,78.05644952602152
UP25_SCORE80_NIKKEION_TP3.5_SL1.75_H5,VALIDATION,2022-11-30,9434.T,WIN,3.246309066619235,1,,,,,,,,0.9560883047483518,2.4663342776889188,58.10727871196465
UP25_SCORE80_NIKKEION_TP3.5_SL1.75_H5,VALIDATION,2022-12-01,4523.T,WIN,12.993618305157339,2,,,,,,,,3.7410338014735256,3.726731040440298,67.15517263840277
UP25_SCORE80_NIKKEION_TP3.5_SL1.75_H5,VALIDATION,2023-02-01,2768.T,LOSS,-2.5611925850817285,1,,,,,,,,1.4418832874603549,1.59628603672925,61.67016112861338
UP25_SCORE80_NIKKEION_TP3.5_SL1.75_H5,VALIDATION,2023-02-17,5233.T,LOSS,-3.786299072613686,1,,,,,,,,2.1870788814461806,2.0514057799458647,79.34823879636357
UP25_SCORE80_NIKKEION_TP3.5_SL1.75_H5,VALIDATION,2023-02-21,5101.T,WIN,9.063655681934424,1,,,,,,,,2.6181873376955505,3.43627562267025,86.43660675284961
UP25_SCORE80_NIKKEION_TP3.5_SL1.75_H5,VALIDATION,2023-03-03,5406.T,WIN,9.60137047351467,1,,,,,,,,2.771820135289908,1.857140360382404,87.09433998237975
UP25_SCORE80_NIKKEION_TP3.5_SL1.75_H5,VALIDATION,2023-03-06,5406.T,WIN,9.590422756537288,1,,,,,,,,2.768692216153508,1.502203260570827,87.66789665700449
UP25_SCORE80_NIKKEION_TP3.5_SL1.75_H5,VALIDATION,2023-03-07,5406.T,WIN,9.838759854621005,1,,,,,,,,2.8396456727488584,2.0701893640139404,90.18696901800902
UP25_SCORE80_NIKKEION_TP3.5_SL1.75_H5,VALIDATION,2023-03-08,6472.T,WIN,8.774131461873436,1,,,,,,,,2.535466131963841,1.5964971261163212,80.32679424160867
UP25_SCORE80_NIKKEION_TP3.5_SL1.75_H5,VALIDATION,2023-03-09,6472.T,WIN,8.846430099275738,1,,,,,,,,2.5561228855073503,2.0280835938094106,81.64248124982342
UP25_SCORE80_NIKKEION_TP3.5_SL1.75_H5,VALIDATION,2023-03-30,9107.T,WIN,11.874626403568856,1,,,,,,,,3.4213218295911028,2.956640384017868,67.71212740707429
UP25_SCORE80_NIKKEION_TP3.5_SL1.75_H5,VALIDATION,2023-03-31,7735.T,HOLD,0.6192904128771494,5,,,,,,,,2.5391231063714175,1.7645630331178097,71.61649211053447
UP25_SCORE80_NIKKEION_TP3.5_SL1.75_H5,VALIDATION,2023-04-03,6361.T,HOLD,0.6095384103499081,5,,,,,,,,2.384753810496683,1.789481559063365,70.6068253998211
UP25_SCORE80_NIKKEION_TP3.5_SL1.75_H5,VALIDATION,2023-04-04,6501.T,HOLD,1.8034648977516388,5,,,,,,,,2.0304261745622165,1.5221769100292324,70.37175256557059
UP25_SCORE80_NIKKEION_TP3.5_SL1.75_H5,VALIDATION,2023-04-05,7453.T,HOLD,6.252015345611362,5,,,,,,,,2.549078700278436,2.2329253812711656,54.85035368390627
UP25_SCORE80_NIKKEION_TP3.5_SL1.75_H5,VALIDATION,2023-04-11,9009.T,HOLD,4.608478010535289,5,,,,,,,,1.9900095906876618,1.6478328517448322,79.14396561216782
UP25_SCORE80_NIKKEION_TP3.5_SL1.75_H5,VALIDATION,2023-04-12,3086.T,WIN,8.473295069973064,1,,,,,,,,2.4495128771351586,2.600409263552136,65.77527308898344
UP25_SCORE80_NIKKEION_TP3.5_SL1.75_H5,VALIDATION,2023-04-13,7453.T,HOLD,1.4215390576093223,5,,,,,,,,2.575211037043294,1.6011953311443716,59.13648388012189
UP25_SCORE80_NIKKEION_TP3.5_SL1.75_H5,VALIDATION,2023-04-14,3697.T,TIMEOUT_LOSS,-4.784850298928888,5,,,,,,,,4.121031231711458,1.8575489819439108,70.5419742753867
UP25_SCORE80_NIKKEION_TP3.5_SL1.75_H5,VALIDATION,2023-04-17,6752.T,WIN,6.853163951123554,1,,,,,,,,1.9866182717495888,1.8304620405232623,71.88274667672724
UP25_SCORE80_NIKKEION_TP3.5_SL1.75_H5,VALIDATION,2023-04-19,8253.T,WIN,6.8967269432276606,1,,,,,,,,1.9990648409221896,1.624354060885152,71.01284289908423
UP25_SCORE80_NIKKEION_TP3.5_SL1.75_H5,VALIDATION,2023-04-20,3099.T,WIN,7.97065898705115,3,,,,,,,,2.3059025677288973,1.6848464507467695,64.50758913098556
UP25_SCORE80_NIKKEION_TP3.5_SL1.75_H5,VALIDATION,2023-04-21,6146.T,LOSS,-5.225755369174156,4,,,,,,,,2.9290030680995187,4.820541702933798,75.78560698122133
UP25_SCORE80_NIKKEION_TP3.5_SL1.75_H5,VALIDATION,2023-04-24,9202.T,WIN,4.872682484096147,1,,,,,,,,1.4207664240274718,3.269837442481966,70.44491341213703
UP25_SCORE80_NIKKEION_TP3.5_SL1.75_H5,VALIDATION,2023-04-25,6503.T,WIN,5.968434276103574,3,,,,,,,,1.733838364601022,2.155498593594048,79.72493429343518
UP25_SCORE80_NIKKEION_TP3.5_SL1.75_H5,VALIDATION,2023-04-26,1803.T,WIN,6.789852849899314,1,,,,,,,,1.9685293856855173,6.0865440632331405,73.83107527961079
UP25_SCORE80_NIKKEION_TP3.5_SL1.75_H5,VALIDATION,2023-04-27,6473.T,WIN,6.817593959674595,1,,,,,,,,1.9764554170498865,2.898426338292784,67.10946758818605
UP25_SCORE80_NIKKEION_TP3.5_SL1.75_H5,VALIDATION,2023-04-28,8801.T,WIN,5.472167483422486,1,,,,,,,,1.5920478524064234,2.3953025670888533,79.12301899170511
UP25_SCORE80_NIKKEION_TP3.5_SL1.75_H5,VALIDATION,2023-05-01,7011.T,WIN,5.666179231802826,4,,,,,,,,1.6474797805150931,1.631766868235908,66.13065535678693
UP25_SCORE80_NIKKEION_TP3.5_SL1.75_H5,VALIDATION,2023-05-09,5401.T,WIN,7.6815329628745825,1,,,,,,,,2.2232951322498806,2.4216348728935766,63.075672705376185
UP25_SCORE80_NIKKEION_TP3.5_SL1.75_H5,VALIDATION,2023-05-10,9107.T,WIN,12.843377086983454,1,,,,,,,,3.698107739138131,1.6721083015720768,62.615682903241385
UP25_SCORE80_NIKKEION_TP3.5_SL1.75_H5,VALIDATION,2023-05-11,5020.T,WIN,5.1040648697332385,1,,,,,,,,1.4868756770666383,3.681803466050562,72.78286865632573
UP25_SCORE80_NIKKEION_TP3.5_SL1.75_H5,VALIDATION,2023-05-12,5406.T,WIN,12.917749455618422,1,,,,,,,,3.719356987319548,5.052158085537815,68.63672427624891
UP25_SCORE80_NIKKEION_TP3.5_SL1.75_H5,VALIDATION,2023-05-15,5406.T,WIN,13.278925234830108,1,,,,,,,,3.8225500670943178,1.7922546424440156,68.83347968195596
UP25_SCORE80_NIKKEION_TP3.5_SL1.75_H5,VALIDATION,2023-05-16,4188.T,WIN,4.649537925379821,1,,,,,,,,1.3570108358228028,1.900617460813976,63.985237751869725
UP25_SCORE80_NIKKEION_TP3.5_SL1.75_H5,VALIDATION,2023-07-03,5301.T,WIN,8.204038046132023,1,,,,,,,,2.3725822988948613,1.6841448882477126,76.76292337832162
UP25_SCORE80_NIKKEION_TP3.5_SL1.75_H5,VALIDATION,2023-07-05,9107.T,WIN,12.324907569633192,1,,,,,,,,3.5499735913237704,2.150751782310317,69.97459032079043
UP25_SCORE80_NIKKEION_TP3.5_SL1.75_H5,VALIDATION,2023-07-28,8331.T,WIN,6.9351616766423545,1,,,,,,,,2.010046193326387,2.1956075174010463,72.16573526230798
UP25_SCORE80_NIKKEION_TP3.5_SL1.75_H5,VALIDATION,2023-07-31,8308.T,HOLD,1.5339633821296217,5,,,,,,,,2.5763241790336844,1.9173748312925836,71.9207173897711
UP25_SCORE80_NIKKEION_TP3.5_SL1.75_H5,VALIDATION,2023-08-01,6976.T,HOLD,2.042932023748978,5,,,,,,,,2.606764674052127,2.1396985671851048,57.50048021808944
UP25_SCORE80_NIKKEION_TP3.5_SL1.75_H5,VALIDATION,2023-08-29,9501.T,TIMEOUT_LOSS,-2.9891943200067495,5,,,,,,,,3.1402072969105355,2.2716801360357546,73.52136944851513
UP25_SCORE80_NIKKEION_TP3.5_SL1.75_H5,VALIDATION,2023-09-08,7532.T,LOSS,-4.544007253047299,2,,,,,,,,2.657533706705184,1.5087604957949283,59.8378595415099
UP25_SCORE80_NIKKEION_TP3.5_SL1.75_H5,VALIDATION,2023-09-11,8308.T,LOSS,-4.114795844080366,1,,,,,,,,2.390127805566289,1.665899299127487,79.10878705380313
UP25_SCORE80_NIKKEION_TP3.5_SL1.75_H5,VALIDATION,2023-09-12,8316.T,LOSS,-3.1436556109970315,1,,,,,,,,1.7938297784150459,1.6274642753207946,80.10973378734327
UP25_SCORE80_NIKKEION_TP3.5_SL1.75_H5,VALIDATION,2023-09-13,8306.T,LOSS,-3.520250135829306,1,,,,,,,,2.0236422767650737,1.6494697326543106,80.85596893501176
UP25_SCORE80_NIKKEION_TP3.5_SL1.75_H5,VALIDATION,2023-11-13,2501.T,LOSS,-4.076816656159987,1,,,,,,,,2.3665812583255104,2.601058336455944,83.63371851723367
UP25_SCORE80_NIKKEION_TP3.5_SL1.75_H5,VALIDATION,2023-12-29,7974.T,WIN,5.653738253917762,3,,,,,,,,1.643925215405077,1.9467622373338236,74.74645526007333
UP25_SCORE80_NIKKEION_TP3.5_SL1.75_H5,VALIDATION,2024-01-05,8601.T,WIN,7.635628315990884,1,,,,,,,,2.210179518854538,1.680065341212715,65.83317514015158
UP25_SCORE80_NIKKEION_TP3.5_SL1.75_H5,VALIDATION,2024-01-18,7735.T,WIN,10.909167313103575,1,,,,,,,,3.1454763751724477,1.92320418278728,75.52852009430023
UP25_SCORE80_NIKKEION_TP3.5_SL1.75_H5,VALIDATION,2024-03-05,6146.T,LOSS,-5.848055124975415,4,,,,,,,,3.284602928557382,2.1800391194636752,80.50298701119084
UP25_SCORE80_NIKKEION_TP3.5_SL1.75_H5,VALIDATION,2024-03-06,1802.T,WIN,9.890803785294333,1,,,,,,,,2.8545153672269548,2.554199432260858,85.31838469532941
UP25_SCORE80_NIKKEION_TP3.5_SL1.75_H5,VALIDATION,2024-03-07,7012.T,TIMEOUT_LOSS,-0.7063665415295682,5,,,,,,,,3.210564756415324,3.000958757164228,86.42904059170691
UP25_SCORE80_NIKKEION_TP3.5_SL1.75_H5,VALIDATION,2024-03-21,8804.T,WIN,10.133110865304895,1,,,,,,,,2.923745961515685,1.69173223588183,67.93402062292945
UP25_SCORE80_NIKKEION_TP3.5_SL1.75_H5,VALIDATION,2024-03-22,3099.T,HOLD,7.026963938280828,5,,,,,,,,2.453948221491993,1.5707909104979727,81.63333499499859
UP25_SCORE80_NIKKEION_TP3.5_SL1.75_H5,VALIDATION,2024-03-25,5631.T,WIN,9.327517467571845,2,,,,,,,,2.693576419306239,1.9978760576890136,78.08170396611129
UP25_SCORE80_NIKKEION_TP3.5_SL1.75_H5,VALIDATION,2024-03-26,6504.T,HOLD,3.1571624317762503,5,,,,,,,,2.8262976686388814,1.7303010510064722,74.90764016864891
UP25_SCORE80_NIKKEION_TP3.5_SL1.75_H5,VALIDATION,2024-03-27,8308.T,HOLD,1.7987886395769315,5,,,,,,,,3.0733363442166413,1.5960925826296606,69.621051993328
UP25_SCORE80_NIKKEION_TP3.5_SL1.75_H5,VALIDATION,2024-03-28,9501.T,HOLD,10.17009219552335,5,,,,,,,,4.639511584038658,1.535695399259651,61.44666417260486
UP25_SCORE80_NIKKEION_TP3.5_SL1.75_H5,VALIDATION,2024-05-14,5801.T,HOLD,0.8001135923499382,5,,,,,,,,3.3266977409723695,4.547126157516055,78.26401062449611
UP25_SCORE80_NIKKEION_TP3.5_SL1.75_H5,VALIDATION,2024-05-15,5101.T,LOSS,-5.380278726103226,1,,,,,,,,3.185505709499344,2.1531057837982357,57.67965645377095
UP25_SCORE80_NIKKEION_TP3.5_SL1.75_H5,VALIDATION,2024-05-30,8331.T,LOSS,-3.8829802451298967,1,,,,,,,,2.2466950262275853,1.6671299042083123,76.98906772721455
UP25_SCORE80_NIKKEION_TP3.5_SL1.75_H5,VALIDATION,2024-07-05,7011.T,LOSS,-5.915070660495891,3,,,,,,,,3.3228975202833633,2.5582053497235537,86.65930019007098
UP25_SCORE80_NIKKEION_TP3.5_SL1.75_H5,VALIDATION,2024-07-08,7011.T,LOSS,-6.096391434160097,2,,,,,,,,3.4265093909486253,1.7619016094335518,86.88149005846999
UP25_SCORE80_NIKKEION_TP3.5_SL1.75_H5,VALIDATION,2024-07-09,5803.T,TIMEOUT_LOSS,-1.340758537873088,5,,,,,,,,3.809966458306757,3.0971420165153285,65.1673118563374
UP25_SCORE80_NIKKEION_TP3.5_SL1.75_H5,VALIDATION,2024-07-10,5803.T,LOSS,-6.712053874135181,5,,,,,,,,3.7783164995058183,1.977109990603468,67.32339376466534
UP25_SCORE80_NIKKEION_TP3.5_SL1.75_H5,VALIDATION,2024-07-12,4519.T,TIMEOUT_LOSS,-0.7715428109973498,5,,,,,,,,2.4175399406305127,1.5207411706833838,76.8046823943933
UP25_SCORE80_NIKKEION_TP3.5_SL1.75_H5,VALIDATION,2024-07-16,6976.T,HOLD,0.47414635042289943,5,,,,,,,,3.5256413216273375,1.7389526651481166,77.39298849461471
UP25_SCORE80_NIKKEION_TP3.5_SL1.75_H5,VALIDATION,2024-09-05,6532.T,LOSS,-5.574452788135786,1,,,,,,,,3.3094320301220614,1.812501141948804,65.73803228477507
UP25_SCORE80_NIKKEION_TP3.5_SL1.75_H5,VALIDATION,2024-11-07,7013.T,TIMEOUT_LOSS,-1.5461499464642814,5,,,,,,,,4.814901131833723,2.2527265778296126,70.02433857866997
UP25_SCORE80_NIKKEION_TP3.5_SL1.75_H5,VALIDATION,2024-11-08,7012.T,TIMEOUT_LOSS,-6.590738677079244,5,,,,,,,,4.434220461682906,3.200205529096764,69.90419704592867
UP25_SCORE80_NIKKEION_TP3.5_SL1.75_H5,VALIDATION,2024-11-11,5803.T,TIMEOUT_LOSS,-8.793748338676943,5,,,,,,,,5.599984000136319,1.7857249601142264,64.76170419168966
UP25_SCORE80_NIKKEION_TP3.5_SL1.75_H5,VALIDATION,2024-11-12,5801.T,HOLD,9.880624475002497,5,,,,,,,,4.212795453398469,5.95992017197373,85.57524419496607
UP20_SCORE80_NIKKEION_TP3.5_SL1.75_H5,VALIDATION,2022-08-24,7733.T,HOLD,1.874223737416647,5,,,,,,,,2.487512480075919,1.8547560940531955,65.51391763203654
UP20_SCORE80_NIKKEION_TP3.5_SL1.75_H5,VALIDATION,2022-08-25,7004.T,WIN,8.659482124574557,1,,,,,,,,2.502709178449873,1.68890419213222,64.82502886936872
UP20_SCORE80_NIKKEION_TP3.5_SL1.75_H5,VALIDATION,2022-11-04,8001.T,LOSS,-3.3781975855115887,1,,,,,,,,1.936746127953537,1.839102301394961,63.42202249431198
UP20_SCORE80_NIKKEION_TP3.5_SL1.75_H5,VALIDATION,2022-11-10,2501.T,LOSS,-3.9156108513355936,1,,,,,,,,2.266842964024092,2.343872605585045,78.05644952602152
UP20_SCORE80_NIKKEION_TP3.5_SL1.75_H5,VALIDATION,2022-11-30,9434.T,WIN,3.246309066619235,1,,,,,,,,0.9560883047483518,2.4663342776889188,58.10727871196465
UP20_SCORE80_NIKKEION_TP3.5_SL1.75_H5,VALIDATION,2022-12-01,4523.T,WIN,12.993618305157339,2,,,,,,,,3.7410338014735256,3.726731040440298,67.15517263840277
UP20_SCORE80_NIKKEION_TP3.5_SL1.75_H5,VALIDATION,2023-02-01,2768.T,LOSS,-2.5611925850817285,1,,,,,,,,1.4418832874603549,1.59628603672925,61.67016112861338
UP20_SCORE80_NIKKEION_TP3.5_SL1.75_H5,VALIDATION,2023-02-17,5233.T,LOSS,-3.786299072613686,1,,,,,,,,2.1870788814461806,2.0514057799458647,79.34823879636357
UP20_SCORE80_NIKKEION_TP3.5_SL1.75_H5,VALIDATION,2023-02-21,5101.T,WIN,9.063655681934424,1,,,,,,,,2.6181873376955505,3.43627562267025,86.43660675284961
UP20_SCORE80_NIKKEION_TP3.5_SL1.75_H5,VALIDATION,2023-03-03,5406.T,WIN,9.60137047351467,1,,,,,,,,2.771820135289908,1.857140360382404,87.09433998237975
UP20_SCORE80_NIKKEION_TP3.5_SL1.75_H5,VALIDATION,2023-03-06,5406.T,WIN,9.590422756537288,1,,,,,,,,2.768692216153508,1.502203260570827,87.66789665700449
UP20_SCORE80_NIKKEION_TP3.5_SL1.75_H5,VALIDATION,2023-03-07,5406.T,WIN,9.838759854621005,1,,,,,,,,2.8396456727488584,2.0701893640139404,90.18696901800902
UP20_SCORE80_NIKKEION_TP3.5_SL1.75_H5,VALIDATION,2023-03-08,6472.T,WIN,8.774131461873436,1,,,,,,,,2.535466131963841,1.5964971261163212,80.32679424160867
UP20_SCORE80_NIKKEION_TP3.5_SL1.75_H5,VALIDATION,2023-03-09,6472.T,WIN,8.846430099275738,1,,,,,,,,2.5561228855073503,2.0280835938094106,81.64248124982342
UP20_SCORE80_NIKKEION_TP3.5_SL1.75_H5,VALIDATION,2023-03-30,9107.T,WIN,11.874626403568856,1,,,,,,,,3.4213218295911028,2.956640384017868,67.71212740707429
UP20_SCORE80_NIKKEION_TP3.5_SL1.75_H5,VALIDATION,2023-03-31,7735.T,HOLD,0.6192904128771494,5,,,,,,,,2.5391231063714175,1.7645630331178097,71.61649211053447
UP20_SCORE80_NIKKEION_TP3.5_SL1.75_H5,VALIDATION,2023-04-03,6361.T,HOLD,0.6095384103499081,5,,,,,,,,2.384753810496683,1.789481559063365,70.6068253998211
UP20_SCORE80_NIKKEION_TP3.5_SL1.75_H5,VALIDATION,2023-04-04,6501.T,HOLD,1.8034648977516388,5,,,,,,,,2.0304261745622165,1.5221769100292324,70.37175256557059
UP20_SCORE80_NIKKEION_TP3.5_SL1.75_H5,VALIDATION,2023-04-05,7453.T,HOLD,6.252015345611362,5,,,,,,,,2.549078700278436,2.2329253812711656,54.85035368390627
UP20_SCORE80_NIKKEION_TP3.5_SL1.75_H5,VALIDATION,2023-04-11,9009.T,HOLD,4.608478010535289,5,,,,,,,,1.9900095906876618,1.6478328517448322,79.14396561216782
UP20_SCORE80_NIKKEION_TP3.5_SL1.75_H5,VALIDATION,2023-04-12,3086.T,WIN,8.473295069973064,1,,,,,,,,2.4495128771351586,2.600409263552136,65.77527308898344
UP20_SCORE80_NIKKEION_TP3.5_SL1.75_H5,VALIDATION,2023-04-13,7453.T,HOLD,1.4215390576093223,5,,,,,,,,2.575211037043294,1.6011953311443716,59.13648388012189
UP20_SCORE80_NIKKEION_TP3.5_SL1.75_H5,VALIDATION,2023-04-14,3697.T,TIMEOUT_LOSS,-4.784850298928888,5,,,,,,,,4.121031231711458,1.8575489819439108,70.5419742753867
UP20_SCORE80_NIKKEION_TP3.5_SL1.75_H5,VALIDATION,2023-04-17,6752.T,WIN,6.853163951123554,1,,,,,,,,1.9866182717495888,1.8304620405232623,71.88274667672724
UP20_SCORE80_NIKKEION_TP3.5_SL1.75_H5,VALIDATION,2023-04-19,8253.T,WIN,6.8967269432276606,1,,,,,,,,1.9990648409221896,1.624354060885152,71.01284289908423
UP20_SCORE80_NIKKEION_TP3.5_SL1.75_H5,VALIDATION,2023-04-20,3099.T,WIN,7.97065898705115,3,,,,,,,,2.3059025677288973,1.6848464507467695,64.50758913098556
UP20_SCORE80_NIKKEION_TP3.5_SL1.75_H5,VALIDATION,2023-04-21,6146.T,LOSS,-5.225755369174156,4,,,,,,,,2.9290030680995187,4.820541702933798,75.78560698122133
UP20_SCORE80_NIKKEION_TP3.5_SL1.75_H5,VALIDATION,2023-04-24,9202.T,WIN,4.872682484096147,1,,,,,,,,1.4207664240274718,3.269837442481966,70.44491341213703
UP20_SCORE80_NIKKEION_TP3.5_SL1.75_H5,VALIDATION,2023-04-25,6503.T,WIN,5.968434276103574,3,,,,,,,,1.733838364601022,2.155498593594048,79.72493429343518
UP20_SCORE80_NIKKEION_TP3.5_SL1.75_H5,VALIDATION,2023-04-26,1803.T,WIN,6.789852849899314,1,,,,,,,,1.9685293856855173,6.0865440632331405,73.83107527961079
UP20_SCORE80_NIKKEION_TP3.5_SL1.75_H5,VALIDATION,2023-04-27,6473.T,WIN,6.817593959674595,1,,,,,,,,1.9764554170498865,2.898426338292784,67.10946758818605
UP20_SCORE80_NIKKEION_TP3.5_SL1.75_H5,VALIDATION,2023-04-28,8801.T,WIN,5.472167483422486,1,,,,,,,,1.5920478524064234,2.3953025670888533,79.12301899170511
UP20_SCORE80_NIKKEION_TP3.5_SL1.75_H5,VALIDATION,2023-05-01,7011.T,WIN,5.666179231802826,4,,,,,,,,1.6474797805150931,1.631766868235908,66.13065535678693
UP20_SCORE80_NIKKEION_TP3.5_SL1.75_H5,VALIDATION,2023-05-09,5401.T,WIN,7.6815329628745825,1,,,,,,,,2.2232951322498806,2.4216348728935766,63.075672705376185
UP20_SCORE80_NIKKEION_TP3.5_SL1.75_H5,VALIDATION,2023-05-10,9107.T,WIN,12.843377086983454,1,,,,,,,,3.698107739138131,1.6721083015720768,62.615682903241385
UP20_SCORE80_NIKKEION_TP3.5_SL1.75_H5,VALIDATION,2023-05-11,5020.T,WIN,5.1040648697332385,1,,,,,,,,1.4868756770666383,3.681803466050562,72.78286865632573
UP20_SCORE80_NIKKEION_TP3.5_SL1.75_H5,VALIDATION,2023-05-12,5406.T,WIN,12.917749455618422,1,,,,,,,,3.719356987319548,5.052158085537815,68.63672427624891
UP20_SCORE80_NIKKEION_TP3.5_SL1.75_H5,VALIDATION,2023-05-15,5406.T,WIN,13.278925234830108,1,,,,,,,,3.8225500670943178,1.7922546424440156,68.83347968195596
UP20_SCORE80_NIKKEION_TP3.5_SL1.75_H5,VALIDATION,2023-05-16,4188.T,WIN,4.649537925379821,1,,,,,,,,1.3570108358228028,1.900617460813976,63.985237751869725
UP20_SCORE80_NIKKEION_TP3.5_SL1.75_H5,VALIDATION,2023-07-03,5301.T,WIN,8.204038046132023,1,,,,,,,,2.3725822988948613,1.6841448882477126,76.76292337832162
UP20_SCORE80_NIKKEION_TP3.5_SL1.75_H5,VALIDATION,2023-07-05,9107.T,WIN,12.324907569633192,1,,,,,,,,3.5499735913237704,2.150751782310317,69.97459032079043
UP20_SCORE80_NIKKEION_TP3.5_SL1.75_H5,VALIDATION,2023-07-28,8331.T,WIN,6.9351616766423545,1,,,,,,,,2.010046193326387,2.1956075174010463,72.16573526230798
UP20_SCORE80_NIKKEION_TP3.5_SL1.75_H5,VALIDATION,2023-07-31,8308.T,HOLD,1.5339633821296217,5,,,,,,,,2.5763241790336844,1.9173748312925836,71.9207173897711
UP20_SCORE80_NIKKEION_TP3.5_SL1.75_H5,VALIDATION,2023-08-01,6976.T,HOLD,2.042932023748978,5,,,,,,,,2.606764674052127,2.1396985671851048,57.50048021808944
UP20_SCORE80_NIKKEION_TP3.5_SL1.75_H5,VALIDATION,2023-08-29,9501.T,TIMEOUT_LOSS,-2.9891943200067495,5,,,,,,,,3.1402072969105355,2.2716801360357546,73.52136944851513
UP20_SCORE80_NIKKEION_TP3.5_SL1.75_H5,VALIDATION,2023-09-08,7532.T,LOSS,-4.544007253047299,2,,,,,,,,2.657533706705184,1.5087604957949283,59.8378595415099
UP20_SCORE80_NIKKEION_TP3.5_SL1.75_H5,VALIDATION,2023-09-11,8308.T,LOSS,-4.114795844080366,1,,,,,,,,2.390127805566289,1.665899299127487,79.10878705380313
UP20_SCORE80_NIKKEION_TP3.5_SL1.75_H5,VALIDATION,2023-09-12,8316.T,LOSS,-3.1436556109970315,1,,,,,,,,1.7938297784150459,1.6274642753207946,80.10973378734327
UP20_SCORE80_NIKKEION_TP3.5_SL1.75_H5,VALIDATION,2023-09-13,8306.T,LOSS,-3.520250135829306,1,,,,,,,,2.0236422767650737,1.6494697326543106,80.85596893501176
UP20_SCORE80_NIKKEION_TP3.5_SL1.75_H5,VALIDATION,2023-11-13,2501.T,LOSS,-4.076816656159987,1,,,,,,,,2.3665812583255104,2.601058336455944,83.63371851723367
UP20_SCORE80_NIKKEION_TP3.5_SL1.75_H5,VALIDATION,2023-12-29,7974.T,WIN,5.653738253917762,3,,,,,,,,1.643925215405077,1.9467622373338236,74.74645526007333
UP20_SCORE80_NIKKEION_TP3.5_SL1.75_H5,VALIDATION,2024-01-05,8601.T,WIN,7.635628315990884,1,,,,,,,,2.210179518854538,1.680065341212715,65.83317514015158
UP20_SCORE80_NIKKEION_TP3.5_SL1.75_H5,VALIDATION,2024-01-18,7735.T,WIN,10.909167313103575,1,,,,,,,,3.1454763751724477,1.92320418278728,75.52852009430023
UP20_SCORE80_NIKKEION_TP3.5_SL1.75_H5,VALIDATION,2024-03-05,6146.T,LOSS,-5.848055124975415,4,,,,,,,,3.284602928557382,2.1800391194636752,80.50298701119084
UP20_SCORE80_NIKKEION_TP3.5_SL1.75_H5,VALIDATION,2024-03-06,1802.T,WIN,9.890803785294333,1,,,,,,,,2.8545153672269548,2.554199432260858,85.31838469532941
UP20_SCORE80_NIKKEION_TP3.5_SL1.75_H5,VALIDATION,2024-03-07,7012.T,TIMEOUT_LOSS,-0.7063665415295682,5,,,,,,,,3.210564756415324,3.000958757164228,86.42904059170691
UP20_SCORE80_NIKKEION_TP3.5_SL1.75_H5,VALIDATION,2024-03-21,8804.T,WIN,10.133110865304895,1,,,,,,,,2.923745961515685,1.69173223588183,67.93402062292945
UP20_SCORE80_NIKKEION_TP3.5_SL1.75_H5,VALIDATION,2024-03-22,3099.T,HOLD,7.026963938280828,5,,,,,,,,2.453948221491993,1.5707909104979727,81.63333499499859
UP20_SCORE80_NIKKEION_TP3.5_SL1.75_H5,VALIDATION,2024-03-25,5631.T,WIN,9.327517467571845,2,,,,,,,,2.693576419306239,1.9978760576890136,78.08170396611129
UP20_SCORE80_NIKKEION_TP3.5_SL1.75_H5,VALIDATION,2024-03-26,6504.T,HOLD,3.1571624317762503,5,,,,,,,,2.8262976686388814,1.7303010510064722,74.90764016864891
UP20_SCORE80_NIKKEION_TP3.5_SL1.75_H5,VALIDATION,2024-03-27,8308.T,HOLD,1.7987886395769315,5,,,,,,,,3.0733363442166413,1.5960925826296606,69.621051993328
UP20_SCORE80_NIKKEION_TP3.5_SL1.75_H5,VALIDATION,2024-03-28,9501.T,HOLD,10.17009219552335,5,,,,,,,,4.639511584038658,1.535695399259651,61.44666417260486
UP20_SCORE80_NIKKEION_TP3.5_SL1.75_H5,VALIDATION,2024-05-14,5801.T,HOLD,0.8001135923499382,5,,,,,,,,3.3266977409723695,4.547126157516055,78.26401062449611
UP20_SCORE80_NIKKEION_TP3.5_SL1.75_H5,VALIDATION,2024-05-15,5101.T,LOSS,-5.380278726103226,1,,,,,,,,3.185505709499344,2.1531057837982357,57.67965645377095
UP20_SCORE80_NIKKEION_TP3.5_SL1.75_H5,VALIDATION,2024-05-30,8331.T,LOSS,-3.8829802451298967,1,,,,,,,,2.2466950262275853,1.6671299042083123,76.98906772721455
UP20_SCORE80_NIKKEION_TP3.5_SL1.75_H5,VALIDATION,2024-07-05,7011.T,LOSS,-5.915070660495891,3,,,,,,,,3.3228975202833633,2.5582053497235537,86.65930019007098
UP20_SCORE80_NIKKEION_TP3.5_SL1.75_H5,VALIDATION,2024-07-08,7011.T,LOSS,-6.096391434160097,2,,,,,,,,3.4265093909486253,1.7619016094335518,86.88149005846999
UP20_SCORE80_NIKKEION_TP3.5_SL1.75_H5,VALIDATION,2024-07-09,5803.T,TIMEOUT_LOSS,-1.340758537873088,5,,,,,,,,3.809966458306757,3.0971420165153285,65.1673118563374
UP20_SCORE80_NIKKEION_TP3.5_SL1.75_H5,VALIDATION,2024-07-10,5803.T,LOSS,-6.712053874135181,5,,,,,,,,3.7783164995058183,1.977109990603468,67.32339376466534
UP20_SCORE80_NIKKEION_TP3.5_SL1.75_H5,VALIDATION,2024-07-12,4519.T,TIMEOUT_LOSS,-0.7715428109973498,5,,,,,,,,2.4175399406305127,1.5207411706833838,76.8046823943933
UP20_SCORE80_NIKKEION_TP3.5_SL1.75_H5,VALIDATION,2024-07-16,6976.T,HOLD,0.47414635042289943,5,,,,,,,,3.5256413216273375,1.7389526651481166,77.39298849461471
UP20_SCORE80_NIKKEION_TP3.5_SL1.75_H5,VALIDATION,2024-09-05,6532.T,LOSS,-5.574452788135786,1,,,,,,,,3.3094320301220614,1.812501141948804,65.73803228477507
UP20_SCORE80_NIKKEION_TP3.5_SL1.75_H5,VALIDATION,2024-11-07,7013.T,TIMEOUT_LOSS,-1.5461499464642814,5,,,,,,,,4.814901131833723,2.2527265778296126,70.02433857866997
UP20_SCORE80_NIKKEION_TP3.5_SL1.75_H5,VALIDATION,2024-11-08,7012.T,TIMEOUT_LOSS,-6.590738677079244,5,,,,,,,,4.434220461682906,3.200205529096764,69.90419704592867
UP20_SCORE80_NIKKEION_TP3.5_SL1.75_H5,VALIDATION,2024-11-11,5803.T,TIMEOUT_LOSS,-8.793748338676943,5,,,,,,,,5.599984000136319,1.7857249601142264,64.76170419168966
UP20_SCORE80_NIKKEION_TP3.5_SL1.75_H5,VALIDATION,2024-11-12,5801.T,HOLD,9.880624475002497,5,,,,,,,,4.212795453398469,5.95992017197373,85.57524419496607
UP35_SCORE80_NIKKEION_TP4.0_SL1.25_H3,VALIDATION,2022-08-24,7733.T,HOLD,0.1464212754205386,3,,,,,,,,2.487512480075919,1.8547560940531955,65.51391763203654
UP35_SCORE80_NIKKEION_TP4.0_SL1.25_H3,VALIDATION,2023-02-17,3086.T,LOSS,-2.3451478068355347,1,,,,,,,,1.8373699158373096,1.6525508885762683,67.7473773365881
UP35_SCORE80_NIKKEION_TP4.0_SL1.25_H3,VALIDATION,2023-03-03,5406.T,WIN,10.98728054115964,1,,,,,,,,2.771820135289908,1.857140360382404,87.09433998237975
UP35_SCORE80_NIKKEION_TP4.0_SL1.25_H3,VALIDATION,2023-03-06,5406.T,WIN,10.974768864614026,1,,,,,,,,2.768692216153508,1.502203260570827,87.66789665700449
UP35_SCORE80_NIKKEION_TP4.0_SL1.25_H3,VALIDATION,2023-03-07,5406.T,WIN,11.258582690995434,1,,,,,,,,2.8396456727488584,2.0701893640139404,90.18696901800902
UP35_SCORE80_NIKKEION_TP4.0_SL1.25_H3,VALIDATION,2023-03-08,6472.T,WIN,10.041864527855372,1,,,,,,,,2.535466131963841,1.5964971261163212,80.32679424160867
UP35_SCORE80_NIKKEION_TP4.0_SL1.25_H3,VALIDATION,2023-03-09,6472.T,WIN,10.124491542029402,1,,,,,,,,2.5561228855073503,2.0280835938094106,81.64248124982342
UP35_SCORE80_NIKKEION_TP4.0_SL1.25_H3,VALIDATION,2023-03-31,7735.T,HOLD,1.9952370032169875,3,,,,,,,,2.5391231063714175,1.7645630331178097,71.61649211053447
UP35_SCORE80_NIKKEION_TP4.0_SL1.25_H3,VALIDATION,2023-04-03,6361.T,TIMEOUT_LOSS,-1.4527729564149383,3,,,,,,,,2.384753810496683,1.789481559063365,70.6068253998211
UP35_SCORE80_NIKKEION_TP4.0_SL1.25_H3,VALIDATION,2023-04-04,6501.T,HOLD,0.37960656090801914,3,,,,,,,,2.0304261745622165,1.5221769100292324,70.37175256557059
UP35_SCORE80_NIKKEION_TP4.0_SL1.25_H3,VALIDATION,2023-04-12,3086.T,WIN,9.698051508540628,2,,,,,,,,2.4495128771351586,2.600409263552136,65.77527308898344
UP35_SCORE80_NIKKEION_TP4.0_SL1.25_H3,VALIDATION,2023-04-13,7453.T,HOLD,2.690558295829437,3,,,,,,,,2.575211037043294,1.6011953311443716,59.13648388012189
UP35_SCORE80_NIKKEION_TP4.0_SL1.25_H3,VALIDATION,2023-04-14,3697.T,TIMEOUT_LOSS,-2.594536581674811,3,,,,,,,,4.121031231711458,1.8575489819439108,70.5419742753867
UP35_SCORE80_NIKKEION_TP4.0_SL1.25_H3,VALIDATION,2023-04-17,6752.T,WIN,7.846473086998363,1,,,,,,,,1.9866182717495888,1.8304620405232623,71.88274667672724
UP35_SCORE80_NIKKEION_TP4.0_SL1.25_H3,VALIDATION,2023-04-19,8253.T,WIN,7.896259363688752,1,,,,,,,,1.9990648409221896,1.624354060885152,71.01284289908423
UP35_SCORE80_NIKKEION_TP4.0_SL1.25_H3,VALIDATION,2023-04-20,3099.T,HOLD,5.114970486944837,3,,,,,,,,2.3059025677288973,1.6848464507467695,64.50758913098556
UP35_SCORE80_NIKKEION_TP4.0_SL1.25_H3,VALIDATION,2023-04-21,6146.T,LOSS,-3.7612538351244007,3,,,,,,,,2.9290030680995187,4.820541702933798,75.78560698122133
UP35_SCORE80_NIKKEION_TP4.0_SL1.25_H3,VALIDATION,2023-04-24,9202.T,WIN,5.5830656961098795,1,,,,,,,,1.4207664240274718,3.269837442481966,70.44491341213703
UP35_SCORE80_NIKKEION_TP4.0_SL1.25_H3,VALIDATION,2023-04-25,6503.T,HOLD,5.101515093803067,3,,,,,,,,1.733838364601022,2.155498593594048,79.72493429343518
UP35_SCORE80_NIKKEION_TP4.0_SL1.25_H3,VALIDATION,2023-04-26,1803.T,WIN,7.774117542742077,1,,,,,,,,1.9685293856855173,6.0865440632331405,73.83107527961079
UP35_SCORE80_NIKKEION_TP4.0_SL1.25_H3,VALIDATION,2023-04-27,6305.T,WIN,8.426494396009721,1,,,,,,,,2.13162359900243,3.861125217892584,66.4599445715346
UP35_SCORE80_NIKKEION_TP4.0_SL1.25_H3,VALIDATION,2023-04-28,6988.T,WIN,7.3997885000771095,1,,,,,,,,1.8749471250192773,1.7396760844182149,62.70796317648252
UP35_SCORE80_NIKKEION_TP4.0_SL1.25_H3,VALIDATION,2023-05-09,5401.T,WIN,8.793180528999523,1,,,,,,,,2.2232951322498806,2.4216348728935766,63.075672705376185
UP35_SCORE80_NIKKEION_TP4.0_SL1.25_H3,VALIDATION,2023-05-10,9107.T,WIN,14.692430956552515,1,,,,,,,,3.698107739138131,1.6721083015720768,62.615682903241385
UP35_SCORE80_NIKKEION_TP4.0_SL1.25_H3,VALIDATION,2023-05-11,7011.T,HOLD,5.395320426312534,3,,,,,,,,2.1934996524668904,2.628737662337662,62.58737291544723
UP35_SCORE80_NIKKEION_TP4.0_SL1.25_H3,VALIDATION,2023-05-12,7201.T,TIMEOUT_LOSS,-2.1963444369575535,3,,,,,,,,2.1727482190345704,2.7879469128879624,67.48012073402779
UP35_SCORE80_NIKKEION_TP4.0_SL1.25_H3,VALIDATION,2023-05-15,7201.T,HOLD,2.128901606157163,3,,,,,,,,2.3950704957838838,1.6475769787838146,56.24952516041075
UP35_SCORE80_NIKKEION_TP4.0_SL1.25_H3,VALIDATION,2023-07-03,5301.T,WIN,9.390329195579438,1,,,,,,,,2.3725822988948613,1.6841448882477126,76.76292337832162
UP35_SCORE80_NIKKEION_TP4.0_SL1.25_H3,VALIDATION,2023-07-05,9107.T,WIN,14.099894365295073,1,,,,,,,,3.5499735913237704,2.150751782310317,69.97459032079043
UP35_SCORE80_NIKKEION_TP4.0_SL1.25_H3,VALIDATION,2023-07-28,9501.T,HOLD,3.2351680043808506,3,,,,,,,,2.767087336120648,1.7704078849426244,62.30307264168
UP35_SCORE80_NIKKEION_TP4.0_SL1.25_H3,VALIDATION,2023-07-31,8308.T,TIMEOUT_LOSS,-1.2452531699781444,3,,,,,,,,2.5763241790336844,1.9173748312925836,71.9207173897711
UP35_SCORE80_NIKKEION_TP4.0_SL1.25_H3,VALIDATION,2023-08-01,6976.T,HOLD,1.8693882072037593,3,,,,,,,,2.606764674052127,2.1396985671851048,57.50048021808944
UP35_SCORE80_NIKKEION_TP4.0_SL1.25_H3,VALIDATION,2023-08-29,9501.T,TIMEOUT_LOSS,-2.143950752030588,3,,,,,,,,3.1402072969105355,2.2716801360357546,73.52136944851513
UP35_SCORE80_NIKKEION_TP4.0_SL1.25_H3,VALIDATION,2023-09-08,7532.T,LOSS,-3.3151137198636382,1,,,,,,,,2.657533706705184,1.5087604957949283,59.8378595415099
UP35_SCORE80_NIKKEION_TP4.0_SL1.25_H3,VALIDATION,2023-09-11,8308.T,LOSS,-3.000988102854718,1,,,,,,,,2.390127805566289,1.665899299127487,79.10878705380313
UP35_SCORE80_NIKKEION_TP4.0_SL1.25_H3,VALIDATION,2023-09-12,8316.T,LOSS,-2.2931113670488834,1,,,,,,,,1.7938297784150459,1.6274642753207946,80.10973378734327
UP35_SCORE80_NIKKEION_TP4.0_SL1.25_H3,VALIDATION,2023-09-13,8306.T,LOSS,-2.567145106696045,1,,,,,,,,2.0236422767650737,1.6494697326543106,80.85596893501176
UP35_SCORE80_NIKKEION_TP4.0_SL1.25_H3,VALIDATION,2023-11-13,2501.T,LOSS,-2.9732299218577896,1,,,,,,,,2.3665812583255104,2.601058336455944,83.63371851723367
UP35_SCORE80_NIKKEION_TP4.0_SL1.25_H3,VALIDATION,2023-12-29,7974.T,WIN,6.475700861620315,3,,,,,,,,1.643925215405077,1.9467622373338236,74.74645526007333
UP35_SCORE80_NIKKEION_TP4.0_SL1.25_H3,VALIDATION,2024-01-05,8601.T,WIN,8.740718075418153,1,,,,,,,,2.210179518854538,1.680065341212715,65.83317514015158
UP35_SCORE80_NIKKEION_TP4.0_SL1.25_H3,VALIDATION,2024-01-18,7735.T,WIN,12.481905500689782,2,,,,,,,,3.1454763751724477,1.92320418278728,75.52852009430023
UP35_SCORE80_NIKKEION_TP4.0_SL1.25_H3,VALIDATION,2024-03-05,6146.T,TIMEOUT_LOSS,-0.5588255963961396,3,,,,,,,,3.284602928557382,2.1800391194636752,80.50298701119084
UP35_SCORE80_NIKKEION_TP4.0_SL1.25_H3,VALIDATION,2024-03-06,1802.T,WIN,11.318061468907826,2,,,,,,,,2.8545153672269548,2.554199432260858,85.31838469532941
UP35_SCORE80_NIKKEION_TP4.0_SL1.25_H3,VALIDATION,2024-03-07,7012.T,TIMEOUT_LOSS,-1.3340755048777408,3,,,,,,,,3.210564756415324,3.000958757164228,86.42904059170691
UP35_SCORE80_NIKKEION_TP4.0_SL1.25_H3,VALIDATION,2024-03-21,3099.T,WIN,9.764913431280421,2,,,,,,,,2.4662283578201034,2.1067494637598387,79.32911863699188
UP35_SCORE80_NIKKEION_TP4.0_SL1.25_H3,VALIDATION,2024-03-22,3099.T,HOLD,6.877494385247552,3,,,,,,,,2.453948221491993,1.5707909104979727,81.63333499499859
UP35_SCORE80_NIKKEION_TP4.0_SL1.25_H3,VALIDATION,2024-03-25,5631.T,WIN,10.674305677224948,2,,,,,,,,2.693576419306239,1.9978760576890136,78.08170396611129
UP35_SCORE80_NIKKEION_TP4.0_SL1.25_H3,VALIDATION,2024-03-26,6504.T,HOLD,4.84654585282166,3,,,,,,,,2.8262976686388814,1.7303010510064722,74.90764016864891
UP35_SCORE80_NIKKEION_TP4.0_SL1.25_H3,VALIDATION,2024-03-27,8308.T,HOLD,0.41721946829534906,3,,,,,,,,3.0733363442166413,1.5960925826296606,69.621051993328
UP35_SCORE80_NIKKEION_TP4.0_SL1.25_H3,VALIDATION,2024-03-28,9501.T,TIMEOUT_LOSS,-1.4722540245678761,3,,,,,,,,4.639511584038658,1.535695399259651,61.44666417260486
UP35_SCORE80_NIKKEION_TP4.0_SL1.25_H3,VALIDATION,2024-05-14,5801.T,HOLD,2.2820223552854624,3,,,,,,,,3.3266977409723695,4.547126157516055,78.26401062449611
UP35_SCORE80_NIKKEION_TP4.0_SL1.25_H3,VALIDATION,2024-05-15,5101.T,LOSS,-3.9293999445333405,1,,,,,,,,3.185505709499344,2.1531057837982357,57.67965645377095
UP35_SCORE80_NIKKEION_TP4.0_SL1.25_H3,VALIDATION,2024-05-30,8331.T,LOSS,-2.831653868293582,1,,,,,,,,2.2466950262275853,1.6671299042083123,76.98906772721455
UP35_SCORE80_NIKKEION_TP4.0_SL1.25_H3,VALIDATION,2024-07-05,7013.T,TIMEOUT_LOSS,-0.9734699801203671,3,,,,,,,,3.4568938900355692,2.8029552243314555,81.70736063481823
UP35_SCORE80_NIKKEION_TP4.0_SL1.25_H3,VALIDATION,2024-07-09,5803.T,TIMEOUT_LOSS,-0.5020352086310463,3,,,,,,,,3.809966458306757,3.0971420165153285,65.1673118563374
UP35_SCORE80_NIKKEION_TP4.0_SL1.25_H3,VALIDATION,2024-07-12,4519.T,HOLD,0.13311846210201103,3,,,,,,,,2.4175399406305127,1.5207411706833838,76.8046823943933
UP35_SCORE80_NIKKEION_TP4.0_SL1.25_H3,VALIDATION,2024-07-16,6976.T,HOLD,5.223364293422395,3,,,,,,,,3.5256413216273375,1.7389526651481166,77.39298849461471
UP35_SCORE80_NIKKEION_TP4.0_SL1.25_H3,VALIDATION,2024-09-05,6532.T,LOSS,-4.0724577991666955,1,,,,,,,,3.3094320301220614,1.812501141948804,65.73803228477507
UP35_SCORE80_NIKKEION_TP4.0_SL1.25_H3,VALIDATION,2024-11-07,7013.T,HOLD,1.2587562963110144,3,,,,,,,,4.814901131833723,2.2527265778296126,70.02433857866997
UP35_SCORE80_NIKKEION_TP4.0_SL1.25_H3,VALIDATION,2024-11-08,7012.T,LOSS,-5.642775577103631,3,,,,,,,,4.434220461682906,3.200205529096764,69.90419704592867
UP35_SCORE80_NIKKEION_TP4.0_SL1.25_H3,VALIDATION,2024-11-11,5803.T,TIMEOUT_LOSS,-2.420324839515642,3,,,,,,,,5.599984000136319,1.7857249601142264,64.76170419168966
UP35_SCORE80_NIKKEION_TP4.0_SL1.25_H3,VALIDATION,2024-11-12,5801.T,HOLD,9.229748967881969,3,,,,,,,,4.212795453398469,5.95992017197373,85.57524419496607
UP35_SCORE80_NIKKEION_TP4.0_SL1.25_H5,VALIDATION,2022-08-24,7733.T,HOLD,1.874223737416647,5,,,,,,,,2.487512480075919,1.8547560940531955,65.51391763203654
UP35_SCORE80_NIKKEION_TP4.0_SL1.25_H5,VALIDATION,2023-02-17,3086.T,LOSS,-2.3451478068355347,1,,,,,,,,1.8373699158373096,1.6525508885762683,67.7473773365881
UP35_SCORE80_NIKKEION_TP4.0_SL1.25_H5,VALIDATION,2023-03-03,5406.T,WIN,10.98728054115964,1,,,,,,,,2.771820135289908,1.857140360382404,87.09433998237975
UP35_SCORE80_NIKKEION_TP4.0_SL1.25_H5,VALIDATION,2023-03-06,5406.T,WIN,10.974768864614026,1,,,,,,,,2.768692216153508,1.502203260570827,87.66789665700449
UP35_SCORE80_NIKKEION_TP4.0_SL1.25_H5,VALIDATION,2023-03-07,5406.T,WIN,11.258582690995434,1,,,,,,,,2.8396456727488584,2.0701893640139404,90.18696901800902
UP35_SCORE80_NIKKEION_TP4.0_SL1.25_H5,VALIDATION,2023-03-08,6472.T,WIN,10.041864527855372,1,,,,,,,,2.535466131963841,1.5964971261163212,80.32679424160867
UP35_SCORE80_NIKKEION_TP4.0_SL1.25_H5,VALIDATION,2023-03-09,6472.T,WIN,10.124491542029402,1,,,,,,,,2.5561228855073503,2.0280835938094106,81.64248124982342
UP35_SCORE80_NIKKEION_TP4.0_SL1.25_H5,VALIDATION,2023-03-31,7735.T,HOLD,0.6192904128771494,5,,,,,,,,2.5391231063714175,1.7645630331178097,71.61649211053447
UP35_SCORE80_NIKKEION_TP4.0_SL1.25_H5,VALIDATION,2023-04-03,6361.T,HOLD,0.6095384103499081,5,,,,,,,,2.384753810496683,1.789481559063365,70.6068253998211
UP35_SCORE80_NIKKEION_TP4.0_SL1.25_H5,VALIDATION,2023-04-04,6501.T,HOLD,1.8034648977516388,5,,,,,,,,2.0304261745622165,1.5221769100292324,70.37175256557059
UP35_SCORE80_NIKKEION_TP4.0_SL1.25_H5,VALIDATION,2023-04-12,3086.T,WIN,9.698051508540628,2,,,,,,,,2.4495128771351586,2.600409263552136,65.77527308898344
UP35_SCORE80_NIKKEION_TP4.0_SL1.25_H5,VALIDATION,2023-04-13,7453.T,HOLD,1.4215390576093223,5,,,,,,,,2.575211037043294,1.6011953311443716,59.13648388012189
UP35_SCORE80_NIKKEION_TP4.0_SL1.25_H5,VALIDATION,2023-04-14,3697.T,TIMEOUT_LOSS,-4.784850298928888,5,,,,,,,,4.121031231711458,1.8575489819439108,70.5419742753867
UP35_SCORE80_NIKKEION_TP4.0_SL1.25_H5,VALIDATION,2023-04-17,6752.T,WIN,7.846473086998363,1,,,,,,,,1.9866182717495888,1.8304620405232623,71.88274667672724
UP35_SCORE80_NIKKEION_TP4.0_SL1.25_H5,VALIDATION,2023-04-19,8253.T,WIN,7.896259363688752,1,,,,,,,,1.9990648409221896,1.624354060885152,71.01284289908423
UP35_SCORE80_NIKKEION_TP4.0_SL1.25_H5,VALIDATION,2023-04-20,3099.T,HOLD,6.250128631106089,5,,,,,,,,2.3059025677288973,1.6848464507467695,64.50758913098556
UP35_SCORE80_NIKKEION_TP4.0_SL1.25_H5,VALIDATION,2023-04-21,6146.T,LOSS,-3.7612538351244007,3,,,,,,,,2.9290030680995187,4.820541702933798,75.78560698122133
UP35_SCORE80_NIKKEION_TP4.0_SL1.25_H5,VALIDATION,2023-04-24,9202.T,WIN,5.5830656961098795,1,,,,,,,,1.4207664240274718,3.269837442481966,70.44491341213703
UP35_SCORE80_NIKKEION_TP4.0_SL1.25_H5,VALIDATION,2023-04-25,6503.T,WIN,6.835353458404081,4,,,,,,,,1.733838364601022,2.155498593594048,79.72493429343518
UP35_SCORE80_NIKKEION_TP4.0_SL1.25_H5,VALIDATION,2023-04-26,1803.T,WIN,7.774117542742077,1,,,,,,,,1.9685293856855173,6.0865440632331405,73.83107527961079
UP35_SCORE80_NIKKEION_TP4.0_SL1.25_H5,VALIDATION,2023-04-27,6305.T,WIN,8.426494396009721,1,,,,,,,,2.13162359900243,3.861125217892584,66.4599445715346
UP35_SCORE80_NIKKEION_TP4.0_SL1.25_H5,VALIDATION,2023-04-28,6988.T,WIN,7.3997885000771095,1,,,,,,,,1.8749471250192773,1.7396760844182149,62.70796317648252
UP35_SCORE80_NIKKEION_TP4.0_SL1.25_H5,VALIDATION,2023-05-09,5401.T,WIN,8.793180528999523,1,,,,,,,,2.2232951322498806,2.4216348728935766,63.075672705376185
UP35_SCORE80_NIKKEION_TP4.0_SL1.25_H5,VALIDATION,2023-05-10,9107.T,WIN,14.692430956552515,1,,,,,,,,3.698107739138131,1.6721083015720768,62.615682903241385
UP35_SCORE80_NIKKEION_TP4.0_SL1.25_H5,VALIDATION,2023-05-11,7011.T,HOLD,6.344848684124938,5,,,,,,,,2.1934996524668904,2.628737662337662,62.58737291544723
UP35_SCORE80_NIKKEION_TP4.0_SL1.25_H5,VALIDATION,2023-05-12,7201.T,TIMEOUT_LOSS,-0.8381883120035959,5,,,,,,,,2.1727482190345704,2.7879469128879624,67.48012073402779
UP35_SCORE80_NIKKEION_TP4.0_SL1.25_H5,VALIDATION,2023-05-15,7201.T,HOLD,5.13089220193711,5,,,,,,,,2.3950704957838838,1.6475769787838146,56.24952516041075
UP35_SCORE80_NIKKEION_TP4.0_SL1.25_H5,VALIDATION,2023-07-03,5301.T,WIN,9.390329195579438,1,,,,,,,,2.3725822988948613,1.6841448882477126,76.76292337832162
UP35_SCORE80_NIKKEION_TP4.0_SL1.25_H5,VALIDATION,2023-07-05,9107.T,WIN,14.099894365295073,1,,,,,,,,3.5499735913237704,2.150751782310317,69.97459032079043
UP35_SCORE80_NIKKEION_TP4.0_SL1.25_H5,VALIDATION,2023-07-28,9501.T,HOLD,4.499592271296294,5,,,,,,,,2.767087336120648,1.7704078849426244,62.30307264168
UP35_SCORE80_NIKKEION_TP4.0_SL1.25_H5,VALIDATION,2023-07-31,8308.T,HOLD,1.5339633821296217,5,,,,,,,,2.5763241790336844,1.9173748312925836,71.9207173897711
UP35_SCORE80_NIKKEION_TP4.0_SL1.25_H5,VALIDATION,2023-08-01,6976.T,HOLD,2.042932023748978,5,,,,,,,,2.606764674052127,2.1396985671851048,57.50048021808944
UP35_SCORE80_NIKKEION_TP4.0_SL1.25_H5,VALIDATION,2023-08-29,9501.T,LOSS,-4.025259121138169,4,,,,,,,,3.1402072969105355,2.2716801360357546,73.52136944851513
UP35_SCORE80_NIKKEION_TP4.0_SL1.25_H5,VALIDATION,2023-09-08,7532.T,LOSS,-3.3151137198636382,1,,,,,,,,2.657533706705184,1.5087604957949283,59.8378595415099
UP35_SCORE80_NIKKEION_TP4.0_SL1.25_H5,VALIDATION,2023-09-11,8308.T,LOSS,-3.000988102854718,1,,,,,,,,2.390127805566289,1.665899299127487,79.10878705380313
UP35_SCORE80_NIKKEION_TP4.0_SL1.25_H5,VALIDATION,2023-09-12,8316.T,LOSS,-2.2931113670488834,1,,,,,,,,1.7938297784150459,1.6274642753207946,80.10973378734327
UP35_SCORE80_NIKKEION_TP4.0_SL1.25_H5,VALIDATION,2023-09-13,8306.T,LOSS,-2.567145106696045,1,,,,,,,,2.0236422767650737,1.6494697326543106,80.85596893501176
UP35_SCORE80_NIKKEION_TP4.0_SL1.25_H5,VALIDATION,2023-11-13,2501.T,LOSS,-2.9732299218577896,1,,,,,,,,2.3665812583255104,2.601058336455944,83.63371851723367
UP35_SCORE80_NIKKEION_TP4.0_SL1.25_H5,VALIDATION,2023-12-29,7974.T,WIN,6.475700861620315,3,,,,,,,,1.643925215405077,1.9467622373338236,74.74645526007333
UP35_SCORE80_NIKKEION_TP4.0_SL1.25_H5,VALIDATION,2024-01-05,8601.T,WIN,8.740718075418153,1,,,,,,,,2.210179518854538,1.680065341212715,65.83317514015158
UP35_SCORE80_NIKKEION_TP4.0_SL1.25_H5,VALIDATION,2024-01-18,7735.T,WIN,12.481905500689782,2,,,,,,,,3.1454763751724477,1.92320418278728,75.52852009430023
UP35_SCORE80_NIKKEION_TP4.0_SL1.25_H5,VALIDATION,2024-03-05,6146.T,LOSS,-4.205753660696731,4,,,,,,,,3.284602928557382,2.1800391194636752,80.50298701119084
UP35_SCORE80_NIKKEION_TP4.0_SL1.25_H5,VALIDATION,2024-03-06,1802.T,WIN,11.318061468907826,2,,,,,,,,2.8545153672269548,2.554199432260858,85.31838469532941
UP35_SCORE80_NIKKEION_TP4.0_SL1.25_H5,VALIDATION,2024-03-07,7012.T,TIMEOUT_LOSS,-0.7063665415295682,5,,,,,,,,3.210564756415324,3.000958757164228,86.42904059170691
UP35_SCORE80_NIKKEION_TP4.0_SL1.25_H5,VALIDATION,2024-03-21,3099.T,WIN,9.764913431280421,2,,,,,,,,2.4662283578201034,2.1067494637598387,79.32911863699188
UP35_SCORE80_NIKKEION_TP4.0_SL1.25_H5,VALIDATION,2024-03-22,3099.T,HOLD,7.026963938280828,5,,,,,,,,2.453948221491993,1.5707909104979727,81.63333499499859
UP35_SCORE80_NIKKEION_TP4.0_SL1.25_H5,VALIDATION,2024-03-25,5631.T,WIN,10.674305677224948,2,,,,,,,,2.693576419306239,1.9978760576890136,78.08170396611129
UP35_SCORE80_NIKKEION_TP4.0_SL1.25_H5,VALIDATION,2024-03-26,6504.T,HOLD,3.1571624317762503,5,,,,,,,,2.8262976686388814,1.7303010510064722,74.90764016864891
UP35_SCORE80_NIKKEION_TP4.0_SL1.25_H5,VALIDATION,2024-03-27,8308.T,HOLD,1.7987886395769315,5,,,,,,,,3.0733363442166413,1.5960925826296606,69.621051993328
UP35_SCORE80_NIKKEION_TP4.0_SL1.25_H5,VALIDATION,2024-03-28,9501.T,HOLD,10.17009219552335,5,,,,,,,,4.639511584038658,1.535695399259651,61.44666417260486
UP35_SCORE80_NIKKEION_TP4.0_SL1.25_H5,VALIDATION,2024-05-14,5801.T,HOLD,0.8001135923499382,5,,,,,,,,3.3266977409723695,4.547126157516055,78.26401062449611
UP35_SCORE80_NIKKEION_TP4.0_SL1.25_H5,VALIDATION,2024-05-15,5101.T,LOSS,-3.9293999445333405,1,,,,,,,,3.185505709499344,2.1531057837982357,57.67965645377095
UP35_SCORE80_NIKKEION_TP4.0_SL1.25_H5,VALIDATION,2024-05-30,8331.T,LOSS,-2.831653868293582,1,,,,,,,,2.2466950262275853,1.6671299042083123,76.98906772721455
UP35_SCORE80_NIKKEION_TP4.0_SL1.25_H5,VALIDATION,2024-07-05,7013.T,HOLD,1.3334913071704535,5,,,,,,,,3.4568938900355692,2.8029552243314555,81.70736063481823
UP35_SCORE80_NIKKEION_TP4.0_SL1.25_H5,VALIDATION,2024-07-09,5803.T,TIMEOUT_LOSS,-1.340758537873088,5,,,,,,,,3.809966458306757,3.0971420165153285,65.1673118563374
UP35_SCORE80_NIKKEION_TP4.0_SL1.25_H5,VALIDATION,2024-07-12,4519.T,TIMEOUT_LOSS,-0.7715428109973498,5,,,,,,,,2.4175399406305127,1.5207411706833838,76.8046823943933
UP35_SCORE80_NIKKEION_TP4.0_SL1.25_H5,VALIDATION,2024-07-16,6976.T,HOLD,0.47414635042289943,5,,,,,,,,3.5256413216273375,1.7389526651481166,77.39298849461471
UP35_SCORE80_NIKKEION_TP4.0_SL1.25_H5,VALIDATION,2024-09-05,6532.T,LOSS,-4.0724577991666955,1,,,,,,,,3.3094320301220614,1.812501141948804,65.73803228477507
UP35_SCORE80_NIKKEION_TP4.0_SL1.25_H5,VALIDATION,2024-11-07,7013.T,TIMEOUT_LOSS,-1.5461499464642814,5,,,,,,,,4.814901131833723,2.2527265778296126,70.02433857866997
UP35_SCORE80_NIKKEION_TP4.0_SL1.25_H5,VALIDATION,2024-11-08,7012.T,LOSS,-5.642775577103631,3,,,,,,,,4.434220461682906,3.200205529096764,69.90419704592867
UP35_SCORE80_NIKKEION_TP4.0_SL1.25_H5,VALIDATION,2024-11-11,5803.T,LOSS,-7.099980000170391,5,,,,,,,,5.599984000136319,1.7857249601142264,64.76170419168966
UP35_SCORE80_NIKKEION_TP4.0_SL1.25_H5,VALIDATION,2024-11-12,5801.T,HOLD,9.880624475002497,5,,,,,,,,4.212795453398469,5.95992017197373,85.57524419496607
UP35_SCORE80_NIKKEION_TP4.0_SL1.0_H5,VALIDATION,2022-08-24,7733.T,HOLD,1.874223737416647,5,,,,,,,,2.487512480075919,1.8547560940531955,65.51391763203654
UP35_SCORE80_NIKKEION_TP4.0_SL1.0_H5,VALIDATION,2023-02-17,3086.T,LOSS,-1.904219725387446,1,,,,,,,,1.8373699158373096,1.6525508885762683,67.7473773365881
UP35_SCORE80_NIKKEION_TP4.0_SL1.0_H5,VALIDATION,2023-03-03,5406.T,WIN,10.98728054115964,1,,,,,,,,2.771820135289908,1.857140360382404,87.09433998237975
UP35_SCORE80_NIKKEION_TP4.0_SL1.0_H5,VALIDATION,2023-03-06,5406.T,WIN,10.974768864614026,1,,,,,,,,2.768692216153508,1.502203260570827,87.66789665700449
UP35_SCORE80_NIKKEION_TP4.0_SL1.0_H5,VALIDATION,2023-03-07,5406.T,WIN,11.258582690995434,1,,,,,,,,2.8396456727488584,2.0701893640139404,90.18696901800902
UP35_SCORE80_NIKKEION_TP4.0_SL1.0_H5,VALIDATION,2023-03-08,6472.T,WIN,10.041864527855372,1,,,,,,,,2.535466131963841,1.5964971261163212,80.32679424160867
UP35_SCORE80_NIKKEION_TP4.0_SL1.0_H5,VALIDATION,2023-03-09,6472.T,WIN,10.124491542029402,1,,,,,,,,2.5561228855073503,2.0280835938094106,81.64248124982342
UP35_SCORE80_NIKKEION_TP4.0_SL1.0_H5,VALIDATION,2023-03-31,7735.T,HOLD,0.6192904128771494,5,,,,,,,,2.5391231063714175,1.7645630331178097,71.61649211053447
UP35_SCORE80_NIKKEION_TP4.0_SL1.0_H5,VALIDATION,2023-04-03,6361.T,HOLD,0.6095384103499081,5,,,,,,,,2.384753810496683,1.789481559063365,70.6068253998211
UP35_SCORE80_NIKKEION_TP4.0_SL1.0_H5,VALIDATION,2023-04-04,6501.T,LOSS,-2.1304261745622166,2,,,,,,,,2.0304261745622165,1.5221769100292324,70.37175256557059
UP35_SCORE80_NIKKEION_TP4.0_SL1.0_H5,VALIDATION,2023-04-12,3086.T,WIN,9.698051508540628,2,,,,,,,,2.4495128771351586,2.600409263552136,65.77527308898344
UP35_SCORE80_NIKKEION_TP4.0_SL1.0_H5,VALIDATION,2023-04-13,7453.T,HOLD,1.4215390576093223,5,,,,,,,,2.575211037043294,1.6011953311443716,59.13648388012189
UP35_SCORE80_NIKKEION_TP4.0_SL1.0_H5,VALIDATION,2023-04-14,3697.T,LOSS,-4.221031231711458,5,,,,,,,,4.121031231711458,1.8575489819439108,70.5419742753867
UP35_SCORE80_NIKKEION_TP4.0_SL1.0_H5,VALIDATION,2023-04-17,6752.T,WIN,7.846473086998363,1,,,,,,,,1.9866182717495888,1.8304620405232623,71.88274667672724
UP35_SCORE80_NIKKEION_TP4.0_SL1.0_H5,VALIDATION,2023-04-19,8253.T,WIN,7.896259363688752,1,,,,,,,,1.9990648409221896,1.624354060885152,71.01284289908423
UP35_SCORE80_NIKKEION_TP4.0_SL1.0_H5,VALIDATION,2023-04-20,3099.T,HOLD,6.250128631106089,5,,,,,,,,2.3059025677288973,1.6848464507467695,64.50758913098556
UP35_SCORE80_NIKKEION_TP4.0_SL1.0_H5,VALIDATION,2023-04-21,6146.T,LOSS,-3.029003068099523,3,,,,,,,,2.9290030680995187,4.820541702933798,75.78560698122133
UP35_SCORE80_NIKKEION_TP4.0_SL1.0_H5,VALIDATION,2023-04-24,9202.T,WIN,5.5830656961098795,1,,,,,,,,1.4207664240274718,3.269837442481966,70.44491341213703
UP35_SCORE80_NIKKEION_TP4.0_SL1.0_H5,VALIDATION,2023-04-25,6503.T,WIN,6.835353458404081,4,,,,,,,,1.733838364601022,2.155498593594048,79.72493429343518
UP35_SCORE80_NIKKEION_TP4.0_SL1.0_H5,VALIDATION,2023-04-26,1803.T,WIN,7.774117542742077,1,,,,,,,,1.9685293856855173,6.0865440632331405,73.83107527961079
UP35_SCORE80_NIKKEION_TP4.0_SL1.0_H5,VALIDATION,2023-04-27,6305.T,WIN,8.426494396009721,1,,,,,,,,2.13162359900243,3.861125217892584,66.4599445715346
UP35_SCORE80_NIKKEION_TP4.0_SL1.0_H5,VALIDATION,2023-04-28,6988.T,WIN,7.3997885000771095,1,,,,,,,,1.8749471250192773,1.7396760844182149,62.70796317648252
UP35_SCORE80_NIKKEION_TP4.0_SL1.0_H5,VALIDATION,2023-05-09,5401.T,WIN,8.793180528999523,1,,,,,,,,2.2232951322498806,2.4216348728935766,63.075672705376185
UP35_SCORE80_NIKKEION_TP4.0_SL1.0_H5,VALIDATION,2023-05-10,9107.T,WIN,14.692430956552515,1,,,,,,,,3.698107739138131,1.6721083015720768,62.615682903241385
UP35_SCORE80_NIKKEION_TP4.0_SL1.0_H5,VALIDATION,2023-05-11,7011.T,HOLD,6.344848684124938,5,,,,,,,,2.1934996524668904,2.628737662337662,62.58737291544723
UP35_SCORE80_NIKKEION_TP4.0_SL1.0_H5,VALIDATION,2023-05-12,7201.T,LOSS,-2.2727482190345705,3,,,,,,,,2.1727482190345704,2.7879469128879624,67.48012073402779
UP35_SCORE80_NIKKEION_TP4.0_SL1.0_H5,VALIDATION,2023-05-15,7201.T,HOLD,5.13089220193711,5,,,,,,,,2.3950704957838838,1.6475769787838146,56.24952516041075
UP35_SCORE80_NIKKEION_TP4.0_SL1.0_H5,VALIDATION,2023-07-03,5301.T,WIN,9.390329195579438,1,,,,,,,,2.3725822988948613,1.6841448882477126,76.76292337832162
UP35_SCORE80_NIKKEION_TP4.0_SL1.0_H5,VALIDATION,2023-07-05,9107.T,WIN,14.099894365295073,1,,,,,,,,3.5499735913237704,2.150751782310317,69.97459032079043
UP35_SCORE80_NIKKEION_TP4.0_SL1.0_H5,VALIDATION,2023-07-28,9501.T,HOLD,4.499592271296294,5,,,,,,,,2.767087336120648,1.7704078849426244,62.30307264168
UP35_SCORE80_NIKKEION_TP4.0_SL1.0_H5,VALIDATION,2023-07-31,8308.T,HOLD,1.5339633821296217,5,,,,,,,,2.5763241790336844,1.9173748312925836,71.9207173897711
UP35_SCORE80_NIKKEION_TP4.0_SL1.0_H5,VALIDATION,2023-08-01,6976.T,HOLD,2.042932023748978,5,,,,,,,,2.606764674052127,2.1396985671851048,57.50048021808944
UP35_SCORE80_NIKKEION_TP4.0_SL1.0_H5,VALIDATION,2023-08-29,9501.T,LOSS,-3.2402072969105467,4,,,,,,,,3.1402072969105355,2.2716801360357546,73.52136944851513
UP35_SCORE80_NIKKEION_TP4.0_SL1.0_H5,VALIDATION,2023-09-08,7532.T,LOSS,-2.688737144511777,1,,,,,,,,2.657533706705184,1.5087604957949283,59.8378595415099
UP35_SCORE80_NIKKEION_TP4.0_SL1.0_H5,VALIDATION,2023-09-11,8308.T,LOSS,-2.4343342339654184,1,,,,,,,,2.390127805566289,1.665899299127487,79.10878705380313
UP35_SCORE80_NIKKEION_TP4.0_SL1.0_H5,VALIDATION,2023-09-12,8316.T,LOSS,-1.862218576823227,1,,,,,,,,1.7938297784150459,1.6274642753207946,80.10973378734327
UP35_SCORE80_NIKKEION_TP4.0_SL1.0_H5,VALIDATION,2023-09-13,8306.T,LOSS,-2.083503266111053,1,,,,,,,,2.0236422767650737,1.6494697326543106,80.85596893501176
UP35_SCORE80_NIKKEION_TP4.0_SL1.0_H5,VALIDATION,2023-11-13,3436.T,LOSS,-2.652575903573995,1,,,,,,,,2.619439074190577,1.7307167359522406,65.83654022960677
UP35_SCORE80_NIKKEION_TP4.0_SL1.0_H5,VALIDATION,2023-12-29,7974.T,WIN,6.475700861620315,3,,,,,,,,1.643925215405077,1.9467622373338236,74.74645526007333
UP35_SCORE80_NIKKEION_TP4.0_SL1.0_H5,VALIDATION,2024-01-05,8601.T,WIN,8.740718075418153,1,,,,,,,,2.210179518854538,1.680065341212715,65.83317514015158
UP35_SCORE80_NIKKEION_TP4.0_SL1.0_H5,VALIDATION,2024-01-18,7735.T,WIN,12.481905500689782,2,,,,,,,,3.1454763751724477,1.92320418278728,75.52852009430023
UP35_SCORE80_NIKKEION_TP4.0_SL1.0_H5,VALIDATION,2024-03-05,6146.T,LOSS,-3.3846029285573787,2,,,,,,,,3.284602928557382,2.1800391194636752,80.50298701119084
UP35_SCORE80_NIKKEION_TP4.0_SL1.0_H5,VALIDATION,2024-03-06,1802.T,WIN,11.318061468907826,2,,,,,,,,2.8545153672269548,2.554199432260858,85.31838469532941
UP35_SCORE80_NIKKEION_TP4.0_SL1.0_H5,VALIDATION,2024-03-07,7012.T,LOSS,-3.310564756415324,3,,,,,,,,3.210564756415324,3.000958757164228,86.42904059170691
UP35_SCORE80_NIKKEION_TP4.0_SL1.0_H5,VALIDATION,2024-03-21,3099.T,WIN,9.764913431280421,2,,,,,,,,2.4662283578201034,2.1067494637598387,79.32911863699188
UP35_SCORE80_NIKKEION_TP4.0_SL1.0_H5,VALIDATION,2024-03-22,3099.T,HOLD,7.026963938280828,5,,,,,,,,2.453948221491993,1.5707909104979727,81.63333499499859
UP35_SCORE80_NIKKEION_TP4.0_SL1.0_H5,VALIDATION,2024-03-25,5631.T,WIN,10.674305677224948,2,,,,,,,,2.693576419306239,1.9978760576890136,78.08170396611129
UP35_SCORE80_NIKKEION_TP4.0_SL1.0_H5,VALIDATION,2024-03-26,6504.T,HOLD,3.1571624317762503,5,,,,,,,,2.8262976686388814,1.7303010510064722,74.90764016864891
UP35_SCORE80_NIKKEION_TP4.0_SL1.0_H5,VALIDATION,2024-03-27,8308.T,HOLD,1.7987886395769315,5,,,,,,,,3.0733363442166413,1.5960925826296606,69.621051993328
UP35_SCORE80_NIKKEION_TP4.0_SL1.0_H5,VALIDATION,2024-03-28,9501.T,HOLD,10.17009219552335,5,,,,,,,,4.639511584038658,1.535695399259651,61.44666417260486
UP35_SCORE80_NIKKEION_TP4.0_SL1.0_H5,VALIDATION,2024-05-14,5801.T,LOSS,-3.319591658016585,1,,,,,,,,3.3266977409723695,4.547126157516055,78.26401062449611
UP35_SCORE80_NIKKEION_TP4.0_SL1.0_H5,VALIDATION,2024-05-15,5101.T,LOSS,-3.1871639263634233,1,,,,,,,,3.185505709499344,2.1531057837982357,57.67965645377095
UP35_SCORE80_NIKKEION_TP4.0_SL1.0_H5,VALIDATION,2024-05-30,8331.T,LOSS,-2.29732777245395,1,,,,,,,,2.2466950262275853,1.6671299042083123,76.98906772721455
UP35_SCORE80_NIKKEION_TP4.0_SL1.0_H5,VALIDATION,2024-07-05,7013.T,HOLD,1.3334913071704535,5,,,,,,,,3.4568938900355692,2.8029552243314555,81.70736063481823
UP35_SCORE80_NIKKEION_TP4.0_SL1.0_H5,VALIDATION,2024-07-09,5803.T,TIMEOUT_LOSS,-1.340758537873088,5,,,,,,,,3.809966458306757,3.0971420165153285,65.1673118563374
UP35_SCORE80_NIKKEION_TP4.0_SL1.0_H5,VALIDATION,2024-07-12,4519.T,LOSS,-2.517539940630509,4,,,,,,,,2.4175399406305127,1.5207411706833838,76.8046823943933
UP35_SCORE80_NIKKEION_TP4.0_SL1.0_H5,VALIDATION,2024-07-16,6976.T,HOLD,0.47414635042289943,5,,,,,,,,3.5256413216273375,1.7389526651481166,77.39298849461471
UP35_SCORE80_NIKKEION_TP4.0_SL1.0_H5,VALIDATION,2024-09-05,6532.T,LOSS,-3.3034171179618155,1,,,,,,,,3.3094320301220614,1.812501141948804,65.73803228477507
UP35_SCORE80_NIKKEION_TP4.0_SL1.0_H5,VALIDATION,2024-11-07,7013.T,TIMEOUT_LOSS,-1.5461499464642814,5,,,,,,,,4.814901131833723,2.2527265778296126,70.02433857866997
UP35_SCORE80_NIKKEION_TP4.0_SL1.0_H5,VALIDATION,2024-11-08,7012.T,LOSS,-4.534220461682903,2,,,,,,,,4.434220461682906,3.200205529096764,69.90419704592867
UP35_SCORE80_NIKKEION_TP4.0_SL1.0_H5,VALIDATION,2024-11-11,5803.T,LOSS,-5.699984000136315,5,,,,,,,,5.599984000136319,1.7857249601142264,64.76170419168966
UP35_SCORE80_NIKKEION_TP4.0_SL1.0_H5,VALIDATION,2024-11-12,2432.T,HOLD,6.34301946764132,5,,,,,,,,4.938654054307187,3.1938915176370792,70.59711889927497
UP35_SCORE80_NIKKEION_TP4.0_SL1.0_H3,VALIDATION,2022-08-24,7733.T,HOLD,0.1464212754205386,3,,,,,,,,2.487512480075919,1.8547560940531955,65.51391763203654
UP35_SCORE80_NIKKEION_TP4.0_SL1.0_H3,VALIDATION,2023-02-17,3086.T,LOSS,-1.904219725387446,1,,,,,,,,1.8373699158373096,1.6525508885762683,67.7473773365881
UP35_SCORE80_NIKKEION_TP4.0_SL1.0_H3,VALIDATION,2023-03-03,5406.T,WIN,10.98728054115964,1,,,,,,,,2.771820135289908,1.857140360382404,87.09433998237975
UP35_SCORE80_NIKKEION_TP4.0_SL1.0_H3,VALIDATION,2023-03-06,5406.T,WIN,10.974768864614026,1,,,,,,,,2.768692216153508,1.502203260570827,87.66789665700449
UP35_SCORE80_NIKKEION_TP4.0_SL1.0_H3,VALIDATION,2023-03-07,5406.T,WIN,11.258582690995434,1,,,,,,,,2.8396456727488584,2.0701893640139404,90.18696901800902
UP35_SCORE80_NIKKEION_TP4.0_SL1.0_H3,VALIDATION,2023-03-08,6472.T,WIN,10.041864527855372,1,,,,,,,,2.535466131963841,1.5964971261163212,80.32679424160867
UP35_SCORE80_NIKKEION_TP4.0_SL1.0_H3,VALIDATION,2023-03-09,6472.T,WIN,10.124491542029402,1,,,,,,,,2.5561228855073503,2.0280835938094106,81.64248124982342
UP35_SCORE80_NIKKEION_TP4.0_SL1.0_H3,VALIDATION,2023-03-31,7735.T,HOLD,1.9952370032169875,3,,,,,,,,2.5391231063714175,1.7645630331178097,71.61649211053447
UP35_SCORE80_NIKKEION_TP4.0_SL1.0_H3,VALIDATION,2023-04-03,6361.T,TIMEOUT_LOSS,-1.4527729564149383,3,,,,,,,,2.384753810496683,1.789481559063365,70.6068253998211
UP35_SCORE80_NIKKEION_TP4.0_SL1.0_H3,VALIDATION,2023-04-04,6501.T,LOSS,-2.1304261745622166,2,,,,,,,,2.0304261745622165,1.5221769100292324,70.37175256557059
UP35_SCORE80_NIKKEION_TP4.0_SL1.0_H3,VALIDATION,2023-04-12,3086.T,WIN,9.698051508540628,2,,,,,,,,2.4495128771351586,2.600409263552136,65.77527308898344
UP35_SCORE80_NIKKEION_TP4.0_SL1.0_H3,VALIDATION,2023-04-13,7453.T,HOLD,2.690558295829437,3,,,,,,,,2.575211037043294,1.6011953311443716,59.13648388012189
UP35_SCORE80_NIKKEION_TP4.0_SL1.0_H3,VALIDATION,2023-04-14,3697.T,TIMEOUT_LOSS,-2.594536581674811,3,,,,,,,,4.121031231711458,1.8575489819439108,70.5419742753867
UP35_SCORE80_NIKKEION_TP4.0_SL1.0_H3,VALIDATION,2023-04-17,6752.T,WIN,7.846473086998363,1,,,,,,,,1.9866182717495888,1.8304620405232623,71.88274667672724
UP35_SCORE80_NIKKEION_TP4.0_SL1.0_H3,VALIDATION,2023-04-19,8253.T,WIN,7.896259363688752,1,,,,,,,,1.9990648409221896,1.624354060885152,71.01284289908423
UP35_SCORE80_NIKKEION_TP4.0_SL1.0_H3,VALIDATION,2023-04-20,3099.T,HOLD,5.114970486944837,3,,,,,,,,2.3059025677288973,1.6848464507467695,64.50758913098556
UP35_SCORE80_NIKKEION_TP4.0_SL1.0_H3,VALIDATION,2023-04-21,6146.T,LOSS,-3.029003068099523,3,,,,,,,,2.9290030680995187,4.820541702933798,75.78560698122133
UP35_SCORE80_NIKKEION_TP4.0_SL1.0_H3,VALIDATION,2023-04-24,9202.T,WIN,5.5830656961098795,1,,,,,,,,1.4207664240274718,3.269837442481966,70.44491341213703
UP35_SCORE80_NIKKEION_TP4.0_SL1.0_H3,VALIDATION,2023-04-25,6503.T,HOLD,5.101515093803067,3,,,,,,,,1.733838364601022,2.155498593594048,79.72493429343518
UP35_SCORE80_NIKKEION_TP4.0_SL1.0_H3,VALIDATION,2023-04-26,1803.T,WIN,7.774117542742077,1,,,,,,,,1.9685293856855173,6.0865440632331405,73.83107527961079
UP35_SCORE80_NIKKEION_TP4.0_SL1.0_H3,VALIDATION,2023-04-27,6305.T,WIN,8.426494396009721,1,,,,,,,,2.13162359900243,3.861125217892584,66.4599445715346
UP35_SCORE80_NIKKEION_TP4.0_SL1.0_H3,VALIDATION,2023-04-28,6988.T,WIN,7.3997885000771095,1,,,,,,,,1.8749471250192773,1.7396760844182149,62.70796317648252
UP35_SCORE80_NIKKEION_TP4.0_SL1.0_H3,VALIDATION,2023-05-09,5401.T,WIN,8.793180528999523,1,,,,,,,,2.2232951322498806,2.4216348728935766,63.075672705376185
UP35_SCORE80_NIKKEION_TP4.0_SL1.0_H3,VALIDATION,2023-05-10,9107.T,WIN,14.692430956552515,1,,,,,,,,3.698107739138131,1.6721083015720768,62.615682903241385
UP35_SCORE80_NIKKEION_TP4.0_SL1.0_H3,VALIDATION,2023-05-11,7011.T,HOLD,5.395320426312534,3,,,,,,,,2.1934996524668904,2.628737662337662,62.58737291544723
UP35_SCORE80_NIKKEION_TP4.0_SL1.0_H3,VALIDATION,2023-05-12,7201.T,LOSS,-2.2727482190345705,3,,,,,,,,2.1727482190345704,2.7879469128879624,67.48012073402779
UP35_SCORE80_NIKKEION_TP4.0_SL1.0_H3,VALIDATION,2023-05-15,7201.T,HOLD,2.128901606157163,3,,,,,,,,2.3950704957838838,1.6475769787838146,56.24952516041075
UP35_SCORE80_NIKKEION_TP4.0_SL1.0_H3,VALIDATION,2023-07-03,5301.T,WIN,9.390329195579438,1,,,,,,,,2.3725822988948613,1.6841448882477126,76.76292337832162
UP35_SCORE80_NIKKEION_TP4.0_SL1.0_H3,VALIDATION,2023-07-05,9107.T,WIN,14.099894365295073,1,,,,,,,,3.5499735913237704,2.150751782310317,69.97459032079043
UP35_SCORE80_NIKKEION_TP4.0_SL1.0_H3,VALIDATION,2023-07-28,9501.T,HOLD,3.2351680043808506,3,,,,,,,,2.767087336120648,1.7704078849426244,62.30307264168
UP35_SCORE80_NIKKEION_TP4.0_SL1.0_H3,VALIDATION,2023-07-31,8308.T,TIMEOUT_LOSS,-1.2452531699781444,3,,,,,,,,2.5763241790336844,1.9173748312925836,71.9207173897711
UP35_SCORE80_NIKKEION_TP4.0_SL1.0_H3,VALIDATION,2023-08-01,6976.T,HOLD,1.8693882072037593,3,,,,,,,,2.606764674052127,2.1396985671851048,57.50048021808944
UP35_SCORE80_NIKKEION_TP4.0_SL1.0_H3,VALIDATION,2023-08-29,9501.T,TIMEOUT_LOSS,-2.143950752030588,3,,,,,,,,3.1402072969105355,2.2716801360357546,73.52136944851513
UP35_SCORE80_NIKKEION_TP4.0_SL1.0_H3,VALIDATION,2023-09-08,7532.T,LOSS,-2.688737144511777,1,,,,,,,,2.657533706705184,1.5087604957949283,59.8378595415099
UP35_SCORE80_NIKKEION_TP4.0_SL1.0_H3,VALIDATION,2023-09-11,8308.T,LOSS,-2.4343342339654184,1,,,,,,,,2.390127805566289,1.665899299127487,79.10878705380313
UP35_SCORE80_NIKKEION_TP4.0_SL1.0_H3,VALIDATION,2023-09-12,8316.T,LOSS,-1.862218576823227,1,,,,,,,,1.7938297784150459,1.6274642753207946,80.10973378734327
UP35_SCORE80_NIKKEION_TP4.0_SL1.0_H3,VALIDATION,2023-09-13,8306.T,LOSS,-2.083503266111053,1,,,,,,,,2.0236422767650737,1.6494697326543106,80.85596893501176
UP35_SCORE80_NIKKEION_TP4.0_SL1.0_H3,VALIDATION,2023-11-13,3436.T,LOSS,-2.652575903573995,1,,,,,,,,2.619439074190577,1.7307167359522406,65.83654022960677
UP35_SCORE80_NIKKEION_TP4.0_SL1.0_H3,VALIDATION,2023-12-29,7974.T,WIN,6.475700861620315,3,,,,,,,,1.643925215405077,1.9467622373338236,74.74645526007333
UP35_SCORE80_NIKKEION_TP4.0_SL1.0_H3,VALIDATION,2024-01-05,8601.T,WIN,8.740718075418153,1,,,,,,,,2.210179518854538,1.680065341212715,65.83317514015158
UP35_SCORE80_NIKKEION_TP4.0_SL1.0_H3,VALIDATION,2024-01-18,7735.T,WIN,12.481905500689782,2,,,,,,,,3.1454763751724477,1.92320418278728,75.52852009430023
UP35_SCORE80_NIKKEION_TP4.0_SL1.0_H3,VALIDATION,2024-03-05,6146.T,LOSS,-3.3846029285573787,2,,,,,,,,3.284602928557382,2.1800391194636752,80.50298701119084
UP35_SCORE80_NIKKEION_TP4.0_SL1.0_H3,VALIDATION,2024-03-06,1802.T,WIN,11.318061468907826,2,,,,,,,,2.8545153672269548,2.554199432260858,85.31838469532941
UP35_SCORE80_NIKKEION_TP4.0_SL1.0_H3,VALIDATION,2024-03-07,7012.T,LOSS,-3.310564756415324,3,,,,,,,,3.210564756415324,3.000958757164228,86.42904059170691
UP35_SCORE80_NIKKEION_TP4.0_SL1.0_H3,VALIDATION,2024-03-21,3099.T,WIN,9.764913431280421,2,,,,,,,,2.4662283578201034,2.1067494637598387,79.32911863699188
UP35_SCORE80_NIKKEION_TP4.0_SL1.0_H3,VALIDATION,2024-03-22,3099.T,HOLD,6.877494385247552,3,,,,,,,,2.453948221491993,1.5707909104979727,81.63333499499859
UP35_SCORE80_NIKKEION_TP4.0_SL1.0_H3,VALIDATION,2024-03-25,5631.T,WIN,10.674305677224948,2,,,,,,,,2.693576419306239,1.9978760576890136,78.08170396611129
UP35_SCORE80_NIKKEION_TP4.0_SL1.0_H3,VALIDATION,2024-03-26,6504.T,HOLD,4.84654585282166,3,,,,,,,,2.8262976686388814,1.7303010510064722,74.90764016864891
UP35_SCORE80_NIKKEION_TP4.0_SL1.0_H3,VALIDATION,2024-03-27,8308.T,HOLD,0.41721946829534906,3,,,,,,,,3.0733363442166413,1.5960925826296606,69.621051993328
UP35_SCORE80_NIKKEION_TP4.0_SL1.0_H3,VALIDATION,2024-03-28,9501.T,TIMEOUT_LOSS,-1.4722540245678761,3,,,,,,,,4.639511584038658,1.535695399259651,61.44666417260486
UP35_SCORE80_NIKKEION_TP4.0_SL1.0_H3,VALIDATION,2024-05-14,5801.T,LOSS,-3.319591658016585,1,,,,,,,,3.3266977409723695,4.547126157516055,78.26401062449611
UP35_SCORE80_NIKKEION_TP4.0_SL1.0_H3,VALIDATION,2024-05-15,5101.T,LOSS,-3.1871639263634233,1,,,,,,,,3.185505709499344,2.1531057837982357,57.67965645377095
UP35_SCORE80_NIKKEION_TP4.0_SL1.0_H3,VALIDATION,2024-05-30,8331.T,LOSS,-2.29732777245395,1,,,,,,,,2.2466950262275853,1.6671299042083123,76.98906772721455
UP35_SCORE80_NIKKEION_TP4.0_SL1.0_H3,VALIDATION,2024-07-05,7013.T,TIMEOUT_LOSS,-0.9734699801203671,3,,,,,,,,3.4568938900355692,2.8029552243314555,81.70736063481823
UP35_SCORE80_NIKKEION_TP4.0_SL1.0_H3,VALIDATION,2024-07-09,5803.T,TIMEOUT_LOSS,-0.5020352086310463,3,,,,,,,,3.809966458306757,3.0971420165153285,65.1673118563374
UP35_SCORE80_NIKKEION_TP4.0_SL1.0_H3,VALIDATION,2024-07-12,4519.T,HOLD,0.13311846210201103,3,,,,,,,,2.4175399406305127,1.5207411706833838,76.8046823943933
UP35_SCORE80_NIKKEION_TP4.0_SL1.0_H3,VALIDATION,2024-07-16,6976.T,HOLD,5.223364293422395,3,,,,,,,,3.5256413216273375,1.7389526651481166,77.39298849461471
UP35_SCORE80_NIKKEION_TP4.0_SL1.0_H3,VALIDATION,2024-09-05,6532.T,LOSS,-3.3034171179618155,1,,,,,,,,3.3094320301220614,1.812501141948804,65.73803228477507
UP35_SCORE80_NIKKEION_TP4.0_SL1.0_H3,VALIDATION,2024-11-07,7013.T,HOLD,1.2587562963110144,3,,,,,,,,4.814901131833723,2.2527265778296126,70.02433857866997
UP35_SCORE80_NIKKEION_TP4.0_SL1.0_H3,VALIDATION,2024-11-08,7012.T,LOSS,-4.534220461682903,2,,,,,,,,4.434220461682906,3.200205529096764,69.90419704592867
UP35_SCORE80_NIKKEION_TP4.0_SL1.0_H3,VALIDATION,2024-11-11,5803.T,TIMEOUT_LOSS,-2.420324839515642,3,,,,,,,,5.599984000136319,1.7857249601142264,64.76170419168966
UP35_SCORE80_NIKKEION_TP4.0_SL1.0_H3,VALIDATION,2024-11-12,2432.T,HOLD,2.235966275647472,3,,,,,,,,4.938654054307187,3.1938915176370792,70.59711889927497
UP35_SCORE80_NIKKEION_TP4.0_SL1.5_H3,VALIDATION,2022-08-24,7733.T,HOLD,0.1464212754205386,3,,,,,,,,2.487512480075919,1.8547560940531955,65.51391763203654
UP35_SCORE80_NIKKEION_TP4.0_SL1.5_H3,VALIDATION,2023-02-17,3086.T,LOSS,-2.7821337945895253,1,,,,,,,,1.8373699158373096,1.6525508885762683,67.7473773365881
UP35_SCORE80_NIKKEION_TP4.0_SL1.5_H3,VALIDATION,2023-03-03,5406.T,WIN,10.98728054115964,1,,,,,,,,2.771820135289908,1.857140360382404,87.09433998237975
UP35_SCORE80_NIKKEION_TP4.0_SL1.5_H3,VALIDATION,2023-03-06,5406.T,WIN,10.974768864614026,1,,,,,,,,2.768692216153508,1.502203260570827,87.66789665700449
UP35_SCORE80_NIKKEION_TP4.0_SL1.5_H3,VALIDATION,2023-03-07,5406.T,WIN,11.258582690995434,1,,,,,,,,2.8396456727488584,2.0701893640139404,90.18696901800902
UP35_SCORE80_NIKKEION_TP4.0_SL1.5_H3,VALIDATION,2023-03-08,6472.T,WIN,10.041864527855372,1,,,,,,,,2.535466131963841,1.5964971261163212,80.32679424160867
UP35_SCORE80_NIKKEION_TP4.0_SL1.5_H3,VALIDATION,2023-03-09,6472.T,WIN,10.124491542029402,1,,,,,,,,2.5561228855073503,2.0280835938094106,81.64248124982342
UP35_SCORE80_NIKKEION_TP4.0_SL1.5_H3,VALIDATION,2023-03-31,7735.T,HOLD,1.9952370032169875,3,,,,,,,,2.5391231063714175,1.7645630331178097,71.61649211053447
UP35_SCORE80_NIKKEION_TP4.0_SL1.5_H3,VALIDATION,2023-04-03,6361.T,TIMEOUT_LOSS,-1.4527729564149383,3,,,,,,,,2.384753810496683,1.789481559063365,70.6068253998211
UP35_SCORE80_NIKKEION_TP4.0_SL1.5_H3,VALIDATION,2023-04-04,6501.T,HOLD,0.37960656090801914,3,,,,,,,,2.0304261745622165,1.5221769100292324,70.37175256557059
UP35_SCORE80_NIKKEION_TP4.0_SL1.5_H3,VALIDATION,2023-04-12,3086.T,WIN,9.698051508540628,2,,,,,,,,2.4495128771351586,2.600409263552136,65.77527308898344
UP35_SCORE80_NIKKEION_TP4.0_SL1.5_H3,VALIDATION,2023-04-13,7453.T,HOLD,2.690558295829437,3,,,,,,,,2.575211037043294,1.6011953311443716,59.13648388012189
UP35_SCORE80_NIKKEION_TP4.0_SL1.5_H3,VALIDATION,2023-04-14,3697.T,TIMEOUT_LOSS,-2.594536581674811,3,,,,,,,,4.121031231711458,1.8575489819439108,70.5419742753867
UP35_SCORE80_NIKKEION_TP4.0_SL1.5_H3,VALIDATION,2023-04-17,6752.T,WIN,7.846473086998363,1,,,,,,,,1.9866182717495888,1.8304620405232623,71.88274667672724
UP35_SCORE80_NIKKEION_TP4.0_SL1.5_H3,VALIDATION,2023-04-19,8253.T,WIN,7.896259363688752,1,,,,,,,,1.9990648409221896,1.624354060885152,71.01284289908423
UP35_SCORE80_NIKKEION_TP4.0_SL1.5_H3,VALIDATION,2023-04-20,3099.T,HOLD,5.114970486944837,3,,,,,,,,2.3059025677288973,1.6848464507467695,64.50758913098556
UP35_SCORE80_NIKKEION_TP4.0_SL1.5_H3,VALIDATION,2023-04-21,6146.T,LOSS,-4.493504602149278,3,,,,,,,,2.9290030680995187,4.820541702933798,75.78560698122133
UP35_SCORE80_NIKKEION_TP4.0_SL1.5_H3,VALIDATION,2023-04-24,9202.T,WIN,5.5830656961098795,1,,,,,,,,1.4207664240274718,3.269837442481966,70.44491341213703
UP35_SCORE80_NIKKEION_TP4.0_SL1.5_H3,VALIDATION,2023-04-25,6503.T,HOLD,5.101515093803067,3,,,,,,,,1.733838364601022,2.155498593594048,79.72493429343518
UP35_SCORE80_NIKKEION_TP4.0_SL1.5_H3,VALIDATION,2023-04-26,1803.T,WIN,7.774117542742077,1,,,,,,,,1.9685293856855173,6.0865440632331405,73.83107527961079
UP35_SCORE80_NIKKEION_TP4.0_SL1.5_H3,VALIDATION,2023-04-27,6305.T,WIN,8.426494396009721,1,,,,,,,,2.13162359900243,3.861125217892584,66.4599445715346
UP35_SCORE80_NIKKEION_TP4.0_SL1.5_H3,VALIDATION,2023-04-28,6988.T,WIN,7.3997885000771095,1,,,,,,,,1.8749471250192773,1.7396760844182149,62.70796317648252
UP35_SCORE80_NIKKEION_TP4.0_SL1.5_H3,VALIDATION,2023-05-09,5401.T,WIN,8.793180528999523,1,,,,,,,,2.2232951322498806,2.4216348728935766,63.075672705376185
UP35_SCORE80_NIKKEION_TP4.0_SL1.5_H3,VALIDATION,2023-05-10,9107.T,WIN,14.692430956552515,1,,,,,,,,3.698107739138131,1.6721083015720768,62.615682903241385
UP35_SCORE80_NIKKEION_TP4.0_SL1.5_H3,VALIDATION,2023-05-11,7011.T,HOLD,5.395320426312534,3,,,,,,,,2.1934996524668904,2.628737662337662,62.58737291544723
UP35_SCORE80_NIKKEION_TP4.0_SL1.5_H3,VALIDATION,2023-05-12,7201.T,TIMEOUT_LOSS,-2.1963444369575535,3,,,,,,,,2.1727482190345704,2.7879469128879624,67.48012073402779
UP35_SCORE80_NIKKEION_TP4.0_SL1.5_H3,VALIDATION,2023-05-15,7201.T,HOLD,2.128901606157163,3,,,,,,,,2.3950704957838838,1.6475769787838146,56.24952516041075
UP35_SCORE80_NIKKEION_TP4.0_SL1.5_H3,VALIDATION,2023-07-03,5301.T,WIN,9.390329195579438,1,,,,,,,,2.3725822988948613,1.6841448882477126,76.76292337832162
UP35_SCORE80_NIKKEION_TP4.0_SL1.5_H3,VALIDATION,2023-07-05,9107.T,WIN,14.099894365295073,1,,,,,,,,3.5499735913237704,2.150751782310317,69.97459032079043
UP35_SCORE80_NIKKEION_TP4.0_SL1.5_H3,VALIDATION,2023-07-28,8308.T,WIN,9.80571697298499,1,,,,,,,,2.4764292432462476,2.992813465952988,69.19508666855869
UP35_SCORE80_NIKKEION_TP4.0_SL1.5_H3,VALIDATION,2023-07-31,8308.T,TIMEOUT_LOSS,-1.2452531699781444,3,,,,,,,,2.5763241790336844,1.9173748312925836,71.9207173897711
UP35_SCORE80_NIKKEION_TP4.0_SL1.5_H3,VALIDATION,2023-08-01,6976.T,HOLD,1.8693882072037593,3,,,,,,,,2.606764674052127,2.1396985671851048,57.50048021808944
UP35_SCORE80_NIKKEION_TP4.0_SL1.5_H3,VALIDATION,2023-08-29,9501.T,TIMEOUT_LOSS,-2.143950752030588,3,,,,,,,,3.1402072969105355,2.2716801360357546,73.52136944851513
UP35_SCORE80_NIKKEION_TP4.0_SL1.5_H3,VALIDATION,2023-09-08,7532.T,LOSS,-3.933486275199749,1,,,,,,,,2.657533706705184,1.5087604957949283,59.8378595415099
UP35_SCORE80_NIKKEION_TP4.0_SL1.5_H3,VALIDATION,2023-09-11,8308.T,LOSS,-3.5611044776011735,1,,,,,,,,2.390127805566289,1.665899299127487,79.10878705380313
UP35_SCORE80_NIKKEION_TP4.0_SL1.5_H3,VALIDATION,2023-09-12,8316.T,LOSS,-2.720240681213948,1,,,,,,,,1.7938297784150459,1.6274642753207946,80.10973378734327
UP35_SCORE80_NIKKEION_TP4.0_SL1.5_H3,VALIDATION,2023-09-13,8306.T,LOSS,-3.0460375239127258,1,,,,,,,,2.0236422767650737,1.6494697326543106,80.85596893501176
UP35_SCORE80_NIKKEION_TP4.0_SL1.5_H3,VALIDATION,2023-11-13,2501.T,LOSS,-3.5281760303338516,1,,,,,,,,2.3665812583255104,2.601058336455944,83.63371851723367
UP35_SCORE80_NIKKEION_TP4.0_SL1.5_H3,VALIDATION,2023-12-29,7974.T,WIN,6.475700861620315,3,,,,,,,,1.643925215405077,1.9467622373338236,74.74645526007333
UP35_SCORE80_NIKKEION_TP4.0_SL1.5_H3,VALIDATION,2024-01-05,8601.T,WIN,8.740718075418153,1,,,,,,,,2.210179518854538,1.680065341212715,65.83317514015158
UP35_SCORE80_NIKKEION_TP4.0_SL1.5_H3,VALIDATION,2024-01-18,7735.T,WIN,12.481905500689782,2,,,,,,,,3.1454763751724477,1.92320418278728,75.52852009430023
UP35_SCORE80_NIKKEION_TP4.0_SL1.5_H3,VALIDATION,2024-03-05,6146.T,TIMEOUT_LOSS,-0.5588255963961396,3,,,,,,,,3.284602928557382,2.1800391194636752,80.50298701119084
UP35_SCORE80_NIKKEION_TP4.0_SL1.5_H3,VALIDATION,2024-03-06,1802.T,WIN,11.318061468907826,2,,,,,,,,2.8545153672269548,2.554199432260858,85.31838469532941
UP35_SCORE80_NIKKEION_TP4.0_SL1.5_H3,VALIDATION,2024-03-07,7012.T,TIMEOUT_LOSS,-1.3340755048777408,3,,,,,,,,3.210564756415324,3.000958757164228,86.42904059170691
UP35_SCORE80_NIKKEION_TP4.0_SL1.5_H3,VALIDATION,2024-03-21,3099.T,WIN,9.764913431280421,2,,,,,,,,2.4662283578201034,2.1067494637598387,79.32911863699188
UP35_SCORE80_NIKKEION_TP4.0_SL1.5_H3,VALIDATION,2024-03-22,3099.T,HOLD,6.877494385247552,3,,,,,,,,2.453948221491993,1.5707909104979727,81.63333499499859
UP35_SCORE80_NIKKEION_TP4.0_SL1.5_H3,VALIDATION,2024-03-25,5631.T,WIN,10.674305677224948,2,,,,,,,,2.693576419306239,1.9978760576890136,78.08170396611129
UP35_SCORE80_NIKKEION_TP4.0_SL1.5_H3,VALIDATION,2024-03-26,6504.T,HOLD,4.84654585282166,3,,,,,,,,2.8262976686388814,1.7303010510064722,74.90764016864891
UP35_SCORE80_NIKKEION_TP4.0_SL1.5_H3,VALIDATION,2024-03-27,8308.T,HOLD,0.41721946829534906,3,,,,,,,,3.0733363442166413,1.5960925826296606,69.621051993328
UP35_SCORE80_NIKKEION_TP4.0_SL1.5_H3,VALIDATION,2024-03-28,9501.T,TIMEOUT_LOSS,-1.4722540245678761,3,,,,,,,,4.639511584038658,1.535695399259651,61.44666417260486
UP35_SCORE80_NIKKEION_TP4.0_SL1.5_H3,VALIDATION,2024-05-14,5801.T,HOLD,2.2820223552854624,3,,,,,,,,3.3266977409723695,4.547126157516055,78.26401062449611
UP35_SCORE80_NIKKEION_TP4.0_SL1.5_H3,VALIDATION,2024-05-15,5101.T,LOSS,-4.660353101611292,1,,,,,,,,3.185505709499344,2.1531057837982357,57.67965645377095
UP35_SCORE80_NIKKEION_TP4.0_SL1.5_H3,VALIDATION,2024-05-30,8331.T,LOSS,-3.3601733118749366,1,,,,,,,,2.2466950262275853,1.6671299042083123,76.98906772721455
UP35_SCORE80_NIKKEION_TP4.0_SL1.5_H3,VALIDATION,2024-07-05,7013.T,TIMEOUT_LOSS,-0.9734699801203671,3,,,,,,,,3.4568938900355692,2.8029552243314555,81.70736063481823
UP35_SCORE80_NIKKEION_TP4.0_SL1.5_H3,VALIDATION,2024-07-09,5803.T,TIMEOUT_LOSS,-0.5020352086310463,3,,,,,,,,3.809966458306757,3.0971420165153285,65.1673118563374
UP35_SCORE80_NIKKEION_TP4.0_SL1.5_H3,VALIDATION,2024-07-12,4519.T,HOLD,0.13311846210201103,3,,,,,,,,2.4175399406305127,1.5207411706833838,76.8046823943933
UP35_SCORE80_NIKKEION_TP4.0_SL1.5_H3,VALIDATION,2024-07-16,6976.T,HOLD,5.223364293422395,3,,,,,,,,3.5256413216273375,1.7389526651481166,77.39298849461471
UP35_SCORE80_NIKKEION_TP4.0_SL1.5_H3,VALIDATION,2024-09-05,6532.T,LOSS,-4.829374874786984,1,,,,,,,,3.3094320301220614,1.812501141948804,65.73803228477507
UP35_SCORE80_NIKKEION_TP4.0_SL1.5_H3,VALIDATION,2024-11-07,7013.T,HOLD,1.2587562963110144,3,,,,,,,,4.814901131833723,2.2527265778296126,70.02433857866997
UP35_SCORE80_NIKKEION_TP4.0_SL1.5_H3,VALIDATION,2024-11-08,7012.T,LOSS,-6.751330692524359,3,,,,,,,,4.434220461682906,3.200205529096764,69.90419704592867
UP35_SCORE80_NIKKEION_TP4.0_SL1.5_H3,VALIDATION,2024-11-11,5803.T,TIMEOUT_LOSS,-2.420324839515642,3,,,,,,,,5.599984000136319,1.7857249601142264,64.76170419168966
UP35_SCORE80_NIKKEION_TP4.0_SL1.5_H3,VALIDATION,2024-11-12,5801.T,HOLD,9.229748967881969,3,,,,,,,,4.212795453398469,5.95992017197373,85.57524419496607
UP25_SCORE80_NIKKEION_TP4.0_SL1.0_H3,OOS,2025-01-07,6361.T,HOLD,4.500415322065588,3,,,,,,,,3.0344870978700644,1.5540306547809914,69.68237100344051
UP25_SCORE80_NIKKEION_TP4.0_SL1.0_H3,OOS,2025-01-08,8795.T,TIMEOUT_LOSS,-1.4566383777832592,3,,,,,,,,2.3817532403073454,1.6252906152537567,66.33757123022335
UP25_SCORE80_NIKKEION_TP4.0_SL1.0_H3,OOS,2025-01-09,9104.T,HOLD,4.3739994338564685,3,,,,,,,,2.3601397927174235,2.303366546812504,53.51842069648761
UP25_SCORE80_NIKKEION_TP4.0_SL1.0_H3,OOS,2025-01-24,3861.T,WIN,6.586373639847854,1,,,,,,,,1.6715934099619616,1.5865320570697934,66.8685683129112
UP25_SCORE80_NIKKEION_TP4.0_SL1.0_H3,OOS,2025-01-30,4751.T,LOSS,-2.9431248757656125,2,,,,,,,,2.8431248757656196,4.081891498888597,69.04824941242198
UP25_SCORE80_NIKKEION_TP4.0_SL1.0_H3,OOS,2025-03-21,4385.T,HOLD,2.1123035125169776,3,,,,,,,,4.145307259034237,2.4655023063732733,66.31883943224122
UP25_SCORE80_NIKKEION_TP4.0_SL1.0_H3,OOS,2025-03-24,8830.T,TIMEOUT_LOSS,-2.396151013388448,3,,,,,,,,3.1521188737254477,3.603309716771157,74.77264549065845
UP25_SCORE80_NIKKEION_TP4.0_SL1.0_H3,OOS,2025-05-23,5631.T,LOSS,-4.367536140377103,1,,,,,,,,4.457773223756978,3.638256780586112,66.5391720116574
UP25_SCORE80_NIKKEION_TP4.0_SL1.0_H3,OOS,2025-05-29,9201.T,HOLD,4.5441767498590195,3,,,,,,,,1.6846158564918297,1.5260580709535156,71.70576454433363
UP25_SCORE80_NIKKEION_TP4.0_SL1.0_H3,OOS,2025-05-30,7013.T,WIN,13.058883619610883,3,,,,,,,,3.289720904902723,1.7908171365978596,74.63157620760738
UP25_SCORE80_NIKKEION_TP4.0_SL1.0_H3,OOS,2025-06-02,3697.T,TIMEOUT_LOSS,-0.44399044228118345,3,,,,,,,,3.63966401330722,2.587217881109101,78.03906924168916
UP25_SCORE80_NIKKEION_TP4.0_SL1.0_H3,OOS,2025-06-03,7013.T,HOLD,2.3686013650136117,3,,,,,,,,3.4455378792869715,1.7152741017975233,83.10167158544998
UP25_SCORE80_NIKKEION_TP4.0_SL1.0_H3,OOS,2025-06-04,7453.T,HOLD,4.848760491573712,3,,,,,,,,2.714160641857595,1.9209734713929407,80.33942361288243
UP25_SCORE80_NIKKEION_TP4.0_SL1.0_H3,OOS,2025-06-11,4506.T,HOLD,18.20508474576271,3,,,,,,,,6.365348399246702,1.7840842172308191,59.53971611899605
UP25_SCORE80_NIKKEION_TP4.0_SL1.0_H3,OOS,2025-06-12,4506.T,TIMEOUT_LOSS,-1.3560386473429942,3,,,,,,,,6.086956521739132,2.1240639958886773,70.77155149941125
UP25_SCORE80_NIKKEION_TP4.0_SL1.0_H3,OOS,2025-06-13,4506.T,LOSS,-6.212161310649022,3,,,,,,,,6.1121613106490225,2.409338323306914,72.05265331505392
UP25_SCORE80_NIKKEION_TP4.0_SL1.0_H3,OOS,2025-06-18,7974.T,LOSS,-3.2080411432345857,3,,,,,,,,3.1080411432345816,1.9666096637335144,70.0131439245264
UP25_SCORE80_NIKKEION_TP4.0_SL1.0_H3,OOS,2025-06-20,6857.T,HOLD,3.9012311235038566,3,,,,,,,,3.7049853857241244,1.8775454411408887,77.2083566564354
UP25_SCORE80_NIKKEION_TP4.0_SL1.0_H3,OOS,2025-06-25,4751.T,HOLD,2.39925344375137,3,,,,,,,,2.448224232485326,1.7507590069680168,78.27118475379257
UP25_SCORE80_NIKKEION_TP4.0_SL1.0_H3,OOS,2025-06-27,6361.T,HOLD,2.9542371282220814,3,,,,,,,,3.090148248564928,3.2685160590189093,79.0940240005441
UP25_SCORE80_NIKKEION_TP4.0_SL1.0_H3,OOS,2025-06-30,9602.T,LOSS,-2.422779856463353,3,,,,,,,,2.322779856463349,1.781349701378846,69.13089635829124
UP25_SCORE80_NIKKEION_TP4.0_SL1.0_H3,OOS,2025-07-02,5803.T,TIMEOUT_LOSS,-1.0183041590803965,3,,,,,,,,3.518104418026239,1.5261228603842834,64.97343720907216
UP25_SCORE80_NIKKEION_TP4.0_SL1.0_H3,OOS,2025-07-29,6301.T,HOLD,0.996913666829713,3,,,,,,,,2.485113180553955,2.8330656681004918,55.89267622915238
UP25_SCORE80_NIKKEION_TP4.0_SL1.0_H3,OOS,2025-08-12,8750.T,WIN,9.382582764894954,3,,,,,,,,2.3706456912237384,1.7813488989674662,59.71409488695035
UP25_SCORE80_NIKKEION_TP4.0_SL1.0_H3,OOS,2025-09-11,9984.T,HOLD,1.02452078682006,3,,,,,,,,4.451177534300207,1.9915696859343308,69.88278333275962
UP25_SCORE80_NIKKEION_TP4.0_SL1.0_H3,OOS,2025-09-12,6503.T,TIMEOUT_LOSS,-1.2613372047352245,3,,,,,,,,2.283256289408901,1.8201797306118253,70.59312987856188
UP25_SCORE80_NIKKEION_TP4.0_SL1.0_H3,OOS,2025-09-16,4004.T,WIN,10.873768293197072,2,,,,,,,,2.7434420732992697,1.7395339118464073,82.45159900347099
UP25_SCORE80_NIKKEION_TP4.0_SL1.0_H3,OOS,2025-09-17,4755.T,LOSS,-2.651672620296175,3,,,,,,,,2.551672620296179,1.5341222254702225,73.8076241680074
UP25_SCORE80_NIKKEION_TP4.0_SL1.0_H3,OOS,2025-09-18,3436.T,LOSS,-3.8142099735678836,1,,,,,,,,3.7142099735678835,2.48865032528349,74.07006184861473
UP25_SCORE80_NIKKEION_TP4.0_SL1.0_H3,OOS,2025-09-19,9984.T,HOLD,6.731271668052552,3,,,,,,,,4.19037788653831,1.5227937216073335,70.44412800566023
UP25_SCORE80_NIKKEION_TP4.0_SL1.0_H3,OOS,2025-09-22,4062.T,TIMEOUT_LOSS,-0.3500174824091039,3,,,,,,,,4.122560515146145,1.7894109746778686,74.53984482143241
UP25_SCORE80_NIKKEION_TP4.0_SL1.0_H3,OOS,2025-09-24,7269.T,HOLD,0.5450070369343974,3,,,,,,,,2.2629887439238106,2.2592553185441,82.23862799290006
UP25_SCORE80_NIKKEION_TP4.0_SL1.0_H3,OOS,2025-09-25,5713.T,HOLD,1.9928967708735201,3,,,,,,,,2.974929933337715,3.0868339243591145,77.6627866581457
UP25_SCORE80_NIKKEION_TP4.0_SL1.0_H3,OOS,2025-09-26,8331.T,LOSS,-2.018665753621496,3,,,,,,,,1.9186657536214884,1.6157930876630808,69.07485595803402
UP25_SCORE80_NIKKEION_TP4.0_SL1.0_H3,OOS,2025-09-29,6302.T,LOSS,-2.0238904598249507,2,,,,,,,,1.9238904598249507,1.645873811228142,70.66536814973965
UP25_SCORE80_NIKKEION_TP4.0_SL1.0_H3,OOS,2025-09-30,6361.T,HOLD,7.641451014184509,3,,,,,,,,2.6803830232856,2.813752314622889,73.71408892688454
UP25_SCORE80_NIKKEION_TP4.0_SL1.0_H3,OOS,2025-10-03,3436.T,TIMEOUT_LOSS,-0.9814757956848051,3,,,,,,,,5.209448177264275,1.9842407165140383,68.61342103351534
UP25_SCORE80_NIKKEION_TP4.0_SL1.0_H3,OOS,2025-10-06,5831.T,HOLD,2.5903029508791087,3,,,,,,,,2.1476454146329633,1.5749219902602063,58.91479517315375
UP25_SCORE80_NIKKEION_TP4.0_SL1.0_H3,OOS,2025-10-09,6361.T,LOSS,-3.109289383292846,2,,,,,,,,3.00928938329285,2.13871992091976,84.34346295050602
UP25_SCORE80_NIKKEION_TP4.0_SL1.0_H3,OOS,2025-10-15,8267.T,WIN,10.478931208930343,2,,,,,,,,2.6447328022325856,3.114625760960014,76.52249009026771
UP25_SCORE80_NIKKEION_TP4.0_SL1.0_H3,OOS,2025-10-16,9984.T,HOLD,4.620027669178651,3,,,,,,,,4.654991310702586,1.5427533068350163,70.66336537493032
UP25_SCORE80_NIKKEION_TP4.0_SL1.0_H3,OOS,2025-10-17,8267.T,HOLD,8.70131360293175,3,,,,,,,,3.0957123439116607,3.1472642025766024,81.89092555610779
UP25_SCORE80_NIKKEION_TP4.0_SL1.0_H3,OOS,2025-10-20,8267.T,HOLD,6.175346793173453,3,,,,,,,,3.02697538999106,1.5924311030928169,84.0532204157703
UP25_SCORE80_NIKKEION_TP4.0_SL1.0_H3,OOS,2025-10-22,9984.T,LOSS,-5.583075822569483,1,,,,,,,,5.483075822569483,2.2145815870232792,63.54720663155452
UP25_SCORE80_NIKKEION_TP4.0_SL1.0_H3,OOS,2025-10-23,1963.T,HOLD,2.8133252403010123,3,,,,,,,,2.885925880850186,1.932891948159124,62.02249139463407
UP25_SCORE80_NIKKEION_TP4.0_SL1.0_H3,OOS,2025-10-24,6976.T,HOLD,9.504006710007962,3,,,,,,,,3.235998443724982,1.6804174056082453,69.34893813502617
UP25_SCORE80_NIKKEION_TP4.0_SL1.0_H3,OOS,2025-10-29,4043.T,TIMEOUT_LOSS,-1.2359572375052252,3,,,,,,,,2.420046604129393,3.6010461091035366,61.99226292429511
UP25_SCORE80_NIKKEION_TP4.0_SL1.0_H3,OOS,2025-10-30,6963.T,LOSS,-2.892671316704465,3,,,,,,,,2.792671316704465,2.274930595614673,63.75590192971936
UP25_SCORE80_NIKKEION_TP4.0_SL1.0_H3,OOS,2025-10-31,6702.T,LOSS,-2.9018631361736547,2,,,,,,,,2.8018631361736546,2.45065013412754,65.79540866798806
UP25_SCORE80_NIKKEION_TP4.0_SL1.0_H3,OOS,2025-11-05,5706.T,HOLD,4.45915807548819,3,,,,,,,,5.2528054908498545,1.558703475593556,65.29307153909187
UP25_SCORE80_NIKKEION_TP4.0_SL1.0_H3,OOS,2025-11-07,1803.T,HOLD,9.747886740444434,3,,,,,,,,3.290381605043365,2.68677935743871,64.40954601558369
UP25_SCORE80_NIKKEION_TP4.0_SL1.0_H3,OOS,2025-11-10,7270.T,HOLD,7.601109275206975,3,,,,,,,,2.658051446991701,2.7772101561407005,65.01760632479895
UP25_SCORE80_NIKKEION_TP4.0_SL1.0_H3,OOS,2025-11-11,1808.T,WIN,6.777220667884854,2,,,,,,,,1.7193051669712152,1.6369459598838314,70.02890227565007
UP25_SCORE80_NIKKEION_TP4.0_SL1.0_H3,OOS,2025-11-12,5706.T,HOLD,11.27808057618679,3,,,,,,,,5.614894184217811,4.21194577004756,74.99619411222699
UP25_SCORE80_NIKKEION_TP4.0_SL1.0_H3,OOS,2025-11-14,5706.T,TIMEOUT_LOSS,-0.14934741465433268,3,,,,,,,,6.069893005466853,1.940307588304884,75.95058471949552
UP25_SCORE80_NIKKEION_TP4.0_SL1.0_H3,OOS,2025-12-09,6506.T,HOLD,1.8648566149694124,3,,,,,,,,3.636145168050938,2.308766845945544,76.76832455304144
UP25_SCORE80_NIKKEION_TP4.0_SL1.0_H3,OOS,2025-12-10,4902.T,HOLD,7.017232504082494,3,,,,,,,,3.0449931792195946,1.6923429403382086,69.30195209769802
UP25_SCORE80_NIKKEION_TP4.0_SL1.0_H3,OOS,2025-12-11,6752.T,HOLD,1.5963772022196232,3,,,,,,,,3.2809941781548835,2.082473388498875,67.99135576721709
UP25_SCORE80_NIKKEION_TP4.0_SL1.0_H3,OOS,2025-12-24,7735.T,HOLD,1.3061989621682923,3,,,,,,,,3.919947628071426,3.4621151052801693,67.59745190212621
UP25_SCORE80_NIKKEION_TP4.0_SL1.0_H3,OOS,2025-12-29,5713.T,LOSS,-3.594783642097077,1,,,,,,,,3.494783642097062,2.025061863335196,73.06969198997692
UP25_SCORE80_NIKKEION_TP4.0_SL1.0_H3,OOS,2026-01-06,7013.T,HOLD,4.150297769539158,3,,,,,,,,3.382536607551249,1.8282032471966256,65.06508574041464
UP25_SCORE80_NIKKEION_TP4.0_SL1.0_H3,OOS,2026-01-07,285A.T,HOLD,7.7408195429471975,3,,,,,,,,7.00814289466772,1.6083974186275565,67.02302402919813
UP25_SCORE80_NIKKEION_TP4.0_SL1.0_H3,OOS,2026-01-08,5706.T,HOLD,6.875686059783515,3,,,,,,,,4.887590266109957,2.086612521353433,65.32212266481312
UP25_SCORE80_NIKKEION_TP4.0_SL1.0_H3,OOS,2026-01-09,4506.T,LOSS,-4.791527753909607,1,,,,,,,,4.691527753909605,1.896698305908159,75.47901105043854
UP25_SCORE80_NIKKEION_TP4.0_SL1.0_H3,OOS,2026-01-13,6920.T,HOLD,10.948173148578666,3,,,,,,,,4.299827285479877,1.910231975136936,62.388725365374334
UP25_SCORE80_NIKKEION_TP4.0_SL1.0_H3,OOS,2026-01-15,7735.T,HOLD,7.045408891144945,3,,,,,,,,3.802438510704964,1.5892500277561896,73.53419148838194
UP25_SCORE80_NIKKEION_TP4.0_SL1.0_H3,OOS,2026-01-16,6752.T,HOLD,1.8471401903388807,3,,,,,,,,3.0474502634836753,1.5093582492180166,67.15062113994684
UP25_SCORE80_NIKKEION_TP4.0_SL1.0_H3,OOS,2026-01-21,4062.T,LOSS,-4.773970533508031,3,,,,,,,,4.673970533508035,1.5046629059588714,73.52379482469222
UP25_SCORE80_NIKKEION_TP4.0_SL1.0_H3,OOS,2026-01-22,3436.T,LOSS,-4.108967247910233,2,,,,,,,,4.00896724791023,2.043114661561871,69.76679418916189
UP25_SCORE80_NIKKEION_TP4.0_SL1.0_H3,OOS,2026-01-26,5801.T,HOLD,10.5928890620811,3,,,,,,,,4.511758092834476,2.2098227364303,74.12028125769359
UP25_SCORE80_NIKKEION_TP4.0_SL1.0_H3,OOS,2026-01-27,6857.T,WIN,16.062606662240185,2,,,,,,,,4.040651665560047,1.5400502235978204,69.03225604930759
UP25_SCORE80_NIKKEION_TP4.0_SL1.0_H3,OOS,2026-01-28,6857.T,LOSS,-4.037376128286329,3,,,,,,,,3.9373761282863295,1.5263652404578067,70.9913959351506
UP25_SCORE80_NIKKEION_TP4.0_SL1.0_H3,OOS,2026-01-29,6857.T,LOSS,-4.563139999360688,1,,,,,,,,4.463139999360691,2.178536434428343,74.85668050032139
UP25_SCORE80_NIKKEION_TP4.0_SL1.0_H3,OOS,2026-01-30,5713.T,LOSS,-4.8612657840299445,1,,,,,,,,4.7612657840299475,3.6103269800317297,74.50943365530547
UP25_SCORE80_NIKKEION_TP4.0_SL1.0_H3,OOS,2026-02-02,7735.T,HOLD,4.0279715269023635,3,,,,,,,,4.560189952500774,1.8495595304408825,68.59055209759605
UP25_SCORE80_NIKKEION_TP4.0_SL1.0_H3,OOS,2026-02-03,5802.T,LOSS,-4.524674049575639,2,,,,,,,,4.424674049575642,3.010246808950368,68.79785747269574
UP25_SCORE80_NIKKEION_TP4.0_SL1.0_H3,OOS,2026-02-04,5801.T,LOSS,-5.486403910158943,1,,,,,,,,5.386403910158943,1.5192891350758757,75.4758725587808
UP25_SCORE80_NIKKEION_TP4.0_SL1.0_H3,OOS,2026-02-05,6723.T,HOLD,7.7076992589914965,3,,,,,,,,4.427977589011389,2.899876454319508,68.35429480373276
UP25_SCORE80_NIKKEION_TP4.0_SL1.0_H3,OOS,2026-02-06,7012.T,WIN,16.959369962981697,1,,,,,,,,4.264842490745427,1.5729208673694408,67.4593315275623
UP25_SCORE80_NIKKEION_TP4.0_SL1.0_H3,OOS,2026-02-09,5803.T,TIMEOUT_LOSS,-0.3594884145250553,3,,,,,,,,5.894731145248508,2.7974811024562314,65.26510749514235
UP25_SCORE80_NIKKEION_TP4.0_SL1.0_H3,OOS,2026-02-10,5233.T,HOLD,4.056214558828953,3,,,,,,,,3.071848312888825,2.7712569058204206,72.48728009612753
UP25_SCORE80_NIKKEION_TP4.0_SL1.0_H3,OOS,2026-02-13,5711.T,LOSS,-4.058054789779675,2,,,,,,,,3.958054789779671,2.6456203776770475,76.9767831666048
UP25_SCORE80_NIKKEION_TP4.0_SL1.0_H3,OOS,2026-02-17,5332.T,HOLD,3.870636319607834,3,,,,,,,,3.231212213341772,2.151003999631748,77.22017773778106
UP25_SCORE80_NIKKEION_TP4.0_SL1.0_H3,OOS,2026-02-18,6981.T,HOLD,13.00693450628766,3,,,,,,,,3.725848504079088,1.897054344978015,67.79124849963043
UP25_SCORE80_NIKKEION_TP4.0_SL1.0_H3,OOS,2026-02-19,5631.T,TIMEOUT_LOSS,-2.143340854565845,3,,,,,,,,4.623899387028141,2.0618150590496898,61.190988407760656
UP25_SCORE80_NIKKEION_TP4.0_SL1.0_H3,OOS,2026-02-20,7532.T,HOLD,1.9497587089616464,3,,,,,,,,2.5387030613319705,1.6109721312790437,66.04613180492257
UP25_SCORE80_NIKKEION_TP4.0_SL1.0_H3,OOS,2026-02-24,6361.T,LOSS,-3.9112094395280295,3,,,,,,,,3.811209439528026,1.506715160356746,67.6016226481249
UP25_SCORE80_NIKKEION_TP4.0_SL1.0_H3,OOS,2026-02-25,4062.T,LOSS,-5.682404418100006,1,,,,,,,,5.582404418100021,1.5450492830876352,65.06453665607634
UP25_SCORE80_NIKKEION_TP4.0_SL1.0_H3,OOS,2026-02-27,7741.T,LOSS,-3.1084744770775163,3,,,,,,,,3.008474477077505,1.8376525219335265,59.53660464640956
UP25_SCORE80_NIKKEION_TP4.0_SL1.0_H3,OOS,2026-06-12,8316.T,HOLD,0.5868560724320849,3,,,,,,,,2.7838484753876553,1.524263130004523,68.57004335868862
UP25_SCORE80_NIKKEION_TP4.0_SL1.0_H3,OOS,2026-06-24,6752.T,TIMEOUT_LOSS,-1.4695554557700996,3,,,,,,,,4.737314773237541,1.689110155324136,69.19046376889298
UP25_SCORE80_NIKKEION_TP4.0_SL1.0_H3,OOS,2026-06-30,6861.T,LOSS,-3.2499300929352715,3,,,,,,,,3.1499300929352714,1.6156011454251944,62.69049023192115
UP25_SCORE80_NIKKEION_TP4.0_SL1.0_H3,OOS,2026-08-07,4385.T,LOSS,-4.467130550033138,2,,,,,,,,4.367130550033135,1.6538247428580348,68.6886868287226
UP25_SCORE80_NIKKEION_TP4.0_SL1.0_H3,OOS,2026-08-19,7733.T,LOSS,-3.0960558252427273,1,,,,,,,,3.0885917585424956,1.6234926575406274,73.68219655203487
UP25_SCORE80_NIKKEION_TP4.0_SL1.0_H3,OOS,2026-08-20,9503.T,LOSS,-2.535147507629709,3,,,,,,,,2.495927012056047,2.2513870022629847,68.82612441044722
UP25_SCORE80_NIKKEION_TP4.0_SL1.0_H3,OOS,2026-08-21,9107.T,LOSS,-2.7957515717279557,2,,,,,,,,2.7704356338717595,1.7388483285442442,83.14583533959757
UP25_SCORE80_NIKKEION_TP3.5_SL1.0_H3,OOS,2025-01-07,6361.T,HOLD,4.500415322065588,3,,,,,,,,3.0344870978700644,1.5540306547809914,69.68237100344051
UP25_SCORE80_NIKKEION_TP3.5_SL1.0_H3,OOS,2025-01-08,8795.T,TIMEOUT_LOSS,-1.4566383777832592,3,,,,,,,,2.3817532403073454,1.6252906152537567,66.33757123022335
UP25_SCORE80_NIKKEION_TP3.5_SL1.0_H3,OOS,2025-01-09,9104.T,HOLD,4.3739994338564685,3,,,,,,,,2.3601397927174235,2.303366546812504,53.51842069648761
UP25_SCORE80_NIKKEION_TP3.5_SL1.0_H3,OOS,2025-01-24,3861.T,WIN,5.750576934866858,1,,,,,,,,1.6715934099619616,1.5865320570697934,66.8685683129112
UP25_SCORE80_NIKKEION_TP3.5_SL1.0_H3,OOS,2025-01-30,4751.T,LOSS,-2.9431248757656125,2,,,,,,,,2.8431248757656196,4.081891498888597,69.04824941242198
UP25_SCORE80_NIKKEION_TP3.5_SL1.0_H3,OOS,2025-03-21,4385.T,HOLD,2.1123035125169776,3,,,,,,,,4.145307259034237,2.4655023063732733,66.31883943224122
UP25_SCORE80_NIKKEION_TP3.5_SL1.0_H3,OOS,2025-03-24,8830.T,TIMEOUT_LOSS,-2.396151013388448,3,,,,,,,,3.1521188737254477,3.603309716771157,74.77264549065845
UP25_SCORE80_NIKKEION_TP3.5_SL1.0_H3,OOS,2025-05-23,5631.T,LOSS,-4.367536140377103,1,,,,,,,,4.457773223756978,3.638256780586112,66.5391720116574
UP25_SCORE80_NIKKEION_TP3.5_SL1.0_H3,OOS,2025-05-29,9201.T,HOLD,4.5441767498590195,3,,,,,,,,1.6846158564918297,1.5260580709535156,71.70576454433363
UP25_SCORE80_NIKKEION_TP3.5_SL1.0_H3,OOS,2025-05-30,7013.T,WIN,11.414023167159526,2,,,,,,,,3.289720904902723,1.7908171365978596,74.63157620760738
UP25_SCORE80_NIKKEION_TP3.5_SL1.0_H3,OOS,2025-06-02,3697.T,TIMEOUT_LOSS,-0.44399044228118345,3,,,,,,,,3.63966401330722,2.587217881109101,78.03906924168916
UP25_SCORE80_NIKKEION_TP3.5_SL1.0_H3,OOS,2025-06-03,7013.T,HOLD,2.3686013650136117,3,,,,,,,,3.4455378792869715,1.7152741017975233,83.10167158544998
UP25_SCORE80_NIKKEION_TP3.5_SL1.0_H3,OOS,2025-06-04,7453.T,HOLD,4.848760491573712,3,,,,,,,,2.714160641857595,1.9209734713929407,80.33942361288243
UP25_SCORE80_NIKKEION_TP3.5_SL1.0_H3,OOS,2025-06-11,4506.T,WIN,22.178719397363455,2,,,,,,,,6.365348399246702,1.7840842172308191,59.53971611899605
UP25_SCORE80_NIKKEION_TP3.5_SL1.0_H3,OOS,2025-06-12,4506.T,TIMEOUT_LOSS,-1.3560386473429942,3,,,,,,,,6.086956521739132,2.1240639958886773,70.77155149941125
UP25_SCORE80_NIKKEION_TP3.5_SL1.0_H3,OOS,2025-06-13,4506.T,LOSS,-6.212161310649022,3,,,,,,,,6.1121613106490225,2.409338323306914,72.05265331505392
UP25_SCORE80_NIKKEION_TP3.5_SL1.0_H3,OOS,2025-06-18,7974.T,LOSS,-3.2080411432345857,3,,,,,,,,3.1080411432345816,1.9666096637335144,70.0131439245264
UP25_SCORE80_NIKKEION_TP3.5_SL1.0_H3,OOS,2025-06-20,6857.T,HOLD,3.9012311235038566,3,,,,,,,,3.7049853857241244,1.8775454411408887,77.2083566564354
UP25_SCORE80_NIKKEION_TP3.5_SL1.0_H3,OOS,2025-06-25,4751.T,HOLD,2.39925344375137,3,,,,,,,,2.448224232485326,1.7507590069680168,78.27118475379257
UP25_SCORE80_NIKKEION_TP3.5_SL1.0_H3,OOS,2025-06-27,6361.T,HOLD,2.9542371282220814,3,,,,,,,,3.090148248564928,3.2685160590189093,79.0940240005441
UP25_SCORE80_NIKKEION_TP3.5_SL1.0_H3,OOS,2025-06-30,9602.T,LOSS,-2.422779856463353,3,,,,,,,,2.322779856463349,1.781349701378846,69.13089635829124
UP25_SCORE80_NIKKEION_TP3.5_SL1.0_H3,OOS,2025-07-02,5803.T,TIMEOUT_LOSS,-1.0183041590803965,3,,,,,,,,3.518104418026239,1.5261228603842834,64.97343720907216
UP25_SCORE80_NIKKEION_TP3.5_SL1.0_H3,OOS,2025-07-29,6301.T,HOLD,0.996913666829713,3,,,,,,,,2.485113180553955,2.8330656681004918,55.89267622915238
UP25_SCORE80_NIKKEION_TP3.5_SL1.0_H3,OOS,2025-08-12,8750.T,WIN,8.197259919283074,3,,,,,,,,2.3706456912237384,1.7813488989674662,59.71409488695035
UP25_SCORE80_NIKKEION_TP3.5_SL1.0_H3,OOS,2025-09-11,9984.T,HOLD,1.02452078682006,3,,,,,,,,4.451177534300207,1.9915696859343308,69.88278333275962
UP25_SCORE80_NIKKEION_TP3.5_SL1.0_H3,OOS,2025-09-12,6503.T,TIMEOUT_LOSS,-1.2613372047352245,3,,,,,,,,2.283256289408901,1.8201797306118253,70.59312987856188
UP25_SCORE80_NIKKEION_TP3.5_SL1.0_H3,OOS,2025-09-16,4004.T,WIN,9.502047256547453,2,,,,,,,,2.7434420732992697,1.7395339118464073,82.45159900347099
UP25_SCORE80_NIKKEION_TP3.5_SL1.0_H3,OOS,2025-09-17,4755.T,LOSS,-2.651672620296175,3,,,,,,,,2.551672620296179,1.5341222254702225,73.8076241680074
UP25_SCORE80_NIKKEION_TP3.5_SL1.0_H3,OOS,2025-09-18,3436.T,LOSS,-3.8142099735678836,1,,,,,,,,3.7142099735678835,2.48865032528349,74.07006184861473
UP25_SCORE80_NIKKEION_TP3.5_SL1.0_H3,OOS,2025-09-19,9984.T,HOLD,6.731271668052552,3,,,,,,,,4.19037788653831,1.5227937216073335,70.44412800566023
UP25_SCORE80_NIKKEION_TP3.5_SL1.0_H3,OOS,2025-09-22,4062.T,TIMEOUT_LOSS,-0.3500174824091039,3,,,,,,,,4.122560515146145,1.7894109746778686,74.53984482143241
UP25_SCORE80_NIKKEION_TP3.5_SL1.0_H3,OOS,2025-09-24,7269.T,HOLD,0.5450070369343974,3,,,,,,,,2.2629887439238106,2.2592553185441,82.23862799290006
UP25_SCORE80_NIKKEION_TP3.5_SL1.0_H3,OOS,2025-09-25,5713.T,HOLD,1.9928967708735201,3,,,,,,,,2.974929933337715,3.0868339243591145,77.6627866581457
UP25_SCORE80_NIKKEION_TP3.5_SL1.0_H3,OOS,2025-09-26,8331.T,LOSS,-2.018665753621496,3,,,,,,,,1.9186657536214884,1.6157930876630808,69.07485595803402
UP25_SCORE80_NIKKEION_TP3.5_SL1.0_H3,OOS,2025-09-29,6302.T,LOSS,-2.0238904598249507,2,,,,,,,,1.9238904598249507,1.645873811228142,70.66536814973965
UP25_SCORE80_NIKKEION_TP3.5_SL1.0_H3,OOS,2025-09-30,6361.T,HOLD,7.641451014184509,3,,,,,,,,2.6803830232856,2.813752314622889,73.71408892688454
UP25_SCORE80_NIKKEION_TP3.5_SL1.0_H3,OOS,2025-10-03,3436.T,TIMEOUT_LOSS,-0.9814757956848051,3,,,,,,,,5.209448177264275,1.9842407165140383,68.61342103351534
UP25_SCORE80_NIKKEION_TP3.5_SL1.0_H3,OOS,2025-10-06,5831.T,HOLD,2.5903029508791087,3,,,,,,,,2.1476454146329633,1.5749219902602063,58.91479517315375
UP25_SCORE80_NIKKEION_TP3.5_SL1.0_H3,OOS,2025-10-09,6361.T,LOSS,-3.109289383292846,2,,,,,,,,3.00928938329285,2.13871992091976,84.34346295050602
UP25_SCORE80_NIKKEION_TP3.5_SL1.0_H3,OOS,2025-10-15,8267.T,WIN,9.15656480781405,2,,,,,,,,2.6447328022325856,3.114625760960014,76.52249009026771
UP25_SCORE80_NIKKEION_TP3.5_SL1.0_H3,OOS,2025-10-16,9984.T,HOLD,4.620027669178651,3,,,,,,,,4.654991310702586,1.5427533068350163,70.66336537493032
UP25_SCORE80_NIKKEION_TP3.5_SL1.0_H3,OOS,2025-10-17,8267.T,HOLD,8.70131360293175,3,,,,,,,,3.0957123439116607,3.1472642025766024,81.89092555610779
UP25_SCORE80_NIKKEION_TP3.5_SL1.0_H3,OOS,2025-10-20,8267.T,HOLD,6.175346793173453,3,,,,,,,,3.02697538999106,1.5924311030928169,84.0532204157703
UP25_SCORE80_NIKKEION_TP3.5_SL1.0_H3,OOS,2025-10-22,9984.T,LOSS,-5.583075822569483,1,,,,,,,,5.483075822569483,2.2145815870232792,63.54720663155452
UP25_SCORE80_NIKKEION_TP3.5_SL1.0_H3,OOS,2025-10-23,6302.T,WIN,9.009316648202537,1,,,,,,,,2.602661899486436,5.609340234110477,76.578236544604
UP25_SCORE80_NIKKEION_TP3.5_SL1.0_H3,OOS,2025-10-24,6976.T,HOLD,9.504006710007962,3,,,,,,,,3.235998443724982,1.6804174056082453,69.34893813502617
UP25_SCORE80_NIKKEION_TP3.5_SL1.0_H3,OOS,2025-10-29,4043.T,TIMEOUT_LOSS,-1.2359572375052252,3,,,,,,,,2.420046604129393,3.6010461091035366,61.99226292429511
UP25_SCORE80_NIKKEION_TP3.5_SL1.0_H3,OOS,2025-10-30,6963.T,LOSS,-2.892671316704465,3,,,,,,,,2.792671316704465,2.274930595614673,63.75590192971936
UP25_SCORE80_NIKKEION_TP3.5_SL1.0_H3,OOS,2025-10-31,6702.T,LOSS,-2.9018631361736547,2,,,,,,,,2.8018631361736546,2.45065013412754,65.79540866798806
UP25_SCORE80_NIKKEION_TP3.5_SL1.0_H3,OOS,2025-11-05,5706.T,HOLD,4.45915807548819,3,,,,,,,,5.2528054908498545,1.558703475593556,65.29307153909187
UP25_SCORE80_NIKKEION_TP3.5_SL1.0_H3,OOS,2025-11-07,1803.T,HOLD,9.747886740444434,3,,,,,,,,3.290381605043365,2.68677935743871,64.40954601558369
UP25_SCORE80_NIKKEION_TP3.5_SL1.0_H3,OOS,2025-11-10,7270.T,HOLD,7.601109275206975,3,,,,,,,,2.658051446991701,2.7772101561407005,65.01760632479895
UP25_SCORE80_NIKKEION_TP3.5_SL1.0_H3,OOS,2025-11-11,1808.T,WIN,5.917568084399261,2,,,,,,,,1.7193051669712152,1.6369459598838314,70.02890227565007
UP25_SCORE80_NIKKEION_TP3.5_SL1.0_H3,OOS,2025-11-12,5706.T,HOLD,11.27808057618679,3,,,,,,,,5.614894184217811,4.21194577004756,74.99619411222699
UP25_SCORE80_NIKKEION_TP3.5_SL1.0_H3,OOS,2025-11-14,5706.T,TIMEOUT_LOSS,-0.14934741465433268,3,,,,,,,,6.069893005466853,1.940307588304884,75.95058471949552
UP25_SCORE80_NIKKEION_TP3.5_SL1.0_H3,OOS,2025-12-09,6506.T,HOLD,1.8648566149694124,3,,,,,,,,3.636145168050938,2.308766845945544,76.76832455304144
UP25_SCORE80_NIKKEION_TP3.5_SL1.0_H3,OOS,2025-12-10,4902.T,HOLD,7.017232504082494,3,,,,,,,,3.0449931792195946,1.6923429403382086,69.30195209769802
UP25_SCORE80_NIKKEION_TP3.5_SL1.0_H3,OOS,2025-12-11,6752.T,HOLD,1.5963772022196232,3,,,,,,,,3.2809941781548835,2.082473388498875,67.99135576721709
UP25_SCORE80_NIKKEION_TP3.5_SL1.0_H3,OOS,2025-12-24,7735.T,HOLD,1.3061989621682923,3,,,,,,,,3.919947628071426,3.4621151052801693,67.59745190212621
UP25_SCORE80_NIKKEION_TP3.5_SL1.0_H3,OOS,2025-12-29,5713.T,LOSS,-3.594783642097077,1,,,,,,,,3.494783642097062,2.025061863335196,73.06969198997692
UP25_SCORE80_NIKKEION_TP3.5_SL1.0_H3,OOS,2026-01-06,7013.T,HOLD,4.150297769539158,3,,,,,,,,3.382536607551249,1.8282032471966256,65.06508574041464
UP25_SCORE80_NIKKEION_TP3.5_SL1.0_H3,OOS,2026-01-07,285A.T,HOLD,7.7408195429471975,3,,,,,,,,7.00814289466772,1.6083974186275565,67.02302402919813
UP25_SCORE80_NIKKEION_TP3.5_SL1.0_H3,OOS,2026-01-08,5706.T,HOLD,6.875686059783515,3,,,,,,,,4.887590266109957,2.086612521353433,65.32212266481312
UP25_SCORE80_NIKKEION_TP3.5_SL1.0_H3,OOS,2026-01-09,4506.T,LOSS,-4.791527753909607,1,,,,,,,,4.691527753909605,1.896698305908159,75.47901105043854
UP25_SCORE80_NIKKEION_TP3.5_SL1.0_H3,OOS,2026-01-13,6920.T,HOLD,10.948173148578666,3,,,,,,,,4.299827285479877,1.910231975136936,62.388725365374334
UP25_SCORE80_NIKKEION_TP3.5_SL1.0_H3,OOS,2026-01-15,7735.T,HOLD,7.045408891144945,3,,,,,,,,3.802438510704964,1.5892500277561896,73.53419148838194
UP25_SCORE80_NIKKEION_TP3.5_SL1.0_H3,OOS,2026-01-16,6752.T,HOLD,1.8471401903388807,3,,,,,,,,3.0474502634836753,1.5093582492180166,67.15062113994684
UP25_SCORE80_NIKKEION_TP3.5_SL1.0_H3,OOS,2026-01-21,4062.T,LOSS,-4.773970533508031,3,,,,,,,,4.673970533508035,1.5046629059588714,73.52379482469222
UP25_SCORE80_NIKKEION_TP3.5_SL1.0_H3,OOS,2026-01-22,3436.T,LOSS,-4.108967247910233,2,,,,,,,,4.00896724791023,2.043114661561871,69.76679418916189
UP25_SCORE80_NIKKEION_TP3.5_SL1.0_H3,OOS,2026-01-26,5801.T,WIN,15.691153324920672,2,,,,,,,,4.511758092834476,2.2098227364303,74.12028125769359
UP25_SCORE80_NIKKEION_TP3.5_SL1.0_H3,OOS,2026-01-27,6857.T,WIN,14.042280829460163,2,,,,,,,,4.040651665560047,1.5400502235978204,69.03225604930759
UP25_SCORE80_NIKKEION_TP3.5_SL1.0_H3,OOS,2026-01-28,6857.T,WIN,13.680816449002153,1,,,,,,,,3.9373761282863295,1.5263652404578067,70.9913959351506
UP25_SCORE80_NIKKEION_TP3.5_SL1.0_H3,OOS,2026-01-29,6857.T,LOSS,-4.563139999360688,1,,,,,,,,4.463139999360691,2.178536434428343,74.85668050032139
UP25_SCORE80_NIKKEION_TP3.5_SL1.0_H3,OOS,2026-01-30,5713.T,LOSS,-4.8612657840299445,1,,,,,,,,4.7612657840299475,3.6103269800317297,74.50943365530547
UP25_SCORE80_NIKKEION_TP3.5_SL1.0_H3,OOS,2026-02-02,7735.T,HOLD,4.0279715269023635,3,,,,,,,,4.560189952500774,1.8495595304408825,68.59055209759605
UP25_SCORE80_NIKKEION_TP3.5_SL1.0_H3,OOS,2026-02-03,5802.T,LOSS,-4.524674049575639,2,,,,,,,,4.424674049575642,3.010246808950368,68.79785747269574
UP25_SCORE80_NIKKEION_TP3.5_SL1.0_H3,OOS,2026-02-04,5801.T,LOSS,-5.486403910158943,1,,,,,,,,5.386403910158943,1.5192891350758757,75.4758725587808
UP25_SCORE80_NIKKEION_TP3.5_SL1.0_H3,OOS,2026-02-05,6723.T,HOLD,7.7076992589914965,3,,,,,,,,4.427977589011389,2.899876454319508,68.35429480373276
UP25_SCORE80_NIKKEION_TP3.5_SL1.0_H3,OOS,2026-02-06,7012.T,WIN,14.826948717609001,1,,,,,,,,4.264842490745427,1.5729208673694408,67.4593315275623
UP25_SCORE80_NIKKEION_TP3.5_SL1.0_H3,OOS,2026-02-09,5803.T,TIMEOUT_LOSS,-0.3594884145250553,3,,,,,,,,5.894731145248508,2.7974811024562314,65.26510749514235
UP25_SCORE80_NIKKEION_TP3.5_SL1.0_H3,OOS,2026-02-10,5233.T,HOLD,4.056214558828953,3,,,,,,,,3.071848312888825,2.7712569058204206,72.48728009612753
UP25_SCORE80_NIKKEION_TP3.5_SL1.0_H3,OOS,2026-02-13,5711.T,LOSS,-4.058054789779675,2,,,,,,,,3.958054789779671,2.6456203776770475,76.9767831666048
UP25_SCORE80_NIKKEION_TP3.5_SL1.0_H3,OOS,2026-02-17,5332.T,HOLD,3.870636319607834,3,,,,,,,,3.231212213341772,2.151003999631748,77.22017773778106
UP25_SCORE80_NIKKEION_TP3.5_SL1.0_H3,OOS,2026-02-18,6981.T,WIN,12.940469764276797,3,,,,,,,,3.725848504079088,1.897054344978015,67.79124849963043
UP25_SCORE80_NIKKEION_TP3.5_SL1.0_H3,OOS,2026-02-19,5631.T,TIMEOUT_LOSS,-2.143340854565845,3,,,,,,,,4.623899387028141,2.0618150590496898,61.190988407760656
UP25_SCORE80_NIKKEION_TP3.5_SL1.0_H3,OOS,2026-02-20,7532.T,HOLD,1.9497587089616464,3,,,,,,,,2.5387030613319705,1.6109721312790437,66.04613180492257
UP25_SCORE80_NIKKEION_TP3.5_SL1.0_H3,OOS,2026-02-24,6361.T,LOSS,-3.9112094395280295,3,,,,,,,,3.811209439528026,1.506715160356746,67.6016226481249
UP25_SCORE80_NIKKEION_TP3.5_SL1.0_H3,OOS,2026-02-25,4062.T,LOSS,-5.682404418100006,1,,,,,,,,5.582404418100021,1.5450492830876352,65.06453665607634
UP25_SCORE80_NIKKEION_TP3.5_SL1.0_H3,OOS,2026-02-27,7741.T,LOSS,-3.1084744770775163,3,,,,,,,,3.008474477077505,1.8376525219335265,59.53660464640956
UP25_SCORE80_NIKKEION_TP3.5_SL1.0_H3,OOS,2026-06-12,8316.T,HOLD,0.5868560724320849,3,,,,,,,,2.7838484753876553,1.524263130004523,68.57004335868862
UP25_SCORE80_NIKKEION_TP3.5_SL1.0_H3,OOS,2026-06-24,6752.T,TIMEOUT_LOSS,-1.4695554557700996,3,,,,,,,,4.737314773237541,1.689110155324136,69.19046376889298
UP25_SCORE80_NIKKEION_TP3.5_SL1.0_H3,OOS,2026-06-30,6861.T,LOSS,-3.2499300929352715,3,,,,,,,,3.1499300929352714,1.6156011454251944,62.69049023192115
UP25_SCORE80_NIKKEION_TP3.5_SL1.0_H3,OOS,2026-08-07,4385.T,LOSS,-4.467130550033138,2,,,,,,,,4.367130550033135,1.6538247428580348,68.6886868287226
UP25_SCORE80_NIKKEION_TP3.5_SL1.0_H3,OOS,2026-08-19,7733.T,LOSS,-3.0960558252427273,1,,,,,,,,3.0885917585424956,1.6234926575406274,73.68219655203487
UP25_SCORE80_NIKKEION_TP3.5_SL1.0_H3,OOS,2026-08-20,9503.T,LOSS,-2.535147507629709,3,,,,,,,,2.495927012056047,2.2513870022629847,68.82612441044722
UP25_SCORE80_NIKKEION_TP3.5_SL1.0_H3,OOS,2026-08-21,9107.T,LOSS,-2.7957515717279557,2,,,,,,,,2.7704356338717595,1.7388483285442442,83.14583533959757
UP30_SCORE80_NIKKEION_TP3.5_SL1.0_H3,OOS,2025-01-07,6361.T,HOLD,4.500415322065588,3,,,,,,,,3.0344870978700644,1.5540306547809914,69.68237100344051
UP30_SCORE80_NIKKEION_TP3.5_SL1.0_H3,OOS,2025-01-08,8795.T,TIMEOUT_LOSS,-1.4566383777832592,3,,,,,,,,2.3817532403073454,1.6252906152537567,66.33757123022335
UP30_SCORE80_NIKKEION_TP3.5_SL1.0_H3,OOS,2025-01-09,9104.T,HOLD,4.3739994338564685,3,,,,,,,,2.3601397927174235,2.303366546812504,53.51842069648761
UP30_SCORE80_NIKKEION_TP3.5_SL1.0_H3,OOS,2025-01-24,3861.T,WIN,5.750576934866858,1,,,,,,,,1.6715934099619616,1.5865320570697934,66.8685683129112
UP30_SCORE80_NIKKEION_TP3.5_SL1.0_H3,OOS,2025-01-30,4751.T,LOSS,-2.9431248757656125,2,,,,,,,,2.8431248757656196,4.081891498888597,69.04824941242198
UP30_SCORE80_NIKKEION_TP3.5_SL1.0_H3,OOS,2025-03-21,4385.T,HOLD,2.1123035125169776,3,,,,,,,,4.145307259034237,2.4655023063732733,66.31883943224122
UP30_SCORE80_NIKKEION_TP3.5_SL1.0_H3,OOS,2025-03-24,8830.T,TIMEOUT_LOSS,-2.396151013388448,3,,,,,,,,3.1521188737254477,3.603309716771157,74.77264549065845
UP30_SCORE80_NIKKEION_TP3.5_SL1.0_H3,OOS,2025-05-23,5631.T,LOSS,-4.367536140377103,1,,,,,,,,4.457773223756978,3.638256780586112,66.5391720116574
UP30_SCORE80_NIKKEION_TP3.5_SL1.0_H3,OOS,2025-05-29,9201.T,HOLD,4.5441767498590195,3,,,,,,,,1.6846158564918297,1.5260580709535156,71.70576454433363
UP30_SCORE80_NIKKEION_TP3.5_SL1.0_H3,OOS,2025-05-30,7013.T,WIN,11.414023167159526,2,,,,,,,,3.289720904902723,1.7908171365978596,74.63157620760738
UP30_SCORE80_NIKKEION_TP3.5_SL1.0_H3,OOS,2025-06-02,3697.T,TIMEOUT_LOSS,-0.44399044228118345,3,,,,,,,,3.63966401330722,2.587217881109101,78.03906924168916
UP30_SCORE80_NIKKEION_TP3.5_SL1.0_H3,OOS,2025-06-03,7013.T,HOLD,2.3686013650136117,3,,,,,,,,3.4455378792869715,1.7152741017975233,83.10167158544998
UP30_SCORE80_NIKKEION_TP3.5_SL1.0_H3,OOS,2025-06-04,7453.T,HOLD,4.848760491573712,3,,,,,,,,2.714160641857595,1.9209734713929407,80.33942361288243
UP30_SCORE80_NIKKEION_TP3.5_SL1.0_H3,OOS,2025-06-11,4506.T,WIN,22.178719397363455,2,,,,,,,,6.365348399246702,1.7840842172308191,59.53971611899605
UP30_SCORE80_NIKKEION_TP3.5_SL1.0_H3,OOS,2025-06-12,4506.T,TIMEOUT_LOSS,-1.3560386473429942,3,,,,,,,,6.086956521739132,2.1240639958886773,70.77155149941125
UP30_SCORE80_NIKKEION_TP3.5_SL1.0_H3,OOS,2025-06-13,4506.T,LOSS,-6.212161310649022,3,,,,,,,,6.1121613106490225,2.409338323306914,72.05265331505392
UP30_SCORE80_NIKKEION_TP3.5_SL1.0_H3,OOS,2025-06-18,7974.T,LOSS,-3.2080411432345857,3,,,,,,,,3.1080411432345816,1.9666096637335144,70.0131439245264
UP30_SCORE80_NIKKEION_TP3.5_SL1.0_H3,OOS,2025-06-20,6857.T,HOLD,3.9012311235038566,3,,,,,,,,3.7049853857241244,1.8775454411408887,77.2083566564354
UP30_SCORE80_NIKKEION_TP3.5_SL1.0_H3,OOS,2025-06-25,4751.T,HOLD,2.39925344375137,3,,,,,,,,2.448224232485326,1.7507590069680168,78.27118475379257
UP30_SCORE80_NIKKEION_TP3.5_SL1.0_H3,OOS,2025-06-27,6361.T,HOLD,2.9542371282220814,3,,,,,,,,3.090148248564928,3.2685160590189093,79.0940240005441
UP30_SCORE80_NIKKEION_TP3.5_SL1.0_H3,OOS,2025-06-30,9602.T,LOSS,-2.422779856463353,3,,,,,,,,2.322779856463349,1.781349701378846,69.13089635829124
UP30_SCORE80_NIKKEION_TP3.5_SL1.0_H3,OOS,2025-07-02,5803.T,TIMEOUT_LOSS,-1.0183041590803965,3,,,,,,,,3.518104418026239,1.5261228603842834,64.97343720907216
UP30_SCORE80_NIKKEION_TP3.5_SL1.0_H3,OOS,2025-07-29,6301.T,HOLD,0.996913666829713,3,,,,,,,,2.485113180553955,2.8330656681004918,55.89267622915238
UP30_SCORE80_NIKKEION_TP3.5_SL1.0_H3,OOS,2025-08-12,8750.T,WIN,8.197259919283074,3,,,,,,,,2.3706456912237384,1.7813488989674662,59.71409488695035
UP30_SCORE80_NIKKEION_TP3.5_SL1.0_H3,OOS,2025-09-11,9984.T,HOLD,1.02452078682006,3,,,,,,,,4.451177534300207,1.9915696859343308,69.88278333275962
UP30_SCORE80_NIKKEION_TP3.5_SL1.0_H3,OOS,2025-09-12,6503.T,TIMEOUT_LOSS,-1.2613372047352245,3,,,,,,,,2.283256289408901,1.8201797306118253,70.59312987856188
UP30_SCORE80_NIKKEION_TP3.5_SL1.0_H3,OOS,2025-09-16,4004.T,WIN,9.502047256547453,2,,,,,,,,2.7434420732992697,1.7395339118464073,82.45159900347099
UP30_SCORE80_NIKKEION_TP3.5_SL1.0_H3,OOS,2025-09-17,4755.T,LOSS,-2.651672620296175,3,,,,,,,,2.551672620296179,1.5341222254702225,73.8076241680074
UP30_SCORE80_NIKKEION_TP3.5_SL1.0_H3,OOS,2025-09-18,3436.T,LOSS,-3.8142099735678836,1,,,,,,,,3.7142099735678835,2.48865032528349,74.07006184861473
UP30_SCORE80_NIKKEION_TP3.5_SL1.0_H3,OOS,2025-09-19,9984.T,HOLD,6.731271668052552,3,,,,,,,,4.19037788653831,1.5227937216073335,70.44412800566023
UP30_SCORE80_NIKKEION_TP3.5_SL1.0_H3,OOS,2025-09-22,4062.T,TIMEOUT_LOSS,-0.3500174824091039,3,,,,,,,,4.122560515146145,1.7894109746778686,74.53984482143241
UP30_SCORE80_NIKKEION_TP3.5_SL1.0_H3,OOS,2025-09-24,7269.T,HOLD,0.5450070369343974,3,,,,,,,,2.2629887439238106,2.2592553185441,82.23862799290006
UP30_SCORE80_NIKKEION_TP3.5_SL1.0_H3,OOS,2025-09-25,5713.T,HOLD,1.9928967708735201,3,,,,,,,,2.974929933337715,3.0868339243591145,77.6627866581457
UP30_SCORE80_NIKKEION_TP3.5_SL1.0_H3,OOS,2025-09-26,8331.T,LOSS,-2.018665753621496,3,,,,,,,,1.9186657536214884,1.6157930876630808,69.07485595803402
UP30_SCORE80_NIKKEION_TP3.5_SL1.0_H3,OOS,2025-09-29,6302.T,LOSS,-2.0238904598249507,2,,,,,,,,1.9238904598249507,1.645873811228142,70.66536814973965
UP30_SCORE80_NIKKEION_TP3.5_SL1.0_H3,OOS,2025-09-30,6361.T,HOLD,7.641451014184509,3,,,,,,,,2.6803830232856,2.813752314622889,73.71408892688454
UP30_SCORE80_NIKKEION_TP3.5_SL1.0_H3,OOS,2025-10-03,3436.T,TIMEOUT_LOSS,-0.9814757956848051,3,,,,,,,,5.209448177264275,1.9842407165140383,68.61342103351534
UP30_SCORE80_NIKKEION_TP3.5_SL1.0_H3,OOS,2025-10-06,5831.T,HOLD,2.5903029508791087,3,,,,,,,,2.1476454146329633,1.5749219902602063,58.91479517315375
UP30_SCORE80_NIKKEION_TP3.5_SL1.0_H3,OOS,2025-10-09,6361.T,LOSS,-3.109289383292846,2,,,,,,,,3.00928938329285,2.13871992091976,84.34346295050602
UP30_SCORE80_NIKKEION_TP3.5_SL1.0_H3,OOS,2025-10-15,8267.T,WIN,9.15656480781405,2,,,,,,,,2.6447328022325856,3.114625760960014,76.52249009026771
UP30_SCORE80_NIKKEION_TP3.5_SL1.0_H3,OOS,2025-10-16,9984.T,HOLD,4.620027669178651,3,,,,,,,,4.654991310702586,1.5427533068350163,70.66336537493032
UP30_SCORE80_NIKKEION_TP3.5_SL1.0_H3,OOS,2025-10-17,8267.T,HOLD,8.70131360293175,3,,,,,,,,3.0957123439116607,3.1472642025766024,81.89092555610779
UP30_SCORE80_NIKKEION_TP3.5_SL1.0_H3,OOS,2025-10-20,8267.T,HOLD,6.175346793173453,3,,,,,,,,3.02697538999106,1.5924311030928169,84.0532204157703
UP30_SCORE80_NIKKEION_TP3.5_SL1.0_H3,OOS,2025-10-22,9984.T,LOSS,-5.583075822569483,1,,,,,,,,5.483075822569483,2.2145815870232792,63.54720663155452
UP30_SCORE80_NIKKEION_TP3.5_SL1.0_H3,OOS,2025-10-23,6302.T,WIN,9.009316648202537,1,,,,,,,,2.602661899486436,5.609340234110477,76.578236544604
UP30_SCORE80_NIKKEION_TP3.5_SL1.0_H3,OOS,2025-10-24,6976.T,HOLD,9.504006710007962,3,,,,,,,,3.235998443724982,1.6804174056082453,69.34893813502617
UP30_SCORE80_NIKKEION_TP3.5_SL1.0_H3,OOS,2025-10-29,4043.T,TIMEOUT_LOSS,-1.2359572375052252,3,,,,,,,,2.420046604129393,3.6010461091035366,61.99226292429511
UP30_SCORE80_NIKKEION_TP3.5_SL1.0_H3,OOS,2025-10-30,6963.T,LOSS,-2.892671316704465,3,,,,,,,,2.792671316704465,2.274930595614673,63.75590192971936
UP30_SCORE80_NIKKEION_TP3.5_SL1.0_H3,OOS,2025-10-31,6702.T,LOSS,-2.9018631361736547,2,,,,,,,,2.8018631361736546,2.45065013412754,65.79540866798806
UP30_SCORE80_NIKKEION_TP3.5_SL1.0_H3,OOS,2025-11-05,5706.T,HOLD,4.45915807548819,3,,,,,,,,5.2528054908498545,1.558703475593556,65.29307153909187
UP30_SCORE80_NIKKEION_TP3.5_SL1.0_H3,OOS,2025-11-07,1803.T,HOLD,9.747886740444434,3,,,,,,,,3.290381605043365,2.68677935743871,64.40954601558369
UP30_SCORE80_NIKKEION_TP3.5_SL1.0_H3,OOS,2025-11-10,7270.T,HOLD,7.601109275206975,3,,,,,,,,2.658051446991701,2.7772101561407005,65.01760632479895
UP30_SCORE80_NIKKEION_TP3.5_SL1.0_H3,OOS,2025-11-11,1808.T,WIN,5.917568084399261,2,,,,,,,,1.7193051669712152,1.6369459598838314,70.02890227565007
UP30_SCORE80_NIKKEION_TP3.5_SL1.0_H3,OOS,2025-11-12,5706.T,HOLD,11.27808057618679,3,,,,,,,,5.614894184217811,4.21194577004756,74.99619411222699
UP30_SCORE80_NIKKEION_TP3.5_SL1.0_H3,OOS,2025-11-14,5706.T,TIMEOUT_LOSS,-0.14934741465433268,3,,,,,,,,6.069893005466853,1.940307588304884,75.95058471949552
UP30_SCORE80_NIKKEION_TP3.5_SL1.0_H3,OOS,2025-12-09,6506.T,HOLD,1.8648566149694124,3,,,,,,,,3.636145168050938,2.308766845945544,76.76832455304144
UP30_SCORE80_NIKKEION_TP3.5_SL1.0_H3,OOS,2025-12-10,4902.T,HOLD,7.017232504082494,3,,,,,,,,3.0449931792195946,1.6923429403382086,69.30195209769802
UP30_SCORE80_NIKKEION_TP3.5_SL1.0_H3,OOS,2025-12-11,6752.T,HOLD,1.5963772022196232,3,,,,,,,,3.2809941781548835,2.082473388498875,67.99135576721709
UP30_SCORE80_NIKKEION_TP3.5_SL1.0_H3,OOS,2025-12-24,7735.T,HOLD,1.3061989621682923,3,,,,,,,,3.919947628071426,3.4621151052801693,67.59745190212621
UP30_SCORE80_NIKKEION_TP3.5_SL1.0_H3,OOS,2025-12-29,5713.T,LOSS,-3.594783642097077,1,,,,,,,,3.494783642097062,2.025061863335196,73.06969198997692
UP30_SCORE80_NIKKEION_TP3.5_SL1.0_H3,OOS,2026-01-06,7013.T,HOLD,4.150297769539158,3,,,,,,,,3.382536607551249,1.8282032471966256,65.06508574041464
UP30_SCORE80_NIKKEION_TP3.5_SL1.0_H3,OOS,2026-01-07,285A.T,HOLD,7.7408195429471975,3,,,,,,,,7.00814289466772,1.6083974186275565,67.02302402919813
UP30_SCORE80_NIKKEION_TP3.5_SL1.0_H3,OOS,2026-01-08,5706.T,HOLD,6.875686059783515,3,,,,,,,,4.887590266109957,2.086612521353433,65.32212266481312
UP30_SCORE80_NIKKEION_TP3.5_SL1.0_H3,OOS,2026-01-09,4506.T,LOSS,-4.791527753909607,1,,,,,,,,4.691527753909605,1.896698305908159,75.47901105043854
UP30_SCORE80_NIKKEION_TP3.5_SL1.0_H3,OOS,2026-01-13,6920.T,HOLD,10.948173148578666,3,,,,,,,,4.299827285479877,1.910231975136936,62.388725365374334
UP30_SCORE80_NIKKEION_TP3.5_SL1.0_H3,OOS,2026-01-15,7735.T,HOLD,7.045408891144945,3,,,,,,,,3.802438510704964,1.5892500277561896,73.53419148838194
UP30_SCORE80_NIKKEION_TP3.5_SL1.0_H3,OOS,2026-01-16,6752.T,HOLD,1.8471401903388807,3,,,,,,,,3.0474502634836753,1.5093582492180166,67.15062113994684
UP30_SCORE80_NIKKEION_TP3.5_SL1.0_H3,OOS,2026-01-21,4062.T,LOSS,-4.773970533508031,3,,,,,,,,4.673970533508035,1.5046629059588714,73.52379482469222
UP30_SCORE80_NIKKEION_TP3.5_SL1.0_H3,OOS,2026-01-22,3436.T,LOSS,-4.108967247910233,2,,,,,,,,4.00896724791023,2.043114661561871,69.76679418916189
UP30_SCORE80_NIKKEION_TP3.5_SL1.0_H3,OOS,2026-01-26,5801.T,WIN,15.691153324920672,2,,,,,,,,4.511758092834476,2.2098227364303,74.12028125769359
UP30_SCORE80_NIKKEION_TP3.5_SL1.0_H3,OOS,2026-01-27,6857.T,WIN,14.042280829460163,2,,,,,,,,4.040651665560047,1.5400502235978204,69.03225604930759
UP30_SCORE80_NIKKEION_TP3.5_SL1.0_H3,OOS,2026-01-28,6857.T,WIN,13.680816449002153,1,,,,,,,,3.9373761282863295,1.5263652404578067,70.9913959351506
UP30_SCORE80_NIKKEION_TP3.5_SL1.0_H3,OOS,2026-01-29,6857.T,LOSS,-4.563139999360688,1,,,,,,,,4.463139999360691,2.178536434428343,74.85668050032139
UP30_SCORE80_NIKKEION_TP3.5_SL1.0_H3,OOS,2026-01-30,5713.T,LOSS,-4.8612657840299445,1,,,,,,,,4.7612657840299475,3.6103269800317297,74.50943365530547
UP30_SCORE80_NIKKEION_TP3.5_SL1.0_H3,OOS,2026-02-02,7735.T,HOLD,4.0279715269023635,3,,,,,,,,4.560189952500774,1.8495595304408825,68.59055209759605
UP30_SCORE80_NIKKEION_TP3.5_SL1.0_H3,OOS,2026-02-03,5802.T,LOSS,-4.524674049575639,2,,,,,,,,4.424674049575642,3.010246808950368,68.79785747269574
UP30_SCORE80_NIKKEION_TP3.5_SL1.0_H3,OOS,2026-02-04,5801.T,LOSS,-5.486403910158943,1,,,,,,,,5.386403910158943,1.5192891350758757,75.4758725587808
UP30_SCORE80_NIKKEION_TP3.5_SL1.0_H3,OOS,2026-02-05,6723.T,HOLD,7.7076992589914965,3,,,,,,,,4.427977589011389,2.899876454319508,68.35429480373276
UP30_SCORE80_NIKKEION_TP3.5_SL1.0_H3,OOS,2026-02-06,7012.T,WIN,14.826948717609001,1,,,,,,,,4.264842490745427,1.5729208673694408,67.4593315275623
UP30_SCORE80_NIKKEION_TP3.5_SL1.0_H3,OOS,2026-02-09,5803.T,TIMEOUT_LOSS,-0.3594884145250553,3,,,,,,,,5.894731145248508,2.7974811024562314,65.26510749514235
UP30_SCORE80_NIKKEION_TP3.5_SL1.0_H3,OOS,2026-02-10,5233.T,HOLD,4.056214558828953,3,,,,,,,,3.071848312888825,2.7712569058204206,72.48728009612753
UP30_SCORE80_NIKKEION_TP3.5_SL1.0_H3,OOS,2026-02-13,5711.T,LOSS,-4.058054789779675,2,,,,,,,,3.958054789779671,2.6456203776770475,76.9767831666048
UP30_SCORE80_NIKKEION_TP3.5_SL1.0_H3,OOS,2026-02-17,5332.T,HOLD,3.870636319607834,3,,,,,,,,3.231212213341772,2.151003999631748,77.22017773778106
UP30_SCORE80_NIKKEION_TP3.5_SL1.0_H3,OOS,2026-02-18,6981.T,WIN,12.940469764276797,3,,,,,,,,3.725848504079088,1.897054344978015,67.79124849963043
UP30_SCORE80_NIKKEION_TP3.5_SL1.0_H3,OOS,2026-02-19,5631.T,TIMEOUT_LOSS,-2.143340854565845,3,,,,,,,,4.623899387028141,2.0618150590496898,61.190988407760656
UP30_SCORE80_NIKKEION_TP3.5_SL1.0_H3,OOS,2026-02-20,7532.T,HOLD,1.9497587089616464,3,,,,,,,,2.5387030613319705,1.6109721312790437,66.04613180492257
UP30_SCORE80_NIKKEION_TP3.5_SL1.0_H3,OOS,2026-02-24,6361.T,LOSS,-3.9112094395280295,3,,,,,,,,3.811209439528026,1.506715160356746,67.6016226481249
UP30_SCORE80_NIKKEION_TP3.5_SL1.0_H3,OOS,2026-02-25,4062.T,LOSS,-5.682404418100006,1,,,,,,,,5.582404418100021,1.5450492830876352,65.06453665607634
UP30_SCORE80_NIKKEION_TP3.5_SL1.0_H3,OOS,2026-02-27,7741.T,LOSS,-3.1084744770775163,3,,,,,,,,3.008474477077505,1.8376525219335265,59.53660464640956
UP30_SCORE80_NIKKEION_TP3.5_SL1.0_H3,OOS,2026-06-12,8316.T,HOLD,0.5868560724320849,3,,,,,,,,2.7838484753876553,1.524263130004523,68.57004335868862
UP30_SCORE80_NIKKEION_TP3.5_SL1.0_H3,OOS,2026-06-24,6752.T,TIMEOUT_LOSS,-1.4695554557700996,3,,,,,,,,4.737314773237541,1.689110155324136,69.19046376889298
UP30_SCORE80_NIKKEION_TP3.5_SL1.0_H3,OOS,2026-06-30,6861.T,LOSS,-3.2499300929352715,3,,,,,,,,3.1499300929352714,1.6156011454251944,62.69049023192115
UP30_SCORE80_NIKKEION_TP3.5_SL1.0_H3,OOS,2026-08-07,4385.T,LOSS,-4.467130550033138,2,,,,,,,,4.367130550033135,1.6538247428580348,68.6886868287226
UP30_SCORE80_NIKKEION_TP3.5_SL1.0_H3,OOS,2026-08-19,7733.T,LOSS,-3.0960558252427273,1,,,,,,,,3.0885917585424956,1.6234926575406274,73.68219655203487
UP30_SCORE80_NIKKEION_TP3.5_SL1.0_H3,OOS,2026-08-20,9503.T,LOSS,-2.535147507629709,3,,,,,,,,2.495927012056047,2.2513870022629847,68.82612441044722
UP30_SCORE80_NIKKEION_TP3.5_SL1.0_H3,OOS,2026-08-21,9107.T,LOSS,-2.7957515717279557,2,,,,,,,,2.7704356338717595,1.7388483285442442,83.14583533959757
UP20_SCORE80_NIKKEION_TP4.0_SL1.0_H3,OOS,2025-01-07,6361.T,HOLD,4.500415322065588,3,,,,,,,,3.0344870978700644,1.5540306547809914,69.68237100344051
UP20_SCORE80_NIKKEION_TP4.0_SL1.0_H3,OOS,2025-01-08,8795.T,TIMEOUT_LOSS,-1.4566383777832592,3,,,,,,,,2.3817532403073454,1.6252906152537567,66.33757123022335
UP20_SCORE80_NIKKEION_TP4.0_SL1.0_H3,OOS,2025-01-09,9104.T,HOLD,4.3739994338564685,3,,,,,,,,2.3601397927174235,2.303366546812504,53.51842069648761
UP20_SCORE80_NIKKEION_TP4.0_SL1.0_H3,OOS,2025-01-24,3861.T,WIN,6.586373639847854,1,,,,,,,,1.6715934099619616,1.5865320570697934,66.8685683129112
UP20_SCORE80_NIKKEION_TP4.0_SL1.0_H3,OOS,2025-01-30,4751.T,LOSS,-2.9431248757656125,2,,,,,,,,2.8431248757656196,4.081891498888597,69.04824941242198
UP20_SCORE80_NIKKEION_TP4.0_SL1.0_H3,OOS,2025-03-21,4385.T,HOLD,2.1123035125169776,3,,,,,,,,4.145307259034237,2.4655023063732733,66.31883943224122
UP20_SCORE80_NIKKEION_TP4.0_SL1.0_H3,OOS,2025-03-24,8830.T,TIMEOUT_LOSS,-2.396151013388448,3,,,,,,,,3.1521188737254477,3.603309716771157,74.77264549065845
UP20_SCORE80_NIKKEION_TP4.0_SL1.0_H3,OOS,2025-05-23,5631.T,LOSS,-4.367536140377103,1,,,,,,,,4.457773223756978,3.638256780586112,66.5391720116574
UP20_SCORE80_NIKKEION_TP4.0_SL1.0_H3,OOS,2025-05-29,9201.T,HOLD,4.5441767498590195,3,,,,,,,,1.6846158564918297,1.5260580709535156,71.70576454433363
UP20_SCORE80_NIKKEION_TP4.0_SL1.0_H3,OOS,2025-05-30,7013.T,WIN,13.058883619610883,3,,,,,,,,3.289720904902723,1.7908171365978596,74.63157620760738
UP20_SCORE80_NIKKEION_TP4.0_SL1.0_H3,OOS,2025-06-02,3697.T,TIMEOUT_LOSS,-0.44399044228118345,3,,,,,,,,3.63966401330722,2.587217881109101,78.03906924168916
UP20_SCORE80_NIKKEION_TP4.0_SL1.0_H3,OOS,2025-06-03,7013.T,HOLD,2.3686013650136117,3,,,,,,,,3.4455378792869715,1.7152741017975233,83.10167158544998
UP20_SCORE80_NIKKEION_TP4.0_SL1.0_H3,OOS,2025-06-04,7453.T,HOLD,4.848760491573712,3,,,,,,,,2.714160641857595,1.9209734713929407,80.33942361288243
UP20_SCORE80_NIKKEION_TP4.0_SL1.0_H3,OOS,2025-06-11,4506.T,HOLD,18.20508474576271,3,,,,,,,,6.365348399246702,1.7840842172308191,59.53971611899605
UP20_SCORE80_NIKKEION_TP4.0_SL1.0_H3,OOS,2025-06-12,4506.T,TIMEOUT_LOSS,-1.3560386473429942,3,,,,,,,,6.086956521739132,2.1240639958886773,70.77155149941125
UP20_SCORE80_NIKKEION_TP4.0_SL1.0_H3,OOS,2025-06-13,4506.T,LOSS,-6.212161310649022,3,,,,,,,,6.1121613106490225,2.409338323306914,72.05265331505392
UP20_SCORE80_NIKKEION_TP4.0_SL1.0_H3,OOS,2025-06-18,7974.T,LOSS,-3.2080411432345857,3,,,,,,,,3.1080411432345816,1.9666096637335144,70.0131439245264
UP20_SCORE80_NIKKEION_TP4.0_SL1.0_H3,OOS,2025-06-20,6857.T,HOLD,3.9012311235038566,3,,,,,,,,3.7049853857241244,1.8775454411408887,77.2083566564354
UP20_SCORE80_NIKKEION_TP4.0_SL1.0_H3,OOS,2025-06-25,4751.T,HOLD,2.39925344375137,3,,,,,,,,2.448224232485326,1.7507590069680168,78.27118475379257
UP20_SCORE80_NIKKEION_TP4.0_SL1.0_H3,OOS,2025-06-27,6361.T,HOLD,2.9542371282220814,3,,,,,,,,3.090148248564928,3.2685160590189093,79.0940240005441
UP20_SCORE80_NIKKEION_TP4.0_SL1.0_H3,OOS,2025-06-30,9602.T,LOSS,-2.422779856463353,3,,,,,,,,2.322779856463349,1.781349701378846,69.13089635829124
UP20_SCORE80_NIKKEION_TP4.0_SL1.0_H3,OOS,2025-07-02,5803.T,TIMEOUT_LOSS,-1.0183041590803965,3,,,,,,,,3.518104418026239,1.5261228603842834,64.97343720907216
UP20_SCORE80_NIKKEION_TP4.0_SL1.0_H3,OOS,2025-07-29,6301.T,HOLD,0.996913666829713,3,,,,,,,,2.485113180553955,2.8330656681004918,55.89267622915238
UP20_SCORE80_NIKKEION_TP4.0_SL1.0_H3,OOS,2025-08-12,8750.T,WIN,9.382582764894954,3,,,,,,,,2.3706456912237384,1.7813488989674662,59.71409488695035
UP20_SCORE80_NIKKEION_TP4.0_SL1.0_H3,OOS,2025-09-11,9984.T,HOLD,1.02452078682006,3,,,,,,,,4.451177534300207,1.9915696859343308,69.88278333275962
UP20_SCORE80_NIKKEION_TP4.0_SL1.0_H3,OOS,2025-09-12,6503.T,TIMEOUT_LOSS,-1.2613372047352245,3,,,,,,,,2.283256289408901,1.8201797306118253,70.59312987856188
UP20_SCORE80_NIKKEION_TP4.0_SL1.0_H3,OOS,2025-09-16,4004.T,WIN,10.873768293197072,2,,,,,,,,2.7434420732992697,1.7395339118464073,82.45159900347099
UP20_SCORE80_NIKKEION_TP4.0_SL1.0_H3,OOS,2025-09-17,4755.T,LOSS,-2.651672620296175,3,,,,,,,,2.551672620296179,1.5341222254702225,73.8076241680074
UP20_SCORE80_NIKKEION_TP4.0_SL1.0_H3,OOS,2025-09-18,3436.T,LOSS,-3.8142099735678836,1,,,,,,,,3.7142099735678835,2.48865032528349,74.07006184861473
UP20_SCORE80_NIKKEION_TP4.0_SL1.0_H3,OOS,2025-09-19,9984.T,HOLD,6.731271668052552,3,,,,,,,,4.19037788653831,1.5227937216073335,70.44412800566023
UP20_SCORE80_NIKKEION_TP4.0_SL1.0_H3,OOS,2025-09-22,4062.T,TIMEOUT_LOSS,-0.3500174824091039,3,,,,,,,,4.122560515146145,1.7894109746778686,74.53984482143241
UP20_SCORE80_NIKKEION_TP4.0_SL1.0_H3,OOS,2025-09-24,7269.T,HOLD,0.5450070369343974,3,,,,,,,,2.2629887439238106,2.2592553185441,82.23862799290006
UP20_SCORE80_NIKKEION_TP4.0_SL1.0_H3,OOS,2025-09-25,5713.T,HOLD,1.9928967708735201,3,,,,,,,,2.974929933337715,3.0868339243591145,77.6627866581457
UP20_SCORE80_NIKKEION_TP4.0_SL1.0_H3,OOS,2025-09-26,8331.T,LOSS,-2.018665753621496,3,,,,,,,,1.9186657536214884,1.6157930876630808,69.07485595803402
UP20_SCORE80_NIKKEION_TP4.0_SL1.0_H3,OOS,2025-09-29,6302.T,LOSS,-2.0238904598249507,2,,,,,,,,1.9238904598249507,1.645873811228142,70.66536814973965
UP20_SCORE80_NIKKEION_TP4.0_SL1.0_H3,OOS,2025-09-30,6361.T,HOLD,7.641451014184509,3,,,,,,,,2.6803830232856,2.813752314622889,73.71408892688454
UP20_SCORE80_NIKKEION_TP4.0_SL1.0_H3,OOS,2025-10-03,3436.T,TIMEOUT_LOSS,-0.9814757956848051,3,,,,,,,,5.209448177264275,1.9842407165140383,68.61342103351534
UP20_SCORE80_NIKKEION_TP4.0_SL1.0_H3,OOS,2025-10-06,5831.T,HOLD,2.5903029508791087,3,,,,,,,,2.1476454146329633,1.5749219902602063,58.91479517315375
UP20_SCORE80_NIKKEION_TP4.0_SL1.0_H3,OOS,2025-10-09,6361.T,LOSS,-3.109289383292846,2,,,,,,,,3.00928938329285,2.13871992091976,84.34346295050602
UP20_SCORE80_NIKKEION_TP4.0_SL1.0_H3,OOS,2025-10-15,8267.T,WIN,10.478931208930343,2,,,,,,,,2.6447328022325856,3.114625760960014,76.52249009026771
UP20_SCORE80_NIKKEION_TP4.0_SL1.0_H3,OOS,2025-10-16,9984.T,HOLD,4.620027669178651,3,,,,,,,,4.654991310702586,1.5427533068350163,70.66336537493032
UP20_SCORE80_NIKKEION_TP4.0_SL1.0_H3,OOS,2025-10-17,8267.T,HOLD,8.70131360293175,3,,,,,,,,3.0957123439116607,3.1472642025766024,81.89092555610779
UP20_SCORE80_NIKKEION_TP4.0_SL1.0_H3,OOS,2025-10-20,8267.T,HOLD,6.175346793173453,3,,,,,,,,3.02697538999106,1.5924311030928169,84.0532204157703
UP20_SCORE80_NIKKEION_TP4.0_SL1.0_H3,OOS,2025-10-22,9984.T,LOSS,-5.583075822569483,1,,,,,,,,5.483075822569483,2.2145815870232792,63.54720663155452
UP20_SCORE80_NIKKEION_TP4.0_SL1.0_H3,OOS,2025-10-23,1963.T,HOLD,2.8133252403010123,3,,,,,,,,2.885925880850186,1.932891948159124,62.02249139463407
UP20_SCORE80_NIKKEION_TP4.0_SL1.0_H3,OOS,2025-10-24,6976.T,HOLD,9.504006710007962,3,,,,,,,,3.235998443724982,1.6804174056082453,69.34893813502617
UP20_SCORE80_NIKKEION_TP4.0_SL1.0_H3,OOS,2025-10-29,4043.T,TIMEOUT_LOSS,-1.2359572375052252,3,,,,,,,,2.420046604129393,3.6010461091035366,61.99226292429511
UP20_SCORE80_NIKKEION_TP4.0_SL1.0_H3,OOS,2025-10-30,6963.T,LOSS,-2.892671316704465,3,,,,,,,,2.792671316704465,2.274930595614673,63.75590192971936
UP20_SCORE80_NIKKEION_TP4.0_SL1.0_H3,OOS,2025-10-31,6702.T,LOSS,-2.9018631361736547,2,,,,,,,,2.8018631361736546,2.45065013412754,65.79540866798806
UP20_SCORE80_NIKKEION_TP4.0_SL1.0_H3,OOS,2025-11-05,5706.T,HOLD,4.45915807548819,3,,,,,,,,5.2528054908498545,1.558703475593556,65.29307153909187
UP20_SCORE80_NIKKEION_TP4.0_SL1.0_H3,OOS,2025-11-07,1803.T,HOLD,9.747886740444434,3,,,,,,,,3.290381605043365,2.68677935743871,64.40954601558369
UP20_SCORE80_NIKKEION_TP4.0_SL1.0_H3,OOS,2025-11-10,7270.T,HOLD,7.601109275206975,3,,,,,,,,2.658051446991701,2.7772101561407005,65.01760632479895
UP20_SCORE80_NIKKEION_TP4.0_SL1.0_H3,OOS,2025-11-11,1808.T,WIN,6.777220667884854,2,,,,,,,,1.7193051669712152,1.6369459598838314,70.02890227565007
UP20_SCORE80_NIKKEION_TP4.0_SL1.0_H3,OOS,2025-11-12,5706.T,HOLD,11.27808057618679,3,,,,,,,,5.614894184217811,4.21194577004756,74.99619411222699
UP20_SCORE80_NIKKEION_TP4.0_SL1.0_H3,OOS,2025-11-14,5706.T,TIMEOUT_LOSS,-0.14934741465433268,3,,,,,,,,6.069893005466853,1.940307588304884,75.95058471949552
UP20_SCORE80_NIKKEION_TP4.0_SL1.0_H3,OOS,2025-12-09,6506.T,HOLD,1.8648566149694124,3,,,,,,,,3.636145168050938,2.308766845945544,76.76832455304144
UP20_SCORE80_NIKKEION_TP4.0_SL1.0_H3,OOS,2025-12-10,4902.T,HOLD,7.017232504082494,3,,,,,,,,3.0449931792195946,1.6923429403382086,69.30195209769802
UP20_SCORE80_NIKKEION_TP4.0_SL1.0_H3,OOS,2025-12-11,6752.T,HOLD,1.5963772022196232,3,,,,,,,,3.2809941781548835,2.082473388498875,67.99135576721709
UP20_SCORE80_NIKKEION_TP4.0_SL1.0_H3,OOS,2025-12-24,7735.T,HOLD,1.3061989621682923,3,,,,,,,,3.919947628071426,3.4621151052801693,67.59745190212621
UP20_SCORE80_NIKKEION_TP4.0_SL1.0_H3,OOS,2025-12-29,5713.T,LOSS,-3.594783642097077,1,,,,,,,,3.494783642097062,2.025061863335196,73.06969198997692
UP20_SCORE80_NIKKEION_TP4.0_SL1.0_H3,OOS,2026-01-06,7013.T,HOLD,4.150297769539158,3,,,,,,,,3.382536607551249,1.8282032471966256,65.06508574041464
UP20_SCORE80_NIKKEION_TP4.0_SL1.0_H3,OOS,2026-01-07,285A.T,HOLD,7.7408195429471975,3,,,,,,,,7.00814289466772,1.6083974186275565,67.02302402919813
UP20_SCORE80_NIKKEION_TP4.0_SL1.0_H3,OOS,2026-01-08,5706.T,HOLD,6.875686059783515,3,,,,,,,,4.887590266109957,2.086612521353433,65.32212266481312
UP20_SCORE80_NIKKEION_TP4.0_SL1.0_H3,OOS,2026-01-09,4506.T,LOSS,-4.791527753909607,1,,,,,,,,4.691527753909605,1.896698305908159,75.47901105043854
UP20_SCORE80_NIKKEION_TP4.0_SL1.0_H3,OOS,2026-01-13,6920.T,HOLD,10.948173148578666,3,,,,,,,,4.299827285479877,1.910231975136936,62.388725365374334
UP20_SCORE80_NIKKEION_TP4.0_SL1.0_H3,OOS,2026-01-15,7735.T,HOLD,7.045408891144945,3,,,,,,,,3.802438510704964,1.5892500277561896,73.53419148838194
UP20_SCORE80_NIKKEION_TP4.0_SL1.0_H3,OOS,2026-01-16,6752.T,HOLD,1.8471401903388807,3,,,,,,,,3.0474502634836753,1.5093582492180166,67.15062113994684
UP20_SCORE80_NIKKEION_TP4.0_SL1.0_H3,OOS,2026-01-21,4062.T,LOSS,-4.773970533508031,3,,,,,,,,4.673970533508035,1.5046629059588714,73.52379482469222
UP20_SCORE80_NIKKEION_TP4.0_SL1.0_H3,OOS,2026-01-22,3436.T,LOSS,-4.108967247910233,2,,,,,,,,4.00896724791023,2.043114661561871,69.76679418916189
UP20_SCORE80_NIKKEION_TP4.0_SL1.0_H3,OOS,2026-01-26,5801.T,HOLD,10.5928890620811,3,,,,,,,,4.511758092834476,2.2098227364303,74.12028125769359
UP20_SCORE80_NIKKEION_TP4.0_SL1.0_H3,OOS,2026-01-27,6857.T,WIN,16.062606662240185,2,,,,,,,,4.040651665560047,1.5400502235978204,69.03225604930759
UP20_SCORE80_NIKKEION_TP4.0_SL1.0_H3,OOS,2026-01-28,6857.T,LOSS,-4.037376128286329,3,,,,,,,,3.9373761282863295,1.5263652404578067,70.9913959351506
UP20_SCORE80_NIKKEION_TP4.0_SL1.0_H3,OOS,2026-01-29,6857.T,LOSS,-4.563139999360688,1,,,,,,,,4.463139999360691,2.178536434428343,74.85668050032139
UP20_SCORE80_NIKKEION_TP4.0_SL1.0_H3,OOS,2026-01-30,5713.T,LOSS,-4.8612657840299445,1,,,,,,,,4.7612657840299475,3.6103269800317297,74.50943365530547
UP20_SCORE80_NIKKEION_TP4.0_SL1.0_H3,OOS,2026-02-02,7735.T,HOLD,4.0279715269023635,3,,,,,,,,4.560189952500774,1.8495595304408825,68.59055209759605
UP20_SCORE80_NIKKEION_TP4.0_SL1.0_H3,OOS,2026-02-03,5802.T,LOSS,-4.524674049575639,2,,,,,,,,4.424674049575642,3.010246808950368,68.79785747269574
UP20_SCORE80_NIKKEION_TP4.0_SL1.0_H3,OOS,2026-02-04,5801.T,LOSS,-5.486403910158943,1,,,,,,,,5.386403910158943,1.5192891350758757,75.4758725587808
UP20_SCORE80_NIKKEION_TP4.0_SL1.0_H3,OOS,2026-02-05,6723.T,HOLD,7.7076992589914965,3,,,,,,,,4.427977589011389,2.899876454319508,68.35429480373276
UP20_SCORE80_NIKKEION_TP4.0_SL1.0_H3,OOS,2026-02-06,7012.T,WIN,16.959369962981697,1,,,,,,,,4.264842490745427,1.5729208673694408,67.4593315275623
UP20_SCORE80_NIKKEION_TP4.0_SL1.0_H3,OOS,2026-02-09,5803.T,TIMEOUT_LOSS,-0.3594884145250553,3,,,,,,,,5.894731145248508,2.7974811024562314,65.26510749514235
UP20_SCORE80_NIKKEION_TP4.0_SL1.0_H3,OOS,2026-02-10,5233.T,HOLD,4.056214558828953,3,,,,,,,,3.071848312888825,2.7712569058204206,72.48728009612753
UP20_SCORE80_NIKKEION_TP4.0_SL1.0_H3,OOS,2026-02-13,5711.T,LOSS,-4.058054789779675,2,,,,,,,,3.958054789779671,2.6456203776770475,76.9767831666048
UP20_SCORE80_NIKKEION_TP4.0_SL1.0_H3,OOS,2026-02-17,5332.T,HOLD,3.870636319607834,3,,,,,,,,3.231212213341772,2.151003999631748,77.22017773778106
UP20_SCORE80_NIKKEION_TP4.0_SL1.0_H3,OOS,2026-02-18,6981.T,HOLD,13.00693450628766,3,,,,,,,,3.725848504079088,1.897054344978015,67.79124849963043
UP20_SCORE80_NIKKEION_TP4.0_SL1.0_H3,OOS,2026-02-19,5631.T,TIMEOUT_LOSS,-2.143340854565845,3,,,,,,,,4.623899387028141,2.0618150590496898,61.190988407760656
UP20_SCORE80_NIKKEION_TP4.0_SL1.0_H3,OOS,2026-02-20,7532.T,HOLD,1.9497587089616464,3,,,,,,,,2.5387030613319705,1.6109721312790437,66.04613180492257
UP20_SCORE80_NIKKEION_TP4.0_SL1.0_H3,OOS,2026-02-24,6361.T,LOSS,-3.9112094395280295,3,,,,,,,,3.811209439528026,1.506715160356746,67.6016226481249
UP20_SCORE80_NIKKEION_TP4.0_SL1.0_H3,OOS,2026-02-25,4062.T,LOSS,-5.682404418100006,1,,,,,,,,5.582404418100021,1.5450492830876352,65.06453665607634
UP20_SCORE80_NIKKEION_TP4.0_SL1.0_H3,OOS,2026-02-27,7741.T,LOSS,-3.1084744770775163,3,,,,,,,,3.008474477077505,1.8376525219335265,59.53660464640956
UP20_SCORE80_NIKKEION_TP4.0_SL1.0_H3,OOS,2026-06-12,8316.T,HOLD,0.5868560724320849,3,,,,,,,,2.7838484753876553,1.524263130004523,68.57004335868862
UP20_SCORE80_NIKKEION_TP4.0_SL1.0_H3,OOS,2026-06-24,6752.T,TIMEOUT_LOSS,-1.4695554557700996,3,,,,,,,,4.737314773237541,1.689110155324136,69.19046376889298
UP20_SCORE80_NIKKEION_TP4.0_SL1.0_H3,OOS,2026-06-30,6861.T,LOSS,-3.2499300929352715,3,,,,,,,,3.1499300929352714,1.6156011454251944,62.69049023192115
UP20_SCORE80_NIKKEION_TP4.0_SL1.0_H3,OOS,2026-08-07,4385.T,LOSS,-4.467130550033138,2,,,,,,,,4.367130550033135,1.6538247428580348,68.6886868287226
UP20_SCORE80_NIKKEION_TP4.0_SL1.0_H3,OOS,2026-08-19,7733.T,LOSS,-3.0960558252427273,1,,,,,,,,3.0885917585424956,1.6234926575406274,73.68219655203487
UP20_SCORE80_NIKKEION_TP4.0_SL1.0_H3,OOS,2026-08-20,9503.T,LOSS,-2.535147507629709,3,,,,,,,,2.495927012056047,2.2513870022629847,68.82612441044722
UP20_SCORE80_NIKKEION_TP4.0_SL1.0_H3,OOS,2026-08-21,9107.T,LOSS,-2.7957515717279557,2,,,,,,,,2.7704356338717595,1.7388483285442442,83.14583533959757
UP20_SCORE80_NIKKEION_TP3.5_SL1.0_H3,OOS,2025-01-07,6361.T,HOLD,4.500415322065588,3,,,,,,,,3.0344870978700644,1.5540306547809914,69.68237100344051
UP20_SCORE80_NIKKEION_TP3.5_SL1.0_H3,OOS,2025-01-08,8795.T,TIMEOUT_LOSS,-1.4566383777832592,3,,,,,,,,2.3817532403073454,1.6252906152537567,66.33757123022335
UP20_SCORE80_NIKKEION_TP3.5_SL1.0_H3,OOS,2025-01-09,9104.T,HOLD,4.3739994338564685,3,,,,,,,,2.3601397927174235,2.303366546812504,53.51842069648761
UP20_SCORE80_NIKKEION_TP3.5_SL1.0_H3,OOS,2025-01-24,3861.T,WIN,5.750576934866858,1,,,,,,,,1.6715934099619616,1.5865320570697934,66.8685683129112
UP20_SCORE80_NIKKEION_TP3.5_SL1.0_H3,OOS,2025-01-30,4751.T,LOSS,-2.9431248757656125,2,,,,,,,,2.8431248757656196,4.081891498888597,69.04824941242198
UP20_SCORE80_NIKKEION_TP3.5_SL1.0_H3,OOS,2025-03-21,4385.T,HOLD,2.1123035125169776,3,,,,,,,,4.145307259034237,2.4655023063732733,66.31883943224122
UP20_SCORE80_NIKKEION_TP3.5_SL1.0_H3,OOS,2025-03-24,8830.T,TIMEOUT_LOSS,-2.396151013388448,3,,,,,,,,3.1521188737254477,3.603309716771157,74.77264549065845
UP20_SCORE80_NIKKEION_TP3.5_SL1.0_H3,OOS,2025-05-23,5631.T,LOSS,-4.367536140377103,1,,,,,,,,4.457773223756978,3.638256780586112,66.5391720116574
UP20_SCORE80_NIKKEION_TP3.5_SL1.0_H3,OOS,2025-05-29,9201.T,HOLD,4.5441767498590195,3,,,,,,,,1.6846158564918297,1.5260580709535156,71.70576454433363
UP20_SCORE80_NIKKEION_TP3.5_SL1.0_H3,OOS,2025-05-30,7013.T,WIN,11.414023167159526,2,,,,,,,,3.289720904902723,1.7908171365978596,74.63157620760738
UP20_SCORE80_NIKKEION_TP3.5_SL1.0_H3,OOS,2025-06-02,3697.T,TIMEOUT_LOSS,-0.44399044228118345,3,,,,,,,,3.63966401330722,2.587217881109101,78.03906924168916
UP20_SCORE80_NIKKEION_TP3.5_SL1.0_H3,OOS,2025-06-03,7013.T,HOLD,2.3686013650136117,3,,,,,,,,3.4455378792869715,1.7152741017975233,83.10167158544998
UP20_SCORE80_NIKKEION_TP3.5_SL1.0_H3,OOS,2025-06-04,7453.T,HOLD,4.848760491573712,3,,,,,,,,2.714160641857595,1.9209734713929407,80.33942361288243
UP20_SCORE80_NIKKEION_TP3.5_SL1.0_H3,OOS,2025-06-11,4506.T,WIN,22.178719397363455,2,,,,,,,,6.365348399246702,1.7840842172308191,59.53971611899605
UP20_SCORE80_NIKKEION_TP3.5_SL1.0_H3,OOS,2025-06-12,4506.T,TIMEOUT_LOSS,-1.3560386473429942,3,,,,,,,,6.086956521739132,2.1240639958886773,70.77155149941125
UP20_SCORE80_NIKKEION_TP3.5_SL1.0_H3,OOS,2025-06-13,4506.T,LOSS,-6.212161310649022,3,,,,,,,,6.1121613106490225,2.409338323306914,72.05265331505392
UP20_SCORE80_NIKKEION_TP3.5_SL1.0_H3,OOS,2025-06-18,7974.T,LOSS,-3.2080411432345857,3,,,,,,,,3.1080411432345816,1.9666096637335144,70.0131439245264
UP20_SCORE80_NIKKEION_TP3.5_SL1.0_H3,OOS,2025-06-20,6857.T,HOLD,3.9012311235038566,3,,,,,,,,3.7049853857241244,1.8775454411408887,77.2083566564354
UP20_SCORE80_NIKKEION_TP3.5_SL1.0_H3,OOS,2025-06-25,4751.T,HOLD,2.39925344375137,3,,,,,,,,2.448224232485326,1.7507590069680168,78.27118475379257
UP20_SCORE80_NIKKEION_TP3.5_SL1.0_H3,OOS,2025-06-27,6361.T,HOLD,2.9542371282220814,3,,,,,,,,3.090148248564928,3.2685160590189093,79.0940240005441
UP20_SCORE80_NIKKEION_TP3.5_SL1.0_H3,OOS,2025-06-30,9602.T,LOSS,-2.422779856463353,3,,,,,,,,2.322779856463349,1.781349701378846,69.13089635829124
UP20_SCORE80_NIKKEION_TP3.5_SL1.0_H3,OOS,2025-07-02,5803.T,TIMEOUT_LOSS,-1.0183041590803965,3,,,,,,,,3.518104418026239,1.5261228603842834,64.97343720907216
UP20_SCORE80_NIKKEION_TP3.5_SL1.0_H3,OOS,2025-07-29,6301.T,HOLD,0.996913666829713,3,,,,,,,,2.485113180553955,2.8330656681004918,55.89267622915238
UP20_SCORE80_NIKKEION_TP3.5_SL1.0_H3,OOS,2025-08-12,8750.T,WIN,8.197259919283074,3,,,,,,,,2.3706456912237384,1.7813488989674662,59.71409488695035
UP20_SCORE80_NIKKEION_TP3.5_SL1.0_H3,OOS,2025-09-11,9984.T,HOLD,1.02452078682006,3,,,,,,,,4.451177534300207,1.9915696859343308,69.88278333275962
UP20_SCORE80_NIKKEION_TP3.5_SL1.0_H3,OOS,2025-09-12,6503.T,TIMEOUT_LOSS,-1.2613372047352245,3,,,,,,,,2.283256289408901,1.8201797306118253,70.59312987856188
UP20_SCORE80_NIKKEION_TP3.5_SL1.0_H3,OOS,2025-09-16,4004.T,WIN,9.502047256547453,2,,,,,,,,2.7434420732992697,1.7395339118464073,82.45159900347099
UP20_SCORE80_NIKKEION_TP3.5_SL1.0_H3,OOS,2025-09-17,4755.T,LOSS,-2.651672620296175,3,,,,,,,,2.551672620296179,1.5341222254702225,73.8076241680074
UP20_SCORE80_NIKKEION_TP3.5_SL1.0_H3,OOS,2025-09-18,3436.T,LOSS,-3.8142099735678836,1,,,,,,,,3.7142099735678835,2.48865032528349,74.07006184861473
UP20_SCORE80_NIKKEION_TP3.5_SL1.0_H3,OOS,2025-09-19,9984.T,HOLD,6.731271668052552,3,,,,,,,,4.19037788653831,1.5227937216073335,70.44412800566023
UP20_SCORE80_NIKKEION_TP3.5_SL1.0_H3,OOS,2025-09-22,4062.T,TIMEOUT_LOSS,-0.3500174824091039,3,,,,,,,,4.122560515146145,1.7894109746778686,74.53984482143241
UP20_SCORE80_NIKKEION_TP3.5_SL1.0_H3,OOS,2025-09-24,7269.T,HOLD,0.5450070369343974,3,,,,,,,,2.2629887439238106,2.2592553185441,82.23862799290006
UP20_SCORE80_NIKKEION_TP3.5_SL1.0_H3,OOS,2025-09-25,5713.T,HOLD,1.9928967708735201,3,,,,,,,,2.974929933337715,3.0868339243591145,77.6627866581457
UP20_SCORE80_NIKKEION_TP3.5_SL1.0_H3,OOS,2025-09-26,8331.T,LOSS,-2.018665753621496,3,,,,,,,,1.9186657536214884,1.6157930876630808,69.07485595803402
UP20_SCORE80_NIKKEION_TP3.5_SL1.0_H3,OOS,2025-09-29,6302.T,LOSS,-2.0238904598249507,2,,,,,,,,1.9238904598249507,1.645873811228142,70.66536814973965
UP20_SCORE80_NIKKEION_TP3.5_SL1.0_H3,OOS,2025-09-30,6361.T,HOLD,7.641451014184509,3,,,,,,,,2.6803830232856,2.813752314622889,73.71408892688454
UP20_SCORE80_NIKKEION_TP3.5_SL1.0_H3,OOS,2025-10-03,3436.T,TIMEOUT_LOSS,-0.9814757956848051,3,,,,,,,,5.209448177264275,1.9842407165140383,68.61342103351534
UP20_SCORE80_NIKKEION_TP3.5_SL1.0_H3,OOS,2025-10-06,5831.T,HOLD,2.5903029508791087,3,,,,,,,,2.1476454146329633,1.5749219902602063,58.91479517315375
UP20_SCORE80_NIKKEION_TP3.5_SL1.0_H3,OOS,2025-10-09,6361.T,LOSS,-3.109289383292846,2,,,,,,,,3.00928938329285,2.13871992091976,84.34346295050602
UP20_SCORE80_NIKKEION_TP3.5_SL1.0_H3,OOS,2025-10-15,8267.T,WIN,9.15656480781405,2,,,,,,,,2.6447328022325856,3.114625760960014,76.52249009026771
UP20_SCORE80_NIKKEION_TP3.5_SL1.0_H3,OOS,2025-10-16,9984.T,HOLD,4.620027669178651,3,,,,,,,,4.654991310702586,1.5427533068350163,70.66336537493032
UP20_SCORE80_NIKKEION_TP3.5_SL1.0_H3,OOS,2025-10-17,8267.T,HOLD,8.70131360293175,3,,,,,,,,3.0957123439116607,3.1472642025766024,81.89092555610779
UP20_SCORE80_NIKKEION_TP3.5_SL1.0_H3,OOS,2025-10-20,8267.T,HOLD,6.175346793173453,3,,,,,,,,3.02697538999106,1.5924311030928169,84.0532204157703
UP20_SCORE80_NIKKEION_TP3.5_SL1.0_H3,OOS,2025-10-22,9984.T,LOSS,-5.583075822569483,1,,,,,,,,5.483075822569483,2.2145815870232792,63.54720663155452
UP20_SCORE80_NIKKEION_TP3.5_SL1.0_H3,OOS,2025-10-23,6302.T,WIN,9.009316648202537,1,,,,,,,,2.602661899486436,5.609340234110477,76.578236544604
UP20_SCORE80_NIKKEION_TP3.5_SL1.0_H3,OOS,2025-10-24,6976.T,HOLD,9.504006710007962,3,,,,,,,,3.235998443724982,1.6804174056082453,69.34893813502617
UP20_SCORE80_NIKKEION_TP3.5_SL1.0_H3,OOS,2025-10-29,4043.T,TIMEOUT_LOSS,-1.2359572375052252,3,,,,,,,,2.420046604129393,3.6010461091035366,61.99226292429511
UP20_SCORE80_NIKKEION_TP3.5_SL1.0_H3,OOS,2025-10-30,6963.T,LOSS,-2.892671316704465,3,,,,,,,,2.792671316704465,2.274930595614673,63.75590192971936
UP20_SCORE80_NIKKEION_TP3.5_SL1.0_H3,OOS,2025-10-31,6702.T,LOSS,-2.9018631361736547,2,,,,,,,,2.8018631361736546,2.45065013412754,65.79540866798806
UP20_SCORE80_NIKKEION_TP3.5_SL1.0_H3,OOS,2025-11-05,5706.T,HOLD,4.45915807548819,3,,,,,,,,5.2528054908498545,1.558703475593556,65.29307153909187
UP20_SCORE80_NIKKEION_TP3.5_SL1.0_H3,OOS,2025-11-07,1803.T,HOLD,9.747886740444434,3,,,,,,,,3.290381605043365,2.68677935743871,64.40954601558369
UP20_SCORE80_NIKKEION_TP3.5_SL1.0_H3,OOS,2025-11-10,7270.T,HOLD,7.601109275206975,3,,,,,,,,2.658051446991701,2.7772101561407005,65.01760632479895
UP20_SCORE80_NIKKEION_TP3.5_SL1.0_H3,OOS,2025-11-11,1808.T,WIN,5.917568084399261,2,,,,,,,,1.7193051669712152,1.6369459598838314,70.02890227565007
UP20_SCORE80_NIKKEION_TP3.5_SL1.0_H3,OOS,2025-11-12,5706.T,HOLD,11.27808057618679,3,,,,,,,,5.614894184217811,4.21194577004756,74.99619411222699
UP20_SCORE80_NIKKEION_TP3.5_SL1.0_H3,OOS,2025-11-14,5706.T,TIMEOUT_LOSS,-0.14934741465433268,3,,,,,,,,6.069893005466853,1.940307588304884,75.95058471949552
UP20_SCORE80_NIKKEION_TP3.5_SL1.0_H3,OOS,2025-12-09,6506.T,HOLD,1.8648566149694124,3,,,,,,,,3.636145168050938,2.308766845945544,76.76832455304144
UP20_SCORE80_NIKKEION_TP3.5_SL1.0_H3,OOS,2025-12-10,4902.T,HOLD,7.017232504082494,3,,,,,,,,3.0449931792195946,1.6923429403382086,69.30195209769802
UP20_SCORE80_NIKKEION_TP3.5_SL1.0_H3,OOS,2025-12-11,6752.T,HOLD,1.5963772022196232,3,,,,,,,,3.2809941781548835,2.082473388498875,67.99135576721709
UP20_SCORE80_NIKKEION_TP3.5_SL1.0_H3,OOS,2025-12-24,7735.T,HOLD,1.3061989621682923,3,,,,,,,,3.919947628071426,3.4621151052801693,67.59745190212621
UP20_SCORE80_NIKKEION_TP3.5_SL1.0_H3,OOS,2025-12-29,5713.T,LOSS,-3.594783642097077,1,,,,,,,,3.494783642097062,2.025061863335196,73.06969198997692
UP20_SCORE80_NIKKEION_TP3.5_SL1.0_H3,OOS,2026-01-06,7013.T,HOLD,4.150297769539158,3,,,,,,,,3.382536607551249,1.8282032471966256,65.06508574041464
UP20_SCORE80_NIKKEION_TP3.5_SL1.0_H3,OOS,2026-01-07,285A.T,HOLD,7.7408195429471975,3,,,,,,,,7.00814289466772,1.6083974186275565,67.02302402919813
UP20_SCORE80_NIKKEION_TP3.5_SL1.0_H3,OOS,2026-01-08,5706.T,HOLD,6.875686059783515,3,,,,,,,,4.887590266109957,2.086612521353433,65.32212266481312
UP20_SCORE80_NIKKEION_TP3.5_SL1.0_H3,OOS,2026-01-09,4506.T,LOSS,-4.791527753909607,1,,,,,,,,4.691527753909605,1.896698305908159,75.47901105043854
UP20_SCORE80_NIKKEION_TP3.5_SL1.0_H3,OOS,2026-01-13,6920.T,HOLD,10.948173148578666,3,,,,,,,,4.299827285479877,1.910231975136936,62.388725365374334
UP20_SCORE80_NIKKEION_TP3.5_SL1.0_H3,OOS,2026-01-15,7735.T,HOLD,7.045408891144945,3,,,,,,,,3.802438510704964,1.5892500277561896,73.53419148838194
UP20_SCORE80_NIKKEION_TP3.5_SL1.0_H3,OOS,2026-01-16,6752.T,HOLD,1.8471401903388807,3,,,,,,,,3.0474502634836753,1.5093582492180166,67.15062113994684
UP20_SCORE80_NIKKEION_TP3.5_SL1.0_H3,OOS,2026-01-21,4062.T,LOSS,-4.773970533508031,3,,,,,,,,4.673970533508035,1.5046629059588714,73.52379482469222
UP20_SCORE80_NIKKEION_TP3.5_SL1.0_H3,OOS,2026-01-22,3436.T,LOSS,-4.108967247910233,2,,,,,,,,4.00896724791023,2.043114661561871,69.76679418916189
UP20_SCORE80_NIKKEION_TP3.5_SL1.0_H3,OOS,2026-01-26,5801.T,WIN,15.691153324920672,2,,,,,,,,4.511758092834476,2.2098227364303,74.12028125769359
UP20_SCORE80_NIKKEION_TP3.5_SL1.0_H3,OOS,2026-01-27,6857.T,WIN,14.042280829460163,2,,,,,,,,4.040651665560047,1.5400502235978204,69.03225604930759
UP20_SCORE80_NIKKEION_TP3.5_SL1.0_H3,OOS,2026-01-28,6857.T,WIN,13.680816449002153,1,,,,,,,,3.9373761282863295,1.5263652404578067,70.9913959351506
UP20_SCORE80_NIKKEION_TP3.5_SL1.0_H3,OOS,2026-01-29,6857.T,LOSS,-4.563139999360688,1,,,,,,,,4.463139999360691,2.178536434428343,74.85668050032139
UP20_SCORE80_NIKKEION_TP3.5_SL1.0_H3,OOS,2026-01-30,5713.T,LOSS,-4.8612657840299445,1,,,,,,,,4.7612657840299475,3.6103269800317297,74.50943365530547
UP20_SCORE80_NIKKEION_TP3.5_SL1.0_H3,OOS,2026-02-02,7735.T,HOLD,4.0279715269023635,3,,,,,,,,4.560189952500774,1.8495595304408825,68.59055209759605
UP20_SCORE80_NIKKEION_TP3.5_SL1.0_H3,OOS,2026-02-03,5802.T,LOSS,-4.524674049575639,2,,,,,,,,4.424674049575642,3.010246808950368,68.79785747269574
UP20_SCORE80_NIKKEION_TP3.5_SL1.0_H3,OOS,2026-02-04,5801.T,LOSS,-5.486403910158943,1,,,,,,,,5.386403910158943,1.5192891350758757,75.4758725587808
UP20_SCORE80_NIKKEION_TP3.5_SL1.0_H3,OOS,2026-02-05,6723.T,HOLD,7.7076992589914965,3,,,,,,,,4.427977589011389,2.899876454319508,68.35429480373276
UP20_SCORE80_NIKKEION_TP3.5_SL1.0_H3,OOS,2026-02-06,7012.T,WIN,14.826948717609001,1,,,,,,,,4.264842490745427,1.5729208673694408,67.4593315275623
UP20_SCORE80_NIKKEION_TP3.5_SL1.0_H3,OOS,2026-02-09,5803.T,TIMEOUT_LOSS,-0.3594884145250553,3,,,,,,,,5.894731145248508,2.7974811024562314,65.26510749514235
UP20_SCORE80_NIKKEION_TP3.5_SL1.0_H3,OOS,2026-02-10,5233.T,HOLD,4.056214558828953,3,,,,,,,,3.071848312888825,2.7712569058204206,72.48728009612753
UP20_SCORE80_NIKKEION_TP3.5_SL1.0_H3,OOS,2026-02-13,5711.T,LOSS,-4.058054789779675,2,,,,,,,,3.958054789779671,2.6456203776770475,76.9767831666048
UP20_SCORE80_NIKKEION_TP3.5_SL1.0_H3,OOS,2026-02-17,5332.T,HOLD,3.870636319607834,3,,,,,,,,3.231212213341772,2.151003999631748,77.22017773778106
UP20_SCORE80_NIKKEION_TP3.5_SL1.0_H3,OOS,2026-02-18,6981.T,WIN,12.940469764276797,3,,,,,,,,3.725848504079088,1.897054344978015,67.79124849963043
UP20_SCORE80_NIKKEION_TP3.5_SL1.0_H3,OOS,2026-02-19,5631.T,TIMEOUT_LOSS,-2.143340854565845,3,,,,,,,,4.623899387028141,2.0618150590496898,61.190988407760656
UP20_SCORE80_NIKKEION_TP3.5_SL1.0_H3,OOS,2026-02-20,7532.T,HOLD,1.9497587089616464,3,,,,,,,,2.5387030613319705,1.6109721312790437,66.04613180492257
UP20_SCORE80_NIKKEION_TP3.5_SL1.0_H3,OOS,2026-02-24,6361.T,LOSS,-3.9112094395280295,3,,,,,,,,3.811209439528026,1.506715160356746,67.6016226481249
UP20_SCORE80_NIKKEION_TP3.5_SL1.0_H3,OOS,2026-02-25,4062.T,LOSS,-5.682404418100006,1,,,,,,,,5.582404418100021,1.5450492830876352,65.06453665607634
UP20_SCORE80_NIKKEION_TP3.5_SL1.0_H3,OOS,2026-02-27,7741.T,LOSS,-3.1084744770775163,3,,,,,,,,3.008474477077505,1.8376525219335265,59.53660464640956
UP20_SCORE80_NIKKEION_TP3.5_SL1.0_H3,OOS,2026-06-12,8316.T,HOLD,0.5868560724320849,3,,,,,,,,2.7838484753876553,1.524263130004523,68.57004335868862
UP20_SCORE80_NIKKEION_TP3.5_SL1.0_H3,OOS,2026-06-24,6752.T,TIMEOUT_LOSS,-1.4695554557700996,3,,,,,,,,4.737314773237541,1.689110155324136,69.19046376889298
UP20_SCORE80_NIKKEION_TP3.5_SL1.0_H3,OOS,2026-06-30,6861.T,LOSS,-3.2499300929352715,3,,,,,,,,3.1499300929352714,1.6156011454251944,62.69049023192115
UP20_SCORE80_NIKKEION_TP3.5_SL1.0_H3,OOS,2026-08-07,4385.T,LOSS,-4.467130550033138,2,,,,,,,,4.367130550033135,1.6538247428580348,68.6886868287226
UP20_SCORE80_NIKKEION_TP3.5_SL1.0_H3,OOS,2026-08-19,7733.T,LOSS,-3.0960558252427273,1,,,,,,,,3.0885917585424956,1.6234926575406274,73.68219655203487
UP20_SCORE80_NIKKEION_TP3.5_SL1.0_H3,OOS,2026-08-20,9503.T,LOSS,-2.535147507629709,3,,,,,,,,2.495927012056047,2.2513870022629847,68.82612441044722
UP20_SCORE80_NIKKEION_TP3.5_SL1.0_H3,OOS,2026-08-21,9107.T,LOSS,-2.7957515717279557,2,,,,,,,,2.7704356338717595,1.7388483285442442,83.14583533959757
UP30_SCORE80_NIKKEION_TP4.0_SL1.0_H3,OOS,2025-01-07,6361.T,HOLD,4.500415322065588,3,,,,,,,,3.0344870978700644,1.5540306547809914,69.68237100344051
UP30_SCORE80_NIKKEION_TP4.0_SL1.0_H3,OOS,2025-01-08,8795.T,TIMEOUT_LOSS,-1.4566383777832592,3,,,,,,,,2.3817532403073454,1.6252906152537567,66.33757123022335
UP30_SCORE80_NIKKEION_TP4.0_SL1.0_H3,OOS,2025-01-09,9104.T,HOLD,4.3739994338564685,3,,,,,,,,2.3601397927174235,2.303366546812504,53.51842069648761
UP30_SCORE80_NIKKEION_TP4.0_SL1.0_H3,OOS,2025-01-24,3861.T,WIN,6.586373639847854,1,,,,,,,,1.6715934099619616,1.5865320570697934,66.8685683129112
UP30_SCORE80_NIKKEION_TP4.0_SL1.0_H3,OOS,2025-01-30,4751.T,LOSS,-2.9431248757656125,2,,,,,,,,2.8431248757656196,4.081891498888597,69.04824941242198
UP30_SCORE80_NIKKEION_TP4.0_SL1.0_H3,OOS,2025-03-21,4385.T,HOLD,2.1123035125169776,3,,,,,,,,4.145307259034237,2.4655023063732733,66.31883943224122
UP30_SCORE80_NIKKEION_TP4.0_SL1.0_H3,OOS,2025-03-24,8830.T,TIMEOUT_LOSS,-2.396151013388448,3,,,,,,,,3.1521188737254477,3.603309716771157,74.77264549065845
UP30_SCORE80_NIKKEION_TP4.0_SL1.0_H3,OOS,2025-05-23,5631.T,LOSS,-4.367536140377103,1,,,,,,,,4.457773223756978,3.638256780586112,66.5391720116574
UP30_SCORE80_NIKKEION_TP4.0_SL1.0_H3,OOS,2025-05-29,9201.T,HOLD,4.5441767498590195,3,,,,,,,,1.6846158564918297,1.5260580709535156,71.70576454433363
UP30_SCORE80_NIKKEION_TP4.0_SL1.0_H3,OOS,2025-05-30,7013.T,WIN,13.058883619610883,3,,,,,,,,3.289720904902723,1.7908171365978596,74.63157620760738
UP30_SCORE80_NIKKEION_TP4.0_SL1.0_H3,OOS,2025-06-02,3697.T,TIMEOUT_LOSS,-0.44399044228118345,3,,,,,,,,3.63966401330722,2.587217881109101,78.03906924168916
UP30_SCORE80_NIKKEION_TP4.0_SL1.0_H3,OOS,2025-06-03,7013.T,HOLD,2.3686013650136117,3,,,,,,,,3.4455378792869715,1.7152741017975233,83.10167158544998
UP30_SCORE80_NIKKEION_TP4.0_SL1.0_H3,OOS,2025-06-04,7453.T,HOLD,4.848760491573712,3,,,,,,,,2.714160641857595,1.9209734713929407,80.33942361288243
UP30_SCORE80_NIKKEION_TP4.0_SL1.0_H3,OOS,2025-06-11,4506.T,HOLD,18.20508474576271,3,,,,,,,,6.365348399246702,1.7840842172308191,59.53971611899605
UP30_SCORE80_NIKKEION_TP4.0_SL1.0_H3,OOS,2025-06-12,4506.T,TIMEOUT_LOSS,-1.3560386473429942,3,,,,,,,,6.086956521739132,2.1240639958886773,70.77155149941125
UP30_SCORE80_NIKKEION_TP4.0_SL1.0_H3,OOS,2025-06-13,4506.T,LOSS,-6.212161310649022,3,,,,,,,,6.1121613106490225,2.409338323306914,72.05265331505392
UP30_SCORE80_NIKKEION_TP4.0_SL1.0_H3,OOS,2025-06-18,7974.T,LOSS,-3.2080411432345857,3,,,,,,,,3.1080411432345816,1.9666096637335144,70.0131439245264
UP30_SCORE80_NIKKEION_TP4.0_SL1.0_H3,OOS,2025-06-20,6857.T,HOLD,3.9012311235038566,3,,,,,,,,3.7049853857241244,1.8775454411408887,77.2083566564354
UP30_SCORE80_NIKKEION_TP4.0_SL1.0_H3,OOS,2025-06-25,4751.T,HOLD,2.39925344375137,3,,,,,,,,2.448224232485326,1.7507590069680168,78.27118475379257
UP30_SCORE80_NIKKEION_TP4.0_SL1.0_H3,OOS,2025-06-27,6361.T,HOLD,2.9542371282220814,3,,,,,,,,3.090148248564928,3.2685160590189093,79.0940240005441
UP30_SCORE80_NIKKEION_TP4.0_SL1.0_H3,OOS,2025-06-30,9602.T,LOSS,-2.422779856463353,3,,,,,,,,2.322779856463349,1.781349701378846,69.13089635829124
UP30_SCORE80_NIKKEION_TP4.0_SL1.0_H3,OOS,2025-07-02,5803.T,TIMEOUT_LOSS,-1.0183041590803965,3,,,,,,,,3.518104418026239,1.5261228603842834,64.97343720907216
UP30_SCORE80_NIKKEION_TP4.0_SL1.0_H3,OOS,2025-07-29,6301.T,HOLD,0.996913666829713,3,,,,,,,,2.485113180553955,2.8330656681004918,55.89267622915238
UP30_SCORE80_NIKKEION_TP4.0_SL1.0_H3,OOS,2025-08-12,8750.T,WIN,9.382582764894954,3,,,,,,,,2.3706456912237384,1.7813488989674662,59.71409488695035
UP30_SCORE80_NIKKEION_TP4.0_SL1.0_H3,OOS,2025-09-11,9984.T,HOLD,1.02452078682006,3,,,,,,,,4.451177534300207,1.9915696859343308,69.88278333275962
UP30_SCORE80_NIKKEION_TP4.0_SL1.0_H3,OOS,2025-09-12,6503.T,TIMEOUT_LOSS,-1.2613372047352245,3,,,,,,,,2.283256289408901,1.8201797306118253,70.59312987856188
UP30_SCORE80_NIKKEION_TP4.0_SL1.0_H3,OOS,2025-09-16,4004.T,WIN,10.873768293197072,2,,,,,,,,2.7434420732992697,1.7395339118464073,82.45159900347099
UP30_SCORE80_NIKKEION_TP4.0_SL1.0_H3,OOS,2025-09-17,4755.T,LOSS,-2.651672620296175,3,,,,,,,,2.551672620296179,1.5341222254702225,73.8076241680074
UP30_SCORE80_NIKKEION_TP4.0_SL1.0_H3,OOS,2025-09-18,3436.T,LOSS,-3.8142099735678836,1,,,,,,,,3.7142099735678835,2.48865032528349,74.07006184861473
UP30_SCORE80_NIKKEION_TP4.0_SL1.0_H3,OOS,2025-09-19,9984.T,HOLD,6.731271668052552,3,,,,,,,,4.19037788653831,1.5227937216073335,70.44412800566023
UP30_SCORE80_NIKKEION_TP4.0_SL1.0_H3,OOS,2025-09-22,4062.T,TIMEOUT_LOSS,-0.3500174824091039,3,,,,,,,,4.122560515146145,1.7894109746778686,74.53984482143241
UP30_SCORE80_NIKKEION_TP4.0_SL1.0_H3,OOS,2025-09-24,7269.T,HOLD,0.5450070369343974,3,,,,,,,,2.2629887439238106,2.2592553185441,82.23862799290006
UP30_SCORE80_NIKKEION_TP4.0_SL1.0_H3,OOS,2025-09-25,5713.T,HOLD,1.9928967708735201,3,,,,,,,,2.974929933337715,3.0868339243591145,77.6627866581457
UP30_SCORE80_NIKKEION_TP4.0_SL1.0_H3,OOS,2025-09-26,8331.T,LOSS,-2.018665753621496,3,,,,,,,,1.9186657536214884,1.6157930876630808,69.07485595803402
UP30_SCORE80_NIKKEION_TP4.0_SL1.0_H3,OOS,2025-09-29,6302.T,LOSS,-2.0238904598249507,2,,,,,,,,1.9238904598249507,1.645873811228142,70.66536814973965
UP30_SCORE80_NIKKEION_TP4.0_SL1.0_H3,OOS,2025-09-30,6361.T,HOLD,7.641451014184509,3,,,,,,,,2.6803830232856,2.813752314622889,73.71408892688454
UP30_SCORE80_NIKKEION_TP4.0_SL1.0_H3,OOS,2025-10-03,3436.T,TIMEOUT_LOSS,-0.9814757956848051,3,,,,,,,,5.209448177264275,1.9842407165140383,68.61342103351534
UP30_SCORE80_NIKKEION_TP4.0_SL1.0_H3,OOS,2025-10-06,5831.T,HOLD,2.5903029508791087,3,,,,,,,,2.1476454146329633,1.5749219902602063,58.91479517315375
UP30_SCORE80_NIKKEION_TP4.0_SL1.0_H3,OOS,2025-10-09,6361.T,LOSS,-3.109289383292846,2,,,,,,,,3.00928938329285,2.13871992091976,84.34346295050602
UP30_SCORE80_NIKKEION_TP4.0_SL1.0_H3,OOS,2025-10-15,8267.T,WIN,10.478931208930343,2,,,,,,,,2.6447328022325856,3.114625760960014,76.52249009026771
UP30_SCORE80_NIKKEION_TP4.0_SL1.0_H3,OOS,2025-10-16,9984.T,HOLD,4.620027669178651,3,,,,,,,,4.654991310702586,1.5427533068350163,70.66336537493032
UP30_SCORE80_NIKKEION_TP4.0_SL1.0_H3,OOS,2025-10-17,8267.T,HOLD,8.70131360293175,3,,,,,,,,3.0957123439116607,3.1472642025766024,81.89092555610779
UP30_SCORE80_NIKKEION_TP4.0_SL1.0_H3,OOS,2025-10-20,8267.T,HOLD,6.175346793173453,3,,,,,,,,3.02697538999106,1.5924311030928169,84.0532204157703
UP30_SCORE80_NIKKEION_TP4.0_SL1.0_H3,OOS,2025-10-22,9984.T,LOSS,-5.583075822569483,1,,,,,,,,5.483075822569483,2.2145815870232792,63.54720663155452
UP30_SCORE80_NIKKEION_TP4.0_SL1.0_H3,OOS,2025-10-23,1963.T,HOLD,2.8133252403010123,3,,,,,,,,2.885925880850186,1.932891948159124,62.02249139463407
UP30_SCORE80_NIKKEION_TP4.0_SL1.0_H3,OOS,2025-10-24,6976.T,HOLD,9.504006710007962,3,,,,,,,,3.235998443724982,1.6804174056082453,69.34893813502617
UP30_SCORE80_NIKKEION_TP4.0_SL1.0_H3,OOS,2025-10-29,4043.T,TIMEOUT_LOSS,-1.2359572375052252,3,,,,,,,,2.420046604129393,3.6010461091035366,61.99226292429511
UP30_SCORE80_NIKKEION_TP4.0_SL1.0_H3,OOS,2025-10-30,6963.T,LOSS,-2.892671316704465,3,,,,,,,,2.792671316704465,2.274930595614673,63.75590192971936
UP30_SCORE80_NIKKEION_TP4.0_SL1.0_H3,OOS,2025-10-31,6702.T,LOSS,-2.9018631361736547,2,,,,,,,,2.8018631361736546,2.45065013412754,65.79540866798806
UP30_SCORE80_NIKKEION_TP4.0_SL1.0_H3,OOS,2025-11-05,5706.T,HOLD,4.45915807548819,3,,,,,,,,5.2528054908498545,1.558703475593556,65.29307153909187
UP30_SCORE80_NIKKEION_TP4.0_SL1.0_H3,OOS,2025-11-07,1803.T,HOLD,9.747886740444434,3,,,,,,,,3.290381605043365,2.68677935743871,64.40954601558369
UP30_SCORE80_NIKKEION_TP4.0_SL1.0_H3,OOS,2025-11-10,7270.T,HOLD,7.601109275206975,3,,,,,,,,2.658051446991701,2.7772101561407005,65.01760632479895
UP30_SCORE80_NIKKEION_TP4.0_SL1.0_H3,OOS,2025-11-11,1808.T,WIN,6.777220667884854,2,,,,,,,,1.7193051669712152,1.6369459598838314,70.02890227565007
UP30_SCORE80_NIKKEION_TP4.0_SL1.0_H3,OOS,2025-11-12,5706.T,HOLD,11.27808057618679,3,,,,,,,,5.614894184217811,4.21194577004756,74.99619411222699
UP30_SCORE80_NIKKEION_TP4.0_SL1.0_H3,OOS,2025-11-14,5706.T,TIMEOUT_LOSS,-0.14934741465433268,3,,,,,,,,6.069893005466853,1.940307588304884,75.95058471949552
UP30_SCORE80_NIKKEION_TP4.0_SL1.0_H3,OOS,2025-12-09,6506.T,HOLD,1.8648566149694124,3,,,,,,,,3.636145168050938,2.308766845945544,76.76832455304144
UP30_SCORE80_NIKKEION_TP4.0_SL1.0_H3,OOS,2025-12-10,4902.T,HOLD,7.017232504082494,3,,,,,,,,3.0449931792195946,1.6923429403382086,69.30195209769802
UP30_SCORE80_NIKKEION_TP4.0_SL1.0_H3,OOS,2025-12-11,6752.T,HOLD,1.5963772022196232,3,,,,,,,,3.2809941781548835,2.082473388498875,67.99135576721709
UP30_SCORE80_NIKKEION_TP4.0_SL1.0_H3,OOS,2025-12-24,7735.T,HOLD,1.3061989621682923,3,,,,,,,,3.919947628071426,3.4621151052801693,67.59745190212621
UP30_SCORE80_NIKKEION_TP4.0_SL1.0_H3,OOS,2025-12-29,5713.T,LOSS,-3.594783642097077,1,,,,,,,,3.494783642097062,2.025061863335196,73.06969198997692
UP30_SCORE80_NIKKEION_TP4.0_SL1.0_H3,OOS,2026-01-06,7013.T,HOLD,4.150297769539158,3,,,,,,,,3.382536607551249,1.8282032471966256,65.06508574041464
UP30_SCORE80_NIKKEION_TP4.0_SL1.0_H3,OOS,2026-01-07,285A.T,HOLD,7.7408195429471975,3,,,,,,,,7.00814289466772,1.6083974186275565,67.02302402919813
UP30_SCORE80_NIKKEION_TP4.0_SL1.0_H3,OOS,2026-01-08,5706.T,HOLD,6.875686059783515,3,,,,,,,,4.887590266109957,2.086612521353433,65.32212266481312
UP30_SCORE80_NIKKEION_TP4.0_SL1.0_H3,OOS,2026-01-09,4506.T,LOSS,-4.791527753909607,1,,,,,,,,4.691527753909605,1.896698305908159,75.47901105043854
UP30_SCORE80_NIKKEION_TP4.0_SL1.0_H3,OOS,2026-01-13,6920.T,HOLD,10.948173148578666,3,,,,,,,,4.299827285479877,1.910231975136936,62.388725365374334
UP30_SCORE80_NIKKEION_TP4.0_SL1.0_H3,OOS,2026-01-15,7735.T,HOLD,7.045408891144945,3,,,,,,,,3.802438510704964,1.5892500277561896,73.53419148838194
UP30_SCORE80_NIKKEION_TP4.0_SL1.0_H3,OOS,2026-01-16,6752.T,HOLD,1.8471401903388807,3,,,,,,,,3.0474502634836753,1.5093582492180166,67.15062113994684
UP30_SCORE80_NIKKEION_TP4.0_SL1.0_H3,OOS,2026-01-21,4062.T,LOSS,-4.773970533508031,3,,,,,,,,4.673970533508035,1.5046629059588714,73.52379482469222
UP30_SCORE80_NIKKEION_TP4.0_SL1.0_H3,OOS,2026-01-22,3436.T,LOSS,-4.108967247910233,2,,,,,,,,4.00896724791023,2.043114661561871,69.76679418916189
UP30_SCORE80_NIKKEION_TP4.0_SL1.0_H3,OOS,2026-01-26,5801.T,HOLD,10.5928890620811,3,,,,,,,,4.511758092834476,2.2098227364303,74.12028125769359
UP30_SCORE80_NIKKEION_TP4.0_SL1.0_H3,OOS,2026-01-27,6857.T,WIN,16.062606662240185,2,,,,,,,,4.040651665560047,1.5400502235978204,69.03225604930759
UP30_SCORE80_NIKKEION_TP4.0_SL1.0_H3,OOS,2026-01-28,6857.T,LOSS,-4.037376128286329,3,,,,,,,,3.9373761282863295,1.5263652404578067,70.9913959351506
UP30_SCORE80_NIKKEION_TP4.0_SL1.0_H3,OOS,2026-01-29,6857.T,LOSS,-4.563139999360688,1,,,,,,,,4.463139999360691,2.178536434428343,74.85668050032139
UP30_SCORE80_NIKKEION_TP4.0_SL1.0_H3,OOS,2026-01-30,5713.T,LOSS,-4.8612657840299445,1,,,,,,,,4.7612657840299475,3.6103269800317297,74.50943365530547
UP30_SCORE80_NIKKEION_TP4.0_SL1.0_H3,OOS,2026-02-02,7735.T,HOLD,4.0279715269023635,3,,,,,,,,4.560189952500774,1.8495595304408825,68.59055209759605
UP30_SCORE80_NIKKEION_TP4.0_SL1.0_H3,OOS,2026-02-03,5802.T,LOSS,-4.524674049575639,2,,,,,,,,4.424674049575642,3.010246808950368,68.79785747269574
UP30_SCORE80_NIKKEION_TP4.0_SL1.0_H3,OOS,2026-02-04,5801.T,LOSS,-5.486403910158943,1,,,,,,,,5.386403910158943,1.5192891350758757,75.4758725587808
UP30_SCORE80_NIKKEION_TP4.0_SL1.0_H3,OOS,2026-02-05,6723.T,HOLD,7.7076992589914965,3,,,,,,,,4.427977589011389,2.899876454319508,68.35429480373276
UP30_SCORE80_NIKKEION_TP4.0_SL1.0_H3,OOS,2026-02-06,7012.T,WIN,16.959369962981697,1,,,,,,,,4.264842490745427,1.5729208673694408,67.4593315275623
UP30_SCORE80_NIKKEION_TP4.0_SL1.0_H3,OOS,2026-02-09,5803.T,TIMEOUT_LOSS,-0.3594884145250553,3,,,,,,,,5.894731145248508,2.7974811024562314,65.26510749514235
UP30_SCORE80_NIKKEION_TP4.0_SL1.0_H3,OOS,2026-02-10,5233.T,HOLD,4.056214558828953,3,,,,,,,,3.071848312888825,2.7712569058204206,72.48728009612753
UP30_SCORE80_NIKKEION_TP4.0_SL1.0_H3,OOS,2026-02-13,5711.T,LOSS,-4.058054789779675,2,,,,,,,,3.958054789779671,2.6456203776770475,76.9767831666048
UP30_SCORE80_NIKKEION_TP4.0_SL1.0_H3,OOS,2026-02-17,5332.T,HOLD,3.870636319607834,3,,,,,,,,3.231212213341772,2.151003999631748,77.22017773778106
UP30_SCORE80_NIKKEION_TP4.0_SL1.0_H3,OOS,2026-02-18,6981.T,HOLD,13.00693450628766,3,,,,,,,,3.725848504079088,1.897054344978015,67.79124849963043
UP30_SCORE80_NIKKEION_TP4.0_SL1.0_H3,OOS,2026-02-19,5631.T,TIMEOUT_LOSS,-2.143340854565845,3,,,,,,,,4.623899387028141,2.0618150590496898,61.190988407760656
UP30_SCORE80_NIKKEION_TP4.0_SL1.0_H3,OOS,2026-02-20,7532.T,HOLD,1.9497587089616464,3,,,,,,,,2.5387030613319705,1.6109721312790437,66.04613180492257
UP30_SCORE80_NIKKEION_TP4.0_SL1.0_H3,OOS,2026-02-24,6361.T,LOSS,-3.9112094395280295,3,,,,,,,,3.811209439528026,1.506715160356746,67.6016226481249
UP30_SCORE80_NIKKEION_TP4.0_SL1.0_H3,OOS,2026-02-25,4062.T,LOSS,-5.682404418100006,1,,,,,,,,5.582404418100021,1.5450492830876352,65.06453665607634
UP30_SCORE80_NIKKEION_TP4.0_SL1.0_H3,OOS,2026-02-27,7741.T,LOSS,-3.1084744770775163,3,,,,,,,,3.008474477077505,1.8376525219335265,59.53660464640956
UP30_SCORE80_NIKKEION_TP4.0_SL1.0_H3,OOS,2026-06-12,8316.T,HOLD,0.5868560724320849,3,,,,,,,,2.7838484753876553,1.524263130004523,68.57004335868862
UP30_SCORE80_NIKKEION_TP4.0_SL1.0_H3,OOS,2026-06-24,6752.T,TIMEOUT_LOSS,-1.4695554557700996,3,,,,,,,,4.737314773237541,1.689110155324136,69.19046376889298
UP30_SCORE80_NIKKEION_TP4.0_SL1.0_H3,OOS,2026-06-30,6861.T,LOSS,-3.2499300929352715,3,,,,,,,,3.1499300929352714,1.6156011454251944,62.69049023192115
UP30_SCORE80_NIKKEION_TP4.0_SL1.0_H3,OOS,2026-08-07,4385.T,LOSS,-4.467130550033138,2,,,,,,,,4.367130550033135,1.6538247428580348,68.6886868287226
UP30_SCORE80_NIKKEION_TP4.0_SL1.0_H3,OOS,2026-08-19,7733.T,LOSS,-3.0960558252427273,1,,,,,,,,3.0885917585424956,1.6234926575406274,73.68219655203487
UP30_SCORE80_NIKKEION_TP4.0_SL1.0_H3,OOS,2026-08-20,9503.T,LOSS,-2.535147507629709,3,,,,,,,,2.495927012056047,2.2513870022629847,68.82612441044722
UP30_SCORE80_NIKKEION_TP4.0_SL1.0_H3,OOS,2026-08-21,9107.T,LOSS,-2.7957515717279557,2,,,,,,,,2.7704356338717595,1.7388483285442442,83.14583533959757
UP20_SCORE80_NIKKEION_TP3.5_SL1.25_H3,OOS,2025-01-07,6361.T,HOLD,4.500415322065588,3,,,,,,,,3.0344870978700644,1.5540306547809914,69.68237100344051
UP20_SCORE80_NIKKEION_TP3.5_SL1.25_H3,OOS,2025-01-08,8795.T,TIMEOUT_LOSS,-1.4566383777832592,3,,,,,,,,2.3817532403073454,1.6252906152537567,66.33757123022335
UP20_SCORE80_NIKKEION_TP3.5_SL1.25_H3,OOS,2025-01-09,9104.T,HOLD,4.3739994338564685,3,,,,,,,,2.3601397927174235,2.303366546812504,53.51842069648761
UP20_SCORE80_NIKKEION_TP3.5_SL1.25_H3,OOS,2025-01-24,3861.T,WIN,5.750576934866858,1,,,,,,,,1.6715934099619616,1.5865320570697934,66.8685683129112
UP20_SCORE80_NIKKEION_TP3.5_SL1.25_H3,OOS,2025-01-30,4751.T,LOSS,-3.6539060947070268,2,,,,,,,,2.8431248757656196,4.081891498888597,69.04824941242198
UP20_SCORE80_NIKKEION_TP3.5_SL1.25_H3,OOS,2025-03-21,4385.T,HOLD,2.1123035125169776,3,,,,,,,,4.145307259034237,2.4655023063732733,66.31883943224122
UP20_SCORE80_NIKKEION_TP3.5_SL1.25_H3,OOS,2025-03-24,8830.T,TIMEOUT_LOSS,-2.396151013388448,3,,,,,,,,3.1521188737254477,3.603309716771157,74.77264549065845
UP20_SCORE80_NIKKEION_TP3.5_SL1.25_H3,OOS,2025-05-23,5631.T,LOSS,-5.378108874534071,1,,,,,,,,4.457773223756978,3.638256780586112,66.5391720116574
UP20_SCORE80_NIKKEION_TP3.5_SL1.25_H3,OOS,2025-05-29,9201.T,HOLD,4.5441767498590195,3,,,,,,,,1.6846158564918297,1.5260580709535156,71.70576454433363
UP20_SCORE80_NIKKEION_TP3.5_SL1.25_H3,OOS,2025-05-30,7013.T,WIN,11.414023167159526,2,,,,,,,,3.289720904902723,1.7908171365978596,74.63157620760738
UP20_SCORE80_NIKKEION_TP3.5_SL1.25_H3,OOS,2025-06-02,3697.T,TIMEOUT_LOSS,-0.44399044228118345,3,,,,,,,,3.63966401330722,2.587217881109101,78.03906924168916
UP20_SCORE80_NIKKEION_TP3.5_SL1.25_H3,OOS,2025-06-03,7013.T,HOLD,2.3686013650136117,3,,,,,,,,3.4455378792869715,1.7152741017975233,83.10167158544998
UP20_SCORE80_NIKKEION_TP3.5_SL1.25_H3,OOS,2025-06-04,7453.T,HOLD,4.848760491573712,3,,,,,,,,2.714160641857595,1.9209734713929407,80.33942361288243
UP20_SCORE80_NIKKEION_TP3.5_SL1.25_H3,OOS,2025-06-11,4506.T,WIN,22.178719397363455,2,,,,,,,,6.365348399246702,1.7840842172308191,59.53971611899605
UP20_SCORE80_NIKKEION_TP3.5_SL1.25_H3,OOS,2025-06-12,4506.T,TIMEOUT_LOSS,-1.3560386473429942,3,,,,,,,,6.086956521739132,2.1240639958886773,70.77155149941125
UP20_SCORE80_NIKKEION_TP3.5_SL1.25_H3,OOS,2025-06-13,4506.T,TIMEOUT_LOSS,-5.487523629489599,3,,,,,,,,6.1121613106490225,2.409338323306914,72.05265331505392
UP20_SCORE80_NIKKEION_TP3.5_SL1.25_H3,OOS,2025-06-18,7974.T,TIMEOUT_LOSS,-2.362443984310858,3,,,,,,,,3.1080411432345816,1.9666096637335144,70.0131439245264
UP20_SCORE80_NIKKEION_TP3.5_SL1.25_H3,OOS,2025-06-20,6857.T,HOLD,3.9012311235038566,3,,,,,,,,3.7049853857241244,1.8775454411408887,77.2083566564354
UP20_SCORE80_NIKKEION_TP3.5_SL1.25_H3,OOS,2025-06-25,4751.T,HOLD,2.39925344375137,3,,,,,,,,2.448224232485326,1.7507590069680168,78.27118475379257
UP20_SCORE80_NIKKEION_TP3.5_SL1.25_H3,OOS,2025-06-27,6361.T,HOLD,2.9542371282220814,3,,,,,,,,3.090148248564928,3.2685160590189093,79.0940240005441
UP20_SCORE80_NIKKEION_TP3.5_SL1.25_H3,OOS,2025-06-30,9602.T,LOSS,-3.0034748205791884,3,,,,,,,,2.322779856463349,1.781349701378846,69.13089635829124
UP20_SCORE80_NIKKEION_TP3.5_SL1.25_H3,OOS,2025-07-02,5803.T,TIMEOUT_LOSS,-1.0183041590803965,3,,,,,,,,3.518104418026239,1.5261228603842834,64.97343720907216
UP20_SCORE80_NIKKEION_TP3.5_SL1.25_H3,OOS,2025-07-29,6301.T,HOLD,0.996913666829713,3,,,,,,,,2.485113180553955,2.8330656681004918,55.89267622915238
UP20_SCORE80_NIKKEION_TP3.5_SL1.25_H3,OOS,2025-08-12,8750.T,WIN,8.197259919283074,3,,,,,,,,2.3706456912237384,1.7813488989674662,59.71409488695035
UP20_SCORE80_NIKKEION_TP3.5_SL1.25_H3,OOS,2025-09-11,9984.T,HOLD,1.02452078682006,3,,,,,,,,4.451177534300207,1.9915696859343308,69.88278333275962
UP20_SCORE80_NIKKEION_TP3.5_SL1.25_H3,OOS,2025-09-12,6503.T,TIMEOUT_LOSS,-1.2613372047352245,3,,,,,,,,2.283256289408901,1.8201797306118253,70.59312987856188
UP20_SCORE80_NIKKEION_TP3.5_SL1.25_H3,OOS,2025-09-16,4004.T,WIN,9.502047256547453,2,,,,,,,,2.7434420732992697,1.7395339118464073,82.45159900347099
UP20_SCORE80_NIKKEION_TP3.5_SL1.25_H3,OOS,2025-09-17,4755.T,TIMEOUT_LOSS,-2.705532970602964,3,,,,,,,,2.551672620296179,1.5341222254702225,73.8076241680074
UP20_SCORE80_NIKKEION_TP3.5_SL1.25_H3,OOS,2025-09-18,3436.T,HOLD,2.296217093311348,3,,,,,,,,3.7142099735678835,2.48865032528349,74.07006184861473
UP20_SCORE80_NIKKEION_TP3.5_SL1.25_H3,OOS,2025-09-19,9984.T,HOLD,6.731271668052552,3,,,,,,,,4.19037788653831,1.5227937216073335,70.44412800566023
UP20_SCORE80_NIKKEION_TP3.5_SL1.25_H3,OOS,2025-09-22,4062.T,TIMEOUT_LOSS,-0.3500174824091039,3,,,,,,,,4.122560515146145,1.7894109746778686,74.53984482143241
UP20_SCORE80_NIKKEION_TP3.5_SL1.25_H3,OOS,2025-09-24,7269.T,HOLD,0.5450070369343974,3,,,,,,,,2.2629887439238106,2.2592553185441,82.23862799290006
UP20_SCORE80_NIKKEION_TP3.5_SL1.25_H3,OOS,2025-09-25,5713.T,HOLD,1.9928967708735201,3,,,,,,,,2.974929933337715,3.0868339243591145,77.6627866581457
UP20_SCORE80_NIKKEION_TP3.5_SL1.25_H3,OOS,2025-09-26,8331.T,LOSS,-2.498332192026864,3,,,,,,,,1.9186657536214884,1.6157930876630808,69.07485595803402
UP20_SCORE80_NIKKEION_TP3.5_SL1.25_H3,OOS,2025-09-29,6302.T,LOSS,-2.504863074781183,2,,,,,,,,1.9238904598249507,1.645873811228142,70.66536814973965
UP20_SCORE80_NIKKEION_TP3.5_SL1.25_H3,OOS,2025-09-30,6361.T,HOLD,7.641451014184509,3,,,,,,,,2.6803830232856,2.813752314622889,73.71408892688454
UP20_SCORE80_NIKKEION_TP3.5_SL1.25_H3,OOS,2025-10-03,3436.T,TIMEOUT_LOSS,-0.9814757956848051,3,,,,,,,,5.209448177264275,1.9842407165140383,68.61342103351534
UP20_SCORE80_NIKKEION_TP3.5_SL1.25_H3,OOS,2025-10-06,5831.T,HOLD,2.5903029508791087,3,,,,,,,,2.1476454146329633,1.5749219902602063,58.91479517315375
UP20_SCORE80_NIKKEION_TP3.5_SL1.25_H3,OOS,2025-10-09,6361.T,LOSS,-3.8616117291160656,2,,,,,,,,3.00928938329285,2.13871992091976,84.34346295050602
UP20_SCORE80_NIKKEION_TP3.5_SL1.25_H3,OOS,2025-10-15,8267.T,WIN,9.15656480781405,2,,,,,,,,2.6447328022325856,3.114625760960014,76.52249009026771
UP20_SCORE80_NIKKEION_TP3.5_SL1.25_H3,OOS,2025-10-16,9984.T,HOLD,4.620027669178651,3,,,,,,,,4.654991310702586,1.5427533068350163,70.66336537493032
UP20_SCORE80_NIKKEION_TP3.5_SL1.25_H3,OOS,2025-10-17,8267.T,HOLD,8.70131360293175,3,,,,,,,,3.0957123439116607,3.1472642025766024,81.89092555610779
UP20_SCORE80_NIKKEION_TP3.5_SL1.25_H3,OOS,2025-10-20,8267.T,HOLD,6.175346793173453,3,,,,,,,,3.02697538999106,1.5924311030928169,84.0532204157703
UP20_SCORE80_NIKKEION_TP3.5_SL1.25_H3,OOS,2025-10-22,9984.T,HOLD,7.518353541456236,3,,,,,,,,5.483075822569483,2.2145815870232792,63.54720663155452
UP20_SCORE80_NIKKEION_TP3.5_SL1.25_H3,OOS,2025-10-23,6302.T,WIN,9.009316648202537,1,,,,,,,,2.602661899486436,5.609340234110477,76.578236544604
UP20_SCORE80_NIKKEION_TP3.5_SL1.25_H3,OOS,2025-10-24,6976.T,HOLD,9.504006710007962,3,,,,,,,,3.235998443724982,1.6804174056082453,69.34893813502617
UP20_SCORE80_NIKKEION_TP3.5_SL1.25_H3,OOS,2025-10-29,4043.T,TIMEOUT_LOSS,-1.2359572375052252,3,,,,,,,,2.420046604129393,3.6010461091035366,61.99226292429511
UP20_SCORE80_NIKKEION_TP3.5_SL1.25_H3,OOS,2025-10-30,6963.T,LOSS,-3.5908391458805755,3,,,,,,,,2.792671316704465,2.274930595614673,63.75590192971936
UP20_SCORE80_NIKKEION_TP3.5_SL1.25_H3,OOS,2025-10-31,6702.T,LOSS,-3.6023289202170683,2,,,,,,,,2.8018631361736546,2.45065013412754,65.79540866798806
UP20_SCORE80_NIKKEION_TP3.5_SL1.25_H3,OOS,2025-11-05,5706.T,HOLD,4.45915807548819,3,,,,,,,,5.2528054908498545,1.558703475593556,65.29307153909187
UP20_SCORE80_NIKKEION_TP3.5_SL1.25_H3,OOS,2025-11-07,1803.T,HOLD,9.747886740444434,3,,,,,,,,3.290381605043365,2.68677935743871,64.40954601558369
UP20_SCORE80_NIKKEION_TP3.5_SL1.25_H3,OOS,2025-11-10,7270.T,HOLD,7.601109275206975,3,,,,,,,,2.658051446991701,2.7772101561407005,65.01760632479895
UP20_SCORE80_NIKKEION_TP3.5_SL1.25_H3,OOS,2025-11-11,1808.T,WIN,5.917568084399261,2,,,,,,,,1.7193051669712152,1.6369459598838314,70.02890227565007
UP20_SCORE80_NIKKEION_TP3.5_SL1.25_H3,OOS,2025-11-12,5706.T,HOLD,11.27808057618679,3,,,,,,,,5.614894184217811,4.21194577004756,74.99619411222699
UP20_SCORE80_NIKKEION_TP3.5_SL1.25_H3,OOS,2025-11-14,5706.T,TIMEOUT_LOSS,-0.14934741465433268,3,,,,,,,,6.069893005466853,1.940307588304884,75.95058471949552
UP20_SCORE80_NIKKEION_TP3.5_SL1.25_H3,OOS,2025-12-09,6506.T,HOLD,1.8648566149694124,3,,,,,,,,3.636145168050938,2.308766845945544,76.76832455304144
UP20_SCORE80_NIKKEION_TP3.5_SL1.25_H3,OOS,2025-12-10,4902.T,HOLD,7.017232504082494,3,,,,,,,,3.0449931792195946,1.6923429403382086,69.30195209769802
UP20_SCORE80_NIKKEION_TP3.5_SL1.25_H3,OOS,2025-12-11,6752.T,HOLD,1.5963772022196232,3,,,,,,,,3.2809941781548835,2.082473388498875,67.99135576721709
UP20_SCORE80_NIKKEION_TP3.5_SL1.25_H3,OOS,2025-12-24,7735.T,HOLD,1.3061989621682923,3,,,,,,,,3.919947628071426,3.4621151052801693,67.59745190212621
UP20_SCORE80_NIKKEION_TP3.5_SL1.25_H3,OOS,2025-12-29,5713.T,HOLD,7.503343431110577,3,,,,,,,,3.494783642097062,2.025061863335196,73.06969198997692
UP20_SCORE80_NIKKEION_TP3.5_SL1.25_H3,OOS,2026-01-06,7013.T,HOLD,4.150297769539158,3,,,,,,,,3.382536607551249,1.8282032471966256,65.06508574041464
UP20_SCORE80_NIKKEION_TP3.5_SL1.25_H3,OOS,2026-01-07,285A.T,HOLD,7.7408195429471975,3,,,,,,,,7.00814289466772,1.6083974186275565,67.02302402919813
UP20_SCORE80_NIKKEION_TP3.5_SL1.25_H3,OOS,2026-01-08,5706.T,HOLD,6.875686059783515,3,,,,,,,,4.887590266109957,2.086612521353433,65.32212266481312
UP20_SCORE80_NIKKEION_TP3.5_SL1.25_H3,OOS,2026-01-09,4506.T,TIMEOUT_LOSS,-2.4887265853239415,3,,,,,,,,4.691527753909605,1.896698305908159,75.47901105043854
UP20_SCORE80_NIKKEION_TP3.5_SL1.25_H3,OOS,2026-01-13,6920.T,HOLD,10.948173148578666,3,,,,,,,,4.299827285479877,1.910231975136936,62.388725365374334
UP20_SCORE80_NIKKEION_TP3.5_SL1.25_H3,OOS,2026-01-15,7735.T,HOLD,7.045408891144945,3,,,,,,,,3.802438510704964,1.5892500277561896,73.53419148838194
UP20_SCORE80_NIKKEION_TP3.5_SL1.25_H3,OOS,2026-01-16,6752.T,HOLD,1.8471401903388807,3,,,,,,,,3.0474502634836753,1.5093582492180166,67.15062113994684
UP20_SCORE80_NIKKEION_TP3.5_SL1.25_H3,OOS,2026-01-21,4062.T,LOSS,-5.942463166885048,3,,,,,,,,4.673970533508035,1.5046629059588714,73.52379482469222
UP20_SCORE80_NIKKEION_TP3.5_SL1.25_H3,OOS,2026-01-22,3436.T,LOSS,-5.111209059887789,2,,,,,,,,4.00896724791023,2.043114661561871,69.76679418916189
UP20_SCORE80_NIKKEION_TP3.5_SL1.25_H3,OOS,2026-01-26,5801.T,WIN,15.691153324920672,2,,,,,,,,4.511758092834476,2.2098227364303,74.12028125769359
UP20_SCORE80_NIKKEION_TP3.5_SL1.25_H3,OOS,2026-01-27,6857.T,WIN,14.042280829460163,2,,,,,,,,4.040651665560047,1.5400502235978204,69.03225604930759
UP20_SCORE80_NIKKEION_TP3.5_SL1.25_H3,OOS,2026-01-28,6857.T,WIN,13.680816449002153,1,,,,,,,,3.9373761282863295,1.5263652404578067,70.9913959351506
UP20_SCORE80_NIKKEION_TP3.5_SL1.25_H3,OOS,2026-01-29,6857.T,LOSS,-5.678924999200863,1,,,,,,,,4.463139999360691,2.178536434428343,74.85668050032139
UP20_SCORE80_NIKKEION_TP3.5_SL1.25_H3,OOS,2026-01-30,5713.T,LOSS,-6.0515822300374325,1,,,,,,,,4.7612657840299475,3.6103269800317297,74.50943365530547
UP20_SCORE80_NIKKEION_TP3.5_SL1.25_H3,OOS,2026-02-02,7735.T,HOLD,4.0279715269023635,3,,,,,,,,4.560189952500774,1.8495595304408825,68.59055209759605
UP20_SCORE80_NIKKEION_TP3.5_SL1.25_H3,OOS,2026-02-03,5802.T,TIMEOUT_LOSS,-0.5097333253963331,3,,,,,,,,4.424674049575642,3.010246808950368,68.79785747269574
UP20_SCORE80_NIKKEION_TP3.5_SL1.25_H3,OOS,2026-02-04,5801.T,LOSS,-6.833004887698679,2,,,,,,,,5.386403910158943,1.5192891350758757,75.4758725587808
UP20_SCORE80_NIKKEION_TP3.5_SL1.25_H3,OOS,2026-02-05,6723.T,HOLD,7.7076992589914965,3,,,,,,,,4.427977589011389,2.899876454319508,68.35429480373276
UP20_SCORE80_NIKKEION_TP3.5_SL1.25_H3,OOS,2026-02-06,7012.T,WIN,14.826948717609001,1,,,,,,,,4.264842490745427,1.5729208673694408,67.4593315275623
UP20_SCORE80_NIKKEION_TP3.5_SL1.25_H3,OOS,2026-02-09,5803.T,TIMEOUT_LOSS,-0.3594884145250553,3,,,,,,,,5.894731145248508,2.7974811024562314,65.26510749514235
UP20_SCORE80_NIKKEION_TP3.5_SL1.25_H3,OOS,2026-02-10,5233.T,HOLD,4.056214558828953,3,,,,,,,,3.071848312888825,2.7712569058204206,72.48728009612753
UP20_SCORE80_NIKKEION_TP3.5_SL1.25_H3,OOS,2026-02-13,5711.T,LOSS,-5.047568487224596,2,,,,,,,,3.958054789779671,2.6456203776770475,76.9767831666048
UP20_SCORE80_NIKKEION_TP3.5_SL1.25_H3,OOS,2026-02-17,5332.T,HOLD,3.870636319607834,3,,,,,,,,3.231212213341772,2.151003999631748,77.22017773778106
UP20_SCORE80_NIKKEION_TP3.5_SL1.25_H3,OOS,2026-02-18,6981.T,WIN,12.940469764276797,3,,,,,,,,3.725848504079088,1.897054344978015,67.79124849963043
UP20_SCORE80_NIKKEION_TP3.5_SL1.25_H3,OOS,2026-02-19,5631.T,TIMEOUT_LOSS,-2.143340854565845,3,,,,,,,,4.623899387028141,2.0618150590496898,61.190988407760656
UP20_SCORE80_NIKKEION_TP3.5_SL1.25_H3,OOS,2026-02-20,7532.T,HOLD,1.9497587089616464,3,,,,,,,,2.5387030613319705,1.6109721312790437,66.04613180492257
UP20_SCORE80_NIKKEION_TP3.5_SL1.25_H3,OOS,2026-02-24,6361.T,TIMEOUT_LOSS,-2.011504424778765,3,,,,,,,,3.811209439528026,1.506715160356746,67.6016226481249
UP20_SCORE80_NIKKEION_TP3.5_SL1.25_H3,OOS,2026-02-25,4062.T,LOSS,-7.078005522625019,1,,,,,,,,5.582404418100021,1.5450492830876352,65.06453665607634
UP20_SCORE80_NIKKEION_TP3.5_SL1.25_H3,OOS,2026-02-27,7741.T,LOSS,-3.860593096346887,3,,,,,,,,3.008474477077505,1.8376525219335265,59.53660464640956
UP20_SCORE80_NIKKEION_TP3.5_SL1.25_H3,OOS,2026-06-12,8316.T,HOLD,0.5868560724320849,3,,,,,,,,2.7838484753876553,1.524263130004523,68.57004335868862
UP20_SCORE80_NIKKEION_TP3.5_SL1.25_H3,OOS,2026-06-24,6752.T,TIMEOUT_LOSS,-1.4695554557700996,3,,,,,,,,4.737314773237541,1.689110155324136,69.19046376889298
UP20_SCORE80_NIKKEION_TP3.5_SL1.25_H3,OOS,2026-06-30,6861.T,TIMEOUT_LOSS,-1.0375771033802161,3,,,,,,,,3.1499300929352714,1.6156011454251944,62.69049023192115
UP20_SCORE80_NIKKEION_TP3.5_SL1.25_H3,OOS,2026-08-07,4385.T,LOSS,-5.558913187541414,2,,,,,,,,4.367130550033135,1.6538247428580348,68.6886868287226
UP20_SCORE80_NIKKEION_TP3.5_SL1.25_H3,OOS,2026-08-19,7733.T,TIMEOUT_LOSS,-1.4194444444444398,3,,,,,,,,3.0885917585424956,1.6234926575406274,73.68219655203487
UP20_SCORE80_NIKKEION_TP3.5_SL1.25_H3,OOS,2026-08-20,9503.T,TIMEOUT_LOSS,-1.4119814779085527,3,,,,,,,,2.495927012056047,2.2513870022629847,68.82612441044722
UP20_SCORE80_NIKKEION_TP3.5_SL1.25_H3,OOS,2026-08-21,9107.T,LOSS,-3.4471318746304047,2,,,,,,,,2.7704356338717595,1.7388483285442442,83.14583533959757
UP25_SCORE80_NIKKEION_TP4.0_SL1.25_H3,OOS,2025-01-07,6361.T,HOLD,4.500415322065588,3,,,,,,,,3.0344870978700644,1.5540306547809914,69.68237100344051
UP25_SCORE80_NIKKEION_TP4.0_SL1.25_H3,OOS,2025-01-08,8795.T,TIMEOUT_LOSS,-1.4566383777832592,3,,,,,,,,2.3817532403073454,1.6252906152537567,66.33757123022335
UP25_SCORE80_NIKKEION_TP4.0_SL1.25_H3,OOS,2025-01-09,9104.T,HOLD,4.3739994338564685,3,,,,,,,,2.3601397927174235,2.303366546812504,53.51842069648761
UP25_SCORE80_NIKKEION_TP4.0_SL1.25_H3,OOS,2025-01-24,3861.T,WIN,6.586373639847854,1,,,,,,,,1.6715934099619616,1.5865320570697934,66.8685683129112
UP25_SCORE80_NIKKEION_TP4.0_SL1.25_H3,OOS,2025-01-30,4751.T,LOSS,-3.6539060947070268,2,,,,,,,,2.8431248757656196,4.081891498888597,69.04824941242198
UP25_SCORE80_NIKKEION_TP4.0_SL1.25_H3,OOS,2025-03-21,4385.T,HOLD,2.1123035125169776,3,,,,,,,,4.145307259034237,2.4655023063732733,66.31883943224122
UP25_SCORE80_NIKKEION_TP4.0_SL1.25_H3,OOS,2025-03-24,8830.T,TIMEOUT_LOSS,-2.396151013388448,3,,,,,,,,3.1521188737254477,3.603309716771157,74.77264549065845
UP25_SCORE80_NIKKEION_TP4.0_SL1.25_H3,OOS,2025-05-23,5631.T,LOSS,-5.378108874534071,1,,,,,,,,4.457773223756978,3.638256780586112,66.5391720116574
UP25_SCORE80_NIKKEION_TP4.0_SL1.25_H3,OOS,2025-05-29,9201.T,HOLD,4.5441767498590195,3,,,,,,,,1.6846158564918297,1.5260580709535156,71.70576454433363
UP25_SCORE80_NIKKEION_TP4.0_SL1.25_H3,OOS,2025-05-30,7013.T,WIN,13.058883619610883,3,,,,,,,,3.289720904902723,1.7908171365978596,74.63157620760738
UP25_SCORE80_NIKKEION_TP4.0_SL1.25_H3,OOS,2025-06-02,3697.T,TIMEOUT_LOSS,-0.44399044228118345,3,,,,,,,,3.63966401330722,2.587217881109101,78.03906924168916
UP25_SCORE80_NIKKEION_TP4.0_SL1.25_H3,OOS,2025-06-03,7013.T,HOLD,2.3686013650136117,3,,,,,,,,3.4455378792869715,1.7152741017975233,83.10167158544998
UP25_SCORE80_NIKKEION_TP4.0_SL1.25_H3,OOS,2025-06-04,7453.T,HOLD,4.848760491573712,3,,,,,,,,2.714160641857595,1.9209734713929407,80.33942361288243
UP25_SCORE80_NIKKEION_TP4.0_SL1.25_H3,OOS,2025-06-11,4506.T,HOLD,18.20508474576271,3,,,,,,,,6.365348399246702,1.7840842172308191,59.53971611899605
UP25_SCORE80_NIKKEION_TP4.0_SL1.25_H3,OOS,2025-06-12,4506.T,TIMEOUT_LOSS,-1.3560386473429942,3,,,,,,,,6.086956521739132,2.1240639958886773,70.77155149941125
UP25_SCORE80_NIKKEION_TP4.0_SL1.25_H3,OOS,2025-06-13,4506.T,TIMEOUT_LOSS,-5.487523629489599,3,,,,,,,,6.1121613106490225,2.409338323306914,72.05265331505392
UP25_SCORE80_NIKKEION_TP4.0_SL1.25_H3,OOS,2025-06-18,7974.T,TIMEOUT_LOSS,-2.362443984310858,3,,,,,,,,3.1080411432345816,1.9666096637335144,70.0131439245264
UP25_SCORE80_NIKKEION_TP4.0_SL1.25_H3,OOS,2025-06-20,6857.T,HOLD,3.9012311235038566,3,,,,,,,,3.7049853857241244,1.8775454411408887,77.2083566564354
UP25_SCORE80_NIKKEION_TP4.0_SL1.25_H3,OOS,2025-06-25,4751.T,HOLD,2.39925344375137,3,,,,,,,,2.448224232485326,1.7507590069680168,78.27118475379257
UP25_SCORE80_NIKKEION_TP4.0_SL1.25_H3,OOS,2025-06-27,6361.T,HOLD,2.9542371282220814,3,,,,,,,,3.090148248564928,3.2685160590189093,79.0940240005441
UP25_SCORE80_NIKKEION_TP4.0_SL1.25_H3,OOS,2025-06-30,9602.T,LOSS,-3.0034748205791884,3,,,,,,,,2.322779856463349,1.781349701378846,69.13089635829124
UP25_SCORE80_NIKKEION_TP4.0_SL1.25_H3,OOS,2025-07-02,5803.T,TIMEOUT_LOSS,-1.0183041590803965,3,,,,,,,,3.518104418026239,1.5261228603842834,64.97343720907216
UP25_SCORE80_NIKKEION_TP4.0_SL1.25_H3,OOS,2025-07-29,6301.T,HOLD,0.996913666829713,3,,,,,,,,2.485113180553955,2.8330656681004918,55.89267622915238
UP25_SCORE80_NIKKEION_TP4.0_SL1.25_H3,OOS,2025-08-12,8750.T,WIN,9.382582764894954,3,,,,,,,,2.3706456912237384,1.7813488989674662,59.71409488695035
UP25_SCORE80_NIKKEION_TP4.0_SL1.25_H3,OOS,2025-09-11,9984.T,HOLD,1.02452078682006,3,,,,,,,,4.451177534300207,1.9915696859343308,69.88278333275962
UP25_SCORE80_NIKKEION_TP4.0_SL1.25_H3,OOS,2025-09-12,6503.T,TIMEOUT_LOSS,-1.2613372047352245,3,,,,,,,,2.283256289408901,1.8201797306118253,70.59312987856188
UP25_SCORE80_NIKKEION_TP4.0_SL1.25_H3,OOS,2025-09-16,4004.T,WIN,10.873768293197072,2,,,,,,,,2.7434420732992697,1.7395339118464073,82.45159900347099
UP25_SCORE80_NIKKEION_TP4.0_SL1.25_H3,OOS,2025-09-17,4755.T,TIMEOUT_LOSS,-2.705532970602964,3,,,,,,,,2.551672620296179,1.5341222254702225,73.8076241680074
UP25_SCORE80_NIKKEION_TP4.0_SL1.25_H3,OOS,2025-09-18,3436.T,HOLD,2.296217093311348,3,,,,,,,,3.7142099735678835,2.48865032528349,74.07006184861473
UP25_SCORE80_NIKKEION_TP4.0_SL1.25_H3,OOS,2025-09-19,9984.T,HOLD,6.731271668052552,3,,,,,,,,4.19037788653831,1.5227937216073335,70.44412800566023
UP25_SCORE80_NIKKEION_TP4.0_SL1.25_H3,OOS,2025-09-22,4062.T,TIMEOUT_LOSS,-0.3500174824091039,3,,,,,,,,4.122560515146145,1.7894109746778686,74.53984482143241
UP25_SCORE80_NIKKEION_TP4.0_SL1.25_H3,OOS,2025-09-24,7269.T,HOLD,0.5450070369343974,3,,,,,,,,2.2629887439238106,2.2592553185441,82.23862799290006
UP25_SCORE80_NIKKEION_TP4.0_SL1.25_H3,OOS,2025-09-25,5713.T,HOLD,1.9928967708735201,3,,,,,,,,2.974929933337715,3.0868339243591145,77.6627866581457
UP25_SCORE80_NIKKEION_TP4.0_SL1.25_H3,OOS,2025-09-26,8331.T,LOSS,-2.498332192026864,3,,,,,,,,1.9186657536214884,1.6157930876630808,69.07485595803402
UP25_SCORE80_NIKKEION_TP4.0_SL1.25_H3,OOS,2025-09-29,6302.T,LOSS,-2.504863074781183,2,,,,,,,,1.9238904598249507,1.645873811228142,70.66536814973965
UP25_SCORE80_NIKKEION_TP4.0_SL1.25_H3,OOS,2025-09-30,6361.T,HOLD,7.641451014184509,3,,,,,,,,2.6803830232856,2.813752314622889,73.71408892688454
UP25_SCORE80_NIKKEION_TP4.0_SL1.25_H3,OOS,2025-10-03,3436.T,TIMEOUT_LOSS,-0.9814757956848051,3,,,,,,,,5.209448177264275,1.9842407165140383,68.61342103351534
UP25_SCORE80_NIKKEION_TP4.0_SL1.25_H3,OOS,2025-10-06,5831.T,HOLD,2.5903029508791087,3,,,,,,,,2.1476454146329633,1.5749219902602063,58.91479517315375
UP25_SCORE80_NIKKEION_TP4.0_SL1.25_H3,OOS,2025-10-09,6361.T,LOSS,-3.8616117291160656,2,,,,,,,,3.00928938329285,2.13871992091976,84.34346295050602
UP25_SCORE80_NIKKEION_TP4.0_SL1.25_H3,OOS,2025-10-15,8267.T,WIN,10.478931208930343,2,,,,,,,,2.6447328022325856,3.114625760960014,76.52249009026771
UP25_SCORE80_NIKKEION_TP4.0_SL1.25_H3,OOS,2025-10-16,9984.T,HOLD,4.620027669178651,3,,,,,,,,4.654991310702586,1.5427533068350163,70.66336537493032
UP25_SCORE80_NIKKEION_TP4.0_SL1.25_H3,OOS,2025-10-17,8267.T,HOLD,8.70131360293175,3,,,,,,,,3.0957123439116607,3.1472642025766024,81.89092555610779
UP25_SCORE80_NIKKEION_TP4.0_SL1.25_H3,OOS,2025-10-20,8267.T,HOLD,6.175346793173453,3,,,,,,,,3.02697538999106,1.5924311030928169,84.0532204157703
UP25_SCORE80_NIKKEION_TP4.0_SL1.25_H3,OOS,2025-10-22,9984.T,HOLD,7.518353541456236,3,,,,,,,,5.483075822569483,2.2145815870232792,63.54720663155452
UP25_SCORE80_NIKKEION_TP4.0_SL1.25_H3,OOS,2025-10-23,1963.T,HOLD,2.8133252403010123,3,,,,,,,,2.885925880850186,1.932891948159124,62.02249139463407
UP25_SCORE80_NIKKEION_TP4.0_SL1.25_H3,OOS,2025-10-24,6976.T,HOLD,9.504006710007962,3,,,,,,,,3.235998443724982,1.6804174056082453,69.34893813502617
UP25_SCORE80_NIKKEION_TP4.0_SL1.25_H3,OOS,2025-10-29,4043.T,TIMEOUT_LOSS,-1.2359572375052252,3,,,,,,,,2.420046604129393,3.6010461091035366,61.99226292429511
UP25_SCORE80_NIKKEION_TP4.0_SL1.25_H3,OOS,2025-10-30,6963.T,LOSS,-3.5908391458805755,3,,,,,,,,2.792671316704465,2.274930595614673,63.75590192971936
UP25_SCORE80_NIKKEION_TP4.0_SL1.25_H3,OOS,2025-10-31,6702.T,LOSS,-3.6023289202170683,2,,,,,,,,2.8018631361736546,2.45065013412754,65.79540866798806
UP25_SCORE80_NIKKEION_TP4.0_SL1.25_H3,OOS,2025-11-05,5706.T,HOLD,4.45915807548819,3,,,,,,,,5.2528054908498545,1.558703475593556,65.29307153909187
UP25_SCORE80_NIKKEION_TP4.0_SL1.25_H3,OOS,2025-11-07,1803.T,HOLD,9.747886740444434,3,,,,,,,,3.290381605043365,2.68677935743871,64.40954601558369
UP25_SCORE80_NIKKEION_TP4.0_SL1.25_H3,OOS,2025-11-10,7270.T,HOLD,7.601109275206975,3,,,,,,,,2.658051446991701,2.7772101561407005,65.01760632479895
UP25_SCORE80_NIKKEION_TP4.0_SL1.25_H3,OOS,2025-11-11,1808.T,WIN,6.777220667884854,2,,,,,,,,1.7193051669712152,1.6369459598838314,70.02890227565007
UP25_SCORE80_NIKKEION_TP4.0_SL1.25_H3,OOS,2025-11-12,5706.T,HOLD,11.27808057618679,3,,,,,,,,5.614894184217811,4.21194577004756,74.99619411222699
UP25_SCORE80_NIKKEION_TP4.0_SL1.25_H3,OOS,2025-11-14,5706.T,TIMEOUT_LOSS,-0.14934741465433268,3,,,,,,,,6.069893005466853,1.940307588304884,75.95058471949552
UP25_SCORE80_NIKKEION_TP4.0_SL1.25_H3,OOS,2025-12-09,6506.T,HOLD,1.8648566149694124,3,,,,,,,,3.636145168050938,2.308766845945544,76.76832455304144
UP25_SCORE80_NIKKEION_TP4.0_SL1.25_H3,OOS,2025-12-10,4902.T,HOLD,7.017232504082494,3,,,,,,,,3.0449931792195946,1.6923429403382086,69.30195209769802
UP25_SCORE80_NIKKEION_TP4.0_SL1.25_H3,OOS,2025-12-11,6752.T,HOLD,1.5963772022196232,3,,,,,,,,3.2809941781548835,2.082473388498875,67.99135576721709
UP25_SCORE80_NIKKEION_TP4.0_SL1.25_H3,OOS,2025-12-24,7735.T,HOLD,1.3061989621682923,3,,,,,,,,3.919947628071426,3.4621151052801693,67.59745190212621
UP25_SCORE80_NIKKEION_TP4.0_SL1.25_H3,OOS,2025-12-29,5713.T,HOLD,7.503343431110577,3,,,,,,,,3.494783642097062,2.025061863335196,73.06969198997692
UP25_SCORE80_NIKKEION_TP4.0_SL1.25_H3,OOS,2026-01-06,7013.T,HOLD,4.150297769539158,3,,,,,,,,3.382536607551249,1.8282032471966256,65.06508574041464
UP25_SCORE80_NIKKEION_TP4.0_SL1.25_H3,OOS,2026-01-07,285A.T,HOLD,7.7408195429471975,3,,,,,,,,7.00814289466772,1.6083974186275565,67.02302402919813
UP25_SCORE80_NIKKEION_TP4.0_SL1.25_H3,OOS,2026-01-08,5706.T,HOLD,6.875686059783515,3,,,,,,,,4.887590266109957,2.086612521353433,65.32212266481312
UP25_SCORE80_NIKKEION_TP4.0_SL1.25_H3,OOS,2026-01-09,4506.T,TIMEOUT_LOSS,-2.4887265853239415,3,,,,,,,,4.691527753909605,1.896698305908159,75.47901105043854
UP25_SCORE80_NIKKEION_TP4.0_SL1.25_H3,OOS,2026-01-13,6920.T,HOLD,10.948173148578666,3,,,,,,,,4.299827285479877,1.910231975136936,62.388725365374334
UP25_SCORE80_NIKKEION_TP4.0_SL1.25_H3,OOS,2026-01-15,7735.T,HOLD,7.045408891144945,3,,,,,,,,3.802438510704964,1.5892500277561896,73.53419148838194
UP25_SCORE80_NIKKEION_TP4.0_SL1.25_H3,OOS,2026-01-16,6752.T,HOLD,1.8471401903388807,3,,,,,,,,3.0474502634836753,1.5093582492180166,67.15062113994684
UP25_SCORE80_NIKKEION_TP4.0_SL1.25_H3,OOS,2026-01-21,4062.T,LOSS,-5.942463166885048,3,,,,,,,,4.673970533508035,1.5046629059588714,73.52379482469222
UP25_SCORE80_NIKKEION_TP4.0_SL1.25_H3,OOS,2026-01-22,3436.T,LOSS,-5.111209059887789,2,,,,,,,,4.00896724791023,2.043114661561871,69.76679418916189
UP25_SCORE80_NIKKEION_TP4.0_SL1.25_H3,OOS,2026-01-26,5801.T,HOLD,10.5928890620811,3,,,,,,,,4.511758092834476,2.2098227364303,74.12028125769359
UP25_SCORE80_NIKKEION_TP4.0_SL1.25_H3,OOS,2026-01-27,6857.T,WIN,16.062606662240185,2,,,,,,,,4.040651665560047,1.5400502235978204,69.03225604930759
UP25_SCORE80_NIKKEION_TP4.0_SL1.25_H3,OOS,2026-01-28,6857.T,TIMEOUT_LOSS,-4.806017939757423,3,,,,,,,,3.9373761282863295,1.5263652404578067,70.9913959351506
UP25_SCORE80_NIKKEION_TP4.0_SL1.25_H3,OOS,2026-01-29,6857.T,LOSS,-5.678924999200863,1,,,,,,,,4.463139999360691,2.178536434428343,74.85668050032139
UP25_SCORE80_NIKKEION_TP4.0_SL1.25_H3,OOS,2026-01-30,5713.T,LOSS,-6.0515822300374325,1,,,,,,,,4.7612657840299475,3.6103269800317297,74.50943365530547
UP25_SCORE80_NIKKEION_TP4.0_SL1.25_H3,OOS,2026-02-02,7735.T,HOLD,4.0279715269023635,3,,,,,,,,4.560189952500774,1.8495595304408825,68.59055209759605
UP25_SCORE80_NIKKEION_TP4.0_SL1.25_H3,OOS,2026-02-03,5802.T,TIMEOUT_LOSS,-0.5097333253963331,3,,,,,,,,4.424674049575642,3.010246808950368,68.79785747269574
UP25_SCORE80_NIKKEION_TP4.0_SL1.25_H3,OOS,2026-02-04,5801.T,LOSS,-6.833004887698679,2,,,,,,,,5.386403910158943,1.5192891350758757,75.4758725587808
UP25_SCORE80_NIKKEION_TP4.0_SL1.25_H3,OOS,2026-02-05,6723.T,HOLD,7.7076992589914965,3,,,,,,,,4.427977589011389,2.899876454319508,68.35429480373276
UP25_SCORE80_NIKKEION_TP4.0_SL1.25_H3,OOS,2026-02-06,7012.T,WIN,16.959369962981697,1,,,,,,,,4.264842490745427,1.5729208673694408,67.4593315275623
UP25_SCORE80_NIKKEION_TP4.0_SL1.25_H3,OOS,2026-02-09,5803.T,TIMEOUT_LOSS,-0.3594884145250553,3,,,,,,,,5.894731145248508,2.7974811024562314,65.26510749514235
UP25_SCORE80_NIKKEION_TP4.0_SL1.25_H3,OOS,2026-02-10,5233.T,HOLD,4.056214558828953,3,,,,,,,,3.071848312888825,2.7712569058204206,72.48728009612753
UP25_SCORE80_NIKKEION_TP4.0_SL1.25_H3,OOS,2026-02-13,5711.T,LOSS,-5.047568487224596,2,,,,,,,,3.958054789779671,2.6456203776770475,76.9767831666048
UP25_SCORE80_NIKKEION_TP4.0_SL1.25_H3,OOS,2026-02-17,5332.T,HOLD,3.870636319607834,3,,,,,,,,3.231212213341772,2.151003999631748,77.22017773778106
UP25_SCORE80_NIKKEION_TP4.0_SL1.25_H3,OOS,2026-02-18,6981.T,HOLD,13.00693450628766,3,,,,,,,,3.725848504079088,1.897054344978015,67.79124849963043
UP25_SCORE80_NIKKEION_TP4.0_SL1.25_H3,OOS,2026-02-19,5631.T,TIMEOUT_LOSS,-2.143340854565845,3,,,,,,,,4.623899387028141,2.0618150590496898,61.190988407760656
UP25_SCORE80_NIKKEION_TP4.0_SL1.25_H3,OOS,2026-02-20,7532.T,HOLD,1.9497587089616464,3,,,,,,,,2.5387030613319705,1.6109721312790437,66.04613180492257
UP25_SCORE80_NIKKEION_TP4.0_SL1.25_H3,OOS,2026-02-24,6361.T,TIMEOUT_LOSS,-2.011504424778765,3,,,,,,,,3.811209439528026,1.506715160356746,67.6016226481249
UP25_SCORE80_NIKKEION_TP4.0_SL1.25_H3,OOS,2026-02-25,4062.T,LOSS,-7.078005522625019,1,,,,,,,,5.582404418100021,1.5450492830876352,65.06453665607634
UP25_SCORE80_NIKKEION_TP4.0_SL1.25_H3,OOS,2026-02-27,7741.T,LOSS,-3.860593096346887,3,,,,,,,,3.008474477077505,1.8376525219335265,59.53660464640956
UP25_SCORE80_NIKKEION_TP4.0_SL1.25_H3,OOS,2026-06-12,8316.T,HOLD,0.5868560724320849,3,,,,,,,,2.7838484753876553,1.524263130004523,68.57004335868862
UP25_SCORE80_NIKKEION_TP4.0_SL1.25_H3,OOS,2026-06-24,6752.T,TIMEOUT_LOSS,-1.4695554557700996,3,,,,,,,,4.737314773237541,1.689110155324136,69.19046376889298
UP25_SCORE80_NIKKEION_TP4.0_SL1.25_H3,OOS,2026-06-30,6861.T,TIMEOUT_LOSS,-1.0375771033802161,3,,,,,,,,3.1499300929352714,1.6156011454251944,62.69049023192115
UP25_SCORE80_NIKKEION_TP4.0_SL1.25_H3,OOS,2026-08-07,4385.T,LOSS,-5.558913187541414,2,,,,,,,,4.367130550033135,1.6538247428580348,68.6886868287226
UP25_SCORE80_NIKKEION_TP4.0_SL1.25_H3,OOS,2026-08-19,7733.T,TIMEOUT_LOSS,-1.4194444444444398,3,,,,,,,,3.0885917585424956,1.6234926575406274,73.68219655203487
UP25_SCORE80_NIKKEION_TP4.0_SL1.25_H3,OOS,2026-08-20,9503.T,TIMEOUT_LOSS,-1.4119814779085527,3,,,,,,,,2.495927012056047,2.2513870022629847,68.82612441044722
UP25_SCORE80_NIKKEION_TP4.0_SL1.25_H3,OOS,2026-08-21,9107.T,LOSS,-3.4471318746304047,2,,,,,,,,2.7704356338717595,1.7388483285442442,83.14583533959757
UP30_SCORE80_NIKKEION_TP4.0_SL1.25_H3,OOS,2025-01-07,6361.T,HOLD,4.500415322065588,3,,,,,,,,3.0344870978700644,1.5540306547809914,69.68237100344051
UP30_SCORE80_NIKKEION_TP4.0_SL1.25_H3,OOS,2025-01-08,8795.T,TIMEOUT_LOSS,-1.4566383777832592,3,,,,,,,,2.3817532403073454,1.6252906152537567,66.33757123022335
UP30_SCORE80_NIKKEION_TP4.0_SL1.25_H3,OOS,2025-01-09,9104.T,HOLD,4.3739994338564685,3,,,,,,,,2.3601397927174235,2.303366546812504,53.51842069648761
UP30_SCORE80_NIKKEION_TP4.0_SL1.25_H3,OOS,2025-01-24,3861.T,WIN,6.586373639847854,1,,,,,,,,1.6715934099619616,1.5865320570697934,66.8685683129112
UP30_SCORE80_NIKKEION_TP4.0_SL1.25_H3,OOS,2025-01-30,4751.T,LOSS,-3.6539060947070268,2,,,,,,,,2.8431248757656196,4.081891498888597,69.04824941242198
UP30_SCORE80_NIKKEION_TP4.0_SL1.25_H3,OOS,2025-03-21,4385.T,HOLD,2.1123035125169776,3,,,,,,,,4.145307259034237,2.4655023063732733,66.31883943224122
UP30_SCORE80_NIKKEION_TP4.0_SL1.25_H3,OOS,2025-03-24,8830.T,TIMEOUT_LOSS,-2.396151013388448,3,,,,,,,,3.1521188737254477,3.603309716771157,74.77264549065845
UP30_SCORE80_NIKKEION_TP4.0_SL1.25_H3,OOS,2025-05-23,5631.T,LOSS,-5.378108874534071,1,,,,,,,,4.457773223756978,3.638256780586112,66.5391720116574
UP30_SCORE80_NIKKEION_TP4.0_SL1.25_H3,OOS,2025-05-29,9201.T,HOLD,4.5441767498590195,3,,,,,,,,1.6846158564918297,1.5260580709535156,71.70576454433363
UP30_SCORE80_NIKKEION_TP4.0_SL1.25_H3,OOS,2025-05-30,7013.T,WIN,13.058883619610883,3,,,,,,,,3.289720904902723,1.7908171365978596,74.63157620760738
UP30_SCORE80_NIKKEION_TP4.0_SL1.25_H3,OOS,2025-06-02,3697.T,TIMEOUT_LOSS,-0.44399044228118345,3,,,,,,,,3.63966401330722,2.587217881109101,78.03906924168916
UP30_SCORE80_NIKKEION_TP4.0_SL1.25_H3,OOS,2025-06-03,7013.T,HOLD,2.3686013650136117,3,,,,,,,,3.4455378792869715,1.7152741017975233,83.10167158544998
UP30_SCORE80_NIKKEION_TP4.0_SL1.25_H3,OOS,2025-06-04,7453.T,HOLD,4.848760491573712,3,,,,,,,,2.714160641857595,1.9209734713929407,80.33942361288243
UP30_SCORE80_NIKKEION_TP4.0_SL1.25_H3,OOS,2025-06-11,4506.T,HOLD,18.20508474576271,3,,,,,,,,6.365348399246702,1.7840842172308191,59.53971611899605
UP30_SCORE80_NIKKEION_TP4.0_SL1.25_H3,OOS,2025-06-12,4506.T,TIMEOUT_LOSS,-1.3560386473429942,3,,,,,,,,6.086956521739132,2.1240639958886773,70.77155149941125
UP30_SCORE80_NIKKEION_TP4.0_SL1.25_H3,OOS,2025-06-13,4506.T,TIMEOUT_LOSS,-5.487523629489599,3,,,,,,,,6.1121613106490225,2.409338323306914,72.05265331505392
UP30_SCORE80_NIKKEION_TP4.0_SL1.25_H3,OOS,2025-06-18,7974.T,TIMEOUT_LOSS,-2.362443984310858,3,,,,,,,,3.1080411432345816,1.9666096637335144,70.0131439245264
UP30_SCORE80_NIKKEION_TP4.0_SL1.25_H3,OOS,2025-06-20,6857.T,HOLD,3.9012311235038566,3,,,,,,,,3.7049853857241244,1.8775454411408887,77.2083566564354
UP30_SCORE80_NIKKEION_TP4.0_SL1.25_H3,OOS,2025-06-25,4751.T,HOLD,2.39925344375137,3,,,,,,,,2.448224232485326,1.7507590069680168,78.27118475379257
UP30_SCORE80_NIKKEION_TP4.0_SL1.25_H3,OOS,2025-06-27,6361.T,HOLD,2.9542371282220814,3,,,,,,,,3.090148248564928,3.2685160590189093,79.0940240005441
UP30_SCORE80_NIKKEION_TP4.0_SL1.25_H3,OOS,2025-06-30,9602.T,LOSS,-3.0034748205791884,3,,,,,,,,2.322779856463349,1.781349701378846,69.13089635829124
UP30_SCORE80_NIKKEION_TP4.0_SL1.25_H3,OOS,2025-07-02,5803.T,TIMEOUT_LOSS,-1.0183041590803965,3,,,,,,,,3.518104418026239,1.5261228603842834,64.97343720907216
UP30_SCORE80_NIKKEION_TP4.0_SL1.25_H3,OOS,2025-07-29,6301.T,HOLD,0.996913666829713,3,,,,,,,,2.485113180553955,2.8330656681004918,55.89267622915238
UP30_SCORE80_NIKKEION_TP4.0_SL1.25_H3,OOS,2025-08-12,8750.T,WIN,9.382582764894954,3,,,,,,,,2.3706456912237384,1.7813488989674662,59.71409488695035
UP30_SCORE80_NIKKEION_TP4.0_SL1.25_H3,OOS,2025-09-11,9984.T,HOLD,1.02452078682006,3,,,,,,,,4.451177534300207,1.9915696859343308,69.88278333275962
UP30_SCORE80_NIKKEION_TP4.0_SL1.25_H3,OOS,2025-09-12,6503.T,TIMEOUT_LOSS,-1.2613372047352245,3,,,,,,,,2.283256289408901,1.8201797306118253,70.59312987856188
UP30_SCORE80_NIKKEION_TP4.0_SL1.25_H3,OOS,2025-09-16,4004.T,WIN,10.873768293197072,2,,,,,,,,2.7434420732992697,1.7395339118464073,82.45159900347099
UP30_SCORE80_NIKKEION_TP4.0_SL1.25_H3,OOS,2025-09-17,4755.T,TIMEOUT_LOSS,-2.705532970602964,3,,,,,,,,2.551672620296179,1.5341222254702225,73.8076241680074
UP30_SCORE80_NIKKEION_TP4.0_SL1.25_H3,OOS,2025-09-18,3436.T,HOLD,2.296217093311348,3,,,,,,,,3.7142099735678835,2.48865032528349,74.07006184861473
UP30_SCORE80_NIKKEION_TP4.0_SL1.25_H3,OOS,2025-09-19,9984.T,HOLD,6.731271668052552,3,,,,,,,,4.19037788653831,1.5227937216073335,70.44412800566023
UP30_SCORE80_NIKKEION_TP4.0_SL1.25_H3,OOS,2025-09-22,4062.T,TIMEOUT_LOSS,-0.3500174824091039,3,,,,,,,,4.122560515146145,1.7894109746778686,74.53984482143241
UP30_SCORE80_NIKKEION_TP4.0_SL1.25_H3,OOS,2025-09-24,7269.T,HOLD,0.5450070369343974,3,,,,,,,,2.2629887439238106,2.2592553185441,82.23862799290006
UP30_SCORE80_NIKKEION_TP4.0_SL1.25_H3,OOS,2025-09-25,5713.T,HOLD,1.9928967708735201,3,,,,,,,,2.974929933337715,3.0868339243591145,77.6627866581457
UP30_SCORE80_NIKKEION_TP4.0_SL1.25_H3,OOS,2025-09-26,8331.T,LOSS,-2.498332192026864,3,,,,,,,,1.9186657536214884,1.6157930876630808,69.07485595803402
UP30_SCORE80_NIKKEION_TP4.0_SL1.25_H3,OOS,2025-09-29,6302.T,LOSS,-2.504863074781183,2,,,,,,,,1.9238904598249507,1.645873811228142,70.66536814973965
UP30_SCORE80_NIKKEION_TP4.0_SL1.25_H3,OOS,2025-09-30,6361.T,HOLD,7.641451014184509,3,,,,,,,,2.6803830232856,2.813752314622889,73.71408892688454
UP30_SCORE80_NIKKEION_TP4.0_SL1.25_H3,OOS,2025-10-03,3436.T,TIMEOUT_LOSS,-0.9814757956848051,3,,,,,,,,5.209448177264275,1.9842407165140383,68.61342103351534
UP30_SCORE80_NIKKEION_TP4.0_SL1.25_H3,OOS,2025-10-06,5831.T,HOLD,2.5903029508791087,3,,,,,,,,2.1476454146329633,1.5749219902602063,58.91479517315375
UP30_SCORE80_NIKKEION_TP4.0_SL1.25_H3,OOS,2025-10-09,6361.T,LOSS,-3.8616117291160656,2,,,,,,,,3.00928938329285,2.13871992091976,84.34346295050602
UP30_SCORE80_NIKKEION_TP4.0_SL1.25_H3,OOS,2025-10-15,8267.T,WIN,10.478931208930343,2,,,,,,,,2.6447328022325856,3.114625760960014,76.52249009026771
UP30_SCORE80_NIKKEION_TP4.0_SL1.25_H3,OOS,2025-10-16,9984.T,HOLD,4.620027669178651,3,,,,,,,,4.654991310702586,1.5427533068350163,70.66336537493032
UP30_SCORE80_NIKKEION_TP4.0_SL1.25_H3,OOS,2025-10-17,8267.T,HOLD,8.70131360293175,3,,,,,,,,3.0957123439116607,3.1472642025766024,81.89092555610779
UP30_SCORE80_NIKKEION_TP4.0_SL1.25_H3,OOS,2025-10-20,8267.T,HOLD,6.175346793173453,3,,,,,,,,3.02697538999106,1.5924311030928169,84.0532204157703
UP30_SCORE80_NIKKEION_TP4.0_SL1.25_H3,OOS,2025-10-22,9984.T,HOLD,7.518353541456236,3,,,,,,,,5.483075822569483,2.2145815870232792,63.54720663155452
UP30_SCORE80_NIKKEION_TP4.0_SL1.25_H3,OOS,2025-10-23,1963.T,HOLD,2.8133252403010123,3,,,,,,,,2.885925880850186,1.932891948159124,62.02249139463407
UP30_SCORE80_NIKKEION_TP4.0_SL1.25_H3,OOS,2025-10-24,6976.T,HOLD,9.504006710007962,3,,,,,,,,3.235998443724982,1.6804174056082453,69.34893813502617
UP30_SCORE80_NIKKEION_TP4.0_SL1.25_H3,OOS,2025-10-29,4043.T,TIMEOUT_LOSS,-1.2359572375052252,3,,,,,,,,2.420046604129393,3.6010461091035366,61.99226292429511
UP30_SCORE80_NIKKEION_TP4.0_SL1.25_H3,OOS,2025-10-30,6963.T,LOSS,-3.5908391458805755,3,,,,,,,,2.792671316704465,2.274930595614673,63.75590192971936
UP30_SCORE80_NIKKEION_TP4.0_SL1.25_H3,OOS,2025-10-31,6702.T,LOSS,-3.6023289202170683,2,,,,,,,,2.8018631361736546,2.45065013412754,65.79540866798806
UP30_SCORE80_NIKKEION_TP4.0_SL1.25_H3,OOS,2025-11-05,5706.T,HOLD,4.45915807548819,3,,,,,,,,5.2528054908498545,1.558703475593556,65.29307153909187
UP30_SCORE80_NIKKEION_TP4.0_SL1.25_H3,OOS,2025-11-07,1803.T,HOLD,9.747886740444434,3,,,,,,,,3.290381605043365,2.68677935743871,64.40954601558369
UP30_SCORE80_NIKKEION_TP4.0_SL1.25_H3,OOS,2025-11-10,7270.T,HOLD,7.601109275206975,3,,,,,,,,2.658051446991701,2.7772101561407005,65.01760632479895
UP30_SCORE80_NIKKEION_TP4.0_SL1.25_H3,OOS,2025-11-11,1808.T,WIN,6.777220667884854,2,,,,,,,,1.7193051669712152,1.6369459598838314,70.02890227565007
UP30_SCORE80_NIKKEION_TP4.0_SL1.25_H3,OOS,2025-11-12,5706.T,HOLD,11.27808057618679,3,,,,,,,,5.614894184217811,4.21194577004756,74.99619411222699
UP30_SCORE80_NIKKEION_TP4.0_SL1.25_H3,OOS,2025-11-14,5706.T,TIMEOUT_LOSS,-0.14934741465433268,3,,,,,,,,6.069893005466853,1.940307588304884,75.95058471949552
UP30_SCORE80_NIKKEION_TP4.0_SL1.25_H3,OOS,2025-12-09,6506.T,HOLD,1.8648566149694124,3,,,,,,,,3.636145168050938,2.308766845945544,76.76832455304144
UP30_SCORE80_NIKKEION_TP4.0_SL1.25_H3,OOS,2025-12-10,4902.T,HOLD,7.017232504082494,3,,,,,,,,3.0449931792195946,1.6923429403382086,69.30195209769802
UP30_SCORE80_NIKKEION_TP4.0_SL1.25_H3,OOS,2025-12-11,6752.T,HOLD,1.5963772022196232,3,,,,,,,,3.2809941781548835,2.082473388498875,67.99135576721709
UP30_SCORE80_NIKKEION_TP4.0_SL1.25_H3,OOS,2025-12-24,7735.T,HOLD,1.3061989621682923,3,,,,,,,,3.919947628071426,3.4621151052801693,67.59745190212621
UP30_SCORE80_NIKKEION_TP4.0_SL1.25_H3,OOS,2025-12-29,5713.T,HOLD,7.503343431110577,3,,,,,,,,3.494783642097062,2.025061863335196,73.06969198997692
UP30_SCORE80_NIKKEION_TP4.0_SL1.25_H3,OOS,2026-01-06,7013.T,HOLD,4.150297769539158,3,,,,,,,,3.382536607551249,1.8282032471966256,65.06508574041464
UP30_SCORE80_NIKKEION_TP4.0_SL1.25_H3,OOS,2026-01-07,285A.T,HOLD,7.7408195429471975,3,,,,,,,,7.00814289466772,1.6083974186275565,67.02302402919813
UP30_SCORE80_NIKKEION_TP4.0_SL1.25_H3,OOS,2026-01-08,5706.T,HOLD,6.875686059783515,3,,,,,,,,4.887590266109957,2.086612521353433,65.32212266481312
UP30_SCORE80_NIKKEION_TP4.0_SL1.25_H3,OOS,2026-01-09,4506.T,TIMEOUT_LOSS,-2.4887265853239415,3,,,,,,,,4.691527753909605,1.896698305908159,75.47901105043854
UP30_SCORE80_NIKKEION_TP4.0_SL1.25_H3,OOS,2026-01-13,6920.T,HOLD,10.948173148578666,3,,,,,,,,4.299827285479877,1.910231975136936,62.388725365374334
UP30_SCORE80_NIKKEION_TP4.0_SL1.25_H3,OOS,2026-01-15,7735.T,HOLD,7.045408891144945,3,,,,,,,,3.802438510704964,1.5892500277561896,73.53419148838194
UP30_SCORE80_NIKKEION_TP4.0_SL1.25_H3,OOS,2026-01-16,6752.T,HOLD,1.8471401903388807,3,,,,,,,,3.0474502634836753,1.5093582492180166,67.15062113994684
UP30_SCORE80_NIKKEION_TP4.0_SL1.25_H3,OOS,2026-01-21,4062.T,LOSS,-5.942463166885048,3,,,,,,,,4.673970533508035,1.5046629059588714,73.52379482469222
UP30_SCORE80_NIKKEION_TP4.0_SL1.25_H3,OOS,2026-01-22,3436.T,LOSS,-5.111209059887789,2,,,,,,,,4.00896724791023,2.043114661561871,69.76679418916189
UP30_SCORE80_NIKKEION_TP4.0_SL1.25_H3,OOS,2026-01-26,5801.T,HOLD,10.5928890620811,3,,,,,,,,4.511758092834476,2.2098227364303,74.12028125769359
UP30_SCORE80_NIKKEION_TP4.0_SL1.25_H3,OOS,2026-01-27,6857.T,WIN,16.062606662240185,2,,,,,,,,4.040651665560047,1.5400502235978204,69.03225604930759
UP30_SCORE80_NIKKEION_TP4.0_SL1.25_H3,OOS,2026-01-28,6857.T,TIMEOUT_LOSS,-4.806017939757423,3,,,,,,,,3.9373761282863295,1.5263652404578067,70.9913959351506
UP30_SCORE80_NIKKEION_TP4.0_SL1.25_H3,OOS,2026-01-29,6857.T,LOSS,-5.678924999200863,1,,,,,,,,4.463139999360691,2.178536434428343,74.85668050032139
UP30_SCORE80_NIKKEION_TP4.0_SL1.25_H3,OOS,2026-01-30,5713.T,LOSS,-6.0515822300374325,1,,,,,,,,4.7612657840299475,3.6103269800317297,74.50943365530547
UP30_SCORE80_NIKKEION_TP4.0_SL1.25_H3,OOS,2026-02-02,7735.T,HOLD,4.0279715269023635,3,,,,,,,,4.560189952500774,1.8495595304408825,68.59055209759605
UP30_SCORE80_NIKKEION_TP4.0_SL1.25_H3,OOS,2026-02-03,5802.T,TIMEOUT_LOSS,-0.5097333253963331,3,,,,,,,,4.424674049575642,3.010246808950368,68.79785747269574
UP30_SCORE80_NIKKEION_TP4.0_SL1.25_H3,OOS,2026-02-04,5801.T,LOSS,-6.833004887698679,2,,,,,,,,5.386403910158943,1.5192891350758757,75.4758725587808
UP30_SCORE80_NIKKEION_TP4.0_SL1.25_H3,OOS,2026-02-05,6723.T,HOLD,7.7076992589914965,3,,,,,,,,4.427977589011389,2.899876454319508,68.35429480373276
UP30_SCORE80_NIKKEION_TP4.0_SL1.25_H3,OOS,2026-02-06,7012.T,WIN,16.959369962981697,1,,,,,,,,4.264842490745427,1.5729208673694408,67.4593315275623
UP30_SCORE80_NIKKEION_TP4.0_SL1.25_H3,OOS,2026-02-09,5803.T,TIMEOUT_LOSS,-0.3594884145250553,3,,,,,,,,5.894731145248508,2.7974811024562314,65.26510749514235
UP30_SCORE80_NIKKEION_TP4.0_SL1.25_H3,OOS,2026-02-10,5233.T,HOLD,4.056214558828953,3,,,,,,,,3.071848312888825,2.7712569058204206,72.48728009612753
UP30_SCORE80_NIKKEION_TP4.0_SL1.25_H3,OOS,2026-02-13,5711.T,LOSS,-5.047568487224596,2,,,,,,,,3.958054789779671,2.6456203776770475,76.9767831666048
UP30_SCORE80_NIKKEION_TP4.0_SL1.25_H3,OOS,2026-02-17,5332.T,HOLD,3.870636319607834,3,,,,,,,,3.231212213341772,2.151003999631748,77.22017773778106
UP30_SCORE80_NIKKEION_TP4.0_SL1.25_H3,OOS,2026-02-18,6981.T,HOLD,13.00693450628766,3,,,,,,,,3.725848504079088,1.897054344978015,67.79124849963043
UP30_SCORE80_NIKKEION_TP4.0_SL1.25_H3,OOS,2026-02-19,5631.T,TIMEOUT_LOSS,-2.143340854565845,3,,,,,,,,4.623899387028141,2.0618150590496898,61.190988407760656
UP30_SCORE80_NIKKEION_TP4.0_SL1.25_H3,OOS,2026-02-20,7532.T,HOLD,1.9497587089616464,3,,,,,,,,2.5387030613319705,1.6109721312790437,66.04613180492257
UP30_SCORE80_NIKKEION_TP4.0_SL1.25_H3,OOS,2026-02-24,6361.T,TIMEOUT_LOSS,-2.011504424778765,3,,,,,,,,3.811209439528026,1.506715160356746,67.6016226481249
UP30_SCORE80_NIKKEION_TP4.0_SL1.25_H3,OOS,2026-02-25,4062.T,LOSS,-7.078005522625019,1,,,,,,,,5.582404418100021,1.5450492830876352,65.06453665607634
UP30_SCORE80_NIKKEION_TP4.0_SL1.25_H3,OOS,2026-02-27,7741.T,LOSS,-3.860593096346887,3,,,,,,,,3.008474477077505,1.8376525219335265,59.53660464640956
UP30_SCORE80_NIKKEION_TP4.0_SL1.25_H3,OOS,2026-06-12,8316.T,HOLD,0.5868560724320849,3,,,,,,,,2.7838484753876553,1.524263130004523,68.57004335868862
UP30_SCORE80_NIKKEION_TP4.0_SL1.25_H3,OOS,2026-06-24,6752.T,TIMEOUT_LOSS,-1.4695554557700996,3,,,,,,,,4.737314773237541,1.689110155324136,69.19046376889298
UP30_SCORE80_NIKKEION_TP4.0_SL1.25_H3,OOS,2026-06-30,6861.T,TIMEOUT_LOSS,-1.0375771033802161,3,,,,,,,,3.1499300929352714,1.6156011454251944,62.69049023192115
UP30_SCORE80_NIKKEION_TP4.0_SL1.25_H3,OOS,2026-08-07,4385.T,LOSS,-5.558913187541414,2,,,,,,,,4.367130550033135,1.6538247428580348,68.6886868287226
UP30_SCORE80_NIKKEION_TP4.0_SL1.25_H3,OOS,2026-08-19,7733.T,TIMEOUT_LOSS,-1.4194444444444398,3,,,,,,,,3.0885917585424956,1.6234926575406274,73.68219655203487
UP30_SCORE80_NIKKEION_TP4.0_SL1.25_H3,OOS,2026-08-20,9503.T,TIMEOUT_LOSS,-1.4119814779085527,3,,,,,,,,2.495927012056047,2.2513870022629847,68.82612441044722
UP30_SCORE80_NIKKEION_TP4.0_SL1.25_H3,OOS,2026-08-21,9107.T,LOSS,-3.4471318746304047,2,,,,,,,,2.7704356338717595,1.7388483285442442,83.14583533959757
UP25_SCORE80_NIKKEION_TP3.5_SL1.25_H3,OOS,2025-01-07,6361.T,HOLD,4.500415322065588,3,,,,,,,,3.0344870978700644,1.5540306547809914,69.68237100344051
UP25_SCORE80_NIKKEION_TP3.5_SL1.25_H3,OOS,2025-01-08,8795.T,TIMEOUT_LOSS,-1.4566383777832592,3,,,,,,,,2.3817532403073454,1.6252906152537567,66.33757123022335
UP25_SCORE80_NIKKEION_TP3.5_SL1.25_H3,OOS,2025-01-09,9104.T,HOLD,4.3739994338564685,3,,,,,,,,2.3601397927174235,2.303366546812504,53.51842069648761
UP25_SCORE80_NIKKEION_TP3.5_SL1.25_H3,OOS,2025-01-24,3861.T,WIN,5.750576934866858,1,,,,,,,,1.6715934099619616,1.5865320570697934,66.8685683129112
UP25_SCORE80_NIKKEION_TP3.5_SL1.25_H3,OOS,2025-01-30,4751.T,LOSS,-3.6539060947070268,2,,,,,,,,2.8431248757656196,4.081891498888597,69.04824941242198
UP25_SCORE80_NIKKEION_TP3.5_SL1.25_H3,OOS,2025-03-21,4385.T,HOLD,2.1123035125169776,3,,,,,,,,4.145307259034237,2.4655023063732733,66.31883943224122
UP25_SCORE80_NIKKEION_TP3.5_SL1.25_H3,OOS,2025-03-24,8830.T,TIMEOUT_LOSS,-2.396151013388448,3,,,,,,,,3.1521188737254477,3.603309716771157,74.77264549065845
UP25_SCORE80_NIKKEION_TP3.5_SL1.25_H3,OOS,2025-05-23,5631.T,LOSS,-5.378108874534071,1,,,,,,,,4.457773223756978,3.638256780586112,66.5391720116574
UP25_SCORE80_NIKKEION_TP3.5_SL1.25_H3,OOS,2025-05-29,9201.T,HOLD,4.5441767498590195,3,,,,,,,,1.6846158564918297,1.5260580709535156,71.70576454433363
UP25_SCORE80_NIKKEION_TP3.5_SL1.25_H3,OOS,2025-05-30,7013.T,WIN,11.414023167159526,2,,,,,,,,3.289720904902723,1.7908171365978596,74.63157620760738
UP25_SCORE80_NIKKEION_TP3.5_SL1.25_H3,OOS,2025-06-02,3697.T,TIMEOUT_LOSS,-0.44399044228118345,3,,,,,,,,3.63966401330722,2.587217881109101,78.03906924168916
UP25_SCORE80_NIKKEION_TP3.5_SL1.25_H3,OOS,2025-06-03,7013.T,HOLD,2.3686013650136117,3,,,,,,,,3.4455378792869715,1.7152741017975233,83.10167158544998
UP25_SCORE80_NIKKEION_TP3.5_SL1.25_H3,OOS,2025-06-04,7453.T,HOLD,4.848760491573712,3,,,,,,,,2.714160641857595,1.9209734713929407,80.33942361288243
UP25_SCORE80_NIKKEION_TP3.5_SL1.25_H3,OOS,2025-06-11,4506.T,WIN,22.178719397363455,2,,,,,,,,6.365348399246702,1.7840842172308191,59.53971611899605
UP25_SCORE80_NIKKEION_TP3.5_SL1.25_H3,OOS,2025-06-12,4506.T,TIMEOUT_LOSS,-1.3560386473429942,3,,,,,,,,6.086956521739132,2.1240639958886773,70.77155149941125
UP25_SCORE80_NIKKEION_TP3.5_SL1.25_H3,OOS,2025-06-13,4506.T,TIMEOUT_LOSS,-5.487523629489599,3,,,,,,,,6.1121613106490225,2.409338323306914,72.05265331505392
UP25_SCORE80_NIKKEION_TP3.5_SL1.25_H3,OOS,2025-06-18,7974.T,TIMEOUT_LOSS,-2.362443984310858,3,,,,,,,,3.1080411432345816,1.9666096637335144,70.0131439245264
UP25_SCORE80_NIKKEION_TP3.5_SL1.25_H3,OOS,2025-06-20,6857.T,HOLD,3.9012311235038566,3,,,,,,,,3.7049853857241244,1.8775454411408887,77.2083566564354
UP25_SCORE80_NIKKEION_TP3.5_SL1.25_H3,OOS,2025-06-25,4751.T,HOLD,2.39925344375137,3,,,,,,,,2.448224232485326,1.7507590069680168,78.27118475379257
UP25_SCORE80_NIKKEION_TP3.5_SL1.25_H3,OOS,2025-06-27,6361.T,HOLD,2.9542371282220814,3,,,,,,,,3.090148248564928,3.2685160590189093,79.0940240005441
UP25_SCORE80_NIKKEION_TP3.5_SL1.25_H3,OOS,2025-06-30,9602.T,LOSS,-3.0034748205791884,3,,,,,,,,2.322779856463349,1.781349701378846,69.13089635829124
UP25_SCORE80_NIKKEION_TP3.5_SL1.25_H3,OOS,2025-07-02,5803.T,TIMEOUT_LOSS,-1.0183041590803965,3,,,,,,,,3.518104418026239,1.5261228603842834,64.97343720907216
UP25_SCORE80_NIKKEION_TP3.5_SL1.25_H3,OOS,2025-07-29,6301.T,HOLD,0.996913666829713,3,,,,,,,,2.485113180553955,2.8330656681004918,55.89267622915238
UP25_SCORE80_NIKKEION_TP3.5_SL1.25_H3,OOS,2025-08-12,8750.T,WIN,8.197259919283074,3,,,,,,,,2.3706456912237384,1.7813488989674662,59.71409488695035
UP25_SCORE80_NIKKEION_TP3.5_SL1.25_H3,OOS,2025-09-11,9984.T,HOLD,1.02452078682006,3,,,,,,,,4.451177534300207,1.9915696859343308,69.88278333275962
UP25_SCORE80_NIKKEION_TP3.5_SL1.25_H3,OOS,2025-09-12,6503.T,TIMEOUT_LOSS,-1.2613372047352245,3,,,,,,,,2.283256289408901,1.8201797306118253,70.59312987856188
UP25_SCORE80_NIKKEION_TP3.5_SL1.25_H3,OOS,2025-09-16,4004.T,WIN,9.502047256547453,2,,,,,,,,2.7434420732992697,1.7395339118464073,82.45159900347099
UP25_SCORE80_NIKKEION_TP3.5_SL1.25_H3,OOS,2025-09-17,4755.T,TIMEOUT_LOSS,-2.705532970602964,3,,,,,,,,2.551672620296179,1.5341222254702225,73.8076241680074
UP25_SCORE80_NIKKEION_TP3.5_SL1.25_H3,OOS,2025-09-18,3436.T,HOLD,2.296217093311348,3,,,,,,,,3.7142099735678835,2.48865032528349,74.07006184861473
UP25_SCORE80_NIKKEION_TP3.5_SL1.25_H3,OOS,2025-09-19,9984.T,HOLD,6.731271668052552,3,,,,,,,,4.19037788653831,1.5227937216073335,70.44412800566023
UP25_SCORE80_NIKKEION_TP3.5_SL1.25_H3,OOS,2025-09-22,4062.T,TIMEOUT_LOSS,-0.3500174824091039,3,,,,,,,,4.122560515146145,1.7894109746778686,74.53984482143241
UP25_SCORE80_NIKKEION_TP3.5_SL1.25_H3,OOS,2025-09-24,7269.T,HOLD,0.5450070369343974,3,,,,,,,,2.2629887439238106,2.2592553185441,82.23862799290006
UP25_SCORE80_NIKKEION_TP3.5_SL1.25_H3,OOS,2025-09-25,5713.T,HOLD,1.9928967708735201,3,,,,,,,,2.974929933337715,3.0868339243591145,77.6627866581457
UP25_SCORE80_NIKKEION_TP3.5_SL1.25_H3,OOS,2025-09-26,8331.T,LOSS,-2.498332192026864,3,,,,,,,,1.9186657536214884,1.6157930876630808,69.07485595803402
UP25_SCORE80_NIKKEION_TP3.5_SL1.25_H3,OOS,2025-09-29,6302.T,LOSS,-2.504863074781183,2,,,,,,,,1.9238904598249507,1.645873811228142,70.66536814973965
UP25_SCORE80_NIKKEION_TP3.5_SL1.25_H3,OOS,2025-09-30,6361.T,HOLD,7.641451014184509,3,,,,,,,,2.6803830232856,2.813752314622889,73.71408892688454
UP25_SCORE80_NIKKEION_TP3.5_SL1.25_H3,OOS,2025-10-03,3436.T,TIMEOUT_LOSS,-0.9814757956848051,3,,,,,,,,5.209448177264275,1.9842407165140383,68.61342103351534
UP25_SCORE80_NIKKEION_TP3.5_SL1.25_H3,OOS,2025-10-06,5831.T,HOLD,2.5903029508791087,3,,,,,,,,2.1476454146329633,1.5749219902602063,58.91479517315375
UP25_SCORE80_NIKKEION_TP3.5_SL1.25_H3,OOS,2025-10-09,6361.T,LOSS,-3.8616117291160656,2,,,,,,,,3.00928938329285,2.13871992091976,84.34346295050602
UP25_SCORE80_NIKKEION_TP3.5_SL1.25_H3,OOS,2025-10-15,8267.T,WIN,9.15656480781405,2,,,,,,,,2.6447328022325856,3.114625760960014,76.52249009026771
UP25_SCORE80_NIKKEION_TP3.5_SL1.25_H3,OOS,2025-10-16,9984.T,HOLD,4.620027669178651,3,,,,,,,,4.654991310702586,1.5427533068350163,70.66336537493032
UP25_SCORE80_NIKKEION_TP3.5_SL1.25_H3,OOS,2025-10-17,8267.T,HOLD,8.70131360293175,3,,,,,,,,3.0957123439116607,3.1472642025766024,81.89092555610779
UP25_SCORE80_NIKKEION_TP3.5_SL1.25_H3,OOS,2025-10-20,8267.T,HOLD,6.175346793173453,3,,,,,,,,3.02697538999106,1.5924311030928169,84.0532204157703
UP25_SCORE80_NIKKEION_TP3.5_SL1.25_H3,OOS,2025-10-22,9984.T,HOLD,7.518353541456236,3,,,,,,,,5.483075822569483,2.2145815870232792,63.54720663155452
UP25_SCORE80_NIKKEION_TP3.5_SL1.25_H3,OOS,2025-10-23,6302.T,WIN,9.009316648202537,1,,,,,,,,2.602661899486436,5.609340234110477,76.578236544604
UP25_SCORE80_NIKKEION_TP3.5_SL1.25_H3,OOS,2025-10-24,6976.T,HOLD,9.504006710007962,3,,,,,,,,3.235998443724982,1.6804174056082453,69.34893813502617
UP25_SCORE80_NIKKEION_TP3.5_SL1.25_H3,OOS,2025-10-29,4043.T,TIMEOUT_LOSS,-1.2359572375052252,3,,,,,,,,2.420046604129393,3.6010461091035366,61.99226292429511
UP25_SCORE80_NIKKEION_TP3.5_SL1.25_H3,OOS,2025-10-30,6963.T,LOSS,-3.5908391458805755,3,,,,,,,,2.792671316704465,2.274930595614673,63.75590192971936
UP25_SCORE80_NIKKEION_TP3.5_SL1.25_H3,OOS,2025-10-31,6702.T,LOSS,-3.6023289202170683,2,,,,,,,,2.8018631361736546,2.45065013412754,65.79540866798806
UP25_SCORE80_NIKKEION_TP3.5_SL1.25_H3,OOS,2025-11-05,5706.T,HOLD,4.45915807548819,3,,,,,,,,5.2528054908498545,1.558703475593556,65.29307153909187
UP25_SCORE80_NIKKEION_TP3.5_SL1.25_H3,OOS,2025-11-07,1803.T,HOLD,9.747886740444434,3,,,,,,,,3.290381605043365,2.68677935743871,64.40954601558369
UP25_SCORE80_NIKKEION_TP3.5_SL1.25_H3,OOS,2025-11-10,7270.T,HOLD,7.601109275206975,3,,,,,,,,2.658051446991701,2.7772101561407005,65.01760632479895
UP25_SCORE80_NIKKEION_TP3.5_SL1.25_H3,OOS,2025-11-11,1808.T,WIN,5.917568084399261,2,,,,,,,,1.7193051669712152,1.6369459598838314,70.02890227565007
UP25_SCORE80_NIKKEION_TP3.5_SL1.25_H3,OOS,2025-11-12,5706.T,HOLD,11.27808057618679,3,,,,,,,,5.614894184217811,4.21194577004756,74.99619411222699
UP25_SCORE80_NIKKEION_TP3.5_SL1.25_H3,OOS,2025-11-14,5706.T,TIMEOUT_LOSS,-0.14934741465433268,3,,,,,,,,6.069893005466853,1.940307588304884,75.95058471949552
UP25_SCORE80_NIKKEION_TP3.5_SL1.25_H3,OOS,2025-12-09,6506.T,HOLD,1.8648566149694124,3,,,,,,,,3.636145168050938,2.308766845945544,76.76832455304144
UP25_SCORE80_NIKKEION_TP3.5_SL1.25_H3,OOS,2025-12-10,4902.T,HOLD,7.017232504082494,3,,,,,,,,3.0449931792195946,1.6923429403382086,69.30195209769802
UP25_SCORE80_NIKKEION_TP3.5_SL1.25_H3,OOS,2025-12-11,6752.T,HOLD,1.5963772022196232,3,,,,,,,,3.2809941781548835,2.082473388498875,67.99135576721709
UP25_SCORE80_NIKKEION_TP3.5_SL1.25_H3,OOS,2025-12-24,7735.T,HOLD,1.3061989621682923,3,,,,,,,,3.919947628071426,3.4621151052801693,67.59745190212621
UP25_SCORE80_NIKKEION_TP3.5_SL1.25_H3,OOS,2025-12-29,5713.T,HOLD,7.503343431110577,3,,,,,,,,3.494783642097062,2.025061863335196,73.06969198997692
UP25_SCORE80_NIKKEION_TP3.5_SL1.25_H3,OOS,2026-01-06,7013.T,HOLD,4.150297769539158,3,,,,,,,,3.382536607551249,1.8282032471966256,65.06508574041464
UP25_SCORE80_NIKKEION_TP3.5_SL1.25_H3,OOS,2026-01-07,285A.T,HOLD,7.7408195429471975,3,,,,,,,,7.00814289466772,1.6083974186275565,67.02302402919813
UP25_SCORE80_NIKKEION_TP3.5_SL1.25_H3,OOS,2026-01-08,5706.T,HOLD,6.875686059783515,3,,,,,,,,4.887590266109957,2.086612521353433,65.32212266481312
UP25_SCORE80_NIKKEION_TP3.5_SL1.25_H3,OOS,2026-01-09,4506.T,TIMEOUT_LOSS,-2.4887265853239415,3,,,,,,,,4.691527753909605,1.896698305908159,75.47901105043854
UP25_SCORE80_NIKKEION_TP3.5_SL1.25_H3,OOS,2026-01-13,6920.T,HOLD,10.948173148578666,3,,,,,,,,4.299827285479877,1.910231975136936,62.388725365374334
UP25_SCORE80_NIKKEION_TP3.5_SL1.25_H3,OOS,2026-01-15,7735.T,HOLD,7.045408891144945,3,,,,,,,,3.802438510704964,1.5892500277561896,73.53419148838194
UP25_SCORE80_NIKKEION_TP3.5_SL1.25_H3,OOS,2026-01-16,6752.T,HOLD,1.8471401903388807,3,,,,,,,,3.0474502634836753,1.5093582492180166,67.15062113994684
UP25_SCORE80_NIKKEION_TP3.5_SL1.25_H3,OOS,2026-01-21,4062.T,LOSS,-5.942463166885048,3,,,,,,,,4.673970533508035,1.5046629059588714,73.52379482469222
UP25_SCORE80_NIKKEION_TP3.5_SL1.25_H3,OOS,2026-01-22,3436.T,LOSS,-5.111209059887789,2,,,,,,,,4.00896724791023,2.043114661561871,69.76679418916189
UP25_SCORE80_NIKKEION_TP3.5_SL1.25_H3,OOS,2026-01-26,5801.T,WIN,15.691153324920672,2,,,,,,,,4.511758092834476,2.2098227364303,74.12028125769359
UP25_SCORE80_NIKKEION_TP3.5_SL1.25_H3,OOS,2026-01-27,6857.T,WIN,14.042280829460163,2,,,,,,,,4.040651665560047,1.5400502235978204,69.03225604930759
UP25_SCORE80_NIKKEION_TP3.5_SL1.25_H3,OOS,2026-01-28,6857.T,WIN,13.680816449002153,1,,,,,,,,3.9373761282863295,1.5263652404578067,70.9913959351506
UP25_SCORE80_NIKKEION_TP3.5_SL1.25_H3,OOS,2026-01-29,6857.T,LOSS,-5.678924999200863,1,,,,,,,,4.463139999360691,2.178536434428343,74.85668050032139
UP25_SCORE80_NIKKEION_TP3.5_SL1.25_H3,OOS,2026-01-30,5713.T,LOSS,-6.0515822300374325,1,,,,,,,,4.7612657840299475,3.6103269800317297,74.50943365530547
UP25_SCORE80_NIKKEION_TP3.5_SL1.25_H3,OOS,2026-02-02,7735.T,HOLD,4.0279715269023635,3,,,,,,,,4.560189952500774,1.8495595304408825,68.59055209759605
UP25_SCORE80_NIKKEION_TP3.5_SL1.25_H3,OOS,2026-02-03,5802.T,TIMEOUT_LOSS,-0.5097333253963331,3,,,,,,,,4.424674049575642,3.010246808950368,68.79785747269574
UP25_SCORE80_NIKKEION_TP3.5_SL1.25_H3,OOS,2026-02-04,5801.T,LOSS,-6.833004887698679,2,,,,,,,,5.386403910158943,1.5192891350758757,75.4758725587808
UP25_SCORE80_NIKKEION_TP3.5_SL1.25_H3,OOS,2026-02-05,6723.T,HOLD,7.7076992589914965,3,,,,,,,,4.427977589011389,2.899876454319508,68.35429480373276
UP25_SCORE80_NIKKEION_TP3.5_SL1.25_H3,OOS,2026-02-06,7012.T,WIN,14.826948717609001,1,,,,,,,,4.264842490745427,1.5729208673694408,67.4593315275623
UP25_SCORE80_NIKKEION_TP3.5_SL1.25_H3,OOS,2026-02-09,5803.T,TIMEOUT_LOSS,-0.3594884145250553,3,,,,,,,,5.894731145248508,2.7974811024562314,65.26510749514235
UP25_SCORE80_NIKKEION_TP3.5_SL1.25_H3,OOS,2026-02-10,5233.T,HOLD,4.056214558828953,3,,,,,,,,3.071848312888825,2.7712569058204206,72.48728009612753
UP25_SCORE80_NIKKEION_TP3.5_SL1.25_H3,OOS,2026-02-13,5711.T,LOSS,-5.047568487224596,2,,,,,,,,3.958054789779671,2.6456203776770475,76.9767831666048
UP25_SCORE80_NIKKEION_TP3.5_SL1.25_H3,OOS,2026-02-17,5332.T,HOLD,3.870636319607834,3,,,,,,,,3.231212213341772,2.151003999631748,77.22017773778106
UP25_SCORE80_NIKKEION_TP3.5_SL1.25_H3,OOS,2026-02-18,6981.T,WIN,12.940469764276797,3,,,,,,,,3.725848504079088,1.897054344978015,67.79124849963043
UP25_SCORE80_NIKKEION_TP3.5_SL1.25_H3,OOS,2026-02-19,5631.T,TIMEOUT_LOSS,-2.143340854565845,3,,,,,,,,4.623899387028141,2.0618150590496898,61.190988407760656
UP25_SCORE80_NIKKEION_TP3.5_SL1.25_H3,OOS,2026-02-20,7532.T,HOLD,1.9497587089616464,3,,,,,,,,2.5387030613319705,1.6109721312790437,66.04613180492257
UP25_SCORE80_NIKKEION_TP3.5_SL1.25_H3,OOS,2026-02-24,6361.T,TIMEOUT_LOSS,-2.011504424778765,3,,,,,,,,3.811209439528026,1.506715160356746,67.6016226481249
UP25_SCORE80_NIKKEION_TP3.5_SL1.25_H3,OOS,2026-02-25,4062.T,LOSS,-7.078005522625019,1,,,,,,,,5.582404418100021,1.5450492830876352,65.06453665607634
UP25_SCORE80_NIKKEION_TP3.5_SL1.25_H3,OOS,2026-02-27,7741.T,LOSS,-3.860593096346887,3,,,,,,,,3.008474477077505,1.8376525219335265,59.53660464640956
UP25_SCORE80_NIKKEION_TP3.5_SL1.25_H3,OOS,2026-06-12,8316.T,HOLD,0.5868560724320849,3,,,,,,,,2.7838484753876553,1.524263130004523,68.57004335868862
UP25_SCORE80_NIKKEION_TP3.5_SL1.25_H3,OOS,2026-06-24,6752.T,TIMEOUT_LOSS,-1.4695554557700996,3,,,,,,,,4.737314773237541,1.689110155324136,69.19046376889298
UP25_SCORE80_NIKKEION_TP3.5_SL1.25_H3,OOS,2026-06-30,6861.T,TIMEOUT_LOSS,-1.0375771033802161,3,,,,,,,,3.1499300929352714,1.6156011454251944,62.69049023192115
UP25_SCORE80_NIKKEION_TP3.5_SL1.25_H3,OOS,2026-08-07,4385.T,LOSS,-5.558913187541414,2,,,,,,,,4.367130550033135,1.6538247428580348,68.6886868287226
UP25_SCORE80_NIKKEION_TP3.5_SL1.25_H3,OOS,2026-08-19,7733.T,TIMEOUT_LOSS,-1.4194444444444398,3,,,,,,,,3.0885917585424956,1.6234926575406274,73.68219655203487
UP25_SCORE80_NIKKEION_TP3.5_SL1.25_H3,OOS,2026-08-20,9503.T,TIMEOUT_LOSS,-1.4119814779085527,3,,,,,,,,2.495927012056047,2.2513870022629847,68.82612441044722
UP25_SCORE80_NIKKEION_TP3.5_SL1.25_H3,OOS,2026-08-21,9107.T,LOSS,-3.4471318746304047,2,,,,,,,,2.7704356338717595,1.7388483285442442,83.14583533959757
UP30_SCORE80_NIKKEION_TP3.5_SL1.25_H3,OOS,2025-01-07,6361.T,HOLD,4.500415322065588,3,,,,,,,,3.0344870978700644,1.5540306547809914,69.68237100344051
UP30_SCORE80_NIKKEION_TP3.5_SL1.25_H3,OOS,2025-01-08,8795.T,TIMEOUT_LOSS,-1.4566383777832592,3,,,,,,,,2.3817532403073454,1.6252906152537567,66.33757123022335
UP30_SCORE80_NIKKEION_TP3.5_SL1.25_H3,OOS,2025-01-09,9104.T,HOLD,4.3739994338564685,3,,,,,,,,2.3601397927174235,2.303366546812504,53.51842069648761
UP30_SCORE80_NIKKEION_TP3.5_SL1.25_H3,OOS,2025-01-24,3861.T,WIN,5.750576934866858,1,,,,,,,,1.6715934099619616,1.5865320570697934,66.8685683129112
UP30_SCORE80_NIKKEION_TP3.5_SL1.25_H3,OOS,2025-01-30,4751.T,LOSS,-3.6539060947070268,2,,,,,,,,2.8431248757656196,4.081891498888597,69.04824941242198
UP30_SCORE80_NIKKEION_TP3.5_SL1.25_H3,OOS,2025-03-21,4385.T,HOLD,2.1123035125169776,3,,,,,,,,4.145307259034237,2.4655023063732733,66.31883943224122
UP30_SCORE80_NIKKEION_TP3.5_SL1.25_H3,OOS,2025-03-24,8830.T,TIMEOUT_LOSS,-2.396151013388448,3,,,,,,,,3.1521188737254477,3.603309716771157,74.77264549065845
UP30_SCORE80_NIKKEION_TP3.5_SL1.25_H3,OOS,2025-05-23,5631.T,LOSS,-5.378108874534071,1,,,,,,,,4.457773223756978,3.638256780586112,66.5391720116574
UP30_SCORE80_NIKKEION_TP3.5_SL1.25_H3,OOS,2025-05-29,9201.T,HOLD,4.5441767498590195,3,,,,,,,,1.6846158564918297,1.5260580709535156,71.70576454433363
UP30_SCORE80_NIKKEION_TP3.5_SL1.25_H3,OOS,2025-05-30,7013.T,WIN,11.414023167159526,2,,,,,,,,3.289720904902723,1.7908171365978596,74.63157620760738
UP30_SCORE80_NIKKEION_TP3.5_SL1.25_H3,OOS,2025-06-02,3697.T,TIMEOUT_LOSS,-0.44399044228118345,3,,,,,,,,3.63966401330722,2.587217881109101,78.03906924168916
UP30_SCORE80_NIKKEION_TP3.5_SL1.25_H3,OOS,2025-06-03,7013.T,HOLD,2.3686013650136117,3,,,,,,,,3.4455378792869715,1.7152741017975233,83.10167158544998
UP30_SCORE80_NIKKEION_TP3.5_SL1.25_H3,OOS,2025-06-04,7453.T,HOLD,4.848760491573712,3,,,,,,,,2.714160641857595,1.9209734713929407,80.33942361288243
UP30_SCORE80_NIKKEION_TP3.5_SL1.25_H3,OOS,2025-06-11,4506.T,WIN,22.178719397363455,2,,,,,,,,6.365348399246702,1.7840842172308191,59.53971611899605
UP30_SCORE80_NIKKEION_TP3.5_SL1.25_H3,OOS,2025-06-12,4506.T,TIMEOUT_LOSS,-1.3560386473429942,3,,,,,,,,6.086956521739132,2.1240639958886773,70.77155149941125
UP30_SCORE80_NIKKEION_TP3.5_SL1.25_H3,OOS,2025-06-13,4506.T,TIMEOUT_LOSS,-5.487523629489599,3,,,,,,,,6.1121613106490225,2.409338323306914,72.05265331505392
UP30_SCORE80_NIKKEION_TP3.5_SL1.25_H3,OOS,2025-06-18,7974.T,TIMEOUT_LOSS,-2.362443984310858,3,,,,,,,,3.1080411432345816,1.9666096637335144,70.0131439245264
UP30_SCORE80_NIKKEION_TP3.5_SL1.25_H3,OOS,2025-06-20,6857.T,HOLD,3.9012311235038566,3,,,,,,,,3.7049853857241244,1.8775454411408887,77.2083566564354
UP30_SCORE80_NIKKEION_TP3.5_SL1.25_H3,OOS,2025-06-25,4751.T,HOLD,2.39925344375137,3,,,,,,,,2.448224232485326,1.7507590069680168,78.27118475379257
UP30_SCORE80_NIKKEION_TP3.5_SL1.25_H3,OOS,2025-06-27,6361.T,HOLD,2.9542371282220814,3,,,,,,,,3.090148248564928,3.2685160590189093,79.0940240005441
UP30_SCORE80_NIKKEION_TP3.5_SL1.25_H3,OOS,2025-06-30,9602.T,LOSS,-3.0034748205791884,3,,,,,,,,2.322779856463349,1.781349701378846,69.13089635829124
UP30_SCORE80_NIKKEION_TP3.5_SL1.25_H3,OOS,2025-07-02,5803.T,TIMEOUT_LOSS,-1.0183041590803965,3,,,,,,,,3.518104418026239,1.5261228603842834,64.97343720907216
UP30_SCORE80_NIKKEION_TP3.5_SL1.25_H3,OOS,2025-07-29,6301.T,HOLD,0.996913666829713,3,,,,,,,,2.485113180553955,2.8330656681004918,55.89267622915238
UP30_SCORE80_NIKKEION_TP3.5_SL1.25_H3,OOS,2025-08-12,8750.T,WIN,8.197259919283074,3,,,,,,,,2.3706456912237384,1.7813488989674662,59.71409488695035
UP30_SCORE80_NIKKEION_TP3.5_SL1.25_H3,OOS,2025-09-11,9984.T,HOLD,1.02452078682006,3,,,,,,,,4.451177534300207,1.9915696859343308,69.88278333275962
UP30_SCORE80_NIKKEION_TP3.5_SL1.25_H3,OOS,2025-09-12,6503.T,TIMEOUT_LOSS,-1.2613372047352245,3,,,,,,,,2.283256289408901,1.8201797306118253,70.59312987856188
UP30_SCORE80_NIKKEION_TP3.5_SL1.25_H3,OOS,2025-09-16,4004.T,WIN,9.502047256547453,2,,,,,,,,2.7434420732992697,1.7395339118464073,82.45159900347099
UP30_SCORE80_NIKKEION_TP3.5_SL1.25_H3,OOS,2025-09-17,4755.T,TIMEOUT_LOSS,-2.705532970602964,3,,,,,,,,2.551672620296179,1.5341222254702225,73.8076241680074
UP30_SCORE80_NIKKEION_TP3.5_SL1.25_H3,OOS,2025-09-18,3436.T,HOLD,2.296217093311348,3,,,,,,,,3.7142099735678835,2.48865032528349,74.07006184861473
UP30_SCORE80_NIKKEION_TP3.5_SL1.25_H3,OOS,2025-09-19,9984.T,HOLD,6.731271668052552,3,,,,,,,,4.19037788653831,1.5227937216073335,70.44412800566023
UP30_SCORE80_NIKKEION_TP3.5_SL1.25_H3,OOS,2025-09-22,4062.T,TIMEOUT_LOSS,-0.3500174824091039,3,,,,,,,,4.122560515146145,1.7894109746778686,74.53984482143241
UP30_SCORE80_NIKKEION_TP3.5_SL1.25_H3,OOS,2025-09-24,7269.T,HOLD,0.5450070369343974,3,,,,,,,,2.2629887439238106,2.2592553185441,82.23862799290006
UP30_SCORE80_NIKKEION_TP3.5_SL1.25_H3,OOS,2025-09-25,5713.T,HOLD,1.9928967708735201,3,,,,,,,,2.974929933337715,3.0868339243591145,77.6627866581457
UP30_SCORE80_NIKKEION_TP3.5_SL1.25_H3,OOS,2025-09-26,8331.T,LOSS,-2.498332192026864,3,,,,,,,,1.9186657536214884,1.6157930876630808,69.07485595803402
UP30_SCORE80_NIKKEION_TP3.5_SL1.25_H3,OOS,2025-09-29,6302.T,LOSS,-2.504863074781183,2,,,,,,,,1.9238904598249507,1.645873811228142,70.66536814973965
UP30_SCORE80_NIKKEION_TP3.5_SL1.25_H3,OOS,2025-09-30,6361.T,HOLD,7.641451014184509,3,,,,,,,,2.6803830232856,2.813752314622889,73.71408892688454
UP30_SCORE80_NIKKEION_TP3.5_SL1.25_H3,OOS,2025-10-03,3436.T,TIMEOUT_LOSS,-0.9814757956848051,3,,,,,,,,5.209448177264275,1.9842407165140383,68.61342103351534
UP30_SCORE80_NIKKEION_TP3.5_SL1.25_H3,OOS,2025-10-06,5831.T,HOLD,2.5903029508791087,3,,,,,,,,2.1476454146329633,1.5749219902602063,58.91479517315375
UP30_SCORE80_NIKKEION_TP3.5_SL1.25_H3,OOS,2025-10-09,6361.T,LOSS,-3.8616117291160656,2,,,,,,,,3.00928938329285,2.13871992091976,84.34346295050602
UP30_SCORE80_NIKKEION_TP3.5_SL1.25_H3,OOS,2025-10-15,8267.T,WIN,9.15656480781405,2,,,,,,,,2.6447328022325856,3.114625760960014,76.52249009026771
UP30_SCORE80_NIKKEION_TP3.5_SL1.25_H3,OOS,2025-10-16,9984.T,HOLD,4.620027669178651,3,,,,,,,,4.654991310702586,1.5427533068350163,70.66336537493032
UP30_SCORE80_NIKKEION_TP3.5_SL1.25_H3,OOS,2025-10-17,8267.T,HOLD,8.70131360293175,3,,,,,,,,3.0957123439116607,3.1472642025766024,81.89092555610779
UP30_SCORE80_NIKKEION_TP3.5_SL1.25_H3,OOS,2025-10-20,8267.T,HOLD,6.175346793173453,3,,,,,,,,3.02697538999106,1.5924311030928169,84.0532204157703
UP30_SCORE80_NIKKEION_TP3.5_SL1.25_H3,OOS,2025-10-22,9984.T,HOLD,7.518353541456236,3,,,,,,,,5.483075822569483,2.2145815870232792,63.54720663155452
UP30_SCORE80_NIKKEION_TP3.5_SL1.25_H3,OOS,2025-10-23,6302.T,WIN,9.009316648202537,1,,,,,,,,2.602661899486436,5.609340234110477,76.578236544604
UP30_SCORE80_NIKKEION_TP3.5_SL1.25_H3,OOS,2025-10-24,6976.T,HOLD,9.504006710007962,3,,,,,,,,3.235998443724982,1.6804174056082453,69.34893813502617
UP30_SCORE80_NIKKEION_TP3.5_SL1.25_H3,OOS,2025-10-29,4043.T,TIMEOUT_LOSS,-1.2359572375052252,3,,,,,,,,2.420046604129393,3.6010461091035366,61.99226292429511
UP30_SCORE80_NIKKEION_TP3.5_SL1.25_H3,OOS,2025-10-30,6963.T,LOSS,-3.5908391458805755,3,,,,,,,,2.792671316704465,2.274930595614673,63.75590192971936
UP30_SCORE80_NIKKEION_TP3.5_SL1.25_H3,OOS,2025-10-31,6702.T,LOSS,-3.6023289202170683,2,,,,,,,,2.8018631361736546,2.45065013412754,65.79540866798806
UP30_SCORE80_NIKKEION_TP3.5_SL1.25_H3,OOS,2025-11-05,5706.T,HOLD,4.45915807548819,3,,,,,,,,5.2528054908498545,1.558703475593556,65.29307153909187
UP30_SCORE80_NIKKEION_TP3.5_SL1.25_H3,OOS,2025-11-07,1803.T,HOLD,9.747886740444434,3,,,,,,,,3.290381605043365,2.68677935743871,64.40954601558369
UP30_SCORE80_NIKKEION_TP3.5_SL1.25_H3,OOS,2025-11-10,7270.T,HOLD,7.601109275206975,3,,,,,,,,2.658051446991701,2.7772101561407005,65.01760632479895
UP30_SCORE80_NIKKEION_TP3.5_SL1.25_H3,OOS,2025-11-11,1808.T,WIN,5.917568084399261,2,,,,,,,,1.7193051669712152,1.6369459598838314,70.02890227565007
UP30_SCORE80_NIKKEION_TP3.5_SL1.25_H3,OOS,2025-11-12,5706.T,HOLD,11.27808057618679,3,,,,,,,,5.614894184217811,4.21194577004756,74.99619411222699
UP30_SCORE80_NIKKEION_TP3.5_SL1.25_H3,OOS,2025-11-14,5706.T,TIMEOUT_LOSS,-0.14934741465433268,3,,,,,,,,6.069893005466853,1.940307588304884,75.95058471949552
UP30_SCORE80_NIKKEION_TP3.5_SL1.25_H3,OOS,2025-12-09,6506.T,HOLD,1.8648566149694124,3,,,,,,,,3.636145168050938,2.308766845945544,76.76832455304144
UP30_SCORE80_NIKKEION_TP3.5_SL1.25_H3,OOS,2025-12-10,4902.T,HOLD,7.017232504082494,3,,,,,,,,3.0449931792195946,1.6923429403382086,69.30195209769802
UP30_SCORE80_NIKKEION_TP3.5_SL1.25_H3,OOS,2025-12-11,6752.T,HOLD,1.5963772022196232,3,,,,,,,,3.2809941781548835,2.082473388498875,67.99135576721709
UP30_SCORE80_NIKKEION_TP3.5_SL1.25_H3,OOS,2025-12-24,7735.T,HOLD,1.3061989621682923,3,,,,,,,,3.919947628071426,3.4621151052801693,67.59745190212621
UP30_SCORE80_NIKKEION_TP3.5_SL1.25_H3,OOS,2025-12-29,5713.T,HOLD,7.503343431110577,3,,,,,,,,3.494783642097062,2.025061863335196,73.06969198997692
UP30_SCORE80_NIKKEION_TP3.5_SL1.25_H3,OOS,2026-01-06,7013.T,HOLD,4.150297769539158,3,,,,,,,,3.382536607551249,1.8282032471966256,65.06508574041464
UP30_SCORE80_NIKKEION_TP3.5_SL1.25_H3,OOS,2026-01-07,285A.T,HOLD,7.7408195429471975,3,,,,,,,,7.00814289466772,1.6083974186275565,67.02302402919813
UP30_SCORE80_NIKKEION_TP3.5_SL1.25_H3,OOS,2026-01-08,5706.T,HOLD,6.875686059783515,3,,,,,,,,4.887590266109957,2.086612521353433,65.32212266481312
UP30_SCORE80_NIKKEION_TP3.5_SL1.25_H3,OOS,2026-01-09,4506.T,TIMEOUT_LOSS,-2.4887265853239415,3,,,,,,,,4.691527753909605,1.896698305908159,75.47901105043854
UP30_SCORE80_NIKKEION_TP3.5_SL1.25_H3,OOS,2026-01-13,6920.T,HOLD,10.948173148578666,3,,,,,,,,4.299827285479877,1.910231975136936,62.388725365374334
UP30_SCORE80_NIKKEION_TP3.5_SL1.25_H3,OOS,2026-01-15,7735.T,HOLD,7.045408891144945,3,,,,,,,,3.802438510704964,1.5892500277561896,73.53419148838194
UP30_SCORE80_NIKKEION_TP3.5_SL1.25_H3,OOS,2026-01-16,6752.T,HOLD,1.8471401903388807,3,,,,,,,,3.0474502634836753,1.5093582492180166,67.15062113994684
UP30_SCORE80_NIKKEION_TP3.5_SL1.25_H3,OOS,2026-01-21,4062.T,LOSS,-5.942463166885048,3,,,,,,,,4.673970533508035,1.5046629059588714,73.52379482469222
UP30_SCORE80_NIKKEION_TP3.5_SL1.25_H3,OOS,2026-01-22,3436.T,LOSS,-5.111209059887789,2,,,,,,,,4.00896724791023,2.043114661561871,69.76679418916189
UP30_SCORE80_NIKKEION_TP3.5_SL1.25_H3,OOS,2026-01-26,5801.T,WIN,15.691153324920672,2,,,,,,,,4.511758092834476,2.2098227364303,74.12028125769359
UP30_SCORE80_NIKKEION_TP3.5_SL1.25_H3,OOS,2026-01-27,6857.T,WIN,14.042280829460163,2,,,,,,,,4.040651665560047,1.5400502235978204,69.03225604930759
UP30_SCORE80_NIKKEION_TP3.5_SL1.25_H3,OOS,2026-01-28,6857.T,WIN,13.680816449002153,1,,,,,,,,3.9373761282863295,1.5263652404578067,70.9913959351506
UP30_SCORE80_NIKKEION_TP3.5_SL1.25_H3,OOS,2026-01-29,6857.T,LOSS,-5.678924999200863,1,,,,,,,,4.463139999360691,2.178536434428343,74.85668050032139
UP30_SCORE80_NIKKEION_TP3.5_SL1.25_H3,OOS,2026-01-30,5713.T,LOSS,-6.0515822300374325,1,,,,,,,,4.7612657840299475,3.6103269800317297,74.50943365530547
UP30_SCORE80_NIKKEION_TP3.5_SL1.25_H3,OOS,2026-02-02,7735.T,HOLD,4.0279715269023635,3,,,,,,,,4.560189952500774,1.8495595304408825,68.59055209759605
UP30_SCORE80_NIKKEION_TP3.5_SL1.25_H3,OOS,2026-02-03,5802.T,TIMEOUT_LOSS,-0.5097333253963331,3,,,,,,,,4.424674049575642,3.010246808950368,68.79785747269574
UP30_SCORE80_NIKKEION_TP3.5_SL1.25_H3,OOS,2026-02-04,5801.T,LOSS,-6.833004887698679,2,,,,,,,,5.386403910158943,1.5192891350758757,75.4758725587808
UP30_SCORE80_NIKKEION_TP3.5_SL1.25_H3,OOS,2026-02-05,6723.T,HOLD,7.7076992589914965,3,,,,,,,,4.427977589011389,2.899876454319508,68.35429480373276
UP30_SCORE80_NIKKEION_TP3.5_SL1.25_H3,OOS,2026-02-06,7012.T,WIN,14.826948717609001,1,,,,,,,,4.264842490745427,1.5729208673694408,67.4593315275623
UP30_SCORE80_NIKKEION_TP3.5_SL1.25_H3,OOS,2026-02-09,5803.T,TIMEOUT_LOSS,-0.3594884145250553,3,,,,,,,,5.894731145248508,2.7974811024562314,65.26510749514235
UP30_SCORE80_NIKKEION_TP3.5_SL1.25_H3,OOS,2026-02-10,5233.T,HOLD,4.056214558828953,3,,,,,,,,3.071848312888825,2.7712569058204206,72.48728009612753
UP30_SCORE80_NIKKEION_TP3.5_SL1.25_H3,OOS,2026-02-13,5711.T,LOSS,-5.047568487224596,2,,,,,,,,3.958054789779671,2.6456203776770475,76.9767831666048
UP30_SCORE80_NIKKEION_TP3.5_SL1.25_H3,OOS,2026-02-17,5332.T,HOLD,3.870636319607834,3,,,,,,,,3.231212213341772,2.151003999631748,77.22017773778106
UP30_SCORE80_NIKKEION_TP3.5_SL1.25_H3,OOS,2026-02-18,6981.T,WIN,12.940469764276797,3,,,,,,,,3.725848504079088,1.897054344978015,67.79124849963043
UP30_SCORE80_NIKKEION_TP3.5_SL1.25_H3,OOS,2026-02-19,5631.T,TIMEOUT_LOSS,-2.143340854565845,3,,,,,,,,4.623899387028141,2.0618150590496898,61.190988407760656
UP30_SCORE80_NIKKEION_TP3.5_SL1.25_H3,OOS,2026-02-20,7532.T,HOLD,1.9497587089616464,3,,,,,,,,2.5387030613319705,1.6109721312790437,66.04613180492257
UP30_SCORE80_NIKKEION_TP3.5_SL1.25_H3,OOS,2026-02-24,6361.T,TIMEOUT_LOSS,-2.011504424778765,3,,,,,,,,3.811209439528026,1.506715160356746,67.6016226481249
UP30_SCORE80_NIKKEION_TP3.5_SL1.25_H3,OOS,2026-02-25,4062.T,LOSS,-7.078005522625019,1,,,,,,,,5.582404418100021,1.5450492830876352,65.06453665607634
UP30_SCORE80_NIKKEION_TP3.5_SL1.25_H3,OOS,2026-02-27,7741.T,LOSS,-3.860593096346887,3,,,,,,,,3.008474477077505,1.8376525219335265,59.53660464640956
UP30_SCORE80_NIKKEION_TP3.5_SL1.25_H3,OOS,2026-06-12,8316.T,HOLD,0.5868560724320849,3,,,,,,,,2.7838484753876553,1.524263130004523,68.57004335868862
UP30_SCORE80_NIKKEION_TP3.5_SL1.25_H3,OOS,2026-06-24,6752.T,TIMEOUT_LOSS,-1.4695554557700996,3,,,,,,,,4.737314773237541,1.689110155324136,69.19046376889298
UP30_SCORE80_NIKKEION_TP3.5_SL1.25_H3,OOS,2026-06-30,6861.T,TIMEOUT_LOSS,-1.0375771033802161,3,,,,,,,,3.1499300929352714,1.6156011454251944,62.69049023192115
UP30_SCORE80_NIKKEION_TP3.5_SL1.25_H3,OOS,2026-08-07,4385.T,LOSS,-5.558913187541414,2,,,,,,,,4.367130550033135,1.6538247428580348,68.6886868287226
UP30_SCORE80_NIKKEION_TP3.5_SL1.25_H3,OOS,2026-08-19,7733.T,TIMEOUT_LOSS,-1.4194444444444398,3,,,,,,,,3.0885917585424956,1.6234926575406274,73.68219655203487
UP30_SCORE80_NIKKEION_TP3.5_SL1.25_H3,OOS,2026-08-20,9503.T,TIMEOUT_LOSS,-1.4119814779085527,3,,,,,,,,2.495927012056047,2.2513870022629847,68.82612441044722
UP30_SCORE80_NIKKEION_TP3.5_SL1.25_H3,OOS,2026-08-21,9107.T,LOSS,-3.4471318746304047,2,,,,,,,,2.7704356338717595,1.7388483285442442,83.14583533959757
UP20_SCORE80_NIKKEION_TP4.0_SL1.25_H3,OOS,2025-01-07,6361.T,HOLD,4.500415322065588,3,,,,,,,,3.0344870978700644,1.5540306547809914,69.68237100344051
UP20_SCORE80_NIKKEION_TP4.0_SL1.25_H3,OOS,2025-01-08,8795.T,TIMEOUT_LOSS,-1.4566383777832592,3,,,,,,,,2.3817532403073454,1.6252906152537567,66.33757123022335
UP20_SCORE80_NIKKEION_TP4.0_SL1.25_H3,OOS,2025-01-09,9104.T,HOLD,4.3739994338564685,3,,,,,,,,2.3601397927174235,2.303366546812504,53.51842069648761
UP20_SCORE80_NIKKEION_TP4.0_SL1.25_H3,OOS,2025-01-24,3861.T,WIN,6.586373639847854,1,,,,,,,,1.6715934099619616,1.5865320570697934,66.8685683129112
UP20_SCORE80_NIKKEION_TP4.0_SL1.25_H3,OOS,2025-01-30,4751.T,LOSS,-3.6539060947070268,2,,,,,,,,2.8431248757656196,4.081891498888597,69.04824941242198
UP20_SCORE80_NIKKEION_TP4.0_SL1.25_H3,OOS,2025-03-21,4385.T,HOLD,2.1123035125169776,3,,,,,,,,4.145307259034237,2.4655023063732733,66.31883943224122
UP20_SCORE80_NIKKEION_TP4.0_SL1.25_H3,OOS,2025-03-24,8830.T,TIMEOUT_LOSS,-2.396151013388448,3,,,,,,,,3.1521188737254477,3.603309716771157,74.77264549065845
UP20_SCORE80_NIKKEION_TP4.0_SL1.25_H3,OOS,2025-05-23,5631.T,LOSS,-5.378108874534071,1,,,,,,,,4.457773223756978,3.638256780586112,66.5391720116574
UP20_SCORE80_NIKKEION_TP4.0_SL1.25_H3,OOS,2025-05-29,9201.T,HOLD,4.5441767498590195,3,,,,,,,,1.6846158564918297,1.5260580709535156,71.70576454433363
UP20_SCORE80_NIKKEION_TP4.0_SL1.25_H3,OOS,2025-05-30,7013.T,WIN,13.058883619610883,3,,,,,,,,3.289720904902723,1.7908171365978596,74.63157620760738
UP20_SCORE80_NIKKEION_TP4.0_SL1.25_H3,OOS,2025-06-02,3697.T,TIMEOUT_LOSS,-0.44399044228118345,3,,,,,,,,3.63966401330722,2.587217881109101,78.03906924168916
UP20_SCORE80_NIKKEION_TP4.0_SL1.25_H3,OOS,2025-06-03,7013.T,HOLD,2.3686013650136117,3,,,,,,,,3.4455378792869715,1.7152741017975233,83.10167158544998
UP20_SCORE80_NIKKEION_TP4.0_SL1.25_H3,OOS,2025-06-04,7453.T,HOLD,4.848760491573712,3,,,,,,,,2.714160641857595,1.9209734713929407,80.33942361288243
UP20_SCORE80_NIKKEION_TP4.0_SL1.25_H3,OOS,2025-06-11,4506.T,HOLD,18.20508474576271,3,,,,,,,,6.365348399246702,1.7840842172308191,59.53971611899605
UP20_SCORE80_NIKKEION_TP4.0_SL1.25_H3,OOS,2025-06-12,4506.T,TIMEOUT_LOSS,-1.3560386473429942,3,,,,,,,,6.086956521739132,2.1240639958886773,70.77155149941125
UP20_SCORE80_NIKKEION_TP4.0_SL1.25_H3,OOS,2025-06-13,4506.T,TIMEOUT_LOSS,-5.487523629489599,3,,,,,,,,6.1121613106490225,2.409338323306914,72.05265331505392
UP20_SCORE80_NIKKEION_TP4.0_SL1.25_H3,OOS,2025-06-18,7974.T,TIMEOUT_LOSS,-2.362443984310858,3,,,,,,,,3.1080411432345816,1.9666096637335144,70.0131439245264
UP20_SCORE80_NIKKEION_TP4.0_SL1.25_H3,OOS,2025-06-20,6857.T,HOLD,3.9012311235038566,3,,,,,,,,3.7049853857241244,1.8775454411408887,77.2083566564354
UP20_SCORE80_NIKKEION_TP4.0_SL1.25_H3,OOS,2025-06-25,4751.T,HOLD,2.39925344375137,3,,,,,,,,2.448224232485326,1.7507590069680168,78.27118475379257
UP20_SCORE80_NIKKEION_TP4.0_SL1.25_H3,OOS,2025-06-27,6361.T,HOLD,2.9542371282220814,3,,,,,,,,3.090148248564928,3.2685160590189093,79.0940240005441
UP20_SCORE80_NIKKEION_TP4.0_SL1.25_H3,OOS,2025-06-30,9602.T,LOSS,-3.0034748205791884,3,,,,,,,,2.322779856463349,1.781349701378846,69.13089635829124
UP20_SCORE80_NIKKEION_TP4.0_SL1.25_H3,OOS,2025-07-02,5803.T,TIMEOUT_LOSS,-1.0183041590803965,3,,,,,,,,3.518104418026239,1.5261228603842834,64.97343720907216
UP20_SCORE80_NIKKEION_TP4.0_SL1.25_H3,OOS,2025-07-29,6301.T,HOLD,0.996913666829713,3,,,,,,,,2.485113180553955,2.8330656681004918,55.89267622915238
UP20_SCORE80_NIKKEION_TP4.0_SL1.25_H3,OOS,2025-08-12,8750.T,WIN,9.382582764894954,3,,,,,,,,2.3706456912237384,1.7813488989674662,59.71409488695035
UP20_SCORE80_NIKKEION_TP4.0_SL1.25_H3,OOS,2025-09-11,9984.T,HOLD,1.02452078682006,3,,,,,,,,4.451177534300207,1.9915696859343308,69.88278333275962
UP20_SCORE80_NIKKEION_TP4.0_SL1.25_H3,OOS,2025-09-12,6503.T,TIMEOUT_LOSS,-1.2613372047352245,3,,,,,,,,2.283256289408901,1.8201797306118253,70.59312987856188
UP20_SCORE80_NIKKEION_TP4.0_SL1.25_H3,OOS,2025-09-16,4004.T,WIN,10.873768293197072,2,,,,,,,,2.7434420732992697,1.7395339118464073,82.45159900347099
UP20_SCORE80_NIKKEION_TP4.0_SL1.25_H3,OOS,2025-09-17,4755.T,TIMEOUT_LOSS,-2.705532970602964,3,,,,,,,,2.551672620296179,1.5341222254702225,73.8076241680074
UP20_SCORE80_NIKKEION_TP4.0_SL1.25_H3,OOS,2025-09-18,3436.T,HOLD,2.296217093311348,3,,,,,,,,3.7142099735678835,2.48865032528349,74.07006184861473
UP20_SCORE80_NIKKEION_TP4.0_SL1.25_H3,OOS,2025-09-19,9984.T,HOLD,6.731271668052552,3,,,,,,,,4.19037788653831,1.5227937216073335,70.44412800566023
UP20_SCORE80_NIKKEION_TP4.0_SL1.25_H3,OOS,2025-09-22,4062.T,TIMEOUT_LOSS,-0.3500174824091039,3,,,,,,,,4.122560515146145,1.7894109746778686,74.53984482143241
UP20_SCORE80_NIKKEION_TP4.0_SL1.25_H3,OOS,2025-09-24,7269.T,HOLD,0.5450070369343974,3,,,,,,,,2.2629887439238106,2.2592553185441,82.23862799290006
UP20_SCORE80_NIKKEION_TP4.0_SL1.25_H3,OOS,2025-09-25,5713.T,HOLD,1.9928967708735201,3,,,,,,,,2.974929933337715,3.0868339243591145,77.6627866581457
UP20_SCORE80_NIKKEION_TP4.0_SL1.25_H3,OOS,2025-09-26,8331.T,LOSS,-2.498332192026864,3,,,,,,,,1.9186657536214884,1.6157930876630808,69.07485595803402
UP20_SCORE80_NIKKEION_TP4.0_SL1.25_H3,OOS,2025-09-29,6302.T,LOSS,-2.504863074781183,2,,,,,,,,1.9238904598249507,1.645873811228142,70.66536814973965
UP20_SCORE80_NIKKEION_TP4.0_SL1.25_H3,OOS,2025-09-30,6361.T,HOLD,7.641451014184509,3,,,,,,,,2.6803830232856,2.813752314622889,73.71408892688454
UP20_SCORE80_NIKKEION_TP4.0_SL1.25_H3,OOS,2025-10-03,3436.T,TIMEOUT_LOSS,-0.9814757956848051,3,,,,,,,,5.209448177264275,1.9842407165140383,68.61342103351534
UP20_SCORE80_NIKKEION_TP4.0_SL1.25_H3,OOS,2025-10-06,5831.T,HOLD,2.5903029508791087,3,,,,,,,,2.1476454146329633,1.5749219902602063,58.91479517315375
UP20_SCORE80_NIKKEION_TP4.0_SL1.25_H3,OOS,2025-10-09,6361.T,LOSS,-3.8616117291160656,2,,,,,,,,3.00928938329285,2.13871992091976,84.34346295050602
UP20_SCORE80_NIKKEION_TP4.0_SL1.25_H3,OOS,2025-10-15,8267.T,WIN,10.478931208930343,2,,,,,,,,2.6447328022325856,3.114625760960014,76.52249009026771
UP20_SCORE80_NIKKEION_TP4.0_SL1.25_H3,OOS,2025-10-16,9984.T,HOLD,4.620027669178651,3,,,,,,,,4.654991310702586,1.5427533068350163,70.66336537493032
UP20_SCORE80_NIKKEION_TP4.0_SL1.25_H3,OOS,2025-10-17,8267.T,HOLD,8.70131360293175,3,,,,,,,,3.0957123439116607,3.1472642025766024,81.89092555610779
UP20_SCORE80_NIKKEION_TP4.0_SL1.25_H3,OOS,2025-10-20,8267.T,HOLD,6.175346793173453,3,,,,,,,,3.02697538999106,1.5924311030928169,84.0532204157703
UP20_SCORE80_NIKKEION_TP4.0_SL1.25_H3,OOS,2025-10-22,9984.T,HOLD,7.518353541456236,3,,,,,,,,5.483075822569483,2.2145815870232792,63.54720663155452
UP20_SCORE80_NIKKEION_TP4.0_SL1.25_H3,OOS,2025-10-23,1963.T,HOLD,2.8133252403010123,3,,,,,,,,2.885925880850186,1.932891948159124,62.02249139463407
UP20_SCORE80_NIKKEION_TP4.0_SL1.25_H3,OOS,2025-10-24,6976.T,HOLD,9.504006710007962,3,,,,,,,,3.235998443724982,1.6804174056082453,69.34893813502617
UP20_SCORE80_NIKKEION_TP4.0_SL1.25_H3,OOS,2025-10-29,4043.T,TIMEOUT_LOSS,-1.2359572375052252,3,,,,,,,,2.420046604129393,3.6010461091035366,61.99226292429511
UP20_SCORE80_NIKKEION_TP4.0_SL1.25_H3,OOS,2025-10-30,6963.T,LOSS,-3.5908391458805755,3,,,,,,,,2.792671316704465,2.274930595614673,63.75590192971936
UP20_SCORE80_NIKKEION_TP4.0_SL1.25_H3,OOS,2025-10-31,6702.T,LOSS,-3.6023289202170683,2,,,,,,,,2.8018631361736546,2.45065013412754,65.79540866798806
UP20_SCORE80_NIKKEION_TP4.0_SL1.25_H3,OOS,2025-11-05,5706.T,HOLD,4.45915807548819,3,,,,,,,,5.2528054908498545,1.558703475593556,65.29307153909187
UP20_SCORE80_NIKKEION_TP4.0_SL1.25_H3,OOS,2025-11-07,1803.T,HOLD,9.747886740444434,3,,,,,,,,3.290381605043365,2.68677935743871,64.40954601558369
UP20_SCORE80_NIKKEION_TP4.0_SL1.25_H3,OOS,2025-11-10,7270.T,HOLD,7.601109275206975,3,,,,,,,,2.658051446991701,2.7772101561407005,65.01760632479895
UP20_SCORE80_NIKKEION_TP4.0_SL1.25_H3,OOS,2025-11-11,1808.T,WIN,6.777220667884854,2,,,,,,,,1.7193051669712152,1.6369459598838314,70.02890227565007
UP20_SCORE80_NIKKEION_TP4.0_SL1.25_H3,OOS,2025-11-12,5706.T,HOLD,11.27808057618679,3,,,,,,,,5.614894184217811,4.21194577004756,74.99619411222699
UP20_SCORE80_NIKKEION_TP4.0_SL1.25_H3,OOS,2025-11-14,5706.T,TIMEOUT_LOSS,-0.14934741465433268,3,,,,,,,,6.069893005466853,1.940307588304884,75.95058471949552
UP20_SCORE80_NIKKEION_TP4.0_SL1.25_H3,OOS,2025-12-09,6506.T,HOLD,1.8648566149694124,3,,,,,,,,3.636145168050938,2.308766845945544,76.76832455304144
UP20_SCORE80_NIKKEION_TP4.0_SL1.25_H3,OOS,2025-12-10,4902.T,HOLD,7.017232504082494,3,,,,,,,,3.0449931792195946,1.6923429403382086,69.30195209769802
UP20_SCORE80_NIKKEION_TP4.0_SL1.25_H3,OOS,2025-12-11,6752.T,HOLD,1.5963772022196232,3,,,,,,,,3.2809941781548835,2.082473388498875,67.99135576721709
UP20_SCORE80_NIKKEION_TP4.0_SL1.25_H3,OOS,2025-12-24,7735.T,HOLD,1.3061989621682923,3,,,,,,,,3.919947628071426,3.4621151052801693,67.59745190212621
UP20_SCORE80_NIKKEION_TP4.0_SL1.25_H3,OOS,2025-12-29,5713.T,HOLD,7.503343431110577,3,,,,,,,,3.494783642097062,2.025061863335196,73.06969198997692
UP20_SCORE80_NIKKEION_TP4.0_SL1.25_H3,OOS,2026-01-06,7013.T,HOLD,4.150297769539158,3,,,,,,,,3.382536607551249,1.8282032471966256,65.06508574041464
UP20_SCORE80_NIKKEION_TP4.0_SL1.25_H3,OOS,2026-01-07,285A.T,HOLD,7.7408195429471975,3,,,,,,,,7.00814289466772,1.6083974186275565,67.02302402919813
UP20_SCORE80_NIKKEION_TP4.0_SL1.25_H3,OOS,2026-01-08,5706.T,HOLD,6.875686059783515,3,,,,,,,,4.887590266109957,2.086612521353433,65.32212266481312
UP20_SCORE80_NIKKEION_TP4.0_SL1.25_H3,OOS,2026-01-09,4506.T,TIMEOUT_LOSS,-2.4887265853239415,3,,,,,,,,4.691527753909605,1.896698305908159,75.47901105043854
UP20_SCORE80_NIKKEION_TP4.0_SL1.25_H3,OOS,2026-01-13,6920.T,HOLD,10.948173148578666,3,,,,,,,,4.299827285479877,1.910231975136936,62.388725365374334
UP20_SCORE80_NIKKEION_TP4.0_SL1.25_H3,OOS,2026-01-15,7735.T,HOLD,7.045408891144945,3,,,,,,,,3.802438510704964,1.5892500277561896,73.53419148838194
UP20_SCORE80_NIKKEION_TP4.0_SL1.25_H3,OOS,2026-01-16,6752.T,HOLD,1.8471401903388807,3,,,,,,,,3.0474502634836753,1.5093582492180166,67.15062113994684
UP20_SCORE80_NIKKEION_TP4.0_SL1.25_H3,OOS,2026-01-21,4062.T,LOSS,-5.942463166885048,3,,,,,,,,4.673970533508035,1.5046629059588714,73.52379482469222
UP20_SCORE80_NIKKEION_TP4.0_SL1.25_H3,OOS,2026-01-22,3436.T,LOSS,-5.111209059887789,2,,,,,,,,4.00896724791023,2.043114661561871,69.76679418916189
UP20_SCORE80_NIKKEION_TP4.0_SL1.25_H3,OOS,2026-01-26,5801.T,HOLD,10.5928890620811,3,,,,,,,,4.511758092834476,2.2098227364303,74.12028125769359
UP20_SCORE80_NIKKEION_TP4.0_SL1.25_H3,OOS,2026-01-27,6857.T,WIN,16.062606662240185,2,,,,,,,,4.040651665560047,1.5400502235978204,69.03225604930759
UP20_SCORE80_NIKKEION_TP4.0_SL1.25_H3,OOS,2026-01-28,6857.T,TIMEOUT_LOSS,-4.806017939757423,3,,,,,,,,3.9373761282863295,1.5263652404578067,70.9913959351506
UP20_SCORE80_NIKKEION_TP4.0_SL1.25_H3,OOS,2026-01-29,6857.T,LOSS,-5.678924999200863,1,,,,,,,,4.463139999360691,2.178536434428343,74.85668050032139
UP20_SCORE80_NIKKEION_TP4.0_SL1.25_H3,OOS,2026-01-30,5713.T,LOSS,-6.0515822300374325,1,,,,,,,,4.7612657840299475,3.6103269800317297,74.50943365530547
UP20_SCORE80_NIKKEION_TP4.0_SL1.25_H3,OOS,2026-02-02,7735.T,HOLD,4.0279715269023635,3,,,,,,,,4.560189952500774,1.8495595304408825,68.59055209759605
UP20_SCORE80_NIKKEION_TP4.0_SL1.25_H3,OOS,2026-02-03,5802.T,TIMEOUT_LOSS,-0.5097333253963331,3,,,,,,,,4.424674049575642,3.010246808950368,68.79785747269574
UP20_SCORE80_NIKKEION_TP4.0_SL1.25_H3,OOS,2026-02-04,5801.T,LOSS,-6.833004887698679,2,,,,,,,,5.386403910158943,1.5192891350758757,75.4758725587808
UP20_SCORE80_NIKKEION_TP4.0_SL1.25_H3,OOS,2026-02-05,6723.T,HOLD,7.7076992589914965,3,,,,,,,,4.427977589011389,2.899876454319508,68.35429480373276
UP20_SCORE80_NIKKEION_TP4.0_SL1.25_H3,OOS,2026-02-06,7012.T,WIN,16.959369962981697,1,,,,,,,,4.264842490745427,1.5729208673694408,67.4593315275623
UP20_SCORE80_NIKKEION_TP4.0_SL1.25_H3,OOS,2026-02-09,5803.T,TIMEOUT_LOSS,-0.3594884145250553,3,,,,,,,,5.894731145248508,2.7974811024562314,65.26510749514235
UP20_SCORE80_NIKKEION_TP4.0_SL1.25_H3,OOS,2026-02-10,5233.T,HOLD,4.056214558828953,3,,,,,,,,3.071848312888825,2.7712569058204206,72.48728009612753
UP20_SCORE80_NIKKEION_TP4.0_SL1.25_H3,OOS,2026-02-13,5711.T,LOSS,-5.047568487224596,2,,,,,,,,3.958054789779671,2.6456203776770475,76.9767831666048
UP20_SCORE80_NIKKEION_TP4.0_SL1.25_H3,OOS,2026-02-17,5332.T,HOLD,3.870636319607834,3,,,,,,,,3.231212213341772,2.151003999631748,77.22017773778106
UP20_SCORE80_NIKKEION_TP4.0_SL1.25_H3,OOS,2026-02-18,6981.T,HOLD,13.00693450628766,3,,,,,,,,3.725848504079088,1.897054344978015,67.79124849963043
UP20_SCORE80_NIKKEION_TP4.0_SL1.25_H3,OOS,2026-02-19,5631.T,TIMEOUT_LOSS,-2.143340854565845,3,,,,,,,,4.623899387028141,2.0618150590496898,61.190988407760656
UP20_SCORE80_NIKKEION_TP4.0_SL1.25_H3,OOS,2026-02-20,7532.T,HOLD,1.9497587089616464,3,,,,,,,,2.5387030613319705,1.6109721312790437,66.04613180492257
UP20_SCORE80_NIKKEION_TP4.0_SL1.25_H3,OOS,2026-02-24,6361.T,TIMEOUT_LOSS,-2.011504424778765,3,,,,,,,,3.811209439528026,1.506715160356746,67.6016226481249
UP20_SCORE80_NIKKEION_TP4.0_SL1.25_H3,OOS,2026-02-25,4062.T,LOSS,-7.078005522625019,1,,,,,,,,5.582404418100021,1.5450492830876352,65.06453665607634
UP20_SCORE80_NIKKEION_TP4.0_SL1.25_H3,OOS,2026-02-27,7741.T,LOSS,-3.860593096346887,3,,,,,,,,3.008474477077505,1.8376525219335265,59.53660464640956
UP20_SCORE80_NIKKEION_TP4.0_SL1.25_H3,OOS,2026-06-12,8316.T,HOLD,0.5868560724320849,3,,,,,,,,2.7838484753876553,1.524263130004523,68.57004335868862
UP20_SCORE80_NIKKEION_TP4.0_SL1.25_H3,OOS,2026-06-24,6752.T,TIMEOUT_LOSS,-1.4695554557700996,3,,,,,,,,4.737314773237541,1.689110155324136,69.19046376889298
UP20_SCORE80_NIKKEION_TP4.0_SL1.25_H3,OOS,2026-06-30,6861.T,TIMEOUT_LOSS,-1.0375771033802161,3,,,,,,,,3.1499300929352714,1.6156011454251944,62.69049023192115
UP20_SCORE80_NIKKEION_TP4.0_SL1.25_H3,OOS,2026-08-07,4385.T,LOSS,-5.558913187541414,2,,,,,,,,4.367130550033135,1.6538247428580348,68.6886868287226
UP20_SCORE80_NIKKEION_TP4.0_SL1.25_H3,OOS,2026-08-19,7733.T,TIMEOUT_LOSS,-1.4194444444444398,3,,,,,,,,3.0885917585424956,1.6234926575406274,73.68219655203487
UP20_SCORE80_NIKKEION_TP4.0_SL1.25_H3,OOS,2026-08-20,9503.T,TIMEOUT_LOSS,-1.4119814779085527,3,,,,,,,,2.495927012056047,2.2513870022629847,68.82612441044722
UP20_SCORE80_NIKKEION_TP4.0_SL1.25_H3,OOS,2026-08-21,9107.T,LOSS,-3.4471318746304047,2,,,,,,,,2.7704356338717595,1.7388483285442442,83.14583533959757
UP20_SCORE80_NIKKEION_TP4.0_SL1.5_H3,OOS,2025-01-07,6361.T,HOLD,4.500415322065588,3,,,,,,,,3.0344870978700644,1.5540306547809914,69.68237100344051
UP20_SCORE80_NIKKEION_TP4.0_SL1.5_H3,OOS,2025-01-08,8795.T,TIMEOUT_LOSS,-1.4566383777832592,3,,,,,,,,2.3817532403073454,1.6252906152537567,66.33757123022335
UP20_SCORE80_NIKKEION_TP4.0_SL1.5_H3,OOS,2025-01-09,9104.T,HOLD,4.3739994338564685,3,,,,,,,,2.3601397927174235,2.303366546812504,53.51842069648761
UP20_SCORE80_NIKKEION_TP4.0_SL1.5_H3,OOS,2025-01-24,3861.T,WIN,6.586373639847854,1,,,,,,,,1.6715934099619616,1.5865320570697934,66.8685683129112
UP20_SCORE80_NIKKEION_TP4.0_SL1.5_H3,OOS,2025-01-30,4751.T,LOSS,-4.36468731364843,2,,,,,,,,2.8431248757656196,4.081891498888597,69.04824941242198
UP20_SCORE80_NIKKEION_TP4.0_SL1.5_H3,OOS,2025-03-21,4385.T,HOLD,2.1123035125169776,3,,,,,,,,4.145307259034237,2.4655023063732733,66.31883943224122
UP20_SCORE80_NIKKEION_TP4.0_SL1.5_H3,OOS,2025-03-24,8830.T,TIMEOUT_LOSS,-2.396151013388448,3,,,,,,,,3.1521188737254477,3.603309716771157,74.77264549065845
UP20_SCORE80_NIKKEION_TP4.0_SL1.5_H3,OOS,2025-05-23,5631.T,LOSS,-6.367568828133852,3,,,,,,,,4.457773223756978,3.638256780586112,66.5391720116574
UP20_SCORE80_NIKKEION_TP4.0_SL1.5_H3,OOS,2025-05-29,9201.T,HOLD,4.5441767498590195,3,,,,,,,,1.6846158564918297,1.5260580709535156,71.70576454433363
UP20_SCORE80_NIKKEION_TP4.0_SL1.5_H3,OOS,2025-05-30,7013.T,WIN,13.058883619610883,3,,,,,,,,3.289720904902723,1.7908171365978596,74.63157620760738
UP20_SCORE80_NIKKEION_TP4.0_SL1.5_H3,OOS,2025-06-02,3697.T,TIMEOUT_LOSS,-0.44399044228118345,3,,,,,,,,3.63966401330722,2.587217881109101,78.03906924168916
UP20_SCORE80_NIKKEION_TP4.0_SL1.5_H3,OOS,2025-06-03,7013.T,HOLD,2.3686013650136117,3,,,,,,,,3.4455378792869715,1.7152741017975233,83.10167158544998
UP20_SCORE80_NIKKEION_TP4.0_SL1.5_H3,OOS,2025-06-04,7453.T,HOLD,4.848760491573712,3,,,,,,,,2.714160641857595,1.9209734713929407,80.33942361288243
UP20_SCORE80_NIKKEION_TP4.0_SL1.5_H3,OOS,2025-06-11,4506.T,HOLD,18.20508474576271,3,,,,,,,,6.365348399246702,1.7840842172308191,59.53971611899605
UP20_SCORE80_NIKKEION_TP4.0_SL1.5_H3,OOS,2025-06-12,4506.T,TIMEOUT_LOSS,-1.3560386473429942,3,,,,,,,,6.086956521739132,2.1240639958886773,70.77155149941125
UP20_SCORE80_NIKKEION_TP4.0_SL1.5_H3,OOS,2025-06-13,4506.T,TIMEOUT_LOSS,-5.487523629489599,3,,,,,,,,6.1121613106490225,2.409338323306914,72.05265331505392
UP20_SCORE80_NIKKEION_TP4.0_SL1.5_H3,OOS,2025-06-18,7974.T,TIMEOUT_LOSS,-2.362443984310858,3,,,,,,,,3.1080411432345816,1.9666096637335144,70.0131439245264
UP20_SCORE80_NIKKEION_TP4.0_SL1.5_H3,OOS,2025-06-20,6857.T,HOLD,3.9012311235038566,3,,,,,,,,3.7049853857241244,1.8775454411408887,77.2083566564354
UP20_SCORE80_NIKKEION_TP4.0_SL1.5_H3,OOS,2025-06-25,4751.T,HOLD,2.39925344375137,3,,,,,,,,2.448224232485326,1.7507590069680168,78.27118475379257
UP20_SCORE80_NIKKEION_TP4.0_SL1.5_H3,OOS,2025-06-27,6361.T,HOLD,2.9542371282220814,3,,,,,,,,3.090148248564928,3.2685160590189093,79.0940240005441
UP20_SCORE80_NIKKEION_TP4.0_SL1.5_H3,OOS,2025-06-30,9602.T,LOSS,-3.584169784695024,3,,,,,,,,2.322779856463349,1.781349701378846,69.13089635829124
UP20_SCORE80_NIKKEION_TP4.0_SL1.5_H3,OOS,2025-07-02,5803.T,TIMEOUT_LOSS,-1.0183041590803965,3,,,,,,,,3.518104418026239,1.5261228603842834,64.97343720907216
UP20_SCORE80_NIKKEION_TP4.0_SL1.5_H3,OOS,2025-07-29,6301.T,HOLD,0.996913666829713,3,,,,,,,,2.485113180553955,2.8330656681004918,55.89267622915238
UP20_SCORE80_NIKKEION_TP4.0_SL1.5_H3,OOS,2025-08-12,8750.T,WIN,9.382582764894954,3,,,,,,,,2.3706456912237384,1.7813488989674662,59.71409488695035
UP20_SCORE80_NIKKEION_TP4.0_SL1.5_H3,OOS,2025-09-11,9984.T,HOLD,1.02452078682006,3,,,,,,,,4.451177534300207,1.9915696859343308,69.88278333275962
UP20_SCORE80_NIKKEION_TP4.0_SL1.5_H3,OOS,2025-09-12,6503.T,TIMEOUT_LOSS,-1.2613372047352245,3,,,,,,,,2.283256289408901,1.8201797306118253,70.59312987856188
UP20_SCORE80_NIKKEION_TP4.0_SL1.5_H3,OOS,2025-09-16,4004.T,WIN,10.873768293197072,2,,,,,,,,2.7434420732992697,1.7395339118464073,82.45159900347099
UP20_SCORE80_NIKKEION_TP4.0_SL1.5_H3,OOS,2025-09-17,4755.T,TIMEOUT_LOSS,-2.705532970602964,3,,,,,,,,2.551672620296179,1.5341222254702225,73.8076241680074
UP20_SCORE80_NIKKEION_TP4.0_SL1.5_H3,OOS,2025-09-18,3436.T,HOLD,2.296217093311348,3,,,,,,,,3.7142099735678835,2.48865032528349,74.07006184861473
UP20_SCORE80_NIKKEION_TP4.0_SL1.5_H3,OOS,2025-09-19,9984.T,HOLD,6.731271668052552,3,,,,,,,,4.19037788653831,1.5227937216073335,70.44412800566023
UP20_SCORE80_NIKKEION_TP4.0_SL1.5_H3,OOS,2025-09-22,4062.T,TIMEOUT_LOSS,-0.3500174824091039,3,,,,,,,,4.122560515146145,1.7894109746778686,74.53984482143241
UP20_SCORE80_NIKKEION_TP4.0_SL1.5_H3,OOS,2025-09-24,7269.T,HOLD,0.5450070369343974,3,,,,,,,,2.2629887439238106,2.2592553185441,82.23862799290006
UP20_SCORE80_NIKKEION_TP4.0_SL1.5_H3,OOS,2025-09-25,5713.T,HOLD,1.9928967708735201,3,,,,,,,,2.974929933337715,3.0868339243591145,77.6627866581457
UP20_SCORE80_NIKKEION_TP4.0_SL1.5_H3,OOS,2025-09-26,8331.T,LOSS,-2.9779986304322326,3,,,,,,,,1.9186657536214884,1.6157930876630808,69.07485595803402
UP20_SCORE80_NIKKEION_TP4.0_SL1.5_H3,OOS,2025-09-29,6302.T,LOSS,-2.985835689737426,2,,,,,,,,1.9238904598249507,1.645873811228142,70.66536814973965
UP20_SCORE80_NIKKEION_TP4.0_SL1.5_H3,OOS,2025-09-30,6361.T,HOLD,7.641451014184509,3,,,,,,,,2.6803830232856,2.813752314622889,73.71408892688454
UP20_SCORE80_NIKKEION_TP4.0_SL1.5_H3,OOS,2025-10-03,3436.T,TIMEOUT_LOSS,-0.9814757956848051,3,,,,,,,,5.209448177264275,1.9842407165140383,68.61342103351534
UP20_SCORE80_NIKKEION_TP4.0_SL1.5_H3,OOS,2025-10-06,5831.T,HOLD,2.5903029508791087,3,,,,,,,,2.1476454146329633,1.5749219902602063,58.91479517315375
UP20_SCORE80_NIKKEION_TP4.0_SL1.5_H3,OOS,2025-10-09,6361.T,TIMEOUT_LOSS,-1.7379015604356507,3,,,,,,,,3.00928938329285,2.13871992091976,84.34346295050602
UP20_SCORE80_NIKKEION_TP4.0_SL1.5_H3,OOS,2025-10-15,8267.T,WIN,10.478931208930343,2,,,,,,,,2.6447328022325856,3.114625760960014,76.52249009026771
UP20_SCORE80_NIKKEION_TP4.0_SL1.5_H3,OOS,2025-10-16,9984.T,HOLD,4.620027669178651,3,,,,,,,,4.654991310702586,1.5427533068350163,70.66336537493032
UP20_SCORE80_NIKKEION_TP4.0_SL1.5_H3,OOS,2025-10-17,8267.T,HOLD,8.70131360293175,3,,,,,,,,3.0957123439116607,3.1472642025766024,81.89092555610779
UP20_SCORE80_NIKKEION_TP4.0_SL1.5_H3,OOS,2025-10-20,8267.T,HOLD,6.175346793173453,3,,,,,,,,3.02697538999106,1.5924311030928169,84.0532204157703
UP20_SCORE80_NIKKEION_TP4.0_SL1.5_H3,OOS,2025-10-22,9984.T,HOLD,7.518353541456236,3,,,,,,,,5.483075822569483,2.2145815870232792,63.54720663155452
UP20_SCORE80_NIKKEION_TP4.0_SL1.5_H3,OOS,2025-10-23,6302.T,WIN,10.310647597945744,1,,,,,,,,2.602661899486436,5.609340234110477,76.578236544604
UP20_SCORE80_NIKKEION_TP4.0_SL1.5_H3,OOS,2025-10-24,6976.T,HOLD,9.504006710007962,3,,,,,,,,3.235998443724982,1.6804174056082453,69.34893813502617
UP20_SCORE80_NIKKEION_TP4.0_SL1.5_H3,OOS,2025-10-29,4043.T,TIMEOUT_LOSS,-1.2359572375052252,3,,,,,,,,2.420046604129393,3.6010461091035366,61.99226292429511
UP20_SCORE80_NIKKEION_TP4.0_SL1.5_H3,OOS,2025-10-30,6963.T,LOSS,-4.289006975056697,3,,,,,,,,2.792671316704465,2.274930595614673,63.75590192971936
UP20_SCORE80_NIKKEION_TP4.0_SL1.5_H3,OOS,2025-10-31,6702.T,LOSS,-4.3027947042604815,2,,,,,,,,2.8018631361736546,2.45065013412754,65.79540866798806
UP20_SCORE80_NIKKEION_TP4.0_SL1.5_H3,OOS,2025-11-05,5706.T,HOLD,4.45915807548819,3,,,,,,,,5.2528054908498545,1.558703475593556,65.29307153909187
UP20_SCORE80_NIKKEION_TP4.0_SL1.5_H3,OOS,2025-11-07,1803.T,HOLD,9.747886740444434,3,,,,,,,,3.290381605043365,2.68677935743871,64.40954601558369
UP20_SCORE80_NIKKEION_TP4.0_SL1.5_H3,OOS,2025-11-10,7270.T,HOLD,7.601109275206975,3,,,,,,,,2.658051446991701,2.7772101561407005,65.01760632479895
UP20_SCORE80_NIKKEION_TP4.0_SL1.5_H3,OOS,2025-11-11,1808.T,WIN,6.777220667884854,2,,,,,,,,1.7193051669712152,1.6369459598838314,70.02890227565007
UP20_SCORE80_NIKKEION_TP4.0_SL1.5_H3,OOS,2025-11-12,5706.T,HOLD,11.27808057618679,3,,,,,,,,5.614894184217811,4.21194577004756,74.99619411222699
UP20_SCORE80_NIKKEION_TP4.0_SL1.5_H3,OOS,2025-11-14,5706.T,TIMEOUT_LOSS,-0.14934741465433268,3,,,,,,,,6.069893005466853,1.940307588304884,75.95058471949552
UP20_SCORE80_NIKKEION_TP4.0_SL1.5_H3,OOS,2025-12-09,6506.T,HOLD,1.8648566149694124,3,,,,,,,,3.636145168050938,2.308766845945544,76.76832455304144
UP20_SCORE80_NIKKEION_TP4.0_SL1.5_H3,OOS,2025-12-10,4902.T,HOLD,7.017232504082494,3,,,,,,,,3.0449931792195946,1.6923429403382086,69.30195209769802
UP20_SCORE80_NIKKEION_TP4.0_SL1.5_H3,OOS,2025-12-11,6752.T,HOLD,1.5963772022196232,3,,,,,,,,3.2809941781548835,2.082473388498875,67.99135576721709
UP20_SCORE80_NIKKEION_TP4.0_SL1.5_H3,OOS,2025-12-24,7735.T,HOLD,1.3061989621682923,3,,,,,,,,3.919947628071426,3.4621151052801693,67.59745190212621
UP20_SCORE80_NIKKEION_TP4.0_SL1.5_H3,OOS,2025-12-29,5713.T,HOLD,7.503343431110577,3,,,,,,,,3.494783642097062,2.025061863335196,73.06969198997692
UP20_SCORE80_NIKKEION_TP4.0_SL1.5_H3,OOS,2026-01-06,7013.T,HOLD,4.150297769539158,3,,,,,,,,3.382536607551249,1.8282032471966256,65.06508574041464
UP20_SCORE80_NIKKEION_TP4.0_SL1.5_H3,OOS,2026-01-07,285A.T,HOLD,7.7408195429471975,3,,,,,,,,7.00814289466772,1.6083974186275565,67.02302402919813
UP20_SCORE80_NIKKEION_TP4.0_SL1.5_H3,OOS,2026-01-08,5706.T,HOLD,6.875686059783515,3,,,,,,,,4.887590266109957,2.086612521353433,65.32212266481312
UP20_SCORE80_NIKKEION_TP4.0_SL1.5_H3,OOS,2026-01-09,4506.T,TIMEOUT_LOSS,-2.4887265853239415,3,,,,,,,,4.691527753909605,1.896698305908159,75.47901105043854
UP20_SCORE80_NIKKEION_TP4.0_SL1.5_H3,OOS,2026-01-13,6920.T,HOLD,10.948173148578666,3,,,,,,,,4.299827285479877,1.910231975136936,62.388725365374334
UP20_SCORE80_NIKKEION_TP4.0_SL1.5_H3,OOS,2026-01-15,7735.T,HOLD,7.045408891144945,3,,,,,,,,3.802438510704964,1.5892500277561896,73.53419148838194
UP20_SCORE80_NIKKEION_TP4.0_SL1.5_H3,OOS,2026-01-16,6752.T,HOLD,1.8471401903388807,3,,,,,,,,3.0474502634836753,1.5093582492180166,67.15062113994684
UP20_SCORE80_NIKKEION_TP4.0_SL1.5_H3,OOS,2026-01-21,4062.T,TIMEOUT_LOSS,-4.688256730641083,3,,,,,,,,4.673970533508035,1.5046629059588714,73.52379482469222
UP20_SCORE80_NIKKEION_TP4.0_SL1.5_H3,OOS,2026-01-22,3436.T,LOSS,-6.113450871865345,2,,,,,,,,4.00896724791023,2.043114661561871,69.76679418916189
UP20_SCORE80_NIKKEION_TP4.0_SL1.5_H3,OOS,2026-01-26,5801.T,HOLD,10.5928890620811,3,,,,,,,,4.511758092834476,2.2098227364303,74.12028125769359
UP20_SCORE80_NIKKEION_TP4.0_SL1.5_H3,OOS,2026-01-27,6857.T,WIN,16.062606662240185,2,,,,,,,,4.040651665560047,1.5400502235978204,69.03225604930759
UP20_SCORE80_NIKKEION_TP4.0_SL1.5_H3,OOS,2026-01-28,6857.T,TIMEOUT_LOSS,-4.806017939757423,3,,,,,,,,3.9373761282863295,1.5263652404578067,70.9913959351506
UP20_SCORE80_NIKKEION_TP4.0_SL1.5_H3,OOS,2026-01-29,6857.T,LOSS,-6.794709999041038,2,,,,,,,,4.463139999360691,2.178536434428343,74.85668050032139
UP20_SCORE80_NIKKEION_TP4.0_SL1.5_H3,OOS,2026-01-30,5713.T,LOSS,-7.241898676044922,1,,,,,,,,4.7612657840299475,3.6103269800317297,74.50943365530547
UP20_SCORE80_NIKKEION_TP4.0_SL1.5_H3,OOS,2026-02-02,7735.T,HOLD,4.0279715269023635,3,,,,,,,,4.560189952500774,1.8495595304408825,68.59055209759605
UP20_SCORE80_NIKKEION_TP4.0_SL1.5_H3,OOS,2026-02-03,5802.T,TIMEOUT_LOSS,-0.5097333253963331,3,,,,,,,,4.424674049575642,3.010246808950368,68.79785747269574
UP20_SCORE80_NIKKEION_TP4.0_SL1.5_H3,OOS,2026-02-04,5801.T,HOLD,15.137313224679405,3,,,,,,,,5.386403910158943,1.5192891350758757,75.4758725587808
UP20_SCORE80_NIKKEION_TP4.0_SL1.5_H3,OOS,2026-02-05,6723.T,HOLD,7.7076992589914965,3,,,,,,,,4.427977589011389,2.899876454319508,68.35429480373276
UP20_SCORE80_NIKKEION_TP4.0_SL1.5_H3,OOS,2026-02-06,7012.T,WIN,16.959369962981697,1,,,,,,,,4.264842490745427,1.5729208673694408,67.4593315275623
UP20_SCORE80_NIKKEION_TP4.0_SL1.5_H3,OOS,2026-02-09,5803.T,TIMEOUT_LOSS,-0.3594884145250553,3,,,,,,,,5.894731145248508,2.7974811024562314,65.26510749514235
UP20_SCORE80_NIKKEION_TP4.0_SL1.5_H3,OOS,2026-02-10,5233.T,HOLD,4.056214558828953,3,,,,,,,,3.071848312888825,2.7712569058204206,72.48728009612753
UP20_SCORE80_NIKKEION_TP4.0_SL1.5_H3,OOS,2026-02-13,6273.T,HOLD,1.3154829101722165,3,,,,,,,,3.609963528093507,2.1901969462270414,71.82240758823562
UP20_SCORE80_NIKKEION_TP4.0_SL1.5_H3,OOS,2026-02-17,5332.T,HOLD,3.870636319607834,3,,,,,,,,3.231212213341772,2.151003999631748,77.22017773778106
UP20_SCORE80_NIKKEION_TP4.0_SL1.5_H3,OOS,2026-02-18,6981.T,HOLD,13.00693450628766,3,,,,,,,,3.725848504079088,1.897054344978015,67.79124849963043
UP20_SCORE80_NIKKEION_TP4.0_SL1.5_H3,OOS,2026-02-19,5631.T,TIMEOUT_LOSS,-2.143340854565845,3,,,,,,,,4.623899387028141,2.0618150590496898,61.190988407760656
UP20_SCORE80_NIKKEION_TP4.0_SL1.5_H3,OOS,2026-02-20,7532.T,HOLD,1.9497587089616464,3,,,,,,,,2.5387030613319705,1.6109721312790437,66.04613180492257
UP20_SCORE80_NIKKEION_TP4.0_SL1.5_H3,OOS,2026-02-24,6361.T,TIMEOUT_LOSS,-2.011504424778765,3,,,,,,,,3.811209439528026,1.506715160356746,67.6016226481249
UP20_SCORE80_NIKKEION_TP4.0_SL1.5_H3,OOS,2026-02-25,4062.T,TIMEOUT_LOSS,-2.8660122896263296,3,,,,,,,,5.582404418100021,1.5450492830876352,65.06453665607634
UP20_SCORE80_NIKKEION_TP4.0_SL1.5_H3,OOS,2026-02-27,7741.T,TIMEOUT_LOSS,-2.4990339809548345,3,,,,,,,,3.008474477077505,1.8376525219335265,59.53660464640956
UP20_SCORE80_NIKKEION_TP4.0_SL1.5_H3,OOS,2026-06-12,8316.T,HOLD,0.5868560724320849,3,,,,,,,,2.7838484753876553,1.524263130004523,68.57004335868862
UP20_SCORE80_NIKKEION_TP4.0_SL1.5_H3,OOS,2026-06-24,6752.T,TIMEOUT_LOSS,-1.4695554557700996,3,,,,,,,,4.737314773237541,1.689110155324136,69.19046376889298
UP20_SCORE80_NIKKEION_TP4.0_SL1.5_H3,OOS,2026-06-30,6861.T,TIMEOUT_LOSS,-1.0375771033802161,3,,,,,,,,3.1499300929352714,1.6156011454251944,62.69049023192115
UP20_SCORE80_NIKKEION_TP4.0_SL1.5_H3,OOS,2026-08-07,4385.T,LOSS,-6.650695825049701,2,,,,,,,,4.367130550033135,1.6538247428580348,68.6886868287226
UP20_SCORE80_NIKKEION_TP4.0_SL1.5_H3,OOS,2026-08-19,7733.T,TIMEOUT_LOSS,-1.4194444444444398,3,,,,,,,,3.0885917585424956,1.6234926575406274,73.68219655203487
UP20_SCORE80_NIKKEION_TP4.0_SL1.5_H3,OOS,2026-08-20,9503.T,TIMEOUT_LOSS,-1.4119814779085527,3,,,,,,,,2.495927012056047,2.2513870022629847,68.82612441044722
UP20_SCORE80_NIKKEION_TP4.0_SL1.5_H3,OOS,2026-08-21,9107.T,LOSS,-4.089849147046387,2,,,,,,,,2.7704356338717595,1.7388483285442442,83.14583533959757
UP20_SCORE80_NIKKEION_TP3.5_SL1.5_H3,OOS,2025-01-07,6361.T,HOLD,4.500415322065588,3,,,,,,,,3.0344870978700644,1.5540306547809914,69.68237100344051
UP20_SCORE80_NIKKEION_TP3.5_SL1.5_H3,OOS,2025-01-08,8795.T,TIMEOUT_LOSS,-1.4566383777832592,3,,,,,,,,2.3817532403073454,1.6252906152537567,66.33757123022335
UP20_SCORE80_NIKKEION_TP3.5_SL1.5_H3,OOS,2025-01-09,9104.T,HOLD,4.3739994338564685,3,,,,,,,,2.3601397927174235,2.303366546812504,53.51842069648761
UP20_SCORE80_NIKKEION_TP3.5_SL1.5_H3,OOS,2025-01-24,3861.T,WIN,5.750576934866858,1,,,,,,,,1.6715934099619616,1.5865320570697934,66.8685683129112
UP20_SCORE80_NIKKEION_TP3.5_SL1.5_H3,OOS,2025-01-30,4751.T,LOSS,-4.36468731364843,2,,,,,,,,2.8431248757656196,4.081891498888597,69.04824941242198
UP20_SCORE80_NIKKEION_TP3.5_SL1.5_H3,OOS,2025-03-21,4385.T,HOLD,2.1123035125169776,3,,,,,,,,4.145307259034237,2.4655023063732733,66.31883943224122
UP20_SCORE80_NIKKEION_TP3.5_SL1.5_H3,OOS,2025-03-24,8830.T,TIMEOUT_LOSS,-2.396151013388448,3,,,,,,,,3.1521188737254477,3.603309716771157,74.77264549065845
UP20_SCORE80_NIKKEION_TP3.5_SL1.5_H3,OOS,2025-05-23,5631.T,LOSS,-6.367568828133852,3,,,,,,,,4.457773223756978,3.638256780586112,66.5391720116574
UP20_SCORE80_NIKKEION_TP3.5_SL1.5_H3,OOS,2025-05-29,9201.T,HOLD,4.5441767498590195,3,,,,,,,,1.6846158564918297,1.5260580709535156,71.70576454433363
UP20_SCORE80_NIKKEION_TP3.5_SL1.5_H3,OOS,2025-05-30,7013.T,WIN,11.414023167159526,2,,,,,,,,3.289720904902723,1.7908171365978596,74.63157620760738
UP20_SCORE80_NIKKEION_TP3.5_SL1.5_H3,OOS,2025-06-02,3697.T,TIMEOUT_LOSS,-0.44399044228118345,3,,,,,,,,3.63966401330722,2.587217881109101,78.03906924168916
UP20_SCORE80_NIKKEION_TP3.5_SL1.5_H3,OOS,2025-06-03,7013.T,HOLD,2.3686013650136117,3,,,,,,,,3.4455378792869715,1.7152741017975233,83.10167158544998
UP20_SCORE80_NIKKEION_TP3.5_SL1.5_H3,OOS,2025-06-04,7453.T,HOLD,4.848760491573712,3,,,,,,,,2.714160641857595,1.9209734713929407,80.33942361288243
UP20_SCORE80_NIKKEION_TP3.5_SL1.5_H3,OOS,2025-06-11,4506.T,WIN,22.178719397363455,2,,,,,,,,6.365348399246702,1.7840842172308191,59.53971611899605
UP20_SCORE80_NIKKEION_TP3.5_SL1.5_H3,OOS,2025-06-12,4506.T,TIMEOUT_LOSS,-1.3560386473429942,3,,,,,,,,6.086956521739132,2.1240639958886773,70.77155149941125
UP20_SCORE80_NIKKEION_TP3.5_SL1.5_H3,OOS,2025-06-13,4506.T,TIMEOUT_LOSS,-5.487523629489599,3,,,,,,,,6.1121613106490225,2.409338323306914,72.05265331505392
UP20_SCORE80_NIKKEION_TP3.5_SL1.5_H3,OOS,2025-06-18,7974.T,TIMEOUT_LOSS,-2.362443984310858,3,,,,,,,,3.1080411432345816,1.9666096637335144,70.0131439245264
UP20_SCORE80_NIKKEION_TP3.5_SL1.5_H3,OOS,2025-06-20,6857.T,HOLD,3.9012311235038566,3,,,,,,,,3.7049853857241244,1.8775454411408887,77.2083566564354
UP20_SCORE80_NIKKEION_TP3.5_SL1.5_H3,OOS,2025-06-25,4751.T,HOLD,2.39925344375137,3,,,,,,,,2.448224232485326,1.7507590069680168,78.27118475379257
UP20_SCORE80_NIKKEION_TP3.5_SL1.5_H3,OOS,2025-06-27,6361.T,HOLD,2.9542371282220814,3,,,,,,,,3.090148248564928,3.2685160590189093,79.0940240005441
UP20_SCORE80_NIKKEION_TP3.5_SL1.5_H3,OOS,2025-06-30,9602.T,LOSS,-3.584169784695024,3,,,,,,,,2.322779856463349,1.781349701378846,69.13089635829124
UP20_SCORE80_NIKKEION_TP3.5_SL1.5_H3,OOS,2025-07-02,5803.T,TIMEOUT_LOSS,-1.0183041590803965,3,,,,,,,,3.518104418026239,1.5261228603842834,64.97343720907216
UP20_SCORE80_NIKKEION_TP3.5_SL1.5_H3,OOS,2025-07-29,6301.T,HOLD,0.996913666829713,3,,,,,,,,2.485113180553955,2.8330656681004918,55.89267622915238
UP20_SCORE80_NIKKEION_TP3.5_SL1.5_H3,OOS,2025-08-12,8750.T,WIN,8.197259919283074,3,,,,,,,,2.3706456912237384,1.7813488989674662,59.71409488695035
UP20_SCORE80_NIKKEION_TP3.5_SL1.5_H3,OOS,2025-09-11,9984.T,HOLD,1.02452078682006,3,,,,,,,,4.451177534300207,1.9915696859343308,69.88278333275962
UP20_SCORE80_NIKKEION_TP3.5_SL1.5_H3,OOS,2025-09-12,6503.T,TIMEOUT_LOSS,-1.2613372047352245,3,,,,,,,,2.283256289408901,1.8201797306118253,70.59312987856188
UP20_SCORE80_NIKKEION_TP3.5_SL1.5_H3,OOS,2025-09-16,4004.T,WIN,9.502047256547453,2,,,,,,,,2.7434420732992697,1.7395339118464073,82.45159900347099
UP20_SCORE80_NIKKEION_TP3.5_SL1.5_H3,OOS,2025-09-17,4755.T,TIMEOUT_LOSS,-2.705532970602964,3,,,,,,,,2.551672620296179,1.5341222254702225,73.8076241680074
UP20_SCORE80_NIKKEION_TP3.5_SL1.5_H3,OOS,2025-09-18,3436.T,HOLD,2.296217093311348,3,,,,,,,,3.7142099735678835,2.48865032528349,74.07006184861473
UP20_SCORE80_NIKKEION_TP3.5_SL1.5_H3,OOS,2025-09-19,9984.T,HOLD,6.731271668052552,3,,,,,,,,4.19037788653831,1.5227937216073335,70.44412800566023
UP20_SCORE80_NIKKEION_TP3.5_SL1.5_H3,OOS,2025-09-22,4062.T,TIMEOUT_LOSS,-0.3500174824091039,3,,,,,,,,4.122560515146145,1.7894109746778686,74.53984482143241
UP20_SCORE80_NIKKEION_TP3.5_SL1.5_H3,OOS,2025-09-24,7269.T,HOLD,0.5450070369343974,3,,,,,,,,2.2629887439238106,2.2592553185441,82.23862799290006
UP20_SCORE80_NIKKEION_TP3.5_SL1.5_H3,OOS,2025-09-25,5713.T,HOLD,1.9928967708735201,3,,,,,,,,2.974929933337715,3.0868339243591145,77.6627866581457
UP20_SCORE80_NIKKEION_TP3.5_SL1.5_H3,OOS,2025-09-26,8331.T,LOSS,-2.9779986304322326,3,,,,,,,,1.9186657536214884,1.6157930876630808,69.07485595803402
UP20_SCORE80_NIKKEION_TP3.5_SL1.5_H3,OOS,2025-09-29,6302.T,LOSS,-2.985835689737426,2,,,,,,,,1.9238904598249507,1.645873811228142,70.66536814973965
UP20_SCORE80_NIKKEION_TP3.5_SL1.5_H3,OOS,2025-09-30,6361.T,HOLD,7.641451014184509,3,,,,,,,,2.6803830232856,2.813752314622889,73.71408892688454
UP20_SCORE80_NIKKEION_TP3.5_SL1.5_H3,OOS,2025-10-03,3436.T,TIMEOUT_LOSS,-0.9814757956848051,3,,,,,,,,5.209448177264275,1.9842407165140383,68.61342103351534
UP20_SCORE80_NIKKEION_TP3.5_SL1.5_H3,OOS,2025-10-06,5831.T,HOLD,2.5903029508791087,3,,,,,,,,2.1476454146329633,1.5749219902602063,58.91479517315375
UP20_SCORE80_NIKKEION_TP3.5_SL1.5_H3,OOS,2025-10-09,6361.T,TIMEOUT_LOSS,-1.7379015604356507,3,,,,,,,,3.00928938329285,2.13871992091976,84.34346295050602
UP20_SCORE80_NIKKEION_TP3.5_SL1.5_H3,OOS,2025-10-15,8267.T,WIN,9.15656480781405,2,,,,,,,,2.6447328022325856,3.114625760960014,76.52249009026771
UP20_SCORE80_NIKKEION_TP3.5_SL1.5_H3,OOS,2025-10-16,9984.T,HOLD,4.620027669178651,3,,,,,,,,4.654991310702586,1.5427533068350163,70.66336537493032
UP20_SCORE80_NIKKEION_TP3.5_SL1.5_H3,OOS,2025-10-17,8267.T,HOLD,8.70131360293175,3,,,,,,,,3.0957123439116607,3.1472642025766024,81.89092555610779
UP20_SCORE80_NIKKEION_TP3.5_SL1.5_H3,OOS,2025-10-20,8267.T,HOLD,6.175346793173453,3,,,,,,,,3.02697538999106,1.5924311030928169,84.0532204157703
UP20_SCORE80_NIKKEION_TP3.5_SL1.5_H3,OOS,2025-10-22,9984.T,HOLD,7.518353541456236,3,,,,,,,,5.483075822569483,2.2145815870232792,63.54720663155452
UP20_SCORE80_NIKKEION_TP3.5_SL1.5_H3,OOS,2025-10-23,6302.T,WIN,9.009316648202537,1,,,,,,,,2.602661899486436,5.609340234110477,76.578236544604
UP20_SCORE80_NIKKEION_TP3.5_SL1.5_H3,OOS,2025-10-24,6976.T,HOLD,9.504006710007962,3,,,,,,,,3.235998443724982,1.6804174056082453,69.34893813502617
UP20_SCORE80_NIKKEION_TP3.5_SL1.5_H3,OOS,2025-10-29,4043.T,TIMEOUT_LOSS,-1.2359572375052252,3,,,,,,,,2.420046604129393,3.6010461091035366,61.99226292429511
UP20_SCORE80_NIKKEION_TP3.5_SL1.5_H3,OOS,2025-10-30,6963.T,LOSS,-4.289006975056697,3,,,,,,,,2.792671316704465,2.274930595614673,63.75590192971936
UP20_SCORE80_NIKKEION_TP3.5_SL1.5_H3,OOS,2025-10-31,6702.T,LOSS,-4.3027947042604815,2,,,,,,,,2.8018631361736546,2.45065013412754,65.79540866798806
UP20_SCORE80_NIKKEION_TP3.5_SL1.5_H3,OOS,2025-11-05,5706.T,HOLD,4.45915807548819,3,,,,,,,,5.2528054908498545,1.558703475593556,65.29307153909187
UP20_SCORE80_NIKKEION_TP3.5_SL1.5_H3,OOS,2025-11-07,1803.T,HOLD,9.747886740444434,3,,,,,,,,3.290381605043365,2.68677935743871,64.40954601558369
UP20_SCORE80_NIKKEION_TP3.5_SL1.5_H3,OOS,2025-11-10,7270.T,HOLD,7.601109275206975,3,,,,,,,,2.658051446991701,2.7772101561407005,65.01760632479895
UP20_SCORE80_NIKKEION_TP3.5_SL1.5_H3,OOS,2025-11-11,1808.T,WIN,5.917568084399261,2,,,,,,,,1.7193051669712152,1.6369459598838314,70.02890227565007
UP20_SCORE80_NIKKEION_TP3.5_SL1.5_H3,OOS,2025-11-12,5706.T,HOLD,11.27808057618679,3,,,,,,,,5.614894184217811,4.21194577004756,74.99619411222699
UP20_SCORE80_NIKKEION_TP3.5_SL1.5_H3,OOS,2025-11-14,5706.T,TIMEOUT_LOSS,-0.14934741465433268,3,,,,,,,,6.069893005466853,1.940307588304884,75.95058471949552
UP20_SCORE80_NIKKEION_TP3.5_SL1.5_H3,OOS,2025-12-09,6506.T,HOLD,1.8648566149694124,3,,,,,,,,3.636145168050938,2.308766845945544,76.76832455304144
UP20_SCORE80_NIKKEION_TP3.5_SL1.5_H3,OOS,2025-12-10,4902.T,HOLD,7.017232504082494,3,,,,,,,,3.0449931792195946,1.6923429403382086,69.30195209769802
UP20_SCORE80_NIKKEION_TP3.5_SL1.5_H3,OOS,2025-12-11,6752.T,HOLD,1.5963772022196232,3,,,,,,,,3.2809941781548835,2.082473388498875,67.99135576721709
UP20_SCORE80_NIKKEION_TP3.5_SL1.5_H3,OOS,2025-12-24,7735.T,HOLD,1.3061989621682923,3,,,,,,,,3.919947628071426,3.4621151052801693,67.59745190212621
UP20_SCORE80_NIKKEION_TP3.5_SL1.5_H3,OOS,2025-12-29,5713.T,HOLD,7.503343431110577,3,,,,,,,,3.494783642097062,2.025061863335196,73.06969198997692
UP20_SCORE80_NIKKEION_TP3.5_SL1.5_H3,OOS,2026-01-06,7013.T,HOLD,4.150297769539158,3,,,,,,,,3.382536607551249,1.8282032471966256,65.06508574041464
UP20_SCORE80_NIKKEION_TP3.5_SL1.5_H3,OOS,2026-01-07,285A.T,HOLD,7.7408195429471975,3,,,,,,,,7.00814289466772,1.6083974186275565,67.02302402919813
UP20_SCORE80_NIKKEION_TP3.5_SL1.5_H3,OOS,2026-01-08,5706.T,HOLD,6.875686059783515,3,,,,,,,,4.887590266109957,2.086612521353433,65.32212266481312
UP20_SCORE80_NIKKEION_TP3.5_SL1.5_H3,OOS,2026-01-09,4506.T,TIMEOUT_LOSS,-2.4887265853239415,3,,,,,,,,4.691527753909605,1.896698305908159,75.47901105043854
UP20_SCORE80_NIKKEION_TP3.5_SL1.5_H3,OOS,2026-01-13,6920.T,HOLD,10.948173148578666,3,,,,,,,,4.299827285479877,1.910231975136936,62.388725365374334
UP20_SCORE80_NIKKEION_TP3.5_SL1.5_H3,OOS,2026-01-15,7735.T,HOLD,7.045408891144945,3,,,,,,,,3.802438510704964,1.5892500277561896,73.53419148838194
UP20_SCORE80_NIKKEION_TP3.5_SL1.5_H3,OOS,2026-01-16,6752.T,HOLD,1.8471401903388807,3,,,,,,,,3.0474502634836753,1.5093582492180166,67.15062113994684
UP20_SCORE80_NIKKEION_TP3.5_SL1.5_H3,OOS,2026-01-21,4062.T,TIMEOUT_LOSS,-4.688256730641083,3,,,,,,,,4.673970533508035,1.5046629059588714,73.52379482469222
UP20_SCORE80_NIKKEION_TP3.5_SL1.5_H3,OOS,2026-01-22,3436.T,LOSS,-6.113450871865345,2,,,,,,,,4.00896724791023,2.043114661561871,69.76679418916189
UP20_SCORE80_NIKKEION_TP3.5_SL1.5_H3,OOS,2026-01-26,5801.T,WIN,15.691153324920672,2,,,,,,,,4.511758092834476,2.2098227364303,74.12028125769359
UP20_SCORE80_NIKKEION_TP3.5_SL1.5_H3,OOS,2026-01-27,6857.T,WIN,14.042280829460163,2,,,,,,,,4.040651665560047,1.5400502235978204,69.03225604930759
UP20_SCORE80_NIKKEION_TP3.5_SL1.5_H3,OOS,2026-01-28,6857.T,WIN,13.680816449002153,1,,,,,,,,3.9373761282863295,1.5263652404578067,70.9913959351506
UP20_SCORE80_NIKKEION_TP3.5_SL1.5_H3,OOS,2026-01-29,6857.T,LOSS,-6.794709999041038,2,,,,,,,,4.463139999360691,2.178536434428343,74.85668050032139
UP20_SCORE80_NIKKEION_TP3.5_SL1.5_H3,OOS,2026-01-30,5713.T,LOSS,-7.241898676044922,1,,,,,,,,4.7612657840299475,3.6103269800317297,74.50943365530547
UP20_SCORE80_NIKKEION_TP3.5_SL1.5_H3,OOS,2026-02-02,7735.T,HOLD,4.0279715269023635,3,,,,,,,,4.560189952500774,1.8495595304408825,68.59055209759605
UP20_SCORE80_NIKKEION_TP3.5_SL1.5_H3,OOS,2026-02-03,5802.T,TIMEOUT_LOSS,-0.5097333253963331,3,,,,,,,,4.424674049575642,3.010246808950368,68.79785747269574
UP20_SCORE80_NIKKEION_TP3.5_SL1.5_H3,OOS,2026-02-04,5801.T,HOLD,15.137313224679405,3,,,,,,,,5.386403910158943,1.5192891350758757,75.4758725587808
UP20_SCORE80_NIKKEION_TP3.5_SL1.5_H3,OOS,2026-02-05,3407.T,HOLD,7.227608073341297,3,,,,,,,,3.1537244386467136,2.1777163556066426,72.43440461560668
UP20_SCORE80_NIKKEION_TP3.5_SL1.5_H3,OOS,2026-02-06,7012.T,WIN,14.826948717609001,1,,,,,,,,4.264842490745427,1.5729208673694408,67.4593315275623
UP20_SCORE80_NIKKEION_TP3.5_SL1.5_H3,OOS,2026-02-09,5803.T,TIMEOUT_LOSS,-0.3594884145250553,3,,,,,,,,5.894731145248508,2.7974811024562314,65.26510749514235
UP20_SCORE80_NIKKEION_TP3.5_SL1.5_H3,OOS,2026-02-10,5233.T,HOLD,4.056214558828953,3,,,,,,,,3.071848312888825,2.7712569058204206,72.48728009612753
UP20_SCORE80_NIKKEION_TP3.5_SL1.5_H3,OOS,2026-02-13,6273.T,HOLD,1.3154829101722165,3,,,,,,,,3.609963528093507,2.1901969462270414,71.82240758823562
UP20_SCORE80_NIKKEION_TP3.5_SL1.5_H3,OOS,2026-02-17,5332.T,HOLD,3.870636319607834,3,,,,,,,,3.231212213341772,2.151003999631748,77.22017773778106
UP20_SCORE80_NIKKEION_TP3.5_SL1.5_H3,OOS,2026-02-18,6981.T,WIN,12.940469764276797,3,,,,,,,,3.725848504079088,1.897054344978015,67.79124849963043
UP20_SCORE80_NIKKEION_TP3.5_SL1.5_H3,OOS,2026-02-19,5631.T,TIMEOUT_LOSS,-2.143340854565845,3,,,,,,,,4.623899387028141,2.0618150590496898,61.190988407760656
UP20_SCORE80_NIKKEION_TP3.5_SL1.5_H3,OOS,2026-02-20,7532.T,HOLD,1.9497587089616464,3,,,,,,,,2.5387030613319705,1.6109721312790437,66.04613180492257
UP20_SCORE80_NIKKEION_TP3.5_SL1.5_H3,OOS,2026-02-24,6361.T,TIMEOUT_LOSS,-2.011504424778765,3,,,,,,,,3.811209439528026,1.506715160356746,67.6016226481249
UP20_SCORE80_NIKKEION_TP3.5_SL1.5_H3,OOS,2026-02-25,4062.T,TIMEOUT_LOSS,-2.8660122896263296,3,,,,,,,,5.582404418100021,1.5450492830876352,65.06453665607634
UP20_SCORE80_NIKKEION_TP3.5_SL1.5_H3,OOS,2026-02-27,7741.T,TIMEOUT_LOSS,-2.4990339809548345,3,,,,,,,,3.008474477077505,1.8376525219335265,59.53660464640956
UP20_SCORE80_NIKKEION_TP3.5_SL1.5_H3,OOS,2026-06-12,8316.T,HOLD,0.5868560724320849,3,,,,,,,,2.7838484753876553,1.524263130004523,68.57004335868862
UP20_SCORE80_NIKKEION_TP3.5_SL1.5_H3,OOS,2026-06-24,6752.T,TIMEOUT_LOSS,-1.4695554557700996,3,,,,,,,,4.737314773237541,1.689110155324136,69.19046376889298
UP20_SCORE80_NIKKEION_TP3.5_SL1.5_H3,OOS,2026-06-30,6861.T,TIMEOUT_LOSS,-1.0375771033802161,3,,,,,,,,3.1499300929352714,1.6156011454251944,62.69049023192115
UP20_SCORE80_NIKKEION_TP3.5_SL1.5_H3,OOS,2026-08-07,4385.T,LOSS,-6.650695825049701,2,,,,,,,,4.367130550033135,1.6538247428580348,68.6886868287226
UP20_SCORE80_NIKKEION_TP3.5_SL1.5_H3,OOS,2026-08-19,7733.T,TIMEOUT_LOSS,-1.4194444444444398,3,,,,,,,,3.0885917585424956,1.6234926575406274,73.68219655203487
UP20_SCORE80_NIKKEION_TP3.5_SL1.5_H3,OOS,2026-08-20,9503.T,TIMEOUT_LOSS,-1.4119814779085527,3,,,,,,,,2.495927012056047,2.2513870022629847,68.82612441044722
UP20_SCORE80_NIKKEION_TP3.5_SL1.5_H3,OOS,2026-08-21,9107.T,LOSS,-4.089849147046387,2,,,,,,,,2.7704356338717595,1.7388483285442442,83.14583533959757
UP25_SCORE80_NIKKEION_TP3.5_SL1.5_H3,OOS,2025-01-07,6361.T,HOLD,4.500415322065588,3,,,,,,,,3.0344870978700644,1.5540306547809914,69.68237100344051
UP25_SCORE80_NIKKEION_TP3.5_SL1.5_H3,OOS,2025-01-08,8795.T,TIMEOUT_LOSS,-1.4566383777832592,3,,,,,,,,2.3817532403073454,1.6252906152537567,66.33757123022335
UP25_SCORE80_NIKKEION_TP3.5_SL1.5_H3,OOS,2025-01-09,9104.T,HOLD,4.3739994338564685,3,,,,,,,,2.3601397927174235,2.303366546812504,53.51842069648761
UP25_SCORE80_NIKKEION_TP3.5_SL1.5_H3,OOS,2025-01-24,3861.T,WIN,5.750576934866858,1,,,,,,,,1.6715934099619616,1.5865320570697934,66.8685683129112
UP25_SCORE80_NIKKEION_TP3.5_SL1.5_H3,OOS,2025-01-30,4751.T,LOSS,-4.36468731364843,2,,,,,,,,2.8431248757656196,4.081891498888597,69.04824941242198
UP25_SCORE80_NIKKEION_TP3.5_SL1.5_H3,OOS,2025-03-21,4385.T,HOLD,2.1123035125169776,3,,,,,,,,4.145307259034237,2.4655023063732733,66.31883943224122
UP25_SCORE80_NIKKEION_TP3.5_SL1.5_H3,OOS,2025-03-24,8830.T,TIMEOUT_LOSS,-2.396151013388448,3,,,,,,,,3.1521188737254477,3.603309716771157,74.77264549065845
UP25_SCORE80_NIKKEION_TP3.5_SL1.5_H3,OOS,2025-05-23,5631.T,LOSS,-6.367568828133852,3,,,,,,,,4.457773223756978,3.638256780586112,66.5391720116574
UP25_SCORE80_NIKKEION_TP3.5_SL1.5_H3,OOS,2025-05-29,9201.T,HOLD,4.5441767498590195,3,,,,,,,,1.6846158564918297,1.5260580709535156,71.70576454433363
UP25_SCORE80_NIKKEION_TP3.5_SL1.5_H3,OOS,2025-05-30,7013.T,WIN,11.414023167159526,2,,,,,,,,3.289720904902723,1.7908171365978596,74.63157620760738
UP25_SCORE80_NIKKEION_TP3.5_SL1.5_H3,OOS,2025-06-02,3697.T,TIMEOUT_LOSS,-0.44399044228118345,3,,,,,,,,3.63966401330722,2.587217881109101,78.03906924168916
UP25_SCORE80_NIKKEION_TP3.5_SL1.5_H3,OOS,2025-06-03,7013.T,HOLD,2.3686013650136117,3,,,,,,,,3.4455378792869715,1.7152741017975233,83.10167158544998
UP25_SCORE80_NIKKEION_TP3.5_SL1.5_H3,OOS,2025-06-04,7453.T,HOLD,4.848760491573712,3,,,,,,,,2.714160641857595,1.9209734713929407,80.33942361288243
UP25_SCORE80_NIKKEION_TP3.5_SL1.5_H3,OOS,2025-06-11,4506.T,WIN,22.178719397363455,2,,,,,,,,6.365348399246702,1.7840842172308191,59.53971611899605
UP25_SCORE80_NIKKEION_TP3.5_SL1.5_H3,OOS,2025-06-12,4506.T,TIMEOUT_LOSS,-1.3560386473429942,3,,,,,,,,6.086956521739132,2.1240639958886773,70.77155149941125
UP25_SCORE80_NIKKEION_TP3.5_SL1.5_H3,OOS,2025-06-13,4506.T,TIMEOUT_LOSS,-5.487523629489599,3,,,,,,,,6.1121613106490225,2.409338323306914,72.05265331505392
UP25_SCORE80_NIKKEION_TP3.5_SL1.5_H3,OOS,2025-06-18,7974.T,TIMEOUT_LOSS,-2.362443984310858,3,,,,,,,,3.1080411432345816,1.9666096637335144,70.0131439245264
UP25_SCORE80_NIKKEION_TP3.5_SL1.5_H3,OOS,2025-06-20,6857.T,HOLD,3.9012311235038566,3,,,,,,,,3.7049853857241244,1.8775454411408887,77.2083566564354
UP25_SCORE80_NIKKEION_TP3.5_SL1.5_H3,OOS,2025-06-25,4751.T,HOLD,2.39925344375137,3,,,,,,,,2.448224232485326,1.7507590069680168,78.27118475379257
UP25_SCORE80_NIKKEION_TP3.5_SL1.5_H3,OOS,2025-06-27,6361.T,HOLD,2.9542371282220814,3,,,,,,,,3.090148248564928,3.2685160590189093,79.0940240005441
UP25_SCORE80_NIKKEION_TP3.5_SL1.5_H3,OOS,2025-06-30,9602.T,LOSS,-3.584169784695024,3,,,,,,,,2.322779856463349,1.781349701378846,69.13089635829124
UP25_SCORE80_NIKKEION_TP3.5_SL1.5_H3,OOS,2025-07-02,5803.T,TIMEOUT_LOSS,-1.0183041590803965,3,,,,,,,,3.518104418026239,1.5261228603842834,64.97343720907216
UP25_SCORE80_NIKKEION_TP3.5_SL1.5_H3,OOS,2025-07-29,6301.T,HOLD,0.996913666829713,3,,,,,,,,2.485113180553955,2.8330656681004918,55.89267622915238
UP25_SCORE80_NIKKEION_TP3.5_SL1.5_H3,OOS,2025-08-12,8750.T,WIN,8.197259919283074,3,,,,,,,,2.3706456912237384,1.7813488989674662,59.71409488695035
UP25_SCORE80_NIKKEION_TP3.5_SL1.5_H3,OOS,2025-09-11,9984.T,HOLD,1.02452078682006,3,,,,,,,,4.451177534300207,1.9915696859343308,69.88278333275962
UP25_SCORE80_NIKKEION_TP3.5_SL1.5_H3,OOS,2025-09-12,6503.T,TIMEOUT_LOSS,-1.2613372047352245,3,,,,,,,,2.283256289408901,1.8201797306118253,70.59312987856188
UP25_SCORE80_NIKKEION_TP3.5_SL1.5_H3,OOS,2025-09-16,4004.T,WIN,9.502047256547453,2,,,,,,,,2.7434420732992697,1.7395339118464073,82.45159900347099
UP25_SCORE80_NIKKEION_TP3.5_SL1.5_H3,OOS,2025-09-17,4755.T,TIMEOUT_LOSS,-2.705532970602964,3,,,,,,,,2.551672620296179,1.5341222254702225,73.8076241680074
UP25_SCORE80_NIKKEION_TP3.5_SL1.5_H3,OOS,2025-09-18,3436.T,HOLD,2.296217093311348,3,,,,,,,,3.7142099735678835,2.48865032528349,74.07006184861473
UP25_SCORE80_NIKKEION_TP3.5_SL1.5_H3,OOS,2025-09-19,9984.T,HOLD,6.731271668052552,3,,,,,,,,4.19037788653831,1.5227937216073335,70.44412800566023
UP25_SCORE80_NIKKEION_TP3.5_SL1.5_H3,OOS,2025-09-22,4062.T,TIMEOUT_LOSS,-0.3500174824091039,3,,,,,,,,4.122560515146145,1.7894109746778686,74.53984482143241
UP25_SCORE80_NIKKEION_TP3.5_SL1.5_H3,OOS,2025-09-24,7269.T,HOLD,0.5450070369343974,3,,,,,,,,2.2629887439238106,2.2592553185441,82.23862799290006
UP25_SCORE80_NIKKEION_TP3.5_SL1.5_H3,OOS,2025-09-25,5713.T,HOLD,1.9928967708735201,3,,,,,,,,2.974929933337715,3.0868339243591145,77.6627866581457
UP25_SCORE80_NIKKEION_TP3.5_SL1.5_H3,OOS,2025-09-26,8331.T,LOSS,-2.9779986304322326,3,,,,,,,,1.9186657536214884,1.6157930876630808,69.07485595803402
UP25_SCORE80_NIKKEION_TP3.5_SL1.5_H3,OOS,2025-09-29,6302.T,LOSS,-2.985835689737426,2,,,,,,,,1.9238904598249507,1.645873811228142,70.66536814973965
UP25_SCORE80_NIKKEION_TP3.5_SL1.5_H3,OOS,2025-09-30,6361.T,HOLD,7.641451014184509,3,,,,,,,,2.6803830232856,2.813752314622889,73.71408892688454
UP25_SCORE80_NIKKEION_TP3.5_SL1.5_H3,OOS,2025-10-03,3436.T,TIMEOUT_LOSS,-0.9814757956848051,3,,,,,,,,5.209448177264275,1.9842407165140383,68.61342103351534
UP25_SCORE80_NIKKEION_TP3.5_SL1.5_H3,OOS,2025-10-06,5831.T,HOLD,2.5903029508791087,3,,,,,,,,2.1476454146329633,1.5749219902602063,58.91479517315375
UP25_SCORE80_NIKKEION_TP3.5_SL1.5_H3,OOS,2025-10-09,6361.T,TIMEOUT_LOSS,-1.7379015604356507,3,,,,,,,,3.00928938329285,2.13871992091976,84.34346295050602
UP25_SCORE80_NIKKEION_TP3.5_SL1.5_H3,OOS,2025-10-15,8267.T,WIN,9.15656480781405,2,,,,,,,,2.6447328022325856,3.114625760960014,76.52249009026771
UP25_SCORE80_NIKKEION_TP3.5_SL1.5_H3,OOS,2025-10-16,9984.T,HOLD,4.620027669178651,3,,,,,,,,4.654991310702586,1.5427533068350163,70.66336537493032
UP25_SCORE80_NIKKEION_TP3.5_SL1.5_H3,OOS,2025-10-17,8267.T,HOLD,8.70131360293175,3,,,,,,,,3.0957123439116607,3.1472642025766024,81.89092555610779
UP25_SCORE80_NIKKEION_TP3.5_SL1.5_H3,OOS,2025-10-20,8267.T,HOLD,6.175346793173453,3,,,,,,,,3.02697538999106,1.5924311030928169,84.0532204157703
UP25_SCORE80_NIKKEION_TP3.5_SL1.5_H3,OOS,2025-10-22,9984.T,HOLD,7.518353541456236,3,,,,,,,,5.483075822569483,2.2145815870232792,63.54720663155452
UP25_SCORE80_NIKKEION_TP3.5_SL1.5_H3,OOS,2025-10-23,6302.T,WIN,9.009316648202537,1,,,,,,,,2.602661899486436,5.609340234110477,76.578236544604
UP25_SCORE80_NIKKEION_TP3.5_SL1.5_H3,OOS,2025-10-24,6976.T,HOLD,9.504006710007962,3,,,,,,,,3.235998443724982,1.6804174056082453,69.34893813502617
UP25_SCORE80_NIKKEION_TP3.5_SL1.5_H3,OOS,2025-10-29,4043.T,TIMEOUT_LOSS,-1.2359572375052252,3,,,,,,,,2.420046604129393,3.6010461091035366,61.99226292429511
UP25_SCORE80_NIKKEION_TP3.5_SL1.5_H3,OOS,2025-10-30,6963.T,LOSS,-4.289006975056697,3,,,,,,,,2.792671316704465,2.274930595614673,63.75590192971936
UP25_SCORE80_NIKKEION_TP3.5_SL1.5_H3,OOS,2025-10-31,6702.T,LOSS,-4.3027947042604815,2,,,,,,,,2.8018631361736546,2.45065013412754,65.79540866798806
UP25_SCORE80_NIKKEION_TP3.5_SL1.5_H3,OOS,2025-11-05,5706.T,HOLD,4.45915807548819,3,,,,,,,,5.2528054908498545,1.558703475593556,65.29307153909187
UP25_SCORE80_NIKKEION_TP3.5_SL1.5_H3,OOS,2025-11-07,1803.T,HOLD,9.747886740444434,3,,,,,,,,3.290381605043365,2.68677935743871,64.40954601558369
UP25_SCORE80_NIKKEION_TP3.5_SL1.5_H3,OOS,2025-11-10,7270.T,HOLD,7.601109275206975,3,,,,,,,,2.658051446991701,2.7772101561407005,65.01760632479895
UP25_SCORE80_NIKKEION_TP3.5_SL1.5_H3,OOS,2025-11-11,1808.T,WIN,5.917568084399261,2,,,,,,,,1.7193051669712152,1.6369459598838314,70.02890227565007
UP25_SCORE80_NIKKEION_TP3.5_SL1.5_H3,OOS,2025-11-12,5706.T,HOLD,11.27808057618679,3,,,,,,,,5.614894184217811,4.21194577004756,74.99619411222699
UP25_SCORE80_NIKKEION_TP3.5_SL1.5_H3,OOS,2025-11-14,5706.T,TIMEOUT_LOSS,-0.14934741465433268,3,,,,,,,,6.069893005466853,1.940307588304884,75.95058471949552
UP25_SCORE80_NIKKEION_TP3.5_SL1.5_H3,OOS,2025-12-09,6506.T,HOLD,1.8648566149694124,3,,,,,,,,3.636145168050938,2.308766845945544,76.76832455304144
UP25_SCORE80_NIKKEION_TP3.5_SL1.5_H3,OOS,2025-12-10,4902.T,HOLD,7.017232504082494,3,,,,,,,,3.0449931792195946,1.6923429403382086,69.30195209769802
UP25_SCORE80_NIKKEION_TP3.5_SL1.5_H3,OOS,2025-12-11,6752.T,HOLD,1.5963772022196232,3,,,,,,,,3.2809941781548835,2.082473388498875,67.99135576721709
UP25_SCORE80_NIKKEION_TP3.5_SL1.5_H3,OOS,2025-12-24,7735.T,HOLD,1.3061989621682923,3,,,,,,,,3.919947628071426,3.4621151052801693,67.59745190212621
UP25_SCORE80_NIKKEION_TP3.5_SL1.5_H3,OOS,2025-12-29,5713.T,HOLD,7.503343431110577,3,,,,,,,,3.494783642097062,2.025061863335196,73.06969198997692
UP25_SCORE80_NIKKEION_TP3.5_SL1.5_H3,OOS,2026-01-06,7013.T,HOLD,4.150297769539158,3,,,,,,,,3.382536607551249,1.8282032471966256,65.06508574041464
UP25_SCORE80_NIKKEION_TP3.5_SL1.5_H3,OOS,2026-01-07,285A.T,HOLD,7.7408195429471975,3,,,,,,,,7.00814289466772,1.6083974186275565,67.02302402919813
UP25_SCORE80_NIKKEION_TP3.5_SL1.5_H3,OOS,2026-01-08,5706.T,HOLD,6.875686059783515,3,,,,,,,,4.887590266109957,2.086612521353433,65.32212266481312
UP25_SCORE80_NIKKEION_TP3.5_SL1.5_H3,OOS,2026-01-09,4506.T,TIMEOUT_LOSS,-2.4887265853239415,3,,,,,,,,4.691527753909605,1.896698305908159,75.47901105043854
UP25_SCORE80_NIKKEION_TP3.5_SL1.5_H3,OOS,2026-01-13,6920.T,HOLD,10.948173148578666,3,,,,,,,,4.299827285479877,1.910231975136936,62.388725365374334
UP25_SCORE80_NIKKEION_TP3.5_SL1.5_H3,OOS,2026-01-15,7735.T,HOLD,7.045408891144945,3,,,,,,,,3.802438510704964,1.5892500277561896,73.53419148838194
UP25_SCORE80_NIKKEION_TP3.5_SL1.5_H3,OOS,2026-01-16,6752.T,HOLD,1.8471401903388807,3,,,,,,,,3.0474502634836753,1.5093582492180166,67.15062113994684
UP25_SCORE80_NIKKEION_TP3.5_SL1.5_H3,OOS,2026-01-21,4062.T,TIMEOUT_LOSS,-4.688256730641083,3,,,,,,,,4.673970533508035,1.5046629059588714,73.52379482469222
UP25_SCORE80_NIKKEION_TP3.5_SL1.5_H3,OOS,2026-01-22,3436.T,LOSS,-6.113450871865345,2,,,,,,,,4.00896724791023,2.043114661561871,69.76679418916189
UP25_SCORE80_NIKKEION_TP3.5_SL1.5_H3,OOS,2026-01-26,5801.T,WIN,15.691153324920672,2,,,,,,,,4.511758092834476,2.2098227364303,74.12028125769359
UP25_SCORE80_NIKKEION_TP3.5_SL1.5_H3,OOS,2026-01-27,6857.T,WIN,14.042280829460163,2,,,,,,,,4.040651665560047,1.5400502235978204,69.03225604930759
UP25_SCORE80_NIKKEION_TP3.5_SL1.5_H3,OOS,2026-01-28,6857.T,WIN,13.680816449002153,1,,,,,,,,3.9373761282863295,1.5263652404578067,70.9913959351506
UP25_SCORE80_NIKKEION_TP3.5_SL1.5_H3,OOS,2026-01-29,6857.T,LOSS,-6.794709999041038,2,,,,,,,,4.463139999360691,2.178536434428343,74.85668050032139
UP25_SCORE80_NIKKEION_TP3.5_SL1.5_H3,OOS,2026-01-30,5713.T,LOSS,-7.241898676044922,1,,,,,,,,4.7612657840299475,3.6103269800317297,74.50943365530547
UP25_SCORE80_NIKKEION_TP3.5_SL1.5_H3,OOS,2026-02-02,7735.T,HOLD,4.0279715269023635,3,,,,,,,,4.560189952500774,1.8495595304408825,68.59055209759605
UP25_SCORE80_NIKKEION_TP3.5_SL1.5_H3,OOS,2026-02-03,5802.T,TIMEOUT_LOSS,-0.5097333253963331,3,,,,,,,,4.424674049575642,3.010246808950368,68.79785747269574
UP25_SCORE80_NIKKEION_TP3.5_SL1.5_H3,OOS,2026-02-04,5801.T,HOLD,15.137313224679405,3,,,,,,,,5.386403910158943,1.5192891350758757,75.4758725587808
UP25_SCORE80_NIKKEION_TP3.5_SL1.5_H3,OOS,2026-02-05,3407.T,HOLD,7.227608073341297,3,,,,,,,,3.1537244386467136,2.1777163556066426,72.43440461560668
UP25_SCORE80_NIKKEION_TP3.5_SL1.5_H3,OOS,2026-02-06,7012.T,WIN,14.826948717609001,1,,,,,,,,4.264842490745427,1.5729208673694408,67.4593315275623
UP25_SCORE80_NIKKEION_TP3.5_SL1.5_H3,OOS,2026-02-09,5803.T,TIMEOUT_LOSS,-0.3594884145250553,3,,,,,,,,5.894731145248508,2.7974811024562314,65.26510749514235
UP25_SCORE80_NIKKEION_TP3.5_SL1.5_H3,OOS,2026-02-10,5233.T,HOLD,4.056214558828953,3,,,,,,,,3.071848312888825,2.7712569058204206,72.48728009612753
UP25_SCORE80_NIKKEION_TP3.5_SL1.5_H3,OOS,2026-02-13,6273.T,HOLD,1.3154829101722165,3,,,,,,,,3.609963528093507,2.1901969462270414,71.82240758823562
UP25_SCORE80_NIKKEION_TP3.5_SL1.5_H3,OOS,2026-02-17,5332.T,HOLD,3.870636319607834,3,,,,,,,,3.231212213341772,2.151003999631748,77.22017773778106
UP25_SCORE80_NIKKEION_TP3.5_SL1.5_H3,OOS,2026-02-18,6981.T,WIN,12.940469764276797,3,,,,,,,,3.725848504079088,1.897054344978015,67.79124849963043
UP25_SCORE80_NIKKEION_TP3.5_SL1.5_H3,OOS,2026-02-19,5631.T,TIMEOUT_LOSS,-2.143340854565845,3,,,,,,,,4.623899387028141,2.0618150590496898,61.190988407760656
UP25_SCORE80_NIKKEION_TP3.5_SL1.5_H3,OOS,2026-02-20,7532.T,HOLD,1.9497587089616464,3,,,,,,,,2.5387030613319705,1.6109721312790437,66.04613180492257
UP25_SCORE80_NIKKEION_TP3.5_SL1.5_H3,OOS,2026-02-24,6361.T,TIMEOUT_LOSS,-2.011504424778765,3,,,,,,,,3.811209439528026,1.506715160356746,67.6016226481249
UP25_SCORE80_NIKKEION_TP3.5_SL1.5_H3,OOS,2026-02-25,4062.T,TIMEOUT_LOSS,-2.8660122896263296,3,,,,,,,,5.582404418100021,1.5450492830876352,65.06453665607634
UP25_SCORE80_NIKKEION_TP3.5_SL1.5_H3,OOS,2026-02-27,7741.T,TIMEOUT_LOSS,-2.4990339809548345,3,,,,,,,,3.008474477077505,1.8376525219335265,59.53660464640956
UP25_SCORE80_NIKKEION_TP3.5_SL1.5_H3,OOS,2026-06-12,8316.T,HOLD,0.5868560724320849,3,,,,,,,,2.7838484753876553,1.524263130004523,68.57004335868862
UP25_SCORE80_NIKKEION_TP3.5_SL1.5_H3,OOS,2026-06-24,6752.T,TIMEOUT_LOSS,-1.4695554557700996,3,,,,,,,,4.737314773237541,1.689110155324136,69.19046376889298
UP25_SCORE80_NIKKEION_TP3.5_SL1.5_H3,OOS,2026-06-30,6861.T,TIMEOUT_LOSS,-1.0375771033802161,3,,,,,,,,3.1499300929352714,1.6156011454251944,62.69049023192115
UP25_SCORE80_NIKKEION_TP3.5_SL1.5_H3,OOS,2026-08-07,4385.T,LOSS,-6.650695825049701,2,,,,,,,,4.367130550033135,1.6538247428580348,68.6886868287226
UP25_SCORE80_NIKKEION_TP3.5_SL1.5_H3,OOS,2026-08-19,7733.T,TIMEOUT_LOSS,-1.4194444444444398,3,,,,,,,,3.0885917585424956,1.6234926575406274,73.68219655203487
UP25_SCORE80_NIKKEION_TP3.5_SL1.5_H3,OOS,2026-08-20,9503.T,TIMEOUT_LOSS,-1.4119814779085527,3,,,,,,,,2.495927012056047,2.2513870022629847,68.82612441044722
UP25_SCORE80_NIKKEION_TP3.5_SL1.5_H3,OOS,2026-08-21,9107.T,LOSS,-4.089849147046387,2,,,,,,,,2.7704356338717595,1.7388483285442442,83.14583533959757
UP25_SCORE80_NIKKEION_TP4.0_SL1.5_H3,OOS,2025-01-07,6361.T,HOLD,4.500415322065588,3,,,,,,,,3.0344870978700644,1.5540306547809914,69.68237100344051
UP25_SCORE80_NIKKEION_TP4.0_SL1.5_H3,OOS,2025-01-08,8795.T,TIMEOUT_LOSS,-1.4566383777832592,3,,,,,,,,2.3817532403073454,1.6252906152537567,66.33757123022335
UP25_SCORE80_NIKKEION_TP4.0_SL1.5_H3,OOS,2025-01-09,9104.T,HOLD,4.3739994338564685,3,,,,,,,,2.3601397927174235,2.303366546812504,53.51842069648761
UP25_SCORE80_NIKKEION_TP4.0_SL1.5_H3,OOS,2025-01-24,3861.T,WIN,6.586373639847854,1,,,,,,,,1.6715934099619616,1.5865320570697934,66.8685683129112
UP25_SCORE80_NIKKEION_TP4.0_SL1.5_H3,OOS,2025-01-30,4751.T,LOSS,-4.36468731364843,2,,,,,,,,2.8431248757656196,4.081891498888597,69.04824941242198
UP25_SCORE80_NIKKEION_TP4.0_SL1.5_H3,OOS,2025-03-21,4385.T,HOLD,2.1123035125169776,3,,,,,,,,4.145307259034237,2.4655023063732733,66.31883943224122
UP25_SCORE80_NIKKEION_TP4.0_SL1.5_H3,OOS,2025-03-24,8830.T,TIMEOUT_LOSS,-2.396151013388448,3,,,,,,,,3.1521188737254477,3.603309716771157,74.77264549065845
UP25_SCORE80_NIKKEION_TP4.0_SL1.5_H3,OOS,2025-05-23,5631.T,LOSS,-6.367568828133852,3,,,,,,,,4.457773223756978,3.638256780586112,66.5391720116574
UP25_SCORE80_NIKKEION_TP4.0_SL1.5_H3,OOS,2025-05-29,9201.T,HOLD,4.5441767498590195,3,,,,,,,,1.6846158564918297,1.5260580709535156,71.70576454433363
UP25_SCORE80_NIKKEION_TP4.0_SL1.5_H3,OOS,2025-05-30,7013.T,WIN,13.058883619610883,3,,,,,,,,3.289720904902723,1.7908171365978596,74.63157620760738
UP25_SCORE80_NIKKEION_TP4.0_SL1.5_H3,OOS,2025-06-02,3697.T,TIMEOUT_LOSS,-0.44399044228118345,3,,,,,,,,3.63966401330722,2.587217881109101,78.03906924168916
UP25_SCORE80_NIKKEION_TP4.0_SL1.5_H3,OOS,2025-06-03,7013.T,HOLD,2.3686013650136117,3,,,,,,,,3.4455378792869715,1.7152741017975233,83.10167158544998
UP25_SCORE80_NIKKEION_TP4.0_SL1.5_H3,OOS,2025-06-04,7453.T,HOLD,4.848760491573712,3,,,,,,,,2.714160641857595,1.9209734713929407,80.33942361288243
UP25_SCORE80_NIKKEION_TP4.0_SL1.5_H3,OOS,2025-06-11,4506.T,HOLD,18.20508474576271,3,,,,,,,,6.365348399246702,1.7840842172308191,59.53971611899605
UP25_SCORE80_NIKKEION_TP4.0_SL1.5_H3,OOS,2025-06-12,4506.T,TIMEOUT_LOSS,-1.3560386473429942,3,,,,,,,,6.086956521739132,2.1240639958886773,70.77155149941125
UP25_SCORE80_NIKKEION_TP4.0_SL1.5_H3,OOS,2025-06-13,4506.T,TIMEOUT_LOSS,-5.487523629489599,3,,,,,,,,6.1121613106490225,2.409338323306914,72.05265331505392
UP25_SCORE80_NIKKEION_TP4.0_SL1.5_H3,OOS,2025-06-18,7974.T,TIMEOUT_LOSS,-2.362443984310858,3,,,,,,,,3.1080411432345816,1.9666096637335144,70.0131439245264
UP25_SCORE80_NIKKEION_TP4.0_SL1.5_H3,OOS,2025-06-20,6857.T,HOLD,3.9012311235038566,3,,,,,,,,3.7049853857241244,1.8775454411408887,77.2083566564354
UP25_SCORE80_NIKKEION_TP4.0_SL1.5_H3,OOS,2025-06-25,4751.T,HOLD,2.39925344375137,3,,,,,,,,2.448224232485326,1.7507590069680168,78.27118475379257
UP25_SCORE80_NIKKEION_TP4.0_SL1.5_H3,OOS,2025-06-27,6361.T,HOLD,2.9542371282220814,3,,,,,,,,3.090148248564928,3.2685160590189093,79.0940240005441
UP25_SCORE80_NIKKEION_TP4.0_SL1.5_H3,OOS,2025-06-30,9602.T,LOSS,-3.584169784695024,3,,,,,,,,2.322779856463349,1.781349701378846,69.13089635829124
UP25_SCORE80_NIKKEION_TP4.0_SL1.5_H3,OOS,2025-07-02,5803.T,TIMEOUT_LOSS,-1.0183041590803965,3,,,,,,,,3.518104418026239,1.5261228603842834,64.97343720907216
UP25_SCORE80_NIKKEION_TP4.0_SL1.5_H3,OOS,2025-07-29,6301.T,HOLD,0.996913666829713,3,,,,,,,,2.485113180553955,2.8330656681004918,55.89267622915238
UP25_SCORE80_NIKKEION_TP4.0_SL1.5_H3,OOS,2025-08-12,8750.T,WIN,9.382582764894954,3,,,,,,,,2.3706456912237384,1.7813488989674662,59.71409488695035
UP25_SCORE80_NIKKEION_TP4.0_SL1.5_H3,OOS,2025-09-11,9984.T,HOLD,1.02452078682006,3,,,,,,,,4.451177534300207,1.9915696859343308,69.88278333275962
UP25_SCORE80_NIKKEION_TP4.0_SL1.5_H3,OOS,2025-09-12,6503.T,TIMEOUT_LOSS,-1.2613372047352245,3,,,,,,,,2.283256289408901,1.8201797306118253,70.59312987856188
UP25_SCORE80_NIKKEION_TP4.0_SL1.5_H3,OOS,2025-09-16,4004.T,WIN,10.873768293197072,2,,,,,,,,2.7434420732992697,1.7395339118464073,82.45159900347099
UP25_SCORE80_NIKKEION_TP4.0_SL1.5_H3,OOS,2025-09-17,4755.T,TIMEOUT_LOSS,-2.705532970602964,3,,,,,,,,2.551672620296179,1.5341222254702225,73.8076241680074
UP25_SCORE80_NIKKEION_TP4.0_SL1.5_H3,OOS,2025-09-18,3436.T,HOLD,2.296217093311348,3,,,,,,,,3.7142099735678835,2.48865032528349,74.07006184861473
UP25_SCORE80_NIKKEION_TP4.0_SL1.5_H3,OOS,2025-09-19,9984.T,HOLD,6.731271668052552,3,,,,,,,,4.19037788653831,1.5227937216073335,70.44412800566023
UP25_SCORE80_NIKKEION_TP4.0_SL1.5_H3,OOS,2025-09-22,4062.T,TIMEOUT_LOSS,-0.3500174824091039,3,,,,,,,,4.122560515146145,1.7894109746778686,74.53984482143241
UP25_SCORE80_NIKKEION_TP4.0_SL1.5_H3,OOS,2025-09-24,7269.T,HOLD,0.5450070369343974,3,,,,,,,,2.2629887439238106,2.2592553185441,82.23862799290006
UP25_SCORE80_NIKKEION_TP4.0_SL1.5_H3,OOS,2025-09-25,5713.T,HOLD,1.9928967708735201,3,,,,,,,,2.974929933337715,3.0868339243591145,77.6627866581457
UP25_SCORE80_NIKKEION_TP4.0_SL1.5_H3,OOS,2025-09-26,8331.T,LOSS,-2.9779986304322326,3,,,,,,,,1.9186657536214884,1.6157930876630808,69.07485595803402
UP25_SCORE80_NIKKEION_TP4.0_SL1.5_H3,OOS,2025-09-29,6302.T,LOSS,-2.985835689737426,2,,,,,,,,1.9238904598249507,1.645873811228142,70.66536814973965
UP25_SCORE80_NIKKEION_TP4.0_SL1.5_H3,OOS,2025-09-30,6361.T,HOLD,7.641451014184509,3,,,,,,,,2.6803830232856,2.813752314622889,73.71408892688454
UP25_SCORE80_NIKKEION_TP4.0_SL1.5_H3,OOS,2025-10-03,3436.T,TIMEOUT_LOSS,-0.9814757956848051,3,,,,,,,,5.209448177264275,1.9842407165140383,68.61342103351534
UP25_SCORE80_NIKKEION_TP4.0_SL1.5_H3,OOS,2025-10-06,5831.T,HOLD,2.5903029508791087,3,,,,,,,,2.1476454146329633,1.5749219902602063,58.91479517315375
UP25_SCORE80_NIKKEION_TP4.0_SL1.5_H3,OOS,2025-10-09,6361.T,TIMEOUT_LOSS,-1.7379015604356507,3,,,,,,,,3.00928938329285,2.13871992091976,84.34346295050602
UP25_SCORE80_NIKKEION_TP4.0_SL1.5_H3,OOS,2025-10-15,8267.T,WIN,10.478931208930343,2,,,,,,,,2.6447328022325856,3.114625760960014,76.52249009026771
UP25_SCORE80_NIKKEION_TP4.0_SL1.5_H3,OOS,2025-10-16,9984.T,HOLD,4.620027669178651,3,,,,,,,,4.654991310702586,1.5427533068350163,70.66336537493032
UP25_SCORE80_NIKKEION_TP4.0_SL1.5_H3,OOS,2025-10-17,8267.T,HOLD,8.70131360293175,3,,,,,,,,3.0957123439116607,3.1472642025766024,81.89092555610779
UP25_SCORE80_NIKKEION_TP4.0_SL1.5_H3,OOS,2025-10-20,8267.T,HOLD,6.175346793173453,3,,,,,,,,3.02697538999106,1.5924311030928169,84.0532204157703
UP25_SCORE80_NIKKEION_TP4.0_SL1.5_H3,OOS,2025-10-22,9984.T,HOLD,7.518353541456236,3,,,,,,,,5.483075822569483,2.2145815870232792,63.54720663155452
UP25_SCORE80_NIKKEION_TP4.0_SL1.5_H3,OOS,2025-10-23,6302.T,WIN,10.310647597945744,1,,,,,,,,2.602661899486436,5.609340234110477,76.578236544604
UP25_SCORE80_NIKKEION_TP4.0_SL1.5_H3,OOS,2025-10-24,6976.T,HOLD,9.504006710007962,3,,,,,,,,3.235998443724982,1.6804174056082453,69.34893813502617
UP25_SCORE80_NIKKEION_TP4.0_SL1.5_H3,OOS,2025-10-29,4043.T,TIMEOUT_LOSS,-1.2359572375052252,3,,,,,,,,2.420046604129393,3.6010461091035366,61.99226292429511
UP25_SCORE80_NIKKEION_TP4.0_SL1.5_H3,OOS,2025-10-30,6963.T,LOSS,-4.289006975056697,3,,,,,,,,2.792671316704465,2.274930595614673,63.75590192971936
UP25_SCORE80_NIKKEION_TP4.0_SL1.5_H3,OOS,2025-10-31,6702.T,LOSS,-4.3027947042604815,2,,,,,,,,2.8018631361736546,2.45065013412754,65.79540866798806
UP25_SCORE80_NIKKEION_TP4.0_SL1.5_H3,OOS,2025-11-05,5706.T,HOLD,4.45915807548819,3,,,,,,,,5.2528054908498545,1.558703475593556,65.29307153909187
UP25_SCORE80_NIKKEION_TP4.0_SL1.5_H3,OOS,2025-11-07,1803.T,HOLD,9.747886740444434,3,,,,,,,,3.290381605043365,2.68677935743871,64.40954601558369
UP25_SCORE80_NIKKEION_TP4.0_SL1.5_H3,OOS,2025-11-10,7270.T,HOLD,7.601109275206975,3,,,,,,,,2.658051446991701,2.7772101561407005,65.01760632479895
UP25_SCORE80_NIKKEION_TP4.0_SL1.5_H3,OOS,2025-11-11,1808.T,WIN,6.777220667884854,2,,,,,,,,1.7193051669712152,1.6369459598838314,70.02890227565007
UP25_SCORE80_NIKKEION_TP4.0_SL1.5_H3,OOS,2025-11-12,5706.T,HOLD,11.27808057618679,3,,,,,,,,5.614894184217811,4.21194577004756,74.99619411222699
UP25_SCORE80_NIKKEION_TP4.0_SL1.5_H3,OOS,2025-11-14,5706.T,TIMEOUT_LOSS,-0.14934741465433268,3,,,,,,,,6.069893005466853,1.940307588304884,75.95058471949552
UP25_SCORE80_NIKKEION_TP4.0_SL1.5_H3,OOS,2025-12-09,6506.T,HOLD,1.8648566149694124,3,,,,,,,,3.636145168050938,2.308766845945544,76.76832455304144
UP25_SCORE80_NIKKEION_TP4.0_SL1.5_H3,OOS,2025-12-10,4902.T,HOLD,7.017232504082494,3,,,,,,,,3.0449931792195946,1.6923429403382086,69.30195209769802
UP25_SCORE80_NIKKEION_TP4.0_SL1.5_H3,OOS,2025-12-11,6752.T,HOLD,1.5963772022196232,3,,,,,,,,3.2809941781548835,2.082473388498875,67.99135576721709
UP25_SCORE80_NIKKEION_TP4.0_SL1.5_H3,OOS,2025-12-24,7735.T,HOLD,1.3061989621682923,3,,,,,,,,3.919947628071426,3.4621151052801693,67.59745190212621
UP25_SCORE80_NIKKEION_TP4.0_SL1.5_H3,OOS,2025-12-29,5713.T,HOLD,7.503343431110577,3,,,,,,,,3.494783642097062,2.025061863335196,73.06969198997692
UP25_SCORE80_NIKKEION_TP4.0_SL1.5_H3,OOS,2026-01-06,7013.T,HOLD,4.150297769539158,3,,,,,,,,3.382536607551249,1.8282032471966256,65.06508574041464
UP25_SCORE80_NIKKEION_TP4.0_SL1.5_H3,OOS,2026-01-07,285A.T,HOLD,7.7408195429471975,3,,,,,,,,7.00814289466772,1.6083974186275565,67.02302402919813
UP25_SCORE80_NIKKEION_TP4.0_SL1.5_H3,OOS,2026-01-08,5706.T,HOLD,6.875686059783515,3,,,,,,,,4.887590266109957,2.086612521353433,65.32212266481312
UP25_SCORE80_NIKKEION_TP4.0_SL1.5_H3,OOS,2026-01-09,4506.T,TIMEOUT_LOSS,-2.4887265853239415,3,,,,,,,,4.691527753909605,1.896698305908159,75.47901105043854
UP25_SCORE80_NIKKEION_TP4.0_SL1.5_H3,OOS,2026-01-13,6920.T,HOLD,10.948173148578666,3,,,,,,,,4.299827285479877,1.910231975136936,62.388725365374334
UP25_SCORE80_NIKKEION_TP4.0_SL1.5_H3,OOS,2026-01-15,7735.T,HOLD,7.045408891144945,3,,,,,,,,3.802438510704964,1.5892500277561896,73.53419148838194
UP25_SCORE80_NIKKEION_TP4.0_SL1.5_H3,OOS,2026-01-16,6752.T,HOLD,1.8471401903388807,3,,,,,,,,3.0474502634836753,1.5093582492180166,67.15062113994684
UP25_SCORE80_NIKKEION_TP4.0_SL1.5_H3,OOS,2026-01-21,4062.T,TIMEOUT_LOSS,-4.688256730641083,3,,,,,,,,4.673970533508035,1.5046629059588714,73.52379482469222
UP25_SCORE80_NIKKEION_TP4.0_SL1.5_H3,OOS,2026-01-22,3436.T,LOSS,-6.113450871865345,2,,,,,,,,4.00896724791023,2.043114661561871,69.76679418916189
UP25_SCORE80_NIKKEION_TP4.0_SL1.5_H3,OOS,2026-01-26,5801.T,HOLD,10.5928890620811,3,,,,,,,,4.511758092834476,2.2098227364303,74.12028125769359
UP25_SCORE80_NIKKEION_TP4.0_SL1.5_H3,OOS,2026-01-27,6857.T,WIN,16.062606662240185,2,,,,,,,,4.040651665560047,1.5400502235978204,69.03225604930759
UP25_SCORE80_NIKKEION_TP4.0_SL1.5_H3,OOS,2026-01-28,6857.T,TIMEOUT_LOSS,-4.806017939757423,3,,,,,,,,3.9373761282863295,1.5263652404578067,70.9913959351506
UP25_SCORE80_NIKKEION_TP4.0_SL1.5_H3,OOS,2026-01-29,6857.T,LOSS,-6.794709999041038,2,,,,,,,,4.463139999360691,2.178536434428343,74.85668050032139
UP25_SCORE80_NIKKEION_TP4.0_SL1.5_H3,OOS,2026-01-30,5713.T,LOSS,-7.241898676044922,1,,,,,,,,4.7612657840299475,3.6103269800317297,74.50943365530547
UP25_SCORE80_NIKKEION_TP4.0_SL1.5_H3,OOS,2026-02-02,7735.T,HOLD,4.0279715269023635,3,,,,,,,,4.560189952500774,1.8495595304408825,68.59055209759605
UP25_SCORE80_NIKKEION_TP4.0_SL1.5_H3,OOS,2026-02-03,5802.T,TIMEOUT_LOSS,-0.5097333253963331,3,,,,,,,,4.424674049575642,3.010246808950368,68.79785747269574
UP25_SCORE80_NIKKEION_TP4.0_SL1.5_H3,OOS,2026-02-04,5801.T,HOLD,15.137313224679405,3,,,,,,,,5.386403910158943,1.5192891350758757,75.4758725587808
UP25_SCORE80_NIKKEION_TP4.0_SL1.5_H3,OOS,2026-02-05,6723.T,HOLD,7.7076992589914965,3,,,,,,,,4.427977589011389,2.899876454319508,68.35429480373276
UP25_SCORE80_NIKKEION_TP4.0_SL1.5_H3,OOS,2026-02-06,7012.T,WIN,16.959369962981697,1,,,,,,,,4.264842490745427,1.5729208673694408,67.4593315275623
UP25_SCORE80_NIKKEION_TP4.0_SL1.5_H3,OOS,2026-02-09,5803.T,TIMEOUT_LOSS,-0.3594884145250553,3,,,,,,,,5.894731145248508,2.7974811024562314,65.26510749514235
UP25_SCORE80_NIKKEION_TP4.0_SL1.5_H3,OOS,2026-02-10,5233.T,HOLD,4.056214558828953,3,,,,,,,,3.071848312888825,2.7712569058204206,72.48728009612753
UP25_SCORE80_NIKKEION_TP4.0_SL1.5_H3,OOS,2026-02-13,6273.T,HOLD,1.3154829101722165,3,,,,,,,,3.609963528093507,2.1901969462270414,71.82240758823562
UP25_SCORE80_NIKKEION_TP4.0_SL1.5_H3,OOS,2026-02-17,5332.T,HOLD,3.870636319607834,3,,,,,,,,3.231212213341772,2.151003999631748,77.22017773778106
UP25_SCORE80_NIKKEION_TP4.0_SL1.5_H3,OOS,2026-02-18,6981.T,HOLD,13.00693450628766,3,,,,,,,,3.725848504079088,1.897054344978015,67.79124849963043
UP25_SCORE80_NIKKEION_TP4.0_SL1.5_H3,OOS,2026-02-19,5631.T,TIMEOUT_LOSS,-2.143340854565845,3,,,,,,,,4.623899387028141,2.0618150590496898,61.190988407760656
UP25_SCORE80_NIKKEION_TP4.0_SL1.5_H3,OOS,2026-02-20,7532.T,HOLD,1.9497587089616464,3,,,,,,,,2.5387030613319705,1.6109721312790437,66.04613180492257
UP25_SCORE80_NIKKEION_TP4.0_SL1.5_H3,OOS,2026-02-24,6361.T,TIMEOUT_LOSS,-2.011504424778765,3,,,,,,,,3.811209439528026,1.506715160356746,67.6016226481249
UP25_SCORE80_NIKKEION_TP4.0_SL1.5_H3,OOS,2026-02-25,4062.T,TIMEOUT_LOSS,-2.8660122896263296,3,,,,,,,,5.582404418100021,1.5450492830876352,65.06453665607634
UP25_SCORE80_NIKKEION_TP4.0_SL1.5_H3,OOS,2026-02-27,7741.T,TIMEOUT_LOSS,-2.4990339809548345,3,,,,,,,,3.008474477077505,1.8376525219335265,59.53660464640956
UP25_SCORE80_NIKKEION_TP4.0_SL1.5_H3,OOS,2026-06-12,8316.T,HOLD,0.5868560724320849,3,,,,,,,,2.7838484753876553,1.524263130004523,68.57004335868862
UP25_SCORE80_NIKKEION_TP4.0_SL1.5_H3,OOS,2026-06-24,6752.T,TIMEOUT_LOSS,-1.4695554557700996,3,,,,,,,,4.737314773237541,1.689110155324136,69.19046376889298
UP25_SCORE80_NIKKEION_TP4.0_SL1.5_H3,OOS,2026-06-30,6861.T,TIMEOUT_LOSS,-1.0375771033802161,3,,,,,,,,3.1499300929352714,1.6156011454251944,62.69049023192115
UP25_SCORE80_NIKKEION_TP4.0_SL1.5_H3,OOS,2026-08-07,4385.T,LOSS,-6.650695825049701,2,,,,,,,,4.367130550033135,1.6538247428580348,68.6886868287226
UP25_SCORE80_NIKKEION_TP4.0_SL1.5_H3,OOS,2026-08-19,7733.T,TIMEOUT_LOSS,-1.4194444444444398,3,,,,,,,,3.0885917585424956,1.6234926575406274,73.68219655203487
UP25_SCORE80_NIKKEION_TP4.0_SL1.5_H3,OOS,2026-08-20,9503.T,TIMEOUT_LOSS,-1.4119814779085527,3,,,,,,,,2.495927012056047,2.2513870022629847,68.82612441044722
UP25_SCORE80_NIKKEION_TP4.0_SL1.5_H3,OOS,2026-08-21,9107.T,LOSS,-4.089849147046387,2,,,,,,,,2.7704356338717595,1.7388483285442442,83.14583533959757
UP30_SCORE80_NIKKEION_TP4.0_SL1.5_H3,OOS,2025-01-07,6361.T,HOLD,4.500415322065588,3,,,,,,,,3.0344870978700644,1.5540306547809914,69.68237100344051
UP30_SCORE80_NIKKEION_TP4.0_SL1.5_H3,OOS,2025-01-08,8795.T,TIMEOUT_LOSS,-1.4566383777832592,3,,,,,,,,2.3817532403073454,1.6252906152537567,66.33757123022335
UP30_SCORE80_NIKKEION_TP4.0_SL1.5_H3,OOS,2025-01-09,9104.T,HOLD,4.3739994338564685,3,,,,,,,,2.3601397927174235,2.303366546812504,53.51842069648761
UP30_SCORE80_NIKKEION_TP4.0_SL1.5_H3,OOS,2025-01-24,3861.T,WIN,6.586373639847854,1,,,,,,,,1.6715934099619616,1.5865320570697934,66.8685683129112
UP30_SCORE80_NIKKEION_TP4.0_SL1.5_H3,OOS,2025-01-30,4751.T,LOSS,-4.36468731364843,2,,,,,,,,2.8431248757656196,4.081891498888597,69.04824941242198
UP30_SCORE80_NIKKEION_TP4.0_SL1.5_H3,OOS,2025-03-21,4385.T,HOLD,2.1123035125169776,3,,,,,,,,4.145307259034237,2.4655023063732733,66.31883943224122
UP30_SCORE80_NIKKEION_TP4.0_SL1.5_H3,OOS,2025-03-24,8830.T,TIMEOUT_LOSS,-2.396151013388448,3,,,,,,,,3.1521188737254477,3.603309716771157,74.77264549065845
UP30_SCORE80_NIKKEION_TP4.0_SL1.5_H3,OOS,2025-05-23,5631.T,LOSS,-6.367568828133852,3,,,,,,,,4.457773223756978,3.638256780586112,66.5391720116574
UP30_SCORE80_NIKKEION_TP4.0_SL1.5_H3,OOS,2025-05-29,9201.T,HOLD,4.5441767498590195,3,,,,,,,,1.6846158564918297,1.5260580709535156,71.70576454433363
UP30_SCORE80_NIKKEION_TP4.0_SL1.5_H3,OOS,2025-05-30,7013.T,WIN,13.058883619610883,3,,,,,,,,3.289720904902723,1.7908171365978596,74.63157620760738
UP30_SCORE80_NIKKEION_TP4.0_SL1.5_H3,OOS,2025-06-02,3697.T,TIMEOUT_LOSS,-0.44399044228118345,3,,,,,,,,3.63966401330722,2.587217881109101,78.03906924168916
UP30_SCORE80_NIKKEION_TP4.0_SL1.5_H3,OOS,2025-06-03,7013.T,HOLD,2.3686013650136117,3,,,,,,,,3.4455378792869715,1.7152741017975233,83.10167158544998
UP30_SCORE80_NIKKEION_TP4.0_SL1.5_H3,OOS,2025-06-04,7453.T,HOLD,4.848760491573712,3,,,,,,,,2.714160641857595,1.9209734713929407,80.33942361288243
UP30_SCORE80_NIKKEION_TP4.0_SL1.5_H3,OOS,2025-06-11,4506.T,HOLD,18.20508474576271,3,,,,,,,,6.365348399246702,1.7840842172308191,59.53971611899605
UP30_SCORE80_NIKKEION_TP4.0_SL1.5_H3,OOS,2025-06-12,4506.T,TIMEOUT_LOSS,-1.3560386473429942,3,,,,,,,,6.086956521739132,2.1240639958886773,70.77155149941125
UP30_SCORE80_NIKKEION_TP4.0_SL1.5_H3,OOS,2025-06-13,4506.T,TIMEOUT_LOSS,-5.487523629489599,3,,,,,,,,6.1121613106490225,2.409338323306914,72.05265331505392
UP30_SCORE80_NIKKEION_TP4.0_SL1.5_H3,OOS,2025-06-18,7974.T,TIMEOUT_LOSS,-2.362443984310858,3,,,,,,,,3.1080411432345816,1.9666096637335144,70.0131439245264
UP30_SCORE80_NIKKEION_TP4.0_SL1.5_H3,OOS,2025-06-20,6857.T,HOLD,3.9012311235038566,3,,,,,,,,3.7049853857241244,1.8775454411408887,77.2083566564354
UP30_SCORE80_NIKKEION_TP4.0_SL1.5_H3,OOS,2025-06-25,4751.T,HOLD,2.39925344375137,3,,,,,,,,2.448224232485326,1.7507590069680168,78.27118475379257
UP30_SCORE80_NIKKEION_TP4.0_SL1.5_H3,OOS,2025-06-27,6361.T,HOLD,2.9542371282220814,3,,,,,,,,3.090148248564928,3.2685160590189093,79.0940240005441
UP30_SCORE80_NIKKEION_TP4.0_SL1.5_H3,OOS,2025-06-30,9602.T,LOSS,-3.584169784695024,3,,,,,,,,2.322779856463349,1.781349701378846,69.13089635829124
UP30_SCORE80_NIKKEION_TP4.0_SL1.5_H3,OOS,2025-07-02,5803.T,TIMEOUT_LOSS,-1.0183041590803965,3,,,,,,,,3.518104418026239,1.5261228603842834,64.97343720907216
UP30_SCORE80_NIKKEION_TP4.0_SL1.5_H3,OOS,2025-07-29,6301.T,HOLD,0.996913666829713,3,,,,,,,,2.485113180553955,2.8330656681004918,55.89267622915238
UP30_SCORE80_NIKKEION_TP4.0_SL1.5_H3,OOS,2025-08-12,8750.T,WIN,9.382582764894954,3,,,,,,,,2.3706456912237384,1.7813488989674662,59.71409488695035
UP30_SCORE80_NIKKEION_TP4.0_SL1.5_H3,OOS,2025-09-11,9984.T,HOLD,1.02452078682006,3,,,,,,,,4.451177534300207,1.9915696859343308,69.88278333275962
UP30_SCORE80_NIKKEION_TP4.0_SL1.5_H3,OOS,2025-09-12,6503.T,TIMEOUT_LOSS,-1.2613372047352245,3,,,,,,,,2.283256289408901,1.8201797306118253,70.59312987856188
UP30_SCORE80_NIKKEION_TP4.0_SL1.5_H3,OOS,2025-09-16,4004.T,WIN,10.873768293197072,2,,,,,,,,2.7434420732992697,1.7395339118464073,82.45159900347099
UP30_SCORE80_NIKKEION_TP4.0_SL1.5_H3,OOS,2025-09-17,4755.T,TIMEOUT_LOSS,-2.705532970602964,3,,,,,,,,2.551672620296179,1.5341222254702225,73.8076241680074
UP30_SCORE80_NIKKEION_TP4.0_SL1.5_H3,OOS,2025-09-18,3436.T,HOLD,2.296217093311348,3,,,,,,,,3.7142099735678835,2.48865032528349,74.07006184861473
UP30_SCORE80_NIKKEION_TP4.0_SL1.5_H3,OOS,2025-09-19,9984.T,HOLD,6.731271668052552,3,,,,,,,,4.19037788653831,1.5227937216073335,70.44412800566023
UP30_SCORE80_NIKKEION_TP4.0_SL1.5_H3,OOS,2025-09-22,4062.T,TIMEOUT_LOSS,-0.3500174824091039,3,,,,,,,,4.122560515146145,1.7894109746778686,74.53984482143241
UP30_SCORE80_NIKKEION_TP4.0_SL1.5_H3,OOS,2025-09-24,7269.T,HOLD,0.5450070369343974,3,,,,,,,,2.2629887439238106,2.2592553185441,82.23862799290006
UP30_SCORE80_NIKKEION_TP4.0_SL1.5_H3,OOS,2025-09-25,5713.T,HOLD,1.9928967708735201,3,,,,,,,,2.974929933337715,3.0868339243591145,77.6627866581457
UP30_SCORE80_NIKKEION_TP4.0_SL1.5_H3,OOS,2025-09-26,8331.T,LOSS,-2.9779986304322326,3,,,,,,,,1.9186657536214884,1.6157930876630808,69.07485595803402
UP30_SCORE80_NIKKEION_TP4.0_SL1.5_H3,OOS,2025-09-29,6302.T,LOSS,-2.985835689737426,2,,,,,,,,1.9238904598249507,1.645873811228142,70.66536814973965
UP30_SCORE80_NIKKEION_TP4.0_SL1.5_H3,OOS,2025-09-30,6361.T,HOLD,7.641451014184509,3,,,,,,,,2.6803830232856,2.813752314622889,73.71408892688454
UP30_SCORE80_NIKKEION_TP4.0_SL1.5_H3,OOS,2025-10-03,3436.T,TIMEOUT_LOSS,-0.9814757956848051,3,,,,,,,,5.209448177264275,1.9842407165140383,68.61342103351534
UP30_SCORE80_NIKKEION_TP4.0_SL1.5_H3,OOS,2025-10-06,5831.T,HOLD,2.5903029508791087,3,,,,,,,,2.1476454146329633,1.5749219902602063,58.91479517315375
UP30_SCORE80_NIKKEION_TP4.0_SL1.5_H3,OOS,2025-10-09,6361.T,TIMEOUT_LOSS,-1.7379015604356507,3,,,,,,,,3.00928938329285,2.13871992091976,84.34346295050602
UP30_SCORE80_NIKKEION_TP4.0_SL1.5_H3,OOS,2025-10-15,8267.T,WIN,10.478931208930343,2,,,,,,,,2.6447328022325856,3.114625760960014,76.52249009026771
UP30_SCORE80_NIKKEION_TP4.0_SL1.5_H3,OOS,2025-10-16,9984.T,HOLD,4.620027669178651,3,,,,,,,,4.654991310702586,1.5427533068350163,70.66336537493032
UP30_SCORE80_NIKKEION_TP4.0_SL1.5_H3,OOS,2025-10-17,8267.T,HOLD,8.70131360293175,3,,,,,,,,3.0957123439116607,3.1472642025766024,81.89092555610779
UP30_SCORE80_NIKKEION_TP4.0_SL1.5_H3,OOS,2025-10-20,8267.T,HOLD,6.175346793173453,3,,,,,,,,3.02697538999106,1.5924311030928169,84.0532204157703
UP30_SCORE80_NIKKEION_TP4.0_SL1.5_H3,OOS,2025-10-22,9984.T,HOLD,7.518353541456236,3,,,,,,,,5.483075822569483,2.2145815870232792,63.54720663155452
UP30_SCORE80_NIKKEION_TP4.0_SL1.5_H3,OOS,2025-10-23,6302.T,WIN,10.310647597945744,1,,,,,,,,2.602661899486436,5.609340234110477,76.578236544604
UP30_SCORE80_NIKKEION_TP4.0_SL1.5_H3,OOS,2025-10-24,6976.T,HOLD,9.504006710007962,3,,,,,,,,3.235998443724982,1.6804174056082453,69.34893813502617
UP30_SCORE80_NIKKEION_TP4.0_SL1.5_H3,OOS,2025-10-29,4043.T,TIMEOUT_LOSS,-1.2359572375052252,3,,,,,,,,2.420046604129393,3.6010461091035366,61.99226292429511
UP30_SCORE80_NIKKEION_TP4.0_SL1.5_H3,OOS,2025-10-30,6963.T,LOSS,-4.289006975056697,3,,,,,,,,2.792671316704465,2.274930595614673,63.75590192971936
UP30_SCORE80_NIKKEION_TP4.0_SL1.5_H3,OOS,2025-10-31,6702.T,LOSS,-4.3027947042604815,2,,,,,,,,2.8018631361736546,2.45065013412754,65.79540866798806
UP30_SCORE80_NIKKEION_TP4.0_SL1.5_H3,OOS,2025-11-05,5706.T,HOLD,4.45915807548819,3,,,,,,,,5.2528054908498545,1.558703475593556,65.29307153909187
UP30_SCORE80_NIKKEION_TP4.0_SL1.5_H3,OOS,2025-11-07,1803.T,HOLD,9.747886740444434,3,,,,,,,,3.290381605043365,2.68677935743871,64.40954601558369
UP30_SCORE80_NIKKEION_TP4.0_SL1.5_H3,OOS,2025-11-10,7270.T,HOLD,7.601109275206975,3,,,,,,,,2.658051446991701,2.7772101561407005,65.01760632479895
UP30_SCORE80_NIKKEION_TP4.0_SL1.5_H3,OOS,2025-11-11,1808.T,WIN,6.777220667884854,2,,,,,,,,1.7193051669712152,1.6369459598838314,70.02890227565007
UP30_SCORE80_NIKKEION_TP4.0_SL1.5_H3,OOS,2025-11-12,5706.T,HOLD,11.27808057618679,3,,,,,,,,5.614894184217811,4.21194577004756,74.99619411222699
UP30_SCORE80_NIKKEION_TP4.0_SL1.5_H3,OOS,2025-11-14,5706.T,TIMEOUT_LOSS,-0.14934741465433268,3,,,,,,,,6.069893005466853,1.940307588304884,75.95058471949552
UP30_SCORE80_NIKKEION_TP4.0_SL1.5_H3,OOS,2025-12-09,6506.T,HOLD,1.8648566149694124,3,,,,,,,,3.636145168050938,2.308766845945544,76.76832455304144
UP30_SCORE80_NIKKEION_TP4.0_SL1.5_H3,OOS,2025-12-10,4902.T,HOLD,7.017232504082494,3,,,,,,,,3.0449931792195946,1.6923429403382086,69.30195209769802
UP30_SCORE80_NIKKEION_TP4.0_SL1.5_H3,OOS,2025-12-11,6752.T,HOLD,1.5963772022196232,3,,,,,,,,3.2809941781548835,2.082473388498875,67.99135576721709
UP30_SCORE80_NIKKEION_TP4.0_SL1.5_H3,OOS,2025-12-24,7735.T,HOLD,1.3061989621682923,3,,,,,,,,3.919947628071426,3.4621151052801693,67.59745190212621
UP30_SCORE80_NIKKEION_TP4.0_SL1.5_H3,OOS,2025-12-29,5713.T,HOLD,7.503343431110577,3,,,,,,,,3.494783642097062,2.025061863335196,73.06969198997692
UP30_SCORE80_NIKKEION_TP4.0_SL1.5_H3,OOS,2026-01-06,7013.T,HOLD,4.150297769539158,3,,,,,,,,3.382536607551249,1.8282032471966256,65.06508574041464
UP30_SCORE80_NIKKEION_TP4.0_SL1.5_H3,OOS,2026-01-07,285A.T,HOLD,7.7408195429471975,3,,,,,,,,7.00814289466772,1.6083974186275565,67.02302402919813
UP30_SCORE80_NIKKEION_TP4.0_SL1.5_H3,OOS,2026-01-08,5706.T,HOLD,6.875686059783515,3,,,,,,,,4.887590266109957,2.086612521353433,65.32212266481312
UP30_SCORE80_NIKKEION_TP4.0_SL1.5_H3,OOS,2026-01-09,4506.T,TIMEOUT_LOSS,-2.4887265853239415,3,,,,,,,,4.691527753909605,1.896698305908159,75.47901105043854
UP30_SCORE80_NIKKEION_TP4.0_SL1.5_H3,OOS,2026-01-13,6920.T,HOLD,10.948173148578666,3,,,,,,,,4.299827285479877,1.910231975136936,62.388725365374334
UP30_SCORE80_NIKKEION_TP4.0_SL1.5_H3,OOS,2026-01-15,7735.T,HOLD,7.045408891144945,3,,,,,,,,3.802438510704964,1.5892500277561896,73.53419148838194
UP30_SCORE80_NIKKEION_TP4.0_SL1.5_H3,OOS,2026-01-16,6752.T,HOLD,1.8471401903388807,3,,,,,,,,3.0474502634836753,1.5093582492180166,67.15062113994684
UP30_SCORE80_NIKKEION_TP4.0_SL1.5_H3,OOS,2026-01-21,4062.T,TIMEOUT_LOSS,-4.688256730641083,3,,,,,,,,4.673970533508035,1.5046629059588714,73.52379482469222
UP30_SCORE80_NIKKEION_TP4.0_SL1.5_H3,OOS,2026-01-22,3436.T,LOSS,-6.113450871865345,2,,,,,,,,4.00896724791023,2.043114661561871,69.76679418916189
UP30_SCORE80_NIKKEION_TP4.0_SL1.5_H3,OOS,2026-01-26,5801.T,HOLD,10.5928890620811,3,,,,,,,,4.511758092834476,2.2098227364303,74.12028125769359
UP30_SCORE80_NIKKEION_TP4.0_SL1.5_H3,OOS,2026-01-27,6857.T,WIN,16.062606662240185,2,,,,,,,,4.040651665560047,1.5400502235978204,69.03225604930759
UP30_SCORE80_NIKKEION_TP4.0_SL1.5_H3,OOS,2026-01-28,6857.T,TIMEOUT_LOSS,-4.806017939757423,3,,,,,,,,3.9373761282863295,1.5263652404578067,70.9913959351506
UP30_SCORE80_NIKKEION_TP4.0_SL1.5_H3,OOS,2026-01-29,6857.T,LOSS,-6.794709999041038,2,,,,,,,,4.463139999360691,2.178536434428343,74.85668050032139
UP30_SCORE80_NIKKEION_TP4.0_SL1.5_H3,OOS,2026-01-30,5713.T,LOSS,-7.241898676044922,1,,,,,,,,4.7612657840299475,3.6103269800317297,74.50943365530547
UP30_SCORE80_NIKKEION_TP4.0_SL1.5_H3,OOS,2026-02-02,7735.T,HOLD,4.0279715269023635,3,,,,,,,,4.560189952500774,1.8495595304408825,68.59055209759605
UP30_SCORE80_NIKKEION_TP4.0_SL1.5_H3,OOS,2026-02-03,5802.T,TIMEOUT_LOSS,-0.5097333253963331,3,,,,,,,,4.424674049575642,3.010246808950368,68.79785747269574
UP30_SCORE80_NIKKEION_TP4.0_SL1.5_H3,OOS,2026-02-04,5801.T,HOLD,15.137313224679405,3,,,,,,,,5.386403910158943,1.5192891350758757,75.4758725587808
UP30_SCORE80_NIKKEION_TP4.0_SL1.5_H3,OOS,2026-02-05,6723.T,HOLD,7.7076992589914965,3,,,,,,,,4.427977589011389,2.899876454319508,68.35429480373276
UP30_SCORE80_NIKKEION_TP4.0_SL1.5_H3,OOS,2026-02-06,7012.T,WIN,16.959369962981697,1,,,,,,,,4.264842490745427,1.5729208673694408,67.4593315275623
UP30_SCORE80_NIKKEION_TP4.0_SL1.5_H3,OOS,2026-02-09,5803.T,TIMEOUT_LOSS,-0.3594884145250553,3,,,,,,,,5.894731145248508,2.7974811024562314,65.26510749514235
UP30_SCORE80_NIKKEION_TP4.0_SL1.5_H3,OOS,2026-02-10,5233.T,HOLD,4.056214558828953,3,,,,,,,,3.071848312888825,2.7712569058204206,72.48728009612753
UP30_SCORE80_NIKKEION_TP4.0_SL1.5_H3,OOS,2026-02-13,6273.T,HOLD,1.3154829101722165,3,,,,,,,,3.609963528093507,2.1901969462270414,71.82240758823562
UP30_SCORE80_NIKKEION_TP4.0_SL1.5_H3,OOS,2026-02-17,5332.T,HOLD,3.870636319607834,3,,,,,,,,3.231212213341772,2.151003999631748,77.22017773778106
UP30_SCORE80_NIKKEION_TP4.0_SL1.5_H3,OOS,2026-02-18,6981.T,HOLD,13.00693450628766,3,,,,,,,,3.725848504079088,1.897054344978015,67.79124849963043
UP30_SCORE80_NIKKEION_TP4.0_SL1.5_H3,OOS,2026-02-19,5631.T,TIMEOUT_LOSS,-2.143340854565845,3,,,,,,,,4.623899387028141,2.0618150590496898,61.190988407760656
UP30_SCORE80_NIKKEION_TP4.0_SL1.5_H3,OOS,2026-02-20,7532.T,HOLD,1.9497587089616464,3,,,,,,,,2.5387030613319705,1.6109721312790437,66.04613180492257
UP30_SCORE80_NIKKEION_TP4.0_SL1.5_H3,OOS,2026-02-24,6361.T,TIMEOUT_LOSS,-2.011504424778765,3,,,,,,,,3.811209439528026,1.506715160356746,67.6016226481249
UP30_SCORE80_NIKKEION_TP4.0_SL1.5_H3,OOS,2026-02-25,4062.T,TIMEOUT_LOSS,-2.8660122896263296,3,,,,,,,,5.582404418100021,1.5450492830876352,65.06453665607634
UP30_SCORE80_NIKKEION_TP4.0_SL1.5_H3,OOS,2026-02-27,7741.T,TIMEOUT_LOSS,-2.4990339809548345,3,,,,,,,,3.008474477077505,1.8376525219335265,59.53660464640956
UP30_SCORE80_NIKKEION_TP4.0_SL1.5_H3,OOS,2026-06-12,8316.T,HOLD,0.5868560724320849,3,,,,,,,,2.7838484753876553,1.524263130004523,68.57004335868862
UP30_SCORE80_NIKKEION_TP4.0_SL1.5_H3,OOS,2026-06-24,6752.T,TIMEOUT_LOSS,-1.4695554557700996,3,,,,,,,,4.737314773237541,1.689110155324136,69.19046376889298
UP30_SCORE80_NIKKEION_TP4.0_SL1.5_H3,OOS,2026-06-30,6861.T,TIMEOUT_LOSS,-1.0375771033802161,3,,,,,,,,3.1499300929352714,1.6156011454251944,62.69049023192115
UP30_SCORE80_NIKKEION_TP4.0_SL1.5_H3,OOS,2026-08-07,4385.T,LOSS,-6.650695825049701,2,,,,,,,,4.367130550033135,1.6538247428580348,68.6886868287226
UP30_SCORE80_NIKKEION_TP4.0_SL1.5_H3,OOS,2026-08-19,7733.T,TIMEOUT_LOSS,-1.4194444444444398,3,,,,,,,,3.0885917585424956,1.6234926575406274,73.68219655203487
UP30_SCORE80_NIKKEION_TP4.0_SL1.5_H3,OOS,2026-08-20,9503.T,TIMEOUT_LOSS,-1.4119814779085527,3,,,,,,,,2.495927012056047,2.2513870022629847,68.82612441044722
UP30_SCORE80_NIKKEION_TP4.0_SL1.5_H3,OOS,2026-08-21,9107.T,LOSS,-4.089849147046387,2,,,,,,,,2.7704356338717595,1.7388483285442442,83.14583533959757
UP30_SCORE80_NIKKEION_TP3.5_SL1.5_H3,OOS,2025-01-07,6361.T,HOLD,4.500415322065588,3,,,,,,,,3.0344870978700644,1.5540306547809914,69.68237100344051
UP30_SCORE80_NIKKEION_TP3.5_SL1.5_H3,OOS,2025-01-08,8795.T,TIMEOUT_LOSS,-1.4566383777832592,3,,,,,,,,2.3817532403073454,1.6252906152537567,66.33757123022335
UP30_SCORE80_NIKKEION_TP3.5_SL1.5_H3,OOS,2025-01-09,9104.T,HOLD,4.3739994338564685,3,,,,,,,,2.3601397927174235,2.303366546812504,53.51842069648761
UP30_SCORE80_NIKKEION_TP3.5_SL1.5_H3,OOS,2025-01-24,3861.T,WIN,5.750576934866858,1,,,,,,,,1.6715934099619616,1.5865320570697934,66.8685683129112
UP30_SCORE80_NIKKEION_TP3.5_SL1.5_H3,OOS,2025-01-30,4751.T,LOSS,-4.36468731364843,2,,,,,,,,2.8431248757656196,4.081891498888597,69.04824941242198
UP30_SCORE80_NIKKEION_TP3.5_SL1.5_H3,OOS,2025-03-21,4385.T,HOLD,2.1123035125169776,3,,,,,,,,4.145307259034237,2.4655023063732733,66.31883943224122
UP30_SCORE80_NIKKEION_TP3.5_SL1.5_H3,OOS,2025-03-24,8830.T,TIMEOUT_LOSS,-2.396151013388448,3,,,,,,,,3.1521188737254477,3.603309716771157,74.77264549065845
UP30_SCORE80_NIKKEION_TP3.5_SL1.5_H3,OOS,2025-05-23,5631.T,LOSS,-6.367568828133852,3,,,,,,,,4.457773223756978,3.638256780586112,66.5391720116574
UP30_SCORE80_NIKKEION_TP3.5_SL1.5_H3,OOS,2025-05-29,9201.T,HOLD,4.5441767498590195,3,,,,,,,,1.6846158564918297,1.5260580709535156,71.70576454433363
UP30_SCORE80_NIKKEION_TP3.5_SL1.5_H3,OOS,2025-05-30,7013.T,WIN,11.414023167159526,2,,,,,,,,3.289720904902723,1.7908171365978596,74.63157620760738
UP30_SCORE80_NIKKEION_TP3.5_SL1.5_H3,OOS,2025-06-02,3697.T,TIMEOUT_LOSS,-0.44399044228118345,3,,,,,,,,3.63966401330722,2.587217881109101,78.03906924168916
UP30_SCORE80_NIKKEION_TP3.5_SL1.5_H3,OOS,2025-06-03,7013.T,HOLD,2.3686013650136117,3,,,,,,,,3.4455378792869715,1.7152741017975233,83.10167158544998
UP30_SCORE80_NIKKEION_TP3.5_SL1.5_H3,OOS,2025-06-04,7453.T,HOLD,4.848760491573712,3,,,,,,,,2.714160641857595,1.9209734713929407,80.33942361288243
UP30_SCORE80_NIKKEION_TP3.5_SL1.5_H3,OOS,2025-06-11,4506.T,WIN,22.178719397363455,2,,,,,,,,6.365348399246702,1.7840842172308191,59.53971611899605
UP30_SCORE80_NIKKEION_TP3.5_SL1.5_H3,OOS,2025-06-12,4506.T,TIMEOUT_LOSS,-1.3560386473429942,3,,,,,,,,6.086956521739132,2.1240639958886773,70.77155149941125
UP30_SCORE80_NIKKEION_TP3.5_SL1.5_H3,OOS,2025-06-13,4506.T,TIMEOUT_LOSS,-5.487523629489599,3,,,,,,,,6.1121613106490225,2.409338323306914,72.05265331505392
UP30_SCORE80_NIKKEION_TP3.5_SL1.5_H3,OOS,2025-06-18,7974.T,TIMEOUT_LOSS,-2.362443984310858,3,,,,,,,,3.1080411432345816,1.9666096637335144,70.0131439245264
UP30_SCORE80_NIKKEION_TP3.5_SL1.5_H3,OOS,2025-06-20,6857.T,HOLD,3.9012311235038566,3,,,,,,,,3.7049853857241244,1.8775454411408887,77.2083566564354
UP30_SCORE80_NIKKEION_TP3.5_SL1.5_H3,OOS,2025-06-25,4751.T,HOLD,2.39925344375137,3,,,,,,,,2.448224232485326,1.7507590069680168,78.27118475379257
UP30_SCORE80_NIKKEION_TP3.5_SL1.5_H3,OOS,2025-06-27,6361.T,HOLD,2.9542371282220814,3,,,,,,,,3.090148248564928,3.2685160590189093,79.0940240005441
UP30_SCORE80_NIKKEION_TP3.5_SL1.5_H3,OOS,2025-06-30,9602.T,LOSS,-3.584169784695024,3,,,,,,,,2.322779856463349,1.781349701378846,69.13089635829124
UP30_SCORE80_NIKKEION_TP3.5_SL1.5_H3,OOS,2025-07-02,5803.T,TIMEOUT_LOSS,-1.0183041590803965,3,,,,,,,,3.518104418026239,1.5261228603842834,64.97343720907216
UP30_SCORE80_NIKKEION_TP3.5_SL1.5_H3,OOS,2025-07-29,6301.T,HOLD,0.996913666829713,3,,,,,,,,2.485113180553955,2.8330656681004918,55.89267622915238
UP30_SCORE80_NIKKEION_TP3.5_SL1.5_H3,OOS,2025-08-12,8750.T,WIN,8.197259919283074,3,,,,,,,,2.3706456912237384,1.7813488989674662,59.71409488695035
UP30_SCORE80_NIKKEION_TP3.5_SL1.5_H3,OOS,2025-09-11,9984.T,HOLD,1.02452078682006,3,,,,,,,,4.451177534300207,1.9915696859343308,69.88278333275962
UP30_SCORE80_NIKKEION_TP3.5_SL1.5_H3,OOS,2025-09-12,6503.T,TIMEOUT_LOSS,-1.2613372047352245,3,,,,,,,,2.283256289408901,1.8201797306118253,70.59312987856188
UP30_SCORE80_NIKKEION_TP3.5_SL1.5_H3,OOS,2025-09-16,4004.T,WIN,9.502047256547453,2,,,,,,,,2.7434420732992697,1.7395339118464073,82.45159900347099
UP30_SCORE80_NIKKEION_TP3.5_SL1.5_H3,OOS,2025-09-17,4755.T,TIMEOUT_LOSS,-2.705532970602964,3,,,,,,,,2.551672620296179,1.5341222254702225,73.8076241680074
UP30_SCORE80_NIKKEION_TP3.5_SL1.5_H3,OOS,2025-09-18,3436.T,HOLD,2.296217093311348,3,,,,,,,,3.7142099735678835,2.48865032528349,74.07006184861473
UP30_SCORE80_NIKKEION_TP3.5_SL1.5_H3,OOS,2025-09-19,9984.T,HOLD,6.731271668052552,3,,,,,,,,4.19037788653831,1.5227937216073335,70.44412800566023
UP30_SCORE80_NIKKEION_TP3.5_SL1.5_H3,OOS,2025-09-22,4062.T,TIMEOUT_LOSS,-0.3500174824091039,3,,,,,,,,4.122560515146145,1.7894109746778686,74.53984482143241
UP30_SCORE80_NIKKEION_TP3.5_SL1.5_H3,OOS,2025-09-24,7269.T,HOLD,0.5450070369343974,3,,,,,,,,2.2629887439238106,2.2592553185441,82.23862799290006
UP30_SCORE80_NIKKEION_TP3.5_SL1.5_H3,OOS,2025-09-25,5713.T,HOLD,1.9928967708735201,3,,,,,,,,2.974929933337715,3.0868339243591145,77.6627866581457
UP30_SCORE80_NIKKEION_TP3.5_SL1.5_H3,OOS,2025-09-26,8331.T,LOSS,-2.9779986304322326,3,,,,,,,,1.9186657536214884,1.6157930876630808,69.07485595803402
UP30_SCORE80_NIKKEION_TP3.5_SL1.5_H3,OOS,2025-09-29,6302.T,LOSS,-2.985835689737426,2,,,,,,,,1.9238904598249507,1.645873811228142,70.66536814973965
UP30_SCORE80_NIKKEION_TP3.5_SL1.5_H3,OOS,2025-09-30,6361.T,HOLD,7.641451014184509,3,,,,,,,,2.6803830232856,2.813752314622889,73.71408892688454
UP30_SCORE80_NIKKEION_TP3.5_SL1.5_H3,OOS,2025-10-03,3436.T,TIMEOUT_LOSS,-0.9814757956848051,3,,,,,,,,5.209448177264275,1.9842407165140383,68.61342103351534
UP30_SCORE80_NIKKEION_TP3.5_SL1.5_H3,OOS,2025-10-06,5831.T,HOLD,2.5903029508791087,3,,,,,,,,2.1476454146329633,1.5749219902602063,58.91479517315375
UP30_SCORE80_NIKKEION_TP3.5_SL1.5_H3,OOS,2025-10-09,6361.T,TIMEOUT_LOSS,-1.7379015604356507,3,,,,,,,,3.00928938329285,2.13871992091976,84.34346295050602
UP30_SCORE80_NIKKEION_TP3.5_SL1.5_H3,OOS,2025-10-15,8267.T,WIN,9.15656480781405,2,,,,,,,,2.6447328022325856,3.114625760960014,76.52249009026771
UP30_SCORE80_NIKKEION_TP3.5_SL1.5_H3,OOS,2025-10-16,9984.T,HOLD,4.620027669178651,3,,,,,,,,4.654991310702586,1.5427533068350163,70.66336537493032
UP30_SCORE80_NIKKEION_TP3.5_SL1.5_H3,OOS,2025-10-17,8267.T,HOLD,8.70131360293175,3,,,,,,,,3.0957123439116607,3.1472642025766024,81.89092555610779
UP30_SCORE80_NIKKEION_TP3.5_SL1.5_H3,OOS,2025-10-20,8267.T,HOLD,6.175346793173453,3,,,,,,,,3.02697538999106,1.5924311030928169,84.0532204157703
UP30_SCORE80_NIKKEION_TP3.5_SL1.5_H3,OOS,2025-10-22,9984.T,HOLD,7.518353541456236,3,,,,,,,,5.483075822569483,2.2145815870232792,63.54720663155452
UP30_SCORE80_NIKKEION_TP3.5_SL1.5_H3,OOS,2025-10-23,6302.T,WIN,9.009316648202537,1,,,,,,,,2.602661899486436,5.609340234110477,76.578236544604
UP30_SCORE80_NIKKEION_TP3.5_SL1.5_H3,OOS,2025-10-24,6976.T,HOLD,9.504006710007962,3,,,,,,,,3.235998443724982,1.6804174056082453,69.34893813502617
UP30_SCORE80_NIKKEION_TP3.5_SL1.5_H3,OOS,2025-10-29,4043.T,TIMEOUT_LOSS,-1.2359572375052252,3,,,,,,,,2.420046604129393,3.6010461091035366,61.99226292429511
UP30_SCORE80_NIKKEION_TP3.5_SL1.5_H3,OOS,2025-10-30,6963.T,LOSS,-4.289006975056697,3,,,,,,,,2.792671316704465,2.274930595614673,63.75590192971936
UP30_SCORE80_NIKKEION_TP3.5_SL1.5_H3,OOS,2025-10-31,6702.T,LOSS,-4.3027947042604815,2,,,,,,,,2.8018631361736546,2.45065013412754,65.79540866798806
UP30_SCORE80_NIKKEION_TP3.5_SL1.5_H3,OOS,2025-11-05,5706.T,HOLD,4.45915807548819,3,,,,,,,,5.2528054908498545,1.558703475593556,65.29307153909187
UP30_SCORE80_NIKKEION_TP3.5_SL1.5_H3,OOS,2025-11-07,1803.T,HOLD,9.747886740444434,3,,,,,,,,3.290381605043365,2.68677935743871,64.40954601558369
UP30_SCORE80_NIKKEION_TP3.5_SL1.5_H3,OOS,2025-11-10,7270.T,HOLD,7.601109275206975,3,,,,,,,,2.658051446991701,2.7772101561407005,65.01760632479895
UP30_SCORE80_NIKKEION_TP3.5_SL1.5_H3,OOS,2025-11-11,1808.T,WIN,5.917568084399261,2,,,,,,,,1.7193051669712152,1.6369459598838314,70.02890227565007
UP30_SCORE80_NIKKEION_TP3.5_SL1.5_H3,OOS,2025-11-12,5706.T,HOLD,11.27808057618679,3,,,,,,,,5.614894184217811,4.21194577004756,74.99619411222699
UP30_SCORE80_NIKKEION_TP3.5_SL1.5_H3,OOS,2025-11-14,5706.T,TIMEOUT_LOSS,-0.14934741465433268,3,,,,,,,,6.069893005466853,1.940307588304884,75.95058471949552
UP30_SCORE80_NIKKEION_TP3.5_SL1.5_H3,OOS,2025-12-09,6506.T,HOLD,1.8648566149694124,3,,,,,,,,3.636145168050938,2.308766845945544,76.76832455304144
UP30_SCORE80_NIKKEION_TP3.5_SL1.5_H3,OOS,2025-12-10,4902.T,HOLD,7.017232504082494,3,,,,,,,,3.0449931792195946,1.6923429403382086,69.30195209769802
UP30_SCORE80_NIKKEION_TP3.5_SL1.5_H3,OOS,2025-12-11,6752.T,HOLD,1.5963772022196232,3,,,,,,,,3.2809941781548835,2.082473388498875,67.99135576721709
UP30_SCORE80_NIKKEION_TP3.5_SL1.5_H3,OOS,2025-12-24,7735.T,HOLD,1.3061989621682923,3,,,,,,,,3.919947628071426,3.4621151052801693,67.59745190212621
UP30_SCORE80_NIKKEION_TP3.5_SL1.5_H3,OOS,2025-12-29,5713.T,HOLD,7.503343431110577,3,,,,,,,,3.494783642097062,2.025061863335196,73.06969198997692
UP30_SCORE80_NIKKEION_TP3.5_SL1.5_H3,OOS,2026-01-06,7013.T,HOLD,4.150297769539158,3,,,,,,,,3.382536607551249,1.8282032471966256,65.06508574041464
UP30_SCORE80_NIKKEION_TP3.5_SL1.5_H3,OOS,2026-01-07,285A.T,HOLD,7.7408195429471975,3,,,,,,,,7.00814289466772,1.6083974186275565,67.02302402919813
UP30_SCORE80_NIKKEION_TP3.5_SL1.5_H3,OOS,2026-01-08,5706.T,HOLD,6.875686059783515,3,,,,,,,,4.887590266109957,2.086612521353433,65.32212266481312
UP30_SCORE80_NIKKEION_TP3.5_SL1.5_H3,OOS,2026-01-09,4506.T,TIMEOUT_LOSS,-2.4887265853239415,3,,,,,,,,4.691527753909605,1.896698305908159,75.47901105043854
UP30_SCORE80_NIKKEION_TP3.5_SL1.5_H3,OOS,2026-01-13,6920.T,HOLD,10.948173148578666,3,,,,,,,,4.299827285479877,1.910231975136936,62.388725365374334
UP30_SCORE80_NIKKEION_TP3.5_SL1.5_H3,OOS,2026-01-15,7735.T,HOLD,7.045408891144945,3,,,,,,,,3.802438510704964,1.5892500277561896,73.53419148838194
UP30_SCORE80_NIKKEION_TP3.5_SL1.5_H3,OOS,2026-01-16,6752.T,HOLD,1.8471401903388807,3,,,,,,,,3.0474502634836753,1.5093582492180166,67.15062113994684
UP30_SCORE80_NIKKEION_TP3.5_SL1.5_H3,OOS,2026-01-21,4062.T,TIMEOUT_LOSS,-4.688256730641083,3,,,,,,,,4.673970533508035,1.5046629059588714,73.52379482469222
UP30_SCORE80_NIKKEION_TP3.5_SL1.5_H3,OOS,2026-01-22,3436.T,LOSS,-6.113450871865345,2,,,,,,,,4.00896724791023,2.043114661561871,69.76679418916189
UP30_SCORE80_NIKKEION_TP3.5_SL1.5_H3,OOS,2026-01-26,5801.T,WIN,15.691153324920672,2,,,,,,,,4.511758092834476,2.2098227364303,74.12028125769359
UP30_SCORE80_NIKKEION_TP3.5_SL1.5_H3,OOS,2026-01-27,6857.T,WIN,14.042280829460163,2,,,,,,,,4.040651665560047,1.5400502235978204,69.03225604930759
UP30_SCORE80_NIKKEION_TP3.5_SL1.5_H3,OOS,2026-01-28,6857.T,WIN,13.680816449002153,1,,,,,,,,3.9373761282863295,1.5263652404578067,70.9913959351506
UP30_SCORE80_NIKKEION_TP3.5_SL1.5_H3,OOS,2026-01-29,6857.T,LOSS,-6.794709999041038,2,,,,,,,,4.463139999360691,2.178536434428343,74.85668050032139
UP30_SCORE80_NIKKEION_TP3.5_SL1.5_H3,OOS,2026-01-30,5713.T,LOSS,-7.241898676044922,1,,,,,,,,4.7612657840299475,3.6103269800317297,74.50943365530547
UP30_SCORE80_NIKKEION_TP3.5_SL1.5_H3,OOS,2026-02-02,7735.T,HOLD,4.0279715269023635,3,,,,,,,,4.560189952500774,1.8495595304408825,68.59055209759605
UP30_SCORE80_NIKKEION_TP3.5_SL1.5_H3,OOS,2026-02-03,5802.T,TIMEOUT_LOSS,-0.5097333253963331,3,,,,,,,,4.424674049575642,3.010246808950368,68.79785747269574
UP30_SCORE80_NIKKEION_TP3.5_SL1.5_H3,OOS,2026-02-04,5801.T,HOLD,15.137313224679405,3,,,,,,,,5.386403910158943,1.5192891350758757,75.4758725587808
UP30_SCORE80_NIKKEION_TP3.5_SL1.5_H3,OOS,2026-02-05,3407.T,HOLD,7.227608073341297,3,,,,,,,,3.1537244386467136,2.1777163556066426,72.43440461560668
UP30_SCORE80_NIKKEION_TP3.5_SL1.5_H3,OOS,2026-02-06,7012.T,WIN,14.826948717609001,1,,,,,,,,4.264842490745427,1.5729208673694408,67.4593315275623
UP30_SCORE80_NIKKEION_TP3.5_SL1.5_H3,OOS,2026-02-09,5803.T,TIMEOUT_LOSS,-0.3594884145250553,3,,,,,,,,5.894731145248508,2.7974811024562314,65.26510749514235
UP30_SCORE80_NIKKEION_TP3.5_SL1.5_H3,OOS,2026-02-10,5233.T,HOLD,4.056214558828953,3,,,,,,,,3.071848312888825,2.7712569058204206,72.48728009612753
UP30_SCORE80_NIKKEION_TP3.5_SL1.5_H3,OOS,2026-02-13,6273.T,HOLD,1.3154829101722165,3,,,,,,,,3.609963528093507,2.1901969462270414,71.82240758823562
UP30_SCORE80_NIKKEION_TP3.5_SL1.5_H3,OOS,2026-02-17,5332.T,HOLD,3.870636319607834,3,,,,,,,,3.231212213341772,2.151003999631748,77.22017773778106
UP30_SCORE80_NIKKEION_TP3.5_SL1.5_H3,OOS,2026-02-18,6981.T,WIN,12.940469764276797,3,,,,,,,,3.725848504079088,1.897054344978015,67.79124849963043
UP30_SCORE80_NIKKEION_TP3.5_SL1.5_H3,OOS,2026-02-19,5631.T,TIMEOUT_LOSS,-2.143340854565845,3,,,,,,,,4.623899387028141,2.0618150590496898,61.190988407760656
UP30_SCORE80_NIKKEION_TP3.5_SL1.5_H3,OOS,2026-02-20,7532.T,HOLD,1.9497587089616464,3,,,,,,,,2.5387030613319705,1.6109721312790437,66.04613180492257
UP30_SCORE80_NIKKEION_TP3.5_SL1.5_H3,OOS,2026-02-24,6361.T,TIMEOUT_LOSS,-2.011504424778765,3,,,,,,,,3.811209439528026,1.506715160356746,67.6016226481249
UP30_SCORE80_NIKKEION_TP3.5_SL1.5_H3,OOS,2026-02-25,4062.T,TIMEOUT_LOSS,-2.8660122896263296,3,,,,,,,,5.582404418100021,1.5450492830876352,65.06453665607634
UP30_SCORE80_NIKKEION_TP3.5_SL1.5_H3,OOS,2026-02-27,7741.T,TIMEOUT_LOSS,-2.4990339809548345,3,,,,,,,,3.008474477077505,1.8376525219335265,59.53660464640956
UP30_SCORE80_NIKKEION_TP3.5_SL1.5_H3,OOS,2026-06-12,8316.T,HOLD,0.5868560724320849,3,,,,,,,,2.7838484753876553,1.524263130004523,68.57004335868862
UP30_SCORE80_NIKKEION_TP3.5_SL1.5_H3,OOS,2026-06-24,6752.T,TIMEOUT_LOSS,-1.4695554557700996,3,,,,,,,,4.737314773237541,1.689110155324136,69.19046376889298
UP30_SCORE80_NIKKEION_TP3.5_SL1.5_H3,OOS,2026-06-30,6861.T,TIMEOUT_LOSS,-1.0375771033802161,3,,,,,,,,3.1499300929352714,1.6156011454251944,62.69049023192115
UP30_SCORE80_NIKKEION_TP3.5_SL1.5_H3,OOS,2026-08-07,4385.T,LOSS,-6.650695825049701,2,,,,,,,,4.367130550033135,1.6538247428580348,68.6886868287226
UP30_SCORE80_NIKKEION_TP3.5_SL1.5_H3,OOS,2026-08-19,7733.T,TIMEOUT_LOSS,-1.4194444444444398,3,,,,,,,,3.0885917585424956,1.6234926575406274,73.68219655203487
UP30_SCORE80_NIKKEION_TP3.5_SL1.5_H3,OOS,2026-08-20,9503.T,TIMEOUT_LOSS,-1.4119814779085527,3,,,,,,,,2.495927012056047,2.2513870022629847,68.82612441044722
UP30_SCORE80_NIKKEION_TP3.5_SL1.5_H3,OOS,2026-08-21,9107.T,LOSS,-4.089849147046387,2,,,,,,,,2.7704356338717595,1.7388483285442442,83.14583533959757
UP35_SCORE80_NIKKEION_TP4.0_SL1.25_H3,OOS,2025-01-07,6361.T,HOLD,4.500415322065588,3,,,,,,,,3.0344870978700644,1.5540306547809914,69.68237100344051
UP35_SCORE80_NIKKEION_TP4.0_SL1.25_H3,OOS,2025-01-08,8795.T,TIMEOUT_LOSS,-1.4566383777832592,3,,,,,,,,2.3817532403073454,1.6252906152537567,66.33757123022335
UP35_SCORE80_NIKKEION_TP4.0_SL1.25_H3,OOS,2025-01-09,9104.T,HOLD,4.3739994338564685,3,,,,,,,,2.3601397927174235,2.303366546812504,53.51842069648761
UP35_SCORE80_NIKKEION_TP4.0_SL1.25_H3,OOS,2025-01-24,3861.T,WIN,6.586373639847854,1,,,,,,,,1.6715934099619616,1.5865320570697934,66.8685683129112
UP35_SCORE80_NIKKEION_TP4.0_SL1.25_H3,OOS,2025-01-30,4751.T,LOSS,-3.6539060947070268,2,,,,,,,,2.8431248757656196,4.081891498888597,69.04824941242198
UP35_SCORE80_NIKKEION_TP4.0_SL1.25_H3,OOS,2025-03-21,4385.T,HOLD,2.1123035125169776,3,,,,,,,,4.145307259034237,2.4655023063732733,66.31883943224122
UP35_SCORE80_NIKKEION_TP4.0_SL1.25_H3,OOS,2025-03-24,4751.T,LOSS,-3.6155617415491337,2,,,,,,,,2.9149253952286625,1.9007218122481095,75.37892835218852
UP35_SCORE80_NIKKEION_TP4.0_SL1.25_H3,OOS,2025-05-29,9201.T,HOLD,4.5441767498590195,3,,,,,,,,1.6846158564918297,1.5260580709535156,71.70576454433363
UP35_SCORE80_NIKKEION_TP4.0_SL1.25_H3,OOS,2025-05-30,7013.T,WIN,13.058883619610883,3,,,,,,,,3.289720904902723,1.7908171365978596,74.63157620760738
UP35_SCORE80_NIKKEION_TP4.0_SL1.25_H3,OOS,2025-06-02,3697.T,TIMEOUT_LOSS,-0.44399044228118345,3,,,,,,,,3.63966401330722,2.587217881109101,78.03906924168916
UP35_SCORE80_NIKKEION_TP4.0_SL1.25_H3,OOS,2025-06-03,7013.T,HOLD,2.3686013650136117,3,,,,,,,,3.4455378792869715,1.7152741017975233,83.10167158544998
UP35_SCORE80_NIKKEION_TP4.0_SL1.25_H3,OOS,2025-06-04,7453.T,HOLD,4.848760491573712,3,,,,,,,,2.714160641857595,1.9209734713929407,80.33942361288243
UP35_SCORE80_NIKKEION_TP4.0_SL1.25_H3,OOS,2025-06-11,7453.T,HOLD,4.27637755646112,3,,,,,,,,2.5569273609591754,2.15140636389027,83.64905537618978
UP35_SCORE80_NIKKEION_TP4.0_SL1.25_H3,OOS,2025-06-12,4506.T,TIMEOUT_LOSS,-1.3560386473429942,3,,,,,,,,6.086956521739132,2.1240639958886773,70.77155149941125
UP35_SCORE80_NIKKEION_TP4.0_SL1.25_H3,OOS,2025-06-13,8830.T,HOLD,3.2870001835784035,3,,,,,,,,2.574363210129471,1.6238656392477897,65.75959855157399
UP35_SCORE80_NIKKEION_TP4.0_SL1.25_H3,OOS,2025-06-18,3861.T,HOLD,4.169297538534312,3,,,,,,,,1.8513492167734273,2.0968177997068302,67.7082662154782
UP35_SCORE80_NIKKEION_TP4.0_SL1.25_H3,OOS,2025-06-20,4043.T,TIMEOUT_LOSS,-0.07169358675714879,3,,,,,,,,2.0594532824843954,1.7575036885336153,64.53438912963307
UP35_SCORE80_NIKKEION_TP4.0_SL1.25_H3,OOS,2025-06-25,4751.T,HOLD,2.39925344375137,3,,,,,,,,2.448224232485326,1.7507590069680168,78.27118475379257
UP35_SCORE80_NIKKEION_TP4.0_SL1.25_H3,OOS,2025-06-27,5101.T,HOLD,8.024273079530031,3,,,,,,,,2.392092176789033,3.8182021755794224,77.67390231233243
UP35_SCORE80_NIKKEION_TP4.0_SL1.25_H3,OOS,2025-09-16,7741.T,LOSS,-2.7422434002293605,3,,,,,,,,2.1137947201834777,1.567245736663555,78.16053637951188
UP35_SCORE80_NIKKEION_TP4.0_SL1.25_H3,OOS,2025-09-18,8233.T,WIN,6.277358818308543,2,,,,,,,,1.594339704577134,1.7612307692307692,91.60368494024142
UP35_SCORE80_NIKKEION_TP4.0_SL1.25_H3,OOS,2025-09-19,8058.T,HOLD,2.194762432866215,3,,,,,,,,1.788921145908784,2.327191327173824,73.90993792107463
UP35_SCORE80_NIKKEION_TP4.0_SL1.25_H3,OOS,2025-09-24,7269.T,HOLD,0.5450070369343974,3,,,,,,,,2.2629887439238106,2.2592553185441,82.23862799290006
UP35_SCORE80_NIKKEION_TP4.0_SL1.25_H3,OOS,2025-09-25,5711.T,LOSS,-2.7354491117713153,2,,,,,,,,2.108359289417046,4.151071183131978,79.09651586202618
UP35_SCORE80_NIKKEION_TP4.0_SL1.25_H3,OOS,2025-09-26,8331.T,LOSS,-2.498332192026864,3,,,,,,,,1.9186657536214884,1.6157930876630808,69.07485595803402
UP35_SCORE80_NIKKEION_TP4.0_SL1.25_H3,OOS,2025-09-29,6302.T,LOSS,-2.504863074781183,2,,,,,,,,1.9238904598249507,1.645873811228142,70.66536814973965
UP35_SCORE80_NIKKEION_TP4.0_SL1.25_H3,OOS,2025-09-30,6361.T,HOLD,7.641451014184509,3,,,,,,,,2.6803830232856,2.813752314622889,73.71408892688454
UP35_SCORE80_NIKKEION_TP4.0_SL1.25_H3,OOS,2025-10-03,3436.T,TIMEOUT_LOSS,-0.9814757956848051,3,,,,,,,,5.209448177264275,1.9842407165140383,68.61342103351534
UP35_SCORE80_NIKKEION_TP4.0_SL1.25_H3,OOS,2025-10-15,8267.T,WIN,10.478931208930343,2,,,,,,,,2.6447328022325856,3.114625760960014,76.52249009026771
UP35_SCORE80_NIKKEION_TP4.0_SL1.25_H3,OOS,2025-10-17,9502.T,HOLD,1.3887519243860003,3,,,,,,,,2.1291832326635713,1.6332162684769416,58.50188123888368
UP35_SCORE80_NIKKEION_TP4.0_SL1.25_H3,OOS,2025-10-22,7203.T,HOLD,5.116352056268115,3,,,,,,,,2.1202396145680718,1.9647663592206088,67.00830846206745
UP35_SCORE80_NIKKEION_TP4.0_SL1.25_H3,OOS,2025-10-23,1963.T,HOLD,2.8133252403010123,3,,,,,,,,2.885925880850186,1.932891948159124,62.02249139463407
UP35_SCORE80_NIKKEION_TP4.0_SL1.25_H3,OOS,2025-10-30,8411.T,LOSS,-2.6904092829752924,3,,,,,,,,2.072327426380231,2.519498322780757,63.73919052151597
UP35_SCORE80_NIKKEION_TP4.0_SL1.25_H3,OOS,2025-11-05,8001.T,HOLD,2.752230099819186,3,,,,,,,,2.129825369514375,2.472603479055092,71.80151222253824
UP35_SCORE80_NIKKEION_TP4.0_SL1.25_H3,OOS,2025-11-07,1803.T,HOLD,9.747886740444434,3,,,,,,,,3.290381605043365,2.68677935743871,64.40954601558369
UP35_SCORE80_NIKKEION_TP4.0_SL1.25_H3,OOS,2025-11-10,7270.T,HOLD,7.601109275206975,3,,,,,,,,2.658051446991701,2.7772101561407005,65.01760632479895
UP35_SCORE80_NIKKEION_TP4.0_SL1.25_H3,OOS,2025-11-12,5706.T,HOLD,11.27808057618679,3,,,,,,,,5.614894184217811,4.21194577004756,74.99619411222699
UP35_SCORE80_NIKKEION_TP4.0_SL1.25_H3,OOS,2025-11-14,5706.T,TIMEOUT_LOSS,-0.14934741465433268,3,,,,,,,,6.069893005466853,1.940307588304884,75.95058471949552
UP35_SCORE80_NIKKEION_TP4.0_SL1.25_H3,OOS,2025-12-09,6506.T,HOLD,1.8648566149694124,3,,,,,,,,3.636145168050938,2.308766845945544,76.76832455304144
UP35_SCORE80_NIKKEION_TP4.0_SL1.25_H3,OOS,2025-12-10,4902.T,HOLD,7.017232504082494,3,,,,,,,,3.0449931792195946,1.6923429403382086,69.30195209769802
UP35_SCORE80_NIKKEION_TP4.0_SL1.25_H3,OOS,2025-12-11,6752.T,HOLD,1.5963772022196232,3,,,,,,,,3.2809941781548835,2.082473388498875,67.99135576721709
UP35_SCORE80_NIKKEION_TP4.0_SL1.25_H3,OOS,2025-12-24,5713.T,HOLD,4.582550075006265,3,,,,,,,,3.406190358409189,2.5660791456872367,73.53133858261316
UP35_SCORE80_NIKKEION_TP4.0_SL1.25_H3,OOS,2025-12-29,5713.T,HOLD,7.503343431110577,3,,,,,,,,3.494783642097062,2.025061863335196,73.06969198997692
UP35_SCORE80_NIKKEION_TP4.0_SL1.25_H3,OOS,2026-01-06,5713.T,HOLD,3.264259825324889,3,,,,,,,,3.8072666968698674,1.501831984027732,72.45624489738255
UP35_SCORE80_NIKKEION_TP4.0_SL1.25_H3,OOS,2026-01-07,285A.T,HOLD,7.7408195429471975,3,,,,,,,,7.00814289466772,1.6083974186275565,67.02302402919813
UP35_SCORE80_NIKKEION_TP4.0_SL1.25_H3,OOS,2026-01-08,5706.T,HOLD,6.875686059783515,3,,,,,,,,4.887590266109957,2.086612521353433,65.32212266481312
UP35_SCORE80_NIKKEION_TP4.0_SL1.25_H3,OOS,2026-01-09,4506.T,TIMEOUT_LOSS,-2.4887265853239415,3,,,,,,,,4.691527753909605,1.896698305908159,75.47901105043854
UP35_SCORE80_NIKKEION_TP4.0_SL1.25_H3,OOS,2026-01-13,6920.T,HOLD,10.948173148578666,3,,,,,,,,4.299827285479877,1.910231975136936,62.388725365374334
UP35_SCORE80_NIKKEION_TP4.0_SL1.25_H3,OOS,2026-01-15,2768.T,TIMEOUT_LOSS,-0.935709002461471,3,,,,,,,,2.3669300303039114,2.619839080339428,89.04098011715018
UP35_SCORE80_NIKKEION_TP4.0_SL1.25_H3,OOS,2026-01-16,6752.T,HOLD,1.8471401903388807,3,,,,,,,,3.0474502634836753,1.5093582492180166,67.15062113994684
UP35_SCORE80_NIKKEION_TP4.0_SL1.25_H3,OOS,2026-01-21,5713.T,HOLD,3.2161859355924416,3,,,,,,,,3.69163900727855,1.5306670653143788,80.97231027999209
UP35_SCORE80_NIKKEION_TP4.0_SL1.25_H3,OOS,2026-01-22,3436.T,LOSS,-5.111209059887789,2,,,,,,,,4.00896724791023,2.043114661561871,69.76679418916189
UP35_SCORE80_NIKKEION_TP4.0_SL1.25_H3,OOS,2026-01-26,5801.T,HOLD,10.5928890620811,3,,,,,,,,4.511758092834476,2.2098227364303,74.12028125769359
UP35_SCORE80_NIKKEION_TP4.0_SL1.25_H3,OOS,2026-01-27,6857.T,WIN,16.062606662240185,2,,,,,,,,4.040651665560047,1.5400502235978204,69.03225604930759
UP35_SCORE80_NIKKEION_TP4.0_SL1.25_H3,OOS,2026-01-28,6857.T,TIMEOUT_LOSS,-4.806017939757423,3,,,,,,,,3.9373761282863295,1.5263652404578067,70.9913959351506
UP35_SCORE80_NIKKEION_TP4.0_SL1.25_H3,OOS,2026-01-29,6857.T,LOSS,-5.678924999200863,1,,,,,,,,4.463139999360691,2.178536434428343,74.85668050032139
UP35_SCORE80_NIKKEION_TP4.0_SL1.25_H3,OOS,2026-01-30,5713.T,LOSS,-6.0515822300374325,1,,,,,,,,4.7612657840299475,3.6103269800317297,74.50943365530547
UP35_SCORE80_NIKKEION_TP4.0_SL1.25_H3,OOS,2026-02-02,7735.T,HOLD,4.0279715269023635,3,,,,,,,,4.560189952500774,1.8495595304408825,68.59055209759605
UP35_SCORE80_NIKKEION_TP4.0_SL1.25_H3,OOS,2026-02-03,5802.T,TIMEOUT_LOSS,-0.5097333253963331,3,,,,,,,,4.424674049575642,3.010246808950368,68.79785747269574
UP35_SCORE80_NIKKEION_TP4.0_SL1.25_H3,OOS,2026-02-04,5801.T,LOSS,-6.833004887698679,2,,,,,,,,5.386403910158943,1.5192891350758757,75.4758725587808
UP35_SCORE80_NIKKEION_TP4.0_SL1.25_H3,OOS,2026-02-05,6723.T,HOLD,7.7076992589914965,3,,,,,,,,4.427977589011389,2.899876454319508,68.35429480373276
UP35_SCORE80_NIKKEION_TP4.0_SL1.25_H3,OOS,2026-02-06,7012.T,WIN,16.959369962981697,1,,,,,,,,4.264842490745427,1.5729208673694408,67.4593315275623
UP35_SCORE80_NIKKEION_TP4.0_SL1.25_H3,OOS,2026-02-09,7011.T,HOLD,1.4156975856310372,3,,,,,,,,3.5588419305099186,1.821831266374637,67.86371296488446
UP35_SCORE80_NIKKEION_TP4.0_SL1.25_H3,OOS,2026-02-10,5233.T,HOLD,4.056214558828953,3,,,,,,,,3.071848312888825,2.7712569058204206,72.48728009612753
UP35_SCORE80_NIKKEION_TP4.0_SL1.25_H3,OOS,2026-02-13,5711.T,LOSS,-5.047568487224596,2,,,,,,,,3.958054789779671,2.6456203776770475,76.9767831666048
UP35_SCORE80_NIKKEION_TP4.0_SL1.25_H3,OOS,2026-02-17,5332.T,HOLD,3.870636319607834,3,,,,,,,,3.231212213341772,2.151003999631748,77.22017773778106
UP35_SCORE80_NIKKEION_TP4.0_SL1.25_H3,OOS,2026-02-18,6981.T,HOLD,13.00693450628766,3,,,,,,,,3.725848504079088,1.897054344978015,67.79124849963043
UP35_SCORE80_NIKKEION_TP4.0_SL1.25_H3,OOS,2026-02-19,5631.T,TIMEOUT_LOSS,-2.143340854565845,3,,,,,,,,4.623899387028141,2.0618150590496898,61.190988407760656
UP35_SCORE80_NIKKEION_TP4.0_SL1.25_H3,OOS,2026-02-20,7532.T,HOLD,1.9497587089616464,3,,,,,,,,2.5387030613319705,1.6109721312790437,66.04613180492257
UP35_SCORE80_NIKKEION_TP4.0_SL1.25_H3,OOS,2026-02-24,6361.T,TIMEOUT_LOSS,-2.011504424778765,3,,,,,,,,3.811209439528026,1.506715160356746,67.6016226481249
UP35_SCORE80_NIKKEION_TP4.0_SL1.25_H3,OOS,2026-02-25,4062.T,LOSS,-7.078005522625019,1,,,,,,,,5.582404418100021,1.5450492830876352,65.06453665607634
UP35_SCORE80_NIKKEION_TP4.0_SL1.25_H3,OOS,2026-02-27,7741.T,LOSS,-3.860593096346887,3,,,,,,,,3.008474477077505,1.8376525219335265,59.53660464640956
UP35_SCORE80_NIKKEION_TP4.0_SL1.25_H3,OOS,2026-06-12,8316.T,HOLD,0.5868560724320849,3,,,,,,,,2.7838484753876553,1.524263130004523,68.57004335868862
UP35_SCORE80_NIKKEION_TP4.0_SL1.25_H3,OOS,2026-06-24,6752.T,TIMEOUT_LOSS,-1.4695554557700996,3,,,,,,,,4.737314773237541,1.689110155324136,69.19046376889298
UP35_SCORE80_NIKKEION_TP4.0_SL1.25_H3,OOS,2026-06-30,6861.T,TIMEOUT_LOSS,-1.0375771033802161,3,,,,,,,,3.1499300929352714,1.6156011454251944,62.69049023192115
UP35_SCORE80_NIKKEION_TP4.0_SL1.25_H3,OOS,2026-08-07,4385.T,LOSS,-5.558913187541414,2,,,,,,,,4.367130550033135,1.6538247428580348,68.6886868287226
UP35_SCORE80_NIKKEION_TP4.0_SL1.25_H3,OOS,2026-08-19,7733.T,TIMEOUT_LOSS,-1.4194444444444398,3,,,,,,,,3.0885917585424956,1.6234926575406274,73.68219655203487
UP35_SCORE80_NIKKEION_TP4.0_SL1.25_H3,OOS,2026-08-20,9503.T,TIMEOUT_LOSS,-1.4119814779085527,3,,,,,,,,2.495927012056047,2.2513870022629847,68.82612441044722
UP35_SCORE80_NIKKEION_TP4.0_SL1.25_H3,OOS,2026-08-21,9107.T,LOSS,-3.4471318746304047,2,,,,,,,,2.7704356338717595,1.7388483285442442,83.14583533959757
UP35_SCORE80_NIKKEION_TP4.0_SL1.0_H3,OOS,2025-01-07,6361.T,HOLD,4.500415322065588,3,,,,,,,,3.0344870978700644,1.5540306547809914,69.68237100344051
UP35_SCORE80_NIKKEION_TP4.0_SL1.0_H3,OOS,2025-01-08,8795.T,TIMEOUT_LOSS,-1.4566383777832592,3,,,,,,,,2.3817532403073454,1.6252906152537567,66.33757123022335
UP35_SCORE80_NIKKEION_TP4.0_SL1.0_H3,OOS,2025-01-09,9104.T,HOLD,4.3739994338564685,3,,,,,,,,2.3601397927174235,2.303366546812504,53.51842069648761
UP35_SCORE80_NIKKEION_TP4.0_SL1.0_H3,OOS,2025-01-24,3861.T,WIN,6.586373639847854,1,,,,,,,,1.6715934099619616,1.5865320570697934,66.8685683129112
UP35_SCORE80_NIKKEION_TP4.0_SL1.0_H3,OOS,2025-01-30,4751.T,LOSS,-2.9431248757656125,2,,,,,,,,2.8431248757656196,4.081891498888597,69.04824941242198
UP35_SCORE80_NIKKEION_TP4.0_SL1.0_H3,OOS,2025-03-21,4385.T,HOLD,2.1123035125169776,3,,,,,,,,4.145307259034237,2.4655023063732733,66.31883943224122
UP35_SCORE80_NIKKEION_TP4.0_SL1.0_H3,OOS,2025-03-24,4751.T,LOSS,-2.932364094939921,1,,,,,,,,2.9149253952286625,1.9007218122481095,75.37892835218852
UP35_SCORE80_NIKKEION_TP4.0_SL1.0_H3,OOS,2025-05-29,9201.T,HOLD,4.5441767498590195,3,,,,,,,,1.6846158564918297,1.5260580709535156,71.70576454433363
UP35_SCORE80_NIKKEION_TP4.0_SL1.0_H3,OOS,2025-05-30,7013.T,WIN,13.058883619610883,3,,,,,,,,3.289720904902723,1.7908171365978596,74.63157620760738
UP35_SCORE80_NIKKEION_TP4.0_SL1.0_H3,OOS,2025-06-02,3697.T,TIMEOUT_LOSS,-0.44399044228118345,3,,,,,,,,3.63966401330722,2.587217881109101,78.03906924168916
UP35_SCORE80_NIKKEION_TP4.0_SL1.0_H3,OOS,2025-06-03,7013.T,HOLD,2.3686013650136117,3,,,,,,,,3.4455378792869715,1.7152741017975233,83.10167158544998
UP35_SCORE80_NIKKEION_TP4.0_SL1.0_H3,OOS,2025-06-04,7453.T,HOLD,4.848760491573712,3,,,,,,,,2.714160641857595,1.9209734713929407,80.33942361288243
UP35_SCORE80_NIKKEION_TP4.0_SL1.0_H3,OOS,2025-06-11,7453.T,HOLD,4.27637755646112,3,,,,,,,,2.5569273609591754,2.15140636389027,83.64905537618978
UP35_SCORE80_NIKKEION_TP4.0_SL1.0_H3,OOS,2025-06-12,4506.T,TIMEOUT_LOSS,-1.3560386473429942,3,,,,,,,,6.086956521739132,2.1240639958886773,70.77155149941125
UP35_SCORE80_NIKKEION_TP4.0_SL1.0_H3,OOS,2025-06-13,8830.T,HOLD,3.2870001835784035,3,,,,,,,,2.574363210129471,1.6238656392477897,65.75959855157399
UP35_SCORE80_NIKKEION_TP4.0_SL1.0_H3,OOS,2025-06-18,3861.T,HOLD,4.169297538534312,3,,,,,,,,1.8513492167734273,2.0968177997068302,67.7082662154782
UP35_SCORE80_NIKKEION_TP4.0_SL1.0_H3,OOS,2025-06-20,4689.T,LOSS,-2.5487899106094725,3,,,,,,,,2.4487899106094764,2.1632369903193087,54.42341748198848
UP35_SCORE80_NIKKEION_TP4.0_SL1.0_H3,OOS,2025-06-25,4751.T,HOLD,2.39925344375137,3,,,,,,,,2.448224232485326,1.7507590069680168,78.27118475379257
UP35_SCORE80_NIKKEION_TP4.0_SL1.0_H3,OOS,2025-06-27,5101.T,HOLD,8.024273079530031,3,,,,,,,,2.392092176789033,3.8182021755794224,77.67390231233243
UP35_SCORE80_NIKKEION_TP4.0_SL1.0_H3,OOS,2025-09-16,7741.T,LOSS,-2.213794720183482,3,,,,,,,,2.1137947201834777,1.567245736663555,78.16053637951188
UP35_SCORE80_NIKKEION_TP4.0_SL1.0_H3,OOS,2025-09-18,8233.T,WIN,6.277358818308543,2,,,,,,,,1.594339704577134,1.7612307692307692,91.60368494024142
UP35_SCORE80_NIKKEION_TP4.0_SL1.0_H3,OOS,2025-09-19,8058.T,HOLD,2.194762432866215,3,,,,,,,,1.788921145908784,2.327191327173824,73.90993792107463
UP35_SCORE80_NIKKEION_TP4.0_SL1.0_H3,OOS,2025-09-24,7269.T,HOLD,0.5450070369343974,3,,,,,,,,2.2629887439238106,2.2592553185441,82.23862799290006
UP35_SCORE80_NIKKEION_TP4.0_SL1.0_H3,OOS,2025-09-25,5711.T,LOSS,-2.20835928941705,2,,,,,,,,2.108359289417046,4.151071183131978,79.09651586202618
UP35_SCORE80_NIKKEION_TP4.0_SL1.0_H3,OOS,2025-09-26,8331.T,LOSS,-2.018665753621496,3,,,,,,,,1.9186657536214884,1.6157930876630808,69.07485595803402
UP35_SCORE80_NIKKEION_TP4.0_SL1.0_H3,OOS,2025-09-29,6302.T,LOSS,-2.0238904598249507,2,,,,,,,,1.9238904598249507,1.645873811228142,70.66536814973965
UP35_SCORE80_NIKKEION_TP4.0_SL1.0_H3,OOS,2025-09-30,6361.T,HOLD,7.641451014184509,3,,,,,,,,2.6803830232856,2.813752314622889,73.71408892688454
UP35_SCORE80_NIKKEION_TP4.0_SL1.0_H3,OOS,2025-10-03,3436.T,TIMEOUT_LOSS,-0.9814757956848051,3,,,,,,,,5.209448177264275,1.9842407165140383,68.61342103351534
UP35_SCORE80_NIKKEION_TP4.0_SL1.0_H3,OOS,2025-10-15,8267.T,WIN,10.478931208930343,2,,,,,,,,2.6447328022325856,3.114625760960014,76.52249009026771
UP35_SCORE80_NIKKEION_TP4.0_SL1.0_H3,OOS,2025-10-17,9502.T,HOLD,1.3887519243860003,3,,,,,,,,2.1291832326635713,1.6332162684769416,58.50188123888368
UP35_SCORE80_NIKKEION_TP4.0_SL1.0_H3,OOS,2025-10-22,7203.T,HOLD,5.116352056268115,3,,,,,,,,2.1202396145680718,1.9647663592206088,67.00830846206745
UP35_SCORE80_NIKKEION_TP4.0_SL1.0_H3,OOS,2025-10-23,1963.T,HOLD,2.8133252403010123,3,,,,,,,,2.885925880850186,1.932891948159124,62.02249139463407
UP35_SCORE80_NIKKEION_TP4.0_SL1.0_H3,OOS,2025-10-30,8411.T,LOSS,-2.1723274263802272,3,,,,,,,,2.072327426380231,2.519498322780757,63.73919052151597
UP35_SCORE80_NIKKEION_TP4.0_SL1.0_H3,OOS,2025-11-05,8001.T,HOLD,2.752230099819186,3,,,,,,,,2.129825369514375,2.472603479055092,71.80151222253824
UP35_SCORE80_NIKKEION_TP4.0_SL1.0_H3,OOS,2025-11-07,1803.T,HOLD,9.747886740444434,3,,,,,,,,3.290381605043365,2.68677935743871,64.40954601558369
UP35_SCORE80_NIKKEION_TP4.0_SL1.0_H3,OOS,2025-11-10,7270.T,HOLD,7.601109275206975,3,,,,,,,,2.658051446991701,2.7772101561407005,65.01760632479895
UP35_SCORE80_NIKKEION_TP4.0_SL1.0_H3,OOS,2025-11-12,5706.T,HOLD,11.27808057618679,3,,,,,,,,5.614894184217811,4.21194577004756,74.99619411222699
UP35_SCORE80_NIKKEION_TP4.0_SL1.0_H3,OOS,2025-11-14,5706.T,TIMEOUT_LOSS,-0.14934741465433268,3,,,,,,,,6.069893005466853,1.940307588304884,75.95058471949552
UP35_SCORE80_NIKKEION_TP4.0_SL1.0_H3,OOS,2025-12-09,6506.T,HOLD,1.8648566149694124,3,,,,,,,,3.636145168050938,2.308766845945544,76.76832455304144
UP35_SCORE80_NIKKEION_TP4.0_SL1.0_H3,OOS,2025-12-10,4902.T,HOLD,7.017232504082494,3,,,,,,,,3.0449931792195946,1.6923429403382086,69.30195209769802
UP35_SCORE80_NIKKEION_TP4.0_SL1.0_H3,OOS,2025-12-11,6752.T,HOLD,1.5963772022196232,3,,,,,,,,3.2809941781548835,2.082473388498875,67.99135576721709
UP35_SCORE80_NIKKEION_TP4.0_SL1.0_H3,OOS,2025-12-24,5713.T,HOLD,4.582550075006265,3,,,,,,,,3.406190358409189,2.5660791456872367,73.53133858261316
UP35_SCORE80_NIKKEION_TP4.0_SL1.0_H3,OOS,2025-12-29,5713.T,LOSS,-3.594783642097077,1,,,,,,,,3.494783642097062,2.025061863335196,73.06969198997692
UP35_SCORE80_NIKKEION_TP4.0_SL1.0_H3,OOS,2026-01-06,5713.T,HOLD,3.264259825324889,3,,,,,,,,3.8072666968698674,1.501831984027732,72.45624489738255
UP35_SCORE80_NIKKEION_TP4.0_SL1.0_H3,OOS,2026-01-07,285A.T,HOLD,7.7408195429471975,3,,,,,,,,7.00814289466772,1.6083974186275565,67.02302402919813
UP35_SCORE80_NIKKEION_TP4.0_SL1.0_H3,OOS,2026-01-08,5706.T,HOLD,6.875686059783515,3,,,,,,,,4.887590266109957,2.086612521353433,65.32212266481312
UP35_SCORE80_NIKKEION_TP4.0_SL1.0_H3,OOS,2026-01-09,4506.T,LOSS,-4.791527753909607,1,,,,,,,,4.691527753909605,1.896698305908159,75.47901105043854
UP35_SCORE80_NIKKEION_TP4.0_SL1.0_H3,OOS,2026-01-13,6920.T,HOLD,10.948173148578666,3,,,,,,,,4.299827285479877,1.910231975136936,62.388725365374334
UP35_SCORE80_NIKKEION_TP4.0_SL1.0_H3,OOS,2026-01-15,2768.T,LOSS,-2.4669300303039154,1,,,,,,,,2.3669300303039114,2.619839080339428,89.04098011715018
UP35_SCORE80_NIKKEION_TP4.0_SL1.0_H3,OOS,2026-01-16,6752.T,HOLD,1.8471401903388807,3,,,,,,,,3.0474502634836753,1.5093582492180166,67.15062113994684
UP35_SCORE80_NIKKEION_TP4.0_SL1.0_H3,OOS,2026-01-21,5713.T,LOSS,-3.7916390072785466,1,,,,,,,,3.69163900727855,1.5306670653143788,80.97231027999209
UP35_SCORE80_NIKKEION_TP4.0_SL1.0_H3,OOS,2026-01-22,3436.T,LOSS,-4.108967247910233,2,,,,,,,,4.00896724791023,2.043114661561871,69.76679418916189
UP35_SCORE80_NIKKEION_TP4.0_SL1.0_H3,OOS,2026-01-26,5801.T,HOLD,10.5928890620811,3,,,,,,,,4.511758092834476,2.2098227364303,74.12028125769359
UP35_SCORE80_NIKKEION_TP4.0_SL1.0_H3,OOS,2026-01-27,6857.T,WIN,16.062606662240185,2,,,,,,,,4.040651665560047,1.5400502235978204,69.03225604930759
UP35_SCORE80_NIKKEION_TP4.0_SL1.0_H3,OOS,2026-01-28,6857.T,LOSS,-4.037376128286329,3,,,,,,,,3.9373761282863295,1.5263652404578067,70.9913959351506
UP35_SCORE80_NIKKEION_TP4.0_SL1.0_H3,OOS,2026-01-29,6857.T,LOSS,-4.563139999360688,1,,,,,,,,4.463139999360691,2.178536434428343,74.85668050032139
UP35_SCORE80_NIKKEION_TP4.0_SL1.0_H3,OOS,2026-01-30,5713.T,LOSS,-4.8612657840299445,1,,,,,,,,4.7612657840299475,3.6103269800317297,74.50943365530547
UP35_SCORE80_NIKKEION_TP4.0_SL1.0_H3,OOS,2026-02-02,7735.T,HOLD,4.0279715269023635,3,,,,,,,,4.560189952500774,1.8495595304408825,68.59055209759605
UP35_SCORE80_NIKKEION_TP4.0_SL1.0_H3,OOS,2026-02-03,5802.T,LOSS,-4.524674049575639,2,,,,,,,,4.424674049575642,3.010246808950368,68.79785747269574
UP35_SCORE80_NIKKEION_TP4.0_SL1.0_H3,OOS,2026-02-04,5801.T,LOSS,-5.486403910158943,1,,,,,,,,5.386403910158943,1.5192891350758757,75.4758725587808
UP35_SCORE80_NIKKEION_TP4.0_SL1.0_H3,OOS,2026-02-05,6723.T,HOLD,7.7076992589914965,3,,,,,,,,4.427977589011389,2.899876454319508,68.35429480373276
UP35_SCORE80_NIKKEION_TP4.0_SL1.0_H3,OOS,2026-02-06,7012.T,WIN,16.959369962981697,1,,,,,,,,4.264842490745427,1.5729208673694408,67.4593315275623
UP35_SCORE80_NIKKEION_TP4.0_SL1.0_H3,OOS,2026-02-09,7011.T,HOLD,1.4156975856310372,3,,,,,,,,3.5588419305099186,1.821831266374637,67.86371296488446
UP35_SCORE80_NIKKEION_TP4.0_SL1.0_H3,OOS,2026-02-10,5233.T,HOLD,4.056214558828953,3,,,,,,,,3.071848312888825,2.7712569058204206,72.48728009612753
UP35_SCORE80_NIKKEION_TP4.0_SL1.0_H3,OOS,2026-02-13,5711.T,LOSS,-4.058054789779675,2,,,,,,,,3.958054789779671,2.6456203776770475,76.9767831666048
UP35_SCORE80_NIKKEION_TP4.0_SL1.0_H3,OOS,2026-02-17,5332.T,HOLD,3.870636319607834,3,,,,,,,,3.231212213341772,2.151003999631748,77.22017773778106
UP35_SCORE80_NIKKEION_TP4.0_SL1.0_H3,OOS,2026-02-18,6981.T,HOLD,13.00693450628766,3,,,,,,,,3.725848504079088,1.897054344978015,67.79124849963043
UP35_SCORE80_NIKKEION_TP4.0_SL1.0_H3,OOS,2026-02-19,5631.T,TIMEOUT_LOSS,-2.143340854565845,3,,,,,,,,4.623899387028141,2.0618150590496898,61.190988407760656
UP35_SCORE80_NIKKEION_TP4.0_SL1.0_H3,OOS,2026-02-20,7532.T,HOLD,1.9497587089616464,3,,,,,,,,2.5387030613319705,1.6109721312790437,66.04613180492257
UP35_SCORE80_NIKKEION_TP4.0_SL1.0_H3,OOS,2026-02-24,6361.T,LOSS,-3.9112094395280295,3,,,,,,,,3.811209439528026,1.506715160356746,67.6016226481249
UP35_SCORE80_NIKKEION_TP4.0_SL1.0_H3,OOS,2026-02-25,4062.T,LOSS,-5.682404418100006,1,,,,,,,,5.582404418100021,1.5450492830876352,65.06453665607634
UP35_SCORE80_NIKKEION_TP4.0_SL1.0_H3,OOS,2026-02-27,7741.T,LOSS,-3.1084744770775163,3,,,,,,,,3.008474477077505,1.8376525219335265,59.53660464640956
UP35_SCORE80_NIKKEION_TP4.0_SL1.0_H3,OOS,2026-06-12,8316.T,HOLD,0.5868560724320849,3,,,,,,,,2.7838484753876553,1.524263130004523,68.57004335868862
UP35_SCORE80_NIKKEION_TP4.0_SL1.0_H3,OOS,2026-06-24,6752.T,TIMEOUT_LOSS,-1.4695554557700996,3,,,,,,,,4.737314773237541,1.689110155324136,69.19046376889298
UP35_SCORE80_NIKKEION_TP4.0_SL1.0_H3,OOS,2026-06-30,6861.T,LOSS,-3.2499300929352715,3,,,,,,,,3.1499300929352714,1.6156011454251944,62.69049023192115
UP35_SCORE80_NIKKEION_TP4.0_SL1.0_H3,OOS,2026-08-07,4385.T,LOSS,-4.467130550033138,2,,,,,,,,4.367130550033135,1.6538247428580348,68.6886868287226
UP35_SCORE80_NIKKEION_TP4.0_SL1.0_H3,OOS,2026-08-19,7733.T,LOSS,-3.0960558252427273,1,,,,,,,,3.0885917585424956,1.6234926575406274,73.68219655203487
UP35_SCORE80_NIKKEION_TP4.0_SL1.0_H3,OOS,2026-08-20,9503.T,LOSS,-2.535147507629709,3,,,,,,,,2.495927012056047,2.2513870022629847,68.82612441044722
UP35_SCORE80_NIKKEION_TP4.0_SL1.0_H3,OOS,2026-08-21,9107.T,LOSS,-2.7957515717279557,2,,,,,,,,2.7704356338717595,1.7388483285442442,83.14583533959757
UP35_SCORE80_NIKKEION_TP4.0_SL1.5_H3,OOS,2025-01-07,6361.T,HOLD,4.500415322065588,3,,,,,,,,3.0344870978700644,1.5540306547809914,69.68237100344051
UP35_SCORE80_NIKKEION_TP4.0_SL1.5_H3,OOS,2025-01-08,8795.T,TIMEOUT_LOSS,-1.4566383777832592,3,,,,,,,,2.3817532403073454,1.6252906152537567,66.33757123022335
UP35_SCORE80_NIKKEION_TP4.0_SL1.5_H3,OOS,2025-01-09,9104.T,HOLD,4.3739994338564685,3,,,,,,,,2.3601397927174235,2.303366546812504,53.51842069648761
UP35_SCORE80_NIKKEION_TP4.0_SL1.5_H3,OOS,2025-01-24,3861.T,WIN,6.586373639847854,1,,,,,,,,1.6715934099619616,1.5865320570697934,66.8685683129112
UP35_SCORE80_NIKKEION_TP4.0_SL1.5_H3,OOS,2025-01-30,4751.T,LOSS,-4.36468731364843,2,,,,,,,,2.8431248757656196,4.081891498888597,69.04824941242198
UP35_SCORE80_NIKKEION_TP4.0_SL1.5_H3,OOS,2025-03-21,4385.T,HOLD,2.1123035125169776,3,,,,,,,,4.145307259034237,2.4655023063732733,66.31883943224122
UP35_SCORE80_NIKKEION_TP4.0_SL1.5_H3,OOS,2025-03-24,4751.T,HOLD,0.43145815176793845,3,,,,,,,,2.9149253952286625,1.9007218122481095,75.37892835218852
UP35_SCORE80_NIKKEION_TP4.0_SL1.5_H3,OOS,2025-05-29,9201.T,HOLD,4.5441767498590195,3,,,,,,,,1.6846158564918297,1.5260580709535156,71.70576454433363
UP35_SCORE80_NIKKEION_TP4.0_SL1.5_H3,OOS,2025-05-30,7013.T,WIN,13.058883619610883,3,,,,,,,,3.289720904902723,1.7908171365978596,74.63157620760738
UP35_SCORE80_NIKKEION_TP4.0_SL1.5_H3,OOS,2025-06-02,3697.T,TIMEOUT_LOSS,-0.44399044228118345,3,,,,,,,,3.63966401330722,2.587217881109101,78.03906924168916
UP35_SCORE80_NIKKEION_TP4.0_SL1.5_H3,OOS,2025-06-03,7013.T,HOLD,2.3686013650136117,3,,,,,,,,3.4455378792869715,1.7152741017975233,83.10167158544998
UP35_SCORE80_NIKKEION_TP4.0_SL1.5_H3,OOS,2025-06-04,7453.T,HOLD,4.848760491573712,3,,,,,,,,2.714160641857595,1.9209734713929407,80.33942361288243
UP35_SCORE80_NIKKEION_TP4.0_SL1.5_H3,OOS,2025-06-11,7453.T,HOLD,4.27637755646112,3,,,,,,,,2.5569273609591754,2.15140636389027,83.64905537618978
UP35_SCORE80_NIKKEION_TP4.0_SL1.5_H3,OOS,2025-06-12,4506.T,TIMEOUT_LOSS,-1.3560386473429942,3,,,,,,,,6.086956521739132,2.1240639958886773,70.77155149941125
UP35_SCORE80_NIKKEION_TP4.0_SL1.5_H3,OOS,2025-06-13,8830.T,HOLD,3.2870001835784035,3,,,,,,,,2.574363210129471,1.6238656392477897,65.75959855157399
UP35_SCORE80_NIKKEION_TP4.0_SL1.5_H3,OOS,2025-06-18,3861.T,HOLD,4.169297538534312,3,,,,,,,,1.8513492167734273,2.0968177997068302,67.7082662154782
UP35_SCORE80_NIKKEION_TP4.0_SL1.5_H3,OOS,2025-06-20,4043.T,TIMEOUT_LOSS,-0.07169358675714879,3,,,,,,,,2.0594532824843954,1.7575036885336153,64.53438912963307
UP35_SCORE80_NIKKEION_TP4.0_SL1.5_H3,OOS,2025-06-25,4751.T,HOLD,2.39925344375137,3,,,,,,,,2.448224232485326,1.7507590069680168,78.27118475379257
UP35_SCORE80_NIKKEION_TP4.0_SL1.5_H3,OOS,2025-06-27,5101.T,HOLD,8.024273079530031,3,,,,,,,,2.392092176789033,3.8182021755794224,77.67390231233243
UP35_SCORE80_NIKKEION_TP4.0_SL1.5_H3,OOS,2025-09-16,7741.T,LOSS,-3.270692080275217,3,,,,,,,,2.1137947201834777,1.567245736663555,78.16053637951188
UP35_SCORE80_NIKKEION_TP4.0_SL1.5_H3,OOS,2025-09-18,8233.T,WIN,6.277358818308543,2,,,,,,,,1.594339704577134,1.7612307692307692,91.60368494024142
UP35_SCORE80_NIKKEION_TP4.0_SL1.5_H3,OOS,2025-09-19,8058.T,HOLD,2.194762432866215,3,,,,,,,,1.788921145908784,2.327191327173824,73.90993792107463
UP35_SCORE80_NIKKEION_TP4.0_SL1.5_H3,OOS,2025-09-24,7269.T,HOLD,0.5450070369343974,3,,,,,,,,2.2629887439238106,2.2592553185441,82.23862799290006
UP35_SCORE80_NIKKEION_TP4.0_SL1.5_H3,OOS,2025-09-25,5711.T,TIMEOUT_LOSS,-0.5479048473199576,3,,,,,,,,2.108359289417046,4.151071183131978,79.09651586202618
UP35_SCORE80_NIKKEION_TP4.0_SL1.5_H3,OOS,2025-09-26,8331.T,LOSS,-2.9779986304322326,3,,,,,,,,1.9186657536214884,1.6157930876630808,69.07485595803402
UP35_SCORE80_NIKKEION_TP4.0_SL1.5_H3,OOS,2025-09-29,6302.T,LOSS,-2.985835689737426,2,,,,,,,,1.9238904598249507,1.645873811228142,70.66536814973965
UP35_SCORE80_NIKKEION_TP4.0_SL1.5_H3,OOS,2025-09-30,6361.T,HOLD,7.641451014184509,3,,,,,,,,2.6803830232856,2.813752314622889,73.71408892688454
UP35_SCORE80_NIKKEION_TP4.0_SL1.5_H3,OOS,2025-10-03,3436.T,TIMEOUT_LOSS,-0.9814757956848051,3,,,,,,,,5.209448177264275,1.9842407165140383,68.61342103351534
UP35_SCORE80_NIKKEION_TP4.0_SL1.5_H3,OOS,2025-10-15,8267.T,WIN,10.478931208930343,2,,,,,,,,2.6447328022325856,3.114625760960014,76.52249009026771
UP35_SCORE80_NIKKEION_TP4.0_SL1.5_H3,OOS,2025-10-17,9502.T,HOLD,1.3887519243860003,3,,,,,,,,2.1291832326635713,1.6332162684769416,58.50188123888368
UP35_SCORE80_NIKKEION_TP4.0_SL1.5_H3,OOS,2025-10-22,7203.T,HOLD,5.116352056268115,3,,,,,,,,2.1202396145680718,1.9647663592206088,67.00830846206745
UP35_SCORE80_NIKKEION_TP4.0_SL1.5_H3,OOS,2025-10-23,6302.T,WIN,10.310647597945744,1,,,,,,,,2.602661899486436,5.609340234110477,76.578236544604
UP35_SCORE80_NIKKEION_TP4.0_SL1.5_H3,OOS,2025-10-30,8411.T,LOSS,-3.2084911395703464,3,,,,,,,,2.072327426380231,2.519498322780757,63.73919052151597
UP35_SCORE80_NIKKEION_TP4.0_SL1.5_H3,OOS,2025-11-05,8001.T,HOLD,2.752230099819186,3,,,,,,,,2.129825369514375,2.472603479055092,71.80151222253824
UP35_SCORE80_NIKKEION_TP4.0_SL1.5_H3,OOS,2025-11-07,1803.T,HOLD,9.747886740444434,3,,,,,,,,3.290381605043365,2.68677935743871,64.40954601558369
UP35_SCORE80_NIKKEION_TP4.0_SL1.5_H3,OOS,2025-11-10,7270.T,HOLD,7.601109275206975,3,,,,,,,,2.658051446991701,2.7772101561407005,65.01760632479895
UP35_SCORE80_NIKKEION_TP4.0_SL1.5_H3,OOS,2025-11-12,5706.T,HOLD,11.27808057618679,3,,,,,,,,5.614894184217811,4.21194577004756,74.99619411222699
UP35_SCORE80_NIKKEION_TP4.0_SL1.5_H3,OOS,2025-11-14,5706.T,TIMEOUT_LOSS,-0.14934741465433268,3,,,,,,,,6.069893005466853,1.940307588304884,75.95058471949552
UP35_SCORE80_NIKKEION_TP4.0_SL1.5_H3,OOS,2025-12-09,6506.T,HOLD,1.8648566149694124,3,,,,,,,,3.636145168050938,2.308766845945544,76.76832455304144
UP35_SCORE80_NIKKEION_TP4.0_SL1.5_H3,OOS,2025-12-10,4902.T,HOLD,7.017232504082494,3,,,,,,,,3.0449931792195946,1.6923429403382086,69.30195209769802
UP35_SCORE80_NIKKEION_TP4.0_SL1.5_H3,OOS,2025-12-11,6752.T,HOLD,1.5963772022196232,3,,,,,,,,3.2809941781548835,2.082473388498875,67.99135576721709
UP35_SCORE80_NIKKEION_TP4.0_SL1.5_H3,OOS,2025-12-24,5713.T,HOLD,4.582550075006265,3,,,,,,,,3.406190358409189,2.5660791456872367,73.53133858261316
UP35_SCORE80_NIKKEION_TP4.0_SL1.5_H3,OOS,2025-12-29,5713.T,HOLD,7.503343431110577,3,,,,,,,,3.494783642097062,2.025061863335196,73.06969198997692
UP35_SCORE80_NIKKEION_TP4.0_SL1.5_H3,OOS,2026-01-06,5711.T,HOLD,1.8535419452918478,3,,,,,,,,3.0148771425337895,2.160571263147737,76.47766355687466
UP35_SCORE80_NIKKEION_TP4.0_SL1.5_H3,OOS,2026-01-07,285A.T,HOLD,7.7408195429471975,3,,,,,,,,7.00814289466772,1.6083974186275565,67.02302402919813
UP35_SCORE80_NIKKEION_TP4.0_SL1.5_H3,OOS,2026-01-08,5706.T,HOLD,6.875686059783515,3,,,,,,,,4.887590266109957,2.086612521353433,65.32212266481312
UP35_SCORE80_NIKKEION_TP4.0_SL1.5_H3,OOS,2026-01-09,4506.T,TIMEOUT_LOSS,-2.4887265853239415,3,,,,,,,,4.691527753909605,1.896698305908159,75.47901105043854
UP35_SCORE80_NIKKEION_TP4.0_SL1.5_H3,OOS,2026-01-13,6920.T,HOLD,10.948173148578666,3,,,,,,,,4.299827285479877,1.910231975136936,62.388725365374334
UP35_SCORE80_NIKKEION_TP4.0_SL1.5_H3,OOS,2026-01-15,2768.T,TIMEOUT_LOSS,-0.935709002461471,3,,,,,,,,2.3669300303039114,2.619839080339428,89.04098011715018
UP35_SCORE80_NIKKEION_TP4.0_SL1.5_H3,OOS,2026-01-16,6752.T,HOLD,1.8471401903388807,3,,,,,,,,3.0474502634836753,1.5093582492180166,67.15062113994684
UP35_SCORE80_NIKKEION_TP4.0_SL1.5_H3,OOS,2026-01-21,5713.T,HOLD,3.2161859355924416,3,,,,,,,,3.69163900727855,1.5306670653143788,80.97231027999209
UP35_SCORE80_NIKKEION_TP4.0_SL1.5_H3,OOS,2026-01-22,3436.T,LOSS,-6.113450871865345,2,,,,,,,,4.00896724791023,2.043114661561871,69.76679418916189
UP35_SCORE80_NIKKEION_TP4.0_SL1.5_H3,OOS,2026-01-26,5801.T,HOLD,10.5928890620811,3,,,,,,,,4.511758092834476,2.2098227364303,74.12028125769359
UP35_SCORE80_NIKKEION_TP4.0_SL1.5_H3,OOS,2026-01-27,6857.T,WIN,16.062606662240185,2,,,,,,,,4.040651665560047,1.5400502235978204,69.03225604930759
UP35_SCORE80_NIKKEION_TP4.0_SL1.5_H3,OOS,2026-01-28,6857.T,TIMEOUT_LOSS,-4.806017939757423,3,,,,,,,,3.9373761282863295,1.5263652404578067,70.9913959351506
UP35_SCORE80_NIKKEION_TP4.0_SL1.5_H3,OOS,2026-01-29,6857.T,LOSS,-6.794709999041038,2,,,,,,,,4.463139999360691,2.178536434428343,74.85668050032139
UP35_SCORE80_NIKKEION_TP4.0_SL1.5_H3,OOS,2026-01-30,5713.T,LOSS,-7.241898676044922,1,,,,,,,,4.7612657840299475,3.6103269800317297,74.50943365530547
UP35_SCORE80_NIKKEION_TP4.0_SL1.5_H3,OOS,2026-02-02,7735.T,HOLD,4.0279715269023635,3,,,,,,,,4.560189952500774,1.8495595304408825,68.59055209759605
UP35_SCORE80_NIKKEION_TP4.0_SL1.5_H3,OOS,2026-02-03,5802.T,TIMEOUT_LOSS,-0.5097333253963331,3,,,,,,,,4.424674049575642,3.010246808950368,68.79785747269574
UP35_SCORE80_NIKKEION_TP4.0_SL1.5_H3,OOS,2026-02-04,5801.T,HOLD,15.137313224679405,3,,,,,,,,5.386403910158943,1.5192891350758757,75.4758725587808
UP35_SCORE80_NIKKEION_TP4.0_SL1.5_H3,OOS,2026-02-05,6723.T,HOLD,7.7076992589914965,3,,,,,,,,4.427977589011389,2.899876454319508,68.35429480373276
UP35_SCORE80_NIKKEION_TP4.0_SL1.5_H3,OOS,2026-02-06,7012.T,WIN,16.959369962981697,1,,,,,,,,4.264842490745427,1.5729208673694408,67.4593315275623
UP35_SCORE80_NIKKEION_TP4.0_SL1.5_H3,OOS,2026-02-09,7011.T,HOLD,1.4156975856310372,3,,,,,,,,3.5588419305099186,1.821831266374637,67.86371296488446
UP35_SCORE80_NIKKEION_TP4.0_SL1.5_H3,OOS,2026-02-10,5233.T,HOLD,4.056214558828953,3,,,,,,,,3.071848312888825,2.7712569058204206,72.48728009612753
UP35_SCORE80_NIKKEION_TP4.0_SL1.5_H3,OOS,2026-02-13,6273.T,HOLD,1.3154829101722165,3,,,,,,,,3.609963528093507,2.1901969462270414,71.82240758823562
UP35_SCORE80_NIKKEION_TP4.0_SL1.5_H3,OOS,2026-02-17,5332.T,HOLD,3.870636319607834,3,,,,,,,,3.231212213341772,2.151003999631748,77.22017773778106
UP35_SCORE80_NIKKEION_TP4.0_SL1.5_H3,OOS,2026-02-18,6981.T,HOLD,13.00693450628766,3,,,,,,,,3.725848504079088,1.897054344978015,67.79124849963043
UP35_SCORE80_NIKKEION_TP4.0_SL1.5_H3,OOS,2026-02-19,5631.T,TIMEOUT_LOSS,-2.143340854565845,3,,,,,,,,4.623899387028141,2.0618150590496898,61.190988407760656
UP35_SCORE80_NIKKEION_TP4.0_SL1.5_H3,OOS,2026-02-20,7532.T,HOLD,1.9497587089616464,3,,,,,,,,2.5387030613319705,1.6109721312790437,66.04613180492257
UP35_SCORE80_NIKKEION_TP4.0_SL1.5_H3,OOS,2026-02-24,6361.T,TIMEOUT_LOSS,-2.011504424778765,3,,,,,,,,3.811209439528026,1.506715160356746,67.6016226481249
UP35_SCORE80_NIKKEION_TP4.0_SL1.5_H3,OOS,2026-02-25,4062.T,TIMEOUT_LOSS,-2.8660122896263296,3,,,,,,,,5.582404418100021,1.5450492830876352,65.06453665607634
UP35_SCORE80_NIKKEION_TP4.0_SL1.5_H3,OOS,2026-02-27,7741.T,TIMEOUT_LOSS,-2.4990339809548345,3,,,,,,,,3.008474477077505,1.8376525219335265,59.53660464640956
UP35_SCORE80_NIKKEION_TP4.0_SL1.5_H3,OOS,2026-06-12,8316.T,HOLD,0.5868560724320849,3,,,,,,,,2.7838484753876553,1.524263130004523,68.57004335868862
UP35_SCORE80_NIKKEION_TP4.0_SL1.5_H3,OOS,2026-06-24,6752.T,TIMEOUT_LOSS,-1.4695554557700996,3,,,,,,,,4.737314773237541,1.689110155324136,69.19046376889298
UP35_SCORE80_NIKKEION_TP4.0_SL1.5_H3,OOS,2026-06-30,6861.T,TIMEOUT_LOSS,-1.0375771033802161,3,,,,,,,,3.1499300929352714,1.6156011454251944,62.69049023192115
UP35_SCORE80_NIKKEION_TP4.0_SL1.5_H3,OOS,2026-08-07,4385.T,LOSS,-6.650695825049701,2,,,,,,,,4.367130550033135,1.6538247428580348,68.6886868287226
UP35_SCORE80_NIKKEION_TP4.0_SL1.5_H3,OOS,2026-08-19,7733.T,TIMEOUT_LOSS,-1.4194444444444398,3,,,,,,,,3.0885917585424956,1.6234926575406274,73.68219655203487
UP35_SCORE80_NIKKEION_TP4.0_SL1.5_H3,OOS,2026-08-20,9503.T,TIMEOUT_LOSS,-1.4119814779085527,3,,,,,,,,2.495927012056047,2.2513870022629847,68.82612441044722
UP35_SCORE80_NIKKEION_TP4.0_SL1.5_H3,OOS,2026-08-21,9107.T,LOSS,-4.089849147046387,2,,,,,,,,2.7704356338717595,1.7388483285442442,83.14583533959757
